ISO-10303-21;
HEADER;
/* Generated by software containing ST-Developer
 * from STEP Tools, Inc. (www.steptools.com) 
 */

FILE_DESCRIPTION(
/* description */ (''),
/* implementation_level */ '2;1');

FILE_NAME(
/* name */ 
'/var/folders/lj/0c1qyxjj0xv8qkf4ldmpkq2r0000gn/T/com.autodesk.mas.fus
ion360/Neutron/fcd2e7e0-82c9-422f-9ecd-5a82074cef38.stp',
/* time_stamp */ '2017-08-24T22:45:05-07:00',
/* author */ (''),
/* organization */ (''),
/* preprocessor_version */ 'ST-DEVELOPER v16.13',
/* originating_system */ 'Autodesk Translation Framework v6.1.1.50',
/* authorisation */ '');

FILE_SCHEMA (('AUTOMOTIVE_DESIGN { 1 0 10303 214 3 1 1 }'));
ENDSEC;

DATA;
#10=MECHANICAL_DESIGN_GEOMETRIC_PRESENTATION_REPRESENTATION('',(#13),#5883);
#11=SHAPE_REPRESENTATION_RELATIONSHIP('SRR','None',#5889,#12);
#12=ADVANCED_BREP_SHAPE_REPRESENTATION('',(#14),#5882);
#13=STYLED_ITEM('',(#5898),#14);
#14=MANIFOLD_SOLID_BREP('Body3',#773);
#15=LINE('',#3212,#29);
#16=LINE('',#3226,#30);
#17=LINE('',#3229,#31);
#18=LINE('',#3272,#32);
#19=LINE('',#4215,#33);
#20=LINE('',#4256,#34);
#21=LINE('',#5037,#35);
#22=LINE('',#5040,#36);
#23=LINE('',#5043,#37);
#24=LINE('',#5078,#38);
#25=LINE('',#5092,#39);
#26=LINE('',#5815,#40);
#27=LINE('',#5836,#41);
#28=LINE('',#5838,#42);
#29=VECTOR('',#867,10.);
#30=VECTOR('',#868,10.);
#31=VECTOR('',#871,10.);
#32=VECTOR('',#874,10.);
#33=VECTOR('',#887,10.);
#34=VECTOR('',#888,10.);
#35=VECTOR('',#921,10.);
#36=VECTOR('',#924,10.);
#37=VECTOR('',#927,10.);
#38=VECTOR('',#930,10.);
#39=VECTOR('',#933,10.);
#40=VECTOR('',#942,10.);
#41=VECTOR('',#943,10.);
#42=VECTOR('',#946,10.);
#43=(
BOUNDED_SURFACE()
B_SPLINE_SURFACE(5,1,((#3171,#3172),(#3173,#3174),(#3175,#3176),(#3177,
#3178),(#3179,#3180),(#3181,#3182),(#3183,#3184),(#3185,#3186),(#3187,#3188),
(#3189,#3190),(#3191,#3192),(#3193,#3194),(#3195,#3196),(#3197,#3198),(#3199,
#3200),(#3201,#3202),(#3203,#3204),(#3205,#3206),(#3207,#3208),(#3209,#3210)),
 .UNSPECIFIED.,.F.,.F.,.F.)
B_SPLINE_SURFACE_WITH_KNOTS((6,1,1,1,1,1,1,1,1,1,1,1,1,1,1,6),(2,2),(-1.,
-0.933333333333333,-0.866666666666667,-0.8,-0.733333333333333,-0.666666666666667,
-0.6,-0.533333333333333,-0.466666666666667,-0.4,-0.333333333333333,-0.266666666666667,
-0.2,-0.133333333333333,-0.0666666666666667,0.),(-0.2,0.2),
 .UNSPECIFIED.)
GEOMETRIC_REPRESENTATION_ITEM()
RATIONAL_B_SPLINE_SURFACE(((1.,1.),(1.,1.),(1.,1.),(1.,1.),(1.,1.),(1.,
1.),(1.,1.),(1.,1.),(1.,1.),(1.,1.),(1.,1.),(1.,1.),(1.,1.),(1.,1.),(1.,
1.),(1.,1.),(1.,1.),(1.,1.),(1.,1.),(1.,1.)))
REPRESENTATION_ITEM('')
SURFACE()
);
#44=(
BOUNDED_SURFACE()
B_SPLINE_SURFACE(5,1,((#3231,#3232),(#3233,#3234),(#3235,#3236),(#3237,
#3238),(#3239,#3240),(#3241,#3242),(#3243,#3244),(#3245,#3246),(#3247,#3248),
(#3249,#3250),(#3251,#3252),(#3253,#3254),(#3255,#3256),(#3257,#3258),(#3259,
#3260),(#3261,#3262),(#3263,#3264),(#3265,#3266),(#3267,#3268),(#3269,#3270)),
 .UNSPECIFIED.,.F.,.F.,.F.)
B_SPLINE_SURFACE_WITH_KNOTS((6,1,1,1,1,1,1,1,1,1,1,1,1,1,1,6),(2,2),(0.,
0.0666666666666667,0.133333333333333,0.2,0.266666666666667,0.333333333333333,
0.4,0.466666666666667,0.533333333333333,0.6,0.666666666666667,0.733333333333333,
0.8,0.866666666666667,0.933333333333333,1.),(-0.2,0.2),.UNSPECIFIED.)
GEOMETRIC_REPRESENTATION_ITEM()
RATIONAL_B_SPLINE_SURFACE(((1.,1.),(1.,1.),(1.,1.),(1.,1.),(1.,1.),(1.,
1.),(1.,1.),(1.,1.),(1.,1.),(1.,1.),(1.,1.),(1.,1.),(1.,1.),(1.,1.),(1.,
1.),(1.,1.),(1.,1.),(1.,1.),(1.,1.),(1.,1.)))
REPRESENTATION_ITEM('')
SURFACE()
);
#45=(
BOUNDED_SURFACE()
B_SPLINE_SURFACE(5,1,((#4216,#4217),(#4218,#4219),(#4220,#4221),(#4222,
#4223),(#4224,#4225),(#4226,#4227),(#4228,#4229),(#4230,#4231),(#4232,#4233),
(#4234,#4235),(#4236,#4237),(#4238,#4239),(#4240,#4241),(#4242,#4243),(#4244,
#4245),(#4246,#4247),(#4248,#4249),(#4250,#4251),(#4252,#4253),(#4254,#4255)),
 .UNSPECIFIED.,.F.,.F.,.F.)
B_SPLINE_SURFACE_WITH_KNOTS((6,1,1,1,1,1,1,1,1,1,1,1,1,1,1,6),(2,2),(-1.,
-0.933333333333333,-0.866666666666667,-0.8,-0.733333333333333,-0.666666666666667,
-0.6,-0.533333333333333,-0.466666666666667,-0.4,-0.333333333333333,-0.266666666666667,
-0.2,-0.133333333333333,-0.0666666666666667,0.),(-0.2,0.2),
 .UNSPECIFIED.)
GEOMETRIC_REPRESENTATION_ITEM()
RATIONAL_B_SPLINE_SURFACE(((1.,1.),(1.,1.),(1.,1.),(1.,1.),(1.,1.),(1.,
1.),(1.,1.),(1.,1.),(1.,1.),(1.,1.),(1.,1.),(1.,1.),(1.,1.),(1.,1.),(1.,
1.),(1.,1.),(1.,1.),(1.,1.),(1.,1.),(1.,1.)))
REPRESENTATION_ITEM('')
SURFACE()
);
#46=FACE_BOUND('',#145,.T.);
#47=FACE_BOUND('',#146,.T.);
#48=FACE_BOUND('',#147,.T.);
#49=FACE_BOUND('',#148,.T.);
#50=FACE_BOUND('',#168,.T.);
#51=FACE_BOUND('',#169,.T.);
#52=FACE_BOUND('',#170,.T.);
#53=FACE_BOUND('',#171,.T.);
#54=FACE_BOUND('',#197,.T.);
#55=FACE_BOUND('',#199,.T.);
#56=PLANE('',#778);
#57=PLANE('',#802);
#58=B_SPLINE_SURFACE_WITH_KNOTS('',3,3,((#1069,#1070,#1071,#1072,#1073,
#1074,#1075,#1076,#1077,#1078,#1079,#1080,#1081,#1082,#1083,#1084,#1085,
#1086,#1087,#1088,#1089,#1090,#1091,#1092,#1093,#1094,#1095,#1096,#1097,
#1098,#1099,#1100,#1101,#1102,#1103,#1104,#1105,#1106,#1107,#1108,#1109,
#1110,#1111,#1112,#1113,#1114,#1115,#1116,#1117,#1118,#1119,#1120,#1121,
#1122,#1123,#1124),(#1125,#1126,#1127,#1128,#1129,#1130,#1131,#1132,#1133,
#1134,#1135,#1136,#1137,#1138,#1139,#1140,#1141,#1142,#1143,#1144,#1145,
#1146,#1147,#1148,#1149,#1150,#1151,#1152,#1153,#1154,#1155,#1156,#1157,
#1158,#1159,#1160,#1161,#1162,#1163,#1164,#1165,#1166,#1167,#1168,#1169,
#1170,#1171,#1172,#1173,#1174,#1175,#1176,#1177,#1178,#1179,#1180),(#1181,
#1182,#1183,#1184,#1185,#1186,#1187,#1188,#1189,#1190,#1191,#1192,#1193,
#1194,#1195,#1196,#1197,#1198,#1199,#1200,#1201,#1202,#1203,#1204,#1205,
#1206,#1207,#1208,#1209,#1210,#1211,#1212,#1213,#1214,#1215,#1216,#1217,
#1218,#1219,#1220,#1221,#1222,#1223,#1224,#1225,#1226,#1227,#1228,#1229,
#1230,#1231,#1232,#1233,#1234,#1235,#1236),(#1237,#1238,#1239,#1240,#1241,
#1242,#1243,#1244,#1245,#1246,#1247,#1248,#1249,#1250,#1251,#1252,#1253,
#1254,#1255,#1256,#1257,#1258,#1259,#1260,#1261,#1262,#1263,#1264,#1265,
#1266,#1267,#1268,#1269,#1270,#1271,#1272,#1273,#1274,#1275,#1276,#1277,
#1278,#1279,#1280,#1281,#1282,#1283,#1284,#1285,#1286,#1287,#1288,#1289,
#1290,#1291,#1292)),.UNSPECIFIED.,.F.,.F.,.F.,(4,4),(4,1,1,1,1,1,1,1,1,
1,1,1,1,1,1,1,1,1,1,1,1,1,1,1,1,1,1,1,1,1,1,1,1,1,1,1,1,1,1,1,1,1,1,1,1,
1,1,1,1,1,1,1,1,4),(0.,0.0321584099938621),(10.2101761241668,11.1967054628308,
12.1832348014949,13.1697641401589,14.1562934788229,15.142822817487,16.129352156151,
17.115881494815,18.102410833479,19.0889401721431,20.0754695108071,21.0619988494711,
22.0485281881352,23.0350575267992,24.0215868654632,25.0081162041273,25.9946455427913,
26.9811748814553,27.9677042201194,28.9542335587834,29.9407628974474,30.9272922361114,
31.9138215747755,32.9003509134395,33.8868802521035,34.8734095907676,35.8599389294316,
36.8464682680956,37.8329976067597,38.8195269454237,39.8060562840877,40.7925856227518,
41.7791149614158,42.7656443000798,43.7521736387438,44.7387029774079,45.7252323160719,
46.7117616547359,47.6982909934,48.684820332064,49.671349670728,50.6578790093921,
51.6444083480561,52.6309376867201,53.6174670253842,54.6039963640482,55.5905257027122,
56.5770550413762,57.5635843800403,58.5501137187043,59.5366430573683,60.5231723960324,
61.5097017346964,62.4962310733604),.UNSPECIFIED.);
#59=B_SPLINE_SURFACE_WITH_KNOTS('',3,3,((#1610,#1611,#1612,#1613,#1614,
#1615,#1616,#1617,#1618,#1619,#1620,#1621,#1622,#1623,#1624,#1625,#1626,
#1627,#1628,#1629,#1630,#1631,#1632,#1633,#1634,#1635,#1636,#1637,#1638,
#1639,#1640,#1641,#1642,#1643,#1644,#1645,#1646,#1647,#1648,#1649,#1650,
#1651,#1652,#1653,#1654,#1655,#1656,#1657,#1658,#1659,#1660,#1661,#1662,
#1663,#1664,#1665),(#1666,#1667,#1668,#1669,#1670,#1671,#1672,#1673,#1674,
#1675,#1676,#1677,#1678,#1679,#1680,#1681,#1682,#1683,#1684,#1685,#1686,
#1687,#1688,#1689,#1690,#1691,#1692,#1693,#1694,#1695,#1696,#1697,#1698,
#1699,#1700,#1701,#1702,#1703,#1704,#1705,#1706,#1707,#1708,#1709,#1710,
#1711,#1712,#1713,#1714,#1715,#1716,#1717,#1718,#1719,#1720,#1721),(#1722,
#1723,#1724,#1725,#1726,#1727,#1728,#1729,#1730,#1731,#1732,#1733,#1734,
#1735,#1736,#1737,#1738,#1739,#1740,#1741,#1742,#1743,#1744,#1745,#1746,
#1747,#1748,#1749,#1750,#1751,#1752,#1753,#1754,#1755,#1756,#1757,#1758,
#1759,#1760,#1761,#1762,#1763,#1764,#1765,#1766,#1767,#1768,#1769,#1770,
#1771,#1772,#1773,#1774,#1775,#1776,#1777),(#1778,#1779,#1780,#1781,#1782,
#1783,#1784,#1785,#1786,#1787,#1788,#1789,#1790,#1791,#1792,#1793,#1794,
#1795,#1796,#1797,#1798,#1799,#1800,#1801,#1802,#1803,#1804,#1805,#1806,
#1807,#1808,#1809,#1810,#1811,#1812,#1813,#1814,#1815,#1816,#1817,#1818,
#1819,#1820,#1821,#1822,#1823,#1824,#1825,#1826,#1827,#1828,#1829,#1830,
#1831,#1832,#1833)),.UNSPECIFIED.,.F.,.F.,.F.,(4,4),(4,1,1,1,1,1,1,1,1,
1,1,1,1,1,1,1,1,1,1,1,1,1,1,1,1,1,1,1,1,1,1,1,1,1,1,1,1,1,1,1,1,1,1,1,1,
1,1,1,1,1,1,1,1,4),(0.,0.0321584099938621),(13.687390776192,14.6739201148561,
15.6604494535201,16.6469787921841,17.6335081308482,18.6200374695122,19.6065668081762,
20.5930961468402,21.5796254855043,22.5661548241683,23.5526841628323,24.5392135014964,
25.5257428401604,26.5122721788244,27.4988015174885,28.4853308561525,29.4718601948165,
30.4583895334805,31.4449188721446,32.4314482108086,33.4179775494726,34.4045068881367,
35.3910362268007,36.3775655654647,37.3640949041288,38.3506242427928,39.3371535814568,
40.3236829201208,41.3102122587849,42.2967415974489,43.2832709361129,44.269800274777,
45.256329613441,46.242858952105,47.2293882907691,48.2159176294331,49.2024469680971,
50.1889763067611,51.1755056454252,52.1620349840892,53.1485643227532,54.1350936614173,
55.1216230000813,56.1081523387453,57.0946816774094,58.0812110160734,59.0677403547374,
60.0542696934015,61.0407990320655,62.0273283707295,63.0138577093935,64.0003870480576,
64.9869163867216,65.9734457253856),.UNSPECIFIED.);
#60=B_SPLINE_SURFACE_WITH_KNOTS('',3,3,((#2266,#2267,#2268,#2269,#2270,
#2271,#2272,#2273,#2274,#2275,#2276,#2277,#2278,#2279,#2280,#2281,#2282,
#2283,#2284,#2285,#2286,#2287,#2288,#2289,#2290,#2291),(#2292,#2293,#2294,
#2295,#2296,#2297,#2298,#2299,#2300,#2301,#2302,#2303,#2304,#2305,#2306,
#2307,#2308,#2309,#2310,#2311,#2312,#2313,#2314,#2315,#2316,#2317),(#2318,
#2319,#2320,#2321,#2322,#2323,#2324,#2325,#2326,#2327,#2328,#2329,#2330,
#2331,#2332,#2333,#2334,#2335,#2336,#2337,#2338,#2339,#2340,#2341,#2342,
#2343),(#2344,#2345,#2346,#2347,#2348,#2349,#2350,#2351,#2352,#2353,#2354,
#2355,#2356,#2357,#2358,#2359,#2360,#2361,#2362,#2363,#2364,#2365,#2366,
#2367,#2368,#2369),(#2370,#2371,#2372,#2373,#2374,#2375,#2376,#2377,#2378,
#2379,#2380,#2381,#2382,#2383,#2384,#2385,#2386,#2387,#2388,#2389,#2390,
#2391,#2392,#2393,#2394,#2395),(#2396,#2397,#2398,#2399,#2400,#2401,#2402,
#2403,#2404,#2405,#2406,#2407,#2408,#2409,#2410,#2411,#2412,#2413,#2414,
#2415,#2416,#2417,#2418,#2419,#2420,#2421),(#2422,#2423,#2424,#2425,#2426,
#2427,#2428,#2429,#2430,#2431,#2432,#2433,#2434,#2435,#2436,#2437,#2438,
#2439,#2440,#2441,#2442,#2443,#2444,#2445,#2446,#2447),(#2448,#2449,#2450,
#2451,#2452,#2453,#2454,#2455,#2456,#2457,#2458,#2459,#2460,#2461,#2462,
#2463,#2464,#2465,#2466,#2467,#2468,#2469,#2470,#2471,#2472,#2473),(#2474,
#2475,#2476,#2477,#2478,#2479,#2480,#2481,#2482,#2483,#2484,#2485,#2486,
#2487,#2488,#2489,#2490,#2491,#2492,#2493,#2494,#2495,#2496,#2497,#2498,
#2499)),.UNSPECIFIED.,.F.,.F.,.F.,(4,1,1,1,1,1,4),(4,1,1,1,1,1,1,1,1,1,
1,1,1,1,1,1,1,1,1,1,1,1,1,4),(0.,0.142857142857143,0.285714285714286,0.428571428571429,
0.571428571428571,0.857142857142857,1.),(-3.1933900378977E-7,0.0058849279644783,
0.0117701752679604,0.0235406698749246,0.0470816590888529,0.0941636375167096,
0.188327594372423,0.37665550808385,0.753311335506703,1.12996716292956,1.50662299035241,
1.75772687530098,2.00883076024955,2.25993464519812,2.76214241509526,3.01324630004383,
3.76655795488953,4.51986960973524,4.89652543715809,5.08485335086952,5.17901730772523,
5.22609928615309,5.24964027536702,5.27318126458095),.UNSPECIFIED.);
#61=B_SPLINE_SURFACE_WITH_KNOTS('',3,3,((#2549,#2550,#2551,#2552,#2553,
#2554,#2555,#2556,#2557,#2558),(#2559,#2560,#2561,#2562,#2563,#2564,#2565,
#2566,#2567,#2568),(#2569,#2570,#2571,#2572,#2573,#2574,#2575,#2576,#2577,
#2578),(#2579,#2580,#2581,#2582,#2583,#2584,#2585,#2586,#2587,#2588),(#2589,
#2590,#2591,#2592,#2593,#2594,#2595,#2596,#2597,#2598),(#2599,#2600,#2601,
#2602,#2603,#2604,#2605,#2606,#2607,#2608),(#2609,#2610,#2611,#2612,#2613,
#2614,#2615,#2616,#2617,#2618),(#2619,#2620,#2621,#2622,#2623,#2624,#2625,
#2626,#2627,#2628),(#2629,#2630,#2631,#2632,#2633,#2634,#2635,#2636,#2637,
#2638),(#2639,#2640,#2641,#2642,#2643,#2644,#2645,#2646,#2647,#2648)),
 .UNSPECIFIED.,.F.,.F.,.F.,(4,1,1,1,1,1,1,4),(4,1,1,1,1,1,1,4),(0.,0.142857142857143,
0.285714285714286,0.428571428571429,0.571428571428571,0.714285714285714,
0.857142857142857,1.),(-1.99057880530278,-1.4218420037877,-0.853105202272615,
-0.284368400757533,0.284368400757549,0.85310520227263,1.42184200378771,
1.99057880530279),.UNSPECIFIED.);
#62=B_SPLINE_SURFACE_WITH_KNOTS('',3,3,((#2661,#2662,#2663,#2664,#2665,
#2666,#2667,#2668,#2669,#2670,#2671,#2672),(#2673,#2674,#2675,#2676,#2677,
#2678,#2679,#2680,#2681,#2682,#2683,#2684),(#2685,#2686,#2687,#2688,#2689,
#2690,#2691,#2692,#2693,#2694,#2695,#2696),(#2697,#2698,#2699,#2700,#2701,
#2702,#2703,#2704,#2705,#2706,#2707,#2708),(#2709,#2710,#2711,#2712,#2713,
#2714,#2715,#2716,#2717,#2718,#2719,#2720),(#2721,#2722,#2723,#2724,#2725,
#2726,#2727,#2728,#2729,#2730,#2731,#2732),(#2733,#2734,#2735,#2736,#2737,
#2738,#2739,#2740,#2741,#2742,#2743,#2744),(#2745,#2746,#2747,#2748,#2749,
#2750,#2751,#2752,#2753,#2754,#2755,#2756),(#2757,#2758,#2759,#2760,#2761,
#2762,#2763,#2764,#2765,#2766,#2767,#2768),(#2769,#2770,#2771,#2772,#2773,
#2774,#2775,#2776,#2777,#2778,#2779,#2780)),.UNSPECIFIED.,.F.,.F.,.F.,(4,
1,1,1,1,1,1,4),(4,1,1,1,1,1,1,1,1,4),(0.,0.142857142857143,0.285714285714286,
0.428571428571429,0.571428571428571,0.714285714285714,0.857142857142857,
1.),(5.13051637738702E-16,0.550623879173361,1.10124775834672,1.65187163752008,
2.20249551669344,2.7531193958668,3.02843133545348,3.30374327504017,3.57905521462685,
3.85436715421353),.UNSPECIFIED.);
#63=B_SPLINE_SURFACE_WITH_KNOTS('',3,3,((#2804,#2805,#2806,#2807,#2808,
#2809,#2810,#2811,#2812,#2813),(#2814,#2815,#2816,#2817,#2818,#2819,#2820,
#2821,#2822,#2823),(#2824,#2825,#2826,#2827,#2828,#2829,#2830,#2831,#2832,
#2833),(#2834,#2835,#2836,#2837,#2838,#2839,#2840,#2841,#2842,#2843),(#2844,
#2845,#2846,#2847,#2848,#2849,#2850,#2851,#2852,#2853),(#2854,#2855,#2856,
#2857,#2858,#2859,#2860,#2861,#2862,#2863),(#2864,#2865,#2866,#2867,#2868,
#2869,#2870,#2871,#2872,#2873),(#2874,#2875,#2876,#2877,#2878,#2879,#2880,
#2881,#2882,#2883),(#2884,#2885,#2886,#2887,#2888,#2889,#2890,#2891,#2892,
#2893),(#2894,#2895,#2896,#2897,#2898,#2899,#2900,#2901,#2902,#2903)),
 .UNSPECIFIED.,.F.,.F.,.F.,(4,1,1,1,1,1,1,4),(4,1,1,1,1,1,1,4),(0.,0.142857142857143,
0.285714285714286,0.428571428571429,0.571428571428571,0.714285714285714,
0.857142857142857,1.),(-1.82190160917136,-1.30135829226525,-0.780814975359152,
-0.260271658453051,0.260271658453051,0.780814975359153,1.30135829226525,
1.82190160917136),.UNSPECIFIED.);
#64=B_SPLINE_SURFACE_WITH_KNOTS('',3,3,((#2916,#2917,#2918,#2919,#2920,
#2921,#2922,#2923,#2924,#2925,#2926,#2927,#2928),(#2929,#2930,#2931,#2932,
#2933,#2934,#2935,#2936,#2937,#2938,#2939,#2940,#2941),(#2942,#2943,#2944,
#2945,#2946,#2947,#2948,#2949,#2950,#2951,#2952,#2953,#2954),(#2955,#2956,
#2957,#2958,#2959,#2960,#2961,#2962,#2963,#2964,#2965,#2966,#2967),(#2968,
#2969,#2970,#2971,#2972,#2973,#2974,#2975,#2976,#2977,#2978,#2979,#2980),
(#2981,#2982,#2983,#2984,#2985,#2986,#2987,#2988,#2989,#2990,#2991,#2992,
#2993),(#2994,#2995,#2996,#2997,#2998,#2999,#3000,#3001,#3002,#3003,#3004,
#3005,#3006),(#3007,#3008,#3009,#3010,#3011,#3012,#3013,#3014,#3015,#3016,
#3017,#3018,#3019),(#3020,#3021,#3022,#3023,#3024,#3025,#3026,#3027,#3028,
#3029,#3030,#3031,#3032),(#3033,#3034,#3035,#3036,#3037,#3038,#3039,#3040,
#3041,#3042,#3043,#3044,#3045)),.UNSPECIFIED.,.F.,.F.,.F.,(4,1,1,1,1,1,
1,4),(4,1,1,1,1,1,1,1,1,1,4),(0.,0.142857142857143,0.285714285714286,0.428571428571429,
0.571428571428571,0.714285714285714,0.857142857142857,1.),(0.,0.258537363946232,
0.517074727892464,1.03414945578493,1.55122418367739,2.06829891156986,2.58537363946232,
2.84391100340855,3.10244836735479,3.36098573130102,3.61952309524725),
 .UNSPECIFIED.);
#65=B_SPLINE_SURFACE_WITH_KNOTS('',3,3,((#3070,#3071,#3072,#3073,#3074,
#3075,#3076,#3077,#3078,#3079),(#3080,#3081,#3082,#3083,#3084,#3085,#3086,
#3087,#3088,#3089),(#3090,#3091,#3092,#3093,#3094,#3095,#3096,#3097,#3098,
#3099),(#3100,#3101,#3102,#3103,#3104,#3105,#3106,#3107,#3108,#3109),(#3110,
#3111,#3112,#3113,#3114,#3115,#3116,#3117,#3118,#3119),(#3120,#3121,#3122,
#3123,#3124,#3125,#3126,#3127,#3128,#3129),(#3130,#3131,#3132,#3133,#3134,
#3135,#3136,#3137,#3138,#3139),(#3140,#3141,#3142,#3143,#3144,#3145,#3146,
#3147,#3148,#3149),(#3150,#3151,#3152,#3153,#3154,#3155,#3156,#3157,#3158,
#3159),(#3160,#3161,#3162,#3163,#3164,#3165,#3166,#3167,#3168,#3169)),
 .UNSPECIFIED.,.F.,.F.,.F.,(4,1,1,1,1,1,1,4),(4,1,1,1,1,1,1,4),(0.,0.142857142857143,
0.285714285714286,0.428571428571429,0.571428571428571,0.714285714285714,
0.857142857142857,1.),(-2.02807491112804,-1.44862417863519,-0.86917344614234,
-0.289722713649492,0.289728018843356,0.869178751336205,1.44862948382905,
2.0280802163219),.UNSPECIFIED.);
#66=B_SPLINE_SURFACE_WITH_KNOTS('',3,3,((#3301,#3302,#3303,#3304,#3305,
#3306,#3307,#3308,#3309,#3310),(#3311,#3312,#3313,#3314,#3315,#3316,#3317,
#3318,#3319,#3320),(#3321,#3322,#3323,#3324,#3325,#3326,#3327,#3328,#3329,
#3330),(#3331,#3332,#3333,#3334,#3335,#3336,#3337,#3338,#3339,#3340),(#3341,
#3342,#3343,#3344,#3345,#3346,#3347,#3348,#3349,#3350),(#3351,#3352,#3353,
#3354,#3355,#3356,#3357,#3358,#3359,#3360),(#3361,#3362,#3363,#3364,#3365,
#3366,#3367,#3368,#3369,#3370),(#3371,#3372,#3373,#3374,#3375,#3376,#3377,
#3378,#3379,#3380),(#3381,#3382,#3383,#3384,#3385,#3386,#3387,#3388,#3389,
#3390),(#3391,#3392,#3393,#3394,#3395,#3396,#3397,#3398,#3399,#3400)),
 .UNSPECIFIED.,.F.,.F.,.F.,(4,1,1,1,1,1,1,4),(4,1,1,1,1,1,1,4),(0.,0.142857142857143,
0.285714285714286,0.428571428571429,0.571428571428571,0.714285714285714,
0.857142857142857,1.),(-2.02808021632191,-1.44862948382906,-0.869178751336207,
-0.289728018843359,0.28972271364949,0.869173446142339,1.44862417863519,
2.02807491112804),.UNSPECIFIED.);
#67=B_SPLINE_SURFACE_WITH_KNOTS('',3,3,((#3428,#3429,#3430,#3431,#3432,
#3433,#3434,#3435,#3436,#3437,#3438,#3439,#3440),(#3441,#3442,#3443,#3444,
#3445,#3446,#3447,#3448,#3449,#3450,#3451,#3452,#3453),(#3454,#3455,#3456,
#3457,#3458,#3459,#3460,#3461,#3462,#3463,#3464,#3465,#3466),(#3467,#3468,
#3469,#3470,#3471,#3472,#3473,#3474,#3475,#3476,#3477,#3478,#3479),(#3480,
#3481,#3482,#3483,#3484,#3485,#3486,#3487,#3488,#3489,#3490,#3491,#3492),
(#3493,#3494,#3495,#3496,#3497,#3498,#3499,#3500,#3501,#3502,#3503,#3504,
#3505),(#3506,#3507,#3508,#3509,#3510,#3511,#3512,#3513,#3514,#3515,#3516,
#3517,#3518),(#3519,#3520,#3521,#3522,#3523,#3524,#3525,#3526,#3527,#3528,
#3529,#3530,#3531),(#3532,#3533,#3534,#3535,#3536,#3537,#3538,#3539,#3540,
#3541,#3542,#3543,#3544),(#3545,#3546,#3547,#3548,#3549,#3550,#3551,#3552,
#3553,#3554,#3555,#3556,#3557)),.UNSPECIFIED.,.F.,.F.,.F.,(4,1,1,1,1,1,
1,4),(4,1,1,1,1,1,1,1,1,1,4),(0.,0.142857142857143,0.285714285714286,0.428571428571429,
0.571428571428571,0.714285714285714,0.857142857142857,1.),(0.,0.258499720264653,
0.516999440529306,0.775499160793958,1.03399888105861,1.55099832158792,2.06799776211722,
2.58499720264653,3.10199664317583,3.36049636344049,3.61899608370514),
 .UNSPECIFIED.);
#68=B_SPLINE_SURFACE_WITH_KNOTS('',3,3,((#3596,#3597,#3598,#3599,#3600,
#3601,#3602,#3603,#3604,#3605),(#3606,#3607,#3608,#3609,#3610,#3611,#3612,
#3613,#3614,#3615),(#3616,#3617,#3618,#3619,#3620,#3621,#3622,#3623,#3624,
#3625),(#3626,#3627,#3628,#3629,#3630,#3631,#3632,#3633,#3634,#3635),(#3636,
#3637,#3638,#3639,#3640,#3641,#3642,#3643,#3644,#3645),(#3646,#3647,#3648,
#3649,#3650,#3651,#3652,#3653,#3654,#3655),(#3656,#3657,#3658,#3659,#3660,
#3661,#3662,#3663,#3664,#3665),(#3666,#3667,#3668,#3669,#3670,#3671,#3672,
#3673,#3674,#3675),(#3676,#3677,#3678,#3679,#3680,#3681,#3682,#3683,#3684,
#3685),(#3686,#3687,#3688,#3689,#3690,#3691,#3692,#3693,#3694,#3695)),
 .UNSPECIFIED.,.F.,.F.,.F.,(4,1,1,1,1,1,1,4),(4,1,1,1,1,1,1,4),(0.,0.142857142857143,
0.285714285714286,0.428571428571429,0.571428571428571,0.714285714285714,
0.857142857142857,1.),(-1.82190160917136,-1.30135829226525,-0.780814975359152,
-0.260271658453051,0.260271658453051,0.780814975359153,1.30135829226525,
1.82190160917136),.UNSPECIFIED.);
#69=B_SPLINE_SURFACE_WITH_KNOTS('',3,3,((#3709,#3710,#3711,#3712,#3713,
#3714,#3715,#3716,#3717,#3718,#3719,#3720),(#3721,#3722,#3723,#3724,#3725,
#3726,#3727,#3728,#3729,#3730,#3731,#3732),(#3733,#3734,#3735,#3736,#3737,
#3738,#3739,#3740,#3741,#3742,#3743,#3744),(#3745,#3746,#3747,#3748,#3749,
#3750,#3751,#3752,#3753,#3754,#3755,#3756),(#3757,#3758,#3759,#3760,#3761,
#3762,#3763,#3764,#3765,#3766,#3767,#3768),(#3769,#3770,#3771,#3772,#3773,
#3774,#3775,#3776,#3777,#3778,#3779,#3780),(#3781,#3782,#3783,#3784,#3785,
#3786,#3787,#3788,#3789,#3790,#3791,#3792),(#3793,#3794,#3795,#3796,#3797,
#3798,#3799,#3800,#3801,#3802,#3803,#3804),(#3805,#3806,#3807,#3808,#3809,
#3810,#3811,#3812,#3813,#3814,#3815,#3816),(#3817,#3818,#3819,#3820,#3821,
#3822,#3823,#3824,#3825,#3826,#3827,#3828)),.UNSPECIFIED.,.F.,.F.,.F.,(4,
1,1,1,1,1,1,4),(4,1,1,1,1,1,1,1,1,4),(0.,0.142857142857143,0.285714285714286,
0.428571428571429,0.571428571428571,0.714285714285714,0.857142857142857,
1.),(0.,0.275295872893735,0.55059174578747,0.825887618681205,1.10118349157494,
1.65177523736241,2.20236698314988,2.75295872893735,3.30355047472482,3.85414222051229),
 .UNSPECIFIED.);
#70=B_SPLINE_SURFACE_WITH_KNOTS('',3,3,((#3852,#3853,#3854,#3855,#3856,
#3857,#3858,#3859,#3860,#3861),(#3862,#3863,#3864,#3865,#3866,#3867,#3868,
#3869,#3870,#3871),(#3872,#3873,#3874,#3875,#3876,#3877,#3878,#3879,#3880,
#3881),(#3882,#3883,#3884,#3885,#3886,#3887,#3888,#3889,#3890,#3891),(#3892,
#3893,#3894,#3895,#3896,#3897,#3898,#3899,#3900,#3901),(#3902,#3903,#3904,
#3905,#3906,#3907,#3908,#3909,#3910,#3911),(#3912,#3913,#3914,#3915,#3916,
#3917,#3918,#3919,#3920,#3921),(#3922,#3923,#3924,#3925,#3926,#3927,#3928,
#3929,#3930,#3931),(#3932,#3933,#3934,#3935,#3936,#3937,#3938,#3939,#3940,
#3941),(#3942,#3943,#3944,#3945,#3946,#3947,#3948,#3949,#3950,#3951)),
 .UNSPECIFIED.,.F.,.F.,.F.,(4,1,1,1,1,1,1,4),(4,1,1,1,1,1,1,4),(0.,0.142857142857143,
0.285714285714286,0.428571428571429,0.571428571428571,0.714285714285714,
0.857142857142857,1.),(-1.99057880530279,-1.42184200378771,-0.853105202272625,
-0.284368400757541,0.284368400757543,0.853105202272627,1.42184200378771,
1.99057880530279),.UNSPECIFIED.);
#71=B_SPLINE_SURFACE_WITH_KNOTS('',3,3,((#3964,#3965,#3966,#3967,#3968,
#3969,#3970,#3971,#3972,#3973,#3974,#3975,#3976,#3977,#3978,#3979,#3980,
#3981,#3982,#3983,#3984,#3985,#3986,#3987,#3988,#3989,#3990,#3991),(#3992,
#3993,#3994,#3995,#3996,#3997,#3998,#3999,#4000,#4001,#4002,#4003,#4004,
#4005,#4006,#4007,#4008,#4009,#4010,#4011,#4012,#4013,#4014,#4015,#4016,
#4017,#4018,#4019),(#4020,#4021,#4022,#4023,#4024,#4025,#4026,#4027,#4028,
#4029,#4030,#4031,#4032,#4033,#4034,#4035,#4036,#4037,#4038,#4039,#4040,
#4041,#4042,#4043,#4044,#4045,#4046,#4047),(#4048,#4049,#4050,#4051,#4052,
#4053,#4054,#4055,#4056,#4057,#4058,#4059,#4060,#4061,#4062,#4063,#4064,
#4065,#4066,#4067,#4068,#4069,#4070,#4071,#4072,#4073,#4074,#4075),(#4076,
#4077,#4078,#4079,#4080,#4081,#4082,#4083,#4084,#4085,#4086,#4087,#4088,
#4089,#4090,#4091,#4092,#4093,#4094,#4095,#4096,#4097,#4098,#4099,#4100,
#4101,#4102,#4103),(#4104,#4105,#4106,#4107,#4108,#4109,#4110,#4111,#4112,
#4113,#4114,#4115,#4116,#4117,#4118,#4119,#4120,#4121,#4122,#4123,#4124,
#4125,#4126,#4127,#4128,#4129,#4130,#4131),(#4132,#4133,#4134,#4135,#4136,
#4137,#4138,#4139,#4140,#4141,#4142,#4143,#4144,#4145,#4146,#4147,#4148,
#4149,#4150,#4151,#4152,#4153,#4154,#4155,#4156,#4157,#4158,#4159),(#4160,
#4161,#4162,#4163,#4164,#4165,#4166,#4167,#4168,#4169,#4170,#4171,#4172,
#4173,#4174,#4175,#4176,#4177,#4178,#4179,#4180,#4181,#4182,#4183,#4184,
#4185,#4186,#4187)),.UNSPECIFIED.,.F.,.F.,.F.,(4,1,1,1,1,4),(4,1,1,1,1,
1,1,1,1,1,1,1,1,1,1,1,1,1,1,1,1,1,1,1,1,4),(0.,0.285714285714286,0.571428571428571,
0.821428571428571,0.857142857142857,1.),(0.,0.0235409892139283,0.0470819784278565,
0.094163956855713,0.188327913711426,0.376655827422852,0.753311654845704,
1.50662330969141,2.00883107958854,2.25993496453711,2.76214273443425,3.01324661938282,
3.20157453309424,3.38990244680567,3.57823036051709,3.76655827422852,4.14321410165137,
4.51986992907423,4.89652575649708,5.0848536702085,5.17901762706422,5.22609960549207,
5.249640594706,5.26141108931296,5.26729633661645,5.27318158391993),
 .UNSPECIFIED.);
#72=B_SPLINE_SURFACE_WITH_KNOTS('',3,3,((#4315,#4316,#4317,#4318,#4319,
#4320),(#4321,#4322,#4323,#4324,#4325,#4326),(#4327,#4328,#4329,#4330,#4331,
#4332),(#4333,#4334,#4335,#4336,#4337,#4338),(#4339,#4340,#4341,#4342,#4343,
#4344),(#4345,#4346,#4347,#4348,#4349,#4350),(#4351,#4352,#4353,#4354,#4355,
#4356),(#4357,#4358,#4359,#4360,#4361,#4362),(#4363,#4364,#4365,#4366,#4367,
#4368),(#4369,#4370,#4371,#4372,#4373,#4374)),.UNSPECIFIED.,.F.,.F.,.F.,
(4,1,1,1,1,1,1,4),(4,1,1,4),(0.,0.142857142857143,0.285714285714286,0.428571428571429,
0.571428571428571,0.714285714285714,0.857142857142857,1.),(0.,0.162807951078037,
0.325615902156074,0.569827828773129),.UNSPECIFIED.);
#73=B_SPLINE_SURFACE_WITH_KNOTS('',3,3,((#4398,#4399,#4400,#4401,#4402,
#4403,#4404,#4405,#4406,#4407,#4408),(#4409,#4410,#4411,#4412,#4413,#4414,
#4415,#4416,#4417,#4418,#4419),(#4420,#4421,#4422,#4423,#4424,#4425,#4426,
#4427,#4428,#4429,#4430),(#4431,#4432,#4433,#4434,#4435,#4436,#4437,#4438,
#4439,#4440,#4441),(#4442,#4443,#4444,#4445,#4446,#4447,#4448,#4449,#4450,
#4451,#4452),(#4453,#4454,#4455,#4456,#4457,#4458,#4459,#4460,#4461,#4462,
#4463),(#4464,#4465,#4466,#4467,#4468,#4469,#4470,#4471,#4472,#4473,#4474),
(#4475,#4476,#4477,#4478,#4479,#4480,#4481,#4482,#4483,#4484,#4485)),
 .UNSPECIFIED.,.F.,.F.,.F.,(4,1,1,1,1,4),(4,2,2,1,2,4),(0.,0.285714285714286,
0.571428571428571,0.821428571428571,0.857142857142857,1.),(-1.91768266445027,
-1.54525973097734,-1.01408737127129,-0.945197667786103,-0.384291557281317,
0.),.UNSPECIFIED.);
#74=B_SPLINE_SURFACE_WITH_KNOTS('',3,3,((#4506,#4507,#4508,#4509,#4510),
(#4511,#4512,#4513,#4514,#4515),(#4516,#4517,#4518,#4519,#4520),(#4521,
#4522,#4523,#4524,#4525),(#4526,#4527,#4528,#4529,#4530),(#4531,#4532,#4533,
#4534,#4535),(#4536,#4537,#4538,#4539,#4540),(#4541,#4542,#4543,#4544,#4545),
(#4546,#4547,#4548,#4549,#4550),(#4551,#4552,#4553,#4554,#4555)),
 .UNSPECIFIED.,.F.,.F.,.F.,(4,1,1,1,1,1,1,4),(4,1,4),(0.,0.142857142857143,
0.285714285714286,0.428571428571429,0.571428571428571,0.714285714285714,
0.857142857142857,1.),(0.,0.144529024119517,0.337234389612206),
 .UNSPECIFIED.);
#75=B_SPLINE_SURFACE_WITH_KNOTS('',3,3,((#4568,#4569,#4570,#4571),(#4572,
#4573,#4574,#4575),(#4576,#4577,#4578,#4579),(#4580,#4581,#4582,#4583),
(#4584,#4585,#4586,#4587),(#4588,#4589,#4590,#4591),(#4592,#4593,#4594,
#4595),(#4596,#4597,#4598,#4599),(#4600,#4601,#4602,#4603),(#4604,#4605,
#4606,#4607)),.UNSPECIFIED.,.F.,.F.,.F.,(4,1,1,1,1,1,1,4),(4,4),(0.,0.142857142857143,
0.285714285714286,0.428571428571429,0.571428571428571,0.714285714285714,
0.857142857142857,1.),(-0.145081772168334,0.145081772168334),
 .UNSPECIFIED.);
#76=B_SPLINE_SURFACE_WITH_KNOTS('',3,3,((#4620,#4621,#4622,#4623,#4624),
(#4625,#4626,#4627,#4628,#4629),(#4630,#4631,#4632,#4633,#4634),(#4635,
#4636,#4637,#4638,#4639),(#4640,#4641,#4642,#4643,#4644),(#4645,#4646,#4647,
#4648,#4649),(#4650,#4651,#4652,#4653,#4654),(#4655,#4656,#4657,#4658,#4659),
(#4660,#4661,#4662,#4663,#4664),(#4665,#4666,#4667,#4668,#4669)),
 .UNSPECIFIED.,.F.,.F.,.F.,(4,1,1,1,1,1,1,4),(4,1,4),(0.,0.142857142857143,
0.285714285714286,0.428571428571429,0.571428571428571,0.714285714285714,
0.857142857142857,1.),(0.,0.130362223144605,0.304178520670745),
 .UNSPECIFIED.);
#77=B_SPLINE_SURFACE_WITH_KNOTS('',3,3,((#4682,#4683,#4684,#4685,#4686,
#4687,#4688,#4689),(#4690,#4691,#4692,#4693,#4694,#4695,#4696,#4697),(#4698,
#4699,#4700,#4701,#4702,#4703,#4704,#4705),(#4706,#4707,#4708,#4709,#4710,
#4711,#4712,#4713),(#4714,#4715,#4716,#4717,#4718,#4719,#4720,#4721),(#4722,
#4723,#4724,#4725,#4726,#4727,#4728,#4729),(#4730,#4731,#4732,#4733,#4734,
#4735,#4736,#4737),(#4738,#4739,#4740,#4741,#4742,#4743,#4744,#4745)),
 .UNSPECIFIED.,.F.,.F.,.F.,(4,1,1,1,1,4),(4,2,2,4),(0.,0.285714285714286,
0.571428571428571,0.714285714285714,0.857142857142857,1.),(-1.90938355415692,
-1.4331814884108,-0.566123272652892,0.),.UNSPECIFIED.);
#78=B_SPLINE_SURFACE_WITH_KNOTS('',3,3,((#4763,#4764,#4765,#4766,#4767,
#4768,#4769),(#4770,#4771,#4772,#4773,#4774,#4775,#4776),(#4777,#4778,#4779,
#4780,#4781,#4782,#4783),(#4784,#4785,#4786,#4787,#4788,#4789,#4790),(#4791,
#4792,#4793,#4794,#4795,#4796,#4797),(#4798,#4799,#4800,#4801,#4802,#4803,
#4804),(#4805,#4806,#4807,#4808,#4809,#4810,#4811),(#4812,#4813,#4814,#4815,
#4816,#4817,#4818),(#4819,#4820,#4821,#4822,#4823,#4824,#4825),(#4826,#4827,
#4828,#4829,#4830,#4831,#4832)),.UNSPECIFIED.,.F.,.F.,.F.,(4,1,1,1,1,1,
1,4),(4,1,1,1,4),(0.,0.142857142857143,0.285714285714286,0.428571428571429,
0.571428571428571,0.714285714285714,0.857142857142857,1.),(1.2410794148002E-16,
0.096923633227567,0.290770899682701,0.484618166137835,0.678465432592969),
 .UNSPECIFIED.);
#79=B_SPLINE_SURFACE_WITH_KNOTS('',3,3,((#4845,#4846,#4847,#4848,#4849,
#4850,#4851,#4852,#4853,#4854,#4855,#4856,#4857,#4858,#4859,#4860,#4861,
#4862,#4863),(#4864,#4865,#4866,#4867,#4868,#4869,#4870,#4871,#4872,#4873,
#4874,#4875,#4876,#4877,#4878,#4879,#4880,#4881,#4882),(#4883,#4884,#4885,
#4886,#4887,#4888,#4889,#4890,#4891,#4892,#4893,#4894,#4895,#4896,#4897,
#4898,#4899,#4900,#4901),(#4902,#4903,#4904,#4905,#4906,#4907,#4908,#4909,
#4910,#4911,#4912,#4913,#4914,#4915,#4916,#4917,#4918,#4919,#4920),(#4921,
#4922,#4923,#4924,#4925,#4926,#4927,#4928,#4929,#4930,#4931,#4932,#4933,
#4934,#4935,#4936,#4937,#4938,#4939),(#4940,#4941,#4942,#4943,#4944,#4945,
#4946,#4947,#4948,#4949,#4950,#4951,#4952,#4953,#4954,#4955,#4956,#4957,
#4958),(#4959,#4960,#4961,#4962,#4963,#4964,#4965,#4966,#4967,#4968,#4969,
#4970,#4971,#4972,#4973,#4974,#4975,#4976,#4977),(#4978,#4979,#4980,#4981,
#4982,#4983,#4984,#4985,#4986,#4987,#4988,#4989,#4990,#4991,#4992,#4993,
#4994,#4995,#4996),(#4997,#4998,#4999,#5000,#5001,#5002,#5003,#5004,#5005,
#5006,#5007,#5008,#5009,#5010,#5011,#5012,#5013,#5014,#5015)),
 .UNSPECIFIED.,.F.,.F.,.F.,(4,1,1,1,1,1,4),(4,2,1,2,1,2,1,1,2,2,1,4),(0.,
0.285714285714286,0.571428571428571,0.714285714285714,0.857142857142857,
0.928571428571429,1.),(-3.10022038057131,-2.62821769585734,-2.24603339332358,
-1.73645432327856,-1.41878070191308,-1.18052548588896,-1.06287477141302,
-0.99580805655253,-0.749518150770619,-0.382919075744006,-0.28309121006322,
-2.26172841403712E-17),.UNSPECIFIED.);
#80=B_SPLINE_SURFACE_WITH_KNOTS('',3,1,((#5045,#5046),(#5047,#5048),(#5049,
#5050),(#5051,#5052),(#5053,#5054),(#5055,#5056),(#5057,#5058),(#5059,#5060),
(#5061,#5062),(#5063,#5064),(#5065,#5066),(#5067,#5068),(#5069,#5070),(#5071,
#5072),(#5073,#5074),(#5075,#5076)),.UNSPECIFIED.,.F.,.F.,.F.,(4,3,3,3,
3,4),(2,2),(0.243990570887792,0.375073034279194,0.53389901528557,0.659407743295913,
0.758846102919506,0.762058561499527),(-0.2,0.2),.UNSPECIFIED.);
#81=B_SPLINE_SURFACE_WITH_KNOTS('',3,3,((#5094,#5095,#5096,#5097,#5098,
#5099,#5100,#5101,#5102),(#5103,#5104,#5105,#5106,#5107,#5108,#5109,#5110,
#5111),(#5112,#5113,#5114,#5115,#5116,#5117,#5118,#5119,#5120),(#5121,#5122,
#5123,#5124,#5125,#5126,#5127,#5128,#5129),(#5130,#5131,#5132,#5133,#5134,
#5135,#5136,#5137,#5138),(#5139,#5140,#5141,#5142,#5143,#5144,#5145,#5146,
#5147),(#5148,#5149,#5150,#5151,#5152,#5153,#5154,#5155,#5156),(#5157,#5158,
#5159,#5160,#5161,#5162,#5163,#5164,#5165),(#5166,#5167,#5168,#5169,#5170,
#5171,#5172,#5173,#5174)),.UNSPECIFIED.,.F.,.F.,.F.,(4,1,1,1,1,1,4),(4,
2,1,2,4),(0.,0.142857142857143,0.285714285714286,0.428571428571429,0.571428571428571,
0.857142857142857,1.),(-1.90939613359613,-1.34434330917994,-0.848634750027835,
-0.476853330663755,0.),.UNSPECIFIED.);
#82=B_SPLINE_SURFACE_WITH_KNOTS('',3,3,((#5204,#5205,#5206,#5207,#5208),
(#5209,#5210,#5211,#5212,#5213),(#5214,#5215,#5216,#5217,#5218),(#5219,
#5220,#5221,#5222,#5223),(#5224,#5225,#5226,#5227,#5228),(#5229,#5230,#5231,
#5232,#5233),(#5234,#5235,#5236,#5237,#5238),(#5239,#5240,#5241,#5242,#5243),
(#5244,#5245,#5246,#5247,#5248),(#5249,#5250,#5251,#5252,#5253)),
 .UNSPECIFIED.,.F.,.F.,.F.,(4,1,1,1,1,1,1,4),(4,1,4),(0.,0.142857142857143,
0.285714285714286,0.428571428571429,0.571428571428571,0.714285714285714,
0.857142857142857,1.),(0.,0.17381629752614,0.304178520670745),
 .UNSPECIFIED.);
#83=B_SPLINE_SURFACE_WITH_KNOTS('',3,3,((#5265,#5266,#5267,#5268),(#5269,
#5270,#5271,#5272),(#5273,#5274,#5275,#5276),(#5277,#5278,#5279,#5280),
(#5281,#5282,#5283,#5284),(#5285,#5286,#5287,#5288),(#5289,#5290,#5291,
#5292),(#5293,#5294,#5295,#5296),(#5297,#5298,#5299,#5300),(#5301,#5302,
#5303,#5304)),.UNSPECIFIED.,.F.,.F.,.F.,(4,1,1,1,1,1,1,4),(4,4),(0.,0.142857142857143,
0.285714285714286,0.428571428571429,0.571428571428571,0.714285714285714,
0.857142857142857,1.),(-0.145081772168334,0.145081772168334),
 .UNSPECIFIED.);
#84=B_SPLINE_SURFACE_WITH_KNOTS('',3,3,((#5315,#5316,#5317,#5318,#5319),
(#5320,#5321,#5322,#5323,#5324),(#5325,#5326,#5327,#5328,#5329),(#5330,
#5331,#5332,#5333,#5334),(#5335,#5336,#5337,#5338,#5339),(#5340,#5341,#5342,
#5343,#5344),(#5345,#5346,#5347,#5348,#5349),(#5350,#5351,#5352,#5353,#5354),
(#5355,#5356,#5357,#5358,#5359),(#5360,#5361,#5362,#5363,#5364)),
 .UNSPECIFIED.,.F.,.F.,.F.,(4,1,1,1,1,1,1,4),(4,1,4),(0.,0.142857142857143,
0.285714285714286,0.428571428571429,0.571428571428571,0.714285714285714,
0.857142857142857,1.),(0.,0.144529024119517,0.337234389612206),
 .UNSPECIFIED.);
#85=B_SPLINE_SURFACE_WITH_KNOTS('',3,3,((#5375,#5376,#5377,#5378,#5379,
#5380,#5381,#5382,#5383,#5384,#5385),(#5386,#5387,#5388,#5389,#5390,#5391,
#5392,#5393,#5394,#5395,#5396),(#5397,#5398,#5399,#5400,#5401,#5402,#5403,
#5404,#5405,#5406,#5407),(#5408,#5409,#5410,#5411,#5412,#5413,#5414,#5415,
#5416,#5417,#5418),(#5419,#5420,#5421,#5422,#5423,#5424,#5425,#5426,#5427,
#5428,#5429),(#5430,#5431,#5432,#5433,#5434,#5435,#5436,#5437,#5438,#5439,
#5440),(#5441,#5442,#5443,#5444,#5445,#5446,#5447,#5448,#5449,#5450,#5451),
(#5452,#5453,#5454,#5455,#5456,#5457,#5458,#5459,#5460,#5461,#5462),(#5463,
#5464,#5465,#5466,#5467,#5468,#5469,#5470,#5471,#5472,#5473)),
 .UNSPECIFIED.,.F.,.F.,.F.,(4,1,1,1,1,1,4),(4,2,1,2,2,4),(0.,0.142857142857143,
0.285714285714286,0.428571428571429,0.571428571428571,0.857142857142857,
1.),(-1.91889264979393,-1.53464649032327,-0.975928730625685,-0.904902856585263,
-0.373164262745086,0.),.UNSPECIFIED.);
#86=B_SPLINE_SURFACE_WITH_KNOTS('',3,3,((#5483,#5484,#5485,#5486,#5487,
#5488),(#5489,#5490,#5491,#5492,#5493,#5494),(#5495,#5496,#5497,#5498,#5499,
#5500),(#5501,#5502,#5503,#5504,#5505,#5506),(#5507,#5508,#5509,#5510,#5511,
#5512),(#5513,#5514,#5515,#5516,#5517,#5518),(#5519,#5520,#5521,#5522,#5523,
#5524),(#5525,#5526,#5527,#5528,#5529,#5530),(#5531,#5532,#5533,#5534,#5535,
#5536),(#5537,#5538,#5539,#5540,#5541,#5542)),.UNSPECIFIED.,.F.,.F.,.F.,
(4,1,1,1,1,1,1,4),(4,1,1,4),(0.,0.142857142857143,0.285714285714286,0.428571428571429,
0.571428571428571,0.714285714285714,0.857142857142857,1.),(0.,0.244211926617056,
0.407019877695094,0.569827828773131),.UNSPECIFIED.);
#87=B_SPLINE_SURFACE_WITH_KNOTS('',3,3,((#5553,#5554,#5555,#5556,#5557,
#5558,#5559,#5560,#5561,#5562,#5563,#5564,#5565,#5566,#5567,#5568,#5569,
#5570),(#5571,#5572,#5573,#5574,#5575,#5576,#5577,#5578,#5579,#5580,#5581,
#5582,#5583,#5584,#5585,#5586,#5587,#5588),(#5589,#5590,#5591,#5592,#5593,
#5594,#5595,#5596,#5597,#5598,#5599,#5600,#5601,#5602,#5603,#5604,#5605,
#5606),(#5607,#5608,#5609,#5610,#5611,#5612,#5613,#5614,#5615,#5616,#5617,
#5618,#5619,#5620,#5621,#5622,#5623,#5624),(#5625,#5626,#5627,#5628,#5629,
#5630,#5631,#5632,#5633,#5634,#5635,#5636,#5637,#5638,#5639,#5640,#5641,
#5642),(#5643,#5644,#5645,#5646,#5647,#5648,#5649,#5650,#5651,#5652,#5653,
#5654,#5655,#5656,#5657,#5658,#5659,#5660),(#5661,#5662,#5663,#5664,#5665,
#5666,#5667,#5668,#5669,#5670,#5671,#5672,#5673,#5674,#5675,#5676,#5677,
#5678),(#5679,#5680,#5681,#5682,#5683,#5684,#5685,#5686,#5687,#5688,#5689,
#5690,#5691,#5692,#5693,#5694,#5695,#5696),(#5697,#5698,#5699,#5700,#5701,
#5702,#5703,#5704,#5705,#5706,#5707,#5708,#5709,#5710,#5711,#5712,#5713,
#5714)),.UNSPECIFIED.,.F.,.F.,.F.,(4,1,1,1,1,1,4),(4,1,2,2,1,1,2,1,2,2,
4),(0.,0.285714285714286,0.571428571428571,0.821428571428571,0.857142857142857,
0.928571428571429,1.),(-3.09591258640781,-2.80935389260325,-2.7165083155065,
-2.34952355608761,-2.10364212777021,-2.04143517632719,-1.91923105653217,
-1.68149514021229,-1.36451391845246,-0.475335618181748,0.),
 .UNSPECIFIED.);
#88=B_SPLINE_SURFACE_WITH_KNOTS('',3,3,((#5743,#5744,#5745,#5746,#5747,
#5748,#5749),(#5750,#5751,#5752,#5753,#5754,#5755,#5756),(#5757,#5758,#5759,
#5760,#5761,#5762,#5763),(#5764,#5765,#5766,#5767,#5768,#5769,#5770),(#5771,
#5772,#5773,#5774,#5775,#5776,#5777),(#5778,#5779,#5780,#5781,#5782,#5783,
#5784),(#5785,#5786,#5787,#5788,#5789,#5790,#5791),(#5792,#5793,#5794,#5795,
#5796,#5797,#5798),(#5799,#5800,#5801,#5802,#5803,#5804,#5805),(#5806,#5807,
#5808,#5809,#5810,#5811,#5812)),.UNSPECIFIED.,.F.,.F.,.F.,(4,1,1,1,1,1,
1,4),(4,1,1,1,4),(0.,0.142857142857143,0.285714285714286,0.428571428571429,
0.571428571428571,0.714285714285714,0.857142857142857,1.),(7.31506877579036E-16,
0.193847266455134,0.387694532910267,0.5815417993654,0.678465432592966),
 .UNSPECIFIED.);
#89=B_SPLINE_SURFACE_WITH_KNOTS('',3,1,((#5816,#5817),(#5818,#5819),(#5820,
#5821),(#5822,#5823),(#5824,#5825),(#5826,#5827),(#5828,#5829),(#5830,#5831),
(#5832,#5833),(#5834,#5835)),.UNSPECIFIED.,.F.,.F.,.F.,(4,3,3,4),(2,2),
(0.249519012503567,0.416975753474389,0.594556091435848,0.711635802202232),
(-0.2,0.2),.UNSPECIFIED.);
#90=B_SPLINE_SURFACE_WITH_KNOTS('',3,1,((#5839,#5840),(#5841,#5842),(#5843,
#5844),(#5845,#5846),(#5847,#5848),(#5849,#5850),(#5851,#5852),(#5853,#5854),
(#5855,#5856),(#5857,#5858),(#5859,#5860),(#5861,#5862),(#5863,#5864),(#5865,
#5866),(#5867,#5868),(#5869,#5870),(#5871,#5872),(#5873,#5874),(#5875,#5876)),
 .UNSPECIFIED.,.F.,.F.,.F.,(4,3,3,3,3,3,4),(2,2),(-0.81123624471961,-0.72417159958724,
-0.645275087627847,-0.543111118148967,-0.443507597690488,-0.315406534190701,
-0.216511120265552),(-0.2,0.2),.UNSPECIFIED.);
#91=FACE_OUTER_BOUND('',#141,.T.);
#92=FACE_OUTER_BOUND('',#142,.T.);
#93=FACE_OUTER_BOUND('',#143,.T.);
#94=FACE_OUTER_BOUND('',#144,.T.);
#95=FACE_OUTER_BOUND('',#149,.T.);
#96=FACE_OUTER_BOUND('',#150,.T.);
#97=FACE_OUTER_BOUND('',#151,.T.);
#98=FACE_OUTER_BOUND('',#152,.T.);
#99=FACE_OUTER_BOUND('',#153,.T.);
#100=FACE_OUTER_BOUND('',#154,.T.);
#101=FACE_OUTER_BOUND('',#155,.T.);
#102=FACE_OUTER_BOUND('',#156,.T.);
#103=FACE_OUTER_BOUND('',#157,.T.);
#104=FACE_OUTER_BOUND('',#158,.T.);
#105=FACE_OUTER_BOUND('',#159,.T.);
#106=FACE_OUTER_BOUND('',#160,.T.);
#107=FACE_OUTER_BOUND('',#161,.T.);
#108=FACE_OUTER_BOUND('',#162,.T.);
#109=FACE_OUTER_BOUND('',#163,.T.);
#110=FACE_OUTER_BOUND('',#164,.T.);
#111=FACE_OUTER_BOUND('',#165,.T.);
#112=FACE_OUTER_BOUND('',#166,.T.);
#113=FACE_OUTER_BOUND('',#167,.T.);
#114=FACE_OUTER_BOUND('',#172,.T.);
#115=FACE_OUTER_BOUND('',#173,.T.);
#116=FACE_OUTER_BOUND('',#174,.T.);
#117=FACE_OUTER_BOUND('',#175,.T.);
#118=FACE_OUTER_BOUND('',#176,.T.);
#119=FACE_OUTER_BOUND('',#177,.T.);
#120=FACE_OUTER_BOUND('',#178,.T.);
#121=FACE_OUTER_BOUND('',#179,.T.);
#122=FACE_OUTER_BOUND('',#180,.T.);
#123=FACE_OUTER_BOUND('',#181,.T.);
#124=FACE_OUTER_BOUND('',#182,.T.);
#125=FACE_OUTER_BOUND('',#183,.T.);
#126=FACE_OUTER_BOUND('',#184,.T.);
#127=FACE_OUTER_BOUND('',#185,.T.);
#128=FACE_OUTER_BOUND('',#186,.T.);
#129=FACE_OUTER_BOUND('',#187,.T.);
#130=FACE_OUTER_BOUND('',#188,.T.);
#131=FACE_OUTER_BOUND('',#189,.T.);
#132=FACE_OUTER_BOUND('',#190,.T.);
#133=FACE_OUTER_BOUND('',#191,.T.);
#134=FACE_OUTER_BOUND('',#192,.T.);
#135=FACE_OUTER_BOUND('',#193,.T.);
#136=FACE_OUTER_BOUND('',#194,.T.);
#137=FACE_OUTER_BOUND('',#195,.T.);
#138=FACE_OUTER_BOUND('',#196,.T.);
#139=FACE_OUTER_BOUND('',#198,.T.);
#140=FACE_OUTER_BOUND('',#200,.T.);
#141=EDGE_LOOP('',(#483,#484,#485,#486));
#142=EDGE_LOOP('',(#487,#488,#489,#490));
#143=EDGE_LOOP('',(#491,#492,#493,#494));
#144=EDGE_LOOP('',(#495,#496,#497,#498,#499,#500));
#145=EDGE_LOOP('',(#501));
#146=EDGE_LOOP('',(#502));
#147=EDGE_LOOP('',(#503,#504,#505,#506));
#148=EDGE_LOOP('',(#507,#508,#509,#510,#511,#512,#513,#514));
#149=EDGE_LOOP('',(#515,#516,#517,#518));
#150=EDGE_LOOP('',(#519,#520,#521,#522));
#151=EDGE_LOOP('',(#523,#524,#525,#526));
#152=EDGE_LOOP('',(#527,#528,#529,#530));
#153=EDGE_LOOP('',(#531,#532,#533,#534));
#154=EDGE_LOOP('',(#535,#536,#537,#538));
#155=EDGE_LOOP('',(#539,#540,#541,#542));
#156=EDGE_LOOP('',(#543,#544,#545,#546));
#157=EDGE_LOOP('',(#547,#548,#549,#550));
#158=EDGE_LOOP('',(#551,#552,#553,#554));
#159=EDGE_LOOP('',(#555,#556,#557,#558));
#160=EDGE_LOOP('',(#559,#560,#561,#562));
#161=EDGE_LOOP('',(#563,#564,#565,#566));
#162=EDGE_LOOP('',(#567,#568,#569,#570));
#163=EDGE_LOOP('',(#571,#572,#573,#574));
#164=EDGE_LOOP('',(#575,#576,#577,#578));
#165=EDGE_LOOP('',(#579,#580,#581,#582));
#166=EDGE_LOOP('',(#583,#584,#585,#586));
#167=EDGE_LOOP('',(#587,#588,#589,#590,#591,#592));
#168=EDGE_LOOP('',(#593,#594,#595,#596));
#169=EDGE_LOOP('',(#597,#598,#599,#600,#601,#602,#603,#604));
#170=EDGE_LOOP('',(#605));
#171=EDGE_LOOP('',(#606));
#172=EDGE_LOOP('',(#607,#608,#609,#610));
#173=EDGE_LOOP('',(#611,#612,#613,#614));
#174=EDGE_LOOP('',(#615,#616,#617,#618));
#175=EDGE_LOOP('',(#619,#620,#621,#622));
#176=EDGE_LOOP('',(#623,#624,#625,#626));
#177=EDGE_LOOP('',(#627,#628,#629,#630));
#178=EDGE_LOOP('',(#631,#632,#633,#634));
#179=EDGE_LOOP('',(#635,#636,#637,#638));
#180=EDGE_LOOP('',(#639,#640,#641,#642));
#181=EDGE_LOOP('',(#643,#644,#645,#646));
#182=EDGE_LOOP('',(#647,#648,#649,#650));
#183=EDGE_LOOP('',(#651,#652,#653,#654));
#184=EDGE_LOOP('',(#655,#656,#657,#658));
#185=EDGE_LOOP('',(#659,#660,#661,#662));
#186=EDGE_LOOP('',(#663,#664,#665,#666));
#187=EDGE_LOOP('',(#667,#668,#669,#670));
#188=EDGE_LOOP('',(#671,#672,#673,#674));
#189=EDGE_LOOP('',(#675,#676,#677,#678));
#190=EDGE_LOOP('',(#679,#680,#681,#682));
#191=EDGE_LOOP('',(#683,#684,#685,#686));
#192=EDGE_LOOP('',(#687,#688,#689,#690));
#193=EDGE_LOOP('',(#691,#692,#693,#694));
#194=EDGE_LOOP('',(#695,#696,#697,#698));
#195=EDGE_LOOP('',(#699,#700,#701,#702));
#196=EDGE_LOOP('',(#703));
#197=EDGE_LOOP('',(#704));
#198=EDGE_LOOP('',(#705));
#199=EDGE_LOOP('',(#706));
#200=EDGE_LOOP('',(#707,#708,#709,#710));
#201=B_SPLINE_CURVE_WITH_KNOTS('',3,(#959,#960,#961,#962,#963,#964,#965,
#966,#967,#968,#969,#970,#971,#972,#973,#974,#975,#976,#977,#978,#979,#980,
#981,#982,#983,#984,#985,#986,#987,#988,#989,#990,#991,#992,#993,#994,#995,
#996,#997,#998,#999,#1000,#1001,#1002,#1003,#1004,#1005,#1006,#1007,#1008,
#1009,#1010,#1011,#1012),.UNSPECIFIED.,.F.,.F.,(4,1,1,1,1,1,1,1,1,1,1,1,
1,1,1,1,1,1,1,1,1,1,1,1,1,1,1,1,1,1,1,1,1,1,1,1,1,1,1,1,1,1,1,1,1,1,1,1,
1,1,1,4),(13.687390776192,14.6739201148561,15.6604494535201,16.6469787921841,
17.6335081308482,18.6200374695122,19.6065668081762,20.5930961468402,21.5796254855043,
22.5661548241683,23.5526841628323,24.5392135014964,25.5257428401604,26.5122721788244,
27.4988015174885,28.4853308561525,29.4718601948165,30.4583895334805,31.4449188721446,
32.4314482108086,33.4179775494726,34.4045068881367,35.3910362268007,36.3775655654647,
37.3640949041288,38.3506242427928,39.3371535814568,40.3236829201208,41.3102122587849,
42.2967415974489,43.2832709361129,44.269800274777,45.256329613441,46.242858952105,
47.2293882907691,48.2159176294331,49.2024469680971,50.1889763067611,51.1755056454252,
52.1620349840892,53.1485643227532,54.1350936614173,55.1216230000813,56.1081523387453,
57.0946816774094,58.0812110160734,59.0677403547374,60.0542696934015,61.0407990320655,
62.0273283707295,63.0138577093935,63.9528732336287),.UNSPECIFIED.);
#202=B_SPLINE_CURVE_WITH_KNOTS('',3,(#1015,#1016,#1017,#1018,#1019,#1020,
#1021,#1022,#1023,#1024,#1025,#1026,#1027,#1028,#1029,#1030,#1031,#1032,
#1033,#1034,#1035,#1036,#1037,#1038,#1039,#1040,#1041,#1042,#1043,#1044,
#1045,#1046,#1047,#1048,#1049,#1050,#1051,#1052,#1053,#1054,#1055,#1056,
#1057,#1058,#1059,#1060,#1061,#1062,#1063,#1064,#1065,#1066,#1067,#1068),
 .UNSPECIFIED.,.F.,.F.,(4,1,1,1,1,1,1,1,1,1,1,1,1,1,1,1,1,1,1,1,1,1,1,1,
1,1,1,1,1,1,1,1,1,1,1,1,1,1,1,1,1,1,1,1,1,1,1,1,1,1,1,4),(12.2307486159237,
13.1697641401589,14.1562934788229,15.142822817487,16.129352156151,17.115881494815,
18.102410833479,19.0889401721431,20.0754695108071,21.0619988494711,22.0485281881352,
23.0350575267992,24.0215868654632,25.0081162041273,25.9946455427913,26.9811748814553,
27.9677042201194,28.9542335587834,29.9407628974474,30.9272922361114,31.9138215747755,
32.9003509134395,33.8868802521035,34.8734095907676,35.8599389294316,36.8464682680956,
37.8329976067597,38.8195269454237,39.8060562840877,40.7925856227518,41.7791149614158,
42.7656443000798,43.7521736387438,44.7387029774079,45.7252323160719,46.7117616547359,
47.6982909934,48.684820332064,49.671349670728,50.6578790093921,51.6444083480561,
52.6309376867201,53.6174670253842,54.6039963640482,55.5905257027122,56.5770550413762,
57.5635843800403,58.5501137187043,59.5366430573683,60.5231723960324,61.5097017346964,
62.4962310733604),.UNSPECIFIED.);
#203=B_SPLINE_CURVE_WITH_KNOTS('',3,(#1294,#1295,#1296,#1297,#1298,#1299,
#1300,#1301,#1302,#1303,#1304,#1305,#1306,#1307,#1308,#1309,#1310,#1311,
#1312,#1313,#1314,#1315,#1316,#1317,#1318,#1319,#1320,#1321,#1322,#1323,
#1324,#1325,#1326,#1327,#1328,#1329,#1330,#1331,#1332,#1333,#1334,#1335,
#1336,#1337,#1338,#1339,#1340,#1341,#1342,#1343,#1344,#1345,#1346,#1347,
#1348,#1349,#1350,#1351,#1352,#1353,#1354,#1355,#1356,#1357,#1358,#1359,
#1360,#1361,#1362,#1363,#1364,#1365,#1366,#1367,#1368,#1369,#1370,#1371,
#1372),.UNSPECIFIED.,.F.,.F.,(4,3,3,3,3,3,3,3,3,3,3,3,3,3,3,3,3,3,3,3,3,
3,3,3,3,3,4),(0.,0.0183455177171498,0.0365842880776049,0.0503567697850541,
0.0575065824896573,0.0612718348445154,0.0790234254401712,0.0964121107564144,
0.10900011850161,0.115579391775103,0.118639174149031,0.1354892077481,0.146764141737199,
0.163451454243393,0.168604817550558,0.173128200343562,0.189898863254569,
0.206649268233606,0.217356069706713,0.222872565575249,0.226199875247723,
0.242290532452796,0.252394826261641,0.256088753978792,0.271596959624266,
0.280262641786754,0.286347380332272),.UNSPECIFIED.);
#204=B_SPLINE_CURVE_WITH_KNOTS('',3,(#1374,#1375,#1376,#1377,#1378,#1379,
#1380,#1381,#1382,#1383,#1384,#1385,#1386,#1387,#1388,#1389,#1390,#1391,
#1392,#1393,#1394,#1395,#1396,#1397,#1398,#1399,#1400,#1401,#1402,#1403,
#1404,#1405,#1406,#1407,#1408,#1409,#1410,#1411,#1412,#1413,#1414,#1415,
#1416,#1417,#1418,#1419,#1420,#1421,#1422,#1423,#1424,#1425,#1426,#1427,
#1428,#1429,#1430,#1431,#1432,#1433,#1434,#1435,#1436,#1437,#1438,#1439,
#1440,#1441,#1442,#1443,#1444,#1445,#1446,#1447,#1448,#1449,#1450,#1451,
#1452,#1453,#1454,#1455),.UNSPECIFIED.,.F.,.F.,(4,3,3,3,3,3,3,3,3,3,3,3,
3,3,3,3,3,3,3,3,3,3,3,3,3,3,3,4),(0.,0.015139136503794,0.0309564198115082,
0.0436407987507228,0.0490069308696284,0.052044821304723,0.0683465787428906,
0.0849463353469277,0.0968176143415019,0.101867629190567,0.10487784927321,
0.121953402934685,0.132431451325224,0.149056830247259,0.154031659010004,
0.158630847354486,0.175668271231195,0.193108891096451,0.203697797398409,
0.209527800765852,0.213038439080125,0.231029168784036,0.242726911966056,
0.247559313100592,0.251098523925685,0.269294651622835,0.277820141512115,
0.285142803995127),.UNSPECIFIED.);
#205=B_SPLINE_CURVE_WITH_KNOTS('',3,(#1456,#1457,#1458,#1459,#1460,#1461,
#1462,#1463,#1464,#1465,#1466,#1467,#1468,#1469,#1470,#1471,#1472,#1473,
#1474,#1475,#1476,#1477,#1478,#1479,#1480,#1481,#1482,#1483,#1484,#1485,
#1486,#1487,#1488,#1489,#1490,#1491,#1492,#1493,#1494,#1495,#1496,#1497,
#1498,#1499,#1500,#1501,#1502,#1503,#1504,#1505,#1506,#1507,#1508,#1509,
#1510,#1511,#1512,#1513,#1514,#1515,#1516,#1517,#1518,#1519,#1520,#1521,
#1522,#1523,#1524,#1525,#1526,#1527,#1528,#1529,#1530,#1531,#1532,#1533,
#1534,#1535,#1536,#1537,#1538,#1539,#1540,#1541,#1542,#1543,#1544,#1545,
#1546,#1547,#1548,#1549,#1550,#1551,#1552,#1553,#1554,#1555,#1556,#1557,
#1558,#1559,#1560,#1561,#1562,#1563,#1564,#1565,#1566,#1567,#1568,#1569,
#1570,#1571,#1572,#1573,#1574,#1575,#1576,#1577,#1578,#1579,#1580,#1581,
#1582,#1583,#1584,#1585,#1586,#1587,#1588,#1589,#1590,#1591,#1592,#1593,
#1594,#1595,#1596,#1597,#1598,#1599,#1600,#1601,#1602,#1603,#1604,#1605,
#1606,#1607,#1608,#1609),.UNSPECIFIED.,.F.,.F.,(4,3,3,3,3,3,3,3,3,3,3,3,
3,3,3,3,3,3,3,3,3,3,3,3,3,3,3,3,3,3,3,3,3,3,3,3,3,3,3,3,3,3,3,3,3,3,3,3,
3,3,3,4),(-50.2654824574367,-49.3264669332015,-48.3399375945375,-47.3534082558735,
-46.3668789172094,-45.3803495785454,-44.3938202398814,-43.4072909012173,
-42.4207615625533,-41.4342322238893,-40.4477028852252,-39.4611735465612,
-38.4746442078972,-37.4881148692332,-36.5015855305691,-35.5150561919051,
-34.5285268532411,-33.541997514577,-32.555468175913,-31.568938837249,-30.5824094985849,
-29.5958801599209,-28.6093508212569,-27.6228214825929,-26.6362921439288,
-25.6497628052648,-24.6632334666008,-23.6767041279367,-22.6901747892727,
-21.7036454506087,-20.7171161119446,-19.7305867732806,-18.7440574346166,
-17.7575280959525,-16.7709987572885,-15.7844694186245,-14.7979400799605,
-13.8114107412964,-12.8248814026324,-11.8383520639684,-10.8518227253043,
-9.8652933866403,-8.87876404797627,-7.89223470931224,-6.90570537064822,
-5.91917603198418,-4.93264669332015,-3.94611735465612,-2.95958801599209,
-1.97305867732806,-0.986529338664031,0.),.UNSPECIFIED.);
#206=B_SPLINE_CURVE_WITH_KNOTS('',3,(#1835,#1836,#1837,#1838,#1839,#1840,
#1841,#1842,#1843,#1844,#1845,#1846,#1847,#1848,#1849,#1850,#1851,#1852,
#1853,#1854,#1855,#1856,#1857,#1858,#1859,#1860,#1861,#1862,#1863,#1864,
#1865,#1866,#1867,#1868,#1869,#1870,#1871,#1872,#1873,#1874,#1875,#1876,
#1877,#1878,#1879,#1880,#1881,#1882,#1883,#1884,#1885,#1886,#1887,#1888,
#1889,#1890,#1891,#1892,#1893,#1894,#1895,#1896,#1897,#1898,#1899,#1900,
#1901,#1902,#1903,#1904,#1905,#1906,#1907,#1908,#1909,#1910,#1911,#1912,
#1913,#1914,#1915,#1916),.UNSPECIFIED.,.F.,.F.,(4,3,3,3,3,3,3,3,3,3,3,3,
3,3,3,3,3,3,3,3,3,3,3,3,3,3,3,4),(0.,0.0151391190130139,0.0309563899582242,
0.0436407726291006,0.0490068534735738,0.0520448103024228,0.0683465555541722,
0.0849463087295673,0.0968175943784843,0.101867572939074,0.104877752493933,
0.121953308341263,0.132431451325235,0.149056839169208,0.15403166086477,
0.158630846829017,0.175668280439729,0.1931089047636,0.203697809357166,0.209527814359429,
0.213038452009842,0.231029182524267,0.242726922271233,0.247559350145319,
0.251098562242549,0.269294689503767,0.277820141512133,0.28514280399514),
 .UNSPECIFIED.);
#207=B_SPLINE_CURVE_WITH_KNOTS('',3,(#1918,#1919,#1920,#1921,#1922,#1923,
#1924,#1925,#1926,#1927,#1928,#1929,#1930,#1931,#1932,#1933,#1934,#1935,
#1936,#1937,#1938,#1939,#1940,#1941,#1942,#1943,#1944,#1945,#1946,#1947,
#1948,#1949,#1950,#1951,#1952,#1953,#1954,#1955,#1956,#1957,#1958,#1959,
#1960,#1961,#1962,#1963,#1964,#1965,#1966,#1967,#1968,#1969,#1970,#1971,
#1972,#1973,#1974,#1975,#1976,#1977,#1978,#1979,#1980,#1981,#1982,#1983,
#1984,#1985,#1986,#1987,#1988,#1989,#1990,#1991,#1992,#1993,#1994,#1995,
#1996,#1997,#1998,#1999,#2000,#2001,#2002,#2003,#2004,#2005,#2006,#2007,
#2008,#2009,#2010,#2011,#2012,#2013,#2014,#2015,#2016,#2017,#2018,#2019,
#2020,#2021,#2022,#2023,#2024,#2025,#2026,#2027,#2028,#2029,#2030,#2031,
#2032,#2033,#2034,#2035,#2036,#2037,#2038,#2039,#2040,#2041,#2042,#2043,
#2044,#2045,#2046,#2047,#2048,#2049,#2050,#2051,#2052,#2053,#2054,#2055,
#2056,#2057,#2058,#2059,#2060,#2061,#2062,#2063,#2064,#2065,#2066,#2067,
#2068,#2069,#2070,#2071),.UNSPECIFIED.,.F.,.F.,(4,3,3,3,3,3,3,3,3,3,3,3,
3,3,3,3,3,3,3,3,3,3,3,3,3,3,3,3,3,3,3,3,3,3,3,3,3,3,3,3,3,3,3,3,3,3,3,3,
3,3,3,4),(2.02057249175693,2.95958801599209,3.94611735465612,4.93264669332015,
5.91917603198418,6.90570537064821,7.89223470931224,8.87876404797627,9.8652933866403,
10.8518227253043,11.8383520639684,12.8248814026324,13.8114107412964,14.7979400799605,
15.7844694186245,16.7709987572885,17.7575280959525,18.7440574346166,19.7305867732806,
20.7171161119446,21.7036454506087,22.6901747892727,23.6767041279367,24.6632334666008,
25.6497628052648,26.6362921439288,27.6228214825928,28.6093508212569,29.5958801599209,
30.5824094985849,31.568938837249,32.555468175913,33.541997514577,34.528526853241,
35.5150561919051,36.5015855305691,37.4881148692331,38.4746442078972,39.4611735465612,
40.4477028852252,41.4342322238893,42.4207615625533,43.4072909012173,44.3938202398814,
45.3803495785454,46.3668789172094,47.3534082558734,48.3399375945375,49.3264669332015,
50.3129962718655,51.2995256105296,52.2860549491936),.UNSPECIFIED.);
#208=B_SPLINE_CURVE_WITH_KNOTS('',3,(#2072,#2073,#2074,#2075,#2076,#2077,
#2078,#2079,#2080,#2081,#2082,#2083,#2084,#2085,#2086,#2087,#2088,#2089,
#2090,#2091,#2092,#2093,#2094,#2095,#2096,#2097,#2098,#2099,#2100,#2101,
#2102,#2103,#2104,#2105,#2106,#2107,#2108,#2109,#2110,#2111,#2112,#2113,
#2114,#2115,#2116,#2117,#2118,#2119,#2120,#2121,#2122,#2123,#2124,#2125,
#2126,#2127,#2128,#2129,#2130,#2131,#2132,#2133,#2134,#2135,#2136,#2137,
#2138,#2139,#2140,#2141,#2142,#2143,#2144,#2145,#2146,#2147,#2148,#2149,
#2150),.UNSPECIFIED.,.F.,.F.,(4,3,3,3,3,3,3,3,3,3,3,3,3,3,3,3,3,3,3,3,3,
3,3,3,3,3,4),(0.,0.0183455177171488,0.0365842872864997,0.050356769092836,
0.05750658025129,0.0612718333848176,0.0790234242201115,0.0964121145109832,
0.109000121317535,0.115579392372803,0.118639174191527,0.135489212465258,
0.146764141737191,0.163451454243385,0.168604824251401,0.173128198423524,
0.18989886090691,0.206649266672099,0.217356063567205,0.222872564560138,
0.226199876065235,0.242290538052414,0.252394835675148,0.25608877121291,
0.27159698447729,0.280262641786742,0.286347380332256),.UNSPECIFIED.);
#209=B_SPLINE_CURVE_WITH_KNOTS('',3,(#2154,#2155,#2156,#2157,#2158,#2159,
#2160,#2161,#2162,#2163,#2164,#2165,#2166,#2167,#2168,#2169,#2170,#2171,
#2172,#2173,#2174,#2175,#2176,#2177),.UNSPECIFIED.,.F.,.F.,(4,1,1,1,1,1,
1,1,1,1,1,1,1,1,1,1,1,1,1,1,1,4),(-5.27318126458095,-5.24964027536702,-5.22609928615309,
-5.17901730772523,-5.08485335086952,-4.89652543715809,-4.51986960973524,
-3.76655795488953,-3.01324630004383,-2.76214241509526,-2.25993464519812,
-2.00883076024955,-1.75772687530098,-1.50662299035241,-1.12996716292956,
-0.753311335506703,-0.37665550808385,-0.188327594372423,-0.0941636375167096,
-0.0470816590888529,-0.0235406698749246,-0.0149984364254853),
 .UNSPECIFIED.);
#210=B_SPLINE_CURVE_WITH_KNOTS('',3,(#2181,#2182,#2183,#2184,#2185,#2186,
#2187,#2188,#2189,#2190,#2191,#2192),.UNSPECIFIED.,.F.,.F.,(4,1,1,1,1,1,
1,1,1,4),(-3.85436715421353,-3.57905521462685,-3.30374327504017,-3.02843133545348,
-2.7531193958668,-2.20249551669344,-1.65187163752008,-1.10124775834672,
-0.550623879173361,-5.13051637738702E-16),.UNSPECIFIED.);
#211=B_SPLINE_CURVE_WITH_KNOTS('',3,(#2196,#2197,#2198,#2199,#2200,#2201,
#2202,#2203,#2204,#2205,#2206,#2207,#2208),.UNSPECIFIED.,.F.,.F.,(4,1,1,
1,1,1,1,1,1,1,4),(-3.61952309524725,-3.36098573130102,-3.10244836735479,
-2.84391100340855,-2.58537363946232,-2.06829891156986,-1.55122418367739,
-1.03414945578493,-0.517074727892464,-0.258537363946232,0.),
 .UNSPECIFIED.);
#212=B_SPLINE_CURVE_WITH_KNOTS('',3,(#2219,#2220,#2221,#2222,#2223,#2224,
#2225,#2226,#2227,#2228,#2229),.UNSPECIFIED.,.F.,.F.,(4,2,1,2,2,4),(0.,
0.384291557281317,0.945197667786103,1.01408737127129,1.54525973097734,1.91768266445027),
 .UNSPECIFIED.);
#213=B_SPLINE_CURVE_WITH_KNOTS('',3,(#2237,#2238,#2239,#2240,#2241,#2242,
#2243,#2244),.UNSPECIFIED.,.F.,.F.,(4,2,2,4),(0.,0.566123272652892,1.4331814884108,
1.90938355415692),.UNSPECIFIED.);
#214=B_SPLINE_CURVE_WITH_KNOTS('',3,(#2247,#2248,#2249,#2250,#2251,#2252,
#2253,#2254,#2255,#2256,#2257,#2258,#2259,#2260,#2261,#2262,#2263,#2264,
#2265),.UNSPECIFIED.,.F.,.F.,(4,1,2,2,1,1,2,1,2,1,2,4),(2.26172841403712E-17,
0.28309121006322,0.382919075744006,0.749518150770619,0.99580805655253,1.06287477141302,
1.18052548588896,1.41878070191308,1.73645432327856,2.24603339332358,2.62821769585734,
3.10022038057131),.UNSPECIFIED.);
#215=B_SPLINE_CURVE_WITH_KNOTS('',3,(#2502,#2503,#2504,#2505,#2506,#2507,
#2508,#2509,#2510,#2511,#2512,#2513,#2514,#2515,#2516,#2517,#2518,#2519,
#2520,#2521,#2522,#2523,#2524,#2525,#2526,#2527),.UNSPECIFIED.,.F.,.F.,
(4,1,1,1,1,1,1,1,1,1,1,1,1,1,1,1,1,1,1,1,1,1,1,4),(0.,0.0058849279644783,
0.0117701752679604,0.0235406698749246,0.0470816590888529,0.0941636375167096,
0.188327594372423,0.37665550808385,0.753311335506703,1.12996716292956,1.50662299035241,
1.75772687530098,2.00883076024955,2.25993464519812,2.76214241509526,3.01324630004383,
3.76655795488953,4.51986960973524,4.89652543715809,5.08485335086952,5.17901730772523,
5.22609928615309,5.24964027536702,5.27318126458095),.UNSPECIFIED.);
#216=B_SPLINE_CURVE_WITH_KNOTS('',3,(#2528,#2529,#2530,#2531,#2532,#2533,
#2534,#2535,#2536),.UNSPECIFIED.,.F.,.F.,(4,1,1,1,1,1,4),(0.,0.142857142857143,
0.285714285714286,0.428571428571429,0.571428571428571,0.857142857142857,
1.),.UNSPECIFIED.);
#217=B_SPLINE_CURVE_WITH_KNOTS('',3,(#2537,#2538,#2539,#2540,#2541,#2542,
#2543,#2544,#2545,#2546,#2547,#2548),.UNSPECIFIED.,.F.,.F.,(4,2,2,2,2,4),
(-0.199115154701275,-0.198107109584574,-0.13435506316745,-0.0960532000690444,
-0.0545485021924762,0.),.UNSPECIFIED.);
#218=B_SPLINE_CURVE_WITH_KNOTS('',3,(#2650,#2651,#2652,#2653,#2654,#2655,
#2656,#2657,#2658,#2659),.UNSPECIFIED.,.F.,.F.,(4,1,1,1,1,1,1,4),(0.,0.142857142857143,
0.285714285714286,0.428571428571429,0.571428571428571,0.714285714285714,
0.857142857142857,1.),.UNSPECIFIED.);
#219=B_SPLINE_CURVE_WITH_KNOTS('',3,(#2782,#2783,#2784,#2785,#2786,#2787,
#2788,#2789,#2790,#2791),.UNSPECIFIED.,.F.,.F.,(4,1,1,1,1,1,1,4),(0.,0.142857142857143,
0.285714285714286,0.428571428571429,0.571428571428571,0.714285714285714,
0.857142857142857,1.),.UNSPECIFIED.);
#220=B_SPLINE_CURVE_WITH_KNOTS('',3,(#2792,#2793,#2794,#2795,#2796,#2797,
#2798,#2799,#2800,#2801,#2802,#2803),.UNSPECIFIED.,.F.,.F.,(4,1,1,1,1,1,
1,1,1,4),(5.13051637738702E-16,0.550623879173361,1.10124775834672,1.65187163752008,
2.20249551669344,2.7531193958668,3.02843133545348,3.30374327504017,3.57905521462685,
3.85436715421353),.UNSPECIFIED.);
#221=B_SPLINE_CURVE_WITH_KNOTS('',3,(#2905,#2906,#2907,#2908,#2909,#2910,
#2911,#2912,#2913,#2914),.UNSPECIFIED.,.F.,.F.,(4,1,1,1,1,1,1,4),(0.,0.142857142857143,
0.285714285714286,0.428571428571429,0.571428571428571,0.714285714285714,
0.857142857142857,1.),.UNSPECIFIED.);
#222=B_SPLINE_CURVE_WITH_KNOTS('',3,(#3047,#3048,#3049,#3050,#3051,#3052,
#3053,#3054,#3055,#3056),.UNSPECIFIED.,.F.,.F.,(4,1,1,1,1,1,1,4),(0.,0.142857142857143,
0.285714285714286,0.428571428571429,0.571428571428571,0.714285714285714,
0.857142857142857,1.),.UNSPECIFIED.);
#223=B_SPLINE_CURVE_WITH_KNOTS('',3,(#3057,#3058,#3059,#3060,#3061,#3062,
#3063,#3064,#3065,#3066,#3067,#3068,#3069),.UNSPECIFIED.,.F.,.F.,(4,1,1,
1,1,1,1,1,1,1,4),(0.,0.258537363946232,0.517074727892464,1.03414945578493,
1.55122418367739,2.06829891156986,2.58537363946232,2.84391100340855,3.10244836735479,
3.36098573130102,3.61952309524725),.UNSPECIFIED.);
#224=B_SPLINE_CURVE_WITH_KNOTS('',3,(#3214,#3215,#3216,#3217,#3218,#3219,
#3220,#3221,#3222,#3223,#3224,#3225),.UNSPECIFIED.,.F.,.F.,(4,1,1,1,1,1,
1,1,1,4),(0.,0.275295872893735,0.55059174578747,0.825887618681205,1.10118349157494,
1.65177523736241,2.20236698314988,2.75295872893735,3.30355047472482,3.85414222051229),
 .UNSPECIFIED.);
#225=B_SPLINE_CURVE_WITH_KNOTS('',3,(#3273,#3274,#3275,#3276,#3277,#3278,
#3279,#3280,#3281,#3282,#3283,#3284,#3285,#3286,#3287,#3288,#3289,#3290,
#3291,#3292,#3293,#3294,#3295,#3296,#3297,#3298,#3299,#3300),
 .UNSPECIFIED.,.F.,.F.,(4,1,1,1,1,1,1,1,1,1,1,1,1,1,1,1,1,1,1,1,1,1,1,1,
1,4),(0.,0.0235409892139283,0.0470819784278565,0.094163956855713,0.188327913711426,
0.376655827422852,0.753311654845704,1.50662330969141,2.00883107958854,2.25993496453711,
2.76214273443425,3.01324661938282,3.20157453309424,3.38990244680567,3.57823036051709,
3.76655827422852,4.14321410165137,4.51986992907423,4.89652575649708,5.0848536702085,
5.17901762706422,5.22609960549207,5.249640594706,5.26141108931296,5.26729633661645,
5.27318126458092),.UNSPECIFIED.);
#226=B_SPLINE_CURVE_WITH_KNOTS('',3,(#3404,#3405,#3406,#3407,#3408,#3409,
#3410,#3411,#3412,#3413),.UNSPECIFIED.,.F.,.F.,(4,1,1,1,1,1,1,4),(0.,0.142857142857143,
0.285714285714286,0.428571428571429,0.571428571428571,0.714285714285714,
0.857142857142857,1.),.UNSPECIFIED.);
#227=B_SPLINE_CURVE_WITH_KNOTS('',3,(#3416,#3417,#3418,#3419,#3420,#3421,
#3422,#3423,#3424,#3425,#3426,#3427),.UNSPECIFIED.,.F.,.F.,(4,2,2,2,2,4),
(-0.00109819015152173,0.,0.0694547157032334,0.111183135625992,0.156400921959591,
0.215829435914625),.UNSPECIFIED.);
#228=B_SPLINE_CURVE_WITH_KNOTS('',3,(#3560,#3561,#3562,#3563,#3564,#3565,
#3566,#3567,#3568,#3569),.UNSPECIFIED.,.F.,.F.,(4,1,1,1,1,1,1,4),(0.,0.142857142857143,
0.285714285714286,0.428571428571429,0.571428571428571,0.714285714285714,
0.857142857142857,1.),.UNSPECIFIED.);
#229=B_SPLINE_CURVE_WITH_KNOTS('',3,(#3570,#3571,#3572,#3573,#3574,#3575,
#3576,#3577,#3578,#3579,#3580,#3581,#3582),.UNSPECIFIED.,.F.,.F.,(4,1,1,
1,1,1,1,1,1,1,4),(-3.61899608370514,-3.36049636344049,-3.10199664317583,
-2.58499720264653,-2.06799776211722,-1.55099832158792,-1.03399888105861,
-0.775499160793958,-0.516999440529306,-0.258499720264653,0.),
 .UNSPECIFIED.);
#230=B_SPLINE_CURVE_WITH_KNOTS('',3,(#3583,#3584,#3585,#3586,#3587,#3588,
#3589,#3590,#3591,#3592,#3593,#3594,#3595),.UNSPECIFIED.,.F.,.F.,(4,1,1,
1,1,1,1,1,1,1,4),(0.,0.258499720264653,0.516999440529306,0.775499160793958,
1.03399888105861,1.55099832158792,2.06799776211722,2.58499720264653,3.10199664317583,
3.36049636344049,3.61899608370514),.UNSPECIFIED.);
#231=B_SPLINE_CURVE_WITH_KNOTS('',3,(#3697,#3698,#3699,#3700,#3701,#3702,
#3703,#3704,#3705,#3706),.UNSPECIFIED.,.F.,.F.,(4,1,1,1,1,1,1,4),(0.,0.142857142857143,
0.285714285714286,0.428571428571429,0.571428571428571,0.714285714285714,
0.857142857142857,1.),.UNSPECIFIED.);
#232=B_SPLINE_CURVE_WITH_KNOTS('',3,(#3830,#3831,#3832,#3833,#3834,#3835,
#3836,#3837,#3838,#3839),.UNSPECIFIED.,.F.,.F.,(4,1,1,1,1,1,1,4),(0.,0.142857142857143,
0.285714285714286,0.428571428571429,0.571428571428571,0.714285714285714,
0.857142857142857,1.),.UNSPECIFIED.);
#233=B_SPLINE_CURVE_WITH_KNOTS('',3,(#3840,#3841,#3842,#3843,#3844,#3845,
#3846,#3847,#3848,#3849,#3850,#3851),.UNSPECIFIED.,.F.,.F.,(4,1,1,1,1,1,
1,1,1,4),(-3.85414222051229,-3.30355047472482,-2.75295872893735,-2.20236698314988,
-1.65177523736241,-1.10118349157494,-0.825887618681205,-0.55059174578747,
-0.275295872893735,0.),.UNSPECIFIED.);
#234=B_SPLINE_CURVE_WITH_KNOTS('',3,(#3953,#3954,#3955,#3956,#3957,#3958,
#3959,#3960,#3961,#3962),.UNSPECIFIED.,.F.,.F.,(4,1,1,1,1,1,1,4),(0.,0.142857142857143,
0.285714285714286,0.428571428571429,0.571428571428571,0.714285714285714,
0.857142857142857,1.),.UNSPECIFIED.);
#235=B_SPLINE_CURVE_WITH_KNOTS('',3,(#4188,#4189,#4190,#4191,#4192,#4193,
#4194,#4195,#4196,#4197,#4198,#4199,#4200,#4201,#4202,#4203,#4204,#4205,
#4206,#4207,#4208,#4209,#4210,#4211,#4212,#4213),.UNSPECIFIED.,.F.,.F.,
(4,1,1,1,1,1,1,1,1,1,1,1,1,1,1,1,1,1,1,1,1,1,1,4),(-5.25818282487124,-5.249640594706,
-5.22609960549207,-5.17901762706422,-5.0848536702085,-4.89652575649708,
-4.51986992907423,-4.14321410165137,-3.76655827422852,-3.57823036051709,
-3.38990244680567,-3.20157453309424,-3.01324661938282,-2.76214273443425,
-2.25993496453711,-2.00883107958854,-1.50662330969141,-0.753311654845704,
-0.376655827422852,-0.188327913711426,-0.094163956855713,-0.0470819784278565,
-0.0235409892139283,0.),.UNSPECIFIED.);
#236=B_SPLINE_CURVE_WITH_KNOTS('',3,(#4262,#4263,#4264,#4265,#4266,#4267,
#4268,#4269,#4270),.UNSPECIFIED.,.F.,.F.,(4,2,1,2,4),(0.,0.476853330663755,
0.848634750027835,1.34434330917994,1.90939613359613),.UNSPECIFIED.);
#237=B_SPLINE_CURVE_WITH_KNOTS('',3,(#4278,#4279,#4280,#4281,#4282,#4283,
#4284,#4285,#4286,#4287,#4288),.UNSPECIFIED.,.F.,.F.,(4,2,2,1,2,4),(0.,
0.373164262745086,0.904902856585263,0.975928730625685,1.53464649032327,
1.91889264979393),.UNSPECIFIED.);
#238=B_SPLINE_CURVE_WITH_KNOTS('',3,(#4292,#4293,#4294,#4295,#4296,#4297,
#4298,#4299,#4300,#4301,#4302,#4303,#4304,#4305,#4306,#4307,#4308,#4309),
 .UNSPECIFIED.,.F.,.F.,(4,2,2,1,2,1,1,2,2,1,4),(0.,0.475335618181748,1.36451391845246,
1.68149514021229,1.91923105653217,2.04143517632719,2.10364212777021,2.34952355608761,
2.7165083155065,2.80935389260325,3.09591258640781),.UNSPECIFIED.);
#239=B_SPLINE_CURVE_WITH_KNOTS('',3,(#4376,#4377,#4378,#4379,#4380,#4381,
#4382,#4383,#4384,#4385),.UNSPECIFIED.,.F.,.F.,(4,1,1,1,1,1,1,4),(0.,0.142857142857143,
0.285714285714286,0.428571428571429,0.571428571428571,0.714285714285714,
0.857142857142857,1.),.UNSPECIFIED.);
#240=B_SPLINE_CURVE_WITH_KNOTS('',3,(#4387,#4388,#4389,#4390,#4391,#4392,
#4393,#4394,#4395,#4396),.UNSPECIFIED.,.F.,.F.,(4,1,1,1,1,1,1,4),(-1.,-0.857142857142857,
-0.714285714285714,-0.571428571428571,-0.428571428571429,-0.285714285714286,
-0.142857142857143,0.),.UNSPECIFIED.);
#241=B_SPLINE_CURVE_WITH_KNOTS('',3,(#4487,#4488,#4489,#4490,#4491,#4492,
#4493,#4494),.UNSPECIFIED.,.F.,.F.,(4,1,1,1,1,4),(0.,0.285714285714286,
0.571428571428571,0.821428571428571,0.857142857142857,1.),.UNSPECIFIED.);
#242=B_SPLINE_CURVE_WITH_KNOTS('',3,(#4495,#4496,#4497,#4498,#4499,#4500,
#4501,#4502,#4503,#4504,#4505),.UNSPECIFIED.,.F.,.F.,(4,2,2,1,2,4),(-1.91768266445027,
-1.54525973097734,-1.01408737127129,-0.945197667786103,-0.384291557281317,
0.),.UNSPECIFIED.);
#243=B_SPLINE_CURVE_WITH_KNOTS('',3,(#4558,#4559,#4560,#4561,#4562,#4563,
#4564,#4565,#4566,#4567),.UNSPECIFIED.,.F.,.F.,(4,1,1,1,1,1,1,4),(-1.,-0.857142857142857,
-0.714285714285714,-0.571428571428571,-0.428571428571429,-0.285714285714286,
-0.142857142857143,0.),.UNSPECIFIED.);
#244=B_SPLINE_CURVE_WITH_KNOTS('',3,(#4609,#4610,#4611,#4612,#4613,#4614,
#4615,#4616,#4617,#4618),.UNSPECIFIED.,.F.,.F.,(4,1,1,1,1,1,1,4),(0.,0.142857142857143,
0.285714285714286,0.428571428571429,0.571428571428571,0.714285714285714,
0.857142857142857,1.),.UNSPECIFIED.);
#245=B_SPLINE_CURVE_WITH_KNOTS('',3,(#4672,#4673,#4674,#4675,#4676,#4677,
#4678,#4679,#4680,#4681),.UNSPECIFIED.,.F.,.F.,(4,1,1,1,1,1,1,4),(-1.,-0.857142857142857,
-0.714285714285714,-0.571428571428571,-0.428571428571429,-0.285714285714286,
-0.142857142857143,0.),.UNSPECIFIED.);
#246=B_SPLINE_CURVE_WITH_KNOTS('',3,(#4747,#4748,#4749,#4750,#4751,#4752,
#4753,#4754),.UNSPECIFIED.,.F.,.F.,(4,1,1,1,1,4),(0.,0.285714285714286,
0.571428571428571,0.714285714285714,0.857142857142857,1.),.UNSPECIFIED.);
#247=B_SPLINE_CURVE_WITH_KNOTS('',3,(#4755,#4756,#4757,#4758,#4759,#4760,
#4761,#4762),.UNSPECIFIED.,.F.,.F.,(4,2,2,4),(-1.90938355415692,-1.4331814884108,
-0.566123272652892,0.),.UNSPECIFIED.);
#248=B_SPLINE_CURVE_WITH_KNOTS('',3,(#4834,#4835,#4836,#4837,#4838,#4839,
#4840,#4841,#4842,#4843),.UNSPECIFIED.,.F.,.F.,(4,1,1,1,1,1,1,4),(0.,0.142857142857143,
0.285714285714286,0.428571428571429,0.571428571428571,0.714285714285714,
0.857142857142857,1.),.UNSPECIFIED.);
#249=B_SPLINE_CURVE_WITH_KNOTS('',3,(#5016,#5017,#5018,#5019,#5020,#5021,
#5022,#5023,#5024,#5025,#5026,#5027,#5028,#5029,#5030,#5031,#5032,#5033,
#5034),.UNSPECIFIED.,.F.,.F.,(4,2,1,2,1,2,1,1,2,2,1,4),(-3.10022038057131,
-2.62821769585734,-2.24603339332358,-1.73645432327856,-1.41878070191308,
-1.18052548588896,-1.06287477141302,-0.99580805655253,-0.749518150770619,
-0.382919075744006,-0.28309121006322,-2.26172841403712E-17),
 .UNSPECIFIED.);
#250=B_SPLINE_CURVE_WITH_KNOTS('',3,(#5079,#5080,#5081,#5082,#5083,#5084,
#5085,#5086,#5087,#5088,#5089),.UNSPECIFIED.,.F.,.F.,(4,2,1,2,2,4),(-1.91889264979393,
-1.53464649032327,-0.975928730625685,-0.904902856585263,-0.373164262745086,
0.),.UNSPECIFIED.);
#251=B_SPLINE_CURVE_WITH_KNOTS('',3,(#5176,#5177,#5178,#5179,#5180,#5181,
#5182,#5183,#5184),.UNSPECIFIED.,.F.,.F.,(4,1,1,1,1,1,4),(0.,0.142857142857143,
0.285714285714286,0.428571428571429,0.571428571428571,0.857142857142857,
1.),.UNSPECIFIED.);
#252=B_SPLINE_CURVE_WITH_KNOTS('',3,(#5186,#5187,#5188,#5189,#5190,#5191,
#5192,#5193,#5194),.UNSPECIFIED.,.F.,.F.,(4,1,1,1,1,1,4),(-1.,-0.857142857142857,
-0.571428571428571,-0.428571428571429,-0.285714285714286,-0.142857142857143,
0.),.UNSPECIFIED.);
#253=B_SPLINE_CURVE_WITH_KNOTS('',3,(#5195,#5196,#5197,#5198,#5199,#5200,
#5201,#5202,#5203),.UNSPECIFIED.,.F.,.F.,(4,2,1,2,4),(-1.90939613359613,
-1.34434330917994,-0.848634750027835,-0.476853330663755,0.),
 .UNSPECIFIED.);
#254=B_SPLINE_CURVE_WITH_KNOTS('',3,(#5255,#5256,#5257,#5258,#5259,#5260,
#5261,#5262,#5263,#5264),.UNSPECIFIED.,.F.,.F.,(4,1,1,1,1,1,1,4),(-1.,-0.857142857142857,
-0.714285714285714,-0.571428571428571,-0.428571428571429,-0.285714285714286,
-0.142857142857143,0.),.UNSPECIFIED.);
#255=B_SPLINE_CURVE_WITH_KNOTS('',3,(#5305,#5306,#5307,#5308,#5309,#5310,
#5311,#5312,#5313,#5314),.UNSPECIFIED.,.F.,.F.,(4,1,1,1,1,1,1,4),(0.,0.142857142857143,
0.285714285714286,0.428571428571429,0.571428571428571,0.714285714285714,
0.857142857142857,1.),.UNSPECIFIED.);
#256=B_SPLINE_CURVE_WITH_KNOTS('',3,(#5365,#5366,#5367,#5368,#5369,#5370,
#5371,#5372,#5373,#5374),.UNSPECIFIED.,.F.,.F.,(4,1,1,1,1,1,1,4),(-1.,-0.857142857142857,
-0.714285714285714,-0.571428571428571,-0.428571428571429,-0.285714285714286,
-0.142857142857143,0.),.UNSPECIFIED.);
#257=B_SPLINE_CURVE_WITH_KNOTS('',3,(#5474,#5475,#5476,#5477,#5478,#5479,
#5480,#5481,#5482),.UNSPECIFIED.,.F.,.F.,(4,1,1,1,1,1,4),(0.,0.142857142857143,
0.285714285714286,0.428571428571429,0.571428571428571,0.857142857142857,
1.),.UNSPECIFIED.);
#258=B_SPLINE_CURVE_WITH_KNOTS('',3,(#5543,#5544,#5545,#5546,#5547,#5548,
#5549,#5550,#5551,#5552),.UNSPECIFIED.,.F.,.F.,(4,1,1,1,1,1,1,4),(-1.,-0.857142857142857,
-0.714285714285714,-0.571428571428571,-0.428571428571429,-0.285714285714286,
-0.142857142857143,0.),.UNSPECIFIED.);
#259=B_SPLINE_CURVE_WITH_KNOTS('',3,(#5716,#5717,#5718,#5719,#5720,#5721,
#5722,#5723,#5724),.UNSPECIFIED.,.F.,.F.,(4,1,1,1,1,1,4),(0.,0.285714285714286,
0.571428571428571,0.821428571428571,0.857142857142857,0.928571428571429,
1.),.UNSPECIFIED.);
#260=B_SPLINE_CURVE_WITH_KNOTS('',3,(#5725,#5726,#5727,#5728,#5729,#5730,
#5731,#5732,#5733,#5734,#5735,#5736,#5737,#5738,#5739,#5740,#5741,#5742),
 .UNSPECIFIED.,.F.,.F.,(4,1,2,2,1,1,2,1,2,2,4),(-3.09591258640781,-2.80935389260325,
-2.7165083155065,-2.34952355608761,-2.10364212777021,-2.04143517632719,
-1.91923105653217,-1.68149514021229,-1.36451391845246,-0.475335618181748,
0.),.UNSPECIFIED.);
#261=CIRCLE('',#776,1.543);
#262=CIRCLE('',#777,1.543);
#263=CIRCLE('',#779,5.00000000000001);
#264=CIRCLE('',#780,4.99999999999999);
#265=CIRCLE('',#781,5.00000000000063);
#266=CIRCLE('',#782,1.5);
#267=CIRCLE('',#783,3.5);
#268=CIRCLE('',#784,1.2645);
#269=CIRCLE('',#785,2.5);
#270=CIRCLE('',#786,2.5);
#271=CIRCLE('',#787,9.99999999999993);
#272=CIRCLE('',#788,2.5);
#273=CIRCLE('',#789,2.5);
#274=CIRCLE('',#790,6.50000000000001);
#275=CIRCLE('',#791,6.49999999999999);
#276=CIRCLE('',#792,6.50000000000063);
#277=CIRCLE('',#794,6.50000000000001);
#278=CIRCLE('',#795,6.50000000000063);
#279=CIRCLE('',#796,5.00000000000063);
#280=CIRCLE('',#797,4.99999999999999);
#281=CIRCLE('',#798,6.49999999999999);
#282=CIRCLE('',#799,5.00000000000001);
#283=CIRCLE('',#803,1.2645);
#284=CIRCLE('',#804,2.5);
#285=CIRCLE('',#805,9.99999999999993);
#286=CIRCLE('',#806,2.5);
#287=CIRCLE('',#807,2.5);
#288=CIRCLE('',#808,2.5);
#289=CIRCLE('',#809,3.5);
#290=CIRCLE('',#810,1.5);
#291=CIRCLE('',#811,0.999999999999996);
#292=CIRCLE('',#812,0.999999999999977);
#293=CIRCLE('',#813,11.4999999999999);
#294=CIRCLE('',#814,1.00000000000002);
#295=CIRCLE('',#815,1.);
#296=CIRCLE('',#817,11.4999999999999);
#297=CIRCLE('',#819,0.999999999999957);
#298=CIRCLE('',#821,1.);
#299=CIRCLE('',#822,1.00000000000002);
#300=CIRCLE('',#823,1.00000000000001);
#301=VERTEX_POINT('',#955);
#302=VERTEX_POINT('',#956);
#303=VERTEX_POINT('',#958);
#304=VERTEX_POINT('',#1013);
#305=VERTEX_POINT('',#1293);
#306=VERTEX_POINT('',#1373);
#307=VERTEX_POINT('',#1834);
#308=VERTEX_POINT('',#1917);
#309=VERTEX_POINT('',#2152);
#310=VERTEX_POINT('',#2153);
#311=VERTEX_POINT('',#2178);
#312=VERTEX_POINT('',#2180);
#313=VERTEX_POINT('',#2193);
#314=VERTEX_POINT('',#2195);
#315=VERTEX_POINT('',#2210);
#316=VERTEX_POINT('',#2212);
#317=VERTEX_POINT('',#2215);
#318=VERTEX_POINT('',#2216);
#319=VERTEX_POINT('',#2218);
#320=VERTEX_POINT('',#2230);
#321=VERTEX_POINT('',#2232);
#322=VERTEX_POINT('',#2234);
#323=VERTEX_POINT('',#2236);
#324=VERTEX_POINT('',#2245);
#325=VERTEX_POINT('',#2500);
#326=VERTEX_POINT('',#2501);
#327=VERTEX_POINT('',#2649);
#328=VERTEX_POINT('',#2781);
#329=VERTEX_POINT('',#2904);
#330=VERTEX_POINT('',#3046);
#331=VERTEX_POINT('',#3211);
#332=VERTEX_POINT('',#3213);
#333=VERTEX_POINT('',#3228);
#334=VERTEX_POINT('',#3271);
#335=VERTEX_POINT('',#3401);
#336=VERTEX_POINT('',#3403);
#337=VERTEX_POINT('',#3414);
#338=VERTEX_POINT('',#3558);
#339=VERTEX_POINT('',#3559);
#340=VERTEX_POINT('',#3696);
#341=VERTEX_POINT('',#3829);
#342=VERTEX_POINT('',#3952);
#343=VERTEX_POINT('',#4260);
#344=VERTEX_POINT('',#4261);
#345=VERTEX_POINT('',#4271);
#346=VERTEX_POINT('',#4273);
#347=VERTEX_POINT('',#4275);
#348=VERTEX_POINT('',#4277);
#349=VERTEX_POINT('',#4289);
#350=VERTEX_POINT('',#4291);
#351=VERTEX_POINT('',#4311);
#352=VERTEX_POINT('',#4313);
#353=VERTEX_POINT('',#4375);
#354=VERTEX_POINT('',#4386);
#355=VERTEX_POINT('',#4486);
#356=VERTEX_POINT('',#4556);
#357=VERTEX_POINT('',#4608);
#358=VERTEX_POINT('',#4670);
#359=VERTEX_POINT('',#4746);
#360=VERTEX_POINT('',#4833);
#361=VERTEX_POINT('',#5036);
#362=VERTEX_POINT('',#5038);
#363=VERTEX_POINT('',#5042);
#364=VERTEX_POINT('',#5077);
#365=VERTEX_POINT('',#5091);
#366=VERTEX_POINT('',#5175);
#367=VERTEX_POINT('',#5185);
#368=VERTEX_POINT('',#5715);
#369=EDGE_CURVE('',#301,#302,#261,.T.);
#370=EDGE_CURVE('',#303,#301,#201,.T.);
#371=EDGE_CURVE('',#304,#303,#262,.T.);
#372=EDGE_CURVE('',#304,#302,#202,.T.);
#373=EDGE_CURVE('',#302,#305,#203,.T.);
#374=EDGE_CURVE('',#306,#304,#204,.T.);
#375=EDGE_CURVE('',#305,#306,#205,.T.);
#376=EDGE_CURVE('',#307,#301,#206,.T.);
#377=EDGE_CURVE('',#308,#307,#207,.T.);
#378=EDGE_CURVE('',#303,#308,#208,.T.);
#379=EDGE_CURVE('',#309,#310,#209,.T.);
#380=EDGE_CURVE('',#311,#309,#263,.T.);
#381=EDGE_CURVE('',#312,#311,#210,.T.);
#382=EDGE_CURVE('',#313,#312,#264,.T.);
#383=EDGE_CURVE('',#314,#313,#211,.T.);
#384=EDGE_CURVE('',#310,#314,#265,.T.);
#385=EDGE_CURVE('',#315,#315,#266,.T.);
#386=EDGE_CURVE('',#316,#316,#267,.T.);
#387=EDGE_CURVE('',#308,#306,#268,.T.);
#388=EDGE_CURVE('',#317,#318,#269,.T.);
#389=EDGE_CURVE('',#319,#317,#212,.T.);
#390=EDGE_CURVE('',#320,#319,#270,.T.);
#391=EDGE_CURVE('',#321,#320,#271,.T.);
#392=EDGE_CURVE('',#322,#321,#272,.T.);
#393=EDGE_CURVE('',#323,#322,#213,.T.);
#394=EDGE_CURVE('',#324,#323,#273,.T.);
#395=EDGE_CURVE('',#318,#324,#214,.T.);
#396=EDGE_CURVE('',#325,#326,#215,.T.);
#397=EDGE_CURVE('',#326,#309,#216,.T.);
#398=EDGE_CURVE('',#310,#325,#217,.T.);
#399=EDGE_CURVE('',#327,#311,#218,.T.);
#400=EDGE_CURVE('',#326,#327,#274,.T.);
#401=EDGE_CURVE('',#328,#312,#219,.T.);
#402=EDGE_CURVE('',#327,#328,#220,.T.);
#403=EDGE_CURVE('',#329,#313,#221,.T.);
#404=EDGE_CURVE('',#328,#329,#275,.T.);
#405=EDGE_CURVE('',#330,#314,#222,.T.);
#406=EDGE_CURVE('',#329,#330,#223,.T.);
#407=EDGE_CURVE('',#330,#325,#276,.T.);
#408=EDGE_CURVE('',#331,#327,#15,.T.);
#409=EDGE_CURVE('',#332,#331,#224,.T.);
#410=EDGE_CURVE('',#328,#332,#16,.T.);
#411=EDGE_CURVE('',#326,#333,#17,.T.);
#412=EDGE_CURVE('',#331,#333,#277,.T.);
#413=EDGE_CURVE('',#325,#334,#18,.T.);
#414=EDGE_CURVE('',#333,#334,#225,.T.);
#415=EDGE_CURVE('',#334,#335,#278,.T.);
#416=EDGE_CURVE('',#335,#336,#226,.T.);
#417=EDGE_CURVE('',#336,#337,#279,.T.);
#418=EDGE_CURVE('',#337,#334,#227,.T.);
#419=EDGE_CURVE('',#338,#339,#228,.T.);
#420=EDGE_CURVE('',#339,#336,#229,.T.);
#421=EDGE_CURVE('',#335,#338,#230,.T.);
#422=EDGE_CURVE('',#332,#340,#231,.T.);
#423=EDGE_CURVE('',#340,#339,#280,.T.);
#424=EDGE_CURVE('',#338,#332,#281,.T.);
#425=EDGE_CURVE('',#331,#341,#232,.T.);
#426=EDGE_CURVE('',#341,#340,#233,.T.);
#427=EDGE_CURVE('',#333,#342,#234,.T.);
#428=EDGE_CURVE('',#342,#341,#282,.T.);
#429=EDGE_CURVE('',#337,#342,#235,.T.);
#430=EDGE_CURVE('',#329,#338,#19,.T.);
#431=EDGE_CURVE('',#330,#335,#20,.T.);
#432=EDGE_CURVE('',#305,#307,#283,.F.);
#433=EDGE_CURVE('',#343,#344,#236,.T.);
#434=EDGE_CURVE('',#345,#343,#284,.T.);
#435=EDGE_CURVE('',#346,#345,#285,.T.);
#436=EDGE_CURVE('',#347,#346,#286,.T.);
#437=EDGE_CURVE('',#348,#347,#237,.T.);
#438=EDGE_CURVE('',#349,#348,#287,.T.);
#439=EDGE_CURVE('',#350,#349,#238,.T.);
#440=EDGE_CURVE('',#344,#350,#288,.T.);
#441=EDGE_CURVE('',#351,#351,#289,.T.);
#442=EDGE_CURVE('',#352,#352,#290,.T.);
#443=EDGE_CURVE('',#353,#317,#239,.T.);
#444=EDGE_CURVE('',#318,#354,#240,.T.);
#445=EDGE_CURVE('',#354,#353,#291,.T.);
#446=EDGE_CURVE('',#355,#319,#241,.T.);
#447=EDGE_CURVE('',#353,#355,#242,.T.);
#448=EDGE_CURVE('',#355,#356,#292,.T.);
#449=EDGE_CURVE('',#356,#320,#243,.T.);
#450=EDGE_CURVE('',#357,#321,#244,.T.);
#451=EDGE_CURVE('',#356,#357,#293,.T.);
#452=EDGE_CURVE('',#357,#358,#294,.T.);
#453=EDGE_CURVE('',#358,#322,#245,.T.);
#454=EDGE_CURVE('',#359,#323,#246,.T.);
#455=EDGE_CURVE('',#358,#359,#247,.T.);
#456=EDGE_CURVE('',#360,#324,#248,.T.);
#457=EDGE_CURVE('',#359,#360,#295,.T.);
#458=EDGE_CURVE('',#360,#354,#249,.T.);
#459=EDGE_CURVE('',#361,#356,#21,.T.);
#460=EDGE_CURVE('',#362,#361,#296,.T.);
#461=EDGE_CURVE('',#357,#362,#22,.T.);
#462=EDGE_CURVE('',#355,#363,#23,.T.);
#463=EDGE_CURVE('',#361,#363,#297,.T.);
#464=EDGE_CURVE('',#364,#353,#24,.T.);
#465=EDGE_CURVE('',#363,#364,#250,.T.);
#466=EDGE_CURVE('',#354,#365,#25,.T.);
#467=EDGE_CURVE('',#364,#365,#298,.T.);
#468=EDGE_CURVE('',#366,#343,#251,.T.);
#469=EDGE_CURVE('',#344,#367,#252,.T.);
#470=EDGE_CURVE('',#367,#366,#253,.T.);
#471=EDGE_CURVE('',#366,#362,#299,.T.);
#472=EDGE_CURVE('',#362,#345,#254,.T.);
#473=EDGE_CURVE('',#361,#346,#255,.T.);
#474=EDGE_CURVE('',#363,#347,#256,.T.);
#475=EDGE_CURVE('',#364,#348,#257,.T.);
#476=EDGE_CURVE('',#365,#349,#258,.T.);
#477=EDGE_CURVE('',#368,#350,#259,.T.);
#478=EDGE_CURVE('',#365,#368,#260,.T.);
#479=EDGE_CURVE('',#368,#367,#300,.T.);
#480=EDGE_CURVE('',#366,#358,#26,.T.);
#481=EDGE_CURVE('',#359,#367,#27,.T.);
#482=EDGE_CURVE('',#368,#360,#28,.T.);
#483=ORIENTED_EDGE('',*,*,#369,.F.);
#484=ORIENTED_EDGE('',*,*,#370,.F.);
#485=ORIENTED_EDGE('',*,*,#371,.F.);
#486=ORIENTED_EDGE('',*,*,#372,.T.);
#487=ORIENTED_EDGE('',*,*,#373,.F.);
#488=ORIENTED_EDGE('',*,*,#372,.F.);
#489=ORIENTED_EDGE('',*,*,#374,.F.);
#490=ORIENTED_EDGE('',*,*,#375,.F.);
#491=ORIENTED_EDGE('',*,*,#376,.F.);
#492=ORIENTED_EDGE('',*,*,#377,.F.);
#493=ORIENTED_EDGE('',*,*,#378,.F.);
#494=ORIENTED_EDGE('',*,*,#370,.T.);
#495=ORIENTED_EDGE('',*,*,#379,.F.);
#496=ORIENTED_EDGE('',*,*,#380,.F.);
#497=ORIENTED_EDGE('',*,*,#381,.F.);
#498=ORIENTED_EDGE('',*,*,#382,.F.);
#499=ORIENTED_EDGE('',*,*,#383,.F.);
#500=ORIENTED_EDGE('',*,*,#384,.F.);
#501=ORIENTED_EDGE('',*,*,#385,.T.);
#502=ORIENTED_EDGE('',*,*,#386,.T.);
#503=ORIENTED_EDGE('',*,*,#374,.T.);
#504=ORIENTED_EDGE('',*,*,#371,.T.);
#505=ORIENTED_EDGE('',*,*,#378,.T.);
#506=ORIENTED_EDGE('',*,*,#387,.T.);
#507=ORIENTED_EDGE('',*,*,#388,.F.);
#508=ORIENTED_EDGE('',*,*,#389,.F.);
#509=ORIENTED_EDGE('',*,*,#390,.F.);
#510=ORIENTED_EDGE('',*,*,#391,.F.);
#511=ORIENTED_EDGE('',*,*,#392,.F.);
#512=ORIENTED_EDGE('',*,*,#393,.F.);
#513=ORIENTED_EDGE('',*,*,#394,.F.);
#514=ORIENTED_EDGE('',*,*,#395,.F.);
#515=ORIENTED_EDGE('',*,*,#396,.T.);
#516=ORIENTED_EDGE('',*,*,#397,.T.);
#517=ORIENTED_EDGE('',*,*,#379,.T.);
#518=ORIENTED_EDGE('',*,*,#398,.T.);
#519=ORIENTED_EDGE('',*,*,#399,.T.);
#520=ORIENTED_EDGE('',*,*,#380,.T.);
#521=ORIENTED_EDGE('',*,*,#397,.F.);
#522=ORIENTED_EDGE('',*,*,#400,.T.);
#523=ORIENTED_EDGE('',*,*,#401,.T.);
#524=ORIENTED_EDGE('',*,*,#381,.T.);
#525=ORIENTED_EDGE('',*,*,#399,.F.);
#526=ORIENTED_EDGE('',*,*,#402,.T.);
#527=ORIENTED_EDGE('',*,*,#403,.T.);
#528=ORIENTED_EDGE('',*,*,#382,.T.);
#529=ORIENTED_EDGE('',*,*,#401,.F.);
#530=ORIENTED_EDGE('',*,*,#404,.T.);
#531=ORIENTED_EDGE('',*,*,#405,.T.);
#532=ORIENTED_EDGE('',*,*,#383,.T.);
#533=ORIENTED_EDGE('',*,*,#403,.F.);
#534=ORIENTED_EDGE('',*,*,#406,.T.);
#535=ORIENTED_EDGE('',*,*,#384,.T.);
#536=ORIENTED_EDGE('',*,*,#405,.F.);
#537=ORIENTED_EDGE('',*,*,#407,.T.);
#538=ORIENTED_EDGE('',*,*,#398,.F.);
#539=ORIENTED_EDGE('',*,*,#402,.F.);
#540=ORIENTED_EDGE('',*,*,#408,.F.);
#541=ORIENTED_EDGE('',*,*,#409,.F.);
#542=ORIENTED_EDGE('',*,*,#410,.F.);
#543=ORIENTED_EDGE('',*,*,#400,.F.);
#544=ORIENTED_EDGE('',*,*,#411,.T.);
#545=ORIENTED_EDGE('',*,*,#412,.F.);
#546=ORIENTED_EDGE('',*,*,#408,.T.);
#547=ORIENTED_EDGE('',*,*,#396,.F.);
#548=ORIENTED_EDGE('',*,*,#413,.T.);
#549=ORIENTED_EDGE('',*,*,#414,.F.);
#550=ORIENTED_EDGE('',*,*,#411,.F.);
#551=ORIENTED_EDGE('',*,*,#415,.T.);
#552=ORIENTED_EDGE('',*,*,#416,.T.);
#553=ORIENTED_EDGE('',*,*,#417,.T.);
#554=ORIENTED_EDGE('',*,*,#418,.T.);
#555=ORIENTED_EDGE('',*,*,#419,.T.);
#556=ORIENTED_EDGE('',*,*,#420,.T.);
#557=ORIENTED_EDGE('',*,*,#416,.F.);
#558=ORIENTED_EDGE('',*,*,#421,.T.);
#559=ORIENTED_EDGE('',*,*,#422,.T.);
#560=ORIENTED_EDGE('',*,*,#423,.T.);
#561=ORIENTED_EDGE('',*,*,#419,.F.);
#562=ORIENTED_EDGE('',*,*,#424,.T.);
#563=ORIENTED_EDGE('',*,*,#425,.T.);
#564=ORIENTED_EDGE('',*,*,#426,.T.);
#565=ORIENTED_EDGE('',*,*,#422,.F.);
#566=ORIENTED_EDGE('',*,*,#409,.T.);
#567=ORIENTED_EDGE('',*,*,#427,.T.);
#568=ORIENTED_EDGE('',*,*,#428,.T.);
#569=ORIENTED_EDGE('',*,*,#425,.F.);
#570=ORIENTED_EDGE('',*,*,#412,.T.);
#571=ORIENTED_EDGE('',*,*,#429,.T.);
#572=ORIENTED_EDGE('',*,*,#427,.F.);
#573=ORIENTED_EDGE('',*,*,#414,.T.);
#574=ORIENTED_EDGE('',*,*,#418,.F.);
#575=ORIENTED_EDGE('',*,*,#404,.F.);
#576=ORIENTED_EDGE('',*,*,#410,.T.);
#577=ORIENTED_EDGE('',*,*,#424,.F.);
#578=ORIENTED_EDGE('',*,*,#430,.F.);
#579=ORIENTED_EDGE('',*,*,#406,.F.);
#580=ORIENTED_EDGE('',*,*,#430,.T.);
#581=ORIENTED_EDGE('',*,*,#421,.F.);
#582=ORIENTED_EDGE('',*,*,#431,.F.);
#583=ORIENTED_EDGE('',*,*,#407,.F.);
#584=ORIENTED_EDGE('',*,*,#431,.T.);
#585=ORIENTED_EDGE('',*,*,#415,.F.);
#586=ORIENTED_EDGE('',*,*,#413,.F.);
#587=ORIENTED_EDGE('',*,*,#417,.F.);
#588=ORIENTED_EDGE('',*,*,#420,.F.);
#589=ORIENTED_EDGE('',*,*,#423,.F.);
#590=ORIENTED_EDGE('',*,*,#426,.F.);
#591=ORIENTED_EDGE('',*,*,#428,.F.);
#592=ORIENTED_EDGE('',*,*,#429,.F.);
#593=ORIENTED_EDGE('',*,*,#373,.T.);
#594=ORIENTED_EDGE('',*,*,#432,.T.);
#595=ORIENTED_EDGE('',*,*,#376,.T.);
#596=ORIENTED_EDGE('',*,*,#369,.T.);
#597=ORIENTED_EDGE('',*,*,#433,.F.);
#598=ORIENTED_EDGE('',*,*,#434,.F.);
#599=ORIENTED_EDGE('',*,*,#435,.F.);
#600=ORIENTED_EDGE('',*,*,#436,.F.);
#601=ORIENTED_EDGE('',*,*,#437,.F.);
#602=ORIENTED_EDGE('',*,*,#438,.F.);
#603=ORIENTED_EDGE('',*,*,#439,.F.);
#604=ORIENTED_EDGE('',*,*,#440,.F.);
#605=ORIENTED_EDGE('',*,*,#441,.T.);
#606=ORIENTED_EDGE('',*,*,#442,.T.);
#607=ORIENTED_EDGE('',*,*,#443,.T.);
#608=ORIENTED_EDGE('',*,*,#388,.T.);
#609=ORIENTED_EDGE('',*,*,#444,.T.);
#610=ORIENTED_EDGE('',*,*,#445,.T.);
#611=ORIENTED_EDGE('',*,*,#446,.T.);
#612=ORIENTED_EDGE('',*,*,#389,.T.);
#613=ORIENTED_EDGE('',*,*,#443,.F.);
#614=ORIENTED_EDGE('',*,*,#447,.T.);
#615=ORIENTED_EDGE('',*,*,#446,.F.);
#616=ORIENTED_EDGE('',*,*,#448,.T.);
#617=ORIENTED_EDGE('',*,*,#449,.T.);
#618=ORIENTED_EDGE('',*,*,#390,.T.);
#619=ORIENTED_EDGE('',*,*,#450,.T.);
#620=ORIENTED_EDGE('',*,*,#391,.T.);
#621=ORIENTED_EDGE('',*,*,#449,.F.);
#622=ORIENTED_EDGE('',*,*,#451,.T.);
#623=ORIENTED_EDGE('',*,*,#450,.F.);
#624=ORIENTED_EDGE('',*,*,#452,.T.);
#625=ORIENTED_EDGE('',*,*,#453,.T.);
#626=ORIENTED_EDGE('',*,*,#392,.T.);
#627=ORIENTED_EDGE('',*,*,#454,.T.);
#628=ORIENTED_EDGE('',*,*,#393,.T.);
#629=ORIENTED_EDGE('',*,*,#453,.F.);
#630=ORIENTED_EDGE('',*,*,#455,.T.);
#631=ORIENTED_EDGE('',*,*,#456,.T.);
#632=ORIENTED_EDGE('',*,*,#394,.T.);
#633=ORIENTED_EDGE('',*,*,#454,.F.);
#634=ORIENTED_EDGE('',*,*,#457,.T.);
#635=ORIENTED_EDGE('',*,*,#444,.F.);
#636=ORIENTED_EDGE('',*,*,#395,.T.);
#637=ORIENTED_EDGE('',*,*,#456,.F.);
#638=ORIENTED_EDGE('',*,*,#458,.T.);
#639=ORIENTED_EDGE('',*,*,#451,.F.);
#640=ORIENTED_EDGE('',*,*,#459,.F.);
#641=ORIENTED_EDGE('',*,*,#460,.F.);
#642=ORIENTED_EDGE('',*,*,#461,.F.);
#643=ORIENTED_EDGE('',*,*,#448,.F.);
#644=ORIENTED_EDGE('',*,*,#462,.T.);
#645=ORIENTED_EDGE('',*,*,#463,.F.);
#646=ORIENTED_EDGE('',*,*,#459,.T.);
#647=ORIENTED_EDGE('',*,*,#447,.F.);
#648=ORIENTED_EDGE('',*,*,#464,.F.);
#649=ORIENTED_EDGE('',*,*,#465,.F.);
#650=ORIENTED_EDGE('',*,*,#462,.F.);
#651=ORIENTED_EDGE('',*,*,#445,.F.);
#652=ORIENTED_EDGE('',*,*,#466,.T.);
#653=ORIENTED_EDGE('',*,*,#467,.F.);
#654=ORIENTED_EDGE('',*,*,#464,.T.);
#655=ORIENTED_EDGE('',*,*,#468,.T.);
#656=ORIENTED_EDGE('',*,*,#433,.T.);
#657=ORIENTED_EDGE('',*,*,#469,.T.);
#658=ORIENTED_EDGE('',*,*,#470,.T.);
#659=ORIENTED_EDGE('',*,*,#468,.F.);
#660=ORIENTED_EDGE('',*,*,#471,.T.);
#661=ORIENTED_EDGE('',*,*,#472,.T.);
#662=ORIENTED_EDGE('',*,*,#434,.T.);
#663=ORIENTED_EDGE('',*,*,#473,.T.);
#664=ORIENTED_EDGE('',*,*,#435,.T.);
#665=ORIENTED_EDGE('',*,*,#472,.F.);
#666=ORIENTED_EDGE('',*,*,#460,.T.);
#667=ORIENTED_EDGE('',*,*,#473,.F.);
#668=ORIENTED_EDGE('',*,*,#463,.T.);
#669=ORIENTED_EDGE('',*,*,#474,.T.);
#670=ORIENTED_EDGE('',*,*,#436,.T.);
#671=ORIENTED_EDGE('',*,*,#475,.T.);
#672=ORIENTED_EDGE('',*,*,#437,.T.);
#673=ORIENTED_EDGE('',*,*,#474,.F.);
#674=ORIENTED_EDGE('',*,*,#465,.T.);
#675=ORIENTED_EDGE('',*,*,#475,.F.);
#676=ORIENTED_EDGE('',*,*,#467,.T.);
#677=ORIENTED_EDGE('',*,*,#476,.T.);
#678=ORIENTED_EDGE('',*,*,#438,.T.);
#679=ORIENTED_EDGE('',*,*,#477,.T.);
#680=ORIENTED_EDGE('',*,*,#439,.T.);
#681=ORIENTED_EDGE('',*,*,#476,.F.);
#682=ORIENTED_EDGE('',*,*,#478,.T.);
#683=ORIENTED_EDGE('',*,*,#477,.F.);
#684=ORIENTED_EDGE('',*,*,#479,.T.);
#685=ORIENTED_EDGE('',*,*,#469,.F.);
#686=ORIENTED_EDGE('',*,*,#440,.T.);
#687=ORIENTED_EDGE('',*,*,#452,.F.);
#688=ORIENTED_EDGE('',*,*,#461,.T.);
#689=ORIENTED_EDGE('',*,*,#471,.F.);
#690=ORIENTED_EDGE('',*,*,#480,.T.);
#691=ORIENTED_EDGE('',*,*,#455,.F.);
#692=ORIENTED_EDGE('',*,*,#480,.F.);
#693=ORIENTED_EDGE('',*,*,#470,.F.);
#694=ORIENTED_EDGE('',*,*,#481,.F.);
#695=ORIENTED_EDGE('',*,*,#457,.F.);
#696=ORIENTED_EDGE('',*,*,#481,.T.);
#697=ORIENTED_EDGE('',*,*,#479,.F.);
#698=ORIENTED_EDGE('',*,*,#482,.T.);
#699=ORIENTED_EDGE('',*,*,#458,.F.);
#700=ORIENTED_EDGE('',*,*,#482,.F.);
#701=ORIENTED_EDGE('',*,*,#478,.F.);
#702=ORIENTED_EDGE('',*,*,#466,.F.);
#703=ORIENTED_EDGE('',*,*,#385,.F.);
#704=ORIENTED_EDGE('',*,*,#442,.F.);
#705=ORIENTED_EDGE('',*,*,#386,.F.);
#706=ORIENTED_EDGE('',*,*,#441,.F.);
#707=ORIENTED_EDGE('',*,*,#375,.T.);
#708=ORIENTED_EDGE('',*,*,#387,.F.);
#709=ORIENTED_EDGE('',*,*,#377,.T.);
#710=ORIENTED_EDGE('',*,*,#432,.F.);
#711=CYLINDRICAL_SURFACE('',#775,1.543);
#712=CYLINDRICAL_SURFACE('',#793,6.50000000000001);
#713=CYLINDRICAL_SURFACE('',#800,6.49999999999999);
#714=CYLINDRICAL_SURFACE('',#801,6.50000000000063);
#715=CYLINDRICAL_SURFACE('',#816,11.4999999999999);
#716=CYLINDRICAL_SURFACE('',#818,0.999999999999997);
#717=CYLINDRICAL_SURFACE('',#820,1.);
#718=CYLINDRICAL_SURFACE('',#824,0.999999999999997);
#719=CYLINDRICAL_SURFACE('',#825,0.999999999999997);
#720=CYLINDRICAL_SURFACE('',#826,1.5);
#721=CYLINDRICAL_SURFACE('',#827,3.5);
#722=CYLINDRICAL_SURFACE('',#828,1.2645);
#723=ADVANCED_FACE('',(#91),#711,.F.);
#724=ADVANCED_FACE('',(#92),#58,.F.);
#725=ADVANCED_FACE('',(#93),#59,.F.);
#726=ADVANCED_FACE('',(#94,#46,#47,#48,#49),#56,.F.);
#727=ADVANCED_FACE('',(#95),#60,.F.);
#728=ADVANCED_FACE('',(#96),#61,.F.);
#729=ADVANCED_FACE('',(#97),#62,.F.);
#730=ADVANCED_FACE('',(#98),#63,.F.);
#731=ADVANCED_FACE('',(#99),#64,.F.);
#732=ADVANCED_FACE('',(#100),#65,.F.);
#733=ADVANCED_FACE('',(#101),#43,.T.);
#734=ADVANCED_FACE('',(#102),#712,.T.);
#735=ADVANCED_FACE('',(#103),#44,.T.);
#736=ADVANCED_FACE('',(#104),#66,.F.);
#737=ADVANCED_FACE('',(#105),#67,.F.);
#738=ADVANCED_FACE('',(#106),#68,.F.);
#739=ADVANCED_FACE('',(#107),#69,.F.);
#740=ADVANCED_FACE('',(#108),#70,.F.);
#741=ADVANCED_FACE('',(#109),#71,.F.);
#742=ADVANCED_FACE('',(#110),#713,.T.);
#743=ADVANCED_FACE('',(#111),#45,.T.);
#744=ADVANCED_FACE('',(#112),#714,.T.);
#745=ADVANCED_FACE('',(#113,#50,#51,#52,#53),#57,.T.);
#746=ADVANCED_FACE('',(#114),#72,.F.);
#747=ADVANCED_FACE('',(#115),#73,.F.);
#748=ADVANCED_FACE('',(#116),#74,.F.);
#749=ADVANCED_FACE('',(#117),#75,.F.);
#750=ADVANCED_FACE('',(#118),#76,.F.);
#751=ADVANCED_FACE('',(#119),#77,.F.);
#752=ADVANCED_FACE('',(#120),#78,.F.);
#753=ADVANCED_FACE('',(#121),#79,.F.);
#754=ADVANCED_FACE('',(#122),#715,.T.);
#755=ADVANCED_FACE('',(#123),#716,.F.);
#756=ADVANCED_FACE('',(#124),#80,.T.);
#757=ADVANCED_FACE('',(#125),#717,.F.);
#758=ADVANCED_FACE('',(#126),#81,.F.);
#759=ADVANCED_FACE('',(#127),#82,.F.);
#760=ADVANCED_FACE('',(#128),#83,.F.);
#761=ADVANCED_FACE('',(#129),#84,.F.);
#762=ADVANCED_FACE('',(#130),#85,.F.);
#763=ADVANCED_FACE('',(#131),#86,.F.);
#764=ADVANCED_FACE('',(#132),#87,.F.);
#765=ADVANCED_FACE('',(#133),#88,.F.);
#766=ADVANCED_FACE('',(#134),#718,.F.);
#767=ADVANCED_FACE('',(#135),#89,.T.);
#768=ADVANCED_FACE('',(#136),#719,.F.);
#769=ADVANCED_FACE('',(#137),#90,.T.);
#770=ADVANCED_FACE('',(#138,#54),#720,.F.);
#771=ADVANCED_FACE('',(#139,#55),#721,.F.);
#772=ADVANCED_FACE('',(#140),#722,.F.);
#773=CLOSED_SHELL('',(#723,#724,#725,#726,#727,#728,#729,#730,#731,#732,
#733,#734,#735,#736,#737,#738,#739,#740,#741,#742,#743,#744,#745,#746,#747,
#748,#749,#750,#751,#752,#753,#754,#755,#756,#757,#758,#759,#760,#761,#762,
#763,#764,#765,#766,#767,#768,#769,#770,#771,#772));
#774=AXIS2_PLACEMENT_3D('placement',#953,#829,#830);
#775=AXIS2_PLACEMENT_3D('',#954,#831,#832);
#776=AXIS2_PLACEMENT_3D('',#957,#833,#834);
#777=AXIS2_PLACEMENT_3D('',#1014,#835,#836);
#778=AXIS2_PLACEMENT_3D('',#2151,#837,#838);
#779=AXIS2_PLACEMENT_3D('',#2179,#839,#840);
#780=AXIS2_PLACEMENT_3D('',#2194,#841,#842);
#781=AXIS2_PLACEMENT_3D('',#2209,#843,#844);
#782=AXIS2_PLACEMENT_3D('',#2211,#845,#846);
#783=AXIS2_PLACEMENT_3D('',#2213,#847,#848);
#784=AXIS2_PLACEMENT_3D('',#2214,#849,#850);
#785=AXIS2_PLACEMENT_3D('',#2217,#851,#852);
#786=AXIS2_PLACEMENT_3D('',#2231,#853,#854);
#787=AXIS2_PLACEMENT_3D('',#2233,#855,#856);
#788=AXIS2_PLACEMENT_3D('',#2235,#857,#858);
#789=AXIS2_PLACEMENT_3D('',#2246,#859,#860);
#790=AXIS2_PLACEMENT_3D('',#2660,#861,#862);
#791=AXIS2_PLACEMENT_3D('',#2915,#863,#864);
#792=AXIS2_PLACEMENT_3D('',#3170,#865,#866);
#793=AXIS2_PLACEMENT_3D('',#3227,#869,#870);
#794=AXIS2_PLACEMENT_3D('',#3230,#872,#873);
#795=AXIS2_PLACEMENT_3D('',#3402,#875,#876);
#796=AXIS2_PLACEMENT_3D('',#3415,#877,#878);
#797=AXIS2_PLACEMENT_3D('',#3707,#879,#880);
#798=AXIS2_PLACEMENT_3D('',#3708,#881,#882);
#799=AXIS2_PLACEMENT_3D('',#3963,#883,#884);
#800=AXIS2_PLACEMENT_3D('',#4214,#885,#886);
#801=AXIS2_PLACEMENT_3D('',#4257,#889,#890);
#802=AXIS2_PLACEMENT_3D('',#4258,#891,#892);
#803=AXIS2_PLACEMENT_3D('',#4259,#893,#894);
#804=AXIS2_PLACEMENT_3D('',#4272,#895,#896);
#805=AXIS2_PLACEMENT_3D('',#4274,#897,#898);
#806=AXIS2_PLACEMENT_3D('',#4276,#899,#900);
#807=AXIS2_PLACEMENT_3D('',#4290,#901,#902);
#808=AXIS2_PLACEMENT_3D('',#4310,#903,#904);
#809=AXIS2_PLACEMENT_3D('',#4312,#905,#906);
#810=AXIS2_PLACEMENT_3D('',#4314,#907,#908);
#811=AXIS2_PLACEMENT_3D('',#4397,#909,#910);
#812=AXIS2_PLACEMENT_3D('',#4557,#911,#912);
#813=AXIS2_PLACEMENT_3D('',#4619,#913,#914);
#814=AXIS2_PLACEMENT_3D('',#4671,#915,#916);
#815=AXIS2_PLACEMENT_3D('',#4844,#917,#918);
#816=AXIS2_PLACEMENT_3D('',#5035,#919,#920);
#817=AXIS2_PLACEMENT_3D('',#5039,#922,#923);
#818=AXIS2_PLACEMENT_3D('',#5041,#925,#926);
#819=AXIS2_PLACEMENT_3D('',#5044,#928,#929);
#820=AXIS2_PLACEMENT_3D('',#5090,#931,#932);
#821=AXIS2_PLACEMENT_3D('',#5093,#934,#935);
#822=AXIS2_PLACEMENT_3D('',#5254,#936,#937);
#823=AXIS2_PLACEMENT_3D('',#5813,#938,#939);
#824=AXIS2_PLACEMENT_3D('',#5814,#940,#941);
#825=AXIS2_PLACEMENT_3D('',#5837,#944,#945);
#826=AXIS2_PLACEMENT_3D('',#5877,#947,#948);
#827=AXIS2_PLACEMENT_3D('',#5878,#949,#950);
#828=AXIS2_PLACEMENT_3D('',#5879,#951,#952);
#829=DIRECTION('axis',(0.,0.,1.));
#830=DIRECTION('refdir',(1.,0.,0.));
#831=DIRECTION('center_axis',(0.,0.,1.));
#832=DIRECTION('ref_axis',(1.,2.8780895000004E-14,0.));
#833=DIRECTION('center_axis',(0.,0.,-1.));
#834=DIRECTION('ref_axis',(1.,2.8780895000004E-14,0.));
#835=DIRECTION('center_axis',(0.,0.,1.));
#836=DIRECTION('ref_axis',(1.,2.8780895000004E-14,0.));
#837=DIRECTION('center_axis',(0.,0.,1.));
#838=DIRECTION('ref_axis',(1.,0.,0.));
#839=DIRECTION('center_axis',(0.,0.,1.));
#840=DIRECTION('ref_axis',(0.0169564536353036,0.999856229005007,0.));
#841=DIRECTION('center_axis',(0.,0.,1.));
#842=DIRECTION('ref_axis',(0.980027368659874,-0.198862657825956,0.));
#843=DIRECTION('center_axis',(0.,0.,1.));
#844=DIRECTION('ref_axis',(-0.260792641209468,-0.965394840617553,0.));
#845=DIRECTION('center_axis',(0.,0.,1.));
#846=DIRECTION('ref_axis',(1.,0.,0.));
#847=DIRECTION('center_axis',(0.,0.,1.));
#848=DIRECTION('ref_axis',(1.,0.,0.));
#849=DIRECTION('center_axis',(0.,0.,1.));
#850=DIRECTION('ref_axis',(1.,0.,0.));
#851=DIRECTION('center_axis',(-5.35660578840987E-16,1.11836872530047E-15,
-1.));
#852=DIRECTION('ref_axis',(-0.999537780141532,0.0304010866539224,5.55111512312579E-16));
#853=DIRECTION('center_axis',(0.,0.,-1.));
#854=DIRECTION('ref_axis',(0.190764713660767,-0.981635789904752,0.));
#855=DIRECTION('center_axis',(0.,0.,1.));
#856=DIRECTION('ref_axis',(-0.984734466483607,0.17406329457771,0.));
#857=DIRECTION('center_axis',(0.,0.,-1.));
#858=DIRECTION('ref_axis',(0.949224019516055,-0.314600954820205,0.));
#859=DIRECTION('center_axis',(-3.56351805209558E-16,-7.44597119205636E-16,
-1.));
#860=DIRECTION('ref_axis',(0.992965429261169,0.118404629521747,-4.44089209850063E-16));
#861=DIRECTION('center_axis',(0.,0.,-1.));
#862=DIRECTION('ref_axis',(0.0169564536353036,0.999856229005007,0.));
#863=DIRECTION('center_axis',(0.,0.,-1.));
#864=DIRECTION('ref_axis',(0.980027368659874,-0.198862657825956,0.));
#865=DIRECTION('center_axis',(0.,0.,-1.));
#866=DIRECTION('ref_axis',(-0.260792641209468,-0.965394840617553,0.));
#867=DIRECTION('',(0.,0.,-1.));
#868=DIRECTION('',(0.,0.,1.));
#869=DIRECTION('center_axis',(0.,0.,1.));
#870=DIRECTION('ref_axis',(0.906135523695612,-0.422987485272175,0.));
#871=DIRECTION('',(0.,0.,1.));
#872=DIRECTION('center_axis',(0.,0.,1.));
#873=DIRECTION('ref_axis',(0.0169564536353036,0.999856229005007,0.));
#874=DIRECTION('',(0.,0.,1.));
#875=DIRECTION('center_axis',(0.,0.,1.));
#876=DIRECTION('ref_axis',(-0.260792641209468,-0.965394840617553,0.));
#877=DIRECTION('center_axis',(0.,0.,-1.));
#878=DIRECTION('ref_axis',(-0.260792641209468,-0.965394840617553,0.));
#879=DIRECTION('center_axis',(0.,0.,-1.));
#880=DIRECTION('ref_axis',(0.980027368659874,-0.198862657825956,0.));
#881=DIRECTION('center_axis',(0.,0.,1.));
#882=DIRECTION('ref_axis',(0.980027368659874,-0.198862657825956,0.));
#883=DIRECTION('center_axis',(0.,0.,-1.));
#884=DIRECTION('ref_axis',(0.0169564536353036,0.999856229005007,0.));
#885=DIRECTION('center_axis',(0.,0.,1.));
#886=DIRECTION('ref_axis',(-0.436138038025167,-0.899879776296566,0.));
#887=DIRECTION('',(0.,0.,1.));
#888=DIRECTION('',(0.,0.,1.));
#889=DIRECTION('center_axis',(0.,0.,1.));
#890=DIRECTION('ref_axis',(-0.751065591394433,0.660227595169522,0.));
#891=DIRECTION('center_axis',(0.,0.,1.));
#892=DIRECTION('ref_axis',(1.,0.,0.));
#893=DIRECTION('center_axis',(0.,0.,1.));
#894=DIRECTION('ref_axis',(1.,0.,0.));
#895=DIRECTION('center_axis',(0.,0.,1.));
#896=DIRECTION('ref_axis',(0.624178206674654,0.781282001784511,0.));
#897=DIRECTION('center_axis',(0.,0.,-1.));
#898=DIRECTION('ref_axis',(-0.984734466483607,0.17406329457771,0.));
#899=DIRECTION('center_axis',(0.,0.,1.));
#900=DIRECTION('ref_axis',(0.99955384439173,-0.0298682467130637,0.));
#901=DIRECTION('center_axis',(0.,0.,1.));
#902=DIRECTION('ref_axis',(0.627399313158485,-0.778697696059428,0.));
#903=DIRECTION('center_axis',(0.,0.,1.));
#904=DIRECTION('ref_axis',(-0.952662316262791,0.304030444483466,0.));
#905=DIRECTION('center_axis',(0.,0.,-1.));
#906=DIRECTION('ref_axis',(1.,0.,0.));
#907=DIRECTION('center_axis',(0.,0.,-1.));
#908=DIRECTION('ref_axis',(1.,0.,0.));
#909=DIRECTION('center_axis',(0.,0.,1.));
#910=DIRECTION('ref_axis',(0.627399313158483,-0.77869769605943,0.));
#911=DIRECTION('center_axis',(2.68180711336069E-15,-2.71636713894212E-15,
1.));
#912=DIRECTION('ref_axis',(0.999553844391731,-0.0298682467130539,-2.77555756156296E-15));
#913=DIRECTION('center_axis',(0.,0.,-1.));
#914=DIRECTION('ref_axis',(-0.984734466483607,0.17406329457771,0.));
#915=DIRECTION('center_axis',(0.,0.,1.));
#916=DIRECTION('ref_axis',(0.624178206674658,0.781282001784508,0.));
#917=DIRECTION('center_axis',(0.,0.,1.));
#918=DIRECTION('ref_axis',(-0.952662316262794,0.304030444483456,0.));
#919=DIRECTION('center_axis',(0.,0.,1.));
#920=DIRECTION('ref_axis',(-0.928074109825607,0.37239555135824,0.));
#921=DIRECTION('',(0.,0.,-1.));
#922=DIRECTION('center_axis',(0.,0.,1.));
#923=DIRECTION('ref_axis',(-0.984734466483607,0.17406329457771,0.));
#924=DIRECTION('',(0.,0.,1.));
#925=DIRECTION('center_axis',(0.,0.,1.));
#926=DIRECTION('ref_axis',(0.762023576721436,-0.647549278835727,0.));
#927=DIRECTION('',(0.,0.,1.));
#928=DIRECTION('center_axis',(1.98866020996754E-14,-1.01189585247455E-14,
-1.));
#929=DIRECTION('ref_axis',(0.190764713660729,-0.981635789904759,1.37390099297369E-14));
#930=DIRECTION('',(-4.44089209850063E-15,-2.22044604925031E-15,-1.));
#931=DIRECTION('center_axis',(0.,0.,-1.));
#932=DIRECTION('ref_axis',(-0.445288636391251,-0.895387084059637,0.));
#933=DIRECTION('',(0.,3.33066907387547E-15,1.));
#934=DIRECTION('center_axis',(3.03658076535555E-15,1.81792256202888E-15,
-1.));
#935=DIRECTION('ref_axis',(-0.999537780141531,0.0304010866539267,-2.9837243786801E-15));
#936=DIRECTION('center_axis',(-1.85384049485071E-15,-5.49860810313163E-16,
-1.));
#937=DIRECTION('ref_axis',(0.949224019516057,-0.314600954820198,-1.59594559789863E-15));
#938=DIRECTION('center_axis',(0.,0.,-1.));
#939=DIRECTION('ref_axis',(0.99296542926117,0.118404629521737,0.));
#940=DIRECTION('center_axis',(0.,0.,1.));
#941=DIRECTION('ref_axis',(0.958717114163319,0.284361556843321,0.));
#942=DIRECTION('',(0.,0.,-1.));
#943=DIRECTION('',(0.,0.,1.));
#944=DIRECTION('center_axis',(0.,0.,-1.));
#945=DIRECTION('ref_axis',(0.0949753706199144,0.995479622581803,0.));
#946=DIRECTION('',(0.,0.,-1.));
#947=DIRECTION('center_axis',(0.,0.,1.));
#948=DIRECTION('ref_axis',(1.,0.,0.));
#949=DIRECTION('center_axis',(0.,0.,1.));
#950=DIRECTION('ref_axis',(1.,0.,0.));
#951=DIRECTION('center_axis',(0.,0.,1.));
#952=DIRECTION('ref_axis',(1.,0.,0.));
#953=CARTESIAN_POINT('',(0.,0.,0.));
#954=CARTESIAN_POINT('Origin',(-19.4173110385452,36.6772140713057,-2.97329204996931));
#955=CARTESIAN_POINT('',(-18.7464702303584,38.0667541427219,2.));
#956=CARTESIAN_POINT('',(-17.9604017467508,36.1690169486425,2.));
#957=CARTESIAN_POINT('Origin',(-19.4173110385452,36.6772140713057,2.));
#958=CARTESIAN_POINT('',(-18.7464702303584,38.0667541427219,-2.));
#959=CARTESIAN_POINT('Ctrl Pts',(-18.7464702303584,38.0667541427219,-2.));
#960=CARTESIAN_POINT('Ctrl Pts',(-19.2034109129255,38.2873555223384,-1.97383149654107));
#961=CARTESIAN_POINT('Ctrl Pts',(-20.3442861139625,38.2391996561523,-1.92149448962322));
#962=CARTESIAN_POINT('Ctrl Pts',(-21.2333220160455,36.7633026311233,-1.84298897924644));
#963=CARTESIAN_POINT('Ctrl Pts',(-20.4898948241577,35.211022579591,-1.76448346886966));
#964=CARTESIAN_POINT('Ctrl Pts',(-18.7864202790426,34.9732780850829,-1.68597795849288));
#965=CARTESIAN_POINT('Ctrl Pts',(-17.6478068551848,36.263851934544,-1.6074724481161));
#966=CARTESIAN_POINT('Ctrl Pts',(-18.0965974666585,37.9250444642847,-1.52896693773932));
#967=CARTESIAN_POINT('Ctrl Pts',(-19.7295988265798,38.467200429655,-1.45046142736254));
#968=CARTESIAN_POINT('Ctrl Pts',(-21.0826520152947,37.4040302462608,-1.37195591698577));
#969=CARTESIAN_POINT('Ctrl Pts',(-20.9421280261125,35.6890460177963,-1.29345040660898));
#970=CARTESIAN_POINT('Ctrl Pts',(-19.4341419764079,34.8602683691719,-1.21494489623221));
#971=CARTESIAN_POINT('Ctrl Pts',(-17.911046426341,35.6609738497018,-1.13643938585543));
#972=CARTESIAN_POINT('Ctrl Pts',(-17.7388123891797,37.3730661983034,-1.05793387547865));
#973=CARTESIAN_POINT('Ctrl Pts',(-19.0718920241745,38.4611025818729,-0.979428365101867));
#974=CARTESIAN_POINT('Ctrl Pts',(-20.7147535639755,37.9493049548334,-0.900922854725088));
#975=CARTESIAN_POINT('Ctrl Pts',(-21.1940368363136,36.296666174684,-0.822417344348308));
#976=CARTESIAN_POINT('Ctrl Pts',(-20.0799106595034,34.9853116979657,-0.743911833971529));
#977=CARTESIAN_POINT('Ctrl Pts',(-18.3715491461095,35.1912955412375,-0.665406323594749));
#978=CARTESIAN_POINT('Ctrl Pts',(-17.6010518821436,36.7298864233792,-0.586900813217971));
#979=CARTESIAN_POINT('Ctrl Pts',(-18.4594189470265,38.2212395003292,-0.50839530284119));
#980=CARTESIAN_POINT('Ctrl Pts',(-20.176846443186,38.3278738592122,-0.429889792464412));
#981=CARTESIAN_POINT('Ctrl Pts',(-21.2131045159456,36.9541572812367,-0.351384282087632));
#982=CARTESIAN_POINT('Ctrl Pts',(-20.63885231347,35.332071447073,-0.272878771710853));
#983=CARTESIAN_POINT('Ctrl Pts',(-18.9690928512133,34.9163414980529,-0.194373261334073));
#984=CARTESIAN_POINT('Ctrl Pts',(-17.7013061171251,36.0798039346649,-0.115867750957294));
#985=CARTESIAN_POINT('Ctrl Pts',(-17.9724733912321,37.7790379846551,-0.0373622405805137));
#986=CARTESIAN_POINT('Ctrl Pts',(-19.5394054170384,38.4901301546373,0.0411432697962654));
#987=CARTESIAN_POINT('Ctrl Pts',(-20.9968403012546,37.5753560816285,0.119648780173045));
#988=CARTESIAN_POINT('Ctrl Pts',(-21.0377157917958,35.8551069014279,0.198154290549824));
#989=CARTESIAN_POINT('Ctrl Pts',(-19.6253737763322,34.8721429760733,0.276659800926604));
#990=CARTESIAN_POINT('Ctrl Pts',(-18.0264361518577,35.5080097212149,0.355165311303383));
#991=CARTESIAN_POINT('Ctrl Pts',(-17.6748681906868,37.1924467253757,0.433670821680163));
#992=CARTESIAN_POINT('Ctrl Pts',(-18.885964402116,38.414810833203,0.512176332056941));
#993=CARTESIAN_POINT('Ctrl Pts',(-20.5735849043103,38.0788568623416,0.590681842433722));
#994=CARTESIAN_POINT('Ctrl Pts',(-21.2242315244452,36.4858763016423,0.6691873528105));
#995=CARTESIAN_POINT('Ctrl Pts',(-20.254388876665,35.0644920268064,0.747692863187281));
#996=CARTESIAN_POINT('Ctrl Pts',(-18.5338349612302,35.0894351715584,0.826198373564059));
#997=CARTESIAN_POINT('Ctrl Pts',(-17.605603319875,36.5383362807173,0.90470388394084));
#998=CARTESIAN_POINT('Ctrl Pts',(-18.3021543816752,38.1117860955406,0.983209394317618));
#999=CARTESIAN_POINT('Ctrl Pts',(-19.9988041460042,38.398678008984,1.0617149046944));
#1000=CARTESIAN_POINT('Ctrl Pts',(-21.1739576614458,37.1417193520879,1.14022041507118));
#1001=CARTESIAN_POINT('Ctrl Pts',(-20.773707541931,35.4681828789159,1.21872592544796));
#1002=CARTESIAN_POINT('Ctrl Pts',(-19.1570111420389,34.8789312142826,1.29723143582474));
#1003=CARTESIAN_POINT('Ctrl Pts',(-17.7737532027314,35.9024285491727,1.37573694620152));
#1004=CARTESIAN_POINT('Ctrl Pts',(-17.8644863023681,37.6207596644102,1.4542424565783));
#1005=CARTESIAN_POINT('Ctrl Pts',(-19.3478110469082,38.4929211160075,1.53274796695507));
#1006=CARTESIAN_POINT('Ctrl Pts',(-20.8935018227983,37.7366646808756,1.61125347733185));
#1007=CARTESIAN_POINT('Ctrl Pts',(-21.1152364392731,36.0303645044272,1.68975898770863));
#1008=CARTESIAN_POINT('Ctrl Pts',(-19.8143767309747,34.9039819525651,1.76826449808541));
#1009=CARTESIAN_POINT('Ctrl Pts',(-18.1571295317388,35.3682589286542,1.84677000846219));
#1010=CARTESIAN_POINT('Ctrl Pts',(-17.6390723499518,36.9793887777216,1.92401517576706));
#1011=CARTESIAN_POINT('Ctrl Pts',(-18.3131869161364,37.8586406188337,1.97509183961299));
#1012=CARTESIAN_POINT('Ctrl Pts',(-18.7456933331278,38.0692211342806,2.));
#1013=CARTESIAN_POINT('',(-17.9604017467508,36.1690169486425,-2.));
#1014=CARTESIAN_POINT('Origin',(-19.4173110385452,36.6772140713057,-2.));
#1015=CARTESIAN_POINT('Ctrl Pts',(-17.9581079067824,36.1678220558843,-2.));
#1016=CARTESIAN_POINT('Ctrl Pts',(-17.801182494817,36.6225532816195,-1.97509183961299));
#1017=CARTESIAN_POINT('Ctrl Pts',(-17.9462371813676,37.720948560672,-1.92401517576705));
#1018=CARTESIAN_POINT('Ctrl Pts',(-19.4517989308094,38.4938679971804,-1.84677000846219));
#1019=CARTESIAN_POINT('Ctrl Pts',(-20.9519433703562,37.650310537448,-1.76826449808541));
#1020=CARTESIAN_POINT('Ctrl Pts',(-21.0753170836354,35.9339913147999,-1.68975898770864));
#1021=CARTESIAN_POINT('Ctrl Pts',(-19.7119908708555,34.884244984796,-1.61125347733185));
#1022=CARTESIAN_POINT('Ctrl Pts',(-18.0842684419749,35.4424593341364,-1.53274796695508));
#1023=CARTESIAN_POINT('Ctrl Pts',(-17.6521108168127,37.108039445322,-1.4542424565783));
#1024=CARTESIAN_POINT('Ctrl Pts',(-18.8029962870485,38.387240915462,-1.37573694620152));
#1025=CARTESIAN_POINT('Ctrl Pts',(-20.5048291321482,38.1328517718741,-1.29723143582474));
#1026=CARTESIAN_POINT('Ctrl Pts',(-21.2313422023402,36.5730110697396,-1.21872592544796));
#1027=CARTESIAN_POINT('Ctrl Pts',(-20.3309928678391,35.1066226311648,-1.14022041507118));
#1028=CARTESIAN_POINT('Ctrl Pts',(-18.6112300016773,35.0487776660211,-1.0617149046944));
#1029=CARTESIAN_POINT('Ctrl Pts',(-17.6143807512176,36.4513533181441,-0.983209394317619));
#1030=CARTESIAN_POINT('Ctrl Pts',(-18.2344417526741,38.0564861952747,-0.90470388394084));
#1031=CARTESIAN_POINT('Ctrl Pts',(-19.9153282981988,38.424655075486,-0.826198373564059));
#1032=CARTESIAN_POINT('Ctrl Pts',(-21.1495810011812,37.2256773029323,-0.747692863187282));
#1033=CARTESIAN_POINT('Ctrl Pts',(-20.8302928818674,35.5348246739298,-0.669187352810501));
#1034=CARTESIAN_POINT('Ctrl Pts',(-19.2438090222842,34.8684940109027,-0.590681842433723));
#1035=CARTESIAN_POINT('Ctrl Pts',(-17.8129259114781,35.8242665000869,-0.512176332056942));
#1036=CARTESIAN_POINT('Ctrl Pts',(-17.8208935167411,37.5449826477114,-0.433670821680164));
#1037=CARTESIAN_POINT('Ctrl Pts',(-19.2605663122188,38.4874633065463,-0.355165311303383));
#1038=CARTESIAN_POINT('Ctrl Pts',(-20.8408115026335,37.8064694147366,-0.276659800926605));
#1039=CARTESIAN_POINT('Ctrl Pts',(-21.1444276361062,36.1127324845507,-0.198154290549825));
#1040=CARTESIAN_POINT('Ctrl Pts',(-19.8991245444765,34.925236061114,-0.119648780173045));
#1041=CARTESIAN_POINT('Ctrl Pts',(-18.221719646631,35.3089551680738,-0.041143269796266));
#1042=CARTESIAN_POINT('Ctrl Pts',(-17.6165495322689,36.9197613880705,0.0373622405805139));
#1043=CARTESIAN_POINT('Ctrl Pts',(-18.6263451478817,38.3130454078848,0.115867750957293));
#1044=CARTESIAN_POINT('Ctrl Pts',(-20.3454977774966,38.2392769959521,0.194373261334073));
#1045=CARTESIAN_POINT('Ctrl Pts',(-21.2322304749501,36.7646134161539,0.272878771710852));
#1046=CARTESIAN_POINT('Ctrl Pts',(-20.4913002712259,35.2115680283308,0.351384282087632));
#1047=CARTESIAN_POINT('Ctrl Pts',(-18.7871909976908,34.9729488511405,0.429889792464411));
#1048=CARTESIAN_POINT('Ctrl Pts',(-17.6481883437433,36.2627552488255,0.508395302841191));
#1049=CARTESIAN_POINT('Ctrl Pts',(-18.0957770074186,37.9242581541158,0.58690081321797));
#1050=CARTESIAN_POINT('Ctrl Pts',(-19.7285487553033,38.4673823141451,0.66540632359475));
#1051=CARTESIAN_POINT('Ctrl Pts',(-21.0821952241046,37.4050409656213,0.743911833971529));
#1052=CARTESIAN_POINT('Ctrl Pts',(-20.9427337670111,35.6899672935134,0.822417344348309));
#1053=CARTESIAN_POINT('Ctrl Pts',(-19.4352373556771,34.8602797270851,0.900922854725087));
#1054=CARTESIAN_POINT('Ctrl Pts',(-17.9116633746669,35.6600626227575,0.979428365101867));
#1055=CARTESIAN_POINT('Ctrl Pts',(-17.7383916486055,37.3720500309677,1.05793387547865));
#1056=CARTESIAN_POINT('Ctrl Pts',(-19.0708114935193,38.4608941952425,1.13643938585543));
#1057=CARTESIAN_POINT('Ctrl Pts',(-20.7139868349299,37.9500873174348,1.2149448962322));
#1058=CARTESIAN_POINT('Ctrl Pts',(-21.1942596349565,36.2977460075467,1.29345040660899));
#1059=CARTESIAN_POINT('Ctrl Pts',(-20.0809482641082,34.9857036639833,1.37195591698576));
#1060=CARTESIAN_POINT('Ctrl Pts',(-18.3724203928669,35.1906819030283,1.45046142736255));
#1061=CARTESIAN_POINT('Ctrl Pts',(-17.6010764352138,36.7287502431228,1.52896693773932));
#1062=CARTESIAN_POINT('Ctrl Pts',(-18.4583737085702,38.2207335313187,1.6074724481161));
#1063=CARTESIAN_POINT('Ctrl Pts',(-20.1760688347537,38.3281857572535,1.68597795849288));
#1064=CARTESIAN_POINT('Ctrl Pts',(-21.2124955747719,36.955536668832,1.76448346886966));
#1065=CARTESIAN_POINT('Ctrl Pts',(-20.6405517275047,35.3322269186513,1.84298897924644));
#1066=CARTESIAN_POINT('Ctrl Pts',(-18.9682888923044,34.9172526597309,1.92149448962322));
#1067=CARTESIAN_POINT('Ctrl Pts',(-18.1275188705281,35.6899223619334,1.97383149654107));
#1068=CARTESIAN_POINT('Ctrl Pts',(-17.9604017467508,36.1690169486425,2.));
#1069=CARTESIAN_POINT('Ctrl Pts',(-20.3114475633556,35.7830775464953,-2.));
#1070=CARTESIAN_POINT('Ctrl Pts',(-20.0174169251901,35.4890469083298,-1.97383149654107));
#1071=CARTESIAN_POINT('Ctrl Pts',(-19.1216299502326,35.21837433981,-1.92149448962322));
#1072=CARTESIAN_POINT('Ctrl Pts',(-18.0353473001015,36.1204409351698,-1.84298897924644));
#1073=CARTESIAN_POINT('Ctrl Pts',(-18.1916238821755,37.5222274043423,-1.76448346886966));
#1074=CARTESIAN_POINT('Ctrl Pts',(-19.4455741232945,38.1659755031065,-1.68597795849288));
#1075=CARTESIAN_POINT('Ctrl Pts',(-20.6749536720999,37.4746738778105,-1.6074724481161));
#1076=CARTESIAN_POINT('Ctrl Pts',(-20.7760593496382,36.0681374830999,-1.52896693773933));
#1077=CARTESIAN_POINT('Ctrl Pts',(-19.6588033573763,35.207862541888,-1.45046142736254));
#1078=CARTESIAN_POINT('Ctrl Pts',(-18.3248726954713,35.6653233615516,-1.37195591698577));
#1079=CARTESIAN_POINT('Ctrl Pts',(-17.9707163007741,37.0302786762595,-1.29345040660898));
#1080=CARTESIAN_POINT('Ctrl Pts',(-18.9138755211975,38.0785938149451,-1.21494489623221));
#1081=CARTESIAN_POINT('Ctrl Pts',(-20.30854022154,37.8701200158091,-1.13643938585543));
#1082=CARTESIAN_POINT('Ctrl Pts',(-20.9039230972741,36.5918189348959,-1.05793387547865));
#1083=CARTESIAN_POINT('Ctrl Pts',(-20.1660801073347,35.3901026804709,-0.979428365101868));
#1084=CARTESIAN_POINT('Ctrl Pts',(-18.756721621099,35.3426983004162,-0.900922854725087));
#1085=CARTESIAN_POINT('Ctrl Pts',(-17.9397962308163,36.4921195007466,-0.822417344348309));
#1086=CARTESIAN_POINT('Ctrl Pts',(-18.4479408428329,37.8075378566322,-0.743911833971528));
#1087=CARTESIAN_POINT('Ctrl Pts',(-19.8254398945607,38.1092549979331,-0.665406323594749));
#1088=CARTESIAN_POINT('Ctrl Pts',(-20.836919183557,37.1266837773276,-0.586900813217971));
#1089=CARTESIAN_POINT('Ctrl Pts',(-20.5752601901206,35.7410174459125,-0.50839530284119));
#1090=CARTESIAN_POINT('Ctrl Pts',(-19.2751248431064,35.1949545013902,-0.429889792464412));
#1091=CARTESIAN_POINT('Ctrl Pts',(-18.1025054694095,35.9782171796621,-0.351384282087631));
#1092=CARTESIAN_POINT('Ctrl Pts',(-18.1090349813052,37.3883568871612,-0.272878771710853));
#1093=CARTESIAN_POINT('Ctrl Pts',(-19.2888575671002,38.1607268113976,-0.194373261334072));
#1094=CARTESIAN_POINT('Ctrl Pts',(-20.5838802782339,37.6026472416028,-0.115867750957293));
#1095=CARTESIAN_POINT('Ctrl Pts',(-20.83269596247,36.214617203871,-0.0373622405805135));
#1096=CARTESIAN_POINT('Ctrl Pts',(-19.8121607976185,35.2414550344377,0.0411432697962655));
#1097=CARTESIAN_POINT('Ctrl Pts',(-18.4375149821126,35.5559157024549,0.119648780173045));
#1098=CARTESIAN_POINT('Ctrl Pts',(-17.9415735630517,36.8759834051029,0.198154290549825));
#1099=CARTESIAN_POINT('Ctrl Pts',(-18.7691085960669,38.0177900435055,0.276659800926604));
#1100=CARTESIAN_POINT('Ctrl Pts',(-20.1779669889043,37.9573362801297,0.355165311303383));
#1101=CARTESIAN_POINT('Ctrl Pts',(-20.9046510432983,36.7488384857973,0.433670821680163));
#1102=CARTESIAN_POINT('Ctrl Pts',(-20.2974532191834,35.4761062156079,0.512176332056943));
#1103=CARTESIAN_POINT('Ctrl Pts',(-18.9009229687718,35.2805560214685,0.590681842433722));
#1104=CARTESIAN_POINT('Ctrl Pts',(-17.9675018048595,36.3375619773159,0.669187352810502));
#1105=CARTESIAN_POINT('Ctrl Pts',(-18.3343040506259,37.6991759914051,0.74769286318728));
#1106=CARTESIAN_POINT('Ctrl Pts',(-19.6723726670874,38.1442702884609,0.826198373564062));
#1107=CARTESIAN_POINT('Ctrl Pts',(-20.7816960370157,37.2736736357011,0.904703883940839));
#1108=CARTESIAN_POINT('Ctrl Pts',(-20.6674063335194,35.8681579789412,0.98320939431762));
#1109=CARTESIAN_POINT('Ctrl Pts',(-19.4320017890399,35.1882228345805,1.0617149046944));
#1110=CARTESIAN_POINT('Ctrl Pts',(-18.1834215563844,35.8436508783769,1.14022041507118));
#1111=CARTESIAN_POINT('Ctrl Pts',(-18.0414240854806,37.2466373188706,1.21872592544796));
#1112=CARTESIAN_POINT('Ctrl Pts',(-19.1333520789306,38.1389532266641,1.29723143582474));
#1113=CARTESIAN_POINT('Ctrl Pts',(-20.4799465178249,37.7203431832501,1.37573694620152));
#1114=CARTESIAN_POINT('Ctrl Pts',(-20.8735336569263,36.3662371648746,1.4542424565783));
#1115=CARTESIAN_POINT('Ctrl Pts',(-19.9611666909914,35.2910086856549,1.53274796695508));
#1116=CARTESIAN_POINT('Ctrl Pts',(-18.5610153668277,35.4589898802579,1.61125347733186));
#1117=CARTESIAN_POINT('Ctrl Pts',(-17.9288932446939,36.7194483482095,1.68975898770863));
#1118=CARTESIAN_POINT('Ctrl Pts',(-18.6314547496577,37.9421397726579,1.76826449808542));
#1119=CARTESIAN_POINT('Ctrl Pts',(-20.0391187075702,38.0301976726544,1.84677000846219));
#1120=CARTESIAN_POINT('Ctrl Pts',(-20.8884781455178,36.9053015143206,1.92527551883898));
#1121=CARTESIAN_POINT('Ctrl Pts',(-20.419765899977,35.5749870754979,2.00378102921575));
#1122=CARTESIAN_POINT('Ctrl Pts',(-19.0493340431327,35.2349125775038,2.08228653959253));
#1123=CARTESIAN_POINT('Ctrl Pts',(-18.3603167440166,35.8681211571765,2.13462354651038));
#1124=CARTESIAN_POINT('Ctrl Pts',(-18.2233630155549,36.2607427416832,2.16079204996931));
#1125=CARTESIAN_POINT('Ctrl Pts',(-20.3770906428757,35.7174344669752,-2.05359734998977));
#1126=CARTESIAN_POINT('Ctrl Pts',(-20.0614737301012,35.4018175542007,-2.02742884653084));
#1127=CARTESIAN_POINT('Ctrl Pts',(-19.0999225077402,35.1112735449711,-1.97509183961299));
#1128=CARTESIAN_POINT('Ctrl Pts',(-17.9338903602949,36.0795654063932,-1.89658632923621));
#1129=CARTESIAN_POINT('Ctrl Pts',(-18.101639995778,37.5842641021809,-1.81808081885943));
#1130=CARTESIAN_POINT('Ctrl Pts',(-19.4476490591328,38.2752730011311,-1.73957530848265));
#1131=CARTESIAN_POINT('Ctrl Pts',(-20.7672835715187,37.533219431023,-1.66106979810587));
#1132=CARTESIAN_POINT('Ctrl Pts',(-20.8758119276373,36.0234220936666,-1.58256428772909));
#1133=CARTESIAN_POINT('Ctrl Pts',(-19.676532528536,35.0999900228574,-1.50405877735231));
#1134=CARTESIAN_POINT('Ctrl Pts',(-18.2446712776391,35.5910353524132,-1.42555326697554));
#1135=CARTESIAN_POINT('Ctrl Pts',(-17.864514472787,37.0561989326136,-1.34704775659875));
#1136=CARTESIAN_POINT('Ctrl Pts',(-18.8769157764811,38.181476181784,-1.26854224622198));
#1137=CARTESIAN_POINT('Ctrl Pts',(-20.3739698584094,37.9576972678308,-1.1900367358452));
#1138=CARTESIAN_POINT('Ctrl Pts',(-21.0130627989628,36.5855496465104,-1.11153122546842));
#1139=CARTESIAN_POINT('Ctrl Pts',(-20.2210510275028,35.2956093307022,-1.03302571509164));
#1140=CARTESIAN_POINT('Ctrl Pts',(-18.7082244146251,35.2447247556178,-0.954520204714858));
#1141=CARTESIAN_POINT('Ctrl Pts',(-17.8313244042834,36.4785307732125,-0.876014694338079));
#1142=CARTESIAN_POINT('Ctrl Pts',(-18.3767744794467,37.8905206361797,-0.797509183961299));
#1143=CARTESIAN_POINT('Ctrl Pts',(-19.8554026957734,38.2143883571174,-0.719003673584519));
#1144=CARTESIAN_POINT('Ctrl Pts',(-20.9411397894318,37.1596816191958,-0.640498163207742));
#1145=CARTESIAN_POINT('Ctrl Pts',(-20.6602710873695,35.6722865219183,-0.56199265283096));
#1146=CARTESIAN_POINT('Ctrl Pts',(-19.2646862361657,35.0861343378944,-0.483487142454182));
#1147=CARTESIAN_POINT('Ctrl Pts',(-18.005978950099,35.9269002864703,-0.404981632077401));
#1148=CARTESIAN_POINT('Ctrl Pts',(-18.0129878264505,37.4405654740113,-0.326476121700623));
#1149=CARTESIAN_POINT('Ctrl Pts',(-19.2794271488064,38.2696389764471,-0.247970611323843));
#1150=CARTESIAN_POINT('Ctrl Pts',(-20.6695240197005,37.6705879659807,-0.169465100947064));
#1151=CARTESIAN_POINT('Ctrl Pts',(-20.9366065203487,36.1806556307643,-0.0909595905702842));
#1152=CARTESIAN_POINT('Ctrl Pts',(-19.8411487132378,35.1360487099965,-0.0124540801935046));
#1153=CARTESIAN_POINT('Ctrl Pts',(-18.3655832036187,35.4735955243279,0.0660514301832747));
#1154=CARTESIAN_POINT('Ctrl Pts',(-17.8332322194575,36.8905760660921,0.144556940560055));
#1155=CARTESIAN_POINT('Ctrl Pts',(-18.7215207800052,38.1162084982986,0.223062450936834));
#1156=CARTESIAN_POINT('Ctrl Pts',(-20.2338105851017,38.0513165187372,0.301567961313613));
#1157=CARTESIAN_POINT('Ctrl Pts',(-21.0138441871822,36.7540967959161,0.380073471690393));
#1158=CARTESIAN_POINT('Ctrl Pts',(-20.3620689031976,35.3879268198489,0.458578982067172));
#1159=CARTESIAN_POINT('Ctrl Pts',(-18.8630123117448,35.1780202980258,0.537084492443951));
#1160=CARTESIAN_POINT('Ctrl Pts',(-17.8610639844874,36.3126264011525,0.615590002820732));
#1161=CARTESIAN_POINT('Ctrl Pts',(-18.2547950362234,37.7742033789753,0.69409551319751));
#1162=CARTESIAN_POINT('Ctrl Pts',(-19.691098029826,38.2519742970224,0.772601023574291));
#1163=CARTESIAN_POINT('Ctrl Pts',(-20.881862432712,37.3174627456744,0.851106533951069));
#1164=CARTESIAN_POINT('Ctrl Pts',(-20.7591821446833,35.8087610837987,0.92961204432785));
#1165=CARTESIAN_POINT('Ctrl Pts',(-19.4330803112523,35.0789084654154,1.00811755470463));
#1166=CARTESIAN_POINT('Ctrl Pts',(-18.0928354958119,35.7824547931704,1.08662306508141));
#1167=CARTESIAN_POINT('Ctrl Pts',(-17.9404132731889,37.2884415562363,1.16512857545819));
#1168=CARTESIAN_POINT('Ctrl Pts',(-19.1125052171269,38.2462668828569,1.24363408583497));
#1169=CARTESIAN_POINT('Ctrl Pts',(-20.5579599568599,37.7969245613117,1.32213959621175));
#1170=CARTESIAN_POINT('Ctrl Pts',(-20.9804423162697,36.3434067790986,1.40064510658853));
#1171=CARTESIAN_POINT('Ctrl Pts',(-20.0010938820303,35.1892403450977,1.4791506169653));
#1172=CARTESIAN_POINT('Ctrl Pts',(-18.4981503755074,35.369553887848,1.55765612734209));
#1173=CARTESIAN_POINT('Ctrl Pts',(-17.8196209748672,36.7225489798473,1.63616163771886));
#1174=CARTESIAN_POINT('Ctrl Pts',(-18.5737610692952,38.0350043588781,1.71466714809565));
#1175=CARTESIAN_POINT('Ctrl Pts',(-20.0847687499648,38.1295270341875,1.79317265847242));
#1176=CARTESIAN_POINT('Ctrl Pts',(-20.9964839552692,36.9220465658244,1.8716781688492));
#1177=CARTESIAN_POINT('Ctrl Pts',(-20.4933611758196,35.4940670232157,1.95018367922598));
#1178=CARTESIAN_POINT('Ctrl Pts',(-19.0223189928566,35.1290259382462,2.02868918960276));
#1179=CARTESIAN_POINT('Ctrl Pts',(-18.2827174528538,35.8087215587622,2.08102619652061));
#1180=CARTESIAN_POINT('Ctrl Pts',(-18.1357092592869,36.2301674773363,2.10719469997954));
#1181=CARTESIAN_POINT('Ctrl Pts',(-20.4427337223959,35.651791387455,-2.10719469997954));
#1182=CARTESIAN_POINT('Ctrl Pts',(-20.1055305350124,35.3145882000716,-2.08102619652061));
#1183=CARTESIAN_POINT('Ctrl Pts',(-19.0782150652478,35.0041727501322,-2.02868918960276));
#1184=CARTESIAN_POINT('Ctrl Pts',(-17.8324334204882,36.0386898776166,-1.95018367922598));
#1185=CARTESIAN_POINT('Ctrl Pts',(-18.0116561093805,37.6463008000195,-1.8716781688492));
#1186=CARTESIAN_POINT('Ctrl Pts',(-19.4497239949711,38.3845704991557,-1.79317265847242));
#1187=CARTESIAN_POINT('Ctrl Pts',(-20.8596134709375,37.5917649842355,-1.71466714809564));
#1188=CARTESIAN_POINT('Ctrl Pts',(-20.9755645056363,35.9787067042332,-1.63616163771886));
#1189=CARTESIAN_POINT('Ctrl Pts',(-19.6942616996957,34.9921175038267,-1.55765612734208));
#1190=CARTESIAN_POINT('Ctrl Pts',(-18.1644698598071,35.5167473432748,-1.47915061696531));
#1191=CARTESIAN_POINT('Ctrl Pts',(-17.7583126447998,37.0821191889678,-1.40064510658853));
#1192=CARTESIAN_POINT('Ctrl Pts',(-18.8399560317648,38.284358548623,-1.32213959621175));
#1193=CARTESIAN_POINT('Ctrl Pts',(-20.4393994952788,38.0452745198524,-1.24363408583497));
#1194=CARTESIAN_POINT('Ctrl Pts',(-21.1222025006515,36.5792803581251,-1.16512857545819));
#1195=CARTESIAN_POINT('Ctrl Pts',(-20.2760219476709,35.2011159809335,-1.08662306508141));
#1196=CARTESIAN_POINT('Ctrl Pts',(-18.6597272081512,35.1467512108195,-1.00811755470463));
#1197=CARTESIAN_POINT('Ctrl Pts',(-17.7228525777505,36.4649420456783,-0.929612044327851));
#1198=CARTESIAN_POINT('Ctrl Pts',(-18.3056081160604,37.9735034157272,-0.851106533951068));
#1199=CARTESIAN_POINT('Ctrl Pts',(-19.8853654969861,38.3195217163017,-0.77260102357429));
#1200=CARTESIAN_POINT('Ctrl Pts',(-21.0453603953065,37.1926794610641,-0.694095513197511));
#1201=CARTESIAN_POINT('Ctrl Pts',(-20.7452819846185,35.603555597924,-0.615590002820731));
#1202=CARTESIAN_POINT('Ctrl Pts',(-19.2542476292249,34.9773141743986,-0.537084492443952));
#1203=CARTESIAN_POINT('Ctrl Pts',(-17.9094524307885,35.8755833932786,-0.458578982067172));
#1204=CARTESIAN_POINT('Ctrl Pts',(-17.9169406715958,37.4927740608614,-0.380073471690393));
#1205=CARTESIAN_POINT('Ctrl Pts',(-19.2699967305126,38.3785511414967,-0.301567961313613));
#1206=CARTESIAN_POINT('Ctrl Pts',(-20.755167761167,37.7385286903587,-0.223062450936834));
#1207=CARTESIAN_POINT('Ctrl Pts',(-21.0405170782275,36.1466940576574,-0.144556940560054));
#1208=CARTESIAN_POINT('Ctrl Pts',(-19.8701366288572,35.0306423855553,-0.0660514301832749));
#1209=CARTESIAN_POINT('Ctrl Pts',(-18.2936514251248,35.3912753462008,0.0124540801935044));
#1210=CARTESIAN_POINT('Ctrl Pts',(-17.7248908758632,36.9051687270813,0.0909595905702842));
#1211=CARTESIAN_POINT('Ctrl Pts',(-18.6739329639435,38.2146269530917,0.169465100947064));
#1212=CARTESIAN_POINT('Ctrl Pts',(-20.2896541812992,38.1452967573447,0.247970611323843));
#1213=CARTESIAN_POINT('Ctrl Pts',(-21.1230373310662,36.759355106035,0.326476121700622));
#1214=CARTESIAN_POINT('Ctrl Pts',(-20.4266845872118,35.2997474240898,0.404981632077402));
#1215=CARTESIAN_POINT('Ctrl Pts',(-18.8251016547178,35.0754845745832,0.483487142454181));
#1216=CARTESIAN_POINT('Ctrl Pts',(-17.7546261641153,36.287690824989,0.561992652830961));
#1217=CARTESIAN_POINT('Ctrl Pts',(-18.1752860218211,37.8492307665455,0.640498163207739));
#1218=CARTESIAN_POINT('Ctrl Pts',(-19.7098233925646,38.3596783055838,0.71900367358452));
#1219=CARTESIAN_POINT('Ctrl Pts',(-20.9820288284083,37.3612518556479,0.797509183961299));
#1220=CARTESIAN_POINT('Ctrl Pts',(-20.8509579558472,35.749364188656,0.876014694338079));
#1221=CARTESIAN_POINT('Ctrl Pts',(-19.4341588334647,34.9695940962502,0.954520204714859));
#1222=CARTESIAN_POINT('Ctrl Pts',(-18.0022494352394,35.721258707964,1.03302571509164));
#1223=CARTESIAN_POINT('Ctrl Pts',(-17.8394024608972,37.330245793602,1.11153122546842));
#1224=CARTESIAN_POINT('Ctrl Pts',(-19.0916583553231,38.3535805390496,1.1900367358452));
#1225=CARTESIAN_POINT('Ctrl Pts',(-20.6359733958949,37.8735059393732,1.26854224622198));
#1226=CARTESIAN_POINT('Ctrl Pts',(-21.087350975613,36.3205763933227,1.34704775659876));
#1227=CARTESIAN_POINT('Ctrl Pts',(-20.0410210730692,35.0874720045405,1.42555326697553));
#1228=CARTESIAN_POINT('Ctrl Pts',(-18.4352853841872,35.2801178954382,1.50405877735232));
#1229=CARTESIAN_POINT('Ctrl Pts',(-17.7103487050405,36.725649611485,1.58256428772909));
#1230=CARTESIAN_POINT('Ctrl Pts',(-18.5160673889327,38.1278689450984,1.66106979810588));
#1231=CARTESIAN_POINT('Ctrl Pts',(-20.1304187923592,38.2288563957205,1.73957530848265));
#1232=CARTESIAN_POINT('Ctrl Pts',(-21.1044897650206,36.9387916173282,1.81808081885943));
#1233=CARTESIAN_POINT('Ctrl Pts',(-20.5669564516622,35.4131469709335,1.89658632923621));
#1234=CARTESIAN_POINT('Ctrl Pts',(-18.9953039425805,35.0231392989886,1.97509183961299));
#1235=CARTESIAN_POINT('Ctrl Pts',(-18.2051181616909,35.7493219603478,2.02742884653084));
#1236=CARTESIAN_POINT('Ctrl Pts',(-18.0480555030188,36.1995922129894,2.05359734998977));
#1237=CARTESIAN_POINT('Ctrl Pts',(-20.508376801916,35.5861483079349,-2.16079204996931));
#1238=CARTESIAN_POINT('Ctrl Pts',(-20.1495873399236,35.2273588459425,-2.13462354651038));
#1239=CARTESIAN_POINT('Ctrl Pts',(-19.0565076227553,34.8970719552932,-2.08228653959253));
#1240=CARTESIAN_POINT('Ctrl Pts',(-17.7309764806815,35.9978143488401,-2.00378102921575));
#1241=CARTESIAN_POINT('Ctrl Pts',(-17.921672222983,37.7083374978581,-1.92527551883897));
#1242=CARTESIAN_POINT('Ctrl Pts',(-19.4517989308094,38.4938679971804,-1.84677000846219));
#1243=CARTESIAN_POINT('Ctrl Pts',(-20.9519433703562,37.650310537448,-1.76826449808541));
#1244=CARTESIAN_POINT('Ctrl Pts',(-21.0753170836354,35.9339913147999,-1.68975898770864));
#1245=CARTESIAN_POINT('Ctrl Pts',(-19.7119908708555,34.884244984796,-1.61125347733185));
#1246=CARTESIAN_POINT('Ctrl Pts',(-18.0842684419749,35.4424593341364,-1.53274796695508));
#1247=CARTESIAN_POINT('Ctrl Pts',(-17.6521108168127,37.108039445322,-1.4542424565783));
#1248=CARTESIAN_POINT('Ctrl Pts',(-18.8029962870485,38.387240915462,-1.37573694620152));
#1249=CARTESIAN_POINT('Ctrl Pts',(-20.5048291321482,38.1328517718741,-1.29723143582474));
#1250=CARTESIAN_POINT('Ctrl Pts',(-21.2313422023402,36.5730110697396,-1.21872592544796));
#1251=CARTESIAN_POINT('Ctrl Pts',(-20.3309928678391,35.1066226311648,-1.14022041507118));
#1252=CARTESIAN_POINT('Ctrl Pts',(-18.6112300016773,35.0487776660211,-1.0617149046944));
#1253=CARTESIAN_POINT('Ctrl Pts',(-17.6143807512176,36.4513533181441,-0.983209394317619));
#1254=CARTESIAN_POINT('Ctrl Pts',(-18.2344417526741,38.0564861952747,-0.90470388394084));
#1255=CARTESIAN_POINT('Ctrl Pts',(-19.9153282981988,38.424655075486,-0.826198373564059));
#1256=CARTESIAN_POINT('Ctrl Pts',(-21.1495810011812,37.2256773029323,-0.747692863187282));
#1257=CARTESIAN_POINT('Ctrl Pts',(-20.8302928818674,35.5348246739298,-0.669187352810501));
#1258=CARTESIAN_POINT('Ctrl Pts',(-19.2438090222842,34.8684940109027,-0.590681842433723));
#1259=CARTESIAN_POINT('Ctrl Pts',(-17.8129259114781,35.8242665000869,-0.512176332056942));
#1260=CARTESIAN_POINT('Ctrl Pts',(-17.8208935167411,37.5449826477114,-0.433670821680164));
#1261=CARTESIAN_POINT('Ctrl Pts',(-19.2605663122188,38.4874633065463,-0.355165311303383));
#1262=CARTESIAN_POINT('Ctrl Pts',(-20.8408115026335,37.8064694147366,-0.276659800926605));
#1263=CARTESIAN_POINT('Ctrl Pts',(-21.1444276361062,36.1127324845507,-0.198154290549825));
#1264=CARTESIAN_POINT('Ctrl Pts',(-19.8991245444765,34.925236061114,-0.119648780173045));
#1265=CARTESIAN_POINT('Ctrl Pts',(-18.221719646631,35.3089551680738,-0.041143269796266));
#1266=CARTESIAN_POINT('Ctrl Pts',(-17.6165495322689,36.9197613880705,0.0373622405805139));
#1267=CARTESIAN_POINT('Ctrl Pts',(-18.6263451478817,38.3130454078848,0.115867750957293));
#1268=CARTESIAN_POINT('Ctrl Pts',(-20.3454977774966,38.2392769959521,0.194373261334073));
#1269=CARTESIAN_POINT('Ctrl Pts',(-21.2322304749501,36.7646134161539,0.272878771710852));
#1270=CARTESIAN_POINT('Ctrl Pts',(-20.4913002712259,35.2115680283308,0.351384282087632));
#1271=CARTESIAN_POINT('Ctrl Pts',(-18.7871909976908,34.9729488511405,0.429889792464411));
#1272=CARTESIAN_POINT('Ctrl Pts',(-17.6481883437433,36.2627552488255,0.508395302841191));
#1273=CARTESIAN_POINT('Ctrl Pts',(-18.0957770074186,37.9242581541158,0.58690081321797));
#1274=CARTESIAN_POINT('Ctrl Pts',(-19.7285487553033,38.4673823141451,0.66540632359475));
#1275=CARTESIAN_POINT('Ctrl Pts',(-21.0821952241046,37.4050409656213,0.743911833971529));
#1276=CARTESIAN_POINT('Ctrl Pts',(-20.9427337670111,35.6899672935134,0.822417344348309));
#1277=CARTESIAN_POINT('Ctrl Pts',(-19.4352373556771,34.8602797270851,0.900922854725087));
#1278=CARTESIAN_POINT('Ctrl Pts',(-17.9116633746669,35.6600626227575,0.979428365101867));
#1279=CARTESIAN_POINT('Ctrl Pts',(-17.7383916486055,37.3720500309677,1.05793387547865));
#1280=CARTESIAN_POINT('Ctrl Pts',(-19.0708114935193,38.4608941952425,1.13643938585543));
#1281=CARTESIAN_POINT('Ctrl Pts',(-20.7139868349299,37.9500873174348,1.2149448962322));
#1282=CARTESIAN_POINT('Ctrl Pts',(-21.1942596349565,36.2977460075467,1.29345040660899));
#1283=CARTESIAN_POINT('Ctrl Pts',(-20.0809482641082,34.9857036639833,1.37195591698576));
#1284=CARTESIAN_POINT('Ctrl Pts',(-18.3724203928669,35.1906819030283,1.45046142736255));
#1285=CARTESIAN_POINT('Ctrl Pts',(-17.6010764352138,36.7287502431228,1.52896693773932));
#1286=CARTESIAN_POINT('Ctrl Pts',(-18.4583737085702,38.2207335313187,1.6074724481161));
#1287=CARTESIAN_POINT('Ctrl Pts',(-20.1760688347537,38.3281857572535,1.68597795849288));
#1288=CARTESIAN_POINT('Ctrl Pts',(-21.2124955747719,36.955536668832,1.76448346886966));
#1289=CARTESIAN_POINT('Ctrl Pts',(-20.6405517275047,35.3322269186513,1.84298897924644));
#1290=CARTESIAN_POINT('Ctrl Pts',(-18.9682888923044,34.9172526597309,1.92149448962322));
#1291=CARTESIAN_POINT('Ctrl Pts',(-18.1275188705281,35.6899223619334,1.97383149654107));
#1292=CARTESIAN_POINT('Ctrl Pts',(-17.9604017467508,36.1690169486425,2.));
#1293=CARTESIAN_POINT('',(-20.3114475633556,35.7830775464953,2.));
#1294=CARTESIAN_POINT('Ctrl Pts',(-17.9604017467508,36.1690169486425,2.));
#1295=CARTESIAN_POINT('Ctrl Pts',(-17.9855998819636,36.1132981229119,2.));
#1296=CARTESIAN_POINT('Ctrl Pts',(-18.0142833805803,36.0594058655461,2.));
#1297=CARTESIAN_POINT('Ctrl Pts',(-18.0461386914079,36.0075153905423,2.));
#1298=CARTESIAN_POINT('Ctrl Pts',(-18.0778086452301,35.9559268514735,2.));
#1299=CARTESIAN_POINT('Ctrl Pts',(-18.1126146827366,35.9063162564237,2.));
#1300=CARTESIAN_POINT('Ctrl Pts',(-18.1502909155184,35.8588909415848,2.));
#1301=CARTESIAN_POINT('Ctrl Pts',(-18.1787410366909,35.8230790821129,2.));
#1302=CARTESIAN_POINT('Ctrl Pts',(-18.2088287205231,35.7885139401857,2.));
#1303=CARTESIAN_POINT('Ctrl Pts',(-18.2404500963993,35.7553013765985,2.));
#1304=CARTESIAN_POINT('Ctrl Pts',(-18.2568659406734,35.7380594870007,2.));
#1305=CARTESIAN_POINT('Ctrl Pts',(-18.2736952424186,35.7211823746081,2.));
#1306=CARTESIAN_POINT('Ctrl Pts',(-18.290924074261,35.7046866022873,2.));
#1307=CARTESIAN_POINT('Ctrl Pts',(-18.2999971650322,35.6959995571656,2.));
#1308=CARTESIAN_POINT('Ctrl Pts',(-18.3091826424379,35.6874170318173,2.));
#1309=CARTESIAN_POINT('Ctrl Pts',(-18.3184615990996,35.6789564582033,2.));
#1310=CARTESIAN_POINT('Ctrl Pts',(-18.3622080002144,35.6390683909911,2.));
#1311=CARTESIAN_POINT('Ctrl Pts',(-18.4081088871013,35.6018099161009,2.));
#1312=CARTESIAN_POINT('Ctrl Pts',(-18.4559100299971,35.5673705085821,2.));
#1313=CARTESIAN_POINT('Ctrl Pts',(-18.5027339485126,35.5336351643269,2.));
#1314=CARTESIAN_POINT('Ctrl Pts',(-18.5513821896757,35.5026044291482,2.));
#1315=CARTESIAN_POINT('Ctrl Pts',(-18.6016355232411,35.4745010359229,2.));
#1316=CARTESIAN_POINT('Ctrl Pts',(-18.6380148895151,35.4541564425767,2.));
#1317=CARTESIAN_POINT('Ctrl Pts',(-18.6752358621775,35.4353468450182,2.));
#1318=CARTESIAN_POINT('Ctrl Pts',(-18.7132177637129,35.4181734978869,2.));
#1319=CARTESIAN_POINT('Ctrl Pts',(-18.7330694602408,35.4091976419704,2.));
#1320=CARTESIAN_POINT('Ctrl Pts',(-18.7531290383132,35.4006690146603,2.));
#1321=CARTESIAN_POINT('Ctrl Pts',(-18.773384941469,35.3926037621119,2.));
#1322=CARTESIAN_POINT('Ctrl Pts',(-18.7828052304382,35.3888529044468,2.));
#1323=CARTESIAN_POINT('Ctrl Pts',(-18.7922633159885,35.3852042036228,2.));
#1324=CARTESIAN_POINT('Ctrl Pts',(-18.8017504319921,35.3816616767947,2.));
#1325=CARTESIAN_POINT('Ctrl Pts',(-18.8539953971179,35.3621531991366,2.));
#1326=CARTESIAN_POINT('Ctrl Pts',(-18.9071890984308,35.3458329338039,2.));
#1327=CARTESIAN_POINT('Ctrl Pts',(-18.9611261686607,35.3328991343907,2.));
#1328=CARTESIAN_POINT('Ctrl Pts',(-18.9972173077574,35.3242446866857,2.));
#1329=CARTESIAN_POINT('Ctrl Pts',(-19.0336415768315,35.317107462617,2.));
#1330=CARTESIAN_POINT('Ctrl Pts',(-19.0703384591568,35.3115599444743,2.));
#1331=CARTESIAN_POINT('Ctrl Pts',(-19.1246511800967,35.3033494157944,2.));
#1332=CARTESIAN_POINT('Ctrl Pts',(-19.1795621167159,35.2986195527143,2.));
#1333=CARTESIAN_POINT('Ctrl Pts',(-19.2347653539988,35.2972928072171,2.));
#1334=CARTESIAN_POINT('Ctrl Pts',(-19.2518131762497,35.2968830826698,2.));
#1335=CARTESIAN_POINT('Ctrl Pts',(-19.2688887623818,35.2967982178227,2.));
#1336=CARTESIAN_POINT('Ctrl Pts',(-19.2859827302497,35.2970367206483,2.));
#1337=CARTESIAN_POINT('Ctrl Pts',(-19.3009870207506,35.2972460673435,2.));
#1338=CARTESIAN_POINT('Ctrl Pts',(-19.3160120246232,35.2977050456786,2.));
#1339=CARTESIAN_POINT('Ctrl Pts',(-19.3310153435502,35.2984106413748,2.));
#1340=CARTESIAN_POINT('Ctrl Pts',(-19.386640882176,35.301026671924,2.));
#1341=CARTESIAN_POINT('Ctrl Pts',(-19.4420437095793,35.3070265985825,2.));
#1342=CARTESIAN_POINT('Ctrl Pts',(-19.4969144002152,35.3162832082458,2.));
#1343=CARTESIAN_POINT('Ctrl Pts',(-19.5517188104229,35.3255286364924,2.));
#1344=CARTESIAN_POINT('Ctrl Pts',(-19.6059934731594,35.3380234236137,2.));
#1345=CARTESIAN_POINT('Ctrl Pts',(-19.6594111334631,35.3536887220681,2.));
#1346=CARTESIAN_POINT('Ctrl Pts',(-19.693555518912,35.3637019271684,2.));
#1347=CARTESIAN_POINT('Ctrl Pts',(-19.727349323984,35.3750114540106,2.));
#1348=CARTESIAN_POINT('Ctrl Pts',(-19.7606999020088,35.3876054765988,2.));
#1349=CARTESIAN_POINT('Ctrl Pts',(-19.7778832154707,35.3940943307866,2.));
#1350=CARTESIAN_POINT('Ctrl Pts',(-19.7949487612734,35.4009242773336,2.));
#1351=CARTESIAN_POINT('Ctrl Pts',(-19.8118831049085,35.4080943216402,2.));
#1352=CARTESIAN_POINT('Ctrl Pts',(-19.8220971622951,35.412418979601,2.));
#1353=CARTESIAN_POINT('Ctrl Pts',(-19.832262835626,35.416867216227,2.));
#1354=CARTESIAN_POINT('Ctrl Pts',(-19.8423650784387,35.4214330575085,2.));
#1355=CARTESIAN_POINT('Ctrl Pts',(-19.8912188798887,35.4435131745232,2.));
#1356=CARTESIAN_POINT('Ctrl Pts',(-19.9386679145325,35.4683722396907,2.));
#1357=CARTESIAN_POINT('Ctrl Pts',(-19.984402043589,35.4959461251723,2.));
#1358=CARTESIAN_POINT('Ctrl Pts',(-20.0131212606595,35.5132614303712,2.));
#1359=CARTESIAN_POINT('Ctrl Pts',(-20.0411636269804,35.5316480501999,2.));
#1360=CARTESIAN_POINT('Ctrl Pts',(-20.0684442215329,35.551096863726,2.));
#1361=CARTESIAN_POINT('Ctrl Pts',(-20.078417461253,35.558206960949,2.));
#1362=CARTESIAN_POINT('Ctrl Pts',(-20.0882908235793,35.5654605899718,2.));
#1363=CARTESIAN_POINT('Ctrl Pts',(-20.0980532763548,35.5728524083371,2.));
#1364=CARTESIAN_POINT('Ctrl Pts',(-20.1390389525344,35.6038854571892,2.));
#1365=CARTESIAN_POINT('Ctrl Pts',(-20.1780089831077,35.6373016483988,2.));
#1366=CARTESIAN_POINT('Ctrl Pts',(-20.2146670038172,35.6730541979007,2.));
#1367=CARTESIAN_POINT('Ctrl Pts',(-20.2351507892039,35.6930320236766,2.));
#1368=CARTESIAN_POINT('Ctrl Pts',(-20.2549119892906,35.713739891146,2.));
#1369=CARTESIAN_POINT('Ctrl Pts',(-20.2738927376271,35.735173308018,2.));
#1370=CARTESIAN_POINT('Ctrl Pts',(-20.2872203544103,35.7502231027551,2.));
#1371=CARTESIAN_POINT('Ctrl Pts',(-20.3001630645157,35.7656306963241,2.));
#1372=CARTESIAN_POINT('Ctrl Pts',(-20.3127146927529,35.7813784346451,2.));
#1373=CARTESIAN_POINT('',(-20.3114475633556,35.7830775464953,-2.));
#1374=CARTESIAN_POINT('Ctrl Pts',(-20.3114475633556,35.7830775464953,-2.));
#1375=CARTESIAN_POINT('Ctrl Pts',(-20.2798410123183,35.7437377464735,-2.));
#1376=CARTESIAN_POINT('Ctrl Pts',(-20.2458255685249,35.7066028566328,-2.));
#1377=CARTESIAN_POINT('Ctrl Pts',(-20.2097200125868,35.6716988892744,-2.));
#1378=CARTESIAN_POINT('Ctrl Pts',(-20.1719971340652,35.6352314236344,-2.));
#1379=CARTESIAN_POINT('Ctrl Pts',(-20.131992289781,35.6011985688961,-2.));
#1380=CARTESIAN_POINT('Ctrl Pts',(-20.0900173966851,35.5696542308936,-2.));
#1381=CARTESIAN_POINT('Ctrl Pts',(-20.0563564044905,35.544357830189,-2.));
#1382=CARTESIAN_POINT('Ctrl Pts',(-20.0214272986596,35.5206621446891,-2.));
#1383=CARTESIAN_POINT('Ctrl Pts',(-19.9853718519326,35.4986098334382,-2.));
#1384=CARTESIAN_POINT('Ctrl Pts',(-19.970118579252,35.4892805934126,-2.));
#1385=CARTESIAN_POINT('Ctrl Pts',(-19.9546635440171,35.4802456504348,-2.));
#1386=CARTESIAN_POINT('Ctrl Pts',(-19.9390167734401,35.4715090758242,-2.));
#1387=CARTESIAN_POINT('Ctrl Pts',(-19.9301587778442,35.4665631006121,-2.));
#1388=CARTESIAN_POINT('Ctrl Pts',(-19.9212386655718,35.4617125296098,-2.));
#1389=CARTESIAN_POINT('Ctrl Pts',(-19.9122726302412,35.4569654609027,-2.));
#1390=CARTESIAN_POINT('Ctrl Pts',(-19.8641595938223,35.4314920067872,-2.));
#1391=CARTESIAN_POINT('Ctrl Pts',(-19.8146325839281,35.4089422325716,-2.));
#1392=CARTESIAN_POINT('Ctrl Pts',(-19.7640200133845,35.3893684313946,-2.));
#1393=CARTESIAN_POINT('Ctrl Pts',(-19.7124822356133,35.3694368174822,-2.));
#1394=CARTESIAN_POINT('Ctrl Pts',(-19.6598179684557,35.3525903103173,-2.));
#1395=CARTESIAN_POINT('Ctrl Pts',(-19.6063364481435,35.3389221310475,-2.));
#1396=CARTESIAN_POINT('Ctrl Pts',(-19.5680892579091,35.3291473630597,-2.));
#1397=CARTESIAN_POINT('Ctrl Pts',(-19.5294232622269,35.3209988800065,-2.));
#1398=CARTESIAN_POINT('Ctrl Pts',(-19.4904440883172,35.3145252638501,-2.));
#1399=CARTESIAN_POINT('Ctrl Pts',(-19.4738624371625,35.3117714023891,-2.));
#1400=CARTESIAN_POINT('Ctrl Pts',(-19.4572240567476,35.3093207915261,-2.));
#1401=CARTESIAN_POINT('Ctrl Pts',(-19.4405368901204,35.3071779210079,-2.));
#1402=CARTESIAN_POINT('Ctrl Pts',(-19.4305899799419,35.305900595681,-2.));
#1403=CARTESIAN_POINT('Ctrl Pts',(-19.4206314103887,35.3047334089017,-2.));
#1404=CARTESIAN_POINT('Ctrl Pts',(-19.4106704197912,35.3036776425434,-2.));
#1405=CARTESIAN_POINT('Ctrl Pts',(-19.3541664350994,35.2976887797327,-2.));
#1406=CARTESIAN_POINT('Ctrl Pts',(-19.2975138743158,35.2952720798971,-2.));
#1407=CARTESIAN_POINT('Ctrl Pts',(-19.2410393492284,35.2965122008074,-2.));
#1408=CARTESIAN_POINT('Ctrl Pts',(-19.2063849644611,35.2972731744874,-2.));
#1409=CARTESIAN_POINT('Ctrl Pts',(-19.1717970094288,35.2994119205992,-2.));
#1410=CARTESIAN_POINT('Ctrl Pts',(-19.1373472268148,35.3029569947141,-2.));
#1411=CARTESIAN_POINT('Ctrl Pts',(-19.0826862185437,35.3085819162902,-2.));
#1412=CARTESIAN_POINT('Ctrl Pts',(-19.0283727966042,35.317744514458,-2.));
#1413=CARTESIAN_POINT('Ctrl Pts',(-18.9746278412139,35.3302343429695,-2.));
#1414=CARTESIAN_POINT('Ctrl Pts',(-18.9585456844594,35.3339716868468,-2.));
#1415=CARTESIAN_POINT('Ctrl Pts',(-18.9425144336817,35.3380073022505,-2.));
#1416=CARTESIAN_POINT('Ctrl Pts',(-18.9265400756902,35.3423364326233,-2.));
#1417=CARTESIAN_POINT('Ctrl Pts',(-18.9117719128871,35.3463386781079,-2.));
#1418=CARTESIAN_POINT('Ctrl Pts',(-18.8970459625808,35.3505939483098,-2.));
#1419=CARTESIAN_POINT('Ctrl Pts',(-18.8824020722521,35.355087450274,-2.));
#1420=CARTESIAN_POINT('Ctrl Pts',(-18.8281546381293,35.3717333651442,-2.));
#1421=CARTESIAN_POINT('Ctrl Pts',(-18.7749619929827,35.39166050706,-2.));
#1422=CARTESIAN_POINT('Ctrl Pts',(-18.7230552740465,35.4146021186386,-2.));
#1423=CARTESIAN_POINT('Ctrl Pts',(-18.6699201662996,35.4380866506626,-2.));
#1424=CARTESIAN_POINT('Ctrl Pts',(-18.6181316382111,35.464730292896,-2.));
#1425=CARTESIAN_POINT('Ctrl Pts',(-18.5679391208644,35.4943025016516,-2.));
#1426=CARTESIAN_POINT('Ctrl Pts',(-18.5374652118319,35.5122569866455,-2.));
#1427=CARTESIAN_POINT('Ctrl Pts',(-18.5075797116008,35.5312920577995,-2.));
#1428=CARTESIAN_POINT('Ctrl Pts',(-18.4783410007205,35.5513650344039,-2.));
#1429=CARTESIAN_POINT('Ctrl Pts',(-18.4622428525236,35.5624167443596,-2.));
#1430=CARTESIAN_POINT('Ctrl Pts',(-18.4463408136735,35.5737831920528,-2.));
#1431=CARTESIAN_POINT('Ctrl Pts',(-18.4306450463536,35.5854580386773,-2.));
#1432=CARTESIAN_POINT('Ctrl Pts',(-18.4211935660281,35.5924882514045,-2.));
#1433=CARTESIAN_POINT('Ctrl Pts',(-18.4118153039598,35.5996315400634,-2.));
#1434=CARTESIAN_POINT('Ctrl Pts',(-18.4025175827322,35.606882671095,-2.));
#1435=CARTESIAN_POINT('Ctrl Pts',(-18.3548701823189,35.6440420497486,-2.));
#1436=CARTESIAN_POINT('Ctrl Pts',(-18.3094844227273,35.6839126856243,-2.));
#1437=CARTESIAN_POINT('Ctrl Pts',(-18.2666298164127,35.7262536202201,-2.));
#1438=CARTESIAN_POINT('Ctrl Pts',(-18.2387653447051,35.7537840977016,-2.));
#1439=CARTESIAN_POINT('Ctrl Pts',(-18.21197119503,35.7823600386383,-2.));
#1440=CARTESIAN_POINT('Ctrl Pts',(-18.1863267051283,35.8119257987713,-2.));
#1441=CARTESIAN_POINT('Ctrl Pts',(-18.1757328273035,35.8241395745901,-2.));
#1442=CARTESIAN_POINT('Ctrl Pts',(-18.1653352087555,35.8365223597358,-2.));
#1443=CARTESIAN_POINT('Ctrl Pts',(-18.1551397400173,35.8490705966914,-2.));
#1444=CARTESIAN_POINT('Ctrl Pts',(-18.147672662612,35.8582608221782,-2.));
#1445=CARTESIAN_POINT('Ctrl Pts',(-18.140314793116,35.8675389775011,-2.));
#1446=CARTESIAN_POINT('Ctrl Pts',(-18.1330744310416,35.876895563583,-2.));
#1447=CARTESIAN_POINT('Ctrl Pts',(-18.0958495921182,35.9250005348803,-2.));
#1448=CARTESIAN_POINT('Ctrl Pts',(-18.0616830581389,35.9752305540595,-2.));
#1449=CARTESIAN_POINT('Ctrl Pts',(-18.0308585339679,36.0273698424937,-2.));
#1450=CARTESIAN_POINT('Ctrl Pts',(-18.0164162211013,36.0517988300111,-2.));
#1451=CARTESIAN_POINT('Ctrl Pts',(-18.0027079783294,36.0766475470709,-2.));
#1452=CARTESIAN_POINT('Ctrl Pts',(-17.989765698785,36.1018966946892,-2.));
#1453=CARTESIAN_POINT('Ctrl Pts',(-17.9786493939046,36.1235835406528,-2.));
#1454=CARTESIAN_POINT('Ctrl Pts',(-17.9680981855475,36.1455658308446,-2.));
#1455=CARTESIAN_POINT('Ctrl Pts',(-17.9581079067824,36.1678220558843,-2.));
#1456=CARTESIAN_POINT('Ctrl Pts',(-20.3127146927529,35.7813784346451,2.));
#1457=CARTESIAN_POINT('Ctrl Pts',(-20.5905433399594,36.0610600708261,1.97509183961299));
#1458=CARTESIAN_POINT('Ctrl Pts',(-20.7291852374843,36.4815715875801,1.95018367922598));
#1459=CARTESIAN_POINT('Ctrl Pts',(-20.6687995316031,36.8710651342391,1.92527551883897));
#1460=CARTESIAN_POINT('Ctrl Pts',(-20.6053583328686,37.2802669004319,1.89910701538005));
#1461=CARTESIAN_POINT('Ctrl Pts',(-20.3222385202194,37.6552322865431,1.87293851192112));
#1462=CARTESIAN_POINT('Ctrl Pts',(-19.9460679542428,37.8280386629327,1.84677000846219));
#1463=CARTESIAN_POINT('Ctrl Pts',(-19.5698973882661,38.0008450393223,1.82060150500327));
#1464=CARTESIAN_POINT('Ctrl Pts',(-19.1006760689619,37.9714924059901,1.79443300154434));
#1465=CARTESIAN_POINT('Ctrl Pts',(-18.7489718251492,37.7530341852493,1.76826449808541));
#1466=CARTESIAN_POINT('Ctrl Pts',(-18.3972675813364,37.5345759645085,1.74209599462649));
#1467=CARTESIAN_POINT('Ctrl Pts',(-18.1630804130152,37.127012156359,1.71592749116756));
#1468=CARTESIAN_POINT('Ctrl Pts',(-18.1513405158768,36.713153840959,1.68975898770863));
#1469=CARTESIAN_POINT('Ctrl Pts',(-18.1396006187385,36.299295525559,1.66359048424971));
#1470=CARTESIAN_POINT('Ctrl Pts',(-18.3503079927831,35.8791427029084,1.63742198079078));
#1471=CARTESIAN_POINT('Ctrl Pts',(-18.6890202338327,35.641069425816,1.61125347733186));
#1472=CARTESIAN_POINT('Ctrl Pts',(-19.0277324748822,35.4029961487236,1.58508497387293));
#1473=CARTESIAN_POINT('Ctrl Pts',(-19.4944495829368,35.3470024171892,1.558916470414));
#1474=CARTESIAN_POINT('Ctrl Pts',(-19.8798692979532,35.4982102979587,1.53274796695508));
#1475=CARTESIAN_POINT('Ctrl Pts',(-20.2652890129697,35.6494181787281,1.50657946349615));
#1476=CARTESIAN_POINT('Ctrl Pts',(-20.569411334948,36.0078276718014,1.48041096003722));
#1477=CARTESIAN_POINT('Ctrl Pts',(-20.6558746394202,36.4127167547339,1.4542424565783));
#1478=CARTESIAN_POINT('Ctrl Pts',(-20.7423379438925,36.8176058376664,1.42807395311937));
#1479=CARTESIAN_POINT('Ctrl Pts',(-20.6111422308587,37.2689745104583,1.40190544966044));
#1480=CARTESIAN_POINT('Ctrl Pts',(-20.3211119678594,37.5644271874232,1.37573694620152));
#1481=CARTESIAN_POINT('Ctrl Pts',(-20.0310817048601,37.8598798643881,1.34956844274259));
#1482=CARTESIAN_POINT('Ctrl Pts',(-19.5822168918954,37.9994165455261,1.32339993928366));
#1483=CARTESIAN_POINT('Ctrl Pts',(-19.1757964865047,37.9204655681295,1.29723143582474));
#1484=CARTESIAN_POINT('Ctrl Pts',(-18.769376081114,37.8415145907329,1.27106293236581));
#1485=CARTESIAN_POINT('Ctrl Pts',(-18.4054000832973,37.5440759548018,1.24489442890688));
#1486=CARTESIAN_POINT('Ctrl Pts',(-18.2470783295396,37.1615255634206,1.21872592544796));
#1487=CARTESIAN_POINT('Ctrl Pts',(-18.0887565757819,36.7789751720394,1.19255742198903));
#1488=CARTESIAN_POINT('Ctrl Pts',(-18.1360890660831,36.3113130252081,1.1663889185301));
#1489=CARTESIAN_POINT('Ctrl Pts',(-18.3678520166763,35.9682439444931,1.14022041507118));
#1490=CARTESIAN_POINT('Ctrl Pts',(-18.5996149672695,35.6251748637781,1.11405191161225));
#1491=CARTESIAN_POINT('Ctrl Pts',(-19.0158083781547,35.4066988491793,1.08788340815332));
#1492=CARTESIAN_POINT('Ctrl Pts',(-19.4298058410105,35.41078336594,1.0617149046944));
#1493=CARTESIAN_POINT('Ctrl Pts',(-19.8438033038664,35.4148678827007,1.03554640123547));
#1494=CARTESIAN_POINT('Ctrl Pts',(-20.2556048186929,35.641512930821,1.00937789777655));
#1495=CARTESIAN_POINT('Ctrl Pts',(-20.4805538600222,35.9890880643411,0.98320939431762));
#1496=CARTESIAN_POINT('Ctrl Pts',(-20.7055029013515,36.3366631978612,0.957040890858693));
#1497=CARTESIAN_POINT('Ctrl Pts',(-20.7435994691836,36.8051684167811,0.930872387399766));
#1498=CARTESIAN_POINT('Ctrl Pts',(-20.5777605247782,37.1845204683677,0.90470388394084));
#1499=CARTESIAN_POINT('Ctrl Pts',(-20.4119215803729,37.5638725199544,0.878535380481913));
#1500=CARTESIAN_POINT('Ctrl Pts',(-20.0421471237301,37.8540714042076,0.852366877022987));
#1501=CARTESIAN_POINT('Ctrl Pts',(-19.6342484593318,37.9249884634916,0.826198373564061));
#1502=CARTESIAN_POINT('Ctrl Pts',(-19.2263497949335,37.9959055227757,0.800029870105134));
#1503=CARTESIAN_POINT('Ctrl Pts',(-18.7803269227797,37.8475407570904,0.773861366646208));
#1504=CARTESIAN_POINT('Ctrl Pts',(-18.4961817790751,37.5464227052329,0.747692863187281));
#1505=CARTESIAN_POINT('Ctrl Pts',(-18.2120366353704,37.2453046533754,0.721524359728354));
#1506=CARTESIAN_POINT('Ctrl Pts',(-18.0897692201149,36.7914333153456,0.695355856269428));
#1507=CARTESIAN_POINT('Ctrl Pts',(-18.1842057064726,36.3883299870229,0.669187352810502));
#1508=CARTESIAN_POINT('Ctrl Pts',(-18.2786421928302,35.9852266587001,0.643018849351575));
#1509=CARTESIAN_POINT('Ctrl Pts',(-18.589782580801,35.6328913400843,0.616850345892649));
#1510=CARTESIAN_POINT('Ctrl Pts',(-18.9781078165217,35.4893153797996,0.590681842433722));
#1511=CARTESIAN_POINT('Ctrl Pts',(-19.3664330522423,35.345739419515,0.564513338974796));
#1512=CARTESIAN_POINT('Ctrl Pts',(-19.8319431357129,35.4109228175614,0.538344835515869));
#1513=CARTESIAN_POINT('Ctrl Pts',(-20.1658978148006,35.6556365616162,0.512176332056942));
#1514=CARTESIAN_POINT('Ctrl Pts',(-20.4998524938884,35.900350305671,0.486007828598016));
#1515=CARTESIAN_POINT('Ctrl Pts',(-20.7022517685933,36.3245943957342,0.45983932513909));
#1516=CARTESIAN_POINT('Ctrl Pts',(-20.6823373968802,36.7381327398211,0.433670821680163));
#1517=CARTESIAN_POINT('Ctrl Pts',(-20.662423025167,37.1516710839081,0.407502318221236));
#1518=CARTESIAN_POINT('Ctrl Pts',(-20.4201950070356,37.5545036820189,0.38133381476231));
#1519=CARTESIAN_POINT('Ctrl Pts',(-20.0642712658304,37.7659956083036,0.355165311303383));
#1520=CARTESIAN_POINT('Ctrl Pts',(-19.7083475246252,37.9774875345883,0.328996807844457));
#1521=CARTESIAN_POINT('Ctrl Pts',(-19.2387280603461,37.9976387890469,0.302828304385531));
#1522=CARTESIAN_POINT('Ctrl Pts',(-18.865995822704,37.8174133098758,0.276659800926604));
#1523=CARTESIAN_POINT('Ctrl Pts',(-18.4932635850619,37.6371878307046,0.250491297467678));
#1524=CARTESIAN_POINT('Ctrl Pts',(-18.2174185740568,37.2565856179038,0.224322794008751));
#1525=CARTESIAN_POINT('Ctrl Pts',(-18.1621529717311,36.8462732277287,0.198154290549825));
#1526=CARTESIAN_POINT('Ctrl Pts',(-18.1068873694054,36.4359608375536,0.171985787090898));
#1527=CARTESIAN_POINT('Ctrl Pts',(-18.272201175759,35.9959382700043,0.145817283631972));
#1528=CARTESIAN_POINT('Ctrl Pts',(-18.5839657148534,35.7235168748934,0.119648780173045));
#1529=CARTESIAN_POINT('Ctrl Pts',(-18.8957302539479,35.4510954797825,0.0934802767141187));
#1530=CARTESIAN_POINT('Ctrl Pts',(-19.3539455257832,35.3462752571101,0.0673117732551922));
#1531=CARTESIAN_POINT('Ctrl Pts',(-19.7531423558428,35.4560588406795,0.0411432697962658));
#1532=CARTESIAN_POINT('Ctrl Pts',(-20.1523391859023,35.5658424242488,0.0149747663373392));
#1533=CARTESIAN_POINT('Ctrl Pts',(-20.4925175741861,35.8902298140599,-0.0111937371215872));
#1534=CARTESIAN_POINT('Ctrl Pts',(-20.6211374876221,36.2837618485874,-0.0373622405805138));
#1535=CARTESIAN_POINT('Ctrl Pts',(-20.749757401058,36.6772938831149,-0.0635307440394403));
#1536=CARTESIAN_POINT('Ctrl Pts',(-20.6668188396459,37.1399705623588,-0.0896992474983668));
#1537=CARTESIAN_POINT('Ctrl Pts',(-20.4095124404177,37.4643221636133,-0.115867750957293));
#1538=CARTESIAN_POINT('Ctrl Pts',(-20.1522060411893,37.7886737648677,-0.14203625441622));
#1539=CARTESIAN_POINT('Ctrl Pts',(-19.7205318041448,37.9747002881326,-0.168204757875146));
#1540=CARTESIAN_POINT('Ctrl Pts',(-19.30805758799,37.938985229059,-0.194373261334073));
#1541=CARTESIAN_POINT('Ctrl Pts',(-18.8955833718352,37.9032701699855,-0.220541764792999));
#1542=CARTESIAN_POINT('Ctrl Pts',(-18.5023091765702,37.6458135285733,-0.246710268251926));
#1543=CARTESIAN_POINT('Ctrl Pts',(-18.3045838269551,37.2820619232841,-0.272878771710852));
#1544=CARTESIAN_POINT('Ctrl Pts',(-18.10685847734,36.9183103179948,-0.299047275169779));
#1545=CARTESIAN_POINT('Ctrl Pts',(-18.1046819733747,36.4482637488284,-0.325215778628705));
#1546=CARTESIAN_POINT('Ctrl Pts',(-18.2990302836749,36.0826966845333,-0.351384282087631));
#1547=CARTESIAN_POINT('Ctrl Pts',(-18.4933785939751,35.7171296202381,-0.377552785546558));
#1548=CARTESIAN_POINT('Ctrl Pts',(-18.8842517185408,35.4560420608142,-0.403721289005485));
#1549=CARTESIAN_POINT('Ctrl Pts',(-19.296377505326,35.4165087718559,-0.429889792464411));
#1550=CARTESIAN_POINT('Ctrl Pts',(-19.7085032921111,35.3769754828976,-0.456058295923338));
#1551=CARTESIAN_POINT('Ctrl Pts',(-20.1418817411159,35.5589964644051,-0.482226799382264));
#1552=CARTESIAN_POINT('Ctrl Pts',(-20.4021807978577,35.8809513437279,-0.50839530284119));
#1553=CARTESIAN_POINT('Ctrl Pts',(-20.6624798545994,36.2029062230508,-0.534563806300117));
#1554=CARTESIAN_POINT('Ctrl Pts',(-20.7496995190782,36.6647950001892,-0.560732309759044));
#1555=CARTESIAN_POINT('Ctrl Pts',(-20.6247294698182,37.0595012588593,-0.58690081321797));
#1556=CARTESIAN_POINT('Ctrl Pts',(-20.4997594205583,37.4542075175294,-0.613069316676897));
#1557=CARTESIAN_POINT('Ctrl Pts',(-20.1625996575595,37.7817312577312,-0.639237820135823));
#1558=CARTESIAN_POINT('Ctrl Pts',(-19.7644366007721,37.8952069376153,-0.665406323594749));
#1559=CARTESIAN_POINT('Ctrl Pts',(-19.3662735439848,38.0086826174994,-0.691574827053675));
#1560=CARTESIAN_POINT('Ctrl Pts',(-18.9071071934089,37.9081102370658,-0.717743330512602));
#1561=CARTESIAN_POINT('Ctrl Pts',(-18.5928332494515,37.6385876542014,-0.743911833971528));
#1562=CARTESIAN_POINT('Ctrl Pts',(-18.2785593054941,37.369065071337,-0.770080337430455));
#1563=CARTESIAN_POINT('Ctrl Pts',(-18.1091777681552,36.9305922860418,-0.796248840889382));
#1564=CARTESIAN_POINT('Ctrl Pts',(-18.1606412311995,36.5197856933391,-0.822417344348309));
#1565=CARTESIAN_POINT('Ctrl Pts',(-18.2121046942439,36.1089791006365,-0.848585847807235));
#1566=CARTESIAN_POINT('Ctrl Pts',(-18.4844131576714,35.7258387005264,-0.874754351266161));
#1567=CARTESIAN_POINT('Ctrl Pts',(-18.8554604704245,35.5421692304804,-0.900922854725087));
#1568=CARTESIAN_POINT('Ctrl Pts',(-19.2265077831776,35.3584997604344,-0.927091358184014));
#1569=CARTESIAN_POINT('Ctrl Pts',(-19.6962939452561,35.3743012204527,-0.953259861642941));
#1570=CARTESIAN_POINT('Ctrl Pts',(-20.054160857952,35.5824879928659,-0.979428365101868));
#1571=CARTESIAN_POINT('Ctrl Pts',(-20.4120277706478,35.7906747652792,-1.00559686856079));
#1572=CARTESIAN_POINT('Ctrl Pts',(-20.657975433961,36.1912468500875,-1.03176537201972));
#1573=CARTESIAN_POINT('Ctrl Pts',(-20.6817187863285,36.6045830726439,-1.05793387547865));
#1574=CARTESIAN_POINT('Ctrl Pts',(-20.7054621386961,37.0179192952003,-1.08410237893757));
#1575=CARTESIAN_POINT('Ctrl Pts',(-20.507001180118,37.4440196555047,-1.1102708823965));
#1576=CARTESIAN_POINT('Ctrl Pts',(-20.1753265841053,37.6918154688463,-1.13643938585543));
#1577=CARTESIAN_POINT('Ctrl Pts',(-19.8436519880925,37.9396112821878,-1.16260788931435));
#1578=CARTESIAN_POINT('Ctrl Pts',(-19.378763754645,38.0091025485664,-1.18877639277328));
#1579=CARTESIAN_POINT('Ctrl Pts',(-18.9891264345173,37.8691289919748,-1.21494489623221));
#1580=CARTESIAN_POINT('Ctrl Pts',(-18.5994891143897,37.7291554353832,-1.24111339969113));
#1581=CARTESIAN_POINT('Ctrl Pts',(-18.2851027075819,37.3797170558213,-1.26728190315006));
#1582=CARTESIAN_POINT('Ctrl Pts',(-18.1869355699608,36.9775053135891,-1.29345040660898));
#1583=CARTESIAN_POINT('Ctrl Pts',(-18.0887684323398,36.5752935713568,-1.31961891006791));
#1584=CARTESIAN_POINT('Ctrl Pts',(-18.2068205639055,36.1203084664542,-1.34578741352684));
#1585=CARTESIAN_POINT('Ctrl Pts',(-18.4881684066726,35.816572444059,-1.37195591698577));
#1586=CARTESIAN_POINT('Ctrl Pts',(-18.7695162494396,35.5128364216637,-1.39812442044469));
#1587=CARTESIAN_POINT('Ctrl Pts',(-19.2141598034079,35.3603494817759,-1.42429292390362));
#1588=CARTESIAN_POINT('Ctrl Pts',(-19.6226909124358,35.4274851687006,-1.45046142736254));
#1589=CARTESIAN_POINT('Ctrl Pts',(-20.0312220214636,35.4946208556253,-1.47662993082147));
#1590=CARTESIAN_POINT('Ctrl Pts',(-20.4036406855509,35.7813791693626,-1.5027984342804));
#1591=CARTESIAN_POINT('Ctrl Pts',(-20.5729990713382,36.159181058683,-1.52896693773932));
#1592=CARTESIAN_POINT('Ctrl Pts',(-20.7423574571255,36.5369829480034,-1.55513544119825));
#1593=CARTESIAN_POINT('Ctrl Pts',(-20.7086555646127,37.005828412907,-1.58130394465718));
#1594=CARTESIAN_POINT('Ctrl Pts',(-20.4869080268887,37.3554680829081,-1.6074724481161));
#1595=CARTESIAN_POINT('Ctrl Pts',(-20.2651604891648,37.7051077529092,-1.63364095157503));
#1596=CARTESIAN_POINT('Ctrl Pts',(-19.8553673062296,37.9355416280078,-1.65980945503396));
#1597=CARTESIAN_POINT('Ctrl Pts',(-19.4414790079089,37.9434672157631,-1.68597795849288));
#1598=CARTESIAN_POINT('Ctrl Pts',(-19.0275907095882,37.9513928035184,-1.71214646195181));
#1599=CARTESIAN_POINT('Ctrl Pts',(-18.6096072958818,37.7368101039304,-1.73831496541073));
#1600=CARTESIAN_POINT('Ctrl Pts',(-18.3745694920163,37.3958876759409,-1.76448346886966));
#1601=CARTESIAN_POINT('Ctrl Pts',(-18.1395316881508,37.0549652479515,-1.79065197232859));
#1602=CARTESIAN_POINT('Ctrl Pts',(-18.0874394941262,36.5877030915606,-1.81682047578752));
#1603=CARTESIAN_POINT('Ctrl Pts',(-18.242440505469,36.2037275808052,-1.84298897924644));
#1604=CARTESIAN_POINT('Ctrl Pts',(-18.3974415168119,35.8197520700498,-1.86915748270537));
#1605=CARTESIAN_POINT('Ctrl Pts',(-18.7595357335223,35.5190632049299,-1.89532598616429));
#1606=CARTESIAN_POINT('Ctrl Pts',(-19.1645295856168,35.4363869144999,-1.92149448962322));
#1607=CARTESIAN_POINT('Ctrl Pts',(-19.5695234377114,35.3537106240699,-1.94766299308215));
#1608=CARTESIAN_POINT('Ctrl Pts',(-20.0174169251901,35.4890469083298,-1.97383149654107));
#1609=CARTESIAN_POINT('Ctrl Pts',(-20.3114475633556,35.7830775464953,-2.));
#1610=CARTESIAN_POINT('Ctrl Pts',(-18.7464702303584,38.0667541427219,-2.));
#1611=CARTESIAN_POINT('Ctrl Pts',(-19.2034109129255,38.2873555223384,-1.97383149654107));
#1612=CARTESIAN_POINT('Ctrl Pts',(-20.3442861139625,38.2391996561523,-1.92149448962322));
#1613=CARTESIAN_POINT('Ctrl Pts',(-21.2333220160455,36.7633026311233,-1.84298897924644));
#1614=CARTESIAN_POINT('Ctrl Pts',(-20.4898948241577,35.211022579591,-1.76448346886966));
#1615=CARTESIAN_POINT('Ctrl Pts',(-18.7864202790426,34.9732780850829,-1.68597795849288));
#1616=CARTESIAN_POINT('Ctrl Pts',(-17.6478068551848,36.263851934544,-1.6074724481161));
#1617=CARTESIAN_POINT('Ctrl Pts',(-18.0965974666585,37.9250444642847,-1.52896693773932));
#1618=CARTESIAN_POINT('Ctrl Pts',(-19.7295988265798,38.467200429655,-1.45046142736254));
#1619=CARTESIAN_POINT('Ctrl Pts',(-21.0826520152947,37.4040302462608,-1.37195591698577));
#1620=CARTESIAN_POINT('Ctrl Pts',(-20.9421280261125,35.6890460177963,-1.29345040660898));
#1621=CARTESIAN_POINT('Ctrl Pts',(-19.4341419764079,34.8602683691719,-1.21494489623221));
#1622=CARTESIAN_POINT('Ctrl Pts',(-17.911046426341,35.6609738497018,-1.13643938585543));
#1623=CARTESIAN_POINT('Ctrl Pts',(-17.7388123891797,37.3730661983034,-1.05793387547865));
#1624=CARTESIAN_POINT('Ctrl Pts',(-19.0718920241745,38.4611025818729,-0.979428365101867));
#1625=CARTESIAN_POINT('Ctrl Pts',(-20.7147535639755,37.9493049548334,-0.900922854725088));
#1626=CARTESIAN_POINT('Ctrl Pts',(-21.1940368363136,36.296666174684,-0.822417344348308));
#1627=CARTESIAN_POINT('Ctrl Pts',(-20.0799106595034,34.9853116979657,-0.743911833971529));
#1628=CARTESIAN_POINT('Ctrl Pts',(-18.3715491461095,35.1912955412375,-0.665406323594749));
#1629=CARTESIAN_POINT('Ctrl Pts',(-17.6010518821436,36.7298864233792,-0.586900813217971));
#1630=CARTESIAN_POINT('Ctrl Pts',(-18.4594189470265,38.2212395003292,-0.50839530284119));
#1631=CARTESIAN_POINT('Ctrl Pts',(-20.176846443186,38.3278738592122,-0.429889792464412));
#1632=CARTESIAN_POINT('Ctrl Pts',(-21.2131045159456,36.9541572812367,-0.351384282087632));
#1633=CARTESIAN_POINT('Ctrl Pts',(-20.63885231347,35.332071447073,-0.272878771710853));
#1634=CARTESIAN_POINT('Ctrl Pts',(-18.9690928512133,34.9163414980529,-0.194373261334073));
#1635=CARTESIAN_POINT('Ctrl Pts',(-17.7013061171251,36.0798039346649,-0.115867750957294));
#1636=CARTESIAN_POINT('Ctrl Pts',(-17.9724733912321,37.7790379846551,-0.0373622405805137));
#1637=CARTESIAN_POINT('Ctrl Pts',(-19.5394054170384,38.4901301546373,0.0411432697962654));
#1638=CARTESIAN_POINT('Ctrl Pts',(-20.9968403012546,37.5753560816285,0.119648780173045));
#1639=CARTESIAN_POINT('Ctrl Pts',(-21.0377157917958,35.8551069014279,0.198154290549824));
#1640=CARTESIAN_POINT('Ctrl Pts',(-19.6253737763322,34.8721429760733,0.276659800926604));
#1641=CARTESIAN_POINT('Ctrl Pts',(-18.0264361518577,35.5080097212149,0.355165311303383));
#1642=CARTESIAN_POINT('Ctrl Pts',(-17.6748681906868,37.1924467253757,0.433670821680163));
#1643=CARTESIAN_POINT('Ctrl Pts',(-18.885964402116,38.414810833203,0.512176332056941));
#1644=CARTESIAN_POINT('Ctrl Pts',(-20.5735849043103,38.0788568623416,0.590681842433722));
#1645=CARTESIAN_POINT('Ctrl Pts',(-21.2242315244452,36.4858763016423,0.6691873528105));
#1646=CARTESIAN_POINT('Ctrl Pts',(-20.254388876665,35.0644920268064,0.747692863187281));
#1647=CARTESIAN_POINT('Ctrl Pts',(-18.5338349612302,35.0894351715584,0.826198373564059));
#1648=CARTESIAN_POINT('Ctrl Pts',(-17.605603319875,36.5383362807173,0.90470388394084));
#1649=CARTESIAN_POINT('Ctrl Pts',(-18.3021543816752,38.1117860955406,0.983209394317618));
#1650=CARTESIAN_POINT('Ctrl Pts',(-19.9988041460042,38.398678008984,1.0617149046944));
#1651=CARTESIAN_POINT('Ctrl Pts',(-21.1739576614458,37.1417193520879,1.14022041507118));
#1652=CARTESIAN_POINT('Ctrl Pts',(-20.773707541931,35.4681828789159,1.21872592544796));
#1653=CARTESIAN_POINT('Ctrl Pts',(-19.1570111420389,34.8789312142826,1.29723143582474));
#1654=CARTESIAN_POINT('Ctrl Pts',(-17.7737532027314,35.9024285491727,1.37573694620152));
#1655=CARTESIAN_POINT('Ctrl Pts',(-17.8644863023681,37.6207596644102,1.4542424565783));
#1656=CARTESIAN_POINT('Ctrl Pts',(-19.3478110469082,38.4929211160075,1.53274796695507));
#1657=CARTESIAN_POINT('Ctrl Pts',(-20.8935018227983,37.7366646808756,1.61125347733185));
#1658=CARTESIAN_POINT('Ctrl Pts',(-21.1152364392731,36.0303645044272,1.68975898770863));
#1659=CARTESIAN_POINT('Ctrl Pts',(-19.8143767309747,34.9039819525651,1.76826449808541));
#1660=CARTESIAN_POINT('Ctrl Pts',(-18.1571295317388,35.3682589286542,1.84677000846219));
#1661=CARTESIAN_POINT('Ctrl Pts',(-17.6306196557225,37.0056762001465,1.92527551883897));
#1662=CARTESIAN_POINT('Ctrl Pts',(-18.7053014674076,38.3500408648326,2.00378102921575));
#1663=CARTESIAN_POINT('Ctrl Pts',(-20.4209331074737,38.1910913782474,2.08228653959253));
#1664=CARTESIAN_POINT('Ctrl Pts',(-20.9603110385452,37.1846189944919,2.13462354651038));
#1665=CARTESIAN_POINT('Ctrl Pts',(-20.9603110385452,36.6772140713057,2.16079204996931));
#1666=CARTESIAN_POINT('Ctrl Pts',(-18.7868308190557,37.983153600512,-2.05359734998977));
#1667=CARTESIAN_POINT('Ctrl Pts',(-19.2162800390834,38.1904826785033,-2.02742884653084));
#1668=CARTESIAN_POINT('Ctrl Pts',(-20.2885154165109,38.1452240706306,-1.97509183961299));
#1669=CARTESIAN_POINT('Ctrl Pts',(-21.1240632004841,36.7581231833141,-1.89658632923621));
#1670=CARTESIAN_POINT('Ctrl Pts',(-20.4253636977172,35.2992347918274,-1.81808081885943));
#1671=CARTESIAN_POINT('Ctrl Pts',(-18.8243773057269,35.0757940004347,-1.73957530848265));
#1672=CARTESIAN_POINT('Ctrl Pts',(-17.7542676275041,36.288721529508,-1.66106979810587));
#1673=CARTESIAN_POINT('Ctrl Pts',(-18.1760571188016,37.8499697690061,-1.58256428772909));
#1674=CARTESIAN_POINT('Ctrl Pts',(-19.7108102871614,38.3595073640252,-1.50405877735232));
#1675=CARTESIAN_POINT('Ctrl Pts',(-20.98245813713,37.3603019453913,-1.42555326697553));
#1676=CARTESIAN_POINT('Ctrl Pts',(-20.8503886588544,35.7484983407392,-1.34704775659875));
#1677=CARTESIAN_POINT('Ctrl Pts',(-19.4331293567936,34.9695834216766,-1.26854224622198));
#1678=CARTESIAN_POINT('Ctrl Pts',(-18.001669605105,35.7221151116842,-1.1900367358452));
#1679=CARTESIAN_POINT('Ctrl Pts',(-17.8397978879588,37.3312008240608,-1.11153122546842));
#1680=CARTESIAN_POINT('Ctrl Pts',(-19.0926738767349,38.3537763882689,-1.03302571509164));
#1681=CARTESIAN_POINT('Ctrl Pts',(-20.6366939953144,37.8727706469781,-0.954520204714858));
#1682=CARTESIAN_POINT('Ctrl Pts',(-21.0871415814683,36.3195615277211,-0.876014694338078));
#1683=CARTESIAN_POINT('Ctrl Pts',(-20.0400458950971,35.0871036208379,-0.7975091839613));
#1684=CARTESIAN_POINT('Ctrl Pts',(-18.4344665552785,35.2806946146062,-0.719003673584518));
#1685=CARTESIAN_POINT('Ctrl Pts',(-17.7103256291857,36.7267174343854,-0.640498163207741));
#1686=CARTESIAN_POINT('Ctrl Pts',(-18.517049741472,38.1283444728971,-0.56199265283096));
#1687=CARTESIAN_POINT('Ctrl Pts',(-20.131149616616,38.2285632627698,-0.483487142454182));
#1688=CARTESIAN_POINT('Ctrl Pts',(-21.1050620697464,36.9374952194597,-0.404981632077401));
#1689=CARTESIAN_POINT('Ctrl Pts',(-20.5653592814833,35.4130008531756,-0.326476121700623));
#1690=CARTESIAN_POINT('Ctrl Pts',(-18.996059531959,35.0222829566079,-0.247970611323843));
#1691=CARTESIAN_POINT('Ctrl Pts',(-17.8045481500945,36.1157466270508,-0.169465100947064));
#1692=CARTESIAN_POINT('Ctrl Pts',(-18.0594008668806,37.7127476498381,-0.0909595905702838));
#1693=CARTESIAN_POINT('Ctrl Pts',(-19.5320597085894,38.3810575408529,-0.0124540801935048));
#1694=CARTESIAN_POINT('Ctrl Pts',(-20.9018092146993,37.5213201019623,0.0660514301832747));
#1695=CARTESIAN_POINT('Ctrl Pts',(-20.9402254647748,35.9045683070903,0.144556940560054));
#1696=CARTESIAN_POINT('Ctrl Pts',(-19.6128558518402,34.9807436025633,0.223062450936834));
#1697=CARTESIAN_POINT('Ctrl Pts',(-18.1101170021369,35.5783539449134,0.301567961313613));
#1698=CARTESIAN_POINT('Ctrl Pts',(-17.7797008398829,37.1614481740345,0.380073471690392));
#1699=CARTESIAN_POINT('Ctrl Pts',(-18.9179324380299,38.3102697448063,0.458578982067172));
#1700=CARTESIAN_POINT('Ctrl Pts',(-20.5040186326285,37.9945281699019,0.537084492443951));
#1701=CARTESIAN_POINT('Ctrl Pts',(-21.1155196308779,36.4973879821027,0.61559000282073));
#1702=CARTESIAN_POINT('Ctrl Pts',(-20.204026772989,35.1615201299373,0.69409551319751));
#1703=CARTESIAN_POINT('Ctrl Pts',(-18.5869885770289,35.1849625907806,0.77260102357429));
#1704=CARTESIAN_POINT('Ctrl Pts',(-17.7146032333876,36.5466917494316,0.851106533951068));
#1705=CARTESIAN_POINT('Ctrl Pts',(-18.3692468701043,38.0254762427108,0.929612044327849));
#1706=CARTESIAN_POINT('Ctrl Pts',(-19.9638190886641,38.2951075387651,1.00811755470463));
#1707=CARTESIAN_POINT('Ctrl Pts',(-21.0682704537383,37.1137727716822,1.08662306508141));
#1708=CARTESIAN_POINT('Ctrl Pts',(-20.6921010553911,35.540923252016,1.16512857545819));
#1709=CARTESIAN_POINT('Ctrl Pts',(-19.1726718724725,34.9871234319713,1.24363408583497));
#1710=CARTESIAN_POINT('Ctrl Pts',(-17.8726365160332,35.949042886592,1.32213959621174));
#1711=CARTESIAN_POINT('Ctrl Pts',(-17.9579107329201,37.5639920153112,1.40064510658852));
#1712=CARTESIAN_POINT('Ctrl Pts',(-19.3519924570769,38.3836805863144,1.4791506169653));
#1713=CARTESIAN_POINT('Ctrl Pts',(-20.8046880113024,37.6729237012331,1.55765612734208));
#1714=CARTESIAN_POINT('Ctrl Pts',(-21.013082145883,36.0692816797082,1.63616163771886));
#1715=CARTESIAN_POINT('Ctrl Pts',(-19.7904875982589,35.0106670130682,1.71466714809565));
#1716=CARTESIAN_POINT('Ctrl Pts',(-18.2329473216817,35.447011144517,1.79317265847242));
#1717=CARTESIAN_POINT('Ctrl Pts',(-17.7381144818439,36.9859145447388,1.8716781688492));
#1718=CARTESIAN_POINT('Ctrl Pts',(-18.7481389410653,38.2493966086224,1.95018367922598));
#1719=CARTESIAN_POINT('Ctrl Pts',(-20.3605510063295,38.1000101879291,2.02868918960276));
#1720=CARTESIAN_POINT('Ctrl Pts',(-20.8674777052119,37.1540913921788,2.08102619652061));
#1721=CARTESIAN_POINT('Ctrl Pts',(-20.8674777052119,36.6772140713057,2.10719469997954));
#1722=CARTESIAN_POINT('Ctrl Pts',(-18.8271914077531,37.8995530583022,-2.10719469997954));
#1723=CARTESIAN_POINT('Ctrl Pts',(-19.2291491652414,38.0936098346682,-2.08102619652061));
#1724=CARTESIAN_POINT('Ctrl Pts',(-20.2327447190592,38.0512484851089,-2.02868918960276));
#1725=CARTESIAN_POINT('Ctrl Pts',(-21.0148043849227,36.7529437355047,-1.95018367922598));
#1726=CARTESIAN_POINT('Ctrl Pts',(-20.3608325712767,35.3874470040639,-1.8716781688492));
#1727=CARTESIAN_POINT('Ctrl Pts',(-18.8623343324111,35.1783099157863,-1.79317265847242));
#1728=CARTESIAN_POINT('Ctrl Pts',(-17.8607283998234,36.3135911244719,-1.71466714809564));
#1729=CARTESIAN_POINT('Ctrl Pts',(-18.2555167709447,37.7748950737275,-1.63616163771886));
#1730=CARTESIAN_POINT('Ctrl Pts',(-19.6920217477431,38.2518142983954,-1.55765612734208));
#1731=CARTESIAN_POINT('Ctrl Pts',(-20.8822642589652,37.3165736445217,-1.47915061696531));
#1732=CARTESIAN_POINT('Ctrl Pts',(-20.7586492915964,35.807950663682,-1.40064510658852));
#1733=CARTESIAN_POINT('Ctrl Pts',(-19.4321167371792,35.0788984741813,-1.32213959621175));
#1734=CARTESIAN_POINT('Ctrl Pts',(-18.0922927838691,35.7832563736667,-1.24363408583497));
#1735=CARTESIAN_POINT('Ctrl Pts',(-17.9407833867378,37.2893354498183,-1.16512857545819));
#1736=CARTESIAN_POINT('Ctrl Pts',(-19.1134557292953,38.2464501946649,-1.08662306508141));
#1737=CARTESIAN_POINT('Ctrl Pts',(-20.5586344266532,37.7962363391227,-1.00811755470463));
#1738=CARTESIAN_POINT('Ctrl Pts',(-20.9802463266231,36.3424568807583,-0.929612044327849));
#1739=CARTESIAN_POINT('Ctrl Pts',(-20.0001811306908,35.18889554371,-0.851106533951068));
#1740=CARTESIAN_POINT('Ctrl Pts',(-18.4973839644475,35.370093687975,-0.77260102357429));
#1741=CARTESIAN_POINT('Ctrl Pts',(-17.8195993762278,36.7235484453915,-0.694095513197511));
#1742=CARTESIAN_POINT('Ctrl Pts',(-18.5746805359174,38.035449445465,-0.615590002820731));
#1743=CARTESIAN_POINT('Ctrl Pts',(-20.085452790046,38.1292526663274,-0.537084492443952));
#1744=CARTESIAN_POINT('Ctrl Pts',(-20.9970196235472,36.9208331576827,-0.458578982067172));
#1745=CARTESIAN_POINT('Ctrl Pts',(-20.4918662494965,35.4939302592781,-0.380073471690393));
#1746=CARTESIAN_POINT('Ctrl Pts',(-19.0230262127047,35.1282244151628,-0.301567961313613));
#1747=CARTESIAN_POINT('Ctrl Pts',(-17.9077901830639,36.1516893194368,-0.223062450936834));
#1748=CARTESIAN_POINT('Ctrl Pts',(-18.146328342529,37.6464573150211,-0.144556940560054));
#1749=CARTESIAN_POINT('Ctrl Pts',(-19.5247140001404,38.2719849270686,-0.0660514301832749));
#1750=CARTESIAN_POINT('Ctrl Pts',(-20.8067781281439,37.4672841222961,0.0124540801935045));
#1751=CARTESIAN_POINT('Ctrl Pts',(-20.8427351377538,35.9540297127526,0.0909595905702839));
#1752=CARTESIAN_POINT('Ctrl Pts',(-19.6003379273481,35.0893442290533,0.169465100947063));
#1753=CARTESIAN_POINT('Ctrl Pts',(-18.1937978524161,35.6486981686119,0.247970611323843));
#1754=CARTESIAN_POINT('Ctrl Pts',(-17.884533489079,37.1304496226933,0.326476121700622));
#1755=CARTESIAN_POINT('Ctrl Pts',(-18.9499004739439,38.2057286564096,0.404981632077402));
#1756=CARTESIAN_POINT('Ctrl Pts',(-20.4344523609465,37.9101994774621,0.483487142454181));
#1757=CARTESIAN_POINT('Ctrl Pts',(-21.0068077373105,36.5088996625631,0.56199265283096));
#1758=CARTESIAN_POINT('Ctrl Pts',(-20.153664669313,35.2585482330682,0.64049816320774));
#1759=CARTESIAN_POINT('Ctrl Pts',(-18.6401421928276,35.2804900100029,0.719003673584519));
#1760=CARTESIAN_POINT('Ctrl Pts',(-17.8236031469002,36.555047218146,0.797509183961299));
#1761=CARTESIAN_POINT('Ctrl Pts',(-18.4363393585334,37.9391663898809,0.876014694338079));
#1762=CARTESIAN_POINT('Ctrl Pts',(-19.928834031324,38.1915370685462,0.954520204714857));
#1763=CARTESIAN_POINT('Ctrl Pts',(-20.9625832460309,37.0858261912765,1.03302571509164));
#1764=CARTESIAN_POINT('Ctrl Pts',(-20.6104945688513,35.6136636251162,1.11153122546842));
#1765=CARTESIAN_POINT('Ctrl Pts',(-19.188332602906,35.09531564966,1.1900367358452));
#1766=CARTESIAN_POINT('Ctrl Pts',(-17.971519829335,35.9956572240114,1.26854224622198));
#1767=CARTESIAN_POINT('Ctrl Pts',(-18.0513351634722,37.5072243662121,1.34704775659875));
#1768=CARTESIAN_POINT('Ctrl Pts',(-19.3561738672456,38.2744400566213,1.42555326697553));
#1769=CARTESIAN_POINT('Ctrl Pts',(-20.7158741998066,37.6091827215906,1.50405877735231));
#1770=CARTESIAN_POINT('Ctrl Pts',(-20.9109278524929,36.1081988549891,1.58256428772909));
#1771=CARTESIAN_POINT('Ctrl Pts',(-19.7665984655431,35.1173520735714,1.66106979810587));
#1772=CARTESIAN_POINT('Ctrl Pts',(-18.3087651116246,35.5257633603796,1.73957530848265));
#1773=CARTESIAN_POINT('Ctrl Pts',(-17.8456093079653,36.9661528893311,1.81808081885943));
#1774=CARTESIAN_POINT('Ctrl Pts',(-18.7909764147231,38.1487523524122,1.89658632923621));
#1775=CARTESIAN_POINT('Ctrl Pts',(-20.3001689051853,38.0089289976108,1.97509183961299));
#1776=CARTESIAN_POINT('Ctrl Pts',(-20.7746443718785,37.1235637898657,2.02742884653084));
#1777=CARTESIAN_POINT('Ctrl Pts',(-20.7746443718785,36.6772140713057,2.05359734998977));
#1778=CARTESIAN_POINT('Ctrl Pts',(-18.8675519964504,37.8159525160923,-2.16079204996931));
#1779=CARTESIAN_POINT('Ctrl Pts',(-19.2420182913993,37.9967369908331,-2.13462354651038));
#1780=CARTESIAN_POINT('Ctrl Pts',(-20.1769740216075,37.9572728995873,-2.08228653959253));
#1781=CARTESIAN_POINT('Ctrl Pts',(-20.9055455693612,36.7477642876955,-2.00378102921575));
#1782=CARTESIAN_POINT('Ctrl Pts',(-20.2963014448362,35.4756592163003,-1.92527551883897));
#1783=CARTESIAN_POINT('Ctrl Pts',(-18.9002913590954,35.2808258311381,-1.84677000846219));
#1784=CARTESIAN_POINT('Ctrl Pts',(-17.9671891721426,36.3384607194359,-1.76826449808541));
#1785=CARTESIAN_POINT('Ctrl Pts',(-18.3349764230878,37.6998203784489,-1.68975898770863));
#1786=CARTESIAN_POINT('Ctrl Pts',(-19.6732332083247,38.1441212327657,-1.61125347733185));
#1787=CARTESIAN_POINT('Ctrl Pts',(-20.7820703808004,37.2728453436522,-1.53274796695508));
#1788=CARTESIAN_POINT('Ctrl Pts',(-20.6669099243384,35.8674029866249,-1.45424245657829));
#1789=CARTESIAN_POINT('Ctrl Pts',(-19.4311041175649,35.188213526686,-1.37573694620152));
#1790=CARTESIAN_POINT('Ctrl Pts',(-18.1829159626332,35.8443976356491,-1.29723143582474));
#1791=CARTESIAN_POINT('Ctrl Pts',(-18.0417688855169,37.2474700755757,-1.21872592544796));
#1792=CARTESIAN_POINT('Ctrl Pts',(-19.1342375818557,38.1391240010609,-1.14022041507118));
#1793=CARTESIAN_POINT('Ctrl Pts',(-20.4805748579921,37.7197020312673,-1.0617149046944));
#1794=CARTESIAN_POINT('Ctrl Pts',(-20.8733510717779,36.3653522337956,-0.983209394317619));
#1795=CARTESIAN_POINT('Ctrl Pts',(-19.9603163662845,35.2906874665821,-0.904703883940839));
#1796=CARTESIAN_POINT('Ctrl Pts',(-18.5603013736165,35.4594927613438,-0.826198373564059));
#1797=CARTESIAN_POINT('Ctrl Pts',(-17.9288731232699,36.7203794563977,-0.747692863187281));
#1798=CARTESIAN_POINT('Ctrl Pts',(-18.6323113303628,37.942554418033,-0.669187352810501));
#1799=CARTESIAN_POINT('Ctrl Pts',(-20.039755963476,38.029942069885,-0.590681842433722));
#1800=CARTESIAN_POINT('Ctrl Pts',(-20.888977177348,36.9041710959056,-0.512176332056942));
#1801=CARTESIAN_POINT('Ctrl Pts',(-20.4183732175098,35.5748596653808,-0.433670821680163));
#1802=CARTESIAN_POINT('Ctrl Pts',(-19.0499928934504,35.2341658737178,-0.355165311303383));
#1803=CARTESIAN_POINT('Ctrl Pts',(-18.0110322160334,36.1876320118227,-0.276659800926604));
#1804=CARTESIAN_POINT('Ctrl Pts',(-18.2332558181774,37.5801669802041,-0.198154290549824));
#1805=CARTESIAN_POINT('Ctrl Pts',(-19.5173682916915,38.1629123132842,-0.119648780173045));
#1806=CARTESIAN_POINT('Ctrl Pts',(-20.7117470415886,37.4132481426299,-0.0411432697962656));
#1807=CARTESIAN_POINT('Ctrl Pts',(-20.7452448107328,36.003491118415,0.0373622405805137));
#1808=CARTESIAN_POINT('Ctrl Pts',(-19.5878200028561,35.1979448555433,0.115867750957293));
#1809=CARTESIAN_POINT('Ctrl Pts',(-18.2774787026954,35.7190423923104,0.194373261334073));
#1810=CARTESIAN_POINT('Ctrl Pts',(-17.989366138275,37.099451071352,0.272878771710852));
#1811=CARTESIAN_POINT('Ctrl Pts',(-18.9818685098578,38.1011875680129,0.351384282087631));
#1812=CARTESIAN_POINT('Ctrl Pts',(-20.3648860892646,37.8258707850224,0.429889792464411));
#1813=CARTESIAN_POINT('Ctrl Pts',(-20.8980958437432,36.5204113430235,0.50839530284119));
#1814=CARTESIAN_POINT('Ctrl Pts',(-20.1033025656369,35.3555763361992,0.58690081321797));
#1815=CARTESIAN_POINT('Ctrl Pts',(-18.6932958086263,35.376017429225,0.665406323594749));
#1816=CARTESIAN_POINT('Ctrl Pts',(-17.9326030604127,36.5634026868605,0.743911833971528));
#1817=CARTESIAN_POINT('Ctrl Pts',(-18.5034318469625,37.852856537051,0.822417344348308));
#1818=CARTESIAN_POINT('Ctrl Pts',(-19.8938489739839,38.0879665983272,0.900922854725086));
#1819=CARTESIAN_POINT('Ctrl Pts',(-20.8568960383234,37.0578796108709,0.979428365101868));
#1820=CARTESIAN_POINT('Ctrl Pts',(-20.5288880823115,35.6864039982163,1.05793387547865));
#1821=CARTESIAN_POINT('Ctrl Pts',(-19.2039933333396,35.2035078673487,1.13643938585543));
#1822=CARTESIAN_POINT('Ctrl Pts',(-18.0704031426368,36.0422715614307,1.21494489623221));
#1823=CARTESIAN_POINT('Ctrl Pts',(-18.1447595940242,37.450456717113,1.29345040660898));
#1824=CARTESIAN_POINT('Ctrl Pts',(-19.3603552774143,38.1651995269282,1.37195591698576));
#1825=CARTESIAN_POINT('Ctrl Pts',(-20.6270603883107,37.5454417419481,1.45046142736254));
#1826=CARTESIAN_POINT('Ctrl Pts',(-20.8087735591028,36.1471160302701,1.52896693773932));
#1827=CARTESIAN_POINT('Ctrl Pts',(-19.7427093328272,35.2240371340746,1.6074724481161));
#1828=CARTESIAN_POINT('Ctrl Pts',(-18.3845829015674,35.6045155762423,1.68597795849288));
#1829=CARTESIAN_POINT('Ctrl Pts',(-17.9531041340868,36.9463912339235,1.76448346886966));
#1830=CARTESIAN_POINT('Ctrl Pts',(-18.8338138883809,38.0481080962019,1.84298897924644));
#1831=CARTESIAN_POINT('Ctrl Pts',(-20.239786804041,37.9178478072926,1.92149448962322));
#1832=CARTESIAN_POINT('Ctrl Pts',(-20.6818110385452,37.0930361875526,1.97383149654107));
#1833=CARTESIAN_POINT('Ctrl Pts',(-20.6818110385452,36.6772140713057,2.));
#1834=CARTESIAN_POINT('',(-20.6818110385452,36.6772140713057,2.));
#1835=CARTESIAN_POINT('Ctrl Pts',(-20.6818110385452,36.6772140713057,2.));
#1836=CARTESIAN_POINT('Ctrl Pts',(-20.6872792650251,36.7273806592807,2.));
#1837=CARTESIAN_POINT('Ctrl Pts',(-20.6894850360781,36.7776914855987,2.));
#1838=CARTESIAN_POINT('Ctrl Pts',(-20.6886353722984,36.8279027454221,2.));
#1839=CARTESIAN_POINT('Ctrl Pts',(-20.687747648105,36.8803632023644,2.));
#1840=CARTESIAN_POINT('Ctrl Pts',(-20.6835247959486,36.9327157243912,2.));
#1841=CARTESIAN_POINT('Ctrl Pts',(-20.6761492598658,36.984701636043,2.));
#1842=CARTESIAN_POINT('Ctrl Pts',(-20.6702345782244,37.0263908249789,2.));
#1843=CARTESIAN_POINT('Ctrl Pts',(-20.6622913226095,37.0678448297474,2.));
#1844=CARTESIAN_POINT('Ctrl Pts',(-20.6523895785568,37.1089332371341,2.));
#1845=CARTESIAN_POINT('Ctrl Pts',(-20.6482006826155,37.1263155348405,2.));
#1846=CARTESIAN_POINT('Ctrl Pts',(-20.6436610257438,37.143632402141,2.));
#1847=CARTESIAN_POINT('Ctrl Pts',(-20.6387748193882,37.1608738701454,2.));
#1848=CARTESIAN_POINT('Ctrl Pts',(-20.6360085390441,37.1706349671139,2.));
#1849=CARTESIAN_POINT('Ctrl Pts',(-20.6331308694947,37.1803725256299,2.));
#1850=CARTESIAN_POINT('Ctrl Pts',(-20.6301475355336,37.1900693677524,2.));
#1851=CARTESIAN_POINT('Ctrl Pts',(-20.6141388978293,37.2421028425291,2.));
#1852=CARTESIAN_POINT('Ctrl Pts',(-20.5950630777199,37.2930687958403,2.));
#1853=CARTESIAN_POINT('Ctrl Pts',(-20.5731153239973,37.3426980282289,2.));
#1854=CARTESIAN_POINT('Ctrl Pts',(-20.550766349153,37.3932345195807,2.));
#1855=CARTESIAN_POINT('Ctrl Pts',(-20.5254393274599,37.4423860604026,2.));
#1856=CARTESIAN_POINT('Ctrl Pts',(-20.4972870077621,37.4898680702546,2.));
#1857=CARTESIAN_POINT('Ctrl Pts',(-20.477153923536,37.5238247499825,2.));
#1858=CARTESIAN_POINT('Ctrl Pts',(-20.4555747420895,37.5569276119749,2.));
#1859=CARTESIAN_POINT('Ctrl Pts',(-20.4325898017499,37.5890676135976,2.));
#1860=CARTESIAN_POINT('Ctrl Pts',(-20.4228121366036,37.6027397906416,2.));
#1861=CARTESIAN_POINT('Ctrl Pts',(-20.4127799314359,37.6162376532809,2.));
#1862=CARTESIAN_POINT('Ctrl Pts',(-20.4024956281391,37.6295524103858,2.));
#1863=CARTESIAN_POINT('Ctrl Pts',(-20.3963653843869,37.6374890400436,2.));
#1864=CARTESIAN_POINT('Ctrl Pts',(-20.3901490185876,37.6453560368665,2.));
#1865=CARTESIAN_POINT('Ctrl Pts',(-20.3838521572598,37.6531459613841,2.));
#1866=CARTESIAN_POINT('Ctrl Pts',(-20.3481325580445,37.6973351164568,2.));
#1867=CARTESIAN_POINT('Ctrl Pts',(-20.3097820051393,37.73910343045,2.));
#1868=CARTESIAN_POINT('Ctrl Pts',(-20.2689715894258,37.7781600915368,2.));
#1869=CARTESIAN_POINT('Ctrl Pts',(-20.2439289275701,37.8021265897875,2.));
#1870=CARTESIAN_POINT('Ctrl Pts',(-20.2179589935526,37.825071864757,2.));
#1871=CARTESIAN_POINT('Ctrl Pts',(-20.1910923268772,37.8469249928972,2.));
#1872=CARTESIAN_POINT('Ctrl Pts',(-20.1484637089784,37.8815987639546,2.));
#1873=CARTESIAN_POINT('Ctrl Pts',(-20.1035793666223,37.9135252353148,2.));
#1874=CARTESIAN_POINT('Ctrl Pts',(-20.0567442916705,37.9426970292089,2.));
#1875=CARTESIAN_POINT('Ctrl Pts',(-20.0427298127801,37.9514261171871,2.));
#1876=CARTESIAN_POINT('Ctrl Pts',(-20.028540421433,37.9599083000125,2.));
#1877=CARTESIAN_POINT('Ctrl Pts',(-20.01418371424,37.9681427077739,2.));
#1878=CARTESIAN_POINT('Ctrl Pts',(-20.0009110443323,37.975755357014,2.));
#1879=CARTESIAN_POINT('Ctrl Pts',(-19.9874893085428,37.9831592421744,2.));
#1880=CARTESIAN_POINT('Ctrl Pts',(-19.9739571433824,37.9903366470521,2.));
#1881=CARTESIAN_POINT('Ctrl Pts',(-19.9238279754552,38.0169249520372,2.));
#1882=CARTESIAN_POINT('Ctrl Pts',(-19.8721244850549,38.0404472264458,2.));
#1883=CARTESIAN_POINT('Ctrl Pts',(-19.8191987347103,38.0609286577624,2.));
#1884=CARTESIAN_POINT('Ctrl Pts',(-19.7650204969597,38.0818947819669,2.));
#1885=CARTESIAN_POINT('Ctrl Pts',(-19.7095606124611,38.0996749001219,2.));
#1886=CARTESIAN_POINT('Ctrl Pts',(-19.6531584721318,38.1142556569848,2.));
#1887=CARTESIAN_POINT('Ctrl Pts',(-19.6189144639054,38.1231082210018,2.));
#1888=CARTESIAN_POINT('Ctrl Pts',(-19.5843224352766,38.1307806275994,2.));
#1889=CARTESIAN_POINT('Ctrl Pts',(-19.5494538467141,38.1372617753557,2.));
#1890=CARTESIAN_POINT('Ctrl Pts',(-19.5302560114758,38.1408301448226,2.));
#1891=CARTESIAN_POINT('Ctrl Pts',(-19.5109742935009,38.144037290617,2.));
#1892=CARTESIAN_POINT('Ctrl Pts',(-19.4916203606615,38.1468805092065,2.));
#1893=CARTESIAN_POINT('Ctrl Pts',(-19.479966057572,38.1485926021163,2.));
#1894=CARTESIAN_POINT('Ctrl Pts',(-19.4682835708604,38.1501729651884,2.));
#1895=CARTESIAN_POINT('Ctrl Pts',(-19.4565817792308,38.1516201212379,2.));
#1896=CARTESIAN_POINT('Ctrl Pts',(-19.3966143884867,38.159036265281,2.));
#1897=CARTESIAN_POINT('Ctrl Pts',(-19.3363290715042,38.1629360389416,2.));
#1898=CARTESIAN_POINT('Ctrl Pts',(-19.2760867829023,38.1632992517005,2.));
#1899=CARTESIAN_POINT('Ctrl Pts',(-19.2369166884327,38.1635354160032,2.));
#1900=CARTESIAN_POINT('Ctrl Pts',(-19.1977641706547,38.1622754949346,2.));
#1901=CARTESIAN_POINT('Ctrl Pts',(-19.1587246753855,38.1595027347356,2.));
#1902=CARTESIAN_POINT('Ctrl Pts',(-19.1425971542395,38.1583572857888,2.));
#1903=CARTESIAN_POINT('Ctrl Pts',(-19.1264889016271,38.156953550089,2.));
#1904=CARTESIAN_POINT('Ctrl Pts',(-19.1104065983842,38.1552898779202,2.));
#1905=CARTESIAN_POINT('Ctrl Pts',(-19.0986281127716,38.1540714244184,2.));
#1906=CARTESIAN_POINT('Ctrl Pts',(-19.0868646730754,38.1527135734065,2.));
#1907=CARTESIAN_POINT('Ctrl Pts',(-19.0751288645368,38.1512171730877,2.));
#1908=CARTESIAN_POINT('Ctrl Pts',(-19.014791631329,38.1435237402312,2.));
#1909=CARTESIAN_POINT('Ctrl Pts',(-18.9551143051884,38.1321651238906,2.));
#1910=CARTESIAN_POINT('Ctrl Pts',(-18.8964500713771,38.1170932930699,2.));
#1911=CARTESIAN_POINT('Ctrl Pts',(-18.8689640518089,38.1100316711932,2.));
#1912=CARTESIAN_POINT('Ctrl Pts',(-18.841700300806,38.1021541970999,2.));
#1913=CARTESIAN_POINT('Ctrl Pts',(-18.814695015881,38.0934519655165,2.));
#1914=CARTESIAN_POINT('Ctrl Pts',(-18.7914996959648,38.0859774639098,2.));
#1915=CARTESIAN_POINT('Ctrl Pts',(-18.768495047352,38.0778944682042,2.));
#1916=CARTESIAN_POINT('Ctrl Pts',(-18.7456933331279,38.0692211342806,2.));
#1917=CARTESIAN_POINT('',(-20.6818110385452,36.6772140713057,-2.));
#1918=CARTESIAN_POINT('Ctrl Pts',(-20.6839084879348,36.6775196890452,-2.));
#1919=CARTESIAN_POINT('Ctrl Pts',(-20.6825981735101,36.2833004880725,-1.97509183961299));
#1920=CARTESIAN_POINT('Ctrl Pts',(-20.4832864447915,35.8879189792809,-1.95018367922598));
#1921=CARTESIAN_POINT('Ctrl Pts',(-20.1651737846336,35.6552044973392,-1.92527551883897));
#1922=CARTESIAN_POINT('Ctrl Pts',(-19.8309647495893,35.4107147545796,-1.89910701538004));
#1923=CARTESIAN_POINT('Ctrl Pts',(-19.3656280543423,35.3457702928589,-1.87293851192112));
#1924=CARTESIAN_POINT('Ctrl Pts',(-18.9774426755601,35.4895705433814,-1.84677000846219));
#1925=CARTESIAN_POINT('Ctrl Pts',(-18.5892572967778,35.633370793904,-1.82060150500327));
#1926=CARTESIAN_POINT('Ctrl Pts',(-18.2782232344602,35.9859157566699,-1.79443300154434));
#1927=CARTESIAN_POINT('Ctrl Pts',(-18.1840040784589,36.3890815145551,-1.76826449808541));
#1928=CARTESIAN_POINT('Ctrl Pts',(-18.0897849224577,36.7922472724402,-1.74209599462649));
#1929=CARTESIAN_POINT('Ctrl Pts',(-18.2123806727727,37.2460338254446,-1.71592749116756));
#1930=CARTESIAN_POINT('Ctrl Pts',(-18.4967213454697,37.5469772443329,-1.68975898770863));
#1931=CARTESIAN_POINT('Ctrl Pts',(-18.7810620181668,37.8479206632212,-1.66359048424971));
#1932=CARTESIAN_POINT('Ctrl Pts',(-19.2271476132457,37.9960209479934,-1.63742198079078));
#1933=CARTESIAN_POINT('Ctrl Pts',(-19.6349966061978,37.924858442194,-1.61125347733185));
#1934=CARTESIAN_POINT('Ctrl Pts',(-20.0428455991499,37.8536959363945,-1.58508497387293));
#1935=CARTESIAN_POINT('Ctrl Pts',(-20.4124579899751,37.5632706400234,-1.558916470414));
#1936=CARTESIAN_POINT('Ctrl Pts',(-20.5780707759774,37.1838175989999,-1.53274796695508));
#1937=CARTESIAN_POINT('Ctrl Pts',(-20.7436835619797,36.8043645579764,-1.50657946349615));
#1938=CARTESIAN_POINT('Ctrl Pts',(-20.705296743159,36.3358837723006,-1.48041096003722));
#1939=CARTESIAN_POINT('Ctrl Pts',(-20.4801356992865,35.9884451361396,-1.45424245657829));
#1940=CARTESIAN_POINT('Ctrl Pts',(-20.2549746554139,35.6410064999786,-1.42807395311937));
#1941=CARTESIAN_POINT('Ctrl Pts',(-19.8430393864894,35.4146100133323,-1.40190544966044));
#1942=CARTESIAN_POINT('Ctrl Pts',(-19.4290403928719,35.4107757881697,-1.37573694620152));
#1943=CARTESIAN_POINT('Ctrl Pts',(-19.0150413992543,35.406941563007,-1.34956844274259));
#1944=CARTESIAN_POINT('Ctrl Pts',(-18.5989786809437,35.6256695993281,-1.32339993928366));
#1945=CARTESIAN_POINT('Ctrl Pts',(-18.3674228089357,35.968879024143,-1.29723143582474));
#1946=CARTESIAN_POINT('Ctrl Pts',(-18.1358669369277,36.312088448958,-1.27106293236581));
#1947=CARTESIAN_POINT('Ctrl Pts',(-18.0888179112223,36.7797792622668,-1.24489442890688));
#1948=CARTESIAN_POINT('Ctrl Pts',(-18.2473715144261,37.1622336565021,-1.21872592544796));
#1949=CARTESIAN_POINT('Ctrl Pts',(-18.4059251176298,37.5446880507374,-1.19255742198903));
#1950=CARTESIAN_POINT('Ctrl Pts',(-18.7700813497428,37.8419060258992,-1.1663889185301));
#1951=CARTESIAN_POINT('Ctrl Pts',(-19.176549011822,37.9206113518478,-1.14022041507118));
#1952=CARTESIAN_POINT('Ctrl Pts',(-19.5830166739012,37.9993166777964,-1.11405191161225));
#1953=CARTESIAN_POINT('Ctrl Pts',(-20.0317957659467,37.8595093545319,-1.08788340815332));
#1954=CARTESIAN_POINT('Ctrl Pts',(-20.321648014267,37.5638807266543,-1.0617149046944));
#1955=CARTESIAN_POINT('Ctrl Pts',(-20.6115002625874,37.2682520987767,-1.03554640123547));
#1956=CARTESIAN_POINT('Ctrl Pts',(-20.7424256671827,36.8168021662862,-1.00937789777655));
#1957=CARTESIAN_POINT('Ctrl Pts',(-20.6557159185647,36.4119664055053,-0.983209394317619));
#1958=CARTESIAN_POINT('Ctrl Pts',(-20.5690061699468,36.0071306447244,-0.957040890858692));
#1959=CARTESIAN_POINT('Ctrl Pts',(-20.2646612681156,35.6489090556533,-0.930872387399766));
#1960=CARTESIAN_POINT('Ctrl Pts',(-19.8791529850887,35.4979324769113,-0.904703883940839));
#1961=CARTESIAN_POINT('Ctrl Pts',(-19.4936447020618,35.3469558981693,-0.878535380481913));
#1962=CARTESIAN_POINT('Ctrl Pts',(-19.0269730378392,35.4032243297566,-0.852366877022986));
#1963=CARTESIAN_POINT('Ctrl Pts',(-18.6883991640034,35.6415063280592,-0.826198373564059));
#1964=CARTESIAN_POINT('Ctrl Pts',(-18.3498252901677,35.8797883263618,-0.800029870105133));
#1965=CARTESIAN_POINT('Ctrl Pts',(-18.1393492067188,36.3000838913797,-0.773861366646207));
#1966=CARTESIAN_POINT('Ctrl Pts',(-18.1513508661765,36.7139275008279,-0.74769286318728));
#1967=CARTESIAN_POINT('Ctrl Pts',(-18.1633525256342,37.1277711102761,-0.721524359728354));
#1968=CARTESIAN_POINT('Ctrl Pts',(-18.3978319279985,37.5351627641545,-0.695355856269428));
#1969=CARTESIAN_POINT('Ctrl Pts',(-18.7496457346996,37.7534231997357,-0.669187352810501));
#1970=CARTESIAN_POINT('Ctrl Pts',(-19.1014595414006,37.971683635317,-0.643018849351575));
#1971=CARTESIAN_POINT('Ctrl Pts',(-19.5706077524383,38.000812852601,-0.616850345892648));
#1972=CARTESIAN_POINT('Ctrl Pts',(-19.9467187269358,37.8277489655797,-0.590681842433722));
#1973=CARTESIAN_POINT('Ctrl Pts',(-20.3228297014334,37.6546850785585,-0.564513338974795));
#1974=CARTESIAN_POINT('Ctrl Pts',(-20.6059034393907,37.2794280872321,-0.538344835515869));
#1975=CARTESIAN_POINT('Ctrl Pts',(-20.669006315063,36.8702476864814,-0.512176332056942));
#1976=CARTESIAN_POINT('Ctrl Pts',(-20.7321091907353,36.4610672857307,-0.486007828598016));
#1977=CARTESIAN_POINT('Ctrl Pts',(-20.5752412041226,36.0179634755557,-0.45983932513909));
#1978=CARTESIAN_POINT('Ctrl Pts',(-20.268743823473,35.7396292718577,-0.433670821680163));
#1979=CARTESIAN_POINT('Ctrl Pts',(-19.9622464428234,35.4612950681598,-0.407502318221237));
#1980=CARTESIAN_POINT('Ctrl Pts',(-19.5061196681369,35.3477304709388,-0.38133381476231));
#1981=CARTESIAN_POINT('Ctrl Pts',(-19.1048961678908,35.4498591953457,-0.355165311303383));
#1982=CARTESIAN_POINT('Ctrl Pts',(-18.7036726676447,35.5519879197527,-0.328996807844457));
#1983=CARTESIAN_POINT('Ctrl Pts',(-18.3573524418391,35.8698099657877,-0.302828304385531));
#1984=CARTESIAN_POINT('Ctrl Pts',(-18.2212295959602,36.2608101502021,-0.276659800926604));
#1985=CARTESIAN_POINT('Ctrl Pts',(-18.0851067500814,36.6518103346165,-0.250491297467678));
#1986=CARTESIAN_POINT('Ctrl Pts',(-18.1591812841294,37.1159886574103,-0.224322794008751));
#1987=CARTESIAN_POINT('Ctrl Pts',(-18.4102372967391,37.4452020409872,-0.198154290549824));
#1988=CARTESIAN_POINT('Ctrl Pts',(-18.6612933093488,37.7744154245641,-0.171985787090898));
#1989=CARTESIAN_POINT('Ctrl Pts',(-19.0893308005201,37.9686638689242,-0.145817283631971));
#1990=CARTESIAN_POINT('Ctrl Pts',(-19.5024126710887,37.9408440626618,-0.119648780173045));
#1991=CARTESIAN_POINT('Ctrl Pts',(-19.9154945416572,37.9130242563994,-0.0934802767141187));
#1992=CARTESIAN_POINT('Ctrl Pts',(-20.3136207916229,37.6631361995146,-0.0673117732551923));
#1993=CARTESIAN_POINT('Ctrl Pts',(-20.5182668781298,37.3032326670364,-0.0411432697962659));
#1994=CARTESIAN_POINT('Ctrl Pts',(-20.7229129646367,36.9433291345582,-0.0149747663373394));
#1995=CARTESIAN_POINT('Ctrl Pts',(-20.7340788876847,36.4734101264866,0.0111937371215874));
#1996=CARTESIAN_POINT('Ctrl Pts',(-20.5467577145626,36.1041929119722,0.0373622405805139));
#1997=CARTESIAN_POINT('Ctrl Pts',(-20.3594365414405,35.7349756974577,0.0635307440394404));
#1998=CARTESIAN_POINT('Ctrl Pts',(-19.9736282721483,35.4664602765005,0.089699247498367));
#1999=CARTESIAN_POINT('Ctrl Pts',(-19.5623339208087,35.4190521554831,0.115867750957294));
#2000=CARTESIAN_POINT('Ctrl Pts',(-19.1510395694692,35.3716440344656,0.14203625441622));
#2001=CARTESIAN_POINT('Ctrl Pts',(-18.7142591360823,35.545343213388,0.168204757875146));
#2002=CARTESIAN_POINT('Ctrl Pts',(-18.4478501586521,35.8622609160228,0.194373261334072));
#2003=CARTESIAN_POINT('Ctrl Pts',(-18.1814411812219,36.1791786186576,0.220541764792999));
#2004=CARTESIAN_POINT('Ctrl Pts',(-18.0854036597485,36.6393148450048,0.246710268251926));
#2005=CARTESIAN_POINT('Ctrl Pts',(-18.2028019609422,37.0363390409552,0.272878771710852));
#2006=CARTESIAN_POINT('Ctrl Pts',(-18.3202002621359,37.4333632369057,0.299047275169779));
#2007=CARTESIAN_POINT('Ctrl Pts',(-18.6510343859969,37.7672754024593,0.325215778628705));
#2008=CARTESIAN_POINT('Ctrl Pts',(-19.0469543778285,37.8883453547377,0.351384282087631));
#2009=CARTESIAN_POINT('Ctrl Pts',(-19.44287436966,38.0094153070161,0.377552785546558));
#2010=CARTESIAN_POINT('Ctrl Pts',(-19.9038802294623,37.9176430460193,0.403721289005484));
#2011=CARTESIAN_POINT('Ctrl Pts',(-20.2232514517766,37.6541803418544,0.42988979246441));
#2012=CARTESIAN_POINT('Ctrl Pts',(-20.5426226740908,37.3907176376894,0.456058295923337));
#2013=CARTESIAN_POINT('Ctrl Pts',(-20.720359258917,36.9555644903565,0.482226799382263));
#2014=CARTESIAN_POINT('Ctrl Pts',(-20.6767620049791,36.5438487488859,0.50839530284119));
#2015=CARTESIAN_POINT('Ctrl Pts',(-20.6331647510411,36.1321330074154,0.534563806300116));
#2016=CARTESIAN_POINT('Ctrl Pts',(-20.368233658339,35.7438546718073,0.560732309759044));
#2017=CARTESIAN_POINT('Ctrl Pts',(-20.0007669858195,35.5531223528409,0.58690081321797));
#2018=CARTESIAN_POINT('Ctrl Pts',(-19.6333003133001,35.3623900338745,0.613069316676897));
#2019=CARTESIAN_POINT('Ctrl Pts',(-19.1632980609632,35.3692037315498,0.639237820135823));
#2020=CARTESIAN_POINT('Ctrl Pts',(-18.8015148100925,35.5705081233266,0.665406323594749));
#2021=CARTESIAN_POINT('Ctrl Pts',(-18.4397315592218,35.7718125151035,0.691574827053675));
#2022=CARTESIAN_POINT('Ctrl Pts',(-18.1861673098173,36.167607600982,0.717743330512602));
#2023=CARTESIAN_POINT('Ctrl Pts',(-18.1545233162066,36.580414118953,0.743911833971528));
#2024=CARTESIAN_POINT('Ctrl Pts',(-18.122879322596,36.993220636924,0.770080337430455));
#2025=CARTESIAN_POINT('Ctrl Pts',(-18.3131555847793,37.4230385869875,0.796248840889381));
#2026=CARTESIAN_POINT('Ctrl Pts',(-18.6400299037078,37.677132572232,0.822417344348308));
#2027=CARTESIAN_POINT('Ctrl Pts',(-18.9669042226363,37.9312265574764,0.848585847807234));
#2028=CARTESIAN_POINT('Ctrl Pts',(-19.4303765983101,38.0095965779018,0.87475435126616));
#2029=CARTESIAN_POINT('Ctrl Pts',(-19.8226206302036,37.8771004235385,0.900922854725087));
#2030=CARTESIAN_POINT('Ctrl Pts',(-20.2148646620971,37.7446042691751,0.927091358184014));
#2031=CARTESIAN_POINT('Ctrl Pts',(-20.5358803502103,37.401241940023,0.953259861642941));
#2032=CARTESIAN_POINT('Ctrl Pts',(-20.6417202015982,37.0009815066712,0.979428365101868));
#2033=CARTESIAN_POINT('Ctrl Pts',(-20.7475600529861,36.6007210733194,1.00559686856079));
#2034=CARTESIAN_POINT('Ctrl Pts',(-20.6382240676488,36.1435625357678,1.03176537201972));
#2035=CARTESIAN_POINT('Ctrl Pts',(-20.3627402834848,35.8345005785141,1.05793387547865));
#2036=CARTESIAN_POINT('Ctrl Pts',(-20.0872564993208,35.5254386212604,1.08410237893757));
#2037=CARTESIAN_POINT('Ctrl Pts',(-19.6456249163302,35.3644732443045,1.1102708823965));
#2038=CARTESIAN_POINT('Ctrl Pts',(-19.2358774263845,35.4237845048403,1.13643938585543));
#2039=CARTESIAN_POINT('Ctrl Pts',(-18.8261299364387,35.483095765376,1.16260788931435));
#2040=CARTESIAN_POINT('Ctrl Pts',(-18.4482665395378,35.7626836634033,1.18877639277328));
#2041=CARTESIAN_POINT('Ctrl Pts',(-18.2717275829852,36.1371751383641,1.21494489623221));
#2042=CARTESIAN_POINT('Ctrl Pts',(-18.0951886264326,36.5116666133248,1.24111339969113));
#2043=CARTESIAN_POINT('Ctrl Pts',(-18.1199741102284,36.9810616652189,1.26728190315006));
#2044=CARTESIAN_POINT('Ctrl Pts',(-18.3349661326913,37.3348829928018,1.29345040660898));
#2045=CARTESIAN_POINT('Ctrl Pts',(-18.5499581551542,37.6887043203847,1.31961891006791));
#2046=CARTESIAN_POINT('Ctrl Pts',(-18.9551567162843,37.9269519236565,1.34578741352684));
#2047=CARTESIAN_POINT('Ctrl Pts',(-19.368873515332,37.942782761129,1.37195591698576));
#2048=CARTESIAN_POINT('Ctrl Pts',(-19.7825903143798,37.9586135986015,1.39812442044469));
#2049=CARTESIAN_POINT('Ctrl Pts',(-20.2048253513452,37.7520276702748,1.42429292390362));
#2050=CARTESIAN_POINT('Ctrl Pts',(-20.4462283982933,37.4156804208317,1.45046142736254));
#2051=CARTESIAN_POINT('Ctrl Pts',(-20.6876314452414,37.0793331713887,1.47662993082147));
#2052=CARTESIAN_POINT('Ctrl Pts',(-20.7482025021721,36.6132246008294,1.5027984342804));
#2053=CARTESIAN_POINT('Ctrl Pts',(-20.6008106595915,36.2263238328505,1.52896693773932));
#2054=CARTESIAN_POINT('Ctrl Pts',(-20.4534188170109,35.8394230648716,1.55513544119825));
#2055=CARTESIAN_POINT('Ctrl Pts',(-20.0980640749191,35.5317300994731,1.58130394465718));
#2056=CARTESIAN_POINT('Ctrl Pts',(-19.6940322986632,35.4412966904685,1.6074724481161));
#2057=CARTESIAN_POINT('Ctrl Pts',(-19.2900005224073,35.3508632814639,1.63364095157503));
#2058=CARTESIAN_POINT('Ctrl Pts',(-18.8372917119874,35.4776894288531,1.65980945503395));
#2059=CARTESIAN_POINT('Ctrl Pts',(-18.539024178864,35.7647484454946,1.68597795849288));
#2060=CARTESIAN_POINT('Ctrl Pts',(-18.2407566457406,36.0518074621361,1.71214646195181));
#2061=CARTESIAN_POINT('Ctrl Pts',(-18.0969303899137,36.4990993480298,1.73831496541073));
#2062=CARTESIAN_POINT('Ctrl Pts',(-18.1718022210492,36.906364768023,1.76448346886966));
#2063=CARTESIAN_POINT('Ctrl Pts',(-18.2466740521848,37.3136301880163,1.79065197232859));
#2064=CARTESIAN_POINT('Ctrl Pts',(-18.5402439702829,37.6808691421091,1.81682047578751));
#2065=CARTESIAN_POINT('Ctrl Pts',(-18.9213577486086,37.842778571004,1.84298897924644));
#2066=CARTESIAN_POINT('Ctrl Pts',(-19.3024715269343,38.0046879998988,1.86915748270537));
#2067=CARTESIAN_POINT('Ctrl Pts',(-19.7711291654877,37.9612679035957,1.89532598616429));
#2068=CARTESIAN_POINT('Ctrl Pts',(-20.1159640433904,37.7333549505091,1.92149448962322));
#2069=CARTESIAN_POINT('Ctrl Pts',(-20.4607989212931,37.5054419974226,1.94766299308215));
#2070=CARTESIAN_POINT('Ctrl Pts',(-20.6818110385452,37.0930361875526,1.97383149654107));
#2071=CARTESIAN_POINT('Ctrl Pts',(-20.6818110385452,36.6772140713057,2.));
#2072=CARTESIAN_POINT('Ctrl Pts',(-18.7464702303584,38.0667541427219,-2.));
#2073=CARTESIAN_POINT('Ctrl Pts',(-18.8036871621545,38.0883355299535,-2.));
#2074=CARTESIAN_POINT('Ctrl Pts',(-18.8620770465911,38.1061608022053,-2.));
#2075=CARTESIAN_POINT('Ctrl Pts',(-18.9212942726723,38.1203277816563,-2.));
#2076=CARTESIAN_POINT('Ctrl Pts',(-18.9801669279816,38.134412326867,-2.));
#2077=CARTESIAN_POINT('Ctrl Pts',(-19.0398585171746,38.144880699824,-2.));
#2078=CARTESIAN_POINT('Ctrl Pts',(-19.1000344182576,38.1517743060376,-2.));
#2079=CARTESIAN_POINT('Ctrl Pts',(-19.1454745176949,38.1569798143256,-2.));
#2080=CARTESIAN_POINT('Ctrl Pts',(-19.1911909885619,38.1601458250376,-2.));
#2081=CARTESIAN_POINT('Ctrl Pts',(-19.2370355276174,38.1612709321274,-2.));
#2082=CARTESIAN_POINT('Ctrl Pts',(-19.2608351449632,38.1618550173589,-2.));
#2083=CARTESIAN_POINT('Ctrl Pts',(-19.2846691848331,38.1618888072101,-2.));
#2084=CARTESIAN_POINT('Ctrl Pts',(-19.3085160872811,38.1613704382813,-2.));
#2085=CARTESIAN_POINT('Ctrl Pts',(-19.321074408358,38.1610974534164,-2.));
#2086=CARTESIAN_POINT('Ctrl Pts',(-19.333638292243,38.1606710923757,-2.));
#2087=CARTESIAN_POINT('Ctrl Pts',(-19.3461820430958,38.1600923984805,-2.));
#2088=CARTESIAN_POINT('Ctrl Pts',(-19.4053205723743,38.1573640992446,-2.));
#2089=CARTESIAN_POINT('Ctrl Pts',(-19.4641231518558,38.1512529440578,-2.));
#2090=CARTESIAN_POINT('Ctrl Pts',(-19.5222760332038,38.1418047241507,-2.));
#2091=CARTESIAN_POINT('Ctrl Pts',(-19.5792400795625,38.1325496567435,-2.));
#2092=CARTESIAN_POINT('Ctrl Pts',(-19.635581668711,38.1200921500624,-2.));
#2093=CARTESIAN_POINT('Ctrl Pts',(-19.6909882836913,38.1044297299728,-2.));
#2094=CARTESIAN_POINT('Ctrl Pts',(-19.7310981962167,38.0930914033136,-2.));
#2095=CARTESIAN_POINT('Ctrl Pts',(-19.7707178074149,38.0800725672203,-2.));
#2096=CARTESIAN_POINT('Ctrl Pts',(-19.8097184712319,38.0653586725004,-2.));
#2097=CARTESIAN_POINT('Ctrl Pts',(-19.8301026307363,38.0576682809135,-2.));
#2098=CARTESIAN_POINT('Ctrl Pts',(-19.8503175459685,38.0495146575906,-2.));
#2099=CARTESIAN_POINT('Ctrl Pts',(-19.8703436281483,38.0408945572842,-2.));
#2100=CARTESIAN_POINT('Ctrl Pts',(-19.8796570371322,38.0368856593422,-2.));
#2101=CARTESIAN_POINT('Ctrl Pts',(-19.8889249364323,38.0327777996298,-2.));
#2102=CARTESIAN_POINT('Ctrl Pts',(-19.8981382869019,38.0285743361924,-2.));
#2103=CARTESIAN_POINT('Ctrl Pts',(-19.9488756653292,38.0054261106003,-2.));
#2104=CARTESIAN_POINT('Ctrl Pts',(-19.9980294902023,37.9793526257819,-2.));
#2105=CARTESIAN_POINT('Ctrl Pts',(-20.0453143567572,37.9503589143111,-2.));
#2106=CARTESIAN_POINT('Ctrl Pts',(-20.076954256761,37.9309582434726,-2.));
#2107=CARTESIAN_POINT('Ctrl Pts',(-20.1077568743594,37.9102491802542,-2.));
#2108=CARTESIAN_POINT('Ctrl Pts',(-20.1376281646994,37.888223264505,-2.));
#2109=CARTESIAN_POINT('Ctrl Pts',(-20.1818387796705,37.8556240942153,-2.));
#2110=CARTESIAN_POINT('Ctrl Pts',(-20.2240111884563,37.8201407300209,-2.));
#2111=CARTESIAN_POINT('Ctrl Pts',(-20.2639839124704,37.7820443190352,-2.));
#2112=CARTESIAN_POINT('Ctrl Pts',(-20.276328275111,37.7702793987274,-2.));
#2113=CARTESIAN_POINT('Ctrl Pts',(-20.2884625582568,37.7582651360574,-2.));
#2114=CARTESIAN_POINT('Ctrl Pts',(-20.3003811827672,37.7460092201923,-2.));
#2115=CARTESIAN_POINT('Ctrl Pts',(-20.3108427638672,37.7352515813668,-2.));
#2116=CARTESIAN_POINT('Ctrl Pts',(-20.3211424755686,37.724302781074,-2.));
#2117=CARTESIAN_POINT('Ctrl Pts',(-20.3312524692975,37.7131949306737,-2.));
#2118=CARTESIAN_POINT('Ctrl Pts',(-20.3687358359359,37.6720119546715,-2.));
#2119=CARTESIAN_POINT('Ctrl Pts',(-20.4036689419787,37.628593690579,-2.));
#2120=CARTESIAN_POINT('Ctrl Pts',(-20.4359229451797,37.5832488861185,-2.));
#2121=CARTESIAN_POINT('Ctrl Pts',(-20.4681379898569,37.5379588521196,-2.));
#2122=CARTESIAN_POINT('Ctrl Pts',(-20.4976807997379,37.4907457669243,-2.));
#2123=CARTESIAN_POINT('Ctrl Pts',(-20.5243757255937,37.441896786048,-2.));
#2124=CARTESIAN_POINT('Ctrl Pts',(-20.5414390226429,37.4106726996522,-2.));
#2125=CARTESIAN_POINT('Ctrl Pts',(-20.5573377844332,37.3787798746376,-2.));
#2126=CARTESIAN_POINT('Ctrl Pts',(-20.5720148625553,37.3462921836129,-2.));
#2127=CARTESIAN_POINT('Ctrl Pts',(-20.5795769856466,37.3295534351756,-2.));
#2128=CARTESIAN_POINT('Ctrl Pts',(-20.5868146450491,37.3126567721099,-2.));
#2129=CARTESIAN_POINT('Ctrl Pts',(-20.5937190444455,37.2956123972765,-2.));
#2130=CARTESIAN_POINT('Ctrl Pts',(-20.5978834754094,37.2853319777583,-2.));
#2131=CARTESIAN_POINT('Ctrl Pts',(-20.6019263102301,37.2749983875582,-2.));
#2132=CARTESIAN_POINT('Ctrl Pts',(-20.6058411337237,37.2646264903838,-2.));
#2133=CARTESIAN_POINT('Ctrl Pts',(-20.6247729654679,37.214468670371,-2.));
#2134=CARTESIAN_POINT('Ctrl Pts',(-20.640746462495,37.1633391561513,-2.));
#2135=CARTESIAN_POINT('Ctrl Pts',(-20.6535876699087,37.1115025922144,-2.));
#2136=CARTESIAN_POINT('Ctrl Pts',(-20.6616514389225,37.0789512857376,-2.));
#2137=CARTESIAN_POINT('Ctrl Pts',(-20.6684790679893,37.0461210498555,-2.));
#2138=CARTESIAN_POINT('Ctrl Pts',(-20.6740169586141,37.0130783817776,-2.));
#2139=CARTESIAN_POINT('Ctrl Pts',(-20.6760415041833,37.0009986222106,-2.));
#2140=CARTESIAN_POINT('Ctrl Pts',(-20.677893932855,36.9888879939201,-2.));
#2141=CARTESIAN_POINT('Ctrl Pts',(-20.6795702213769,36.9767580757122,-2.));
#2142=CARTESIAN_POINT('Ctrl Pts',(-20.6866077670038,36.9258331593126,-2.));
#2143=CARTESIAN_POINT('Ctrl Pts',(-20.6905348991748,36.8746483788053,-2.));
#2144=CARTESIAN_POINT('Ctrl Pts',(-20.6911751389092,36.8234463749938,-2.));
#2145=CARTESIAN_POINT('Ctrl Pts',(-20.6915328911557,36.7948357922643,-2.));
#2146=CARTESIAN_POINT('Ctrl Pts',(-20.6908634879668,36.7662199351159,-2.));
#2147=CARTESIAN_POINT('Ctrl Pts',(-20.6891291886493,36.7376428970794,-2.));
#2148=CARTESIAN_POINT('Ctrl Pts',(-20.6879114209106,36.717577044179,-2.));
#2149=CARTESIAN_POINT('Ctrl Pts',(-20.6861684817569,36.6975303581927,-2.));
#2150=CARTESIAN_POINT('Ctrl Pts',(-20.6839084879348,36.6775196890453,-2.));
#2151=CARTESIAN_POINT('Origin',(-18.2929492304185,10.1306530608695,-2.));
#2152=CARTESIAN_POINT('',(-24.0170966892446,34.7171191839035,-1.99999999999999));
#2153=CARTESIAN_POINT('',(-40.4207134134937,-13.2074512677824,-2.));
#2154=CARTESIAN_POINT('Ctrl Pts',(-24.0170966892446,34.7171191839035,-1.99999999999999));
#2155=CARTESIAN_POINT('Ctrl Pts',(-23.9863349741762,34.6449301809772,-1.99999999999999));
#2156=CARTESIAN_POINT('Ctrl Pts',(-23.9346879471095,34.4966118231811,-1.99999999999999));
#2157=CARTESIAN_POINT('Ctrl Pts',(-23.8629483083511,34.1904662493582,-1.99999999999999));
#2158=CARTESIAN_POINT('Ctrl Pts',(-23.7837049096349,33.6475060177013,-1.99999999999999));
#2159=CARTESIAN_POINT('Ctrl Pts',(-23.6894152602136,32.5523989822815,-1.99999999999999));
#2160=CARTESIAN_POINT('Ctrl Pts',(-23.6473304526925,30.3543558684421,-2.));
#2161=CARTESIAN_POINT('Ctrl Pts',(-24.0092588410817,25.9630855473829,-1.99999999999999));
#2162=CARTESIAN_POINT('Ctrl Pts',(-26.0495219841879,19.9341094202842,-2.));
#2163=CARTESIAN_POINT('Ctrl Pts',(-29.5845261281992,15.1942366876535,-1.99999999999999));
#2164=CARTESIAN_POINT('Ctrl Pts',(-32.7185563297697,11.30832732608,-1.99999999999999));
#2165=CARTESIAN_POINT('Ctrl Pts',(-34.7401284492547,8.62574592574842,-1.99999999999999));
#2166=CARTESIAN_POINT('Ctrl Pts',(-36.1277462309612,5.5585355652825,-1.99999999999999));
#2167=CARTESIAN_POINT('Ctrl Pts',(-36.6438212912735,3.08439250590472,-2.));
#2168=CARTESIAN_POINT('Ctrl Pts',(-36.7054813847142,0.146985636310611,-2.));
#2169=CARTESIAN_POINT('Ctrl Pts',(-36.5096342857493,-3.18686506208495,-2.));
#2170=CARTESIAN_POINT('Ctrl Pts',(-36.6646100019353,-6.96157940743383,-1.99999999999999));
#2171=CARTESIAN_POINT('Ctrl Pts',(-37.6576753760364,-9.99106062778661,-2.));
#2172=CARTESIAN_POINT('Ctrl Pts',(-38.9453860338883,-11.7896194615322,-2.));
#2173=CARTESIAN_POINT('Ctrl Pts',(-39.706023710426,-12.5818557627016,-2.));
#2174=CARTESIAN_POINT('Ctrl Pts',(-40.1141532286144,-12.9511176549877,-1.99999999999999));
#2175=CARTESIAN_POINT('Ctrl Pts',(-40.315843530731,-13.1216283237945,-1.99999999999999));
#2176=CARTESIAN_POINT('Ctrl Pts',(-40.398608477893,-13.1894773155604,-1.99999999999999));
#2177=CARTESIAN_POINT('Ctrl Pts',(-40.4207131706807,-13.2074515663981,-1.99999999999999));
#2178=CARTESIAN_POINT('',(-14.8866334200671,34.5622766449449,-2.));
#2179=CARTESIAN_POINT('Origin',(-19.4173110385452,36.6772140713057,-2.));
#2180=CARTESIAN_POINT('',(-0.25443016553103,4.99352233306985,-1.99999999999999));
#2181=CARTESIAN_POINT('Ctrl Pts',(-0.25443016553103,4.99352233306985,-1.99999999999999));
#2182=CARTESIAN_POINT('Ctrl Pts',(-1.17094771145561,4.94682389149537,-1.99999999999999));
#2183=CARTESIAN_POINT('Ctrl Pts',(-3.00830787644004,4.98679296826171,-2.));
#2184=CARTESIAN_POINT('Ctrl Pts',(-5.72693762700275,5.52203091909942,-2.));
#2185=CARTESIAN_POINT('Ctrl Pts',(-8.23737461554934,6.70951287605701,-2.));
#2186=CARTESIAN_POINT('Ctrl Pts',(-11.0604088491013,9.10977348000893,-2.));
#2187=CARTESIAN_POINT('Ctrl Pts',(-13.4957640963606,13.0653536660494,-2.));
#2188=CARTESIAN_POINT('Ctrl Pts',(-15.2567438992968,18.2972245957484,-2.));
#2189=CARTESIAN_POINT('Ctrl Pts',(-16.2304726454566,23.7320282612213,-1.99999999999999));
#2190=CARTESIAN_POINT('Ctrl Pts',(-16.3985187736337,29.2475640376128,-1.99999999999999));
#2191=CARTESIAN_POINT('Ctrl Pts',(-15.6629901200082,32.899143787898,-1.99999999999999));
#2192=CARTESIAN_POINT('Ctrl Pts',(-14.8866334200671,34.5622766449448,-1.99999999999999));
#2193=CARTESIAN_POINT('',(-2.18069019012583,-4.49939888148281,-2.));
#2194=CARTESIAN_POINT('Origin',(-3.33066907387547E-15,8.88178419700125E-15,
-2.));
#2195=CARTESIAN_POINT('',(-31.6791502997881,-15.4547511028189,-2.00000000000001));
#2196=CARTESIAN_POINT('Ctrl Pts',(-31.6791502997881,-15.4547511028189,-2.00000000000001));
#2197=CARTESIAN_POINT('Ctrl Pts',(-31.844813604786,-14.6090326127486,-2.00000000000001));
#2198=CARTESIAN_POINT('Ctrl Pts',(-31.953898977757,-12.8728794512908,-2.));
#2199=CARTESIAN_POINT('Ctrl Pts',(-31.3155021572192,-10.3272694135402,-2.));
#2200=CARTESIAN_POINT('Ctrl Pts',(-29.7757328128918,-8.18480358760296,-2.));
#2201=CARTESIAN_POINT('Ctrl Pts',(-26.8038808322699,-6.32830422632446,-2.));
#2202=CARTESIAN_POINT('Ctrl Pts',(-22.5336189104059,-5.49272232918887,-2.));
#2203=CARTESIAN_POINT('Ctrl Pts',(-17.3700670703042,-5.04806304858056,-2.));
#2204=CARTESIAN_POINT('Ctrl Pts',(-12.2958840955665,-4.23400377482493,-2.));
#2205=CARTESIAN_POINT('Ctrl Pts',(-8.05879298697678,-3.26993417445806,-2.));
#2206=CARTESIAN_POINT('Ctrl Pts',(-4.59762059558146,-3.53416360295298,-2.));
#2207=CARTESIAN_POINT('Ctrl Pts',(-2.9561986742333,-4.12353895259046,-2.));
#2208=CARTESIAN_POINT('Ctrl Pts',(-2.18069019012584,-4.49939888148282,-2.));
#2209=CARTESIAN_POINT('Origin',(-36.5858984608364,-16.4159079495661,-2.));
#2210=CARTESIAN_POINT('',(-38.0858984608364,-16.4159079495661,-2.));
#2211=CARTESIAN_POINT('Origin',(-36.5858984608364,-16.4159079495661,-2.));
#2212=CARTESIAN_POINT('',(-3.50000000000001,8.88178419700125E-15,-2.));
#2213=CARTESIAN_POINT('Origin',(-3.33066907387547E-15,8.88178419700125E-15,
-2.));
#2214=CARTESIAN_POINT('Origin',(-19.4173110385452,36.6772140713057,-2.));
#2215=CARTESIAN_POINT('',(-30.5173402003302,-6.40598209328423,-2.));
#2216=CARTESIAN_POINT('',(-34.5846829335802,-4.38323513650085,-1.99999999999999));
#2217=CARTESIAN_POINT('Origin',(-32.0858384832264,-4.45923785313566,-2.));
#2218=CARTESIAN_POINT('',(-12.0175112707446,-2.08073639084858,-2.));
#2219=CARTESIAN_POINT('Ctrl Pts',(-12.0175112707446,-2.08073639084858,-2.));
#2220=CARTESIAN_POINT('Ctrl Pts',(-13.2749590920299,-2.32510062047198,-2.));
#2221=CARTESIAN_POINT('Ctrl Pts',(-14.5330651813583,-2.56958240251845,-2.00000000000001));
#2222=CARTESIAN_POINT('Ctrl Pts',(-17.6518754054271,-3.02932075252823,-2.00000000000001));
#2223=CARTESIAN_POINT('Ctrl Pts',(-19.7461627322994,-3.21801041988392,-2.));
#2224=CARTESIAN_POINT('Ctrl Pts',(-21.8302066719668,-3.4748253463527,-2.));
#2225=CARTESIAN_POINT('Ctrl Pts',(-23.8144279331851,-3.72917836066695,-2.));
#2226=CARTESIAN_POINT('Ctrl Pts',(-25.5839451743792,-4.02520591545594,-1.99999999999999));
#2227=CARTESIAN_POINT('Ctrl Pts',(-28.4196786200888,-5.03964541842849,-1.99999999999999));
#2228=CARTESIAN_POINT('Ctrl Pts',(-29.5506572661459,-5.62712245106582,-2.));
#2229=CARTESIAN_POINT('Ctrl Pts',(-30.5173402003295,-6.40598209328369,-2.));
#2230=CARTESIAN_POINT('',(-9.99553844391724,0.29868246713064,-2.));
#2231=CARTESIAN_POINT('Origin',(-12.4944230548966,0.373353083913302,-2.));
#2232=CARTESIAN_POINT('',(-9.49224019516047,3.14600954820208,-2.));
#2233=CARTESIAN_POINT('Origin',(-3.33066907387547E-15,8.88178419700125E-15,
-2.));
#2234=CARTESIAN_POINT('',(-10.304854727264,5.88571693971388,-2.));
#2235=CARTESIAN_POINT('Origin',(-11.8653002439506,3.93251193525259,-2.));
#2236=CARTESIAN_POINT('',(-18.0188741319086,22.9244410880193,-2.));
#2237=CARTESIAN_POINT('Ctrl Pts',(-18.0188741319086,22.9244410880193,-2.));
#2238=CARTESIAN_POINT('Ctrl Pts',(-17.7954354107016,21.0506382932043,-2.));
#2239=CARTESIAN_POINT('Ctrl Pts',(-17.4333767229199,19.1871410822467,-2.));
#2240=CARTESIAN_POINT('Ctrl Pts',(-16.1838570894807,14.5705841182214,-2.));
#2241=CARTESIAN_POINT('Ctrl Pts',(-15.1151960595994,11.829868786571,-1.99999999999999));
#2242=CARTESIAN_POINT('Ctrl Pts',(-12.6169043551606,8.09785341979569,-2.));
#2243=CARTESIAN_POINT('Ctrl Pts',(-11.5450150711975,6.87650011108781,-1.99999999999999));
#2244=CARTESIAN_POINT('Ctrl Pts',(-10.304854727264,5.88571693971389,-1.99999999999999));
#2245=CARTESIAN_POINT('',(-22.8829434957185,23.3885056254236,-1.99999999999999));
#2246=CARTESIAN_POINT('Origin',(-20.5012877050615,22.628429514215,-1.99999999999999));
#2247=CARTESIAN_POINT('Ctrl Pts',(-34.5846829335802,-4.38323513650085,-1.99999999999999));
#2248=CARTESIAN_POINT('Ctrl Pts',(-34.5559953322199,-3.44003393755362,-1.99999999999999));
#2249=CARTESIAN_POINT('Ctrl Pts',(-34.5863853906733,-2.16353432504314,-1.99999999999999));
#2250=CARTESIAN_POINT('Ctrl Pts',(-34.6319576443259,-0.887189077418303,
-1.99999999999999));
#2251=CARTESIAN_POINT('Ctrl Pts',(-34.6835089140695,0.667333226967621,-1.99999999999999));
#2252=CARTESIAN_POINT('Ctrl Pts',(-34.7133911841105,1.89684603672975,-2.));
#2253=CARTESIAN_POINT('Ctrl Pts',(-34.4333778365758,3.93635462545086,-2.));
#2254=CARTESIAN_POINT('Ctrl Pts',(-34.1729006227896,4.9605517892974,-2.));
#2255=CARTESIAN_POINT('Ctrl Pts',(-33.6042490084554,6.27113657580402,-2.));
#2256=CARTESIAN_POINT('Ctrl Pts',(-33.3171577833481,6.8113178261429,-2.));
#2257=CARTESIAN_POINT('Ctrl Pts',(-32.731784619585,7.8328349360072,-2.));
#2258=CARTESIAN_POINT('Ctrl Pts',(-31.6899096660631,9.35780642166313,-1.99999999999999));
#2259=CARTESIAN_POINT('Ctrl Pts',(-30.5271160817956,10.8330057354696,-1.99999999999999));
#2260=CARTESIAN_POINT('Ctrl Pts',(-28.7819330749808,13.0201870694309,-1.99999999999999));
#2261=CARTESIAN_POINT('Ctrl Pts',(-26.9308396434654,15.3576899312508,-2.));
#2262=CARTESIAN_POINT('Ctrl Pts',(-25.325108954967,17.8968936014058,-1.99999999999999));
#2263=CARTESIAN_POINT('Ctrl Pts',(-23.9735945736984,20.4274509032414,-1.99999999999999));
#2264=CARTESIAN_POINT('Ctrl Pts',(-23.361287449155,21.8896417224174,-1.99999999999999));
#2265=CARTESIAN_POINT('Ctrl Pts',(-22.8829434957185,23.3885056254236,-1.99999999999999));
#2266=CARTESIAN_POINT('Ctrl Pts',(-41.4678273103487,-12.1244305609816,-0.5));
#2267=CARTESIAN_POINT('Ctrl Pts',(-41.4524359542936,-12.1122670042495,-0.5));
#2268=CARTESIAN_POINT('Ctrl Pts',(-41.4271916085935,-12.0922002307663,-0.5));
#2269=CARTESIAN_POINT('Ctrl Pts',(-41.3738179132919,-12.0493154714575,-0.5));
#2270=CARTESIAN_POINT('Ctrl Pts',(-41.2828927242578,-11.9749934088796,-0.5));
#2271=CARTESIAN_POINT('Ctrl Pts',(-41.1025250970203,-11.8225169196907,-0.5));
#2272=CARTESIAN_POINT('Ctrl Pts',(-40.7543465127419,-11.5074259950964,-0.5));
#2273=CARTESIAN_POINT('Ctrl Pts',(-40.1092707255833,-10.8352025465301,-0.5));
#2274=CARTESIAN_POINT('Ctrl Pts',(-39.0299155377249,-9.32573624542216,-0.5));
#2275=CARTESIAN_POINT('Ctrl Pts',(-38.168680155534,-6.74162483871262,-0.5));
#2276=CARTESIAN_POINT('Ctrl Pts',(-38.0079586776493,-3.23574263714969,-0.5));
#2277=CARTESIAN_POINT('Ctrl Pts',(-38.2046345143183,0.0672432421062994,
-0.5));
#2278=CARTESIAN_POINT('Ctrl Pts',(-38.1450834440836,3.23212052438934,-0.5));
#2279=CARTESIAN_POINT('Ctrl Pts',(-37.5649615273273,6.03516921496566,-0.5));
#2280=CARTESIAN_POINT('Ctrl Pts',(-36.0076150746178,9.4505799247689,-0.5));
#2281=CARTESIAN_POINT('Ctrl Pts',(-33.8901549609443,12.2429127437941,-0.5));
#2282=CARTESIAN_POINT('Ctrl Pts',(-30.7518145104382,16.1361050775378,-0.5));
#2283=CARTESIAN_POINT('Ctrl Pts',(-27.3822953496623,20.6745408847785,-0.5));
#2284=CARTESIAN_POINT('Ctrl Pts',(-25.4961113073236,26.2736053157882,-0.5));
#2285=CARTESIAN_POINT('Ctrl Pts',(-25.1473251190347,30.4135243042352,-0.5));
#2286=CARTESIAN_POINT('Ctrl Pts',(-25.1896798660239,32.4845730659215,-0.5));
#2287=CARTESIAN_POINT('Ctrl Pts',(-25.2762123482601,33.4925358050179,-0.5));
#2288=CARTESIAN_POINT('Ctrl Pts',(-25.3435642048447,33.938556689192,-0.5));
#2289=CARTESIAN_POINT('Ctrl Pts',(-25.3809191629622,34.0887791798818,-0.5));
#2290=CARTESIAN_POINT('Ctrl Pts',(-25.3925009536481,34.1184567373924,-0.5));
#2291=CARTESIAN_POINT('Ctrl Pts',(-25.3970323844543,34.1290907176827,-0.5));
#2292=CARTESIAN_POINT('Ctrl Pts',(-41.4678273103487,-12.1244305609816,-0.612199737628207));
#2293=CARTESIAN_POINT('Ctrl Pts',(-41.4524359542936,-12.1122670042495,-0.612199737628207));
#2294=CARTESIAN_POINT('Ctrl Pts',(-41.4271916085935,-12.0922002307663,-0.612199737628207));
#2295=CARTESIAN_POINT('Ctrl Pts',(-41.3738179132919,-12.0493154714575,-0.612199737628207));
#2296=CARTESIAN_POINT('Ctrl Pts',(-41.2828927242578,-11.9749934088796,-0.612199737628207));
#2297=CARTESIAN_POINT('Ctrl Pts',(-41.1025250970203,-11.8225169196907,-0.612199737628207));
#2298=CARTESIAN_POINT('Ctrl Pts',(-40.7543465127419,-11.5074259950964,-0.612199737628207));
#2299=CARTESIAN_POINT('Ctrl Pts',(-40.1092707255833,-10.8352025465301,-0.612199737628207));
#2300=CARTESIAN_POINT('Ctrl Pts',(-39.0299155377249,-9.32573624542216,-0.612199737628207));
#2301=CARTESIAN_POINT('Ctrl Pts',(-38.168680155534,-6.74162483871262,-0.612199737628206));
#2302=CARTESIAN_POINT('Ctrl Pts',(-38.0079586776493,-3.23574263714969,-0.612199737628207));
#2303=CARTESIAN_POINT('Ctrl Pts',(-38.2046345143183,0.0672432421062994,
-0.612199737628207));
#2304=CARTESIAN_POINT('Ctrl Pts',(-38.1450834440836,3.23212052438934,-0.612199737628207));
#2305=CARTESIAN_POINT('Ctrl Pts',(-37.5649615273273,6.03516921496566,-0.612199737628207));
#2306=CARTESIAN_POINT('Ctrl Pts',(-36.0076150746178,9.4505799247689,-0.612199737628207));
#2307=CARTESIAN_POINT('Ctrl Pts',(-33.8901549609443,12.2429127437941,-0.612199737628207));
#2308=CARTESIAN_POINT('Ctrl Pts',(-30.7518145104382,16.1361050775378,-0.612199737628207));
#2309=CARTESIAN_POINT('Ctrl Pts',(-27.3822953496623,20.6745408847785,-0.612199737628207));
#2310=CARTESIAN_POINT('Ctrl Pts',(-25.4961113073236,26.2736053157882,-0.612199737628207));
#2311=CARTESIAN_POINT('Ctrl Pts',(-25.1473251190347,30.4135243042352,-0.612199737628207));
#2312=CARTESIAN_POINT('Ctrl Pts',(-25.1896798660239,32.4845730659215,-0.612199737628207));
#2313=CARTESIAN_POINT('Ctrl Pts',(-25.2762123482601,33.4925358050179,-0.612199737628207));
#2314=CARTESIAN_POINT('Ctrl Pts',(-25.3435642048447,33.938556689192,-0.612199737628207));
#2315=CARTESIAN_POINT('Ctrl Pts',(-25.3809191629622,34.0887791798818,-0.612199737628207));
#2316=CARTESIAN_POINT('Ctrl Pts',(-25.3925009536481,34.1184567373924,-0.612199737628206));
#2317=CARTESIAN_POINT('Ctrl Pts',(-25.3970323844543,34.1290907176827,-0.612199737628207));
#2318=CARTESIAN_POINT('Ctrl Pts',(-41.4671654360085,-12.1252680745361,-0.834019064372617));
#2319=CARTESIAN_POINT('Ctrl Pts',(-41.4520097284484,-12.1132916641886,-0.834019064372618));
#2320=CARTESIAN_POINT('Ctrl Pts',(-41.4266344857552,-12.0931190947952,-0.834019064372617));
#2321=CARTESIAN_POINT('Ctrl Pts',(-41.3733203042852,-12.0502850488401,-0.834019064372618));
#2322=CARTESIAN_POINT('Ctrl Pts',(-41.2823526623897,-11.9759217116665,-0.834019064372616));
#2323=CARTESIAN_POINT('Ctrl Pts',(-41.1019374790885,-11.8234215246728,-0.834019064372617));
#2324=CARTESIAN_POINT('Ctrl Pts',(-40.7537806379176,-11.5083138898984,-0.834019064372618));
#2325=CARTESIAN_POINT('Ctrl Pts',(-40.1084314587493,-10.8359112605271,-0.834019064372617));
#2326=CARTESIAN_POINT('Ctrl Pts',(-39.0290754861761,-9.3262633690066,-0.834019064372617));
#2327=CARTESIAN_POINT('Ctrl Pts',(-38.167583269486,-6.74176150872526,-0.834019064372618));
#2328=CARTESIAN_POINT('Ctrl Pts',(-38.0068728266899,-3.23572183227915,-0.834019064372618));
#2329=CARTESIAN_POINT('Ctrl Pts',(-38.2036573599313,0.0673473268671933,
-0.834019064372618));
#2330=CARTESIAN_POINT('Ctrl Pts',(-38.1439529197578,3.2319436167964,-0.834019064372618));
#2331=CARTESIAN_POINT('Ctrl Pts',(-37.5640676291663,6.03484255444799,-0.834019064372617));
#2332=CARTESIAN_POINT('Ctrl Pts',(-36.0065840764897,9.45000564589114,-0.834019064372618));
#2333=CARTESIAN_POINT('Ctrl Pts',(-33.8893882883436,12.2422228604776,-0.834019064372618));
#2334=CARTESIAN_POINT('Ctrl Pts',(-30.7509165879309,16.1354672856403,-0.834019064372617));
#2335=CARTESIAN_POINT('Ctrl Pts',(-27.3812946606785,20.6740197189222,-0.834019064372618));
#2336=CARTESIAN_POINT('Ctrl Pts',(-25.4951822376382,26.2733334883565,-0.834019064372618));
#2337=CARTESIAN_POINT('Ctrl Pts',(-25.1460638577015,30.4135120657042,-0.834019064372618));
#2338=CARTESIAN_POINT('Ctrl Pts',(-25.1887218214225,32.4843690473805,-0.834019064372618));
#2339=CARTESIAN_POINT('Ctrl Pts',(-25.2750373301898,33.4925984271406,-0.834019064372617));
#2340=CARTESIAN_POINT('Ctrl Pts',(-25.3425078532265,33.9385876661462,-0.834019064372618));
#2341=CARTESIAN_POINT('Ctrl Pts',(-25.3798998839331,34.0891380578634,-0.834019064372617));
#2342=CARTESIAN_POINT('Ctrl Pts',(-25.3914894228684,34.118712650603,-0.834019064372618));
#2343=CARTESIAN_POINT('Ctrl Pts',(-25.3960503516136,34.1295091888238,-0.834019064372618));
#2344=CARTESIAN_POINT('Ctrl Pts',(-41.4211762808551,-12.1834612064654,-1.16533043817276));
#2345=CARTESIAN_POINT('Ctrl Pts',(-41.4061150634121,-12.1715598379034,-1.16533043817276));
#2346=CARTESIAN_POINT('Ctrl Pts',(-41.3804180579986,-12.1511311188102,-1.16533043817276));
#2347=CARTESIAN_POINT('Ctrl Pts',(-41.3267437633794,-12.1080083654748,-1.16533043817276));
#2348=CARTESIAN_POINT('Ctrl Pts',(-41.2349979456787,-12.0330071621988,-1.16533043817276));
#2349=CARTESIAN_POINT('Ctrl Pts',(-41.053111072669,-11.8792690311186,-1.16533043817276));
#2350=CARTESIAN_POINT('Ctrl Pts',(-40.7020156151562,-11.5614915183464,-1.16533043817276));
#2351=CARTESIAN_POINT('Ctrl Pts',(-40.0508755057434,-10.88311691519,-1.16533043817276));
#2352=CARTESIAN_POINT('Ctrl Pts',(-38.9612759528538,-9.35918371213396,-1.16533043817276));
#2353=CARTESIAN_POINT('Ctrl Pts',(-38.093199665335,-6.75262981633087,-1.16533043817276));
#2354=CARTESIAN_POINT('Ctrl Pts',(-37.9327761231087,-3.23331054855382,-1.16533043817276));
#2355=CARTESIAN_POINT('Ctrl Pts',(-38.1295634986249,0.0713093942566281,
-1.16533043817276));
#2356=CARTESIAN_POINT('Ctrl Pts',(-38.0696938755633,3.22461000902677,-1.16533043817276));
#2357=CARTESIAN_POINT('Ctrl Pts',(-37.4930521675798,6.01127909178741,-1.16533043817276));
#2358=CARTESIAN_POINT('Ctrl Pts',(-35.9438579182194,9.4092245107049,-1.16533043817276));
#2359=CARTESIAN_POINT('Ctrl Pts',(-33.8314822079322,12.1959997215448,-1.16533043817276));
#2360=CARTESIAN_POINT('Ctrl Pts',(-30.6931697814562,16.0889069855117,-1.16533043817276));
#2361=CARTESIAN_POINT('Ctrl Pts',(-27.3153709995548,20.6374093164461,-1.16533043817276));
#2362=CARTESIAN_POINT('Ctrl Pts',(-25.4217123880557,26.2579585782274,-1.16533043817276));
#2363=CARTESIAN_POINT('Ctrl Pts',(-25.0718147034436,30.4105982929617,-1.16533043817277));
#2364=CARTESIAN_POINT('Ctrl Pts',(-25.1145809798454,32.4876217285282,-1.16533043817276));
#2365=CARTESIAN_POINT('Ctrl Pts',(-25.2011908481449,33.5002422528475,-1.16533043817276));
#2366=CARTESIAN_POINT('Ctrl Pts',(-25.2692935713085,33.9509845787593,-1.16533043817276));
#2367=CARTESIAN_POINT('Ctrl Pts',(-25.3083909025379,34.1093320129222,-1.16533043817276));
#2368=CARTESIAN_POINT('Ctrl Pts',(-25.3219532535944,34.1446979915175,-1.16533043817276));
#2369=CARTESIAN_POINT('Ctrl Pts',(-25.3278155554707,34.1585859078754,-1.16533043817276));
#2370=CARTESIAN_POINT('Ctrl Pts',(-41.3122271369945,-12.3213217929692,-1.47923358954202));
#2371=CARTESIAN_POINT('Ctrl Pts',(-41.2971621293477,-12.3094174143182,-1.47923358954202));
#2372=CARTESIAN_POINT('Ctrl Pts',(-41.2708255447078,-12.2884810832727,-1.47923358954202));
#2373=CARTESIAN_POINT('Ctrl Pts',(-41.2162352751509,-12.2446210657668,-1.47923358954202));
#2374=CARTESIAN_POINT('Ctrl Pts',(-41.1226763111806,-12.1681399296515,-1.47923358954202));
#2375=CARTESIAN_POINT('Ctrl Pts',(-40.9373286054851,-12.0114748009766,-1.47923358954202));
#2376=CARTESIAN_POINT('Ctrl Pts',(-40.5792092943714,-11.6873512004275,-1.47923358954202));
#2377=CARTESIAN_POINT('Ctrl Pts',(-39.9145350211867,-10.9949194691437,-1.47923358954202));
#2378=CARTESIAN_POINT('Ctrl Pts',(-38.8005257618901,-9.43712078155816,-1.47923358954202));
#2379=CARTESIAN_POINT('Ctrl Pts',(-37.9170091676996,-6.77839622030651,-1.47923358954202));
#2380=CARTESIAN_POINT('Ctrl Pts',(-37.7572585881158,-3.22758466983086,-1.47923358954202));
#2381=CARTESIAN_POINT('Ctrl Pts',(-37.9539471252357,0.0806498767811709,
-1.47923358954202));
#2382=CARTESIAN_POINT('Ctrl Pts',(-37.8938328880651,3.20730589616673,-1.47923358954202));
#2383=CARTESIAN_POINT('Ctrl Pts',(-37.3246907325744,5.95544471048824,-1.47923358954202));
#2384=CARTESIAN_POINT('Ctrl Pts',(-35.7953831155275,9.3126009777224,-1.47923358954202));
#2385=CARTESIAN_POINT('Ctrl Pts',(-33.6942368353278,12.0865202079749,-1.47923358954202));
#2386=CARTESIAN_POINT('Ctrl Pts',(-30.5564314836727,15.978573403296,-1.47923358954202));
#2387=CARTESIAN_POINT('Ctrl Pts',(-27.1592470933619,20.5506730408502,-1.47923358954202));
#2388=CARTESIAN_POINT('Ctrl Pts',(-25.247536315678,26.221584254354,-1.47923358954202));
#2389=CARTESIAN_POINT('Ctrl Pts',(-24.896104310105,30.4036666588696,-1.47923358954202));
#2390=CARTESIAN_POINT('Ctrl Pts',(-24.9388340849826,32.4955711011655,-1.47923358954202));
#2391=CARTESIAN_POINT('Ctrl Pts',(-25.0263562278533,33.5183966573806,-1.47923358954202));
#2392=CARTESIAN_POINT('Ctrl Pts',(-25.0958501865097,33.9804963442718,-1.47923358954202));
#2393=CARTESIAN_POINT('Ctrl Pts',(-25.1389752313144,34.1571055489624,-1.47923358954202));
#2394=CARTESIAN_POINT('Ctrl Pts',(-25.1572312685833,34.2063724520588,-1.47923358954202));
#2395=CARTESIAN_POINT('Ctrl Pts',(-25.1661660840579,34.2274691834296,-1.47923358954202));
#2396=CARTESIAN_POINT('Ctrl Pts',(-41.0890677915945,-12.6037001316188,-1.84135220737102));
#2397=CARTESIAN_POINT('Ctrl Pts',(-41.073889033678,-12.591705415231,-1.84135220737102));
#2398=CARTESIAN_POINT('Ctrl Pts',(-41.0462995258281,-12.5697755401268,-1.84135220737102));
#2399=CARTESIAN_POINT('Ctrl Pts',(-40.98980380752,-12.5243805712197,-1.84135220737102));
#2400=CARTESIAN_POINT('Ctrl Pts',(-40.8925451341024,-12.4448826235784,-1.84135220737101));
#2401=CARTESIAN_POINT('Ctrl Pts',(-40.7001205741917,-12.2822248181842,-1.84135220737102));
#2402=CARTESIAN_POINT('Ctrl Pts',(-40.3275854119681,-11.945092771925,-1.84135220737102));
#2403=CARTESIAN_POINT('Ctrl Pts',(-39.6352752323681,-11.2239101543196,-1.84135220737102));
#2404=CARTESIAN_POINT('Ctrl Pts',(-38.4712015003025,-9.59673430486889,-1.84135220737102));
#2405=CARTESIAN_POINT('Ctrl Pts',(-37.5561320138834,-6.83118219786465,-1.84135220737102));
#2406=CARTESIAN_POINT('Ctrl Pts',(-37.3977567322258,-3.21585012752306,-1.84135220737102));
#2407=CARTESIAN_POINT('Ctrl Pts',(-37.5941936663803,0.0997605953083887,
-1.84135220737102));
#2408=CARTESIAN_POINT('Ctrl Pts',(-37.5336466944284,3.17189435296127,-1.84135220737102));
#2409=CARTESIAN_POINT('Ctrl Pts',(-36.9797798640357,5.84107411661768,-1.84135220737102));
#2410=CARTESIAN_POINT('Ctrl Pts',(-35.4913218087122,9.11468232804198,-1.84135220737102));
#2411=CARTESIAN_POINT('Ctrl Pts',(-33.4130884546511,11.8622856593228,-1.84135220737102));
#2412=CARTESIAN_POINT('Ctrl Pts',(-30.2763821502754,15.7525637150384,-1.84135220737102));
#2413=CARTESIAN_POINT('Ctrl Pts',(-26.8394836822859,20.3730094796874,-1.84135220737102));
#2414=CARTESIAN_POINT('Ctrl Pts',(-24.8907153199692,26.1471019914088,-1.84135220737102));
#2415=CARTESIAN_POINT('Ctrl Pts',(-24.5362857836863,30.3894552342433,-1.84135220737102));
#2416=CARTESIAN_POINT('Ctrl Pts',(-24.5788043297112,32.5119671848565,-1.84135220737102));
#2417=CARTESIAN_POINT('Ctrl Pts',(-24.6682951449784,33.5556035636179,-1.84135220737102));
#2418=CARTESIAN_POINT('Ctrl Pts',(-24.7405891901454,34.0410116703662,-1.84135220737102));
#2419=CARTESIAN_POINT('Ctrl Pts',(-24.7919584885521,34.254928689277,-1.84135220737102));
#2420=CARTESIAN_POINT('Ctrl Pts',(-24.8198378912516,34.3327529890187,-1.84135220737102));
#2421=CARTESIAN_POINT('Ctrl Pts',(-24.8350612314039,34.3685620469162,-1.84135220737102));
#2422=CARTESIAN_POINT('Ctrl Pts',(-40.8125789603965,-12.9535598099974,-2.00265117624776));
#2423=CARTESIAN_POINT('Ctrl Pts',(-40.7972880013052,-12.9414759861268,-2.00265117624776));
#2424=CARTESIAN_POINT('Ctrl Pts',(-40.7681306680623,-12.9183026124181,-2.00265117624776));
#2425=CARTESIAN_POINT('Ctrl Pts',(-40.7092820807702,-12.8710126061509,-2.00265117624776));
#2426=CARTESIAN_POINT('Ctrl Pts',(-40.6074357273163,-12.7877729687216,-2.00265117624776));
#2427=CARTESIAN_POINT('Ctrl Pts',(-40.4062398879185,-12.6176896659187,-2.00265117624776));
#2428=CARTESIAN_POINT('Ctrl Pts',(-40.0158517009378,-12.2644431447546,-2.00265117624776));
#2429=CARTESIAN_POINT('Ctrl Pts',(-39.2892780193693,-11.5076274664078,-2.00265117624776));
#2430=CARTESIAN_POINT('Ctrl Pts',(-38.0631936449875,-9.7944979973736,-2.00265117624776));
#2431=CARTESIAN_POINT('Ctrl Pts',(-37.1090110398904,-6.89658027833465,-2.00265117624776));
#2432=CARTESIAN_POINT('Ctrl Pts',(-36.9523405648026,-3.20131302839916,-2.00265117624776));
#2433=CARTESIAN_POINT('Ctrl Pts',(-37.148479094448,0.123444067852938,-2.00265117624776));
#2434=CARTESIAN_POINT('Ctrl Pts',(-37.0873774576055,3.128011587474,-2.00265117624776));
#2435=CARTESIAN_POINT('Ctrl Pts',(-36.552459666167,5.69937334825265,-2.00265117624776));
#2436=CARTESIAN_POINT('Ctrl Pts',(-35.1145817489836,8.86946763606065,-2.00265117624776));
#2437=CARTESIAN_POINT('Ctrl Pts',(-33.0647608444582,11.5844616562965,-2.00265117624776));
#2438=CARTESIAN_POINT('Ctrl Pts',(-29.9293998548216,15.4725473420149,-2.00265117624776));
#2439=CARTESIAN_POINT('Ctrl Pts',(-26.4432984698608,20.152889486626,-2.00265117624776));
#2440=CARTESIAN_POINT('Ctrl Pts',(-24.4486387919257,26.0548141363411,-2.00265117624776));
#2441=CARTESIAN_POINT('Ctrl Pts',(-24.0904560266151,30.3718512775011,-2.00265117624776));
#2442=CARTESIAN_POINT('Ctrl Pts',(-24.1327498599455,32.5322507599925,-2.00265117624776));
#2443=CARTESIAN_POINT('Ctrl Pts',(-24.2246526823138,33.6016961756551,-2.00265117624776));
#2444=CARTESIAN_POINT('Ctrl Pts',(-24.3004294015515,34.1159705598831,-2.00265117624776));
#2445=CARTESIAN_POINT('Ctrl Pts',(-24.362014660014,34.3761374759925,-2.00265117624776));
#2446=CARTESIAN_POINT('Ctrl Pts',(-24.4018146393126,34.4893208247428,-2.00265117624776));
#2447=CARTESIAN_POINT('Ctrl Pts',(-24.4248306244348,34.5433725655876,-2.00265117624776));
#2448=CARTESIAN_POINT('Ctrl Pts',(-40.6073407570892,-13.2132613375023,-2.));
#2449=CARTESIAN_POINT('Ctrl Pts',(-40.5921061737885,-13.2012222859329,-2.));
#2450=CARTESIAN_POINT('Ctrl Pts',(-40.5617097715011,-13.1770649918128,-2.));
#2451=CARTESIAN_POINT('Ctrl Pts',(-40.501153211527,-13.128401003473,-1.99999999999999));
#2452=CARTESIAN_POINT('Ctrl Pts',(-40.395882783548,-13.0423647703716,-1.99999999999999));
#2453=CARTESIAN_POINT('Ctrl Pts',(-40.1881602832678,-12.8667660002702,-1.99999999999999));
#2454=CARTESIAN_POINT('Ctrl Pts',(-39.7845579334541,-12.5015706170897,-2.));
#2455=CARTESIAN_POINT('Ctrl Pts',(-39.0324370958302,-11.7182488704478,-2.));
#2456=CARTESIAN_POINT('Ctrl Pts',(-37.7604095142938,-9.94133016923571,-2.));
#2457=CARTESIAN_POINT('Ctrl Pts',(-36.7770965478624,-6.94511363105523,-2.));
#2458=CARTESIAN_POINT('Ctrl Pts',(-36.6216956708302,-3.19053039607239,-2.));
#2459=CARTESIAN_POINT('Ctrl Pts',(-36.8176774654927,0.141052410967135,-2.));
#2460=CARTESIAN_POINT('Ctrl Pts',(-36.7560740908397,3.0953947840339,-2.));
#2461=CARTESIAN_POINT('Ctrl Pts',(-36.2353354371374,5.59419601913466,-2.));
#2462=CARTESIAN_POINT('Ctrl Pts',(-34.8348504125101,8.68745182379351,-2.));
#2463=CARTESIAN_POINT('Ctrl Pts',(-32.8062363408442,11.3782176631531,-2.));
#2464=CARTESIAN_POINT('Ctrl Pts',(-29.6717943744953,15.264709893381,-1.99999999999999));
#2465=CARTESIAN_POINT('Ctrl Pts',(-26.1491784582521,19.9894973983746,-2.));
#2466=CARTESIAN_POINT('Ctrl Pts',(-24.1205610005543,25.9862785450197,-2.));
#2467=CARTESIAN_POINT('Ctrl Pts',(-23.7594008673958,30.3588015282417,-2.));
#2468=CARTESIAN_POINT('Ctrl Pts',(-23.8017077188456,32.5471577735899,-2.));
#2469=CARTESIAN_POINT('Ctrl Pts',(-23.8952691123047,33.6358825638126,-2.));
#2470=CARTESIAN_POINT('Ctrl Pts',(-23.9736963423933,34.1715248004416,-2.));
#2471=CARTESIAN_POINT('Ctrl Pts',(-24.0428723974006,34.4661516800366,-2.));
#2472=CARTESIAN_POINT('Ctrl Pts',(-24.0915087377258,34.6054710557393,-2.));
#2473=CARTESIAN_POINT('Ctrl Pts',(-24.1203156378755,34.6731347574849,-2.));
#2474=CARTESIAN_POINT('Ctrl Pts',(-40.5377728458226,-13.3012902352908,-1.99999999999999));
#2475=CARTESIAN_POINT('Ctrl Pts',(-40.5223814897675,-13.2891266785587,-1.99999999999999));
#2476=CARTESIAN_POINT('Ctrl Pts',(-40.4916598792688,-13.2647125272119,-1.99999999999999));
#2477=CARTESIAN_POINT('Ctrl Pts',(-40.4304758136566,-13.2155416213477,-1.99999999999999));
#2478=CARTESIAN_POINT('Ctrl Pts',(-40.3240682173256,-13.1285815426516,-1.99999999999999));
#2479=CARTESIAN_POINT('Ctrl Pts',(-40.1141532286144,-12.9511176549877,-1.99999999999999));
#2480=CARTESIAN_POINT('Ctrl Pts',(-39.706023710426,-12.5818557627016,-2.));
#2481=CARTESIAN_POINT('Ctrl Pts',(-38.9453860338883,-11.7896194615322,-2.));
#2482=CARTESIAN_POINT('Ctrl Pts',(-37.6576753760364,-9.99106062778661,-2.));
#2483=CARTESIAN_POINT('Ctrl Pts',(-36.6646100019353,-6.96157940743383,-1.99999999999999));
#2484=CARTESIAN_POINT('Ctrl Pts',(-36.5096342857493,-3.18686506208495,-2.));
#2485=CARTESIAN_POINT('Ctrl Pts',(-36.7054813847142,0.146985636310611,-2.));
#2486=CARTESIAN_POINT('Ctrl Pts',(-36.6438212912735,3.08439250590472,-2.));
#2487=CARTESIAN_POINT('Ctrl Pts',(-36.1277462309612,5.5585355652825,-1.99999999999999));
#2488=CARTESIAN_POINT('Ctrl Pts',(-34.7401284492547,8.62574592574842,-1.99999999999999));
#2489=CARTESIAN_POINT('Ctrl Pts',(-32.7185563297697,11.30832732608,-1.99999999999999));
#2490=CARTESIAN_POINT('Ctrl Pts',(-29.5845261281992,15.1942366876535,-1.99999999999999));
#2491=CARTESIAN_POINT('Ctrl Pts',(-26.0495219841879,19.9341094202842,-2.));
#2492=CARTESIAN_POINT('Ctrl Pts',(-24.0092588410817,25.9630855473829,-1.99999999999999));
#2493=CARTESIAN_POINT('Ctrl Pts',(-23.6473304526925,30.3543558684421,-2.));
#2494=CARTESIAN_POINT('Ctrl Pts',(-23.6894152602136,32.5523989822815,-1.99999999999999));
#2495=CARTESIAN_POINT('Ctrl Pts',(-23.7837049096349,33.6475060177013,-1.99999999999999));
#2496=CARTESIAN_POINT('Ctrl Pts',(-23.8629483083511,34.1904662493582,-1.99999999999999));
#2497=CARTESIAN_POINT('Ctrl Pts',(-23.9346879471095,34.4966118231811,-1.99999999999999));
#2498=CARTESIAN_POINT('Ctrl Pts',(-23.9863349741762,34.6449301809772,-1.99999999999999));
#2499=CARTESIAN_POINT('Ctrl Pts',(-24.0170966892446,34.7171191839035,-1.99999999999999));
#2500=CARTESIAN_POINT('',(-41.4678248049007,-12.1244285809638,-0.5));
#2501=CARTESIAN_POINT('',(-25.3970323844543,34.1290907176827,-0.5));
#2502=CARTESIAN_POINT('Ctrl Pts',(-41.4678248049252,-12.1244285809826,-0.5));
#2503=CARTESIAN_POINT('Ctrl Pts',(-41.4524345845108,-12.1122659154066,-0.5));
#2504=CARTESIAN_POINT('Ctrl Pts',(-41.4271908845669,-12.0921996490245,-0.5));
#2505=CARTESIAN_POINT('Ctrl Pts',(-41.3738179132919,-12.0493154714575,-0.5));
#2506=CARTESIAN_POINT('Ctrl Pts',(-41.2828927242578,-11.9749934088796,-0.5));
#2507=CARTESIAN_POINT('Ctrl Pts',(-41.1025250970203,-11.8225169196907,-0.5));
#2508=CARTESIAN_POINT('Ctrl Pts',(-40.7543465127419,-11.5074259950964,-0.5));
#2509=CARTESIAN_POINT('Ctrl Pts',(-40.1092707255833,-10.8352025465301,-0.5));
#2510=CARTESIAN_POINT('Ctrl Pts',(-39.0299155377249,-9.32573624542216,-0.5));
#2511=CARTESIAN_POINT('Ctrl Pts',(-38.168680155534,-6.74162483871262,-0.5));
#2512=CARTESIAN_POINT('Ctrl Pts',(-38.0079586776493,-3.23574263714969,-0.5));
#2513=CARTESIAN_POINT('Ctrl Pts',(-38.2046345143183,0.0672432421062994,
-0.5));
#2514=CARTESIAN_POINT('Ctrl Pts',(-38.1450834440836,3.23212052438934,-0.5));
#2515=CARTESIAN_POINT('Ctrl Pts',(-37.5649615273273,6.03516921496566,-0.5));
#2516=CARTESIAN_POINT('Ctrl Pts',(-36.0076150746178,9.4505799247689,-0.5));
#2517=CARTESIAN_POINT('Ctrl Pts',(-33.8901549609443,12.2429127437941,-0.5));
#2518=CARTESIAN_POINT('Ctrl Pts',(-30.7518145104382,16.1361050775378,-0.5));
#2519=CARTESIAN_POINT('Ctrl Pts',(-27.3822953496623,20.6745408847785,-0.5));
#2520=CARTESIAN_POINT('Ctrl Pts',(-25.4961113073236,26.2736053157882,-0.5));
#2521=CARTESIAN_POINT('Ctrl Pts',(-25.1473251190347,30.4135243042352,-0.5));
#2522=CARTESIAN_POINT('Ctrl Pts',(-25.1896798660239,32.4845730659215,-0.5));
#2523=CARTESIAN_POINT('Ctrl Pts',(-25.2762123482601,33.4925358050179,-0.5));
#2524=CARTESIAN_POINT('Ctrl Pts',(-25.3435642048447,33.938556689192,-0.5));
#2525=CARTESIAN_POINT('Ctrl Pts',(-25.3809191629622,34.0887791798818,-0.5));
#2526=CARTESIAN_POINT('Ctrl Pts',(-25.3925009536481,34.1184567373924,-0.5));
#2527=CARTESIAN_POINT('Ctrl Pts',(-25.3970323844543,34.1290907176827,-0.5));
#2528=CARTESIAN_POINT('Ctrl Pts',(-25.3970323844543,34.1290907176827,-0.5));
#2529=CARTESIAN_POINT('Ctrl Pts',(-25.3970323844543,34.1290907176827,-0.612199737628207));
#2530=CARTESIAN_POINT('Ctrl Pts',(-25.3960503516136,34.1295091888238,-0.834019064372618));
#2531=CARTESIAN_POINT('Ctrl Pts',(-25.3278155554707,34.1585859078754,-1.16533043817276));
#2532=CARTESIAN_POINT('Ctrl Pts',(-25.1661660840579,34.2274691834296,-1.47923358954202));
#2533=CARTESIAN_POINT('Ctrl Pts',(-24.8350612314039,34.3685620469162,-1.84135220737102));
#2534=CARTESIAN_POINT('Ctrl Pts',(-24.4248306244348,34.5433725655876,-2.00265117624776));
#2535=CARTESIAN_POINT('Ctrl Pts',(-24.1203156378755,34.6731347574849,-2.));
#2536=CARTESIAN_POINT('Ctrl Pts',(-24.0170966892446,34.7171191839035,-1.99999999999999));
#2537=CARTESIAN_POINT('Ctrl Pts',(-40.4207134134937,-13.2074512677824,-2.));
#2538=CARTESIAN_POINT('Ctrl Pts',(-40.4232857745497,-13.2048426694243,-2.));
#2539=CARTESIAN_POINT('Ctrl Pts',(-40.4258537963344,-13.2022380707151,-1.99999999959756));
#2540=CARTESIAN_POINT('Ctrl Pts',(-40.5909519226582,-13.0347626741264,-1.99996755464623));
#2541=CARTESIAN_POINT('Ctrl Pts',(-40.7772182772418,-12.8441272502316,-1.99795666056618));
#2542=CARTESIAN_POINT('Ctrl Pts',(-41.091286516786,-12.5188849874438,-1.76244027275373));
#2543=CARTESIAN_POINT('Ctrl Pts',(-41.1865494617978,-12.4194775690976,-1.64133357274547));
#2544=CARTESIAN_POINT('Ctrl Pts',(-41.33399223075,-12.2652379558066,-1.38651593566234));
#2545=CARTESIAN_POINT('Ctrl Pts',(-41.3887537458958,-12.207657893803,-1.24281931966177));
#2546=CARTESIAN_POINT('Ctrl Pts',(-41.4678430193334,-12.1244458862845,-0.876059126439368));
#2547=CARTESIAN_POINT('Ctrl Pts',(-41.4678248049007,-12.1244285809638,-0.681828340641587));
#2548=CARTESIAN_POINT('Ctrl Pts',(-41.4678248049007,-12.1244285809638,-0.5));
#2549=CARTESIAN_POINT('Ctrl Pts',(-25.3970323844543,34.1290907176828,-0.5));
#2550=CARTESIAN_POINT('Ctrl Pts',(-25.8801028931228,35.2627199150907,-0.5));
#2551=CARTESIAN_POINT('Ctrl Pts',(-26.1829658183857,37.809462874884,-0.5));
#2552=CARTESIAN_POINT('Ctrl Pts',(-24.5100128701526,41.2780935136176,-0.5));
#2553=CARTESIAN_POINT('Ctrl Pts',(-21.2297998359473,43.2925564083398,-0.5));
#2554=CARTESIAN_POINT('Ctrl Pts',(-17.3807083593583,43.2311000425424,-0.5));
#2555=CARTESIAN_POINT('Ctrl Pts',(-14.1742262257508,41.0998670138829,-0.5));
#2556=CARTESIAN_POINT('Ctrl Pts',(-12.6151275827308,37.5810764835948,-0.5));
#2557=CARTESIAN_POINT('Ctrl Pts',(-13.0061982773721,35.0443927592559,-0.5));
#2558=CARTESIAN_POINT('Ctrl Pts',(-13.5274301345237,33.9277954170366,-0.5));
#2559=CARTESIAN_POINT('Ctrl Pts',(-25.3970323844543,34.1290907176828,-0.612199737628207));
#2560=CARTESIAN_POINT('Ctrl Pts',(-25.8801146164134,35.2627474263221,-0.612199737628207));
#2561=CARTESIAN_POINT('Ctrl Pts',(-26.1829922176164,37.8094509700194,-0.612199737628207));
#2562=CARTESIAN_POINT('Ctrl Pts',(-24.5100470713093,41.2781363395234,-0.612199737628207));
#2563=CARTESIAN_POINT('Ctrl Pts',(-21.2298076888603,43.2925816209858,-0.612199737628207));
#2564=CARTESIAN_POINT('Ctrl Pts',(-17.3806918877975,43.2311501115511,-0.612199737628207));
#2565=CARTESIAN_POINT('Ctrl Pts',(-14.1742082721305,41.0998922483121,-0.612199737628207));
#2566=CARTESIAN_POINT('Ctrl Pts',(-12.6150813454097,37.5810613682899,-0.612199737628207));
#2567=CARTESIAN_POINT('Ctrl Pts',(-13.0061856279711,35.0444198571534,-0.612199737628207));
#2568=CARTESIAN_POINT('Ctrl Pts',(-13.5274301345237,33.9277954170366,-0.612199737628207));
#2569=CARTESIAN_POINT('Ctrl Pts',(-25.3958675502361,34.1295870855071,-0.834285596870318));
#2570=CARTESIAN_POINT('Ctrl Pts',(-25.8788539235186,35.2630188410753,-0.834285596870318));
#2571=CARTESIAN_POINT('Ctrl Pts',(-26.1816703272942,37.8092321959062,-0.834285596870318));
#2572=CARTESIAN_POINT('Ctrl Pts',(-24.5090498980619,41.2772336788052,-0.834285596870318));
#2573=CARTESIAN_POINT('Ctrl Pts',(-21.2294534432726,43.2912891890546,-0.834285596870318));
#2574=CARTESIAN_POINT('Ctrl Pts',(-17.3810910824709,43.2298659241905,-0.834285596870318));
#2575=CARTESIAN_POINT('Ctrl Pts',(-14.1752323034325,41.0990269433252,-0.834285596870318));
#2576=CARTESIAN_POINT('Ctrl Pts',(-12.6164133259523,37.580887564628,-0.834285596870318));
#2577=CARTESIAN_POINT('Ctrl Pts',(-13.0074363927737,35.044733863446,-0.834285596870318));
#2578=CARTESIAN_POINT('Ctrl Pts',(-13.5285774680567,33.9283309966637,-0.834285596870318));
#2579=CARTESIAN_POINT('Ctrl Pts',(-25.3281197096055,34.1584562994524,-1.16474748961839));
#2580=CARTESIAN_POINT('Ctrl Pts',(-25.8056186860832,35.2790106942128,-1.16474748961839));
#2581=CARTESIAN_POINT('Ctrl Pts',(-26.1049857452643,37.7964188968842,-1.16474748961839));
#2582=CARTESIAN_POINT('Ctrl Pts',(-24.451309616237,41.225054951611,-1.16474748961839));
#2583=CARTESIAN_POINT('Ctrl Pts',(-21.20890902606,43.2163090443306,-1.16474748961839));
#2584=CARTESIAN_POINT('Ctrl Pts',(-17.4041852078975,43.155551519484,-1.16474748961839));
#2585=CARTESIAN_POINT('Ctrl Pts',(-14.2346564040035,41.0488890618161,-1.16474748961839));
#2586=CARTESIAN_POINT('Ctrl Pts',(-12.693536134202,37.5706657356803,-1.16474748961839));
#2587=CARTESIAN_POINT('Ctrl Pts',(-13.0800872645637,35.0631997833297,-1.16474748961839));
#2588=CARTESIAN_POINT('Ctrl Pts',(-13.5953074525721,33.9594808054995,-1.16474748961839));
#2589=CARTESIAN_POINT('Ctrl Pts',(-25.1657248601426,34.2276572010475,-1.48013401359295));
#2590=CARTESIAN_POINT('Ctrl Pts',(-25.6301166424812,35.3174527361682,-1.48013401359295));
#2591=CARTESIAN_POINT('Ctrl Pts',(-25.921273493851,37.7656577202664,-1.48013401359295));
#2592=CARTESIAN_POINT('Ctrl Pts',(-24.313038622084,41.1001493805111,-1.48013401359295));
#2593=CARTESIAN_POINT('Ctrl Pts',(-21.1596941201056,43.0366777190388,-1.48013401359295));
#2594=CARTESIAN_POINT('Ctrl Pts',(-17.4594778041288,42.9776143029825,-1.48013401359295));
#2595=CARTESIAN_POINT('Ctrl Pts',(-14.3770278461363,40.9288059286685,-1.48013401359295));
#2596=CARTESIAN_POINT('Ctrl Pts',(-12.8782203826935,37.5461037420109,-1.48013401359296));
#2597=CARTESIAN_POINT('Ctrl Pts',(-13.2541848930347,35.1075706483084,-1.48013401359295));
#2598=CARTESIAN_POINT('Ctrl Pts',(-13.7552624517156,34.0341484033092,-1.48013401359295));
#2599=CARTESIAN_POINT('Ctrl Pts',(-24.9187473164549,34.3329011096657,-1.74875799951978));
#2600=CARTESIAN_POINT('Ctrl Pts',(-25.3631814522352,35.3758617201864,-1.74875799951978));
#2601=CARTESIAN_POINT('Ctrl Pts',(-25.6418222687551,37.7188987001835,-1.74875799951978));
#2602=CARTESIAN_POINT('Ctrl Pts',(-24.102680825698,40.9101009532688,-1.74875799951978));
#2603=CARTESIAN_POINT('Ctrl Pts',(-21.0848300067614,42.7634353448851,-1.74875799951978));
#2604=CARTESIAN_POINT('Ctrl Pts',(-17.5436025155493,42.7068983186351,-1.74875799951978));
#2605=CARTESIAN_POINT('Ctrl Pts',(-14.5935890513033,40.7461271354843,-1.74875799951978));
#2606=CARTESIAN_POINT('Ctrl Pts',(-13.1591898417703,37.5087791934339,-1.74875799951978));
#2607=CARTESIAN_POINT('Ctrl Pts',(-13.5189860504897,35.1749972915304,-1.74875799951978));
#2608=CARTESIAN_POINT('Ctrl Pts',(-13.9985293590078,34.1477063145428,-1.74875799951978));
#2609=CARTESIAN_POINT('Ctrl Pts',(-24.6287228424513,34.4564884965322,-1.92483571077996));
#2610=CARTESIAN_POINT('Ctrl Pts',(-25.0497202037355,35.4444496579348,-1.92483571077996));
#2611=CARTESIAN_POINT('Ctrl Pts',(-25.3136627385188,37.6639904416803,-1.92483571077997));
#2612=CARTESIAN_POINT('Ctrl Pts',(-23.8556569505244,40.6869258170841,-1.92483571077996));
#2613=CARTESIAN_POINT('Ctrl Pts',(-20.9969170493605,42.4425668986505,-1.92483571077996));
#2614=CARTESIAN_POINT('Ctrl Pts',(-17.6423905958258,42.3889953023574,-1.92483571077996));
#2615=CARTESIAN_POINT('Ctrl Pts',(-14.8478967102434,40.5316070408516,-1.92483571077996));
#2616=CARTESIAN_POINT('Ctrl Pts',(-13.4891332613995,37.4649499543462,-1.92483571077996));
#2617=CARTESIAN_POINT('Ctrl Pts',(-13.8299413634466,35.2541746422026,-1.92483571077996));
#2618=CARTESIAN_POINT('Ctrl Pts',(-14.2841964515557,34.2810567924151,-1.92483571077996));
#2619=CARTESIAN_POINT('Ctrl Pts',(-24.3245343816865,34.5861115468283,-1.99899060366265));
#2620=CARTESIAN_POINT('Ctrl Pts',(-24.7209674334586,35.5164272548708,-1.99899060366265));
#2621=CARTESIAN_POINT('Ctrl Pts',(-24.9695152097897,37.6063833010944,-1.99899060366265));
#2622=CARTESIAN_POINT('Ctrl Pts',(-23.5966188640809,40.4529137203889,-1.99899060366265));
#2623=CARTESIAN_POINT('Ctrl Pts',(-20.904722090396,42.1060648042327,-1.99899060366265));
#2624=CARTESIAN_POINT('Ctrl Pts',(-17.745979252389,42.0556396152019,-1.99899060366265));
#2625=CARTESIAN_POINT('Ctrl Pts',(-15.1145979324454,40.3066470867271,-1.99899060366265));
#2626=CARTESIAN_POINT('Ctrl Pts',(-13.8351229448896,37.4189582319611,-1.99899060366265));
#2627=CARTESIAN_POINT('Ctrl Pts',(-14.1560644682328,35.3372582082673,-1.99899060366265));
#2628=CARTESIAN_POINT('Ctrl Pts',(-14.5838147285023,34.4209197358635,-1.99899060366265));
#2629=CARTESIAN_POINT('Ctrl Pts',(-24.1203156378754,34.6731347574849,-1.99999999999999));
#2630=CARTESIAN_POINT('Ctrl Pts',(-24.500240550217,35.5647105538219,-2.));
#2631=CARTESIAN_POINT('Ctrl Pts',(-24.738432003128,37.5677254050003,-2.));
#2632=CARTESIAN_POINT('Ctrl Pts',(-23.4226632481909,40.2957471346322,-2.));
#2633=CARTESIAN_POINT('Ctrl Pts',(-20.8428152373386,41.880116100338,-2.));
#2634=CARTESIAN_POINT('Ctrl Pts',(-17.8155476416846,41.8317677707772,-2.));
#2635=CARTESIAN_POINT('Ctrl Pts',(-15.2936750356483,40.1555828352271,-2.));
#2636=CARTESIAN_POINT('Ctrl Pts',(-14.0674712259531,37.3881030015519,-2.));
#2637=CARTESIAN_POINT('Ctrl Pts',(-14.3750272324793,35.3929981563898,-2.));
#2638=CARTESIAN_POINT('Ctrl Pts',(-14.7849652520529,34.5148175600773,-2.));
#2639=CARTESIAN_POINT('Ctrl Pts',(-24.0170966892445,34.7171191839035,-1.99999999999999));
#2640=CARTESIAN_POINT('Ctrl Pts',(-24.3886893882203,35.589141643448,-1.99999999999999));
#2641=CARTESIAN_POINT('Ctrl Pts',(-24.6216608691917,37.5481746894429,-2.));
#2642=CARTESIAN_POINT('Ctrl Pts',(-23.3347739859355,40.2163521038533,-2.));
#2643=CARTESIAN_POINT('Ctrl Pts',(-20.8115331903929,41.7659389459473,-1.99999999999999));
#2644=CARTESIAN_POINT('Ctrl Pts',(-17.8506935930168,41.7186648184109,-1.99999999999999));
#2645=CARTESIAN_POINT('Ctrl Pts',(-15.3841688748572,40.0792547963651,-1.99999999999999));
#2646=CARTESIAN_POINT('Ctrl Pts',(-14.1848622263803,37.3724928499896,-2.));
#2647=CARTESIAN_POINT('Ctrl Pts',(-14.4856858376428,35.4211976774212,-2.));
#2648=CARTESIAN_POINT('Ctrl Pts',(-14.8866334200671,34.5622766449449,-2.));
#2649=CARTESIAN_POINT('',(-13.5274301345237,33.9277954170366,-0.5));
#2650=CARTESIAN_POINT('Ctrl Pts',(-13.5274301345237,33.9277954170366,-0.5));
#2651=CARTESIAN_POINT('Ctrl Pts',(-13.5274301345237,33.9277954170366,-0.612199737628207));
#2652=CARTESIAN_POINT('Ctrl Pts',(-13.5285774680567,33.9283309966637,-0.834285596870318));
#2653=CARTESIAN_POINT('Ctrl Pts',(-13.5953074525721,33.9594808054995,-1.16474748961839));
#2654=CARTESIAN_POINT('Ctrl Pts',(-13.7552624517156,34.0341484033092,-1.48013401359295));
#2655=CARTESIAN_POINT('Ctrl Pts',(-13.9985293590078,34.1477063145428,-1.74875799951978));
#2656=CARTESIAN_POINT('Ctrl Pts',(-14.2841964515557,34.2810567924151,-1.92483571077996));
#2657=CARTESIAN_POINT('Ctrl Pts',(-14.5838147285023,34.4209197358635,-1.99899060366265));
#2658=CARTESIAN_POINT('Ctrl Pts',(-14.7849652520529,34.5148175600773,-2.));
#2659=CARTESIAN_POINT('Ctrl Pts',(-14.8866334200671,34.5622766449449,-2.));
#2660=CARTESIAN_POINT('Origin',(-19.4173110385452,36.6772140713057,-0.5));
#2661=CARTESIAN_POINT('Ctrl Pts',(-13.5274301345237,33.9277954170366,-0.5));
#2662=CARTESIAN_POINT('Ctrl Pts',(-14.2009146884745,32.485038124578,-0.5));
#2663=CARTESIAN_POINT('Ctrl Pts',(-14.8909176386594,29.1598448141686,-0.5));
#2664=CARTESIAN_POINT('Ctrl Pts',(-14.7342146252141,23.893964515008,-0.5));
#2665=CARTESIAN_POINT('Ctrl Pts',(-13.7970808841016,18.6645681194241,-0.5));
#2666=CARTESIAN_POINT('Ctrl Pts',(-12.1140292024719,13.6757004482405,-0.5));
#2667=CARTESIAN_POINT('Ctrl Pts',(-9.86314247616783,10.0564509190201,-0.5));
#2668=CARTESIAN_POINT('Ctrl Pts',(-7.40906761270678,7.98221129484197,-0.5));
#2669=CARTESIAN_POINT('Ctrl Pts',(-5.2637925999025,6.96640371590148,-0.5));
#2670=CARTESIAN_POINT('Ctrl Pts',(-2.86943725530651,6.48730349041234,-0.5));
#2671=CARTESIAN_POINT('Ctrl Pts',(-1.16059895693515,6.44929700263759,-0.5));
#2672=CARTESIAN_POINT('Ctrl Pts',(-0.330759215190338,6.49157903299082,-0.5));
#2673=CARTESIAN_POINT('Ctrl Pts',(-13.5274301345237,33.9277954170366,-0.612199737628207));
#2674=CARTESIAN_POINT('Ctrl Pts',(-14.2009038701774,32.4850612998341,-0.612199737628207));
#2675=CARTESIAN_POINT('Ctrl Pts',(-14.8909134249726,29.1598377812188,-0.612199737628207));
#2676=CARTESIAN_POINT('Ctrl Pts',(-14.7342138362099,23.8939717084181,-0.612199737628207));
#2677=CARTESIAN_POINT('Ctrl Pts',(-13.7970731841057,18.6645625114777,-0.612199737628207));
#2678=CARTESIAN_POINT('Ctrl Pts',(-12.1140241730883,13.6756958224165,-0.612199737628207));
#2679=CARTESIAN_POINT('Ctrl Pts',(-9.86312129204215,10.0564462091089,-0.612199737628207));
#2680=CARTESIAN_POINT('Ctrl Pts',(-7.40905191006563,7.98221232032543,-0.612199737628207));
#2681=CARTESIAN_POINT('Ctrl Pts',(-5.26379715072458,6.96641670248209,-0.612199737628207));
#2682=CARTESIAN_POINT('Ctrl Pts',(-2.86944213873505,6.48730907799907,-0.612199737628207));
#2683=CARTESIAN_POINT('Ctrl Pts',(-1.16058984167634,6.44929746707865,-0.612199737628207));
#2684=CARTESIAN_POINT('Ctrl Pts',(-0.330759215190338,6.49157903299082,-0.612199737628207));
#2685=CARTESIAN_POINT('Ctrl Pts',(-13.5285745171341,33.9283296191619,-0.834284419043347));
#2686=CARTESIAN_POINT('Ctrl Pts',(-14.2021367115384,32.4854060031703,-0.834284419043347));
#2687=CARTESIAN_POINT('Ctrl Pts',(-14.8921834700981,29.1599128362265,-0.834284419043348));
#2688=CARTESIAN_POINT('Ctrl Pts',(-14.7354737467881,23.8938341389329,-0.834284419043347));
#2689=CARTESIAN_POINT('Ctrl Pts',(-13.7983034623943,18.6642541828509,-0.834284419043348));
#2690=CARTESIAN_POINT('Ctrl Pts',(-12.1151883841479,13.6751827294097,-0.834284419043348));
#2691=CARTESIAN_POINT('Ctrl Pts',(-9.86413294539927,10.0556499565021,-0.834284419043348));
#2692=CARTESIAN_POINT('Ctrl Pts',(-7.40975198264,7.98114059564472,-0.834284419043347));
#2693=CARTESIAN_POINT('Ctrl Pts',(-5.26418631985586,6.96519839599572,-0.834284419043347));
#2694=CARTESIAN_POINT('Ctrl Pts',(-2.86955822795751,6.48604476845544,-0.834284419043348));
#2695=CARTESIAN_POINT('Ctrl Pts',(-1.16060010974883,6.44803237906385,-0.834284419043347));
#2696=CARTESIAN_POINT('Ctrl Pts',(-0.330694949868126,6.49031774260475,-0.834284419043347));
#2697=CARTESIAN_POINT('Ctrl Pts',(-13.5953060184494,33.9594801360456,-1.16474736625863));
#2698=CARTESIAN_POINT('Ctrl Pts',(-14.2739320034571,32.5057087273648,-1.16474736625863));
#2699=CARTESIAN_POINT('Ctrl Pts',(-14.9662058502106,29.1642280681997,-1.16474736625863));
#2700=CARTESIAN_POINT('Ctrl Pts',(-14.8089350540016,23.8858749491142,-1.16474736625863));
#2701=CARTESIAN_POINT('Ctrl Pts',(-13.8699765164925,18.6462258996841,-1.16474736625863));
#2702=CARTESIAN_POINT('Ctrl Pts',(-12.1830322234509,13.6452227519958,-1.16474736625863));
#2703=CARTESIAN_POINT('Ctrl Pts',(-9.92293978507967,10.0091775775124,-1.16474736625863));
#2704=CARTESIAN_POINT('Ctrl Pts',(-7.45043770185669,7.918654891964,-1.16474736625863));
#2705=CARTESIAN_POINT('Ctrl Pts',(-5.28691936509303,6.89426959265515,-1.16474736625863));
#2706=CARTESIAN_POINT('Ctrl Pts',(-2.8763702783303,6.41236883611662,-1.16474736625863));
#2707=CARTESIAN_POINT('Ctrl Pts',(-1.1611192939556,6.37426633076788,-1.16474736625863));
#2708=CARTESIAN_POINT('Ctrl Pts',(-0.326947495655859,6.41676908825375,-1.16474736625863));
#2709=CARTESIAN_POINT('Ctrl Pts',(-13.7552598039895,34.0341471673407,-1.48013382896086));
#2710=CARTESIAN_POINT('Ctrl Pts',(-14.445981157508,32.5544647247372,-1.48013382896086));
#2711=CARTESIAN_POINT('Ctrl Pts',(-15.1436191746393,29.1745440007777,-1.48013382896086));
#2712=CARTESIAN_POINT('Ctrl Pts',(-14.985016927207,23.8668251673158,-1.48013382896086));
#2713=CARTESIAN_POINT('Ctrl Pts',(-14.041744895125,18.6029905568261,-1.48013382896086));
#2714=CARTESIAN_POINT('Ctrl Pts',(-12.3456325378058,13.5733912787684,-1.48013382896086));
#2715=CARTESIAN_POINT('Ctrl Pts',(-10.0638152945905,9.89776594966571,-1.48013382896086));
#2716=CARTESIAN_POINT('Ctrl Pts',(-7.54789881717787,7.76888220061115,-1.48013382896086));
#2717=CARTESIAN_POINT('Ctrl Pts',(-5.34142776362003,6.72430589165972,-1.48013382896086));
#2718=CARTESIAN_POINT('Ctrl Pts',(-2.8927177434369,6.23579132511004,-1.48013382896086));
#2719=CARTESIAN_POINT('Ctrl Pts',(-1.16232802843286,6.19745272811216,-1.48013382896086));
#2720=CARTESIAN_POINT('Ctrl Pts',(-0.317964939058518,6.24047475270091,-1.48013382896086));
#2721=CARTESIAN_POINT('Ctrl Pts',(-13.9985281116804,34.1477057322857,-1.74875872533934));
#2722=CARTESIAN_POINT('Ctrl Pts',(-14.7076664572085,32.6285698985521,-1.74875872533934));
#2723=CARTESIAN_POINT('Ctrl Pts',(-15.4134495005693,29.190247166751,-1.74875872533934));
#2724=CARTESIAN_POINT('Ctrl Pts',(-15.2528154705085,23.8378386654682,-1.74875872533934));
#2725=CARTESIAN_POINT('Ctrl Pts',(-14.3029969599716,18.5372465582279,-1.74875872533934));
#2726=CARTESIAN_POINT('Ctrl Pts',(-12.5929358824582,13.4641544349232,-1.74875872533934));
#2727=CARTESIAN_POINT('Ctrl Pts',(-10.278110304871,9.72833315358641,-1.74875872533934));
#2728=CARTESIAN_POINT('Ctrl Pts',(-7.69615542078728,7.5410959318495,-1.74875872533934));
#2729=CARTESIAN_POINT('Ctrl Pts',(-5.42431867792555,6.46578796688452,-1.74875872533934));
#2730=CARTESIAN_POINT('Ctrl Pts',(-2.91757032084083,5.96722942216794,-1.74875872533934));
#2731=CARTESIAN_POINT('Ctrl Pts',(-1.16418451340314,5.92854196888486,-1.74875872533934));
#2732=CARTESIAN_POINT('Ctrl Pts',(-0.30430367224452,5.97235465463257,-1.74875872533934));
#2733=CARTESIAN_POINT('Ctrl Pts',(-14.284196279802,34.2810567122398,-1.92483784282524));
#2734=CARTESIAN_POINT('Ctrl Pts',(-15.0149621698088,32.7155897528234,-1.92483784282524));
#2735=CARTESIAN_POINT('Ctrl Pts',(-15.7303094861615,29.2086876729071,-1.92483784282524));
#2736=CARTESIAN_POINT('Ctrl Pts',(-15.5672893565412,23.8037996275772,-1.92483784282524));
#2737=CARTESIAN_POINT('Ctrl Pts',(-14.609783753003,18.4600441835342,-1.92483784282524));
#2738=CARTESIAN_POINT('Ctrl Pts',(-12.8833426469393,13.3358786797238,-1.92483784282524));
#2739=CARTESIAN_POINT('Ctrl Pts',(-10.5297565343991,9.52936974319,-1.92483784282524));
#2740=CARTESIAN_POINT('Ctrl Pts',(-7.87025293172512,7.27360814954892,-1.92483784282524));
#2741=CARTESIAN_POINT('Ctrl Pts',(-5.52165660782405,6.16221155739881,-1.92483784282524));
#2742=CARTESIAN_POINT('Ctrl Pts',(-2.94675424381506,5.65185885913016,-1.92483784282524));
#2743=CARTESIAN_POINT('Ctrl Pts',(-1.16636508175463,5.61276203417003,-1.92483784282524));
#2744=CARTESIAN_POINT('Ctrl Pts',(-0.288261348022266,5.65750321352701,-1.92483784282524));
#2745=CARTESIAN_POINT('Ctrl Pts',(-14.5838144899958,34.4209196245278,-1.99899185418679));
#2746=CARTESIAN_POINT('Ctrl Pts',(-15.3372484180744,32.8068925651922,-1.99899185418679));
#2747=CARTESIAN_POINT('Ctrl Pts',(-16.0626366111276,29.2280185141151,-1.99899185418679));
#2748=CARTESIAN_POINT('Ctrl Pts',(-15.8971188140962,23.7681087631246,-1.99899185418679));
#2749=CARTESIAN_POINT('Ctrl Pts',(-14.9315407391592,18.3790636730479,-1.99899185418679));
#2750=CARTESIAN_POINT('Ctrl Pts',(-13.187923580245,13.2013321411368,-1.99899185418679));
#2751=CARTESIAN_POINT('Ctrl Pts',(-10.7936607761611,9.32068353545354,-1.99899185418679));
#2752=CARTESIAN_POINT('Ctrl Pts',(-8.05282944310752,6.99305961149975,-1.9989918541868));
#2753=CARTESIAN_POINT('Ctrl Pts',(-5.6237544249113,5.84382937275831,-1.99899185418679));
#2754=CARTESIAN_POINT('Ctrl Pts',(-2.97737036834967,5.32109587660496,-1.99899185418679));
#2755=CARTESIAN_POINT('Ctrl Pts',(-1.16863895179659,5.28156228025095,-1.99899185418679));
#2756=CARTESIAN_POINT('Ctrl Pts',(-0.271435628508521,5.32727662271967,-1.99899185418679));
#2757=CARTESIAN_POINT('Ctrl Pts',(-14.7849652520529,34.5148175600773,-2.));
#2758=CARTESIAN_POINT('Ctrl Pts',(-15.5536329538683,32.8681562880913,-2.));
#2759=CARTESIAN_POINT('Ctrl Pts',(-16.2857527394635,29.2410064388714,-2.));
#2760=CARTESIAN_POINT('Ctrl Pts',(-16.1185532317554,23.7441371945208,-2.));
#2761=CARTESIAN_POINT('Ctrl Pts',(-15.1475655037858,18.324704844222,-2.));
#2762=CARTESIAN_POINT('Ctrl Pts',(-13.3924132738645,13.1110099873591,-2.));
#2763=CARTESIAN_POINT('Ctrl Pts',(-10.9708649311916,9.18058732085976,-2.));
#2764=CARTESIAN_POINT('Ctrl Pts',(-8.175425844868,6.80470994344373,-2.));
#2765=CARTESIAN_POINT('Ctrl Pts',(-5.69229201157826,5.63006276468998,-2.));
#2766=CARTESIAN_POINT('Ctrl Pts',(-2.99791775091446,5.0990278866549,-2.));
#2767=CARTESIAN_POINT('Ctrl Pts',(-1.17017853056889,5.05920836752842,-2.));
#2768=CARTESIAN_POINT('Ctrl Pts',(-0.260139565094486,5.10557671219205,-2.));
#2769=CARTESIAN_POINT('Ctrl Pts',(-14.8866334200671,34.5622766449448,-1.99999999999999));
#2770=CARTESIAN_POINT('Ctrl Pts',(-15.6629901200082,32.899143787898,-1.99999999999999));
#2771=CARTESIAN_POINT('Ctrl Pts',(-16.3985187736337,29.2475640376128,-1.99999999999999));
#2772=CARTESIAN_POINT('Ctrl Pts',(-16.2304726454566,23.7320282612213,-1.99999999999999));
#2773=CARTESIAN_POINT('Ctrl Pts',(-15.2567438992968,18.2972245957484,-2.));
#2774=CARTESIAN_POINT('Ctrl Pts',(-13.4957640963606,13.0653536660494,-2.));
#2775=CARTESIAN_POINT('Ctrl Pts',(-11.0604088491013,9.10977348000893,-2.));
#2776=CARTESIAN_POINT('Ctrl Pts',(-8.23737461554934,6.70951287605701,-2.));
#2777=CARTESIAN_POINT('Ctrl Pts',(-5.72693762700275,5.52203091909942,-2.));
#2778=CARTESIAN_POINT('Ctrl Pts',(-3.00830787644004,4.98679296826171,-2.));
#2779=CARTESIAN_POINT('Ctrl Pts',(-1.17094771145561,4.94682389149537,-1.99999999999999));
#2780=CARTESIAN_POINT('Ctrl Pts',(-0.25443016553103,4.99352233306985,-1.99999999999999));
#2781=CARTESIAN_POINT('',(-0.330759215190328,6.49157903299084,-0.5));
#2782=CARTESIAN_POINT('Ctrl Pts',(-0.330759215190338,6.49157903299082,-0.5));
#2783=CARTESIAN_POINT('Ctrl Pts',(-0.330759215190338,6.49157903299082,-0.612199737628207));
#2784=CARTESIAN_POINT('Ctrl Pts',(-0.330694949868126,6.49031774260475,-0.834284419043347));
#2785=CARTESIAN_POINT('Ctrl Pts',(-0.326947495655859,6.41676908825375,-1.16474736625863));
#2786=CARTESIAN_POINT('Ctrl Pts',(-0.317964939058518,6.24047475270091,-1.48013382896086));
#2787=CARTESIAN_POINT('Ctrl Pts',(-0.30430367224452,5.97235465463257,-1.74875872533934));
#2788=CARTESIAN_POINT('Ctrl Pts',(-0.288261348022266,5.65750321352701,-1.92483784282524));
#2789=CARTESIAN_POINT('Ctrl Pts',(-0.271435628508521,5.32727662271967,-1.99899185418679));
#2790=CARTESIAN_POINT('Ctrl Pts',(-0.260139565094486,5.10557671219205,-2.));
#2791=CARTESIAN_POINT('Ctrl Pts',(-0.25443016553103,4.99352233306985,-1.99999999999999));
#2792=CARTESIAN_POINT('Ctrl Pts',(-13.5274301345237,33.9277954170366,-0.5));
#2793=CARTESIAN_POINT('Ctrl Pts',(-14.2009146884745,32.485038124578,-0.5));
#2794=CARTESIAN_POINT('Ctrl Pts',(-14.8909176386594,29.1598448141686,-0.5));
#2795=CARTESIAN_POINT('Ctrl Pts',(-14.7342146252141,23.893964515008,-0.5));
#2796=CARTESIAN_POINT('Ctrl Pts',(-13.7970808841016,18.6645681194241,-0.5));
#2797=CARTESIAN_POINT('Ctrl Pts',(-12.1140292024719,13.6757004482405,-0.5));
#2798=CARTESIAN_POINT('Ctrl Pts',(-9.86314247616783,10.0564509190201,-0.5));
#2799=CARTESIAN_POINT('Ctrl Pts',(-7.40906761270678,7.98221129484197,-0.5));
#2800=CARTESIAN_POINT('Ctrl Pts',(-5.2637925999025,6.96640371590148,-0.5));
#2801=CARTESIAN_POINT('Ctrl Pts',(-2.86943725530651,6.48730349041234,-0.5));
#2802=CARTESIAN_POINT('Ctrl Pts',(-1.16059895693515,6.44929700263759,-0.5));
#2803=CARTESIAN_POINT('Ctrl Pts',(-0.330759215190338,6.49157903299082,-0.5));
#2804=CARTESIAN_POINT('Ctrl Pts',(-0.330759215190335,6.49157903299087,-0.5));
#2805=CARTESIAN_POINT('Ctrl Pts',(0.795623478740054,6.54897053264835,-0.5));
#2806=CARTESIAN_POINT('Ctrl Pts',(3.07825684111274,6.0651779450219,-0.499999999999999));
#2807=CARTESIAN_POINT('Ctrl Pts',(5.68574583237448,3.73024491419533,-0.500000000000001));
#2808=CARTESIAN_POINT('Ctrl Pts',(6.7897039605092,0.408330492617775,-0.499999999999999));
#2809=CARTESIAN_POINT('Ctrl Pts',(6.09175193878858,-3.02177257222039,-0.5));
#2810=CARTESIAN_POINT('Ctrl Pts',(3.78336772205963,-5.65273628515515,-0.5));
#2811=CARTESIAN_POINT('Ctrl Pts',(0.469995248261869,-6.78420417445131,-0.5));
#2812=CARTESIAN_POINT('Ctrl Pts',(-1.81997337276163,-6.34111415130317,-0.5));
#2813=CARTESIAN_POINT('Ctrl Pts',(-2.83489724716359,-5.84921854592766,-0.5));
#2814=CARTESIAN_POINT('Ctrl Pts',(-0.330759215190335,6.49157903299087,-0.612199737628207));
#2815=CARTESIAN_POINT('Ctrl Pts',(0.795650683284378,6.54897191877547,-0.612199737628207));
#2816=CARTESIAN_POINT('Ctrl Pts',(3.0782430843302,6.06519832167132,-0.612199737628206));
#2817=CARTESIAN_POINT('Ctrl Pts',(5.68575271567231,3.73024261983442,-0.612199737628207));
#2818=CARTESIAN_POINT('Ctrl Pts',(6.78971993493675,0.408332457975846,-0.612199737628206));
#2819=CARTESIAN_POINT('Ctrl Pts',(6.09174959290857,-3.02177219210559,-0.612199737628207));
#2820=CARTESIAN_POINT('Ctrl Pts',(3.78338381076923,-5.65275187882665,-0.612199737628207));
#2821=CARTESIAN_POINT('Ctrl Pts',(0.469977458459628,-6.78420294814961,-0.612199737628207));
#2822=CARTESIAN_POINT('Ctrl Pts',(-1.81994886018551,-6.34112603163112,-0.612199737628207));
#2823=CARTESIAN_POINT('Ctrl Pts',(-2.83489724716359,-5.84921854592766,-0.612199737628207));
#2824=CARTESIAN_POINT('Ctrl Pts',(-0.330701650349401,6.49044924824933,-0.834226082428576));
#2825=CARTESIAN_POINT('Ctrl Pts',(0.795487447453587,6.54783088378857,-0.834226082428576));
#2826=CARTESIAN_POINT('Ctrl Pts',(3.07771987311416,6.06412419647105,-0.834226082428576));
#2827=CARTESIAN_POINT('Ctrl Pts',(5.68475691046455,3.72959550232808,-0.834226082428575));
#2828=CARTESIAN_POINT('Ctrl Pts',(6.78852372204085,0.408259603505861,-0.834226082428576));
#2829=CARTESIAN_POINT('Ctrl Pts',(6.09069152914106,-3.02124663336216,-0.834226082428576));
#2830=CARTESIAN_POINT('Ctrl Pts',(3.78271071211134,-5.65175388872669,-0.834226082428576));
#2831=CARTESIAN_POINT('Ctrl Pts',(0.469911856819562,-6.78302335177556,-0.834226082428576));
#2832=CARTESIAN_POINT('Ctrl Pts',(-1.81965443070079,-6.34001161785863,-0.834226082428576));
#2833=CARTESIAN_POINT('Ctrl Pts',(-2.83440386587108,-5.84820055664809,-0.834226082428576));
#2834=CARTESIAN_POINT('Ctrl Pts',(-0.326947687068557,6.41677284497657,-1.16474803547538));
#2835=CARTESIAN_POINT('Ctrl Pts',(0.786442616092848,6.47350235577859,-1.16474803547538));
#2836=CARTESIAN_POINT('Ctrl Pts',(3.04279061135056,5.99527610574354,-1.16474803547538));
#2837=CARTESIAN_POINT('Ctrl Pts',(5.62022257564566,3.68726021171949,-1.16474803547538));
#2838=CARTESIAN_POINT('Ctrl Pts',(6.71145500500152,0.403624167683141,-1.16474803547538));
#2839=CARTESIAN_POINT('Ctrl Pts',(6.02155426013456,-2.98695112770828,-1.16474803547538));
#2840=CARTESIAN_POINT('Ctrl Pts',(3.73976245086753,-5.58758943427259,-1.16474803547538));
#2841=CARTESIAN_POINT('Ctrl Pts',(0.464587356394747,-6.70602645974098,-1.16474803547538));
#2842=CARTESIAN_POINT('Ctrl Pts',(-1.7990119822064,-6.26803642511397,-1.16474803547538));
#2843=CARTESIAN_POINT('Ctrl Pts',(-2.80222910041612,-5.7818146461893,-1.16474803547538));
#2844=CARTESIAN_POINT('Ctrl Pts',(-0.317967023109395,6.24051565490527,-1.48012142079765));
#2845=CARTESIAN_POINT('Ctrl Pts',(0.764862749478418,6.29568804423392,-1.48012142079765));
#2846=CARTESIAN_POINT('Ctrl Pts',(2.95919936066752,5.83061337127173,-1.48012142079765));
#2847=CARTESIAN_POINT('Ctrl Pts',(5.46585082761547,3.58597593607304,-1.48012142079765));
#2848=CARTESIAN_POINT('Ctrl Pts',(6.52711651857815,0.392538949628642,-1.48012142079765));
#2849=CARTESIAN_POINT('Ctrl Pts',(5.85615109004645,-2.90490464977904,-1.48012142079765));
#2850=CARTESIAN_POINT('Ctrl Pts',(3.63705109898506,-5.43412119835922,-1.48012142079765));
#2851=CARTESIAN_POINT('Ctrl Pts',(0.451811399199287,-6.52182298896473,-1.48012142079765));
#2852=CARTESIAN_POINT('Ctrl Pts',(-1.74957627494773,-6.09587449296567,-1.48012142079765));
#2853=CARTESIAN_POINT('Ctrl Pts',(-2.725256915315,-5.62299861394527,-1.48012142079765));
#2854=CARTESIAN_POINT('Ctrl Pts',(-0.304304056650234,5.97236219909389,-1.74876341283994));
#2855=CARTESIAN_POINT('Ctrl Pts',(0.731989291603368,6.02516346252046,-1.74876341283994));
#2856=CARTESIAN_POINT('Ctrl Pts',(2.83204706365931,5.58006770810063,-1.74876341283993));
#2857=CARTESIAN_POINT('Ctrl Pts',(5.23098263797594,3.43188804477648,-1.74876341283994));
#2858=CARTESIAN_POINT('Ctrl Pts',(6.24664349475521,0.375671104356684,-1.74876341283993));
#2859=CARTESIAN_POINT('Ctrl Pts',(5.60451433292119,-2.78008170073813,-1.74876341283993));
#2860=CARTESIAN_POINT('Ctrl Pts',(3.4807634592389,-5.20061402522416,-1.74876341283993));
#2861=CARTESIAN_POINT('Ctrl Pts',(0.432402069771642,-6.24158216231959,-1.74876341283993));
#2862=CARTESIAN_POINT('Ctrl Pts',(-1.67440415196497,-5.83393296233302,-1.74876341283993));
#2863=CARTESIAN_POINT('Ctrl Pts',(-2.60815328154058,-5.38137971676859,-1.74876341283993));
#2864=CARTESIAN_POINT('Ctrl Pts',(-0.288261240147139,5.65750109633767,-1.92485868439385));
#2865=CARTESIAN_POINT('Ctrl Pts',(0.693384761553301,5.70751796580303,-1.92485868439385));
#2866=CARTESIAN_POINT('Ctrl Pts',(2.68274963205224,5.28587755521122,-1.92485868439384));
#2867=CARTESIAN_POINT('Ctrl Pts',(4.95520322529943,3.25096116426215,-1.92485868439384));
#2868=CARTESIAN_POINT('Ctrl Pts',(5.91731398155289,0.355864807413356,-1.92485868439384));
#2869=CARTESIAN_POINT('Ctrl Pts',(5.30904728812064,-2.63351684594733,-1.92485868439384));
#2870=CARTESIAN_POINT('Ctrl Pts',(3.29725023292494,-4.92643106457532,-1.92485868439385));
#2871=CARTESIAN_POINT('Ctrl Pts',(0.409615302867263,-5.91252850936528,-1.92485868439384));
#2872=CARTESIAN_POINT('Ctrl Pts',(-1.58614294500959,-5.5263635706959,-1.92485868439384));
#2873=CARTESIAN_POINT('Ctrl Pts',(-2.47065224074507,-5.09767502916126,-1.92485868439384));
#2874=CARTESIAN_POINT('Ctrl Pts',(-0.271435538511858,5.32727485641842,-1.99900348851683));
#2875=CARTESIAN_POINT('Ctrl Pts',(0.652933137409857,5.37437332910751,-1.99900348851683));
#2876=CARTESIAN_POINT('Ctrl Pts',(2.52614791863561,4.97735856320668,-1.99900348851683));
#2877=CARTESIAN_POINT('Ctrl Pts',(4.66597516170823,3.06120199729195,-1.99900348851682));
#2878=CARTESIAN_POINT('Ctrl Pts',(5.57193488349832,0.335094626827818,-1.99900348851682));
#2879=CARTESIAN_POINT('Ctrl Pts',(4.99915835795733,-2.47979915150773,-1.99900348851682));
#2880=CARTESIAN_POINT('Ctrl Pts',(3.10480337193245,-4.63888914100569,-1.99900348851683));
#2881=CARTESIAN_POINT('Ctrl Pts',(0.385692485555963,-5.56741546793058,-1.99900348851682));
#2882=CARTESIAN_POINT('Ctrl Pts',(-1.49354145941923,-5.20380094465053,-1.99900348851682));
#2883=CARTESIAN_POINT('Ctrl Pts',(-2.32644118612637,-4.80012562907367,-1.99900348851682));
#2884=CARTESIAN_POINT('Ctrl Pts',(-0.260139565094484,5.10557671219211,-2.00000000000001));
#2885=CARTESIAN_POINT('Ctrl Pts',(0.625737104788449,5.15071393852746,-2.00000000000001));
#2886=CARTESIAN_POINT('Ctrl Pts',(2.42103258982792,4.77020461138555,-2.));
#2887=CARTESIAN_POINT('Ctrl Pts',(4.47179143479425,2.93381001233267,-2.));
#2888=CARTESIAN_POINT('Ctrl Pts',(5.34004108405389,0.321147719553047,-2.));
#2889=CARTESIAN_POINT('Ctrl Pts',(4.79111705408059,-2.37660096579652,-2.));
#2890=CARTESIAN_POINT('Ctrl Pts',(2.97558081815722,-4.44582500365417,-2.00000000000001));
#2891=CARTESIAN_POINT('Ctrl Pts',(0.369657181630687,-5.33572478170506,-1.99999999999999));
#2892=CARTESIAN_POINT('Ctrl Pts',(-1.4314081477663,-4.98723086645867,-2.));
#2893=CARTESIAN_POINT('Ctrl Pts',(-2.22962476356194,-4.60036515628022,-2.));
#2894=CARTESIAN_POINT('Ctrl Pts',(-0.254430165531028,4.9935223330699,-2.00000000000001));
#2895=CARTESIAN_POINT('Ctrl Pts',(0.612018060569271,5.03766964049873,-2.00000000000001));
#2896=CARTESIAN_POINT('Ctrl Pts',(2.36788987777902,4.66552149617069,-2.));
#2897=CARTESIAN_POINT('Ctrl Pts',(4.37365064028806,2.86941916476564,-2.));
#2898=CARTESIAN_POINT('Ctrl Pts',(5.22284920039168,0.314100378936748,-2.));
#2899=CARTESIAN_POINT('Ctrl Pts',(4.68596302983737,-2.32444044016953,-2.));
#2900=CARTESIAN_POINT('Ctrl Pts',(2.91028286312279,-4.34825868088858,-2.00000000000001));
#2901=CARTESIAN_POINT('Ctrl Pts',(0.361534806355282,-5.21861859573178,-1.99999999999999));
#2902=CARTESIAN_POINT('Ctrl Pts',(-1.39997951750894,-4.87778011638705,-2.00000000000001));
#2903=CARTESIAN_POINT('Ctrl Pts',(-2.18069019012584,-4.49939888148281,-2.00000000000001));
#2904=CARTESIAN_POINT('',(-2.83489724716359,-5.84921854592766,-0.5));
#2905=CARTESIAN_POINT('Ctrl Pts',(-2.83489724716359,-5.84921854592766,-0.5));
#2906=CARTESIAN_POINT('Ctrl Pts',(-2.83489724716359,-5.84921854592766,-0.612199737628207));
#2907=CARTESIAN_POINT('Ctrl Pts',(-2.83440386587108,-5.84820055664809,-0.834226082428576));
#2908=CARTESIAN_POINT('Ctrl Pts',(-2.80222910041612,-5.7818146461893,-1.16474803547538));
#2909=CARTESIAN_POINT('Ctrl Pts',(-2.725256915315,-5.62299861394527,-1.48012142079765));
#2910=CARTESIAN_POINT('Ctrl Pts',(-2.60815328154058,-5.38137971676859,-1.74876341283993));
#2911=CARTESIAN_POINT('Ctrl Pts',(-2.47065224074507,-5.09767502916126,-1.92485868439384));
#2912=CARTESIAN_POINT('Ctrl Pts',(-2.32644118612637,-4.80012562907367,-1.99900348851682));
#2913=CARTESIAN_POINT('Ctrl Pts',(-2.22962476356194,-4.60036515628022,-2.));
#2914=CARTESIAN_POINT('Ctrl Pts',(-2.18069019012584,-4.49939888148281,-2.00000000000001));
#2915=CARTESIAN_POINT('Origin',(-3.33066907387547E-15,8.88178419700125E-15,
-0.5));
#2916=CARTESIAN_POINT('Ctrl Pts',(-2.83489724716359,-5.84921854592766,-0.5));
#2917=CARTESIAN_POINT('Ctrl Pts',(-3.51533031548422,-5.51943811164996,-0.5));
#2918=CARTESIAN_POINT('Ctrl Pts',(-4.9218563012964,-5.02324751659379,-0.5));
#2919=CARTESIAN_POINT('Ctrl Pts',(-7.84592430045473,-4.7742756510335,-0.5));
#2920=CARTESIAN_POINT('Ctrl Pts',(-11.9465305245438,-5.68786724893219,-0.5));
#2921=CARTESIAN_POINT('Ctrl Pts',(-17.2324301975386,-6.55212024927026,-0.5));
#2922=CARTESIAN_POINT('Ctrl Pts',(-22.3757818890376,-6.97708263325555,-0.5));
#2923=CARTESIAN_POINT('Ctrl Pts',(-26.3513904329647,-7.7954823651023,-0.5));
#2924=CARTESIAN_POINT('Ctrl Pts',(-28.7347897339475,-9.32004310123714,-0.5));
#2925=CARTESIAN_POINT('Ctrl Pts',(-29.9127979212147,-10.9585750960647,-0.5));
#2926=CARTESIAN_POINT('Ctrl Pts',(-30.4363013021994,-12.9949254110534,-0.5));
#2927=CARTESIAN_POINT('Ctrl Pts',(-30.3474720196485,-14.4499306605719,-0.5));
#2928=CARTESIAN_POINT('Ctrl Pts',(-30.2071258514736,-15.1664040487948,-0.5));
#2929=CARTESIAN_POINT('Ctrl Pts',(-2.83489724716359,-5.84921854592766,-0.612199737628207));
#2930=CARTESIAN_POINT('Ctrl Pts',(-3.51532031711116,-5.51944295748706,-0.612199737628207));
#2931=CARTESIAN_POINT('Ctrl Pts',(-4.92185012964577,-5.02325478266833,-0.612199737628207));
#2932=CARTESIAN_POINT('Ctrl Pts',(-7.84589270094274,-4.77428224474633,-0.612199737628207));
#2933=CARTESIAN_POINT('Ctrl Pts',(-11.9465199806738,-5.68786391368734,-0.612199737628207));
#2934=CARTESIAN_POINT('Ctrl Pts',(-17.2324384972624,-6.55212805729755,-0.612199737628207));
#2935=CARTESIAN_POINT('Ctrl Pts',(-22.375793024433,-6.97708450393458,-0.612199737628207));
#2936=CARTESIAN_POINT('Ctrl Pts',(-26.3514144012746,-7.79551333497128,-0.612199737628207));
#2937=CARTESIAN_POINT('Ctrl Pts',(-28.7347926209259,-9.32007278095234,-0.612199737628207));
#2938=CARTESIAN_POINT('Ctrl Pts',(-29.9127749779104,-10.9585785331337,-0.612199737628207));
#2939=CARTESIAN_POINT('Ctrl Pts',(-30.4362885725616,-12.9949237714434,-0.612199737628207));
#2940=CARTESIAN_POINT('Ctrl Pts',(-30.3474693572339,-14.4499442523162,-0.612199737628207));
#2941=CARTESIAN_POINT('Ctrl Pts',(-30.2071258514736,-15.1664040487948,-0.612199737628207));
#2942=CARTESIAN_POINT('Ctrl Pts',(-2.83434672415006,-5.84808265663788,-0.834284175506061));
#2943=CARTESIAN_POINT('Ctrl Pts',(-3.5148515485163,-5.51826744489126,-0.834284175506061));
#2944=CARTESIAN_POINT('Ctrl Pts',(-4.92157836001022,-5.0220004310308,-0.83428417550606));
#2945=CARTESIAN_POINT('Ctrl Pts',(-7.84607735483674,-4.77301517119091,-0.83428417550606));
#2946=CARTESIAN_POINT('Ctrl Pts',(-11.9468158085137,-5.68664105316614,-0.834284175506061));
#2947=CARTESIAN_POINT('Ctrl Pts',(-17.232552869858,-6.55086101074878,-0.83428417550606));
#2948=CARTESIAN_POINT('Ctrl Pts',(-22.3759239001288,-6.97583507017572,-0.83428417550606));
#2949=CARTESIAN_POINT('Ctrl Pts',(-26.3517909885959,-7.79427327480324,-0.83428417550606));
#2950=CARTESIAN_POINT('Ctrl Pts',(-28.7356680823667,-9.31911227655099,-0.834284175506061));
#2951=CARTESIAN_POINT('Ctrl Pts',(-29.913959379792,-10.9580466812332,-0.834284175506061));
#2952=CARTESIAN_POINT('Ctrl Pts',(-30.4375678736868,-12.9948213548577,-0.83428417550606));
#2953=CARTESIAN_POINT('Ctrl Pts',(-30.3487298532596,-14.4500757631921,-0.83428417550606));
#2954=CARTESIAN_POINT('Ctrl Pts',(-30.2083645775414,-15.1666466962677,-0.83428417550606));
#2955=CARTESIAN_POINT('Ctrl Pts',(-2.80222759434429,-5.78181153872455,-1.16474733807742));
#2956=CARTESIAN_POINT('Ctrl Pts',(-3.48741242215017,-5.44972810451991,-1.16474733807742));
#2957=CARTESIAN_POINT('Ctrl Pts',(-4.90566709716981,-4.94888312409848,-1.16474733807742));
#2958=CARTESIAN_POINT('Ctrl Pts',(-7.85656682882561,-4.69914959211257,-1.16474733807742));
#2959=CARTESIAN_POINT('Ctrl Pts',(-11.9639805854175,-5.61526582625776,-1.16474733807742));
#2960=CARTESIAN_POINT('Ctrl Pts',(-17.2393002379978,-6.47700791236102,-1.16474733807742));
#2961=CARTESIAN_POINT('Ctrl Pts',(-22.3836595731066,-6.90295623385985,-1.16474733807742));
#2962=CARTESIAN_POINT('Ctrl Pts',(-26.3739774444554,-7.72220264401048,-1.16474733807742));
#2963=CARTESIAN_POINT('Ctrl Pts',(-28.7867710007987,-9.26334016428794,-1.16474733807742));
#2964=CARTESIAN_POINT('Ctrl Pts',(-29.9828548245076,-10.9270477453003,-1.16474733807742));
#2965=CARTESIAN_POINT('Ctrl Pts',(-30.5120917419745,-12.9888313460248,-1.16474733807742));
#2966=CARTESIAN_POINT('Ctrl Pts',(-30.4222469846086,-14.45787055347,-1.16474733807742));
#2967=CARTESIAN_POINT('Ctrl Pts',(-30.2806354951722,-15.1808034626273,-1.16474733807742));
#2968=CARTESIAN_POINT('Ctrl Pts',(-2.72523930332091,-5.62296227527284,-1.48013378351577));
#2969=CARTESIAN_POINT('Ctrl Pts',(-3.42160278574883,-5.28546096567746,-1.48013378351577));
#2970=CARTESIAN_POINT('Ctrl Pts',(-4.86750427253261,-4.77365225127068,-1.48013378351577));
#2971=CARTESIAN_POINT('Ctrl Pts',(-7.8815860177947,-4.52212250902644,-1.48013378351576));
#2972=CARTESIAN_POINT('Ctrl Pts',(-12.0050826162017,-5.44416916147433,-1.48013378351577));
#2973=CARTESIAN_POINT('Ctrl Pts',(-17.2555058958334,-6.30001549733357,-1.48013378351576));
#2974=CARTESIAN_POINT('Ctrl Pts',(-22.4022452564414,-6.72827585033214,-1.48013378351577));
#2975=CARTESIAN_POINT('Ctrl Pts',(-26.4272513088855,-7.54957337976362,-1.48013378351577));
#2976=CARTESIAN_POINT('Ctrl Pts',(-28.909273985063,-9.12977275886059,-1.48013378351577));
#2977=CARTESIAN_POINT('Ctrl Pts',(-30.1479047053135,-10.8527579662312,-1.48013378351577));
#2978=CARTESIAN_POINT('Ctrl Pts',(-30.6906727048862,-12.9744671136476,-1.48013378351577));
#2979=CARTESIAN_POINT('Ctrl Pts',(-30.598454237697,-14.476607551801,-1.48013378351577));
#2980=CARTESIAN_POINT('Ctrl Pts',(-30.4538660425978,-15.2147366748605,-1.48013378351577));
#2981=CARTESIAN_POINT('Ctrl Pts',(-2.60815010076147,-5.38137315389505,-1.74875886481639));
#2982=CARTESIAN_POINT('Ctrl Pts',(-3.32153474237689,-5.03562232567675,-1.74875886481639));
#2983=CARTESIAN_POINT('Ctrl Pts',(-4.80947583594703,-4.50713438306841,-1.74875886481639));
#2984=CARTESIAN_POINT('Ctrl Pts',(-7.91969977503734,-4.25287417464108,-1.74875886481639));
#2985=CARTESIAN_POINT('Ctrl Pts',(-12.0676144328119,-5.18395996172463,-1.74875886481639));
#2986=CARTESIAN_POINT('Ctrl Pts',(-17.280136099932,-6.03081747463138,-1.74875886481639));
#2987=CARTESIAN_POINT('Ctrl Pts',(-22.4304895335179,-6.46260593044745,-1.74875886481639));
#2988=CARTESIAN_POINT('Ctrl Pts',(-26.5082262985737,-7.28696509990578,-1.74875886481639));
#2989=CARTESIAN_POINT('Ctrl Pts',(-29.0955793921603,-8.92657506326879,-1.74875886481639));
#2990=CARTESIAN_POINT('Ctrl Pts',(-30.3989697702574,-10.7397660177109,-1.74875886481639));
#2991=CARTESIAN_POINT('Ctrl Pts',(-30.9622964865023,-12.9526242391294,-1.74875886481639));
#2992=CARTESIAN_POINT('Ctrl Pts',(-30.8664479019865,-14.5050770763785,-1.74875886481639));
#2993=CARTESIAN_POINT('Ctrl Pts',(-30.717327231142,-15.2663446883371,-1.74875886481639));
#2994=CARTESIAN_POINT('Ctrl Pts',(-2.47065317409921,-5.09767695494265,-1.92483827110837));
#2995=CARTESIAN_POINT('Ctrl Pts',(-3.20402619803099,-4.74223850613726,-1.92483827110837));
#2996=CARTESIAN_POINT('Ctrl Pts',(-4.74133385220788,-4.19416413963263,-1.92483827110837));
#2997=CARTESIAN_POINT('Ctrl Pts',(-7.96445825896308,-3.93669760460131,-1.92483827110837));
#2998=CARTESIAN_POINT('Ctrl Pts',(-12.1410456520987,-4.87839854159979,-1.92483827110837));
#2999=CARTESIAN_POINT('Ctrl Pts',(-17.3090586816035,-5.71469991605112,-1.92483827110837));
#3000=CARTESIAN_POINT('Ctrl Pts',(-22.4636559310838,-6.15063173328835,-1.92483827110837));
#3001=CARTESIAN_POINT('Ctrl Pts',(-26.6033132250712,-6.97858450532505,-1.92483827110837));
#3002=CARTESIAN_POINT('Ctrl Pts',(-29.3143561972461,-8.68795992247887,-1.92483827110837));
#3003=CARTESIAN_POINT('Ctrl Pts',(-30.6937948015489,-10.6070802684021,-1.92483827110837));
#3004=CARTESIAN_POINT('Ctrl Pts',(-31.2812628749114,-12.9269744173088,-1.92483827110837));
#3005=CARTESIAN_POINT('Ctrl Pts',(-31.1811508989525,-14.5385078404229,-1.92483827110837));
#3006=CARTESIAN_POINT('Ctrl Pts',(-31.0267076259843,-15.3269475713447,-1.92483827110837));
#3007=CARTESIAN_POINT('Ctrl Pts',(-2.32644197536242,-4.80012725749745,-1.99899210315519));
#3008=CARTESIAN_POINT('Ctrl Pts',(-3.08076501568594,-4.43453512007014,-1.99899210315519));
#3009=CARTESIAN_POINT('Ctrl Pts',(-4.66985543369724,-3.86592137809656,-1.99899210315519));
#3010=CARTESIAN_POINT('Ctrl Pts',(-8.01135675348241,-3.60509097343258,-1.99899210315519));
#3011=CARTESIAN_POINT('Ctrl Pts',(-12.2180474467602,-4.55791107949148,-1.99899210315519));
#3012=CARTESIAN_POINT('Ctrl Pts',(-17.3394056037135,-5.38315693197667,-1.99899210315519));
#3013=CARTESIAN_POINT('Ctrl Pts',(-22.4984579996848,-5.82342586391473,-1.99899210315519));
#3014=CARTESIAN_POINT('Ctrl Pts',(-26.7030780719412,-6.65518975330406,-1.99899210315519));
#3015=CARTESIAN_POINT('Ctrl Pts',(-29.5438205165281,-8.43773555860654,-1.99899210315519));
#3016=CARTESIAN_POINT('Ctrl Pts',(-31.0029836365449,-10.4679201517707,-1.99899210315519));
#3017=CARTESIAN_POINT('Ctrl Pts',(-31.615786694469,-12.9000696909744,-1.99899210315519));
#3018=CARTESIAN_POINT('Ctrl Pts',(-31.5112176777275,-14.5735907330834,-1.99899210315519));
#3019=CARTESIAN_POINT('Ctrl Pts',(-31.351195734111,-15.390509824099,-1.99899210315519));
#3020=CARTESIAN_POINT('Ctrl Pts',(-2.22962476356194,-4.60036515628022,-2.));
#3021=CARTESIAN_POINT('Ctrl Pts',(-2.99802700246813,-4.22794935839452,-2.));
#3022=CARTESIAN_POINT('Ctrl Pts',(-4.62187669009283,-3.64554290997756,-2.));
#3023=CARTESIAN_POINT('Ctrl Pts',(-8.04288744745387,-3.38245510626172,-2.));
#3024=CARTESIAN_POINT('Ctrl Pts',(-12.2697581823158,-4.34275430279634,-2.));
#3025=CARTESIAN_POINT('Ctrl Pts',(-17.3597673909244,-5.16056206327893,-2.));
#3026=CARTESIAN_POINT('Ctrl Pts',(-22.5218067378115,-5.60375121384446,-2.));
#3027=CARTESIAN_POINT('Ctrl Pts',(-26.7700217342512,-6.43803223223622,-2.));
#3028=CARTESIAN_POINT('Ctrl Pts',(-29.6978688994266,-8.26970333653629,-2.));
#3029=CARTESIAN_POINT('Ctrl Pts',(-31.2105924695494,-10.3744891189756,-2.));
#3030=CARTESIAN_POINT('Ctrl Pts',(-31.8403897858046,-12.8820093498673,-2.));
#3031=CARTESIAN_POINT('Ctrl Pts',(-31.7328141485421,-14.5971245019998,-2.));
#3032=CARTESIAN_POINT('Ctrl Pts',(-31.5690431285326,-15.433182793614,-2.));
#3033=CARTESIAN_POINT('Ctrl Pts',(-2.18069019012584,-4.49939888148282,-2.));
#3034=CARTESIAN_POINT('Ctrl Pts',(-2.9561986742333,-4.12353895259046,-2.));
#3035=CARTESIAN_POINT('Ctrl Pts',(-4.59762059558146,-3.53416360295298,-2.));
#3036=CARTESIAN_POINT('Ctrl Pts',(-8.05879298697678,-3.26993417445806,-2.));
#3037=CARTESIAN_POINT('Ctrl Pts',(-12.2958840955665,-4.23400377482493,-2.));
#3038=CARTESIAN_POINT('Ctrl Pts',(-17.3700670703042,-5.04806304858056,-2.));
#3039=CARTESIAN_POINT('Ctrl Pts',(-22.5336189104059,-5.49272232918887,-2.));
#3040=CARTESIAN_POINT('Ctrl Pts',(-26.8038808322699,-6.32830422632446,-2.));
#3041=CARTESIAN_POINT('Ctrl Pts',(-29.7757328128918,-8.18480358760296,-2.));
#3042=CARTESIAN_POINT('Ctrl Pts',(-31.3155021572192,-10.3272694135402,-2.));
#3043=CARTESIAN_POINT('Ctrl Pts',(-31.953898977757,-12.8728794512908,-2.));
#3044=CARTESIAN_POINT('Ctrl Pts',(-31.844813604786,-14.6090326127486,-2.00000000000001));
#3045=CARTESIAN_POINT('Ctrl Pts',(-31.6791502997881,-15.4547511028189,-2.00000000000001));
#3046=CARTESIAN_POINT('',(-30.2071258514734,-15.1664040487949,-0.5));
#3047=CARTESIAN_POINT('Ctrl Pts',(-30.2071258514736,-15.1664040487948,-0.5));
#3048=CARTESIAN_POINT('Ctrl Pts',(-30.2071258514736,-15.1664040487948,-0.612199737628207));
#3049=CARTESIAN_POINT('Ctrl Pts',(-30.2083645775414,-15.1666466962677,-0.83428417550606));
#3050=CARTESIAN_POINT('Ctrl Pts',(-30.2806354951722,-15.1808034626273,-1.16474733807742));
#3051=CARTESIAN_POINT('Ctrl Pts',(-30.4538660425978,-15.2147366748605,-1.48013378351577));
#3052=CARTESIAN_POINT('Ctrl Pts',(-30.717327231142,-15.2663446883371,-1.74875886481639));
#3053=CARTESIAN_POINT('Ctrl Pts',(-31.0267076259843,-15.3269475713447,-1.92483827110837));
#3054=CARTESIAN_POINT('Ctrl Pts',(-31.351195734111,-15.390509824099,-1.99899210315519));
#3055=CARTESIAN_POINT('Ctrl Pts',(-31.5690431285326,-15.433182793614,-2.));
#3056=CARTESIAN_POINT('Ctrl Pts',(-31.6791502997881,-15.4547511028189,-2.00000000000001));
#3057=CARTESIAN_POINT('Ctrl Pts',(-2.83489724716359,-5.84921854592766,-0.5));
#3058=CARTESIAN_POINT('Ctrl Pts',(-3.51533031548422,-5.51943811164996,-0.5));
#3059=CARTESIAN_POINT('Ctrl Pts',(-4.9218563012964,-5.02324751659379,-0.5));
#3060=CARTESIAN_POINT('Ctrl Pts',(-7.84592430045473,-4.7742756510335,-0.5));
#3061=CARTESIAN_POINT('Ctrl Pts',(-11.9465305245438,-5.68786724893219,-0.5));
#3062=CARTESIAN_POINT('Ctrl Pts',(-17.2324301975386,-6.55212024927026,-0.5));
#3063=CARTESIAN_POINT('Ctrl Pts',(-22.3757818890376,-6.97708263325555,-0.5));
#3064=CARTESIAN_POINT('Ctrl Pts',(-26.3513904329647,-7.7954823651023,-0.5));
#3065=CARTESIAN_POINT('Ctrl Pts',(-28.7347897339475,-9.32004310123714,-0.5));
#3066=CARTESIAN_POINT('Ctrl Pts',(-29.9127979212147,-10.9585750960647,-0.5));
#3067=CARTESIAN_POINT('Ctrl Pts',(-30.4363013021994,-12.9949254110534,-0.5));
#3068=CARTESIAN_POINT('Ctrl Pts',(-30.3474720196485,-14.4499306605719,-0.5));
#3069=CARTESIAN_POINT('Ctrl Pts',(-30.2071258514736,-15.1664040487948,-0.5));
#3070=CARTESIAN_POINT('Ctrl Pts',(-30.207125851473,-15.1664040487947,-0.5));
#3071=CARTESIAN_POINT('Ctrl Pts',(-29.9657838679548,-16.3984655357617,-0.5));
#3072=CARTESIAN_POINT('Ctrl Pts',(-30.2179529328908,-19.0036719307276,-0.5));
#3073=CARTESIAN_POINT('Ctrl Pts',(-32.6729333985527,-22.069521534061,-0.5));
#3074=CARTESIAN_POINT('Ctrl Pts',(-36.4083592450475,-23.2908483769017,-0.5));
#3075=CARTESIAN_POINT('Ctrl Pts',(-40.1991784235026,-22.2627447005151,-0.5));
#3076=CARTESIAN_POINT('Ctrl Pts',(-42.8147174965788,-19.3318048448221,-0.5));
#3077=CARTESIAN_POINT('Ctrl Pts',(-43.3907115307571,-15.4446174593644,-0.5));
#3078=CARTESIAN_POINT('Ctrl Pts',(-42.2967073280693,-13.0673435493166,-0.5));
#3079=CARTESIAN_POINT('Ctrl Pts',(-41.467802037702,-12.1244026814585,-0.5));
#3080=CARTESIAN_POINT('Ctrl Pts',(-30.207125851473,-15.1664040487947,-0.612199737628207));
#3081=CARTESIAN_POINT('Ctrl Pts',(-29.9657780109998,-16.3984954357754,-0.612199737628207));
#3082=CARTESIAN_POINT('Ctrl Pts',(-30.2179155549922,-19.0036661482116,-0.612199737628207));
#3083=CARTESIAN_POINT('Ctrl Pts',(-32.6729227618729,-22.0695622991549,-0.612199737628207));
#3084=CARTESIAN_POINT('Ctrl Pts',(-36.4083553427393,-23.2908967236256,-0.612199737628207));
#3085=CARTESIAN_POINT('Ctrl Pts',(-40.1991924154812,-22.2627670211544,-0.612199737628207));
#3086=CARTESIAN_POINT('Ctrl Pts',(-42.8147621993126,-19.3318345652704,-0.612199737628207));
#3087=CARTESIAN_POINT('Ctrl Pts',(-43.3907319791478,-15.4445977668139,-0.612199737628207));
#3088=CARTESIAN_POINT('Ctrl Pts',(-42.2967274441754,-13.06736643287,-0.612199737628206));
#3089=CARTESIAN_POINT('Ctrl Pts',(-41.467802037702,-12.1244026814585,-0.612199737628206));
#3090=CARTESIAN_POINT('Ctrl Pts',(-30.2083678671437,-15.1666473406504,-0.8342853964063));
#3091=CARTESIAN_POINT('Ctrl Pts',(-29.9670679176568,-16.3984942420304,-0.8342853964063));
#3092=CARTESIAN_POINT('Ctrl Pts',(-30.2191612004193,-19.0031631703947,-0.8342853964063));
#3093=CARTESIAN_POINT('Ctrl Pts',(-32.6736862911226,-22.0684552218738,-0.834285396406301));
#3094=CARTESIAN_POINT('Ctrl Pts',(-36.4083905105811,-23.2895506770042,-0.834285396406301));
#3095=CARTESIAN_POINT('Ctrl Pts',(-40.1984867230713,-22.2616251526637,-0.834285396406301));
#3096=CARTESIAN_POINT('Ctrl Pts',(-42.8135425188705,-19.3312622463607,-0.8342853964063));
#3097=CARTESIAN_POINT('Ctrl Pts',(-43.3894038697689,-15.444789910541,-0.8342853964063));
#3098=CARTESIAN_POINT('Ctrl Pts',(-42.2956124001968,-13.0680149215243,-0.8342853964063));
#3099=CARTESIAN_POINT('Ctrl Pts',(-41.4668514785401,-12.1252382837162,-0.8342853964063));
#3100=CARTESIAN_POINT('Ctrl Pts',(-30.2806370755111,-15.1808037721915,-1.16474747030161));
#3101=CARTESIAN_POINT('Ctrl Pts',(-30.0420786289839,-16.3986551798587,-1.16474747030161));
#3102=CARTESIAN_POINT('Ctrl Pts',(-30.2913535934568,-18.973851825032,-1.16474747030161));
#3103=CARTESIAN_POINT('Ctrl Pts',(-32.7180318314556,-22.0043517987482,-1.16474747030161));
#3104=CARTESIAN_POINT('Ctrl Pts',(-36.4104067532673,-23.211600757892,-1.16474747030161));
#3105=CARTESIAN_POINT('Ctrl Pts',(-40.1575323915909,-22.1953552061767,-1.16474747030161));
#3106=CARTESIAN_POINT('Ctrl Pts',(-42.7429173937396,-19.2981897210065,-1.16474747030161));
#3107=CARTESIAN_POINT('Ctrl Pts',(-43.3122826914933,-15.4558184407482,-1.16474747030161));
#3108=CARTESIAN_POINT('Ctrl Pts',(-42.2308863052082,-13.1059248851525,-1.16474747030161));
#3109=CARTESIAN_POINT('Ctrl Pts',(-41.4115412600338,-12.1738595009039,-1.16474747030161));
#3110=CARTESIAN_POINT('Ctrl Pts',(-30.4538689667179,-15.2147372476509,-1.48013398660091));
#3111=CARTESIAN_POINT('Ctrl Pts',(-30.2218588732263,-16.3991590238021,-1.48013398660091));
#3112=CARTESIAN_POINT('Ctrl Pts',(-30.4642537564498,-18.9035686419885,-1.48013398660091));
#3113=CARTESIAN_POINT('Ctrl Pts',(-32.8242876837889,-21.8508545629788,-1.48013398660091));
#3114=CARTESIAN_POINT('Ctrl Pts',(-36.415224349923,-23.0249429119283,-1.48013398660091));
#3115=CARTESIAN_POINT('Ctrl Pts',(-40.0594186383401,-22.036591901919,-1.48013398660091));
#3116=CARTESIAN_POINT('Ctrl Pts',(-42.5738029528326,-19.2190310495752,-1.48013398660091));
#3117=CARTESIAN_POINT('Ctrl Pts',(-43.1275012012374,-15.4821764616262,-1.48013398660091));
#3118=CARTESIAN_POINT('Ctrl Pts',(-42.075814963173,-13.1968867945323,-1.48013398660091));
#3119=CARTESIAN_POINT('Ctrl Pts',(-41.2789606773574,-12.2904063068876,-1.48013398660091));
#3120=CARTESIAN_POINT('Ctrl Pts',(-30.7173285944457,-15.2663449553874,-1.7487581294366));
#3121=CARTESIAN_POINT('Ctrl Pts',(-30.4952893394142,-16.3998651607457,-1.7487581294366));
#3122=CARTESIAN_POINT('Ctrl Pts',(-30.7272840486043,-18.7966901307903,-1.7487581294366));
#3123=CARTESIAN_POINT('Ctrl Pts',(-32.9859082312564,-21.6173263899556,-1.7487581294366));
#3124=CARTESIAN_POINT('Ctrl Pts',(-36.4225590373657,-22.7409671949829,-1.7487581294366));
#3125=CARTESIAN_POINT('Ctrl Pts',(-39.9101742497858,-21.7950919263247,-1.7487581294366));
#3126=CARTESIAN_POINT('Ctrl Pts',(-42.3165154426101,-19.0985828543802,-1.7487581294366));
#3127=CARTESIAN_POINT('Ctrl Pts',(-42.8464352469876,-15.5223026483311,-1.7487581294366));
#3128=CARTESIAN_POINT('Ctrl Pts',(-41.8399343399998,-13.3351801424581,-1.7487581294366));
#3129=CARTESIAN_POINT('Ctrl Pts',(-41.0773255701463,-12.4676564535174,-1.7487581294366));
#3130=CARTESIAN_POINT('Ctrl Pts',(-31.0267077886694,-15.3269476032122,-1.92483608127314));
#3131=CARTESIAN_POINT('Ctrl Pts',(-30.8163775441088,-16.4006927928796,-1.92483608127314));
#3132=CARTESIAN_POINT('Ctrl Pts',(-31.0361610523261,-18.6711835876247,-1.92483608127314));
#3133=CARTESIAN_POINT('Ctrl Pts',(-33.1756989149992,-21.3430933836809,-1.92483608127314));
#3134=CARTESIAN_POINT('Ctrl Pts',(-36.4311723268434,-22.4074935140934,-1.92483608127314));
#3135=CARTESIAN_POINT('Ctrl Pts',(-39.7349166441282,-21.5114986510902,-1.92483608127314));
#3136=CARTESIAN_POINT('Ctrl Pts',(-42.0143817689663,-18.9571396290163,-1.92483608127314));
#3137=CARTESIAN_POINT('Ctrl Pts',(-42.5163799592414,-15.5694236500573,-1.92483608127314));
#3138=CARTESIAN_POINT('Ctrl Pts',(-41.5629399559966,-13.4975760518881,-1.92483608127314));
#3139=CARTESIAN_POINT('Ctrl Pts',(-40.8405465708963,-12.6758003274509,-1.92483608127314));
#3140=CARTESIAN_POINT('Ctrl Pts',(-31.3511959806631,-15.3905098723947,-1.99899082227727));
#3141=CARTESIAN_POINT('Ctrl Pts',(-31.1531380629678,-16.4016042912933,-1.99899082227727));
#3142=CARTESIAN_POINT('Ctrl Pts',(-31.3600682148769,-18.5395393413022,-1.99899082227727));
#3143=CARTESIAN_POINT('Ctrl Pts',(-33.3747428558018,-21.0555270321662,-1.99899082227727));
#3144=CARTESIAN_POINT('Ctrl Pts',(-36.4402005888212,-22.057804397458,-1.99899082227727));
#3145=CARTESIAN_POINT('Ctrl Pts',(-39.5511204016889,-21.2140881062357,-1.99899082227727));
#3146=CARTESIAN_POINT('Ctrl Pts',(-41.6975579008453,-18.8088319979283,-1.99899082227727));
#3147=CARTESIAN_POINT('Ctrl Pts',(-42.1702356391295,-15.6188172615122,-1.99899082227727));
#3148=CARTESIAN_POINT('Ctrl Pts',(-41.2724473657402,-13.6679360615669,-1.99899082227727));
#3149=CARTESIAN_POINT('Ctrl Pts',(-40.5922041134744,-12.8941092201893,-1.99899082227727));
#3150=CARTESIAN_POINT('Ctrl Pts',(-31.569043128532,-15.4331827936139,-2.));
#3151=CARTESIAN_POINT('Ctrl Pts',(-31.3792326758401,-16.4021735393449,-2.));
#3152=CARTESIAN_POINT('Ctrl Pts',(-31.5775786541957,-18.4511674214954,-2.));
#3153=CARTESIAN_POINT('Ctrl Pts',(-33.5083874197156,-20.8624093840177,-2.));
#3154=CARTESIAN_POINT('Ctrl Pts',(-36.4462673399694,-21.8229694227646,-2.));
#3155=CARTESIAN_POINT('Ctrl Pts',(-39.4277076832754,-21.0143878336862,-2.));
#3156=CARTESIAN_POINT('Ctrl Pts',(-41.4847924163116,-18.7092223199774,-2.));
#3157=CARTESIAN_POINT('Ctrl Pts',(-41.9378203194074,-15.6520060845712,-2.));
#3158=CARTESIAN_POINT('Ctrl Pts',(-41.0773946523436,-13.7822756304387,-1.99999999999999));
#3159=CARTESIAN_POINT('Ctrl Pts',(-40.4254778738794,-13.0406722410045,-1.99999999999999));
#3160=CARTESIAN_POINT('Ctrl Pts',(-31.6791502997875,-15.4547511028188,-1.99999999999999));
#3161=CARTESIAN_POINT('Ctrl Pts',(-31.4935026201581,-16.4024907081781,-1.99999999999999));
#3162=CARTESIAN_POINT('Ctrl Pts',(-31.6874788239551,-18.4064956273827,-2.));
#3163=CARTESIAN_POINT('Ctrl Pts',(-33.5759253360027,-20.7648414761007,-2.));
#3164=CARTESIAN_POINT('Ctrl Pts',(-36.4493298333065,-21.7043236629013,-2.));
#3165=CARTESIAN_POINT('Ctrl Pts',(-39.3653445859643,-20.9134746810655,-2.));
#3166=CARTESIAN_POINT('Ctrl Pts',(-41.3772977191,-18.6589055613016,-1.99999999999999));
#3167=CARTESIAN_POINT('Ctrl Pts',(-41.8203700530832,-15.6687614186417,-1.99999999999999));
#3168=CARTESIAN_POINT('Ctrl Pts',(-40.978828358708,-13.8400891801433,-1.99999999999999));
#3169=CARTESIAN_POINT('Ctrl Pts',(-40.3412089045793,-13.1147500510217,-1.99999999999999));
#3170=CARTESIAN_POINT('Origin',(-36.5858984608364,-16.4159079495661,-0.5));
#3171=CARTESIAN_POINT('Ctrl Pts',(-0.330759215190338,6.49157903299082,-2.));
#3172=CARTESIAN_POINT('Ctrl Pts',(-0.330759215190338,6.49157903299082,2.));
#3173=CARTESIAN_POINT('Ctrl Pts',(-0.59782367234062,6.47797155323846,-2.));
#3174=CARTESIAN_POINT('Ctrl Pts',(-0.59782367234062,6.47797155323846,2.));
#3175=CARTESIAN_POINT('Ctrl Pts',(-1.15943448411732,6.46182108654827,-2.));
#3176=CARTESIAN_POINT('Ctrl Pts',(-1.15943448411732,6.46182108654827,2.));
#3177=CARTESIAN_POINT('Ctrl Pts',(-2.08429371705238,6.47079140941172,-2.));
#3178=CARTESIAN_POINT('Ctrl Pts',(-2.08429371705238,6.47079140941172,2.));
#3179=CARTESIAN_POINT('Ctrl Pts',(-3.46348587934289,6.57401767797202,-2.));
#3180=CARTESIAN_POINT('Ctrl Pts',(-3.46348587934289,6.57401767797202,2.));
#3181=CARTESIAN_POINT('Ctrl Pts',(-5.32567939806643,6.98555541631023,-2.));
#3182=CARTESIAN_POINT('Ctrl Pts',(-5.32567939806643,6.98555541631023,2.));
#3183=CARTESIAN_POINT('Ctrl Pts',(-7.19706976045255,7.82305095394763,-2.));
#3184=CARTESIAN_POINT('Ctrl Pts',(-7.19706976045255,7.82305095394763,2.));
#3185=CARTESIAN_POINT('Ctrl Pts',(-8.9582452117873,9.18755559415455,-2.));
#3186=CARTESIAN_POINT('Ctrl Pts',(-8.9582452117873,9.18755559415455,2.));
#3187=CARTESIAN_POINT('Ctrl Pts',(-10.5330839231067,11.0800509796033,-2.));
#3188=CARTESIAN_POINT('Ctrl Pts',(-10.5330839231067,11.0800509796033,2.));
#3189=CARTESIAN_POINT('Ctrl Pts',(-11.8782329113808,13.4293553136706,-2.));
#3190=CARTESIAN_POINT('Ctrl Pts',(-11.8782329113808,13.4293553136706,2.));
#3191=CARTESIAN_POINT('Ctrl Pts',(-12.9737317335568,16.1170654216178,-2.));
#3192=CARTESIAN_POINT('Ctrl Pts',(-12.9737317335568,16.1170654216178,2.));
#3193=CARTESIAN_POINT('Ctrl Pts',(-13.8146012078088,19.0009104200414,-2.));
#3194=CARTESIAN_POINT('Ctrl Pts',(-13.8146012078088,19.0009104200414,2.));
#3195=CARTESIAN_POINT('Ctrl Pts',(-14.4036564642262,21.9353822009071,-2.));
#3196=CARTESIAN_POINT('Ctrl Pts',(-14.4036564642262,21.9353822009071,2.));
#3197=CARTESIAN_POINT('Ctrl Pts',(-14.7444034017874,24.7951673192609,-2.));
#3198=CARTESIAN_POINT('Ctrl Pts',(-14.7444034017874,24.7951673192609,2.));
#3199=CARTESIAN_POINT('Ctrl Pts',(-14.8368413723265,27.488237483395,-2.));
#3200=CARTESIAN_POINT('Ctrl Pts',(-14.8368413723265,27.488237483395,2.));
#3201=CARTESIAN_POINT('Ctrl Pts',(-14.6785448268832,29.9475982647448,-2.));
#3202=CARTESIAN_POINT('Ctrl Pts',(-14.6785448268832,29.9475982647448,2.));
#3203=CARTESIAN_POINT('Ctrl Pts',(-14.3479605063755,31.6924399577788,-2.));
#3204=CARTESIAN_POINT('Ctrl Pts',(-14.3479605063755,31.6924399577788,2.));
#3205=CARTESIAN_POINT('Ctrl Pts',(-13.9833482647437,32.8642793059214,-2.));
#3206=CARTESIAN_POINT('Ctrl Pts',(-13.9833482647437,32.8642793059214,2.));
#3207=CARTESIAN_POINT('Ctrl Pts',(-13.6880986731214,33.5836068170595,-2.));
#3208=CARTESIAN_POINT('Ctrl Pts',(-13.6880986731214,33.5836068170595,2.));
#3209=CARTESIAN_POINT('Ctrl Pts',(-13.5274301345237,33.9277954170366,-2.));
#3210=CARTESIAN_POINT('Ctrl Pts',(-13.5274301345237,33.9277954170366,2.));
#3211=CARTESIAN_POINT('',(-13.5274301345237,33.9277954170366,0.5));
#3212=CARTESIAN_POINT('',(-13.5274301345237,33.9277954170366,0.));
#3213=CARTESIAN_POINT('',(-0.330759215190337,6.49157903299087,0.5));
#3214=CARTESIAN_POINT('Ctrl Pts',(-0.330759215190338,6.49157903299082,0.5));
#3215=CARTESIAN_POINT('Ctrl Pts',(-1.16055052903063,6.44929947013827,0.5));
#3216=CARTESIAN_POINT('Ctrl Pts',(-2.87040617086656,6.48738669928535,0.5));
#3217=CARTESIAN_POINT('Ctrl Pts',(-5.26375634461621,6.96653284172051,0.5));
#3218=CARTESIAN_POINT('Ctrl Pts',(-7.40927366917726,7.98227885660144,0.5));
#3219=CARTESIAN_POINT('Ctrl Pts',(-9.86298385029557,10.0566407105423,0.5));
#3220=CARTESIAN_POINT('Ctrl Pts',(-12.1137851873669,13.6749162039082,0.5));
#3221=CARTESIAN_POINT('Ctrl Pts',(-13.7970684549815,18.6647529144151,0.5));
#3222=CARTESIAN_POINT('Ctrl Pts',(-14.7341311009607,23.8930889332786,0.5));
#3223=CARTESIAN_POINT('Ctrl Pts',(-14.8910197581879,29.1614259085575,0.5));
#3224=CARTESIAN_POINT('Ctrl Pts',(-14.200875385168,32.4851223212114,0.5));
#3225=CARTESIAN_POINT('Ctrl Pts',(-13.5274301345237,33.9277954170366,0.5));
#3226=CARTESIAN_POINT('',(-0.330759215190337,6.49157903299087,0.));
#3227=CARTESIAN_POINT('Origin',(-19.4173110385452,36.6772140713057,0.));
#3228=CARTESIAN_POINT('',(-25.3970323844543,34.1290907176827,0.5));
#3229=CARTESIAN_POINT('',(-25.3970323844543,34.1290907176827,0.));
#3230=CARTESIAN_POINT('Origin',(-19.4173110385452,36.6772140713057,0.5));
#3231=CARTESIAN_POINT('Ctrl Pts',(-25.3970323844543,34.1290907176827,-2.));
#3232=CARTESIAN_POINT('Ctrl Pts',(-25.3970323844543,34.1290907176827,2.));
#3233=CARTESIAN_POINT('Ctrl Pts',(-25.3671344045822,34.0589286557924,-2.));
#3234=CARTESIAN_POINT('Ctrl Pts',(-25.3671344045822,34.0589286557924,2.));
#3235=CARTESIAN_POINT('Ctrl Pts',(-25.303215693244,33.7657837398939,-2.));
#3236=CARTESIAN_POINT('Ctrl Pts',(-25.303215693244,33.7657837398939,2.));
#3237=CARTESIAN_POINT('Ctrl Pts',(-25.1950345655727,32.8676592548528,-2.));
#3238=CARTESIAN_POINT('Ctrl Pts',(-25.1950345655727,32.8676592548528,2.));
#3239=CARTESIAN_POINT('Ctrl Pts',(-25.090569526367,30.8351362729622,-2.));
#3240=CARTESIAN_POINT('Ctrl Pts',(-25.090569526367,30.8351362729622,2.));
#3241=CARTESIAN_POINT('Ctrl Pts',(-25.3522041132401,27.3522564782943,-2.));
#3242=CARTESIAN_POINT('Ctrl Pts',(-25.3522041132401,27.3522564782943,2.));
#3243=CARTESIAN_POINT('Ctrl Pts',(-26.3287460364947,23.4553952308241,-2.));
#3244=CARTESIAN_POINT('Ctrl Pts',(-26.3287460364947,23.4553952308241,2.));
#3245=CARTESIAN_POINT('Ctrl Pts',(-28.1979496946394,19.6098069275881,-2.));
#3246=CARTESIAN_POINT('Ctrl Pts',(-28.1979496946394,19.6098069275881,2.));
#3247=CARTESIAN_POINT('Ctrl Pts',(-30.7812000204067,16.0275800890332,-2.));
#3248=CARTESIAN_POINT('Ctrl Pts',(-30.7812000204067,16.0275800890332,2.));
#3249=CARTESIAN_POINT('Ctrl Pts',(-33.5960855007307,12.6748874822308,-2.));
#3250=CARTESIAN_POINT('Ctrl Pts',(-33.5960855007307,12.6748874822308,2.));
#3251=CARTESIAN_POINT('Ctrl Pts',(-36.0747492099076,9.40237303505714,-2.));
#3252=CARTESIAN_POINT('Ctrl Pts',(-36.0747492099076,9.40237303505714,2.));
#3253=CARTESIAN_POINT('Ctrl Pts',(-37.7271480417977,6.03334118530359,-2.));
#3254=CARTESIAN_POINT('Ctrl Pts',(-37.7271480417977,6.03334118530359,2.));
#3255=CARTESIAN_POINT('Ctrl Pts',(-38.3293466767107,2.46810810458046,-2.));
#3256=CARTESIAN_POINT('Ctrl Pts',(-38.3293466767107,2.46810810458046,2.));
#3257=CARTESIAN_POINT('Ctrl Pts',(-38.1069265002246,-1.21928633991301,-2.));
#3258=CARTESIAN_POINT('Ctrl Pts',(-38.1069265002246,-1.21928633991301,2.));
#3259=CARTESIAN_POINT('Ctrl Pts',(-37.9703906396007,-4.65874035438372,-2.));
#3260=CARTESIAN_POINT('Ctrl Pts',(-37.9703906396007,-4.65874035438372,2.));
#3261=CARTESIAN_POINT('Ctrl Pts',(-38.3314900055306,-7.68926303865549,-2.));
#3262=CARTESIAN_POINT('Ctrl Pts',(-38.3314900055306,-7.68926303865549,2.));
#3263=CARTESIAN_POINT('Ctrl Pts',(-39.1996668500559,-9.71780667176943,-2.));
#3264=CARTESIAN_POINT('Ctrl Pts',(-39.1996668500559,-9.71780667176943,2.));
#3265=CARTESIAN_POINT('Ctrl Pts',(-40.1987722466981,-11.0099123984755,-2.));
#3266=CARTESIAN_POINT('Ctrl Pts',(-40.1987722466981,-11.0099123984755,2.));
#3267=CARTESIAN_POINT('Ctrl Pts',(-41.0191226814318,-11.7698260550343,-2.));
#3268=CARTESIAN_POINT('Ctrl Pts',(-41.0191226814318,-11.7698260550343,2.));
#3269=CARTESIAN_POINT('Ctrl Pts',(-41.4678248049007,-12.1244285809638,-2.));
#3270=CARTESIAN_POINT('Ctrl Pts',(-41.4678248049007,-12.1244285809638,2.));
#3271=CARTESIAN_POINT('',(-41.4678248049007,-12.1244285809638,0.5));
#3272=CARTESIAN_POINT('',(-41.4678248049007,-12.1244285809638,0.));
#3273=CARTESIAN_POINT('Ctrl Pts',(-25.3970323844543,34.1290907176827,0.5));
#3274=CARTESIAN_POINT('Ctrl Pts',(-25.3925009536481,34.1184567373924,0.5));
#3275=CARTESIAN_POINT('Ctrl Pts',(-25.3809200816003,34.0887792591031,0.5));
#3276=CARTESIAN_POINT('Ctrl Pts',(-25.343561924239,33.9385506208056,0.5));
#3277=CARTESIAN_POINT('Ctrl Pts',(-25.2762291108097,33.4925483935188,0.5));
#3278=CARTESIAN_POINT('Ctrl Pts',(-25.1895959418005,32.4844152808653,0.5));
#3279=CARTESIAN_POINT('Ctrl Pts',(-25.1478153124143,30.4142117699212,0.499999999999999));
#3280=CARTESIAN_POINT('Ctrl Pts',(-25.4945958738468,26.2712089044418,0.5));
#3281=CARTESIAN_POINT('Ctrl Pts',(-27.1336671460408,21.4256024347769,0.499999999999999));
#3282=CARTESIAN_POINT('Ctrl Pts',(-29.7872831287893,17.4288502297485,0.5));
#3283=CARTESIAN_POINT('Ctrl Pts',(-32.2979365395797,14.1924030292001,0.5));
#3284=CARTESIAN_POINT('Ctrl Pts',(-34.4516027214277,11.5950890170503,0.5));
#3285=CARTESIAN_POINT('Ctrl Pts',(-36.281793642191,8.78468856996025,0.5));
#3286=CARTESIAN_POINT('Ctrl Pts',(-37.2785233534513,6.68312931556384,0.5));
#3287=CARTESIAN_POINT('Ctrl Pts',(-37.8883694758313,4.63810182900616,0.5));
#3288=CARTESIAN_POINT('Ctrl Pts',(-38.162865367443,2.54685422424994,0.5));
#3289=CARTESIAN_POINT('Ctrl Pts',(-38.1920682002848,-0.136697343356811,
0.5));
#3290=CARTESIAN_POINT('Ctrl Pts',(-38.0072840678961,-3.23734998007095,0.5));
#3291=CARTESIAN_POINT('Ctrl Pts',(-38.1691909224075,-6.74029257540703,0.5));
#3292=CARTESIAN_POINT('Ctrl Pts',(-39.0298036789424,-9.32609744093658,0.5));
#3293=CARTESIAN_POINT('Ctrl Pts',(-40.1093381820681,-10.8351494589008,0.5));
#3294=CARTESIAN_POINT('Ctrl Pts',(-40.7543566967564,-11.5074501870379,0.5));
#3295=CARTESIAN_POINT('Ctrl Pts',(-41.1025332728653,-11.8225193161921,0.5));
#3296=CARTESIAN_POINT('Ctrl Pts',(-41.2828958100083,-11.974996372803,0.5));
#3297=CARTESIAN_POINT('Ctrl Pts',(-41.3738189790938,-12.0493161284976,0.5));
#3298=CARTESIAN_POINT('Ctrl Pts',(-41.4271916854921,-12.0922003171824,0.5));
#3299=CARTESIAN_POINT('Ctrl Pts',(-41.4524345845542,-12.1122659154429,0.5));
#3300=CARTESIAN_POINT('Ctrl Pts',(-41.4678248049252,-12.1244285809826,0.5));
#3301=CARTESIAN_POINT('Ctrl Pts',(-41.467802037702,-12.1244026814585,0.5));
#3302=CARTESIAN_POINT('Ctrl Pts',(-42.2967073280693,-13.0673435493165,0.5));
#3303=CARTESIAN_POINT('Ctrl Pts',(-43.393305827471,-15.4457402756506,0.5));
#3304=CARTESIAN_POINT('Ctrl Pts',(-42.811123691758,-19.3295881070503,0.5));
#3305=CARTESIAN_POINT('Ctrl Pts',(-40.2012645611208,-22.2662583957032,0.5));
#3306=CARTESIAN_POINT('Ctrl Pts',(-36.4079835236568,-23.28678554371,0.5));
#3307=CARTESIAN_POINT('Ctrl Pts',(-32.6726988866966,-22.0716246080017,0.5));
#3308=CARTESIAN_POINT('Ctrl Pts',(-30.2176005828702,-19.0032291710461,0.5));
#3309=CARTESIAN_POINT('Ctrl Pts',(-29.9657838679548,-16.3984655357617,0.5));
#3310=CARTESIAN_POINT('Ctrl Pts',(-30.207125851473,-15.1664040487947,0.5));
#3311=CARTESIAN_POINT('Ctrl Pts',(-41.467802037702,-12.1244026814585,0.612199737628207));
#3312=CARTESIAN_POINT('Ctrl Pts',(-42.2967274441754,-13.06736643287,0.612199737628207));
#3313=CARTESIAN_POINT('Ctrl Pts',(-43.3933456388732,-15.4457127193359,0.612199737628207));
#3314=CARTESIAN_POINT('Ctrl Pts',(-42.8111466569651,-19.3296070298656,0.612199737628207));
#3315=CARTESIAN_POINT('Ctrl Pts',(-40.2012923975901,-22.2663020555954,0.612199737628207));
#3316=CARTESIAN_POINT('Ctrl Pts',(-36.4079819750792,-23.2868100763077,0.612199737628207));
#3317=CARTESIAN_POINT('Ctrl Pts',(-32.6726753008302,-22.0716737239374,0.612199737628207));
#3318=CARTESIAN_POINT('Ctrl Pts',(-30.2175728821532,-19.0032220410668,0.612199737628207));
#3319=CARTESIAN_POINT('Ctrl Pts',(-29.9657780109998,-16.3984954357754,0.612199737628207));
#3320=CARTESIAN_POINT('Ctrl Pts',(-30.207125851473,-15.1664040487947,0.612199737628207));
#3321=CARTESIAN_POINT('Ctrl Pts',(-41.4668514785401,-12.1252382837162,0.834285396406301));
#3322=CARTESIAN_POINT('Ctrl Pts',(-42.2956124001968,-13.0680149215242,0.834285396406301));
#3323=CARTESIAN_POINT('Ctrl Pts',(-43.3920140519282,-15.4459058516101,0.8342853964063));
#3324=CARTESIAN_POINT('Ctrl Pts',(-42.8099310132174,-19.3290368001303,0.834285396406301));
#3325=CARTESIAN_POINT('Ctrl Pts',(-40.2005841737099,-22.2651562271478,0.8342853964063));
#3326=CARTESIAN_POINT('Ctrl Pts',(-36.4080168547553,-23.2854684764857,0.834285396406301));
#3327=CARTESIAN_POINT('Ctrl Pts',(-32.67344086358,-22.070564955222,0.8342853964063));
#3328=CARTESIAN_POINT('Ctrl Pts',(-30.2188171106361,-19.0027193563099,0.834285396406301));
#3329=CARTESIAN_POINT('Ctrl Pts',(-29.9670679176568,-16.3984942420304,0.8342853964063));
#3330=CARTESIAN_POINT('Ctrl Pts',(-30.2083678671437,-15.1666473406504,0.8342853964063));
#3331=CARTESIAN_POINT('Ctrl Pts',(-41.4115412600338,-12.1738595009038,1.16474747030161));
#3332=CARTESIAN_POINT('Ctrl Pts',(-42.2308863052082,-13.1059248851525,1.16474747030161));
#3333=CARTESIAN_POINT('Ctrl Pts',(-43.3148397285137,-15.4569313072233,1.16474747030161));
#3334=CARTESIAN_POINT('Ctrl Pts',(-42.7393732701219,-19.2960026351221,1.16474747030161));
#3335=CARTESIAN_POINT('Ctrl Pts',(-40.1595892239434,-22.1988202948029,1.16474747030161));
#3336=CARTESIAN_POINT('Ctrl Pts',(-36.4100344668992,-23.2075938007055,1.16474747030161));
#3337=CARTESIAN_POINT('Ctrl Pts',(-32.7178049456694,-22.0064274610098,1.16474747030161));
#3338=CARTESIAN_POINT('Ctrl Pts',(-30.2910016246343,-18.9734146801948,1.16474747030161));
#3339=CARTESIAN_POINT('Ctrl Pts',(-30.0420786289839,-16.3986551798587,1.16474747030161));
#3340=CARTESIAN_POINT('Ctrl Pts',(-30.2806370755111,-15.1808037721915,1.16474747030161));
#3341=CARTESIAN_POINT('Ctrl Pts',(-41.2789606773574,-12.2904063068876,1.48013398660091));
#3342=CARTESIAN_POINT('Ctrl Pts',(-42.075814963173,-13.1968867945323,1.48013398660091));
#3343=CARTESIAN_POINT('Ctrl Pts',(-43.1300073087608,-15.4832509054918,1.48013398660091));
#3344=CARTESIAN_POINT('Ctrl Pts',(-42.5703345084989,-19.2168932767626,1.48013398660091));
#3345=CARTESIAN_POINT('Ctrl Pts',(-40.0614327767917,-22.0399830852321,1.48013398660091));
#3346=CARTESIAN_POINT('Ctrl Pts',(-36.4148646406848,-23.0210222776905,1.48013398660091));
#3347=CARTESIAN_POINT('Ctrl Pts',(-32.8240541090749,-21.8528815317061,1.48013398660091));
#3348=CARTESIAN_POINT('Ctrl Pts',(-30.4639211148674,-18.9031421626685,1.48013398660091));
#3349=CARTESIAN_POINT('Ctrl Pts',(-30.2218588732263,-16.3991590238021,1.48013398660091));
#3350=CARTESIAN_POINT('Ctrl Pts',(-30.4538689667179,-15.2147372476509,1.48013398660091));
#3351=CARTESIAN_POINT('Ctrl Pts',(-41.0773255701463,-12.4676564535174,1.7487581294366));
#3352=CARTESIAN_POINT('Ctrl Pts',(-41.8399343399998,-13.335180142458,1.7487581294366));
#3353=CARTESIAN_POINT('Ctrl Pts',(-42.8488249562132,-15.5233344725147,1.7487581294366));
#3354=CARTESIAN_POINT('Ctrl Pts',(-42.3132058128149,-19.0965417951417,1.7487581294366));
#3355=CARTESIAN_POINT('Ctrl Pts',(-39.9120956136939,-21.7983277940358,1.7487581294366));
#3356=CARTESIAN_POINT('Ctrl Pts',(-36.4222137223094,-22.7372257390783,1.7487581294366));
#3357=CARTESIAN_POINT('Ctrl Pts',(-32.9856905266338,-21.6192625082316,1.7487581294366));
#3358=CARTESIAN_POINT('Ctrl Pts',(-30.726961338441,-18.7962825820868,1.7487581294366));
#3359=CARTESIAN_POINT('Ctrl Pts',(-30.4952893394142,-16.3998651607457,1.7487581294366));
#3360=CARTESIAN_POINT('Ctrl Pts',(-30.7173285944457,-15.2663449553874,1.7487581294366));
#3361=CARTESIAN_POINT('Ctrl Pts',(-40.8405465708963,-12.6758003274509,1.92483608127314));
#3362=CARTESIAN_POINT('Ctrl Pts',(-41.5629399559965,-13.4975760518881,1.92483608127314));
#3363=CARTESIAN_POINT('Ctrl Pts',(-42.5186319589999,-15.5704058418839,1.92483608127314));
#3364=CARTESIAN_POINT('Ctrl Pts',(-42.0112597833206,-18.9552127107909,1.92483608127314));
#3365=CARTESIAN_POINT('Ctrl Pts',(-39.7367283315393,-21.5145510044879,1.92483608127314));
#3366=CARTESIAN_POINT('Ctrl Pts',(-36.4308437903709,-22.4039637252056,1.92483608127314));
#3367=CARTESIAN_POINT('Ctrl Pts',(-33.1755005310696,-21.3449223753211,1.92483608127314));
#3368=CARTESIAN_POINT('Ctrl Pts',(-31.0358494930097,-18.6707983402712,1.92483608127314));
#3369=CARTESIAN_POINT('Ctrl Pts',(-30.8163775441087,-16.4006927928796,1.92483608127314));
#3370=CARTESIAN_POINT('Ctrl Pts',(-31.0267077886694,-15.3269476032122,1.92483608127314));
#3371=CARTESIAN_POINT('Ctrl Pts',(-40.5922041134744,-12.8941092201892,1.99899082227728));
#3372=CARTESIAN_POINT('Ctrl Pts',(-41.2724473657402,-13.6679360615668,1.99899082227728));
#3373=CARTESIAN_POINT('Ctrl Pts',(-42.1723713405064,-15.6197359702986,1.99899082227727));
#3374=CARTESIAN_POINT('Ctrl Pts',(-41.6946011364978,-18.8070091049557,1.99899082227727));
#3375=CARTESIAN_POINT('Ctrl Pts',(-39.5528371737747,-21.2169789911276,1.99899082227727));
#3376=CARTESIAN_POINT('Ctrl Pts',(-36.4398930705387,-22.054462008428,1.99899082227727));
#3377=CARTESIAN_POINT('Ctrl Pts',(-33.3745459196956,-21.0572558000636,1.99899082227727));
#3378=CARTESIAN_POINT('Ctrl Pts',(-31.3597824128596,-18.5391755264235,1.99899082227727));
#3379=CARTESIAN_POINT('Ctrl Pts',(-31.1531380629678,-16.4016042912933,1.99899082227727));
#3380=CARTESIAN_POINT('Ctrl Pts',(-31.3511959806631,-15.3905098723947,1.99899082227727));
#3381=CARTESIAN_POINT('Ctrl Pts',(-40.4254778738793,-13.0406722410045,2.));
#3382=CARTESIAN_POINT('Ctrl Pts',(-41.0773946523436,-13.7822756304387,2.));
#3383=CARTESIAN_POINT('Ctrl Pts',(-41.9398502961314,-15.6528934017169,2.));
#3384=CARTESIAN_POINT('Ctrl Pts',(-41.4819776117138,-18.7074846821441,2.));
#3385=CARTESIAN_POINT('Ctrl Pts',(-39.4293409658441,-21.0171398469542,2.));
#3386=CARTESIAN_POINT('Ctrl Pts',(-36.4459705716598,-21.8197868482207,2.));
#3387=CARTESIAN_POINT('Ctrl Pts',(-33.5082099448042,-20.8640589425359,1.99999999999999));
#3388=CARTESIAN_POINT('Ctrl Pts',(-31.5772963271653,-18.4508199193845,2.));
#3389=CARTESIAN_POINT('Ctrl Pts',(-31.3792326758401,-16.4021735393449,1.99999999999999));
#3390=CARTESIAN_POINT('Ctrl Pts',(-31.569043128532,-15.4331827936139,2.));
#3391=CARTESIAN_POINT('Ctrl Pts',(-40.3412089045793,-13.1147500510217,2.));
#3392=CARTESIAN_POINT('Ctrl Pts',(-40.978828358708,-13.8400891801433,2.));
#3393=CARTESIAN_POINT('Ctrl Pts',(-41.8223656659401,-15.6696251234772,2.));
#3394=CARTESIAN_POINT('Ctrl Pts',(-41.3745332538531,-18.6572003784002,2.));
#3395=CARTESIAN_POINT('Ctrl Pts',(-39.3669493072091,-20.9161775235179,2.));
#3396=CARTESIAN_POINT('Ctrl Pts',(-36.4490408168521,-21.7011984066,2.));
#3397=CARTESIAN_POINT('Ctrl Pts',(-33.5757449422673,-20.7664592252859,1.99999999999999));
#3398=CARTESIAN_POINT('Ctrl Pts',(-31.6872077854777,-18.4061550430123,2.));
#3399=CARTESIAN_POINT('Ctrl Pts',(-31.4935026201581,-16.4024907081781,1.99999999999999));
#3400=CARTESIAN_POINT('Ctrl Pts',(-31.6791502997875,-15.4547511028188,1.99999999999999));
#3401=CARTESIAN_POINT('',(-30.207125851473,-15.1664040487947,0.5));
#3402=CARTESIAN_POINT('Origin',(-36.5858984608364,-16.4159079495661,0.5));
#3403=CARTESIAN_POINT('',(-31.6791502997875,-15.4547511028188,2.));
#3404=CARTESIAN_POINT('Ctrl Pts',(-30.207125851473,-15.1664040487947,0.5));
#3405=CARTESIAN_POINT('Ctrl Pts',(-30.207125851473,-15.1664040487947,0.612199737628207));
#3406=CARTESIAN_POINT('Ctrl Pts',(-30.2083678671437,-15.1666473406504,0.8342853964063));
#3407=CARTESIAN_POINT('Ctrl Pts',(-30.2806370755111,-15.1808037721915,1.16474747030161));
#3408=CARTESIAN_POINT('Ctrl Pts',(-30.4538689667179,-15.2147372476509,1.48013398660091));
#3409=CARTESIAN_POINT('Ctrl Pts',(-30.7173285944457,-15.2663449553874,1.7487581294366));
#3410=CARTESIAN_POINT('Ctrl Pts',(-31.0267077886694,-15.3269476032122,1.92483608127314));
#3411=CARTESIAN_POINT('Ctrl Pts',(-31.3511959806631,-15.3905098723947,1.99899082227727));
#3412=CARTESIAN_POINT('Ctrl Pts',(-31.569043128532,-15.4331827936139,2.));
#3413=CARTESIAN_POINT('Ctrl Pts',(-31.6791502997875,-15.4547511028188,1.99999999999999));
#3414=CARTESIAN_POINT('',(-40.4207134134309,-13.2074512677314,2.00000000000001));
#3415=CARTESIAN_POINT('Origin',(-36.5858984608364,-16.4159079495661,2.));
#3416=CARTESIAN_POINT('Ctrl Pts',(-40.4207134134408,-13.2074512677192,2.));
#3417=CARTESIAN_POINT('Ctrl Pts',(-40.4232857734158,-13.2048426681036,2.));
#3418=CARTESIAN_POINT('Ctrl Pts',(-40.4258537957414,-13.2022380700802,1.99999999959756));
#3419=CARTESIAN_POINT('Ctrl Pts',(-40.5909556934462,-13.034758879549,1.99996755390791));
#3420=CARTESIAN_POINT('Ctrl Pts',(-40.777220279661,-12.8441251765695,1.99795515897352));
#3421=CARTESIAN_POINT('Ctrl Pts',(-41.0912865167861,-12.5188849874437,1.76244027275366));
#3422=CARTESIAN_POINT('Ctrl Pts',(-41.1865494617979,-12.4194775690975,1.64133357274534));
#3423=CARTESIAN_POINT('Ctrl Pts',(-41.33399223075,-12.2652379558066,1.38651593566235));
#3424=CARTESIAN_POINT('Ctrl Pts',(-41.3887537458958,-12.207657893803,1.24281931966178));
#3425=CARTESIAN_POINT('Ctrl Pts',(-41.4678430193334,-12.1244458862845,0.876059126439379));
#3426=CARTESIAN_POINT('Ctrl Pts',(-41.4678248049007,-12.1244285809638,0.681828340641614));
#3427=CARTESIAN_POINT('Ctrl Pts',(-41.4678248049007,-12.1244285809638,0.499999999999999));
#3428=CARTESIAN_POINT('Ctrl Pts',(-30.2071258514736,-15.1664040487948,0.5));
#3429=CARTESIAN_POINT('Ctrl Pts',(-30.3474515848983,-14.4500349808747,0.5));
#3430=CARTESIAN_POINT('Ctrl Pts',(-30.4365052102744,-12.9946961330768,0.5));
#3431=CARTESIAN_POINT('Ctrl Pts',(-29.9128819862709,-10.9591283630606,0.5));
#3432=CARTESIAN_POINT('Ctrl Pts',(-28.7356298024431,-9.32043426242607,0.5));
#3433=CARTESIAN_POINT('Ctrl Pts',(-26.3566034683951,-7.79382252306051,0.5));
#3434=CARTESIAN_POINT('Ctrl Pts',(-22.3727671495426,-6.97816383328759,0.5));
#3435=CARTESIAN_POINT('Ctrl Pts',(-17.2537789803841,-6.54668118959873,0.5));
#3436=CARTESIAN_POINT('Ctrl Pts',(-11.9326823971667,-5.69371450671169,0.5));
#3437=CARTESIAN_POINT('Ctrl Pts',(-7.85332884636271,-4.77304897129674,0.5));
#3438=CARTESIAN_POINT('Ctrl Pts',(-4.91517907672116,-5.02586921154753,0.5));
#3439=CARTESIAN_POINT('Ctrl Pts',(-3.51523124274143,-5.51948612849932,0.5));
#3440=CARTESIAN_POINT('Ctrl Pts',(-2.83489724716359,-5.84921854592766,0.5));
#3441=CARTESIAN_POINT('Ctrl Pts',(-30.2071258514736,-15.1664040487948,0.612199737628207));
#3442=CARTESIAN_POINT('Ctrl Pts',(-30.3474489228713,-14.45004857064,0.612199737628207));
#3443=CARTESIAN_POINT('Ctrl Pts',(-30.4364895894152,-12.9946910682037,0.612199737628207));
#3444=CARTESIAN_POINT('Ctrl Pts',(-29.9128632066382,-10.9591397758827,0.612199737628207));
#3445=CARTESIAN_POINT('Ctrl Pts',(-28.735620450571,-9.32045044300921,0.612199737628207));
#3446=CARTESIAN_POINT('Ctrl Pts',(-26.3566355062482,-7.7938576257402,0.612199737628207));
#3447=CARTESIAN_POINT('Ctrl Pts',(-22.3727827190424,-6.97816872137713,0.612199737628207));
#3448=CARTESIAN_POINT('Ctrl Pts',(-17.253784894637,-6.5466847027912,0.612199737628207));
#3449=CARTESIAN_POINT('Ctrl Pts',(-11.932665235387,-5.69371266922363,0.612199737628207));
#3450=CARTESIAN_POINT('Ctrl Pts',(-7.8532975327618,-4.77305448687667,0.612199737628207));
#3451=CARTESIAN_POINT('Ctrl Pts',(-4.915176257477,-5.02587643994023,0.612199737628207));
#3452=CARTESIAN_POINT('Ctrl Pts',(-3.51522124582416,-5.51949097363086,0.612199737628207));
#3453=CARTESIAN_POINT('Ctrl Pts',(-2.83489724716359,-5.84921854592766,0.612199737628207));
#3454=CARTESIAN_POINT('Ctrl Pts',(-30.2083645775414,-15.1666466962677,0.83428417550606));
#3455=CARTESIAN_POINT('Ctrl Pts',(-30.3487094157272,-14.4501800976977,0.83428417550606));
#3456=CARTESIAN_POINT('Ctrl Pts',(-30.4377696817995,-12.9945891444023,0.834284175506061));
#3457=CARTESIAN_POINT('Ctrl Pts',(-29.9140463957786,-10.9586072645174,0.834284175506061));
#3458=CARTESIAN_POINT('Ctrl Pts',(-28.7364992454351,-9.31949236687051,0.83428417550606));
#3459=CARTESIAN_POINT('Ctrl Pts',(-26.3570121096061,-7.7926128398571,0.83428417550606));
#3460=CARTESIAN_POINT('Ctrl Pts',(-22.3729136909504,-6.97692401959307,0.83428417550606));
#3461=CARTESIAN_POINT('Ctrl Pts',(-17.2539015070735,-6.54541876867108,0.83428417550606));
#3462=CARTESIAN_POINT('Ctrl Pts',(-11.9329634863794,-5.69249325856637,0.834284175506061));
#3463=CARTESIAN_POINT('Ctrl Pts',(-7.85347956837267,-4.77178460316449,0.83428417550606));
#3464=CARTESIAN_POINT('Ctrl Pts',(-4.914901497039,-5.02462162433888,0.83428417550606));
#3465=CARTESIAN_POINT('Ctrl Pts',(-3.51475246532565,-5.5183154668043,0.834284175506061));
#3466=CARTESIAN_POINT('Ctrl Pts',(-2.83434672415006,-5.84808265663788,0.834284175506061));
#3467=CARTESIAN_POINT('Ctrl Pts',(-30.2806354951722,-15.1808034626273,1.16474733807742));
#3468=CARTESIAN_POINT('Ctrl Pts',(-30.4222263656244,-14.457975814295,1.16474733807742));
#3469=CARTESIAN_POINT('Ctrl Pts',(-30.5123137501073,-12.9885971257769,1.16474733807742));
#3470=CARTESIAN_POINT('Ctrl Pts',(-29.982908477091,-10.927641479015,1.16474733807742));
#3471=CARTESIAN_POINT('Ctrl Pts',(-28.7876867356623,-9.26374069882332,1.16474733807742));
#3472=CARTESIAN_POINT('Ctrl Pts',(-26.3792719689047,-7.72030361130618,1.16474733807742));
#3473=CARTESIAN_POINT('Ctrl Pts',(-22.3806947973154,-6.90434835817555,1.16474733807742));
#3474=CARTESIAN_POINT('Ctrl Pts',(-17.2607581316003,-6.47159200325497,1.16474733807742));
#3475=CARTESIAN_POINT('Ctrl Pts',(-11.950210205563,-5.62133275732676,1.16474733807742));
#3476=CARTESIAN_POINT('Ctrl Pts',(-7.86381885163117,-4.69774538920904,1.16474733807742));
#3477=CARTESIAN_POINT('Ctrl Pts',(-4.89884584798711,-4.95147690999652,1.16474733807742));
#3478=CARTESIAN_POINT('Ctrl Pts',(-3.48731265753941,-5.44977645669177,1.16474733807742));
#3479=CARTESIAN_POINT('Ctrl Pts',(-2.80222759434429,-5.78181153872455,1.16474733807742));
#3480=CARTESIAN_POINT('Ctrl Pts',(-30.4538660425978,-15.2147366748605,1.48013378351576));
#3481=CARTESIAN_POINT('Ctrl Pts',(-30.5984331852971,-14.4767150252325,1.48013378351576));
#3482=CARTESIAN_POINT('Ctrl Pts',(-30.6909318166053,-12.974214670916,1.48013378351577));
#3483=CARTESIAN_POINT('Ctrl Pts',(-30.1478946820531,-10.8534623740863,1.48013378351577));
#3484=CARTESIAN_POINT('Ctrl Pts',(-28.9103445372974,-9.13016946725036,1.48013378351576));
#3485=CARTESIAN_POINT('Ctrl Pts',(-26.4327533594104,-7.54711861176084,1.48013378351576));
#3486=CARTESIAN_POINT('Ctrl Pts',(-22.3994067359781,-6.73040648187724,1.48013378351576));
#3487=CARTESIAN_POINT('Ctrl Pts',(-17.2772163369333,-6.29464589908368,1.48013378351576));
#3488=CARTESIAN_POINT('Ctrl Pts',(-11.9914827489554,-5.45075664313957,1.48013378351577));
#3489=CARTESIAN_POINT('Ctrl Pts',(-7.888479158266,-4.52029789077599,1.48013378351576));
#3490=CARTESIAN_POINT('Ctrl Pts',(-4.86035005523822,-4.77618019521319,1.48013378351577));
#3491=CARTESIAN_POINT('Ctrl Pts',(-3.42150139349822,-5.28551010670542,1.48013378351577));
#3492=CARTESIAN_POINT('Ctrl Pts',(-2.72523930332091,-5.62296227527284,1.48013378351577));
#3493=CARTESIAN_POINT('Ctrl Pts',(-30.717327231142,-15.2663446883371,1.74875886481639));
#3494=CARTESIAN_POINT('Ctrl Pts',(-30.8664261896469,-14.5051879188314,1.74875886481639));
#3495=CARTESIAN_POINT('Ctrl Pts',(-30.9626177754231,-12.9523508914467,1.74875886481639));
#3496=CARTESIAN_POINT('Ctrl Pts',(-30.3988546273343,-10.7406228915709,1.74875886481639));
#3497=CARTESIAN_POINT('Ctrl Pts',(-29.0969097311487,-8.92699278752013,1.74875886481639));
#3498=CARTESIAN_POINT('Ctrl Pts',(-26.5140279278864,-7.28365691499554,1.74875886481639));
#3499=CARTESIAN_POINT('Ctrl Pts',(-22.4278342164702,-6.46585373736597,1.74875886481639));
#3500=CARTESIAN_POINT('Ctrl Pts',(-17.3022353750903,-6.02552684689028,1.74875886481639));
#3501=CARTESIAN_POINT('Ctrl Pts',(-12.0542870488678,-5.19133615592141,1.74875886481639));
#3502=CARTESIAN_POINT('Ctrl Pts',(-7.92604653367506,-4.25041230241167,1.74875886481639));
#3503=CARTESIAN_POINT('Ctrl Pts',(-4.80180855310158,-4.50956226484635,1.74875886481639));
#3504=CARTESIAN_POINT('Ctrl Pts',(-3.32143087180328,-5.03567266785509,1.74875886481639));
#3505=CARTESIAN_POINT('Ctrl Pts',(-2.60815010076147,-5.38137315389505,1.74875886481639));
#3506=CARTESIAN_POINT('Ctrl Pts',(-31.0267076259843,-15.3269475713447,1.92483827110837));
#3507=CARTESIAN_POINT('Ctrl Pts',(-31.1811284116288,-14.5386226392037,1.92483827110837));
#3508=CARTESIAN_POINT('Ctrl Pts',(-31.2816573426795,-12.9266767161695,1.92483827110837));
#3509=CARTESIAN_POINT('Ctrl Pts',(-30.6935559803218,-10.6081157276837,1.92483827110837));
#3510=CARTESIAN_POINT('Ctrl Pts',(-29.3159922987506,-8.68840309424213,1.92483827110837));
#3511=CARTESIAN_POINT('Ctrl Pts',(-26.6094661878446,-6.97427392431814,1.92483827110837));
#3512=CARTESIAN_POINT('Ctrl Pts',(-22.461215495847,-6.15519125859656,1.92483827110837));
#3513=CARTESIAN_POINT('Ctrl Pts',(-17.3316146973768,-5.70950226733854,1.92483827110837));
#3514=CARTESIAN_POINT('Ctrl Pts',(-12.1280386200245,-4.88670082940438,1.92483827110837));
#3515=CARTESIAN_POINT('Ctrl Pts',(-7.97016338944277,-3.93348747145045,1.92483827110837));
#3516=CARTESIAN_POINT('Ctrl Pts',(-4.73306388962064,-4.19647452134618,1.92483827110837));
#3517=CARTESIAN_POINT('Ctrl Pts',(-3.20391941709933,-4.74229025885719,1.92483827110837));
#3518=CARTESIAN_POINT('Ctrl Pts',(-2.47065317409921,-5.09767695494265,1.92483827110837));
#3519=CARTESIAN_POINT('Ctrl Pts',(-31.351195734111,-15.390509824099,1.99899210315519));
#3520=CARTESIAN_POINT('Ctrl Pts',(-31.5111943781356,-14.5737096785297,1.99899210315519));
#3521=CARTESIAN_POINT('Ctrl Pts',(-31.6162537384334,-12.899741499635,1.99899210315519));
#3522=CARTESIAN_POINT('Ctrl Pts',(-31.0026211116171,-10.4691544375075,1.99899210315519));
#3523=CARTESIAN_POINT('Ctrl Pts',(-29.545759633577,-8.43818592214921,1.99899210315519));
#3524=CARTESIAN_POINT('Ctrl Pts',(-26.7096111803409,-6.64983379653902,1.99899210315519));
#3525=CARTESIAN_POINT('Ctrl Pts',(-22.4962493441023,-5.82936552005845,1.99899210315519));
#3526=CARTESIAN_POINT('Ctrl Pts',(-17.3624372181159,-5.37805059912274,1.99899210315519));
#3527=CARTESIAN_POINT('Ctrl Pts',(-12.2053668510022,-4.56718684744303,1.99899210315519));
#3528=CARTESIAN_POINT('Ctrl Pts',(-8.01638933668962,-3.60109448288783,1.99899210315519));
#3529=CARTESIAN_POINT('Ctrl Pts',(-4.66095820349027,-3.8681084675353,1.99899210315519));
#3530=CARTESIAN_POINT('Ctrl Pts',(-3.08065518437991,-4.43458835119232,1.99899210315519));
#3531=CARTESIAN_POINT('Ctrl Pts',(-2.32644197536242,-4.80012725749745,1.99899210315519));
#3532=CARTESIAN_POINT('Ctrl Pts',(-31.5690431285326,-15.433182793614,2.));
#3533=CARTESIAN_POINT('Ctrl Pts',(-31.7327903030753,-14.5972462341611,2.));
#3534=CARTESIAN_POINT('Ctrl Pts',(-31.8409096768213,-12.8816655726978,2.));
#3535=CARTESIAN_POINT('Ctrl Pts',(-31.210140958407,-10.3758455158718,2.));
#3536=CARTESIAN_POINT('Ctrl Pts',(-29.7000288991297,-8.27017777634751,2.));
#3537=CARTESIAN_POINT('Ctrl Pts',(-26.7767985499903,-6.43196856218294,2.));
#3538=CARTESIAN_POINT('Ctrl Pts',(-22.5197473666856,-5.61061312818284,2.));
#3539=CARTESIAN_POINT('Ctrl Pts',(-17.383121703215,-5.15552315985379,2.));
#3540=CARTESIAN_POINT('Ctrl Pts',(-12.2573061781787,-4.35268148794627,2.));
#3541=CARTESIAN_POINT('Ctrl Pts',(-8.0474681036041,-3.37793222637754,2.));
#3542=CARTESIAN_POINT('Ctrl Pts',(-4.61255355921932,-3.647647280002,2.));
#3543=CARTESIAN_POINT('Ctrl Pts',(-2.99791512119587,-4.22800358305859,2.));
#3544=CARTESIAN_POINT('Ctrl Pts',(-2.22962476356194,-4.60036515628022,2.));
#3545=CARTESIAN_POINT('Ctrl Pts',(-31.6791502997881,-15.4547511028189,2.00000000000001));
#3546=CARTESIAN_POINT('Ctrl Pts',(-31.8447894837978,-14.6091557514589,2.00000000000001));
#3547=CARTESIAN_POINT('Ctrl Pts',(-31.9544427338251,-12.8725244253547,2.));
#3548=CARTESIAN_POINT('Ctrl Pts',(-31.315009767474,-10.3286953792157,2.));
#3549=CARTESIAN_POINT('Ctrl Pts',(-29.7779924082793,-8.18527691035628,2.));
#3550=CARTESIAN_POINT('Ctrl Pts',(-26.8107887677688,-6.3218869224719,2.));
#3551=CARTESIAN_POINT('Ctrl Pts',(-22.5316393566009,-5.50005335263607,2.));
#3552=CARTESIAN_POINT('Ctrl Pts',(-17.3935821368162,-5.04305399916393,2.));
#3553=CARTESIAN_POINT('Ctrl Pts',(-12.2835411156662,-4.2442616815601,2.));
#3554=CARTESIAN_POINT('Ctrl Pts',(-8.06314550586401,-3.2651441791406,2.));
#3555=CARTESIAN_POINT('Ctrl Pts',(-4.58808550010787,-3.53622612680331,2.));
#3556=CARTESIAN_POINT('Ctrl Pts',(-2.95608575827411,-4.12359367872855,2.));
#3557=CARTESIAN_POINT('Ctrl Pts',(-2.18069019012584,-4.49939888148282,2.));
#3558=CARTESIAN_POINT('',(-2.83489724716359,-5.84921854592766,0.5));
#3559=CARTESIAN_POINT('',(-2.18069019012584,-4.49939888148282,2.));
#3560=CARTESIAN_POINT('Ctrl Pts',(-2.83489724716359,-5.84921854592766,0.5));
#3561=CARTESIAN_POINT('Ctrl Pts',(-2.83489724716359,-5.84921854592766,0.612199737628207));
#3562=CARTESIAN_POINT('Ctrl Pts',(-2.83434672415006,-5.84808265663788,0.834284175506061));
#3563=CARTESIAN_POINT('Ctrl Pts',(-2.80222759434429,-5.78181153872455,1.16474733807742));
#3564=CARTESIAN_POINT('Ctrl Pts',(-2.72523930332091,-5.62296227527284,1.48013378351577));
#3565=CARTESIAN_POINT('Ctrl Pts',(-2.60815010076147,-5.38137315389505,1.74875886481639));
#3566=CARTESIAN_POINT('Ctrl Pts',(-2.47065317409921,-5.09767695494265,1.92483827110837));
#3567=CARTESIAN_POINT('Ctrl Pts',(-2.32644197536242,-4.80012725749745,1.99899210315519));
#3568=CARTESIAN_POINT('Ctrl Pts',(-2.22962476356194,-4.60036515628022,2.));
#3569=CARTESIAN_POINT('Ctrl Pts',(-2.18069019012584,-4.49939888148282,2.));
#3570=CARTESIAN_POINT('Ctrl Pts',(-2.18069019012584,-4.49939888148282,2.));
#3571=CARTESIAN_POINT('Ctrl Pts',(-2.95608575827411,-4.12359367872855,2.));
#3572=CARTESIAN_POINT('Ctrl Pts',(-4.58808550010787,-3.53622612680331,2.));
#3573=CARTESIAN_POINT('Ctrl Pts',(-8.06314550586401,-3.2651441791406,2.));
#3574=CARTESIAN_POINT('Ctrl Pts',(-12.2835411156662,-4.2442616815601,2.));
#3575=CARTESIAN_POINT('Ctrl Pts',(-17.3935821368162,-5.04305399916393,2.));
#3576=CARTESIAN_POINT('Ctrl Pts',(-22.5316393566009,-5.50005335263607,2.));
#3577=CARTESIAN_POINT('Ctrl Pts',(-26.8107887677688,-6.3218869224719,2.));
#3578=CARTESIAN_POINT('Ctrl Pts',(-29.7779924082793,-8.18527691035628,2.));
#3579=CARTESIAN_POINT('Ctrl Pts',(-31.315009767474,-10.3286953792157,2.));
#3580=CARTESIAN_POINT('Ctrl Pts',(-31.9544427338251,-12.8725244253547,2.));
#3581=CARTESIAN_POINT('Ctrl Pts',(-31.8447894837978,-14.6091557514589,2.00000000000001));
#3582=CARTESIAN_POINT('Ctrl Pts',(-31.6791502997881,-15.4547511028189,2.00000000000001));
#3583=CARTESIAN_POINT('Ctrl Pts',(-30.2071258514736,-15.1664040487948,0.5));
#3584=CARTESIAN_POINT('Ctrl Pts',(-30.3474515848983,-14.4500349808747,0.5));
#3585=CARTESIAN_POINT('Ctrl Pts',(-30.4365052102744,-12.9946961330768,0.5));
#3586=CARTESIAN_POINT('Ctrl Pts',(-29.9128819862709,-10.9591283630606,0.5));
#3587=CARTESIAN_POINT('Ctrl Pts',(-28.7356298024431,-9.32043426242607,0.5));
#3588=CARTESIAN_POINT('Ctrl Pts',(-26.3566034683951,-7.79382252306051,0.5));
#3589=CARTESIAN_POINT('Ctrl Pts',(-22.3727671495426,-6.97816383328759,0.5));
#3590=CARTESIAN_POINT('Ctrl Pts',(-17.2537789803841,-6.54668118959873,0.5));
#3591=CARTESIAN_POINT('Ctrl Pts',(-11.9326823971667,-5.69371450671169,0.5));
#3592=CARTESIAN_POINT('Ctrl Pts',(-7.85332884636271,-4.77304897129674,0.5));
#3593=CARTESIAN_POINT('Ctrl Pts',(-4.91517907672116,-5.02586921154753,0.5));
#3594=CARTESIAN_POINT('Ctrl Pts',(-3.51523124274143,-5.51948612849932,0.5));
#3595=CARTESIAN_POINT('Ctrl Pts',(-2.83489724716359,-5.84921854592766,0.5));
#3596=CARTESIAN_POINT('Ctrl Pts',(-2.83489724716359,-5.84921854592766,0.5));
#3597=CARTESIAN_POINT('Ctrl Pts',(-1.81997337276163,-6.34111415130317,0.5));
#3598=CARTESIAN_POINT('Ctrl Pts',(0.469995248261872,-6.78420417445132,0.5));
#3599=CARTESIAN_POINT('Ctrl Pts',(3.78336772205963,-5.65273628515515,0.5));
#3600=CARTESIAN_POINT('Ctrl Pts',(6.09175193878859,-3.02177257222039,0.5));
#3601=CARTESIAN_POINT('Ctrl Pts',(6.7897039605092,0.408330492617775,0.5));
#3602=CARTESIAN_POINT('Ctrl Pts',(5.68574583237448,3.73024491419533,0.5));
#3603=CARTESIAN_POINT('Ctrl Pts',(3.07825684111273,6.0651779450219,0.5));
#3604=CARTESIAN_POINT('Ctrl Pts',(0.79562347874005,6.54897053264835,0.5));
#3605=CARTESIAN_POINT('Ctrl Pts',(-0.330759215190341,6.49157903299087,0.5));
#3606=CARTESIAN_POINT('Ctrl Pts',(-2.83489724716359,-5.84921854592766,0.612199737628207));
#3607=CARTESIAN_POINT('Ctrl Pts',(-1.81994886018551,-6.34112603163111,0.612199737628207));
#3608=CARTESIAN_POINT('Ctrl Pts',(0.469977458459632,-6.78420294814961,0.612199737628207));
#3609=CARTESIAN_POINT('Ctrl Pts',(3.78338381076923,-5.65275187882665,0.612199737628207));
#3610=CARTESIAN_POINT('Ctrl Pts',(6.09174959290857,-3.02177219210559,0.612199737628207));
#3611=CARTESIAN_POINT('Ctrl Pts',(6.78971993493675,0.408332457975848,0.612199737628207));
#3612=CARTESIAN_POINT('Ctrl Pts',(5.68575271567231,3.73024261983442,0.612199737628207));
#3613=CARTESIAN_POINT('Ctrl Pts',(3.07824308433019,6.06519832167132,0.612199737628207));
#3614=CARTESIAN_POINT('Ctrl Pts',(0.795650683284374,6.54897191877547,0.612199737628207));
#3615=CARTESIAN_POINT('Ctrl Pts',(-0.330759215190341,6.49157903299087,0.612199737628207));
#3616=CARTESIAN_POINT('Ctrl Pts',(-2.83440386587108,-5.84820055664809,0.834226082428576));
#3617=CARTESIAN_POINT('Ctrl Pts',(-1.81965443070079,-6.34001161785863,0.834226082428576));
#3618=CARTESIAN_POINT('Ctrl Pts',(0.469911856819562,-6.78302335177556,0.834226082428576));
#3619=CARTESIAN_POINT('Ctrl Pts',(3.78271071211135,-5.65175388872669,0.834226082428576));
#3620=CARTESIAN_POINT('Ctrl Pts',(6.09069152914106,-3.02124663336215,0.834226082428576));
#3621=CARTESIAN_POINT('Ctrl Pts',(6.78852372204085,0.408259603505862,0.834226082428576));
#3622=CARTESIAN_POINT('Ctrl Pts',(5.68475691046455,3.72959550232808,0.834226082428577));
#3623=CARTESIAN_POINT('Ctrl Pts',(3.07771987311415,6.06412419647106,0.834226082428576));
#3624=CARTESIAN_POINT('Ctrl Pts',(0.795487447453583,6.54783088378857,0.834226082428576));
#3625=CARTESIAN_POINT('Ctrl Pts',(-0.330701650349407,6.49044924824933,0.834226082428576));
#3626=CARTESIAN_POINT('Ctrl Pts',(-2.80222910041612,-5.7818146461893,1.16474803547538));
#3627=CARTESIAN_POINT('Ctrl Pts',(-1.7990119822064,-6.26803642511397,1.16474803547538));
#3628=CARTESIAN_POINT('Ctrl Pts',(0.464587356394751,-6.70602645974099,1.16474803547538));
#3629=CARTESIAN_POINT('Ctrl Pts',(3.73976245086753,-5.58758943427258,1.16474803547538));
#3630=CARTESIAN_POINT('Ctrl Pts',(6.02155426013456,-2.98695112770828,1.16474803547538));
#3631=CARTESIAN_POINT('Ctrl Pts',(6.71145500500152,0.403624167683143,1.16474803547538));
#3632=CARTESIAN_POINT('Ctrl Pts',(5.62022257564566,3.68726021171949,1.16474803547538));
#3633=CARTESIAN_POINT('Ctrl Pts',(3.04279061135056,5.99527610574354,1.16474803547537));
#3634=CARTESIAN_POINT('Ctrl Pts',(0.786442616092844,6.47350235577859,1.16474803547538));
#3635=CARTESIAN_POINT('Ctrl Pts',(-0.326947687068563,6.41677284497657,1.16474803547538));
#3636=CARTESIAN_POINT('Ctrl Pts',(-2.725256915315,-5.62299861394527,1.48012142079765));
#3637=CARTESIAN_POINT('Ctrl Pts',(-1.74957627494773,-6.09587449296566,1.48012142079765));
#3638=CARTESIAN_POINT('Ctrl Pts',(0.451811399199289,-6.52182298896473,1.48012142079765));
#3639=CARTESIAN_POINT('Ctrl Pts',(3.63705109898506,-5.43412119835922,1.48012142079765));
#3640=CARTESIAN_POINT('Ctrl Pts',(5.85615109004645,-2.90490464977903,1.48012142079765));
#3641=CARTESIAN_POINT('Ctrl Pts',(6.52711651857815,0.392538949628642,1.48012142079765));
#3642=CARTESIAN_POINT('Ctrl Pts',(5.46585082761548,3.58597593607304,1.48012142079765));
#3643=CARTESIAN_POINT('Ctrl Pts',(2.95919936066752,5.83061337127174,1.48012142079765));
#3644=CARTESIAN_POINT('Ctrl Pts',(0.764862749478415,6.29568804423392,1.48012142079765));
#3645=CARTESIAN_POINT('Ctrl Pts',(-0.3179670231094,6.24051565490527,1.48012142079765));
#3646=CARTESIAN_POINT('Ctrl Pts',(-2.60815328154057,-5.38137971676859,1.74876341283993));
#3647=CARTESIAN_POINT('Ctrl Pts',(-1.67440415196497,-5.83393296233302,1.74876341283993));
#3648=CARTESIAN_POINT('Ctrl Pts',(0.432402069771643,-6.24158216231959,1.74876341283994));
#3649=CARTESIAN_POINT('Ctrl Pts',(3.4807634592389,-5.20061402522416,1.74876341283993));
#3650=CARTESIAN_POINT('Ctrl Pts',(5.60451433292119,-2.78008170073813,1.74876341283994));
#3651=CARTESIAN_POINT('Ctrl Pts',(6.24664349475522,0.375671104356688,1.74876341283993));
#3652=CARTESIAN_POINT('Ctrl Pts',(5.23098263797593,3.43188804477647,1.74876341283994));
#3653=CARTESIAN_POINT('Ctrl Pts',(2.83204706365931,5.58006770810064,1.74876341283993));
#3654=CARTESIAN_POINT('Ctrl Pts',(0.731989291603364,6.02516346252046,1.74876341283994));
#3655=CARTESIAN_POINT('Ctrl Pts',(-0.304304056650239,5.97236219909389,1.74876341283994));
#3656=CARTESIAN_POINT('Ctrl Pts',(-2.47065224074507,-5.09767502916126,1.92485868439384));
#3657=CARTESIAN_POINT('Ctrl Pts',(-1.58614294500959,-5.5263635706959,1.92485868439384));
#3658=CARTESIAN_POINT('Ctrl Pts',(0.409615302867265,-5.91252850936528,1.92485868439384));
#3659=CARTESIAN_POINT('Ctrl Pts',(3.29725023292494,-4.92643106457532,1.92485868439384));
#3660=CARTESIAN_POINT('Ctrl Pts',(5.30904728812064,-2.63351684594733,1.92485868439384));
#3661=CARTESIAN_POINT('Ctrl Pts',(5.91731398155289,0.355864807413358,1.92485868439384));
#3662=CARTESIAN_POINT('Ctrl Pts',(4.95520322529943,3.25096116426215,1.92485868439384));
#3663=CARTESIAN_POINT('Ctrl Pts',(2.68274963205223,5.28587755521122,1.92485868439384));
#3664=CARTESIAN_POINT('Ctrl Pts',(0.693384761553298,5.70751796580303,1.92485868439385));
#3665=CARTESIAN_POINT('Ctrl Pts',(-0.288261240147144,5.65750109633767,1.92485868439385));
#3666=CARTESIAN_POINT('Ctrl Pts',(-2.32644118612637,-4.80012562907366,1.99900348851683));
#3667=CARTESIAN_POINT('Ctrl Pts',(-1.49354145941923,-5.20380094465053,1.99900348851683));
#3668=CARTESIAN_POINT('Ctrl Pts',(0.385692485555963,-5.56741546793059,1.99900348851682));
#3669=CARTESIAN_POINT('Ctrl Pts',(3.10480337193245,-4.63888914100569,1.99900348851683));
#3670=CARTESIAN_POINT('Ctrl Pts',(4.99915835795733,-2.47979915150773,1.99900348851682));
#3671=CARTESIAN_POINT('Ctrl Pts',(5.57193488349832,0.335094626827822,1.99900348851683));
#3672=CARTESIAN_POINT('Ctrl Pts',(4.66597516170823,3.06120199729195,1.99900348851683));
#3673=CARTESIAN_POINT('Ctrl Pts',(2.52614791863561,4.97735856320669,1.99900348851682));
#3674=CARTESIAN_POINT('Ctrl Pts',(0.652933137409853,5.37437332910751,1.99900348851683));
#3675=CARTESIAN_POINT('Ctrl Pts',(-0.271435538511863,5.32727485641842,1.99900348851683));
#3676=CARTESIAN_POINT('Ctrl Pts',(-2.22962476356194,-4.60036515628022,2.));
#3677=CARTESIAN_POINT('Ctrl Pts',(-1.4314081477663,-4.98723086645867,2.));
#3678=CARTESIAN_POINT('Ctrl Pts',(0.369657181630691,-5.33572478170506,2.));
#3679=CARTESIAN_POINT('Ctrl Pts',(2.97558081815722,-4.44582500365417,2.));
#3680=CARTESIAN_POINT('Ctrl Pts',(4.79111705408059,-2.37660096579652,2.));
#3681=CARTESIAN_POINT('Ctrl Pts',(5.34004108405389,0.321147719553046,2.));
#3682=CARTESIAN_POINT('Ctrl Pts',(4.47179143479425,2.93381001233267,2.00000000000001));
#3683=CARTESIAN_POINT('Ctrl Pts',(2.42103258982792,4.77020461138556,2.));
#3684=CARTESIAN_POINT('Ctrl Pts',(0.625737104788446,5.15071393852746,2.00000000000001));
#3685=CARTESIAN_POINT('Ctrl Pts',(-0.260139565094489,5.10557671219211,2.00000000000001));
#3686=CARTESIAN_POINT('Ctrl Pts',(-2.18069019012583,-4.49939888148281,2.));
#3687=CARTESIAN_POINT('Ctrl Pts',(-1.39997951750894,-4.87778011638705,2.));
#3688=CARTESIAN_POINT('Ctrl Pts',(0.361534806355284,-5.21861859573177,2.));
#3689=CARTESIAN_POINT('Ctrl Pts',(2.91028286312279,-4.34825868088858,2.00000000000001));
#3690=CARTESIAN_POINT('Ctrl Pts',(4.68596302983737,-2.32444044016953,2.));
#3691=CARTESIAN_POINT('Ctrl Pts',(5.22284920039168,0.314100378936753,2.00000000000001));
#3692=CARTESIAN_POINT('Ctrl Pts',(4.37365064028806,2.86941916476564,2.00000000000001));
#3693=CARTESIAN_POINT('Ctrl Pts',(2.36788987777902,4.6655214961707,2.));
#3694=CARTESIAN_POINT('Ctrl Pts',(0.612018060569268,5.03766964049873,2.00000000000001));
#3695=CARTESIAN_POINT('Ctrl Pts',(-0.254430165531032,4.9935223330699,2.00000000000001));
#3696=CARTESIAN_POINT('',(-0.254430165531029,4.9935223330699,2.));
#3697=CARTESIAN_POINT('Ctrl Pts',(-0.330759215190341,6.49157903299087,0.5));
#3698=CARTESIAN_POINT('Ctrl Pts',(-0.330759215190341,6.49157903299087,0.612199737628207));
#3699=CARTESIAN_POINT('Ctrl Pts',(-0.330701650349407,6.49044924824933,0.834226082428576));
#3700=CARTESIAN_POINT('Ctrl Pts',(-0.326947687068563,6.41677284497657,1.16474803547538));
#3701=CARTESIAN_POINT('Ctrl Pts',(-0.3179670231094,6.24051565490527,1.48012142079765));
#3702=CARTESIAN_POINT('Ctrl Pts',(-0.304304056650239,5.97236219909389,1.74876341283994));
#3703=CARTESIAN_POINT('Ctrl Pts',(-0.288261240147144,5.65750109633767,1.92485868439385));
#3704=CARTESIAN_POINT('Ctrl Pts',(-0.271435538511863,5.32727485641842,1.99900348851683));
#3705=CARTESIAN_POINT('Ctrl Pts',(-0.260139565094489,5.10557671219211,2.00000000000001));
#3706=CARTESIAN_POINT('Ctrl Pts',(-0.254430165531032,4.9935223330699,2.00000000000001));
#3707=CARTESIAN_POINT('Origin',(-3.33066907387547E-15,8.88178419700125E-15,
2.));
#3708=CARTESIAN_POINT('Origin',(-3.33066907387547E-15,8.88178419700125E-15,
0.5));
#3709=CARTESIAN_POINT('Ctrl Pts',(-0.330759215190338,6.49157903299082,0.5));
#3710=CARTESIAN_POINT('Ctrl Pts',(-1.16055052903063,6.44929947013827,0.5));
#3711=CARTESIAN_POINT('Ctrl Pts',(-2.87040617086656,6.48738669928535,0.5));
#3712=CARTESIAN_POINT('Ctrl Pts',(-5.26375634461621,6.96653284172051,0.5));
#3713=CARTESIAN_POINT('Ctrl Pts',(-7.40927366917726,7.98227885660144,0.5));
#3714=CARTESIAN_POINT('Ctrl Pts',(-9.86298385029557,10.0566407105423,0.5));
#3715=CARTESIAN_POINT('Ctrl Pts',(-12.1137851873669,13.6749162039082,0.5));
#3716=CARTESIAN_POINT('Ctrl Pts',(-13.7970684549815,18.6647529144151,0.5));
#3717=CARTESIAN_POINT('Ctrl Pts',(-14.7341311009607,23.8930889332786,0.5));
#3718=CARTESIAN_POINT('Ctrl Pts',(-14.8910197581879,29.1614259085575,0.5));
#3719=CARTESIAN_POINT('Ctrl Pts',(-14.200875385168,32.4851223212114,0.5));
#3720=CARTESIAN_POINT('Ctrl Pts',(-13.5274301345237,33.9277954170366,0.5));
#3721=CARTESIAN_POINT('Ctrl Pts',(-0.330759215190338,6.49157903299082,0.612199737628207));
#3722=CARTESIAN_POINT('Ctrl Pts',(-1.16054141430376,6.44929993455223,0.612199737628207));
#3723=CARTESIAN_POINT('Ctrl Pts',(-2.87041104631384,6.48739228628436,0.612199737628207));
#3724=CARTESIAN_POINT('Ctrl Pts',(-5.2637608961417,6.96654582703451,0.612199737628207));
#3725=CARTESIAN_POINT('Ctrl Pts',(-7.40925796562693,7.98227988095435,0.612199737628207));
#3726=CARTESIAN_POINT('Ctrl Pts',(-9.86296266990832,10.0566360004829,0.612199737628207));
#3727=CARTESIAN_POINT('Ctrl Pts',(-12.1137801585274,13.6749115810001,0.612199737628207));
#3728=CARTESIAN_POINT('Ctrl Pts',(-13.7970607553684,18.6647473051404,0.612199737628207));
#3729=CARTESIAN_POINT('Ctrl Pts',(-14.7341303123723,23.8930961300155,0.612199737628207));
#3730=CARTESIAN_POINT('Ctrl Pts',(-14.8910155434975,29.1614188706056,0.612199737628207));
#3731=CARTESIAN_POINT('Ctrl Pts',(-14.2008645675023,32.485145495115,0.612199737628207));
#3732=CARTESIAN_POINT('Ctrl Pts',(-13.5274301345237,33.9277954170366,0.612199737628207));
#3733=CARTESIAN_POINT('Ctrl Pts',(-0.330694949868126,6.49031774260476,0.834284419043348));
#3734=CARTESIAN_POINT('Ctrl Pts',(-1.16055167802663,6.44803484675905,0.834284419043348));
#3735=CARTESIAN_POINT('Ctrl Pts',(-2.87052722159038,6.48612798348247,0.834284419043348));
#3736=CARTESIAN_POINT('Ctrl Pts',(-5.26415007589533,6.96532753463126,0.834284419043347));
#3737=CARTESIAN_POINT('Ctrl Pts',(-7.4099580637777,7.98120816940941,0.834284419043348));
#3738=CARTESIAN_POINT('Ctrl Pts',(-9.86397429663008,10.0558397463176,0.834284419043347));
#3739=CARTESIAN_POINT('Ctrl Pts',(-12.1149443624255,13.6743984490267,0.834284419043348));
#3740=CARTESIAN_POINT('Ctrl Pts',(-13.7982910302036,18.6644389829337,0.834284419043347));
#3741=CARTESIAN_POINT('Ctrl Pts',(-14.7353902197952,23.8929585282153,0.834284419043348));
#3742=CARTESIAN_POINT('Ctrl Pts',(-14.8922855965477,29.1614939852447,0.834284419043347));
#3743=CARTESIAN_POINT('Ctrl Pts',(-14.202097403701,32.48549020951,0.834284419043348));
#3744=CARTESIAN_POINT('Ctrl Pts',(-13.5285745171341,33.9283296191619,0.834284419043348));
#3745=CARTESIAN_POINT('Ctrl Pts',(-0.326947495655859,6.41676908825375,1.16474736625863));
#3746=CARTESIAN_POINT('Ctrl Pts',(-1.16107061324031,6.37426881114979,1.16474736625863));
#3747=CARTESIAN_POINT('Ctrl Pts',(-2.87734422029839,6.41245243913942,1.16474736625863));
#3748=CARTESIAN_POINT('Ctrl Pts',(-5.28688374668538,6.89439954145212,1.16474736625863));
#3749=CARTESIAN_POINT('Ctrl Pts',(-7.45064526647523,7.91872322183554,1.16474736625863));
#3750=CARTESIAN_POINT('Ctrl Pts',(-9.92277961577732,10.0093672751514,1.16474736625863));
#3751=CARTESIAN_POINT('Ctrl Pts',(-12.1827877888805,13.644436224838,1.16474736625863));
#3752=CARTESIAN_POINT('Ctrl Pts',(-13.8699638862681,18.6464110625389,1.16474736625863));
#3753=CARTESIAN_POINT('Ctrl Pts',(-14.8088513466444,23.8849974830798,1.16474736625863));
#3754=CARTESIAN_POINT('Ctrl Pts',(-14.9663084300097,29.1658126507936,1.16474736625863));
#3755=CARTESIAN_POINT('Ctrl Pts',(-14.2738924001063,32.5057935667615,1.16474736625863));
#3756=CARTESIAN_POINT('Ctrl Pts',(-13.5953060184494,33.9594801360456,1.16474736625863));
#3757=CARTESIAN_POINT('Ctrl Pts',(-0.317964939058518,6.24047475270091,1.48013382896086));
#3758=CARTESIAN_POINT('Ctrl Pts',(-1.16227875297277,6.19745523879753,1.48013382896086));
#3759=CARTESIAN_POINT('Ctrl Pts',(-2.89370351515262,6.23587585584503,1.48013382896086));
#3760=CARTESIAN_POINT('Ctrl Pts',(-5.34139364740526,6.72443777742803,1.48013382896086));
#3761=CARTESIAN_POINT('Ctrl Pts',(-7.54810993409931,7.76895233841997,1.48013382896086));
#3762=CARTESIAN_POINT('Ctrl Pts',(-10.0636514952641,9.89795542577901,1.48013382896086));
#3763=CARTESIAN_POINT('Ctrl Pts',(-12.3453871157816,13.572599377578,1.48013382896086));
#3764=CARTESIAN_POINT('Ctrl Pts',(-14.0417317917193,18.6031765840291,1.48013382896086));
#3765=CARTESIAN_POINT('Ctrl Pts',(-14.984932789151,23.8659432671755,1.48013382896086));
#3766=CARTESIAN_POINT('Ctrl Pts',(-15.1437228371713,29.1761367939575,1.48013382896086));
#3767=CARTESIAN_POINT('Ctrl Pts',(-14.445940848294,32.5545510762537,1.48013382896086));
#3768=CARTESIAN_POINT('Ctrl Pts',(-13.7552598039895,34.0341471673407,1.48013382896086));
#3769=CARTESIAN_POINT('Ctrl Pts',(-0.30430367224452,5.97235465463257,1.74875872533934));
#3770=CARTESIAN_POINT('Ctrl Pts',(-1.1641343323559,5.92854452571175,1.74875872533934));
#3771=CARTESIAN_POINT('Ctrl Pts',(-2.91857409992216,5.96731536500005,1.74875872533934));
#3772=CARTESIAN_POINT('Ctrl Pts',(-5.42428684494365,6.46592280105074,1.74875872533934));
#3773=CARTESIAN_POINT('Ctrl Pts',(-7.69637194209766,7.54116882154158,1.74875872533934));
#3774=CARTESIAN_POINT('Ctrl Pts',(-10.2779409773151,9.72852229308403,1.74875872533934));
#3775=CARTESIAN_POINT('Ctrl Pts',(-12.592688957565,13.4633543547384,1.74875872533934));
#3776=CARTESIAN_POINT('Ctrl Pts',(-14.3029831361579,18.5374339026353,1.74875872533934));
#3777=CARTESIAN_POINT('Ctrl Pts',(-15.2527306765889,23.8369500150175,1.74875872533934));
#3778=CARTESIAN_POINT('Ctrl Pts',(-15.4135548117929,29.1918524570999,1.74875872533934));
#3779=CARTESIAN_POINT('Ctrl Pts',(-14.7076250732131,32.6286585524951,1.74875872533934));
#3780=CARTESIAN_POINT('Ctrl Pts',(-13.9985281116804,34.1477057322857,1.74875872533934));
#3781=CARTESIAN_POINT('Ctrl Pts',(-0.288261348022266,5.65750321352701,1.92483784282524));
#3782=CARTESIAN_POINT('Ctrl Pts',(-1.16631383725327,5.61276464518208,1.92483784282524));
#3783=CARTESIAN_POINT('Ctrl Pts',(-2.94777916926031,5.65194646021043,1.92483784282524));
#3784=CARTESIAN_POINT('Ctrl Pts',(-5.52162745598607,6.16234985391793,1.92483784282524));
#3785=CARTESIAN_POINT('Ctrl Pts',(-7.87047579942037,7.27368427082059,1.92483784282524));
#3786=CARTESIAN_POINT('Ctrl Pts',(-10.5295807148744,9.52955848741064,1.92483784282524));
#3787=CARTESIAN_POINT('Ctrl Pts',(-12.8830939572077,13.3350689948429,1.92483784282524));
#3788=CARTESIAN_POINT('Ctrl Pts',(-14.609769083198,18.4602330747996,1.92483784282524));
#3789=CARTESIAN_POINT('Ctrl Pts',(-15.5672037924227,23.8029030501002,1.92483784282524));
#3790=CARTESIAN_POINT('Ctrl Pts',(-15.7304167334878,29.2103076388698,1.92483784282524));
#3791=CARTESIAN_POINT('Ctrl Pts',(-15.0149195236701,32.7156811105647,1.92483784282524));
#3792=CARTESIAN_POINT('Ctrl Pts',(-14.284196279802,34.2810567122398,1.92483784282524));
#3793=CARTESIAN_POINT('Ctrl Pts',(-0.271435628508521,5.32727662271967,1.99899185418679));
#3794=CARTESIAN_POINT('Ctrl Pts',(-1.16858659267868,5.28156494805498,1.99899185418679));
#3795=CARTESIAN_POINT('Ctrl Pts',(-2.97841746125774,5.32118521606074,1.99899185418679));
#3796=CARTESIAN_POINT('Ctrl Pts',(-5.62372808616286,5.84397129887581,1.99899185418679));
#3797=CARTESIAN_POINT('Ctrl Pts',(-8.05305896578604,6.99313912052386,1.99899185418679));
#3798=CARTESIAN_POINT('Ctrl Pts',(-10.7934781530515,9.32087186488035,1.99899185418679));
#3799=CARTESIAN_POINT('Ctrl Pts',(-13.1876730402792,13.2005123867502,1.99899185418679));
#3800=CARTESIAN_POINT('Ctrl Pts',(-14.9315251826041,18.3792541847881,1.99899185418679));
#3801=CARTESIAN_POINT('Ctrl Pts',(-15.8970324427687,23.7672038763318,1.99899185418679));
#3802=CARTESIAN_POINT('Ctrl Pts',(-16.0627458876508,29.2296538651125,1.99899185418679));
#3803=CARTESIAN_POINT('Ctrl Pts',(-15.3372044490712,32.8069867568106,1.99899185418679));
#3804=CARTESIAN_POINT('Ctrl Pts',(-14.5838144899958,34.4209196245278,1.99899185418679));
#3805=CARTESIAN_POINT('Ctrl Pts',(-0.260139565094486,5.10557671219205,2.));
#3806=CARTESIAN_POINT('Ctrl Pts',(-1.17012542238678,5.05921107349881,2.));
#3807=CARTESIAN_POINT('Ctrl Pts',(-2.99897973748535,5.09911839401935,2.));
#3808=CARTESIAN_POINT('Ctrl Pts',(-5.69226756041377,5.63020712936995,2.));
#3809=CARTESIAN_POINT('Ctrl Pts',(-8.17565983671235,6.80479172847135,2.));
#3810=CARTESIAN_POINT('Ctrl Pts',(-10.9706777351162,9.18077537202319,2.));
#3811=CARTESIAN_POINT('Ctrl Pts',(-13.3921614909553,13.1101834685814,2.));
#3812=CARTESIAN_POINT('Ctrl Pts',(-15.147549351359,18.3248964457737,2.));
#3813=CARTESIAN_POINT('Ctrl Pts',(-16.1184663179097,23.7432267244664,1.99999999999999));
#3814=CARTESIAN_POINT('Ctrl Pts',(-16.2858633797335,29.2426521258526,2.));
#3815=CARTESIAN_POINT('Ctrl Pts',(-15.5535880958503,32.8682523841818,2.));
#3816=CARTESIAN_POINT('Ctrl Pts',(-14.7849652520529,34.5148175600773,2.));
#3817=CARTESIAN_POINT('Ctrl Pts',(-0.25443016553103,4.99352233306985,1.99999999999999));
#3818=CARTESIAN_POINT('Ctrl Pts',(-1.17089422519559,4.9468266167296,1.99999999999999));
#3819=CARTESIAN_POINT('Ctrl Pts',(-3.0093773828985,4.98688406534685,1.99999999999999));
#3820=CARTESIAN_POINT('Ctrl Pts',(-5.72691413057727,5.52217651506179,2.));
#3821=CARTESIAN_POINT('Ctrl Pts',(-8.23761086536118,6.70959581033832,2.));
#3822=CARTESIAN_POINT('Ctrl Pts',(-11.0602193453795,9.10996139038309,1.99999999999999));
#3823=CARTESIAN_POINT('Ctrl Pts',(-13.4955116857627,13.0645237311977,1.99999999999999));
#3824=CARTESIAN_POINT('Ctrl Pts',(-15.2567274460737,18.2974167468189,1.99999999999999));
#3825=CARTESIAN_POINT('Ctrl Pts',(-16.2303854578137,23.7311149724789,1.99999999999999));
#3826=CARTESIAN_POINT('Ctrl Pts',(-16.3986301021981,29.2492149438141,1.99999999999999));
#3827=CARTESIAN_POINT('Ctrl Pts',(-15.6629448132747,32.8992408452395,2.));
#3828=CARTESIAN_POINT('Ctrl Pts',(-14.8866334200671,34.5622766449449,2.));
#3829=CARTESIAN_POINT('',(-14.8866334200671,34.5622766449449,2.));
#3830=CARTESIAN_POINT('Ctrl Pts',(-13.5274301345237,33.9277954170366,0.5));
#3831=CARTESIAN_POINT('Ctrl Pts',(-13.5274301345237,33.9277954170366,0.612199737628207));
#3832=CARTESIAN_POINT('Ctrl Pts',(-13.5285745171341,33.9283296191619,0.834284419043348));
#3833=CARTESIAN_POINT('Ctrl Pts',(-13.5953060184494,33.9594801360456,1.16474736625863));
#3834=CARTESIAN_POINT('Ctrl Pts',(-13.7552598039895,34.0341471673407,1.48013382896086));
#3835=CARTESIAN_POINT('Ctrl Pts',(-13.9985281116804,34.1477057322857,1.74875872533934));
#3836=CARTESIAN_POINT('Ctrl Pts',(-14.284196279802,34.2810567122398,1.92483784282524));
#3837=CARTESIAN_POINT('Ctrl Pts',(-14.5838144899958,34.4209196245278,1.99899185418679));
#3838=CARTESIAN_POINT('Ctrl Pts',(-14.7849652520529,34.5148175600773,2.));
#3839=CARTESIAN_POINT('Ctrl Pts',(-14.8866334200671,34.5622766449449,2.));
#3840=CARTESIAN_POINT('Ctrl Pts',(-14.8866334200671,34.5622766449449,2.));
#3841=CARTESIAN_POINT('Ctrl Pts',(-15.6629448132747,32.8992408452395,2.));
#3842=CARTESIAN_POINT('Ctrl Pts',(-16.3986301021981,29.2492149438141,1.99999999999999));
#3843=CARTESIAN_POINT('Ctrl Pts',(-16.2303854578137,23.7311149724789,1.99999999999999));
#3844=CARTESIAN_POINT('Ctrl Pts',(-15.2567274460737,18.2974167468189,1.99999999999999));
#3845=CARTESIAN_POINT('Ctrl Pts',(-13.4955116857627,13.0645237311977,1.99999999999999));
#3846=CARTESIAN_POINT('Ctrl Pts',(-11.0602193453795,9.10996139038309,1.99999999999999));
#3847=CARTESIAN_POINT('Ctrl Pts',(-8.23761086536118,6.70959581033832,2.));
#3848=CARTESIAN_POINT('Ctrl Pts',(-5.72691413057727,5.52217651506179,2.));
#3849=CARTESIAN_POINT('Ctrl Pts',(-3.0093773828985,4.98688406534685,1.99999999999999));
#3850=CARTESIAN_POINT('Ctrl Pts',(-1.17089422519559,4.9468266167296,1.99999999999999));
#3851=CARTESIAN_POINT('Ctrl Pts',(-0.25443016553103,4.99352233306985,1.99999999999999));
#3852=CARTESIAN_POINT('Ctrl Pts',(-13.5274301345237,33.9277954170366,0.5));
#3853=CARTESIAN_POINT('Ctrl Pts',(-13.0061982773721,35.0443927592559,0.5));
#3854=CARTESIAN_POINT('Ctrl Pts',(-12.6173690929418,37.5798771845442,0.5));
#3855=CARTESIAN_POINT('Ctrl Pts',(-14.1722683743158,41.1009379609877,0.5));
#3856=CARTESIAN_POINT('Ctrl Pts',(-17.3808381081945,43.2310746865146,0.5));
#3857=CARTESIAN_POINT('Ctrl Pts',(-21.2295686985783,43.2926773377558,0.5));
#3858=CARTESIAN_POINT('Ctrl Pts',(-24.5100526769563,41.2780817674438,0.5));
#3859=CARTESIAN_POINT('Ctrl Pts',(-26.1829235342468,37.809483822734,0.5));
#3860=CARTESIAN_POINT('Ctrl Pts',(-25.8801028931228,35.2627199150906,0.5));
#3861=CARTESIAN_POINT('Ctrl Pts',(-25.3970323844543,34.1290907176827,0.5));
#3862=CARTESIAN_POINT('Ctrl Pts',(-13.5274301345237,33.9277954170366,0.612199737628207));
#3863=CARTESIAN_POINT('Ctrl Pts',(-13.0061856279711,35.0444198571534,0.612199737628207));
#3864=CARTESIAN_POINT('Ctrl Pts',(-12.6173334869379,37.5798629933903,0.612199737628207));
#3865=CARTESIAN_POINT('Ctrl Pts',(-14.1722471718061,41.1009755253854,0.612199737628207));
#3866=CARTESIAN_POINT('Ctrl Pts',(-17.3808206641087,43.23112124425,0.612199737628207));
#3867=CARTESIAN_POINT('Ctrl Pts',(-21.2295763677547,43.2927044545204,0.612199737628207));
#3868=CARTESIAN_POINT('Ctrl Pts',(-24.510086676391,41.2781237358595,0.612199737628207));
#3869=CARTESIAN_POINT('Ctrl Pts',(-26.1829499302356,37.8094723351111,0.612199737628207));
#3870=CARTESIAN_POINT('Ctrl Pts',(-25.8801146164134,35.262747426322,0.612199737628207));
#3871=CARTESIAN_POINT('Ctrl Pts',(-25.3970323844543,34.1290907176827,0.612199737628207));
#3872=CARTESIAN_POINT('Ctrl Pts',(-13.5285774680568,33.9283309966637,0.834285596870319));
#3873=CARTESIAN_POINT('Ctrl Pts',(-13.0074363927737,35.044733863446,0.834285596870319));
#3874=CARTESIAN_POINT('Ctrl Pts',(-12.6186634367774,37.5796892847813,0.834285596870318));
#3875=CARTESIAN_POINT('Ctrl Pts',(-14.173272071632,41.1001081630217,0.834285596870319));
#3876=CARTESIAN_POINT('Ctrl Pts',(-17.3812199793281,43.22983758831,0.834285596870318));
#3877=CARTESIAN_POINT('Ctrl Pts',(-21.2292221947416,43.2914117135284,0.834285596870318));
#3878=CARTESIAN_POINT('Ctrl Pts',(-24.5090895256356,41.2772212060018,0.834285596870319));
#3879=CARTESIAN_POINT('Ctrl Pts',(-26.1816280486363,37.8092534943559,0.834285596870319));
#3880=CARTESIAN_POINT('Ctrl Pts',(-25.8788539235186,35.2630188410752,0.834285596870318));
#3881=CARTESIAN_POINT('Ctrl Pts',(-25.395867550236,34.129587085507,0.834285596870318));
#3882=CARTESIAN_POINT('Ctrl Pts',(-13.5953074525721,33.9594808054995,1.16474748961839));
#3883=CARTESIAN_POINT('Ctrl Pts',(-13.0800872645637,35.0631997833297,1.16474748961839));
#3884=CARTESIAN_POINT('Ctrl Pts',(-12.6957477890965,37.569479908095,1.16474748961839));
#3885=CARTESIAN_POINT('Ctrl Pts',(-14.2327223451176,41.0499430008071,1.16474748961839));
#3886=CARTESIAN_POINT('Ctrl Pts',(-17.4043138294946,43.1555277844589,1.16474748961839));
#3887=CARTESIAN_POINT('Ctrl Pts',(-21.208680621942,43.2164278595223,1.16474748961839));
#3888=CARTESIAN_POINT('Ctrl Pts',(-24.45134904063,41.2250436653092,1.16474748961839));
#3889=CARTESIAN_POINT('Ctrl Pts',(-26.1049439496514,37.7964394454239,1.16474748961839));
#3890=CARTESIAN_POINT('Ctrl Pts',(-25.8056186860832,35.2790106942127,1.16474748961839));
#3891=CARTESIAN_POINT('Ctrl Pts',(-25.3281197096054,34.1584562994523,1.16474748961839));
#3892=CARTESIAN_POINT('Ctrl Pts',(-13.7552624517156,34.0341484033092,1.48013401359296));
#3893=CARTESIAN_POINT('Ctrl Pts',(-13.2541848930347,35.1075706483084,1.48013401359296));
#3894=CARTESIAN_POINT('Ctrl Pts',(-12.880381899816,37.5449514177762,1.48013401359295));
#3895=CARTESIAN_POINT('Ctrl Pts',(-14.3751436768287,40.929843234984,1.48013401359295));
#3896=CARTESIAN_POINT('Ctrl Pts',(-17.4596019199353,42.9775877106347,1.48013401359295));
#3897=CARTESIAN_POINT('Ctrl Pts',(-21.1594718075725,43.0367951729919,1.48013401359295));
#3898=CARTESIAN_POINT('Ctrl Pts',(-24.3130767617069,41.1001375472533,1.48013401359296));
#3899=CARTESIAN_POINT('Ctrl Pts',(-25.9212328432997,37.7656781212729,1.48013401359296));
#3900=CARTESIAN_POINT('Ctrl Pts',(-25.6301166424812,35.3174527361681,1.48013401359295));
#3901=CARTESIAN_POINT('Ctrl Pts',(-25.1657248601426,34.2276572010474,1.48013401359295));
#3902=CARTESIAN_POINT('Ctrl Pts',(-13.9985293590078,34.1477063145428,1.74875799951978));
#3903=CARTESIAN_POINT('Ctrl Pts',(-13.5189860504897,35.1749972915304,1.74875799951978));
#3904=CARTESIAN_POINT('Ctrl Pts',(-13.1612536836546,37.5076759603552,1.74875799951978));
#3905=CARTESIAN_POINT('Ctrl Pts',(-14.5917873032691,40.7471142996594,1.74875799951978));
#3906=CARTESIAN_POINT('Ctrl Pts',(-17.5437217385,42.7068744563874,1.74875799951978));
#3907=CARTESIAN_POINT('Ctrl Pts',(-21.084617328842,42.7635468915704,1.74875799951978));
#3908=CARTESIAN_POINT('Ctrl Pts',(-24.1027174178782,40.910090016123,1.74875799951978));
#3909=CARTESIAN_POINT('Ctrl Pts',(-25.6417833661989,37.7189180360215,1.74875799951978));
#3910=CARTESIAN_POINT('Ctrl Pts',(-25.3631814522352,35.3758617201863,1.74875799951978));
#3911=CARTESIAN_POINT('Ctrl Pts',(-24.9187473164548,34.3329011096657,1.74875799951978));
#3912=CARTESIAN_POINT('Ctrl Pts',(-14.2841964515557,34.2810567924151,1.92483571077997));
#3913=CARTESIAN_POINT('Ctrl Pts',(-13.8299413634466,35.2541746422027,1.92483571077997));
#3914=CARTESIAN_POINT('Ctrl Pts',(-13.4910818491155,37.4639043205497,1.92483571077997));
#3915=CARTESIAN_POINT('Ctrl Pts',(-14.846191918585,40.5325346801152,1.92483571077997));
#3916=CARTESIAN_POINT('Ctrl Pts',(-17.6425041238571,42.3889748292345,1.92483571077997));
#3917=CARTESIAN_POINT('Ctrl Pts',(-20.9967156949046,42.4426714091239,1.92483571077996));
#3918=CARTESIAN_POINT('Ctrl Pts',(-23.8556917360741,40.686915976973,1.92483571077997));
#3919=CARTESIAN_POINT('Ctrl Pts',(-25.3136258887936,37.664008504929,1.92483571077997));
#3920=CARTESIAN_POINT('Ctrl Pts',(-25.0497202037355,35.4444496579347,1.92483571077996));
#3921=CARTESIAN_POINT('Ctrl Pts',(-24.6287228424513,34.4564884965322,1.92483571077996));
#3922=CARTESIAN_POINT('Ctrl Pts',(-14.5838147285023,34.4209197358635,1.99899060366265));
#3923=CARTESIAN_POINT('Ctrl Pts',(-14.1560644682328,35.3372582082673,1.99899060366265));
#3924=CARTESIAN_POINT('Ctrl Pts',(-13.8369661131641,37.4179743546272,1.99899060366265));
#3925=CARTESIAN_POINT('Ctrl Pts',(-15.112990106681,40.307530228183,1.99899060366265));
#3926=CARTESIAN_POINT('Ctrl Pts',(-17.7460853928239,42.0556175895166,1.99899060366265));
#3927=CARTESIAN_POINT('Ctrl Pts',(-20.9045323451622,42.1061647044361,1.99899060366265));
#3928=CARTESIAN_POINT('Ctrl Pts',(-23.5966514613615,40.4529037836558,1.99899060366265));
#3929=CARTESIAN_POINT('Ctrl Pts',(-24.9694805084344,37.6064006364887,1.99899060366265));
#3930=CARTESIAN_POINT('Ctrl Pts',(-24.7209674334585,35.5164272548707,1.99899060366265));
#3931=CARTESIAN_POINT('Ctrl Pts',(-24.3245343816865,34.5861115468283,1.99899060366265));
#3932=CARTESIAN_POINT('Ctrl Pts',(-14.7849652520529,34.5148175600773,2.));
#3933=CARTESIAN_POINT('Ctrl Pts',(-14.3750272324793,35.3929981563898,2.));
#3934=CARTESIAN_POINT('Ctrl Pts',(-14.0692284365986,37.3871592649158,2.));
#3935=CARTESIAN_POINT('Ctrl Pts',(-15.2921369485836,40.1564184931422,2.));
#3936=CARTESIAN_POINT('Ctrl Pts',(-17.8156502113736,41.8317497175732,2.));
#3937=CARTESIAN_POINT('Ctrl Pts',(-20.8426335484381,41.8802101859451,1.99999999999999));
#3938=CARTESIAN_POINT('Ctrl Pts',(-23.4226946644636,40.2957383576993,2.));
#3939=CARTESIAN_POINT('Ctrl Pts',(-24.738398748724,37.5677416558403,2.));
#3940=CARTESIAN_POINT('Ctrl Pts',(-24.5002405502169,35.5647105538218,2.));
#3941=CARTESIAN_POINT('Ctrl Pts',(-24.1203156378754,34.6731347574848,2.));
#3942=CARTESIAN_POINT('Ctrl Pts',(-14.8866334200671,34.5622766449449,2.));
#3943=CARTESIAN_POINT('Ctrl Pts',(-14.4856858376428,35.4211976774212,2.));
#3944=CARTESIAN_POINT('Ctrl Pts',(-14.1865864650042,37.3715703122584,2.));
#3945=CARTESIAN_POINT('Ctrl Pts',(-15.3826628352918,40.0800786018304,2.));
#3946=CARTESIAN_POINT('Ctrl Pts',(-17.8507933998139,41.7186453137741,2.));
#3947=CARTESIAN_POINT('Ctrl Pts',(-20.8113553924168,41.766031968575,1.99999999999999));
#3948=CARTESIAN_POINT('Ctrl Pts',(-23.3348046065537,40.216343068335,2.));
#3949=CARTESIAN_POINT('Ctrl Pts',(-24.6216283429311,37.5481908031736,2.));
#3950=CARTESIAN_POINT('Ctrl Pts',(-24.3886893882203,35.589141643448,1.99999999999999));
#3951=CARTESIAN_POINT('Ctrl Pts',(-24.0170966892445,34.7171191839034,1.99999999999999));
#3952=CARTESIAN_POINT('',(-24.0170966892445,34.7171191839034,2.));
#3953=CARTESIAN_POINT('Ctrl Pts',(-25.3970323844543,34.1290907176827,0.5));
#3954=CARTESIAN_POINT('Ctrl Pts',(-25.3970323844543,34.1290907176827,0.612199737628207));
#3955=CARTESIAN_POINT('Ctrl Pts',(-25.395867550236,34.129587085507,0.834285596870318));
#3956=CARTESIAN_POINT('Ctrl Pts',(-25.3281197096054,34.1584562994523,1.16474748961839));
#3957=CARTESIAN_POINT('Ctrl Pts',(-25.1657248601426,34.2276572010474,1.48013401359295));
#3958=CARTESIAN_POINT('Ctrl Pts',(-24.9187473164548,34.3329011096657,1.74875799951978));
#3959=CARTESIAN_POINT('Ctrl Pts',(-24.6287228424513,34.4564884965322,1.92483571077996));
#3960=CARTESIAN_POINT('Ctrl Pts',(-24.3245343816865,34.5861115468283,1.99899060366265));
#3961=CARTESIAN_POINT('Ctrl Pts',(-24.1203156378754,34.6731347574848,2.));
#3962=CARTESIAN_POINT('Ctrl Pts',(-24.0170966892445,34.7171191839034,1.99999999999999));
#3963=CARTESIAN_POINT('Origin',(-19.4173110385452,36.6772140713057,2.));
#3964=CARTESIAN_POINT('Ctrl Pts',(-25.3970323844543,34.1290907176827,0.5));
#3965=CARTESIAN_POINT('Ctrl Pts',(-25.3925009536481,34.1184567373924,0.5));
#3966=CARTESIAN_POINT('Ctrl Pts',(-25.3809200816003,34.0887792591031,0.5));
#3967=CARTESIAN_POINT('Ctrl Pts',(-25.343561924239,33.9385506208056,0.5));
#3968=CARTESIAN_POINT('Ctrl Pts',(-25.2762291108097,33.4925483935188,0.5));
#3969=CARTESIAN_POINT('Ctrl Pts',(-25.1895959418005,32.4844152808653,0.5));
#3970=CARTESIAN_POINT('Ctrl Pts',(-25.1478153124143,30.4142117699212,0.499999999999999));
#3971=CARTESIAN_POINT('Ctrl Pts',(-25.4945958738468,26.2712089044418,0.5));
#3972=CARTESIAN_POINT('Ctrl Pts',(-27.1336671460408,21.4256024347769,0.499999999999999));
#3973=CARTESIAN_POINT('Ctrl Pts',(-29.7872831287893,17.4288502297485,0.5));
#3974=CARTESIAN_POINT('Ctrl Pts',(-32.2979365395797,14.1924030292001,0.5));
#3975=CARTESIAN_POINT('Ctrl Pts',(-34.4516027214277,11.5950890170503,0.5));
#3976=CARTESIAN_POINT('Ctrl Pts',(-36.281793642191,8.78468856996025,0.5));
#3977=CARTESIAN_POINT('Ctrl Pts',(-37.2785233534513,6.68312931556384,0.5));
#3978=CARTESIAN_POINT('Ctrl Pts',(-37.8883694758313,4.63810182900616,0.5));
#3979=CARTESIAN_POINT('Ctrl Pts',(-38.162865367443,2.54685422424994,0.5));
#3980=CARTESIAN_POINT('Ctrl Pts',(-38.1920682002848,-0.136697343356811,
0.5));
#3981=CARTESIAN_POINT('Ctrl Pts',(-38.0072840678961,-3.23734998007095,0.5));
#3982=CARTESIAN_POINT('Ctrl Pts',(-38.1691909224075,-6.74029257540703,0.5));
#3983=CARTESIAN_POINT('Ctrl Pts',(-39.0298036789424,-9.32609744093658,0.5));
#3984=CARTESIAN_POINT('Ctrl Pts',(-40.1093381820681,-10.8351494589008,0.5));
#3985=CARTESIAN_POINT('Ctrl Pts',(-40.7543566967564,-11.5074501870379,0.5));
#3986=CARTESIAN_POINT('Ctrl Pts',(-41.1025332728653,-11.8225193161921,0.5));
#3987=CARTESIAN_POINT('Ctrl Pts',(-41.2828958100083,-11.974996372803,0.5));
#3988=CARTESIAN_POINT('Ctrl Pts',(-41.3738189790938,-12.0493161284976,0.5));
#3989=CARTESIAN_POINT('Ctrl Pts',(-41.4271924095152,-12.0922008989244,0.5));
#3990=CARTESIAN_POINT('Ctrl Pts',(-41.4524359542936,-12.1122670042495,0.5));
#3991=CARTESIAN_POINT('Ctrl Pts',(-41.4678273103487,-12.1244305609816,0.5));
#3992=CARTESIAN_POINT('Ctrl Pts',(-25.3970323844543,34.1290907176827,0.724399475256413));
#3993=CARTESIAN_POINT('Ctrl Pts',(-25.3925009536481,34.1184567373924,0.724399475256414));
#3994=CARTESIAN_POINT('Ctrl Pts',(-25.3809200816003,34.0887792591031,0.724399475256414));
#3995=CARTESIAN_POINT('Ctrl Pts',(-25.343561924239,33.9385506208056,0.724399475256414));
#3996=CARTESIAN_POINT('Ctrl Pts',(-25.2762291108097,33.4925483935188,0.724399475256414));
#3997=CARTESIAN_POINT('Ctrl Pts',(-25.1895959418005,32.4844152808653,0.724399475256413));
#3998=CARTESIAN_POINT('Ctrl Pts',(-25.1478153124143,30.4142117699212,0.724399475256413));
#3999=CARTESIAN_POINT('Ctrl Pts',(-25.4945958738468,26.2712089044418,0.724399475256414));
#4000=CARTESIAN_POINT('Ctrl Pts',(-27.1336671460408,21.4256024347769,0.724399475256414));
#4001=CARTESIAN_POINT('Ctrl Pts',(-29.7872831287893,17.4288502297485,0.724399475256414));
#4002=CARTESIAN_POINT('Ctrl Pts',(-32.2979365395797,14.1924030292001,0.724399475256414));
#4003=CARTESIAN_POINT('Ctrl Pts',(-34.4516027214277,11.5950890170503,0.724399475256413));
#4004=CARTESIAN_POINT('Ctrl Pts',(-36.281793642191,8.78468856996025,0.724399475256414));
#4005=CARTESIAN_POINT('Ctrl Pts',(-37.2785233534513,6.68312931556384,0.724399475256413));
#4006=CARTESIAN_POINT('Ctrl Pts',(-37.8883694758313,4.63810182900616,0.724399475256414));
#4007=CARTESIAN_POINT('Ctrl Pts',(-38.162865367443,2.54685422424994,0.724399475256414));
#4008=CARTESIAN_POINT('Ctrl Pts',(-38.1920682002848,-0.136697343356811,
0.724399475256414));
#4009=CARTESIAN_POINT('Ctrl Pts',(-38.0072840678961,-3.23734998007095,0.724399475256414));
#4010=CARTESIAN_POINT('Ctrl Pts',(-38.1691909224075,-6.74029257540703,0.724399475256414));
#4011=CARTESIAN_POINT('Ctrl Pts',(-39.0298036789424,-9.32609744093658,0.724399475256413));
#4012=CARTESIAN_POINT('Ctrl Pts',(-40.1093381820681,-10.8351494589008,0.724399475256414));
#4013=CARTESIAN_POINT('Ctrl Pts',(-40.7543566967564,-11.5074501870379,0.724399475256414));
#4014=CARTESIAN_POINT('Ctrl Pts',(-41.1025332728653,-11.8225193161921,0.724399475256414));
#4015=CARTESIAN_POINT('Ctrl Pts',(-41.2828958100083,-11.974996372803,0.724399475256414));
#4016=CARTESIAN_POINT('Ctrl Pts',(-41.3738189790938,-12.0493161284976,0.724399475256413));
#4017=CARTESIAN_POINT('Ctrl Pts',(-41.4271924095152,-12.0922008989244,0.724399475256414));
#4018=CARTESIAN_POINT('Ctrl Pts',(-41.4524359542936,-12.1122670042495,0.724399475256413));
#4019=CARTESIAN_POINT('Ctrl Pts',(-41.4678273103487,-12.1244305609816,0.724399475256414));
#4020=CARTESIAN_POINT('Ctrl Pts',(-25.3826630237839,34.1352138965706,1.16809955141011));
#4021=CARTESIAN_POINT('Ctrl Pts',(-25.3778136116298,34.1236218703852,1.16809955141011));
#4022=CARTESIAN_POINT('Ctrl Pts',(-25.3659093170804,34.0932045845888,1.16809955141011));
#4023=CARTESIAN_POINT('Ctrl Pts',(-25.3280988713662,33.9407866443179,1.16809955141011));
#4024=CARTESIAN_POINT('Ctrl Pts',(-25.2604538010778,33.4940082488553,1.16809955141011));
#4025=CARTESIAN_POINT('Ctrl Pts',(-25.1741484663743,32.4844975548476,1.16809955141011));
#4026=CARTESIAN_POINT('Ctrl Pts',(-25.1318090171354,30.4136468293744,1.16809955141011));
#4027=CARTESIAN_POINT('Ctrl Pts',(-25.4794167431171,26.2678348063859,1.16809955141011));
#4028=CARTESIAN_POINT('Ctrl Pts',(-27.1194166351109,21.4185600012504,1.16809955141011));
#4029=CARTESIAN_POINT('Ctrl Pts',(-29.7746049512263,17.4196392468443,1.16809955141011));
#4030=CARTESIAN_POINT('Ctrl Pts',(-32.2859903259423,14.1825673267232,1.16809955141011));
#4031=CARTESIAN_POINT('Ctrl Pts',(-34.43913025866,11.5852623422181,1.16809955141011));
#4032=CARTESIAN_POINT('Ctrl Pts',(-36.2682987041945,8.77699610035596,1.16809955141011));
#4033=CARTESIAN_POINT('Ctrl Pts',(-37.2638589153728,6.67738145376835,1.16809955141011));
#4034=CARTESIAN_POINT('Ctrl Pts',(-37.8730283180781,4.63494610364897,1.16809955141011));
#4035=CARTESIAN_POINT('Ctrl Pts',(-38.1472250454457,2.54576962160216,1.16809955141011));
#4036=CARTESIAN_POINT('Ctrl Pts',(-38.176501237461,-0.13573970377165,1.16809955141011));
#4037=CARTESIAN_POINT('Ctrl Pts',(-37.9916077484908,-3.23699135779676,1.16809955141011));
#4038=CARTESIAN_POINT('Ctrl Pts',(-38.1535810147504,-6.74249853638148,1.16809955141011));
#4039=CARTESIAN_POINT('Ctrl Pts',(-39.0158505497087,-9.33319999898993,1.16809955141011));
#4040=CARTESIAN_POINT('Ctrl Pts',(-40.0971866376646,-10.845136981344,1.16809955141011));
#4041=CARTESIAN_POINT('Ctrl Pts',(-40.743925807425,-11.5189844183241,1.16809955141011));
#4042=CARTESIAN_POINT('Ctrl Pts',(-41.0925542187276,-11.8345381777467,1.16809955141011));
#4043=CARTESIAN_POINT('Ctrl Pts',(-41.2732980514383,-11.9873043626687,1.16809955141011));
#4044=CARTESIAN_POINT('Ctrl Pts',(-41.3644684117541,-12.0618380687044,1.16809955141011));
#4045=CARTESIAN_POINT('Ctrl Pts',(-41.4177462461253,-12.1046412003739,1.16809955141011));
#4046=CARTESIAN_POINT('Ctrl Pts',(-41.4433926982773,-12.1250304295144,1.16809955141011));
#4047=CARTESIAN_POINT('Ctrl Pts',(-41.4581425923649,-12.136685277761,1.16809955141011));
#4048=CARTESIAN_POINT('Ctrl Pts',(-24.9617212524831,34.3145887362863,1.76888944867095));
#4049=CARTESIAN_POINT('Ctrl Pts',(-24.9488914997716,34.2843686166619,1.76888944867095));
#4050=CARTESIAN_POINT('Ctrl Pts',(-24.9247212633701,34.2175284223238,1.76888944867095));
#4051=CARTESIAN_POINT('Ctrl Pts',(-24.8764671100726,34.0178129988706,1.76888944867095));
#4052=CARTESIAN_POINT('Ctrl Pts',(-24.8052785804579,33.5413603939941,1.76888944867095));
#4053=CARTESIAN_POINT('Ctrl Pts',(-24.7164415418654,32.5054839424638,1.76888944867095));
#4054=CARTESIAN_POINT('Ctrl Pts',(-24.674295188404,30.3956533034153,1.76888944867095));
#4055=CARTESIAN_POINT('Ctrl Pts',(-25.0261775893726,26.1729652106448,1.76888944867095));
#4056=CARTESIAN_POINT('Ctrl Pts',(-26.7058425460478,21.2105529095889,1.76888944867095));
#4057=CARTESIAN_POINT('Ctrl Pts',(-29.4050246281015,17.1494080520613,1.76888944867095));
#4058=CARTESIAN_POINT('Ctrl Pts',(-31.9321724762662,13.8926030877597,1.76888944867095));
#4059=CARTESIAN_POINT('Ctrl Pts',(-34.0777569684211,11.3030854947465,1.76888944867095));
#4060=CARTESIAN_POINT('Ctrl Pts',(-35.870377361087,8.54816903519773,1.76888944867095));
#4061=CARTESIAN_POINT('Ctrl Pts',(-36.8356204225235,6.51112359899167,1.76888944867095));
#4062=CARTESIAN_POINT('Ctrl Pts',(-37.4232487143505,4.5402013343732,1.76888944867095));
#4063=CARTESIAN_POINT('Ctrl Pts',(-37.6894984040091,2.51736456001691,1.76888944867095));
#4064=CARTESIAN_POINT('Ctrl Pts',(-37.7190470576959,-0.112504236791876,
1.76888944867095));
#4065=CARTESIAN_POINT('Ctrl Pts',(-37.5345682761163,-3.22178246665242,1.76888944867095));
#4066=CARTESIAN_POINT('Ctrl Pts',(-37.6948747633629,-6.80974046818259,1.76888944867095));
#4067=CARTESIAN_POINT('Ctrl Pts',(-38.5970601283301,-9.53603264925143,1.76888944867095));
#4068=CARTESIAN_POINT('Ctrl Pts',(-39.7421647761501,-11.1362534402808,1.76888944867095));
#4069=CARTESIAN_POINT('Ctrl Pts',(-40.4239068676846,-11.8465656840358,1.76888944867095));
#4070=CARTESIAN_POINT('Ctrl Pts',(-40.7909081526518,-12.1786849875735,1.76888944867095));
#4071=CARTESIAN_POINT('Ctrl Pts',(-40.9806313411254,-12.3390603765369,1.76888944867095));
#4072=CARTESIAN_POINT('Ctrl Pts',(-41.0764848802205,-12.4174111675266,1.76888944867095));
#4073=CARTESIAN_POINT('Ctrl Pts',(-41.1322283660191,-12.462200974686,1.76888944867095));
#4074=CARTESIAN_POINT('Ctrl Pts',(-41.15938342165,-12.4837860419321,1.76888944867095));
#4075=CARTESIAN_POINT('Ctrl Pts',(-41.1744346086792,-12.4956798291708,1.76888944867095));
#4076=CARTESIAN_POINT('Ctrl Pts',(-24.5515027076246,34.4893941149614,1.95452344930012));
#4077=CARTESIAN_POINT('Ctrl Pts',(-24.5308749658705,34.4408723649414,1.95452344930012));
#4078=CARTESIAN_POINT('Ctrl Pts',(-24.4947950544433,34.338768558758,1.95452344930012));
#4079=CARTESIAN_POINT('Ctrl Pts',(-24.4363192158549,34.092696347554,1.95452344930012));
#4080=CARTESIAN_POINT('Ctrl Pts',(-24.3615895659285,33.5874343075251,1.95452344930012));
#4081=CARTESIAN_POINT('Ctrl Pts',(-24.2704757279451,32.5256442445068,1.95452344930012));
#4082=CARTESIAN_POINT('Ctrl Pts',(-24.2282576631085,30.37814080725,1.95452344930012));
#4083=CARTESIAN_POINT('Ctrl Pts',(-24.584618974046,26.080450026309,1.95452344930012));
#4084=CARTESIAN_POINT('Ctrl Pts',(-26.3027430222073,21.0078713922808,1.95452344930012));
#4085=CARTESIAN_POINT('Ctrl Pts',(-29.0448305857935,16.886067118549,1.95452344930012));
#4086=CARTESIAN_POINT('Ctrl Pts',(-31.587428489997,13.6100542698459,1.95452344930012));
#4087=CARTESIAN_POINT('Ctrl Pts',(-33.7255266730333,11.028007650714,1.95452344930012));
#4088=CARTESIAN_POINT('Ctrl Pts',(-35.4826335344592,8.32522581090967,1.95452344930012));
#4089=CARTESIAN_POINT('Ctrl Pts',(-36.4182698941962,6.34906775838924,1.95452344930012));
#4090=CARTESIAN_POINT('Ctrl Pts',(-36.9849327622385,4.44790621181143,1.95452344930012));
#4091=CARTESIAN_POINT('Ctrl Pts',(-37.24342504397,2.48963025820043,1.95452344930012));
#4092=CARTESIAN_POINT('Ctrl Pts',(-37.2732686626028,-0.0897850816400029,
1.95452344930012));
#4093=CARTESIAN_POINT('Ctrl Pts',(-37.0891372518953,-3.20703480914275,1.95452344930012));
#4094=CARTESIAN_POINT('Ctrl Pts',(-37.2478760986887,-6.87522835072817,1.95452344930012));
#4095=CARTESIAN_POINT('Ctrl Pts',(-38.1890956917371,-9.73378036637106,1.95452344930012));
#4096=CARTESIAN_POINT('Ctrl Pts',(-39.3961719619318,-11.4199768303481,1.95452344930012));
#4097=CARTESIAN_POINT('Ctrl Pts',(-40.1122669731817,-12.1659637470829,1.95452344930012));
#4098=CARTESIAN_POINT('Ctrl Pts',(-40.4970924979771,-12.5141894334924,1.95452344930012));
#4099=CARTESIAN_POINT('Ctrl Pts',(-40.6956006683706,-12.6819936906412,1.95452344930012));
#4100=CARTESIAN_POINT('Ctrl Pts',(-40.7960582237559,-12.7641027777662,1.95452344930011));
#4101=CARTESIAN_POINT('Ctrl Pts',(-40.8541219225272,-12.8107599543438,1.95452344930012));
#4102=CARTESIAN_POINT('Ctrl Pts',(-40.882908674237,-12.833640155186,1.95452344930012));
#4103=CARTESIAN_POINT('Ctrl Pts',(-40.8979539071498,-12.84552922054,1.95452344930012));
#4104=CARTESIAN_POINT('Ctrl Pts',(-24.2484800426391,34.6185203876856,1.99851341246347));
#4105=CARTESIAN_POINT('Ctrl Pts',(-24.2221148510717,34.5566407949676,1.99851341246347));
#4106=CARTESIAN_POINT('Ctrl Pts',(-24.1771897149096,34.4282361174683,1.99851341246347));
#4107=CARTESIAN_POINT('Ctrl Pts',(-24.1112112217038,34.1482085956607,1.99851341246347));
#4108=CARTESIAN_POINT('Ctrl Pts',(-24.0339615853304,33.621546858277,1.99851341246347));
#4109=CARTESIAN_POINT('Ctrl Pts',(-23.9409584737788,32.5408539042492,1.99851341246347));
#4110=CARTESIAN_POINT('Ctrl Pts',(-23.8989705592354,30.3651798912986,1.99851341246347));
#4111=CARTESIAN_POINT('Ctrl Pts',(-24.258299254119,26.0121782661714,1.99851341246347));
#4112=CARTESIAN_POINT('Ctrl Pts',(-26.0050455031627,20.8581242943683,1.99851341246347));
#4113=CARTESIAN_POINT('Ctrl Pts',(-28.7787914137689,16.6915340233458,1.99851341246347));
#4114=CARTESIAN_POINT('Ctrl Pts',(-31.3327049676412,13.4013080987838,1.99851341246347));
#4115=CARTESIAN_POINT('Ctrl Pts',(-33.4654074847757,10.8249087744222,1.99851341246347));
#4116=CARTESIAN_POINT('Ctrl Pts',(-35.1961682660387,8.16048129096806,1.99851341246347));
#4117=CARTESIAN_POINT('Ctrl Pts',(-36.1100019647732,6.22939566697438,1.99851341246347));
#4118=CARTESIAN_POINT('Ctrl Pts',(-36.6611486199579,4.37968979458749,1.99851341246347));
#4119=CARTESIAN_POINT('Ctrl Pts',(-36.9139245754074,2.46920088518298,1.99851341246347));
#4120=CARTESIAN_POINT('Ctrl Pts',(-36.9439540040948,-0.0730851170411056,
1.99851341246347));
#4121=CARTESIAN_POINT('Ctrl Pts',(-36.7601410389658,-3.19606052789362,1.99851341246347));
#4122=CARTESIAN_POINT('Ctrl Pts',(-36.9176601462883,-6.92364810587635,1.99851341246347));
#4123=CARTESIAN_POINT('Ctrl Pts',(-37.8875664558815,-9.87976438081543,1.99851341246347));
#4124=CARTESIAN_POINT('Ctrl Pts',(-39.140608184181,-11.6295343146452,1.99851341246347));
#4125=CARTESIAN_POINT('Ctrl Pts',(-39.8818159322939,-12.4017224185047,1.99851341246347));
#4126=CARTESIAN_POINT('Ctrl Pts',(-40.2798957740375,-12.7618861502225,1.99851341246347));
#4127=CARTESIAN_POINT('Ctrl Pts',(-40.4848558446493,-12.9351632966519,1.99851341246347));
#4128=CARTESIAN_POINT('Ctrl Pts',(-40.5886705950894,-13.020006697827,1.99851341246347));
#4129=CARTESIAN_POINT('Ctrl Pts',(-40.6485382170652,-13.0681181122489,1.99851341246347));
#4130=CARTESIAN_POINT('Ctrl Pts',(-40.6783543159965,-13.0918136507489,1.99851341246347));
#4131=CARTESIAN_POINT('Ctrl Pts',(-40.6937215045817,-13.1039580415793,1.99851341246347));
#4132=CARTESIAN_POINT('Ctrl Pts',(-24.1203156378754,34.6731347574848,1.99999999999999));
#4133=CARTESIAN_POINT('Ctrl Pts',(-24.0915049844747,34.6054725732963,1.99999999999999));
#4134=CARTESIAN_POINT('Ctrl Pts',(-24.0428780279849,34.4661515045695,1.99999999999999));
#4135=CARTESIAN_POINT('Ctrl Pts',(-23.973686765511,34.1715254629834,1.99999999999999));
#4136=CARTESIAN_POINT('Ctrl Pts',(-23.8952924061421,33.6359103053595,1.99999999999999));
#4137=CARTESIAN_POINT('Ctrl Pts',(-23.8016610512067,32.5470253799093,2.));
#4138=CARTESIAN_POINT('Ctrl Pts',(-23.7595373156999,30.3597183567925,1.99999999999999));
#4139=CARTESIAN_POINT('Ctrl Pts',(-24.1204020055091,25.9832465848101,2.));
#4140=CARTESIAN_POINT('Ctrl Pts',(-25.8790786817348,20.7948122572595,1.99999999999999));
#4141=CARTESIAN_POINT('Ctrl Pts',(-28.6662436857826,16.6092612737383,2.));
#4142=CARTESIAN_POINT('Ctrl Pts',(-31.2250231871102,13.3130440453225,1.99999999999999));
#4143=CARTESIAN_POINT('Ctrl Pts',(-33.3553329344174,10.7389273615814,2.));
#4144=CARTESIAN_POINT('Ctrl Pts',(-35.0750433986717,8.09085106905917,2.));
#4145=CARTESIAN_POINT('Ctrl Pts',(-35.9796000913122,6.17875009768647,1.99999999999999));
#4146=CARTESIAN_POINT('Ctrl Pts',(-36.5242082851968,4.35086981580354,2.));
#4147=CARTESIAN_POINT('Ctrl Pts',(-36.7745550040496,2.46051280897035,2.));
#4148=CARTESIAN_POINT('Ctrl Pts',(-36.8046894380138,-0.0659539902496775,
2.));
#4149=CARTESIAN_POINT('Ctrl Pts',(-36.6209602262474,-3.19148512873128,2.));
#4150=CARTESIAN_POINT('Ctrl Pts',(-36.7780142910145,-6.94409051936384,2.));
#4151=CARTESIAN_POINT('Ctrl Pts',(-37.7601750621473,-9.9415824447458,2.));
#4152=CARTESIAN_POINT('Ctrl Pts',(-39.0325032898036,-11.7181879031235,2.));
#4153=CARTESIAN_POINT('Ctrl Pts',(-39.784549374007,-12.5015823957866,1.99999999999999));
#4154=CARTESIAN_POINT('Ctrl Pts',(-40.1881628627793,-12.8667620191178,1.99999999999999));
#4155=CARTESIAN_POINT('Ctrl Pts',(-40.395882620563,-13.0423660567828,1.99999999999999));
#4156=CARTESIAN_POINT('Ctrl Pts',(-40.5011533184621,-13.1284004401151,1.99999999999999));
#4157=CARTESIAN_POINT('Ctrl Pts',(-40.5617097846054,-13.1770652964297,1.99999999999999));
#4158=CARTESIAN_POINT('Ctrl Pts',(-40.5921061630556,-13.2012221001759,1.99999999999999));
#4159=CARTESIAN_POINT('Ctrl Pts',(-40.6073407570891,-13.2132613375023,1.99999999999999));
#4160=CARTESIAN_POINT('Ctrl Pts',(-24.0170966892445,34.7171191839034,1.99999999999999));
#4161=CARTESIAN_POINT('Ctrl Pts',(-23.9863349741761,34.644930180977,1.99999999999999));
#4162=CARTESIAN_POINT('Ctrl Pts',(-23.9346881734233,34.4966138328391,1.99999999999999));
#4163=CARTESIAN_POINT('Ctrl Pts',(-23.8629481941741,34.1904630857745,1.99999999999999));
#4164=CARTESIAN_POINT('Ctrl Pts',(-23.7837092717062,33.6475414148756,1.99999999999999));
#4165=CARTESIAN_POINT('Ctrl Pts',(-23.689404438036,32.5522520836393,1.99999999999999));
#4166=CARTESIAN_POINT('Ctrl Pts',(-23.6473999543515,30.3552999039003,1.99999999999999));
#4167=CARTESIAN_POINT('Ctrl Pts',(-24.0092262022202,25.9600008977527,2.));
#4168=CARTESIAN_POINT('Ctrl Pts',(-25.7776832288944,20.7437995349025,1.99999999999999));
#4169=CARTESIAN_POINT('Ctrl Pts',(-28.5756269530464,16.5429962592668,2.));
#4170=CARTESIAN_POINT('Ctrl Pts',(-31.1382469064645,13.241934082123,1.99999999999999));
#4171=CARTESIAN_POINT('Ctrl Pts',(-33.2667381114069,10.6697595988679,1.99999999999999));
#4172=CARTESIAN_POINT('Ctrl Pts',(-34.9774580130182,8.03472537354709,2.));
#4173=CARTESIAN_POINT('Ctrl Pts',(-35.8745977658996,6.13799129448592,1.99999999999999));
#4174=CARTESIAN_POINT('Ctrl Pts',(-36.4139164196652,4.32762750899911,1.99999999999999));
#4175=CARTESIAN_POINT('Ctrl Pts',(-36.6623179946422,2.45356223569789,1.99999999999999));
#4176=CARTESIAN_POINT('Ctrl Pts',(-36.6925110925666,-0.0602773468298601,
1.99999999999999));
#4177=CARTESIAN_POINT('Ctrl Pts',(-36.5088992780785,-3.1877353459168,1.99999999999999));
#4178=CARTESIAN_POINT('Ctrl Pts',(-36.6655289515518,-6.96059025623122,2.));
#4179=CARTESIAN_POINT('Ctrl Pts',(-37.6574400524649,-9.99129623595919,1.99999999999999));
#4180=CARTESIAN_POINT('Ctrl Pts',(-38.9454526589738,-11.7895660967371,1.99999999999999));
#4181=CARTESIAN_POINT('Ctrl Pts',(-39.7060149304283,-12.5818637115823,1.99999999999999));
#4182=CARTESIAN_POINT('Ctrl Pts',(-40.1141559220671,-12.9511156470139,1.99999999999999));
#4183=CARTESIAN_POINT('Ctrl Pts',(-40.3240679947858,-13.1285817982081,1.99999999999999));
#4184=CARTESIAN_POINT('Ctrl Pts',(-40.430475947843,-13.2155415296465,1.99999999999999));
#4185=CARTESIAN_POINT('Ctrl Pts',(-40.4916598757445,-13.264712544031,1.99999999999999));
#4186=CARTESIAN_POINT('Ctrl Pts',(-40.5223814897675,-13.2891266785587,1.99999999999999));
#4187=CARTESIAN_POINT('Ctrl Pts',(-40.5377728458226,-13.3012902352908,1.99999999999999));
#4188=CARTESIAN_POINT('Ctrl Pts',(-40.4207132065188,-13.207451522196,1.99999999999999));
#4189=CARTESIAN_POINT('Ctrl Pts',(-40.3986085012672,-13.1894773034046,1.99999999999999));
#4190=CARTESIAN_POINT('Ctrl Pts',(-40.3158434140758,-13.1216284835897,1.99999999999999));
#4191=CARTESIAN_POINT('Ctrl Pts',(-40.1141559220671,-12.9511156470139,1.99999999999999));
#4192=CARTESIAN_POINT('Ctrl Pts',(-39.7060149304283,-12.5818637115823,1.99999999999999));
#4193=CARTESIAN_POINT('Ctrl Pts',(-38.9454526589738,-11.7895660967371,1.99999999999999));
#4194=CARTESIAN_POINT('Ctrl Pts',(-37.6574400524649,-9.99129623595919,1.99999999999999));
#4195=CARTESIAN_POINT('Ctrl Pts',(-36.6655289515518,-6.96059025623122,2.));
#4196=CARTESIAN_POINT('Ctrl Pts',(-36.5088992780785,-3.1877353459168,1.99999999999999));
#4197=CARTESIAN_POINT('Ctrl Pts',(-36.6925110925666,-0.0602773468298601,
1.99999999999999));
#4198=CARTESIAN_POINT('Ctrl Pts',(-36.6623179946422,2.45356223569789,1.99999999999999));
#4199=CARTESIAN_POINT('Ctrl Pts',(-36.4139164196652,4.32762750899911,1.99999999999999));
#4200=CARTESIAN_POINT('Ctrl Pts',(-35.8745977658996,6.13799129448592,1.99999999999999));
#4201=CARTESIAN_POINT('Ctrl Pts',(-34.9774580130182,8.03472537354709,2.));
#4202=CARTESIAN_POINT('Ctrl Pts',(-33.2667381114069,10.6697595988679,1.99999999999999));
#4203=CARTESIAN_POINT('Ctrl Pts',(-31.1382469064645,13.241934082123,1.99999999999999));
#4204=CARTESIAN_POINT('Ctrl Pts',(-28.5756269530464,16.5429962592668,2.));
#4205=CARTESIAN_POINT('Ctrl Pts',(-25.7776832288944,20.7437995349025,1.99999999999999));
#4206=CARTESIAN_POINT('Ctrl Pts',(-24.0092262022202,25.9600008977527,2.));
#4207=CARTESIAN_POINT('Ctrl Pts',(-23.6473999543515,30.3552999039003,1.99999999999999));
#4208=CARTESIAN_POINT('Ctrl Pts',(-23.689404438036,32.5522520836393,1.99999999999999));
#4209=CARTESIAN_POINT('Ctrl Pts',(-23.7837092717062,33.6475414148756,1.99999999999999));
#4210=CARTESIAN_POINT('Ctrl Pts',(-23.8629481941741,34.1904630857745,1.99999999999999));
#4211=CARTESIAN_POINT('Ctrl Pts',(-23.9346881734233,34.4966138328391,1.99999999999999));
#4212=CARTESIAN_POINT('Ctrl Pts',(-23.9863349741761,34.644930180977,1.99999999999999));
#4213=CARTESIAN_POINT('Ctrl Pts',(-24.0170966892445,34.7171191839034,1.99999999999999));
#4214=CARTESIAN_POINT('Origin',(-3.33066907387547E-15,8.88178419700125E-15,
0.));
#4215=CARTESIAN_POINT('',(-2.83489724716359,-5.84921854592766,0.));
#4216=CARTESIAN_POINT('Ctrl Pts',(-30.2071258514736,-15.1664040487948,-2.));
#4217=CARTESIAN_POINT('Ctrl Pts',(-30.2071258514736,-15.1664040487948,2.));
#4218=CARTESIAN_POINT('Ctrl Pts',(-30.2763102879798,-14.8132144442584,-2.));
#4219=CARTESIAN_POINT('Ctrl Pts',(-30.2763102879798,-14.8132144442584,2.));
#4220=CARTESIAN_POINT('Ctrl Pts',(-30.3747730095699,-14.1079731202444,-2.));
#4221=CARTESIAN_POINT('Ctrl Pts',(-30.3747730095699,-14.1079731202444,2.));
#4222=CARTESIAN_POINT('Ctrl Pts',(-30.4027446579119,-13.0535321049807,-2.));
#4223=CARTESIAN_POINT('Ctrl Pts',(-30.4027446579119,-13.0535321049807,2.));
#4224=CARTESIAN_POINT('Ctrl Pts',(-30.1889174824505,-11.6766667870697,-2.));
#4225=CARTESIAN_POINT('Ctrl Pts',(-30.1889174824505,-11.6766667870697,2.));
#4226=CARTESIAN_POINT('Ctrl Pts',(-29.4482350814902,-10.1178237712478,-2.));
#4227=CARTESIAN_POINT('Ctrl Pts',(-29.4482350814902,-10.1178237712478,2.));
#4228=CARTESIAN_POINT('Ctrl Pts',(-28.1877408659025,-8.84036258352752,-2.));
#4229=CARTESIAN_POINT('Ctrl Pts',(-28.1877408659025,-8.84036258352752,2.));
#4230=CARTESIAN_POINT('Ctrl Pts',(-26.4031961322658,-7.91792360360188,-2.));
#4231=CARTESIAN_POINT('Ctrl Pts',(-26.4031961322658,-7.91792360360188,2.));
#4232=CARTESIAN_POINT('Ctrl Pts',(-24.1728122412421,-7.32016290392293,-2.));
#4233=CARTESIAN_POINT('Ctrl Pts',(-24.1728122412421,-7.32016290392293,2.));
#4234=CARTESIAN_POINT('Ctrl Pts',(-21.6296324851361,-6.94821623303338,-2.));
#4235=CARTESIAN_POINT('Ctrl Pts',(-21.6296324851361,-6.94821623303338,2.));
#4236=CARTESIAN_POINT('Ctrl Pts',(-18.9314878748678,-6.67428676376515,-2.));
#4237=CARTESIAN_POINT('Ctrl Pts',(-18.9314878748678,-6.67428676376515,2.));
#4238=CARTESIAN_POINT('Ctrl Pts',(-16.233302617386,-6.37870748667753,-2.));
#4239=CARTESIAN_POINT('Ctrl Pts',(-16.233302617386,-6.37870748667753,2.));
#4240=CARTESIAN_POINT('Ctrl Pts',(-13.6607498036918,-5.9853369047091,-2.));
#4241=CARTESIAN_POINT('Ctrl Pts',(-13.6607498036918,-5.9853369047091,2.));
#4242=CARTESIAN_POINT('Ctrl Pts',(-11.2793337630802,-5.5037909153315,-2.));
#4243=CARTESIAN_POINT('Ctrl Pts',(-11.2793337630802,-5.5037909153315,2.));
#4244=CARTESIAN_POINT('Ctrl Pts',(-9.07416487545293,-5.05562804797419,-2.));
#4245=CARTESIAN_POINT('Ctrl Pts',(-9.07416487545293,-5.05562804797419,2.));
#4246=CARTESIAN_POINT('Ctrl Pts',(-6.98532454250995,-4.81802458393555,-2.));
#4247=CARTESIAN_POINT('Ctrl Pts',(-6.98532454250995,-4.81802458393555,2.));
#4248=CARTESIAN_POINT('Ctrl Pts',(-5.34419749308419,-4.94777483782764,-2.));
#4249=CARTESIAN_POINT('Ctrl Pts',(-5.34419749308419,-4.94777483782764,2.));
#4250=CARTESIAN_POINT('Ctrl Pts',(-4.09896190095633,-5.29379568204663,-2.));
#4251=CARTESIAN_POINT('Ctrl Pts',(-4.09896190095633,-5.29379568204663,2.));
#4252=CARTESIAN_POINT('Ctrl Pts',(-3.25804523355472,-5.64413455866612,-2.));
#4253=CARTESIAN_POINT('Ctrl Pts',(-3.25804523355472,-5.64413455866612,2.));
#4254=CARTESIAN_POINT('Ctrl Pts',(-2.83489724716359,-5.84921854592766,-2.));
#4255=CARTESIAN_POINT('Ctrl Pts',(-2.83489724716359,-5.84921854592766,2.));
#4256=CARTESIAN_POINT('',(-30.207125851473,-15.1664040487947,0.));
#4257=CARTESIAN_POINT('Origin',(-36.5858984608364,-16.4159079495661,0.));
#4258=CARTESIAN_POINT('Origin',(-18.2929492304185,10.1306530608695,2.));
#4259=CARTESIAN_POINT('Origin',(-19.4173110385452,36.6772140713057,2.));
#4260=CARTESIAN_POINT('',(-10.304854727264,5.88571693971389,2.));
#4261=CARTESIAN_POINT('',(-18.0188741319086,22.9244410880193,2.));
#4262=CARTESIAN_POINT('Ctrl Pts',(-10.304854727264,5.88571693971389,2.));
#4263=CARTESIAN_POINT('Ctrl Pts',(-11.5467111430593,6.87785512898234,2.));
#4264=CARTESIAN_POINT('Ctrl Pts',(-12.6181623502297,8.09973264667737,1.99999999999999));
#4265=CARTESIAN_POINT('Ctrl Pts',(-14.1921196154634,10.4509523581558,1.99999999999999));
#4266=CARTESIAN_POINT('Ctrl Pts',(-15.5726083914207,13.0156430339678,1.99999999999999));
#4267=CARTESIAN_POINT('Ctrl Pts',(-16.5064146229708,15.7623262787137,2.));
#4268=CARTESIAN_POINT('Ctrl Pts',(-17.4338156008352,19.1887625892979,2.));
#4269=CARTESIAN_POINT('Ctrl Pts',(-17.7958578974579,21.0541813535138,2.));
#4270=CARTESIAN_POINT('Ctrl Pts',(-18.0188741319086,22.9244410880193,2.));
#4271=CARTESIAN_POINT('',(-9.49224019516047,3.14600954820208,2.));
#4272=CARTESIAN_POINT('Origin',(-11.8653002439506,3.9325119352526,2.));
#4273=CARTESIAN_POINT('',(-9.99553844391724,0.29868246713064,2.));
#4274=CARTESIAN_POINT('Origin',(-3.33066907387547E-15,8.88178419700125E-15,
2.));
#4275=CARTESIAN_POINT('',(-12.0175112707446,-2.08073639084858,2.));
#4276=CARTESIAN_POINT('Origin',(-12.4944230548966,0.373353083913299,2.));
#4277=CARTESIAN_POINT('',(-30.5173402003302,-6.40598209328423,2.));
#4278=CARTESIAN_POINT('Ctrl Pts',(-30.5173402003302,-6.40598209328423,2.));
#4279=CARTESIAN_POINT('Ctrl Pts',(-29.5487330281592,-5.6255720861457,2.));
#4280=CARTESIAN_POINT('Ctrl Pts',(-28.4241384398317,-5.04124084952587,2.00000000000001));
#4281=CARTESIAN_POINT('Ctrl Pts',(-25.5791283070371,-4.02348275613729,2.));
#4282=CARTESIAN_POINT('Ctrl Pts',(-23.8191220217359,-3.72978008568406,2.00000000000002));
#4283=CARTESIAN_POINT('Ctrl Pts',(-21.822766104749,-3.47387155619984,2.00000000000002));
#4284=CARTESIAN_POINT('Ctrl Pts',(-19.736228621522,-3.21705846222594,2.00000000000001));
#4285=CARTESIAN_POINT('Ctrl Pts',(-17.6448666513828,-3.02828760437606,2.00000000000001));
#4286=CARTESIAN_POINT('Ctrl Pts',(-14.5330691712533,-2.56958299066189,2.00000000000001));
#4287=CARTESIAN_POINT('Ctrl Pts',(-13.2748105449784,-2.32507175280432,2.));
#4288=CARTESIAN_POINT('Ctrl Pts',(-12.0175112707455,-2.08073639084875,2.));
#4289=CARTESIAN_POINT('',(-34.5846829335802,-4.38323513650085,2.));
#4290=CARTESIAN_POINT('Origin',(-32.0858384832264,-4.45923785313566,2.));
#4291=CARTESIAN_POINT('',(-22.8829434957185,23.3885056254236,1.99999999999999));
#4292=CARTESIAN_POINT('Ctrl Pts',(-22.8829434957185,23.3885056254236,1.99999999999999));
#4293=CARTESIAN_POINT('Ctrl Pts',(-23.3646651599672,21.8790578553595,1.99999999999999));
#4294=CARTESIAN_POINT('Ctrl Pts',(-23.9737733491375,20.4271161665201,1.99999999999998));
#4295=CARTESIAN_POINT('Ctrl Pts',(-26.1170874687709,16.4140037122711,2.));
#4296=CARTESIAN_POINT('Ctrl Pts',(-27.9840054356892,14.0202039339634,1.99999999999999));
#4297=CARTESIAN_POINT('Ctrl Pts',(-30.5246287658975,10.8361230079177,1.99999999999999));
#4298=CARTESIAN_POINT('Ctrl Pts',(-31.6813839279106,9.36855321451899,2.));
#4299=CARTESIAN_POINT('Ctrl Pts',(-32.7268084047281,7.84151877895277,2.));
#4300=CARTESIAN_POINT('Ctrl Pts',(-33.3276439384697,6.79301875208811,2.));
#4301=CARTESIAN_POINT('Ctrl Pts',(-33.6173559877852,6.24440989667542,2.));
#4302=CARTESIAN_POINT('Ctrl Pts',(-34.1851450751225,4.92193904295017,2.));
#4303=CARTESIAN_POINT('Ctrl Pts',(-34.4352064038887,3.92303605055989,2.));
#4304=CARTESIAN_POINT('Ctrl Pts',(-34.7111167465696,1.91341215738143,2.00000000000001));
#4305=CARTESIAN_POINT('Ctrl Pts',(-34.6840051571403,0.682297376750207,1.99999999999999));
#4306=CARTESIAN_POINT('Ctrl Pts',(-34.6326145904171,-0.867378947491614,
1.99999999999999));
#4307=CARTESIAN_POINT('Ctrl Pts',(-34.5872877487882,-2.14782068211813,1.99999999999999));
#4308=CARTESIAN_POINT('Ctrl Pts',(-34.5556439479743,-3.42848100088198,1.99999999999999));
#4309=CARTESIAN_POINT('Ctrl Pts',(-34.5846829335802,-4.38323513650084,1.99999999999999));
#4310=CARTESIAN_POINT('Origin',(-20.5012877050615,22.628429514215,2.));
#4311=CARTESIAN_POINT('',(-3.50000000000001,8.88178419700125E-15,2.));
#4312=CARTESIAN_POINT('Origin',(-3.33066907387547E-15,8.88178419700125E-15,
2.));
#4313=CARTESIAN_POINT('',(-38.0858984608364,-16.4159079495661,2.));
#4314=CARTESIAN_POINT('Origin',(-36.5858984608364,-16.4159079495661,2.));
#4315=CARTESIAN_POINT('Ctrl Pts',(-33.0853762633679,-4.42883676648174,-0.5));
#4316=CARTESIAN_POINT('Ctrl Pts',(-33.0919756482062,-4.64581369716164,-0.5));
#4317=CARTESIAN_POINT('Ctrl Pts',(-32.9591707553104,-5.08155301202304,-0.5));
#4318=CARTESIAN_POINT('Ctrl Pts',(-32.3082810016175,-5.55325661462827,-0.5));
#4319=CARTESIAN_POINT('Ctrl Pts',(-31.7119955228772,-5.44222674256129,-0.5));
#4320=CARTESIAN_POINT('Ctrl Pts',(-31.4584391700679,-5.23793554919509,-0.5));
#4321=CARTESIAN_POINT('Ctrl Pts',(-33.0853762633679,-4.42883676648174,-0.612199737628207));
#4322=CARTESIAN_POINT('Ctrl Pts',(-33.091974607194,-4.64577947039105,-0.612199737628207));
#4323=CARTESIAN_POINT('Ctrl Pts',(-32.9591006677217,-5.08150585235413,-0.612199737628207));
#4324=CARTESIAN_POINT('Ctrl Pts',(-32.3083018360406,-5.55314598098281,-0.612199737628207));
#4325=CARTESIAN_POINT('Ctrl Pts',(-31.7119555259287,-5.44219451688739,-0.612199737628207));
#4326=CARTESIAN_POINT('Ctrl Pts',(-31.4584391700679,-5.23793554919509,-0.612199737628207));
#4327=CARTESIAN_POINT('Ctrl Pts',(-33.0866355615156,-4.4287984647458,-0.834283278985128));
#4328=CARTESIAN_POINT('Ctrl Pts',(-33.0932424174612,-4.64602103316084,-0.834283278985128));
#4329=CARTESIAN_POINT('Ctrl Pts',(-32.9602142713183,-5.0822988504823,-0.834283278985129));
#4330=CARTESIAN_POINT('Ctrl Pts',(-32.3085781306698,-5.55454532268881,-0.834283278985129));
#4331=CARTESIAN_POINT('Ctrl Pts',(-31.7114921237108,-5.44343908491573,-0.834283278985129));
#4332=CARTESIAN_POINT('Ctrl Pts',(-31.4576487219142,-5.23891661522957,-0.834283278985129));
#4333=CARTESIAN_POINT('Ctrl Pts',(-33.1602472360073,-4.42655955498229,-1.16474722788469));
#4334=CARTESIAN_POINT('Ctrl Pts',(-33.1673413652951,-4.65980287029864,-1.16474722788469));
#4335=CARTESIAN_POINT('Ctrl Pts',(-33.0246160752991,-5.12818663631276,-1.16474722788469));
#4336=CARTESIAN_POINT('Ctrl Pts',(-32.3249349133193,-5.63524869663723,-1.16474722788469));
#4337=CARTESIAN_POINT('Ctrl Pts',(-31.6840084842621,-5.51587091407856,-1.16474722788469));
#4338=CARTESIAN_POINT('Ctrl Pts',(-31.4114434509038,-5.29626436382755,-1.16474722788469));
#4339=CARTESIAN_POINT('Ctrl Pts',(-33.3366874596191,-4.42119309997295,-1.48013359752045));
#4340=CARTESIAN_POINT('Ctrl Pts',(-33.3449454898462,-4.69270356588149,-1.48013359752045));
#4341=CARTESIAN_POINT('Ctrl Pts',(-33.1787086274837,-5.23799197542212,-1.48013359752045));
#4342=CARTESIAN_POINT('Ctrl Pts',(-32.364221573671,-5.82825693798238,-1.48013359752046));
#4343=CARTESIAN_POINT('Ctrl Pts',(-31.6179773012318,-5.68935787481283,-1.48013359752046));
#4344=CARTESIAN_POINT('Ctrl Pts',(-31.3006937851014,-5.43372149486193,-1.48013359752046));
#4345=CARTESIAN_POINT('Ctrl Pts',(-33.6050327183156,-4.4130313399826,-1.74875935029585));
#4346=CARTESIAN_POINT('Ctrl Pts',(-33.6150629603013,-4.74280921676524,-1.74875935029585));
#4347=CARTESIAN_POINT('Ctrl Pts',(-33.4132038379917,-5.40508623043021,-1.74875935029585));
#4348=CARTESIAN_POINT('Ctrl Pts',(-32.4239309816553,-6.12201837107014,-1.74875935029585));
#4349=CARTESIAN_POINT('Ctrl Pts',(-31.5176303357806,-5.95327509763253,-1.74875935029585));
#4350=CARTESIAN_POINT('Ctrl Pts',(-31.1322562989548,-5.6427779596069,-1.74875935029585));
#4351=CARTESIAN_POINT('Ctrl Pts',(-33.9201479863066,-4.40344706337146,-1.92483981513169));
#4352=CARTESIAN_POINT('Ctrl Pts',(-33.9322593818603,-4.80164985013267,-1.92483981513169));
#4353=CARTESIAN_POINT('Ctrl Pts',(-33.6885735107876,-5.60130623508459,-1.92483981513169));
#4354=CARTESIAN_POINT('Ctrl Pts',(-32.4940459215462,-6.46698622685567,-1.92483981513169));
#4355=CARTESIAN_POINT('Ctrl Pts',(-31.3997962474518,-6.26319249307013,-1.92483981513169));
#4356=CARTESIAN_POINT('Ctrl Pts',(-30.9344617716932,-5.8882709645266,-1.92483981513169));
#4357=CARTESIAN_POINT('Ctrl Pts',(-34.2506500037462,-4.39339479654263,-1.99899299429733));
#4358=CARTESIAN_POINT('Ctrl Pts',(-34.2649426764375,-4.86331439174619,-1.99899299429733));
#4359=CARTESIAN_POINT('Ctrl Pts',(-33.9772884104871,-5.80703964157974,-1.99899299429733));
#4360=CARTESIAN_POINT('Ctrl Pts',(-32.5676144608327,-6.82863941050894,-1.99899299429733));
#4361=CARTESIAN_POINT('Ctrl Pts',(-31.2761509276446,-6.588196490433,-1.99899299429733));
#4362=CARTESIAN_POINT('Ctrl Pts',(-30.7270091442299,-6.14575113649848,-1.99899299429733));
#4363=CARTESIAN_POINT('Ctrl Pts',(-34.4725350568989,-4.38664613044703,-2.));
#4364=CARTESIAN_POINT('Ctrl Pts',(-34.4882936298267,-4.90476211695144,-2.));
#4365=CARTESIAN_POINT('Ctrl Pts',(-34.1712192197841,-5.9452275253898,-2.));
#4366=CARTESIAN_POINT('Ctrl Pts',(-32.6169755777819,-7.07159566137095,-2.));
#4367=CARTESIAN_POINT('Ctrl Pts',(-31.1931976833562,-6.80643631909401,-2.));
#4368=CARTESIAN_POINT('Ctrl Pts',(-30.5877342386547,-6.31861241609467,-2.));
#4369=CARTESIAN_POINT('Ctrl Pts',(-34.5846829335802,-4.38323513650085,-1.99999999999999));
#4370=CARTESIAN_POINT('Ctrl Pts',(-34.6011813956758,-4.92567746320062,-1.99999999999999));
#4371=CARTESIAN_POINT('Ctrl Pts',(-34.2691691634363,-6.01502575035413,-2.));
#4372=CARTESIAN_POINT('Ctrl Pts',(-32.6419447792041,-7.19428475686719,-2.));
#4373=CARTESIAN_POINT('Ctrl Pts',(-31.1512310823533,-6.91671007669973,-2.));
#4374=CARTESIAN_POINT('Ctrl Pts',(-30.5173402003302,-6.40598209328423,-2.));
#4375=CARTESIAN_POINT('',(-31.4584391700679,-5.23793554919509,-0.5));
#4376=CARTESIAN_POINT('Ctrl Pts',(-31.4584391700679,-5.23793554919509,-0.5));
#4377=CARTESIAN_POINT('Ctrl Pts',(-31.4584391700679,-5.23793554919509,-0.612199737628207));
#4378=CARTESIAN_POINT('Ctrl Pts',(-31.4576487219142,-5.23891661522957,-0.834283278985129));
#4379=CARTESIAN_POINT('Ctrl Pts',(-31.4114434509038,-5.29626436382755,-1.16474722788469));
#4380=CARTESIAN_POINT('Ctrl Pts',(-31.3006937851014,-5.43372149486193,-1.48013359752046));
#4381=CARTESIAN_POINT('Ctrl Pts',(-31.1322562989548,-5.6427779596069,-1.74875935029585));
#4382=CARTESIAN_POINT('Ctrl Pts',(-30.9344617716932,-5.8882709645266,-1.92483981513169));
#4383=CARTESIAN_POINT('Ctrl Pts',(-30.7270091442299,-6.14575113649848,-1.99899299429733));
#4384=CARTESIAN_POINT('Ctrl Pts',(-30.5877342386547,-6.31861241609467,-2.));
#4385=CARTESIAN_POINT('Ctrl Pts',(-30.5173402003302,-6.40598209328423,-2.));
#4386=CARTESIAN_POINT('',(-33.0853762633679,-4.42883676648174,-0.5));
#4387=CARTESIAN_POINT('Ctrl Pts',(-34.5846829335802,-4.38323513650085,-1.99999999999999));
#4388=CARTESIAN_POINT('Ctrl Pts',(-34.4725350568989,-4.38664613044703,-2.));
#4389=CARTESIAN_POINT('Ctrl Pts',(-34.2506500037462,-4.39339479654263,-1.99899299429733));
#4390=CARTESIAN_POINT('Ctrl Pts',(-33.9201479863066,-4.40344706337146,-1.92483981513169));
#4391=CARTESIAN_POINT('Ctrl Pts',(-33.6050327183156,-4.4130313399826,-1.74875935029585));
#4392=CARTESIAN_POINT('Ctrl Pts',(-33.3366874596191,-4.42119309997295,-1.48013359752045));
#4393=CARTESIAN_POINT('Ctrl Pts',(-33.1602472360073,-4.42655955498229,-1.16474722788469));
#4394=CARTESIAN_POINT('Ctrl Pts',(-33.0866355615156,-4.4287984647458,-0.834283278985128));
#4395=CARTESIAN_POINT('Ctrl Pts',(-33.0853762633679,-4.42883676648174,-0.612199737628207));
#4396=CARTESIAN_POINT('Ctrl Pts',(-33.0853762633679,-4.42883676648174,-0.5));
#4397=CARTESIAN_POINT('Origin',(-32.0858384832264,-4.45923785313566,-0.5));
#4398=CARTESIAN_POINT('Ctrl Pts',(-31.4584391700671,-5.23793554919446,-0.5));
#4399=CARTESIAN_POINT('Ctrl Pts',(-30.3334919245936,-4.33156182711835,-0.5));
#4400=CARTESIAN_POINT('Ctrl Pts',(-29.0560169943337,-3.67419381425565,-0.5));
#4401=CARTESIAN_POINT('Ctrl Pts',(-25.928025727724,-2.55520362475002,-0.5));
#4402=CARTESIAN_POINT('Ctrl Pts',(-24.0370744998857,-2.24544506702735,-0.5));
#4403=CARTESIAN_POINT('Ctrl Pts',(-22.0168584850449,-1.98647796341655,-0.5));
#4404=CARTESIAN_POINT('Ctrl Pts',(-19.8989338993479,-1.72519786355737,-0.5));
#4405=CARTESIAN_POINT('Ctrl Pts',(-17.806441276249,-1.53589572369282,-0.5));
#4406=CARTESIAN_POINT('Ctrl Pts',(-14.7936873915121,-1.09179095282045,-0.5));
#4407=CARTESIAN_POINT('Ctrl Pts',(-13.5627097737665,-0.852958570992464,
-0.5));
#4408=CARTESIAN_POINT('Ctrl Pts',(-12.3036583412358,-0.608282705991453,
-0.5));
#4409=CARTESIAN_POINT('Ctrl Pts',(-31.4584391700671,-5.23793554919446,-0.724399475256414));
#4410=CARTESIAN_POINT('Ctrl Pts',(-30.3334919245936,-4.33156182711835,-0.724399475256414));
#4411=CARTESIAN_POINT('Ctrl Pts',(-29.0560169943337,-3.67419381425565,-0.724399475256413));
#4412=CARTESIAN_POINT('Ctrl Pts',(-25.928025727724,-2.55520362475002,-0.724399475256414));
#4413=CARTESIAN_POINT('Ctrl Pts',(-24.0370744998857,-2.24544506702735,-0.724399475256413));
#4414=CARTESIAN_POINT('Ctrl Pts',(-22.0168584850449,-1.98647796341655,-0.724399475256414));
#4415=CARTESIAN_POINT('Ctrl Pts',(-19.8989338993479,-1.72519786355737,-0.724399475256414));
#4416=CARTESIAN_POINT('Ctrl Pts',(-17.806441276249,-1.53589572369282,-0.724399475256413));
#4417=CARTESIAN_POINT('Ctrl Pts',(-14.7936873915121,-1.09179095282045,-0.724399475256413));
#4418=CARTESIAN_POINT('Ctrl Pts',(-13.5627097737665,-0.852958570992464,
-0.724399475256414));
#4419=CARTESIAN_POINT('Ctrl Pts',(-12.3036583412358,-0.608282705991453,
-0.724399475256414));
#4420=CARTESIAN_POINT('Ctrl Pts',(-31.4484124626793,-5.25038021366604,-1.16829017235829));
#4421=CARTESIAN_POINT('Ctrl Pts',(-30.3248696303898,-4.34539712891264,-1.16829017235829));
#4422=CARTESIAN_POINT('Ctrl Pts',(-29.0489569748228,-3.68880161501978,-1.16829017235829));
#4423=CARTESIAN_POINT('Ctrl Pts',(-25.9239553307822,-2.57082481714074,-1.16829017235829));
#4424=CARTESIAN_POINT('Ctrl Pts',(-24.0343561346059,-2.26136004424013,-1.16829017235829));
#4425=CARTESIAN_POINT('Ctrl Pts',(-22.0148974938796,-2.00235384406726,-1.16829017235829));
#4426=CARTESIAN_POINT('Ctrl Pts',(-19.8975653938517,-1.74128310038239,-1.16829017235829));
#4427=CARTESIAN_POINT('Ctrl Pts',(-17.8050719105873,-1.55203979626831,-1.16829017235829));
#4428=CARTESIAN_POINT('Ctrl Pts',(-14.7910919483763,-1.1075740013902,-1.16829017235829));
#4429=CARTESIAN_POINT('Ctrl Pts',(-13.5598756873855,-0.86870743223629,-1.16829017235829));
#4430=CARTESIAN_POINT('Ctrl Pts',(-12.3006096576882,-0.623970601435954,
-1.16829017235829));
#4431=CARTESIAN_POINT('Ctrl Pts',(-31.1616127329116,-5.60634217300627,-1.76886554088153));
#4432=CARTESIAN_POINT('Ctrl Pts',(-30.0865033356882,-4.7401959416772,-1.76886554088153));
#4433=CARTESIAN_POINT('Ctrl Pts',(-28.8552343413368,-4.10487967500305,-1.76886554088152));
#4434=CARTESIAN_POINT('Ctrl Pts',(-25.8193874085049,-3.01883688706164,-1.76886554088152));
#4435=CARTESIAN_POINT('Ctrl Pts',(-23.9667533566644,-2.71345068243533,-1.76886554088153));
#4436=CARTESIAN_POINT('Ctrl Pts',(-21.9579955309065,-2.45591402509449,-1.76886554088153));
#4437=CARTESIAN_POINT('Ctrl Pts',(-19.8508222411267,-2.19608782317855,-1.76886554088152));
#4438=CARTESIAN_POINT('Ctrl Pts',(-17.7577687041624,-2.00699359215654,-1.76886554088153));
#4439=CARTESIAN_POINT('Ctrl Pts',(-14.7115371465363,-1.55790315980987,-1.76886554088153));
#4440=CARTESIAN_POINT('Ctrl Pts',(-13.4720172904775,-1.31729625756787,-1.76886554088152));
#4441=CARTESIAN_POINT('Ctrl Pts',(-12.2134063930692,-1.07270057829502,-1.76886554088153));
#4442=CARTESIAN_POINT('Ctrl Pts',(-30.8816973016838,-5.95375967381816,-1.95459179503764));
#4443=CARTESIAN_POINT('Ctrl Pts',(-29.8535477275935,-5.12555346055329,-1.95459179503764));
#4444=CARTESIAN_POINT('Ctrl Pts',(-28.6658523928389,-4.51103641201339,-1.95459179503763));
#4445=CARTESIAN_POINT('Ctrl Pts',(-25.7168830598427,-3.45605014315442,-1.95459179503763));
#4446=CARTESIAN_POINT('Ctrl Pts',(-23.9003911351501,-3.15480740609244,-1.95459179503765));
#4447=CARTESIAN_POINT('Ctrl Pts',(-21.9024899484123,-2.89860759976049,-1.95459179503764));
#4448=CARTESIAN_POINT('Ctrl Pts',(-19.8054871616936,-2.64017464178922,-1.95459179503764));
#4449=CARTESIAN_POINT('Ctrl Pts',(-17.7119071710167,-2.45128364559131,-1.95459179503765));
#4450=CARTESIAN_POINT('Ctrl Pts',(-14.6340920764291,-1.99746494030704,-1.95459179503764));
#4451=CARTESIAN_POINT('Ctrl Pts',(-13.3865235644178,-1.75518818155637,-1.95459179503763));
#4452=CARTESIAN_POINT('Ctrl Pts',(-12.1282963427911,-1.51065930677464,-1.95459179503764));
#4453=CARTESIAN_POINT('Ctrl Pts',(-30.67510186515,-6.21017594184921,-1.99854048599503));
#4454=CARTESIAN_POINT('Ctrl Pts',(-29.6818859119316,-5.4099406645169,-1.99854048599503));
#4455=CARTESIAN_POINT('Ctrl Pts',(-28.526349289282,-4.81074764387589,-1.99854048599502));
#4456=CARTESIAN_POINT('Ctrl Pts',(-25.6416220270152,-3.77878090956787,-1.99854048599502));
#4457=CARTESIAN_POINT('Ctrl Pts',(-23.8517486033784,-3.48045274920133,-1.99854048599503));
#4458=CARTESIAN_POINT('Ctrl Pts',(-21.8614963802845,-3.2253255319455,-1.99854048599503));
#4459=CARTESIAN_POINT('Ctrl Pts',(-19.7717747210927,-2.96776339872102,-1.99854048599503));
#4460=CARTESIAN_POINT('Ctrl Pts',(-17.6777883988606,-2.77897148441875,-1.99854048599504));
#4461=CARTESIAN_POINT('Ctrl Pts',(-14.5767562085653,-2.32185229762753,-1.99854048599503));
#4462=CARTESIAN_POINT('Ctrl Pts',(-13.323198225735,-2.07831776740073,-1.99854048599503));
#4463=CARTESIAN_POINT('Ctrl Pts',(-12.0654796988014,-1.83390077401774,-1.99854048599503));
#4464=CARTESIAN_POINT('Ctrl Pts',(-30.587734238654,-6.31861241609413,-2.));
#4465=CARTESIAN_POINT('Ctrl Pts',(-29.6091264706364,-5.53022460966021,-2.));
#4466=CARTESIAN_POINT('Ctrl Pts',(-28.467190379201,-4.93752831618552,-1.99999999999999));
#4467=CARTESIAN_POINT('Ctrl Pts',(-25.6095578984904,-3.9152375147486,-1.99999999999999));
#4468=CARTESIAN_POINT('Ctrl Pts',(-23.8309753354481,-3.61822826056887,-2.00000000000001));
#4469=CARTESIAN_POINT('Ctrl Pts',(-21.8441767001028,-3.36350296022228,-2.));
#4470=CARTESIAN_POINT('Ctrl Pts',(-19.7576697213424,-3.10640381383063,-2.));
#4471=CARTESIAN_POINT('Ctrl Pts',(-17.6635222562067,-2.91768442745588,-2.00000000000001));
#4472=CARTESIAN_POINT('Ctrl Pts',(-14.5526154535012,-2.45905563880419,-2.00000000000001));
#4473=CARTESIAN_POINT('Ctrl Pts',(-13.2965540722319,-2.21500443094627,-2.));
#4474=CARTESIAN_POINT('Ctrl Pts',(-12.0389150215661,-1.97059711277481,-2.));
#4475=CARTESIAN_POINT('Ctrl Pts',(-30.5173402003295,-6.40598209328369,-2.));
#4476=CARTESIAN_POINT('Ctrl Pts',(-29.5506572661459,-5.62712245106582,-2.));
#4477=CARTESIAN_POINT('Ctrl Pts',(-28.4196786200888,-5.03964541842849,-1.99999999999999));
#4478=CARTESIAN_POINT('Ctrl Pts',(-25.5839451743792,-4.02520591545594,-1.99999999999999));
#4479=CARTESIAN_POINT('Ctrl Pts',(-23.8144279331851,-3.72917836066695,-2.));
#4480=CARTESIAN_POINT('Ctrl Pts',(-21.8302066719668,-3.4748253463527,-2.));
#4481=CARTESIAN_POINT('Ctrl Pts',(-19.7461627322994,-3.21801041988392,-2.));
#4482=CARTESIAN_POINT('Ctrl Pts',(-17.6518754054271,-3.02932075252823,-2.00000000000001));
#4483=CARTESIAN_POINT('Ctrl Pts',(-14.5330651813583,-2.56958240251845,-2.00000000000001));
#4484=CARTESIAN_POINT('Ctrl Pts',(-13.2749590920299,-2.32510062047198,-2.));
#4485=CARTESIAN_POINT('Ctrl Pts',(-12.0175112707446,-2.08073639084858,-2.));
#4486=CARTESIAN_POINT('',(-12.3036583412358,-0.608282705991453,-0.5));
#4487=CARTESIAN_POINT('Ctrl Pts',(-12.3036583412358,-0.608282705991453,
-0.5));
#4488=CARTESIAN_POINT('Ctrl Pts',(-12.3036583412358,-0.608282705991453,
-0.724399475256414));
#4489=CARTESIAN_POINT('Ctrl Pts',(-12.3006096576882,-0.623970601435954,
-1.16829017235829));
#4490=CARTESIAN_POINT('Ctrl Pts',(-12.2134063930692,-1.07270057829502,-1.76886554088153));
#4491=CARTESIAN_POINT('Ctrl Pts',(-12.1282963427911,-1.51065930677464,-1.95459179503764));
#4492=CARTESIAN_POINT('Ctrl Pts',(-12.0654796988014,-1.83390077401774,-1.99854048599503));
#4493=CARTESIAN_POINT('Ctrl Pts',(-12.0389150215661,-1.97059711277481,-2.));
#4494=CARTESIAN_POINT('Ctrl Pts',(-12.0175112707446,-2.08073639084858,-2.));
#4495=CARTESIAN_POINT('Ctrl Pts',(-31.4584391700671,-5.23793554919446,-0.5));
#4496=CARTESIAN_POINT('Ctrl Pts',(-30.3334919245936,-4.33156182711835,-0.5));
#4497=CARTESIAN_POINT('Ctrl Pts',(-29.0560169943337,-3.67419381425565,-0.5));
#4498=CARTESIAN_POINT('Ctrl Pts',(-25.928025727724,-2.55520362475002,-0.5));
#4499=CARTESIAN_POINT('Ctrl Pts',(-24.0370744998857,-2.24544506702735,-0.5));
#4500=CARTESIAN_POINT('Ctrl Pts',(-22.0168584850449,-1.98647796341655,-0.5));
#4501=CARTESIAN_POINT('Ctrl Pts',(-19.8989338993479,-1.72519786355737,-0.5));
#4502=CARTESIAN_POINT('Ctrl Pts',(-17.806441276249,-1.53589572369282,-0.5));
#4503=CARTESIAN_POINT('Ctrl Pts',(-14.7936873915121,-1.09179095282045,-0.5));
#4504=CARTESIAN_POINT('Ctrl Pts',(-13.5627097737665,-0.852958570992464,
-0.5));
#4505=CARTESIAN_POINT('Ctrl Pts',(-12.3036583412358,-0.608282705991453,
-0.5));
#4506=CARTESIAN_POINT('Ctrl Pts',(-9.99553844391724,0.29868246713064,-2.));
#4507=CARTESIAN_POINT('Ctrl Pts',(-10.0099278724159,-0.182866005152189,
-2.));
#4508=CARTESIAN_POINT('Ctrl Pts',(-10.3769457459941,-1.29760019540997,-2.));
#4509=CARTESIAN_POINT('Ctrl Pts',(-11.3869563251636,-1.95819844461822,-2.));
#4510=CARTESIAN_POINT('Ctrl Pts',(-12.0175112707446,-2.08073639084858,-2.));
#4511=CARTESIAN_POINT('Ctrl Pts',(-10.1076881230033,0.30203367657526,-2.));
#4512=CARTESIAN_POINT('Ctrl Pts',(-10.1214322366309,-0.15791905336723,-2.));
#4513=CARTESIAN_POINT('Ctrl Pts',(-10.4719693646371,-1.22263003952931,-2.));
#4514=CARTESIAN_POINT('Ctrl Pts',(-11.4366382305635,-1.85355455914981,-2.));
#4515=CARTESIAN_POINT('Ctrl Pts',(-12.0389150215661,-1.97059711277481,-2.));
#4516=CARTESIAN_POINT('Ctrl Pts',(-10.3296164910383,0.308665246536489,-1.99886519915297));
#4517=CARTESIAN_POINT('Ctrl Pts',(-10.3420821113604,-0.10850214984298,-1.99886519915297));
#4518=CARTESIAN_POINT('Ctrl Pts',(-10.6600344168343,-1.07420565821394,-1.99886519915297));
#4519=CARTESIAN_POINT('Ctrl Pts',(-11.5350177109798,-1.64649192401023,-1.99886519915297));
#4520=CARTESIAN_POINT('Ctrl Pts',(-12.0812700200676,-1.75264704427106,-1.99886519915297));
#4521=CARTESIAN_POINT('Ctrl Pts',(-10.6599886114318,0.318537287001738,-1.92509758807272));
#4522=CARTESIAN_POINT('Ctrl Pts',(-10.6705518620682,-0.0349664818763878,
-1.92509758807272));
#4523=CARTESIAN_POINT('Ctrl Pts',(-10.9399810518943,-0.853293713157848,
-1.92509758807272));
#4524=CARTESIAN_POINT('Ctrl Pts',(-11.681432371344,-1.33824233092173,-1.92509758807272));
#4525=CARTESIAN_POINT('Ctrl Pts',(-12.1443214937846,-1.42819719178478,-1.92509758807272));
#4526=CARTESIAN_POINT('Ctrl Pts',(-10.9752226437512,0.327956977499152,-1.74860743968161));
#4527=CARTESIAN_POINT('Ctrl Pts',(-10.983970646281,0.0352012746485285,-1.74860743968161));
#4528=CARTESIAN_POINT('Ctrl Pts',(-11.2071010048615,-0.642502068187188,
-1.74860743968161));
#4529=CARTESIAN_POINT('Ctrl Pts',(-11.8211402003938,-1.04411754707409,-1.74860743968161));
#4530=CARTESIAN_POINT('Ctrl Pts',(-12.2044838654757,-1.11861406121415,-1.74860743968161));
#4531=CARTESIAN_POINT('Ctrl Pts',(-11.2437422310847,0.335980766639444,-1.48011030138664));
#4532=CARTESIAN_POINT('Ctrl Pts',(-11.250944589822,0.0949507043909825,-1.48011030138664));
#4533=CARTESIAN_POINT('Ctrl Pts',(-11.4346258184182,-0.46297522367215,-1.48011030138664));
#4534=CARTESIAN_POINT('Ctrl Pts',(-11.9401183321056,-0.793573897760632,
-1.48011030138664));
#4535=CARTESIAN_POINT('Ctrl Pts',(-12.2557307917692,-0.85490797004558,-1.48011030138664));
#4536=CARTESIAN_POINT('Ctrl Pts',(-11.4197522989681,0.34124022530795,-1.16484470907334));
#4537=CARTESIAN_POINT('Ctrl Pts',(-11.425939649695,0.134177846822749,-1.16484470907334));
#4538=CARTESIAN_POINT('Ctrl Pts',(-11.5837975977976,-0.345212948992873,
-1.16484470907334));
#4539=CARTESIAN_POINT('Ctrl Pts',(-12.0181881990587,-0.629362632588257,
-1.16484470907334));
#4540=CARTESIAN_POINT('Ctrl Pts',(-12.2893222890053,-0.682053067843644,
-1.16484470907334));
#4541=CARTESIAN_POINT('Ctrl Pts',(-11.4938684837195,0.343454933904195,-0.834187990477936));
#4542=CARTESIAN_POINT('Ctrl Pts',(-11.4996307639101,0.150617725470542,-0.834187990477936));
#4543=CARTESIAN_POINT('Ctrl Pts',(-11.646570900302,-0.295731594669328,-0.834187990477936));
#4544=CARTESIAN_POINT('Ctrl Pts',(-12.0509601545989,-0.560194887436618,
-0.834187990477937));
#4545=CARTESIAN_POINT('Ctrl Pts',(-12.3034673526665,-0.609265493696118,
-0.834187990477937));
#4546=CARTESIAN_POINT('Ctrl Pts',(-11.4948692105048,0.343484837200235,-0.612199737628207));
#4547=CARTESIAN_POINT('Ctrl Pts',(-11.5006240366605,0.15089708128055,-0.612199737628207));
#4548=CARTESIAN_POINT('Ctrl Pts',(-11.6474489093914,-0.294984907456881,
-0.612199737628207));
#4549=CARTESIAN_POINT('Ctrl Pts',(-12.0514777842551,-0.559275577035901,
-0.612199737628207));
#4550=CARTESIAN_POINT('Ctrl Pts',(-12.3036583412358,-0.608282705991447,
-0.612199737628207));
#4551=CARTESIAN_POINT('Ctrl Pts',(-11.4948692105048,0.343484837200235,-0.5));
#4552=CARTESIAN_POINT('Ctrl Pts',(-11.5006249819043,0.150865448287103,-0.5));
#4553=CARTESIAN_POINT('Ctrl Pts',(-11.6474321313356,-0.295028227816006,
-0.5));
#4554=CARTESIAN_POINT('Ctrl Pts',(-12.0514363630034,-0.559267527499305,
-0.5));
#4555=CARTESIAN_POINT('Ctrl Pts',(-12.3036583412358,-0.608282705991446,
-0.5));
#4556=CARTESIAN_POINT('',(-11.4948692105048,0.343484837200235,-0.5));
#4557=CARTESIAN_POINT('Origin',(-12.4944230548965,0.373353083913288,-0.499999999999997));
#4558=CARTESIAN_POINT('Ctrl Pts',(-11.4948692105048,0.343484837200235,-0.5));
#4559=CARTESIAN_POINT('Ctrl Pts',(-11.4948692105048,0.343484837200235,-0.612199737628207));
#4560=CARTESIAN_POINT('Ctrl Pts',(-11.4938684837195,0.343454933904195,-0.834187990477936));
#4561=CARTESIAN_POINT('Ctrl Pts',(-11.4197522989681,0.34124022530795,-1.16484470907334));
#4562=CARTESIAN_POINT('Ctrl Pts',(-11.2437422310847,0.335980766639444,-1.48011030138664));
#4563=CARTESIAN_POINT('Ctrl Pts',(-10.9752226437512,0.327956977499152,-1.74860743968161));
#4564=CARTESIAN_POINT('Ctrl Pts',(-10.6599886114318,0.318537287001738,-1.92509758807272));
#4565=CARTESIAN_POINT('Ctrl Pts',(-10.3296164910383,0.308665246536489,-1.99886519915297));
#4566=CARTESIAN_POINT('Ctrl Pts',(-10.1076881230033,0.30203367657526,-2.));
#4567=CARTESIAN_POINT('Ctrl Pts',(-9.99553844391724,0.29868246713064,-2.));
#4568=CARTESIAN_POINT('Ctrl Pts',(-11.4948692105048,0.343484837200235,-0.5));
#4569=CARTESIAN_POINT('Ctrl Pts',(-11.4616469512422,1.45528216780241,-0.5));
#4570=CARTESIAN_POINT('Ctrl Pts',(-11.2660048488268,2.56209519125534,-0.5));
#4571=CARTESIAN_POINT('Ctrl Pts',(-10.9160762244346,3.61791098043239,-0.5));
#4572=CARTESIAN_POINT('Ctrl Pts',(-11.4948692105048,0.343484837200235,-0.612199737628207));
#4573=CARTESIAN_POINT('Ctrl Pts',(-11.4616464977183,1.45529734517619,-0.612199737628207));
#4574=CARTESIAN_POINT('Ctrl Pts',(-11.2660096257744,2.56208077809708,-0.612199737628207));
#4575=CARTESIAN_POINT('Ctrl Pts',(-10.9160762244346,3.61791098043239,-0.612199737628207));
#4576=CARTESIAN_POINT('Ctrl Pts',(-11.4937351032362,0.343450948284806,-0.834227120788406));
#4577=CARTESIAN_POINT('Ctrl Pts',(-11.4605160713927,1.4551402719028,-0.834227120788406));
#4578=CARTESIAN_POINT('Ctrl Pts',(-11.264893852189,2.5618408093555,-0.834227120788406));
#4579=CARTESIAN_POINT('Ctrl Pts',(-10.9149992220638,3.61755402994734,-0.834227120788406));
#4580=CARTESIAN_POINT('Ctrl Pts',(-11.4200001849441,0.341247632532212,-1.16474683183837));
#4581=CARTESIAN_POINT('Ctrl Pts',(-11.3869945203611,1.44579652814178,-1.16474683183837));
#4582=CARTESIAN_POINT('Ctrl Pts',(-11.1926242677194,2.54541427064008,-1.16474683183837));
#4583=CARTESIAN_POINT('Ctrl Pts',(-10.8449770257483,3.59434660012411,-1.16474683183837));
#4584=CARTESIAN_POINT('Ctrl Pts',(-11.2435889914424,0.335976187597035,-1.48012151703319));
#4585=CARTESIAN_POINT('Ctrl Pts',(-11.211092798014,1.42347540981385,-1.48012151703319));
#4586=CARTESIAN_POINT('Ctrl Pts',(-11.0197295440567,2.50608155171963,-1.48012151703319));
#4587=CARTESIAN_POINT('Ctrl Pts',(-10.6774485397914,3.53882269790712,-1.48012151703319));
#4588=CARTESIAN_POINT('Ctrl Pts',(-10.9752114218295,0.327956642170418,-1.74876110261466));
#4589=CARTESIAN_POINT('Ctrl Pts',(-10.9434910318769,1.3894932642336,-1.74876110261466));
#4590=CARTESIAN_POINT('Ctrl Pts',(-10.7566938950529,2.44626734930015,-1.74876110261466));
#4591=CARTESIAN_POINT('Ctrl Pts',(-10.4225843953482,3.45435317170174,-1.74876110261466));
#4592=CARTESIAN_POINT('Ctrl Pts',(-10.6600862757777,0.318540205366561,-1.92485007741964));
#4593=CARTESIAN_POINT('Ctrl Pts',(-10.6292769055694,1.34958915614182,-1.92485007741964));
#4594=CARTESIAN_POINT('Ctrl Pts',(-10.4478402900016,2.37603697367402,-1.92485007741964));
#4595=CARTESIAN_POINT('Ctrl Pts',(-10.1233265219837,3.35517024884869,-1.92485007741964));
#4596=CARTESIAN_POINT('Ctrl Pts',(-10.3295771923778,0.308664072230477,-1.99899910583316));
#4597=CARTESIAN_POINT('Ctrl Pts',(-10.2997226860005,1.30775809031941,-1.99899910583316));
#4598=CARTESIAN_POINT('Ctrl Pts',(-10.1239155561992,2.30235801782819,-1.99899910583316));
#4599=CARTESIAN_POINT('Ctrl Pts',(-9.80945932774335,3.25114536434872,-1.99899910583316));
#4600=CARTESIAN_POINT('Ctrl Pts',(-10.1076881230033,0.30203367657526,-2.));
#4601=CARTESIAN_POINT('Ctrl Pts',(-10.0784753125126,1.27965306320736,-2.));
#4602=CARTESIAN_POINT('Ctrl Pts',(-9.90644015444992,2.25291368085964,-2.));
#4603=CARTESIAN_POINT('Ctrl Pts',(-9.59874288110056,3.18130769279049,-2.));
#4604=CARTESIAN_POINT('Ctrl Pts',(-9.99553844391724,0.29868246713064,-2.));
#4605=CARTESIAN_POINT('Ctrl Pts',(-9.96664952281929,1.26546275461079,-2.));
#4606=CARTESIAN_POINT('Ctrl Pts',(-9.79652595550157,2.22790886196116,-2.));
#4607=CARTESIAN_POINT('Ctrl Pts',(-9.49224019516047,3.14600954820208,-2.));
#4608=CARTESIAN_POINT('',(-10.9160762244346,3.61791098043239,-0.5));
#4609=CARTESIAN_POINT('Ctrl Pts',(-10.9160762244346,3.61791098043239,-0.5));
#4610=CARTESIAN_POINT('Ctrl Pts',(-10.9160762244346,3.61791098043239,-0.612199737628207));
#4611=CARTESIAN_POINT('Ctrl Pts',(-10.9149992220638,3.61755402994734,-0.834227120788406));
#4612=CARTESIAN_POINT('Ctrl Pts',(-10.8449770257483,3.59434660012411,-1.16474683183837));
#4613=CARTESIAN_POINT('Ctrl Pts',(-10.6774485397914,3.53882269790712,-1.48012151703319));
#4614=CARTESIAN_POINT('Ctrl Pts',(-10.4225843953482,3.45435317170174,-1.74876110261466));
#4615=CARTESIAN_POINT('Ctrl Pts',(-10.1233265219837,3.35517024884869,-1.92485007741964));
#4616=CARTESIAN_POINT('Ctrl Pts',(-9.80945932774335,3.25114536434872,-1.99899910583316));
#4617=CARTESIAN_POINT('Ctrl Pts',(-9.59874288110056,3.18130769279049,-2.));
#4618=CARTESIAN_POINT('Ctrl Pts',(-9.49224019516047,3.14600954820208,-2.));
#4619=CARTESIAN_POINT('Origin',(-3.33066907387547E-15,8.88178419700125E-15,
-0.5));
#4620=CARTESIAN_POINT('Ctrl Pts',(-10.304854727264,5.88571693971388,-2.));
#4621=CARTESIAN_POINT('Ctrl Pts',(-9.965355865079,5.61448607751215,-2.));
#4622=CARTESIAN_POINT('Ctrl Pts',(-9.34112801035589,4.770317749808,-2.));
#4623=CARTESIAN_POINT('Ctrl Pts',(-9.30996428461035,3.69597823018595,-2.));
#4624=CARTESIAN_POINT('Ctrl Pts',(-9.49224019516047,3.14600954820208,-2.));
#4625=CARTESIAN_POINT('Ctrl Pts',(-10.3748873582861,5.79805730410002,-2.));
#4626=CARTESIAN_POINT('Ctrl Pts',(-10.0506138168624,5.53899018480685,-2.));
#4627=CARTESIAN_POINT('Ctrl Pts',(-9.45439245469252,4.73271190998077,-2.));
#4628=CARTESIAN_POINT('Ctrl Pts',(-9.42464139914001,3.70661222851495,-2.));
#4629=CARTESIAN_POINT('Ctrl Pts',(-9.59874288110057,3.18130769279049,-2.));
#4630=CARTESIAN_POINT('Ctrl Pts',(-10.5134721419111,5.6245911432992,-1.99886439180187));
#4631=CARTESIAN_POINT('Ctrl Pts',(-10.2193628994083,5.38962274631506,-1.99886439180187));
#4632=CARTESIAN_POINT('Ctrl Pts',(-9.67858996444954,4.65831148941797,-1.99886439180187));
#4633=CARTESIAN_POINT('Ctrl Pts',(-9.65159044228071,3.72759788673143,-1.99886439180187));
#4634=CARTESIAN_POINT('Ctrl Pts',(-9.80949680353738,3.25115778493684,-1.99886439180187));
#4635=CARTESIAN_POINT('Ctrl Pts',(-10.7197749165335,5.36636257490782,-1.92509771209699));
#4636=CARTESIAN_POINT('Ctrl Pts',(-10.4705494818783,5.16725254228776,-1.92509771209699));
#4637=CARTESIAN_POINT('Ctrl Pts',(-10.0123038135745,4.5475469428002,-1.925097712097));
#4638=CARTESIAN_POINT('Ctrl Pts',(-9.98942502370703,3.75887029472264,-1.92509771209699));
#4639=CARTESIAN_POINT('Ctrl Pts',(-10.1232334045118,3.35513938696047,-1.92509771209699));
#4640=CARTESIAN_POINT('Ctrl Pts',(-10.916625081529,5.11996580982588,-1.74860666477738));
#4641=CARTESIAN_POINT('Ctrl Pts',(-10.7102279403548,4.95507195953034,-1.74860666477738));
#4642=CARTESIAN_POINT('Ctrl Pts',(-10.330729003724,4.44185799746072,-1.74860666477738));
#4643=CARTESIAN_POINT('Ctrl Pts',(-10.3117808737094,3.78870817356369,-1.74860666477738));
#4644=CARTESIAN_POINT('Ctrl Pts',(-10.4225948734981,3.45435664447099,-1.74860666477738));
#4645=CARTESIAN_POINT('Ctrl Pts',(-11.0843035760044,4.91008313782756,-1.48011049080583));
#4646=CARTESIAN_POINT('Ctrl Pts',(-10.9143737836871,4.77432361337041,-1.48011049080583));
#4647=CARTESIAN_POINT('Ctrl Pts',(-10.6019409899734,4.35182486310106,-1.48011049080583));
#4648=CARTESIAN_POINT('Ctrl Pts',(-10.5863584996428,3.81414718834729,-1.48011049080583));
#4649=CARTESIAN_POINT('Ctrl Pts',(-10.677593290313,3.53887067251729,-1.48011049080583));
#4650=CARTESIAN_POINT('Ctrl Pts',(-11.194213342109,4.77250941103036,-1.16484581256925));
#4651=CARTESIAN_POINT('Ctrl Pts',(-11.0482312739616,4.65588209170808,-1.16484581256925));
#4652=CARTESIAN_POINT('Ctrl Pts',(-10.7797931076133,4.29283024279749,-1.16484581256925));
#4653=CARTESIAN_POINT('Ctrl Pts',(-10.7663621194991,3.83075043675074,-1.16484581256925));
#4654=CARTESIAN_POINT('Ctrl Pts',(-10.8447394496153,3.59426786035692,-1.16484581256925));
#4655=CARTESIAN_POINT('Ctrl Pts',(-11.2404963443907,4.71457711495762,-0.83418861585512));
#4656=CARTESIAN_POINT('Ctrl Pts',(-11.1045432335028,4.60596208382672,-0.83418861585512));
#4657=CARTESIAN_POINT('Ctrl Pts',(-10.8545882965485,4.2679622054041,-0.83418861585512));
#4658=CARTESIAN_POINT('Ctrl Pts',(-10.8421318836077,3.8378318569698,-0.83418861585512));
#4659=CARTESIAN_POINT('Ctrl Pts',(-10.9151246969554,3.61759561604281,-0.83418861585512));
#4660=CARTESIAN_POINT('Ctrl Pts',(-11.241122037276,4.71379393703712,-0.612199737628207));
#4661=CARTESIAN_POINT('Ctrl Pts',(-11.1053447941346,4.60531940935361,-0.612199737628207));
#4662=CARTESIAN_POINT('Ctrl Pts',(-10.8556709161163,4.26764448181318,-0.612199737628207));
#4663=CARTESIAN_POINT('Ctrl Pts',(-10.8431778339472,3.83786232569836,-0.612199737628207));
#4664=CARTESIAN_POINT('Ctrl Pts',(-10.9160762244345,3.61791098043239,-0.612199737628207));
#4665=CARTESIAN_POINT('Ctrl Pts',(-11.241122037276,4.71379393703712,-0.5));
#4666=CARTESIAN_POINT('Ctrl Pts',(-11.105322492402,4.60530159215642,-0.5));
#4667=CARTESIAN_POINT('Ctrl Pts',(-10.8556313505127,4.26763426107476,-0.5));
#4668=CARTESIAN_POINT('Ctrl Pts',(-10.8431658602145,3.83789845322594,-0.5));
#4669=CARTESIAN_POINT('Ctrl Pts',(-10.9160762244345,3.61791098043239,-0.5));
#4670=CARTESIAN_POINT('',(-11.241122037276,4.71379393703711,-0.5));
#4671=CARTESIAN_POINT('Origin',(-11.8653002439506,3.93251193525259,-0.5));
#4672=CARTESIAN_POINT('Ctrl Pts',(-11.241122037276,4.71379393703712,-0.5));
#4673=CARTESIAN_POINT('Ctrl Pts',(-11.241122037276,4.71379393703712,-0.612199737628207));
#4674=CARTESIAN_POINT('Ctrl Pts',(-11.2404963443907,4.71457711495762,-0.83418861585512));
#4675=CARTESIAN_POINT('Ctrl Pts',(-11.194213342109,4.77250941103036,-1.16484581256925));
#4676=CARTESIAN_POINT('Ctrl Pts',(-11.0843035760044,4.91008313782756,-1.48011049080583));
#4677=CARTESIAN_POINT('Ctrl Pts',(-10.916625081529,5.11996580982588,-1.74860666477738));
#4678=CARTESIAN_POINT('Ctrl Pts',(-10.7197749165335,5.36636257490782,-1.92509771209699));
#4679=CARTESIAN_POINT('Ctrl Pts',(-10.5134721419111,5.6245911432992,-1.99886439180187));
#4680=CARTESIAN_POINT('Ctrl Pts',(-10.3748873582861,5.79805730410002,-2.));
#4681=CARTESIAN_POINT('Ctrl Pts',(-10.304854727264,5.88571693971388,-2.));
#4682=CARTESIAN_POINT('Ctrl Pts',(-11.241122037276,4.71379393703712,-0.5));
#4683=CARTESIAN_POINT('Ctrl Pts',(-12.6235202350429,5.81821311733511,-0.5));
#4684=CARTESIAN_POINT('Ctrl Pts',(-13.7886182118911,7.1517272436092,-0.5));
#4685=CARTESIAN_POINT('Ctrl Pts',(-16.4867396917367,11.1822537054789,-0.5));
#4686=CARTESIAN_POINT('Ctrl Pts',(-17.6022929323142,14.069823941398,-0.5));
#4687=CARTESIAN_POINT('Ctrl Pts',(-18.9003615382239,18.8657531145165,-0.5));
#4688=CARTESIAN_POINT('Ctrl Pts',(-19.276122189684,20.7995567516593,-0.5));
#4689=CARTESIAN_POINT('Ctrl Pts',(-19.5083222758003,22.7468341437367,-0.5));
#4690=CARTESIAN_POINT('Ctrl Pts',(-11.241122037276,4.71379393703712,-0.724399475256414));
#4691=CARTESIAN_POINT('Ctrl Pts',(-12.6235202350429,5.81821311733511,-0.724399475256414));
#4692=CARTESIAN_POINT('Ctrl Pts',(-13.7886182118911,7.1517272436092,-0.724399475256414));
#4693=CARTESIAN_POINT('Ctrl Pts',(-16.4867396917367,11.1822537054789,-0.724399475256414));
#4694=CARTESIAN_POINT('Ctrl Pts',(-17.6022929323142,14.069823941398,-0.724399475256413));
#4695=CARTESIAN_POINT('Ctrl Pts',(-18.9003615382239,18.8657531145165,-0.724399475256414));
#4696=CARTESIAN_POINT('Ctrl Pts',(-19.276122189684,20.7995567516593,-0.724399475256414));
#4697=CARTESIAN_POINT('Ctrl Pts',(-19.5083222758003,22.7468341437367,-0.724399475256414));
#4698=CARTESIAN_POINT('Ctrl Pts',(-11.2304753824186,4.72712032320424,-1.16961600710142));
#4699=CARTESIAN_POINT('Ctrl Pts',(-12.6111280878025,5.83036916303978,-1.16961600710142));
#4700=CARTESIAN_POINT('Ctrl Pts',(-13.7751751367872,7.16257680897499,-1.16961600710142));
#4701=CARTESIAN_POINT('Ctrl Pts',(-16.4708348234691,11.1898841448412,-1.16961600710142));
#4702=CARTESIAN_POINT('Ctrl Pts',(-17.5859610766183,14.0757904290949,-1.16961600710142));
#4703=CARTESIAN_POINT('Ctrl Pts',(-18.8836728356095,18.8694180817474,-1.16961600710142));
#4704=CARTESIAN_POINT('Ctrl Pts',(-19.259276760236,20.8024235161321,-1.16961600710142));
#4705=CARTESIAN_POINT('Ctrl Pts',(-19.4913851894081,22.7488537804535,-1.16961600710142));
#4706=CARTESIAN_POINT('Ctrl Pts',(-10.9835770098029,5.03616228066413,-1.68915964327523));
#4707=CARTESIAN_POINT('Ctrl Pts',(-12.3267560861376,6.10941123472503,-1.68915964327523));
#4708=CARTESIAN_POINT('Ctrl Pts',(-13.466221066692,7.41205005031063,-1.68915964327523));
#4709=CARTESIAN_POINT('Ctrl Pts',(-16.1092367271884,11.3605903070025,-1.68915964327523));
#4710=CARTESIAN_POINT('Ctrl Pts',(-17.2119680613012,14.207768571175,-1.68915964327523));
#4711=CARTESIAN_POINT('Ctrl Pts',(-18.4968235420286,18.9541668532505,-1.68915964327523));
#4712=CARTESIAN_POINT('Ctrl Pts',(-18.8688144422809,20.8686317798788,-1.68915964327523));
#4713=CARTESIAN_POINT('Ctrl Pts',(-19.0986102640316,22.7956896200046,-1.68915964327523));
#4714=CARTESIAN_POINT('Ctrl Pts',(-10.7192384613404,5.36703405427481,-1.92529052073677));
#4715=CARTESIAN_POINT('Ctrl Pts',(-12.0222876993043,6.4081727568978,-1.92529052073677));
#4716=CARTESIAN_POINT('Ctrl Pts',(-13.1354348505343,7.67915185981265,-1.92529052073677));
#4717=CARTESIAN_POINT('Ctrl Pts',(-15.7220742803184,11.543373736719,-1.92529052073677));
#4718=CARTESIAN_POINT('Ctrl Pts',(-16.8115427730653,14.3490887768818,-1.92529052073677));
#4719=CARTESIAN_POINT('Ctrl Pts',(-18.0826478446886,19.0449027705976,-1.92529052073677));
#4720=CARTESIAN_POINT('Ctrl Pts',(-18.4507704414139,20.9395176341439,-1.92529052073677));
#4721=CARTESIAN_POINT('Ctrl Pts',(-18.6780908715929,22.8458338056944,-1.92529052073677));
#4722=CARTESIAN_POINT('Ctrl Pts',(-10.5137513852353,5.62424161526225,-1.99876465399343));
#4723=CARTESIAN_POINT('Ctrl Pts',(-11.7856504854145,6.6403758558895,-1.99876465399343));
#4724=CARTESIAN_POINT('Ctrl Pts',(-12.8783359431054,7.88675485394085,-1.99876465399343));
#4725=CARTESIAN_POINT('Ctrl Pts',(-15.4212176196898,11.6853686513852,-1.99876465399343));
#4726=CARTESIAN_POINT('Ctrl Pts',(-16.5003384620577,14.4588495836863,-1.99876465399343));
#4727=CARTESIAN_POINT('Ctrl Pts',(-17.7606853711477,19.115433878864,-1.99876465399343));
#4728=CARTESIAN_POINT('Ctrl Pts',(-18.1258012152432,20.9946175800737,-1.99876465399343));
#4729=CARTESIAN_POINT('Ctrl Pts',(-18.3511945452706,22.8848140534146,-1.99876465399343));
#4730=CARTESIAN_POINT('Ctrl Pts',(-10.3748873582861,5.79805730410002,-2.));
#4731=CARTESIAN_POINT('Ctrl Pts',(-11.6256451128595,6.79738035588801,-2.));
#4732=CARTESIAN_POINT('Ctrl Pts',(-12.7045093343371,8.02711309842647,-2.));
#4733=CARTESIAN_POINT('Ctrl Pts',(-15.2176861970658,11.7815144989939,-1.99999999999999));
#4734=CARTESIAN_POINT('Ctrl Pts',(-16.2898895662473,14.5332165150103,-2.));
#4735=CARTESIAN_POINT('Ctrl Pts',(-17.5431046188227,19.1631047068091,-2.));
#4736=CARTESIAN_POINT('Ctrl Pts',(-17.9061879107845,21.0318612450784,-2.));
#4737=CARTESIAN_POINT('Ctrl Pts',(-18.1302845925456,22.911156119653,-2.));
#4738=CARTESIAN_POINT('Ctrl Pts',(-10.304854727264,5.88571693971389,-1.99999999999999));
#4739=CARTESIAN_POINT('Ctrl Pts',(-11.5450150711975,6.87650011108781,-1.99999999999999));
#4740=CARTESIAN_POINT('Ctrl Pts',(-12.6169043551606,8.09785341979569,-2.));
#4741=CARTESIAN_POINT('Ctrl Pts',(-15.1151960595994,11.829868786571,-1.99999999999999));
#4742=CARTESIAN_POINT('Ctrl Pts',(-16.1838570894807,14.5705841182214,-2.));
#4743=CARTESIAN_POINT('Ctrl Pts',(-17.4333767229199,19.1871410822467,-2.));
#4744=CARTESIAN_POINT('Ctrl Pts',(-17.7954354107016,21.0506382932043,-2.));
#4745=CARTESIAN_POINT('Ctrl Pts',(-18.0188741319086,22.9244410880193,-2.));
#4746=CARTESIAN_POINT('',(-19.5083222758003,22.7468341437367,-0.5));
#4747=CARTESIAN_POINT('Ctrl Pts',(-19.5083222758003,22.7468341437367,-0.5));
#4748=CARTESIAN_POINT('Ctrl Pts',(-19.5083222758003,22.7468341437367,-0.724399475256414));
#4749=CARTESIAN_POINT('Ctrl Pts',(-19.4913851894081,22.7488537804535,-1.16961600710142));
#4750=CARTESIAN_POINT('Ctrl Pts',(-19.0986102640316,22.7956896200046,-1.68915964327523));
#4751=CARTESIAN_POINT('Ctrl Pts',(-18.6780908715929,22.8458338056944,-1.92529052073677));
#4752=CARTESIAN_POINT('Ctrl Pts',(-18.3511945452706,22.8848140534146,-1.99876465399343));
#4753=CARTESIAN_POINT('Ctrl Pts',(-18.1302845925456,22.911156119653,-2.));
#4754=CARTESIAN_POINT('Ctrl Pts',(-18.0188741319086,22.9244410880193,-2.));
#4755=CARTESIAN_POINT('Ctrl Pts',(-11.241122037276,4.71379393703712,-0.5));
#4756=CARTESIAN_POINT('Ctrl Pts',(-12.6235202350429,5.81821311733511,-0.5));
#4757=CARTESIAN_POINT('Ctrl Pts',(-13.7886182118911,7.1517272436092,-0.5));
#4758=CARTESIAN_POINT('Ctrl Pts',(-16.4867396917367,11.1822537054789,-0.5));
#4759=CARTESIAN_POINT('Ctrl Pts',(-17.6022929323142,14.069823941398,-0.5));
#4760=CARTESIAN_POINT('Ctrl Pts',(-18.9003615382239,18.8657531145165,-0.5));
#4761=CARTESIAN_POINT('Ctrl Pts',(-19.276122189684,20.7995567516593,-0.5));
#4762=CARTESIAN_POINT('Ctrl Pts',(-19.5083222758003,22.7468341437367,-0.5));
#4763=CARTESIAN_POINT('Ctrl Pts',(-19.5083222758003,22.7468341437367,-0.5));
#4764=CARTESIAN_POINT('Ctrl Pts',(-19.5236238849793,22.8751565665012,-0.5));
#4765=CARTESIAN_POINT('Ctrl Pts',(-19.6430918870118,23.2522823443563,-0.5));
#4766=CARTESIAN_POINT('Ctrl Pts',(-20.1854727471875,23.6885714921746,-0.5));
#4767=CARTESIAN_POINT('Ctrl Pts',(-21.0176122219096,23.6054940432073,-0.5));
#4768=CARTESIAN_POINT('Ctrl Pts',(-21.3753693938813,23.1786879398483,-0.5));
#4769=CARTESIAN_POINT('Ctrl Pts',(-21.4539500213243,22.9324599586984,-0.5));
#4770=CARTESIAN_POINT('Ctrl Pts',(-19.5083222758003,22.7468341437367,-0.612199737628207));
#4771=CARTESIAN_POINT('Ctrl Pts',(-19.5236214712449,22.8751363244316,-0.612199737628207));
#4772=CARTESIAN_POINT('Ctrl Pts',(-19.6431240635813,23.2522206832833,-0.612199737628207));
#4773=CARTESIAN_POINT('Ctrl Pts',(-20.185498332807,23.6884545061992,-0.612199737628207));
#4774=CARTESIAN_POINT('Ctrl Pts',(-21.0175761202094,23.6053991403228,-0.612199737628207));
#4775=CARTESIAN_POINT('Ctrl Pts',(-21.3753817894899,23.1786490989051,-0.612199737628207));
#4776=CARTESIAN_POINT('Ctrl Pts',(-21.4539500213243,22.9324599586984,-0.612199737628207));
#4777=CARTESIAN_POINT('Ctrl Pts',(-19.5070690306329,22.7469835850218,-0.834284121981038));
#4778=CARTESIAN_POINT('Ctrl Pts',(-19.5223879626333,22.8754512805081,-0.834284121981038));
#4779=CARTESIAN_POINT('Ctrl Pts',(-19.642035261712,23.2530188950107,-0.834284121981038));
#4780=CARTESIAN_POINT('Ctrl Pts',(-20.185095240522,23.6898130879853,-0.834284121981038));
#4781=CARTESIAN_POINT('Ctrl Pts',(-21.018234127766,23.6066489886483,-0.834284121981038));
#4782=CARTESIAN_POINT('Ctrl Pts',(-21.376482811077,23.1793504164675,-0.834284121981038));
#4783=CARTESIAN_POINT('Ctrl Pts',(-21.455152398979,22.9328436827175,-0.834284121981038));
#4784=CARTESIAN_POINT('Ctrl Pts',(-19.4339425978017,22.755703433601,-1.16474733177586));
#4785=CARTESIAN_POINT('Ctrl Pts',(-19.4503913421147,22.8936459661147,-1.16474733177586));
#4786=CARTESIAN_POINT('Ctrl Pts',(-19.5787947680886,23.2990371475347,-1.16474733177586));
#4787=CARTESIAN_POINT('Ctrl Pts',(-20.1618061179902,23.7680288617225,-1.16474733177586));
#4788=CARTESIAN_POINT('Ctrl Pts',(-21.0563024534097,23.6787197312282,-1.16474733177586));
#4789=CARTESIAN_POINT('Ctrl Pts',(-21.4408390486379,23.219921116179,-1.16474733177586));
#4790=CARTESIAN_POINT('Ctrl Pts',(-21.5253107295996,22.9552338498089,-1.16474733177586));
#4791=CARTESIAN_POINT('Ctrl Pts',(-19.2586616551833,22.7766045389783,-1.4801337732226));
#4792=CARTESIAN_POINT('Ctrl Pts',(-19.2778090688015,22.9371786639884,-1.4801337732226));
#4793=CARTESIAN_POINT('Ctrl Pts',(-19.427335876766,23.4090997161236,-1.4801337732226));
#4794=CARTESIAN_POINT('Ctrl Pts',(-20.1060831761881,23.9550510824545,-1.4801337732226));
#4795=CARTESIAN_POINT('Ctrl Pts',(-21.1474093756897,23.8510989643767,-1.4801337732226));
#4796=CARTESIAN_POINT('Ctrl Pts',(-21.5951466992612,23.3170154063823,-1.4801337732226));
#4797=CARTESIAN_POINT('Ctrl Pts',(-21.6934772577292,23.0089021259879,-1.4801337732226));
#4798=CARTESIAN_POINT('Ctrl Pts',(-18.9920819264188,22.8083924271487,-1.74875889501867));
#4799=CARTESIAN_POINT('Ctrl Pts',(-19.0153384642017,23.0034265074551,-1.74875889501867));
#4800=CARTESIAN_POINT('Ctrl Pts',(-19.1969224865693,23.5766132164454,-1.74875889501867));
#4801=CARTESIAN_POINT('Ctrl Pts',(-20.0212849252615,24.2397202230891,-1.74875889501867));
#4802=CARTESIAN_POINT('Ctrl Pts',(-21.2860429962123,24.1134541305098,-1.74875889501867));
#4803=CARTESIAN_POINT('Ctrl Pts',(-21.8298041243396,23.4647604846754,-1.74875889501867));
#4804=CARTESIAN_POINT('Ctrl Pts',(-21.949236878749,23.0905246588961,-1.74875889501867));
#4805=CARTESIAN_POINT('Ctrl Pts',(-18.6790394816695,22.8457206901504,-1.92483836470701));
#4806=CARTESIAN_POINT('Ctrl Pts',(-18.7071214689937,23.0812219768017,-1.92483836470701));
#4807=CARTESIAN_POINT('Ctrl Pts',(-18.9263480461261,23.7733265031834,-1.92483836470701));
#4808=CARTESIAN_POINT('Ctrl Pts',(-19.9217055554699,24.574011602124,-1.92483836470701));
#4809=CARTESIAN_POINT('Ctrl Pts',(-21.4488414109242,24.4215411262026,-1.92483836470701));
#4810=CARTESIAN_POINT('Ctrl Pts',(-22.105359754955,23.6382585678924,-1.92483836470701));
#4811=CARTESIAN_POINT('Ctrl Pts',(-22.2495733574573,23.1863733468913,-1.92483836470701));
#4812=CARTESIAN_POINT('Ctrl Pts',(-18.3507105576144,22.8848717657754,-1.99899215746389));
#4813=CARTESIAN_POINT('Ctrl Pts',(-18.3838501451678,23.1627871219014,-1.99899215746389));
#4814=CARTESIAN_POINT('Ctrl Pts',(-18.6426073868247,23.9795566464396,-1.99899215746388));
#4815=CARTESIAN_POINT('Ctrl Pts',(-19.8173004754291,24.9244581558071,-1.99899215746389));
#4816=CARTESIAN_POINT('Ctrl Pts',(-21.6195374607961,24.7445355736617,-1.99899215746389));
#4817=CARTESIAN_POINT('Ctrl Pts',(-22.3943892095962,23.8201728165964,-1.99899215746389));
#4818=CARTESIAN_POINT('Ctrl Pts',(-22.5645758581176,23.286902515154,-1.99899215746388));
#4819=CARTESIAN_POINT('Ctrl Pts',(-18.1302845925456,22.911156119653,-2.));
#4820=CARTESIAN_POINT('Ctrl Pts',(-18.1668230775818,23.2175753249249,-2.));
#4821=CARTESIAN_POINT('Ctrl Pts',(-18.4520701940957,24.118098640258,-1.99999999999999));
#4822=CARTESIAN_POINT('Ctrl Pts',(-19.7471709003552,25.1598997474875,-2.));
#4823=CARTESIAN_POINT('Ctrl Pts',(-21.734186945098,24.9615155120234,-2.));
#4824=CARTESIAN_POINT('Ctrl Pts',(-22.5884135219428,23.9423576243043,-1.99999999999999));
#4825=CARTESIAN_POINT('Ctrl Pts',(-22.7760550337855,23.3543934893216,-1.99999999999999));
#4826=CARTESIAN_POINT('Ctrl Pts',(-18.0188741319086,22.9244410880193,-1.99999999999999));
#4827=CARTESIAN_POINT('Ctrl Pts',(-18.0571281548559,23.2452471449306,-1.99999999999999));
#4828=CARTESIAN_POINT('Ctrl Pts',(-18.3557981599373,24.1880615895682,-1.99999999999999));
#4829=CARTESIAN_POINT('Ctrl Pts',(-19.7117503103766,25.2787844591141,-2.));
#4830=CARTESIAN_POINT('Ctrl Pts',(-21.7920989971818,25.0710908366958,-1.99999999999999));
#4831=CARTESIAN_POINT('Ctrl Pts',(-22.686491927111,24.0040755782982,-1.99999999999999));
#4832=CARTESIAN_POINT('Ctrl Pts',(-22.8829434957185,23.3885056254236,-1.99999999999999));
#4833=CARTESIAN_POINT('',(-21.4539500213243,22.9324599586984,-0.5));
#4834=CARTESIAN_POINT('Ctrl Pts',(-21.4539500213243,22.9324599586984,-0.5));
#4835=CARTESIAN_POINT('Ctrl Pts',(-21.4539500213243,22.9324599586984,-0.612199737628207));
#4836=CARTESIAN_POINT('Ctrl Pts',(-21.455152398979,22.9328436827175,-0.834284121981038));
#4837=CARTESIAN_POINT('Ctrl Pts',(-21.5253107295996,22.9552338498089,-1.16474733177586));
#4838=CARTESIAN_POINT('Ctrl Pts',(-21.6934772577292,23.0089021259879,-1.4801337732226));
#4839=CARTESIAN_POINT('Ctrl Pts',(-21.949236878749,23.0905246588961,-1.74875889501867));
#4840=CARTESIAN_POINT('Ctrl Pts',(-22.2495733574573,23.1863733468913,-1.92483836470701));
#4841=CARTESIAN_POINT('Ctrl Pts',(-22.5645758581176,23.286902515154,-1.99899215746388));
#4842=CARTESIAN_POINT('Ctrl Pts',(-22.7760550337855,23.3543934893216,-1.99999999999999));
#4843=CARTESIAN_POINT('Ctrl Pts',(-22.8829434957185,23.3885056254236,-1.99999999999999));
#4844=CARTESIAN_POINT('Origin',(-20.5012877050615,22.628429514215,-0.5));
#4845=CARTESIAN_POINT('Ctrl Pts',(-21.4539500213243,22.9324599586984,-0.5));
#4846=CARTESIAN_POINT('Ctrl Pts',(-21.960009344642,21.346751501319,-0.5));
#4847=CARTESIAN_POINT('Ctrl Pts',(-22.6049143197743,19.8061078438479,-0.5));
#4848=CARTESIAN_POINT('Ctrl Pts',(-24.0370185087393,17.1246552728637,-0.5));
#4849=CARTESIAN_POINT('Ctrl Pts',(-25.716414376293,14.4727984288422,-0.5));
#4850=CARTESIAN_POINT('Ctrl Pts',(-27.6094940318157,12.0845660466967,-0.5));
#4851=CARTESIAN_POINT('Ctrl Pts',(-29.3496645950816,9.90366664587646,-0.5));
#4852=CARTESIAN_POINT('Ctrl Pts',(-30.4936235195457,8.45169605542031,-0.5));
#4853=CARTESIAN_POINT('Ctrl Pts',(-31.4723871110996,7.01364352028277,-0.5));
#4854=CARTESIAN_POINT('Ctrl Pts',(-31.9989511141929,6.09475250870899,-0.5));
#4855=CARTESIAN_POINT('Ctrl Pts',(-32.2538173047309,5.61289793051226,-0.5));
#4856=CARTESIAN_POINT('Ctrl Pts',(-32.74520957187,4.48020404769878,-0.5));
#4857=CARTESIAN_POINT('Ctrl Pts',(-32.9607862825583,3.63423197483842,-0.5));
#4858=CARTESIAN_POINT('Ctrl Pts',(-33.2029784798505,1.8701979712899,-0.5));
#4859=CARTESIAN_POINT('Ctrl Pts',(-33.1835297129053,0.692825176126726,-0.5));
#4860=CARTESIAN_POINT('Ctrl Pts',(-33.1329070317287,-0.833695652323952,
-0.5));
#4861=CARTESIAN_POINT('Ctrl Pts',(-33.0869710290832,-2.10955597127068,-0.5));
#4862=CARTESIAN_POINT('Ctrl Pts',(-33.0551016773907,-3.43345812075071,-0.5));
#4863=CARTESIAN_POINT('Ctrl Pts',(-33.0853762633679,-4.42883676648174,-0.5));
#4864=CARTESIAN_POINT('Ctrl Pts',(-21.4539500213243,22.9324599586984,-0.724399475256413));
#4865=CARTESIAN_POINT('Ctrl Pts',(-21.960009344642,21.346751501319,-0.724399475256414));
#4866=CARTESIAN_POINT('Ctrl Pts',(-22.6049143197743,19.8061078438479,-0.724399475256414));
#4867=CARTESIAN_POINT('Ctrl Pts',(-24.0370185087393,17.1246552728637,-0.724399475256414));
#4868=CARTESIAN_POINT('Ctrl Pts',(-25.716414376293,14.4727984288422,-0.724399475256413));
#4869=CARTESIAN_POINT('Ctrl Pts',(-27.6094940318157,12.0845660466967,-0.724399475256414));
#4870=CARTESIAN_POINT('Ctrl Pts',(-29.3496645950816,9.90366664587646,-0.724399475256413));
#4871=CARTESIAN_POINT('Ctrl Pts',(-30.4936235195457,8.45169605542031,-0.724399475256414));
#4872=CARTESIAN_POINT('Ctrl Pts',(-31.4723871110996,7.01364352028277,-0.724399475256413));
#4873=CARTESIAN_POINT('Ctrl Pts',(-31.9989511141929,6.09475250870899,-0.724399475256414));
#4874=CARTESIAN_POINT('Ctrl Pts',(-32.2538173047309,5.61289793051226,-0.724399475256414));
#4875=CARTESIAN_POINT('Ctrl Pts',(-32.74520957187,4.48020404769878,-0.724399475256413));
#4876=CARTESIAN_POINT('Ctrl Pts',(-32.9607862825583,3.63423197483842,-0.724399475256414));
#4877=CARTESIAN_POINT('Ctrl Pts',(-33.2029784798505,1.8701979712899,-0.724399475256414));
#4878=CARTESIAN_POINT('Ctrl Pts',(-33.1835297129053,0.692825176126726,-0.724399475256414));
#4879=CARTESIAN_POINT('Ctrl Pts',(-33.1329070317287,-0.833695652323952,
-0.724399475256414));
#4880=CARTESIAN_POINT('Ctrl Pts',(-33.0869710290832,-2.10955597127068,-0.724399475256414));
#4881=CARTESIAN_POINT('Ctrl Pts',(-33.0551016773907,-3.43345812075071,-0.724399475256414));
#4882=CARTESIAN_POINT('Ctrl Pts',(-33.0853762633679,-4.42883676648174,-0.724399475256414));
#4883=CARTESIAN_POINT('Ctrl Pts',(-21.4702562236023,22.9376638823152,-1.16965196217096));
#4884=CARTESIAN_POINT('Ctrl Pts',(-21.9760401134233,21.3529978456203,-1.16965196217096));
#4885=CARTESIAN_POINT('Ctrl Pts',(-22.6205783461739,19.8132327211256,-1.16965196217096));
#4886=CARTESIAN_POINT('Ctrl Pts',(-24.0518099477784,17.1333756881752,-1.16965196217096));
#4887=CARTESIAN_POINT('Ctrl Pts',(-25.7303624556031,14.4827274118462,-1.16965196217096));
#4888=CARTESIAN_POINT('Ctrl Pts',(-27.6226474249574,12.0956031530019,-1.16965196217096));
#4889=CARTESIAN_POINT('Ctrl Pts',(-29.3630368714513,9.91437927285675,-1.16965196217096));
#4890=CARTESIAN_POINT('Ctrl Pts',(-30.5072886831808,8.46191285709859,-1.16965196217096));
#4891=CARTESIAN_POINT('Ctrl Pts',(-31.4867868962531,7.02326668946121,-1.16965196217096));
#4892=CARTESIAN_POINT('Ctrl Pts',(-32.0141924764532,6.10280142964439,-1.16965196217096));
#4893=CARTESIAN_POINT('Ctrl Pts',(-32.2694903012378,5.62025717967165,-1.16965196217096));
#4894=CARTESIAN_POINT('Ctrl Pts',(-32.7614326954939,4.48570665628013,-1.16965196217096));
#4895=CARTESIAN_POINT('Ctrl Pts',(-32.9769916121301,3.63781662126058,-1.16965196217096));
#4896=CARTESIAN_POINT('Ctrl Pts',(-33.2209395463807,1.87038326592651,-1.16965196217096));
#4897=CARTESIAN_POINT('Ctrl Pts',(-33.2011206471697,0.692119457821276,-1.16965196217096));
#4898=CARTESIAN_POINT('Ctrl Pts',(-33.1500303400766,-0.8343809543115,-1.16965196217096));
#4899=CARTESIAN_POINT('Ctrl Pts',(-33.1041458258548,-2.11043995723797,-1.16965196217096));
#4900=CARTESIAN_POINT('Ctrl Pts',(-33.072270497613,-3.43369101937008,-1.16965196217096));
#4901=CARTESIAN_POINT('Ctrl Pts',(-33.1024848074441,-4.42831640763056,-1.16965196217096));
#4902=CARTESIAN_POINT('Ctrl Pts',(-21.8470227146608,23.0579042673788,-1.68913263109013));
#4903=CARTESIAN_POINT('Ctrl Pts',(-22.3454933996945,21.4961282309707,-1.68913263109013));
#4904=CARTESIAN_POINT('Ctrl Pts',(-22.9814361830397,19.9770502502312,-1.68913263109013));
#4905=CARTESIAN_POINT('Ctrl Pts',(-24.3914128956823,17.3369960307491,-1.68913263109013));
#4906=CARTESIAN_POINT('Ctrl Pts',(-26.0505433356536,14.716060679849,-1.68913263109013));
#4907=CARTESIAN_POINT('Ctrl Pts',(-27.9318031677911,12.3422364081381,-1.68913263109013));
#4908=CARTESIAN_POINT('Ctrl Pts',(-29.6734911873106,10.1593922041201,-1.68913263109013));
#4909=CARTESIAN_POINT('Ctrl Pts',(-30.8226978288587,8.70083416224669,-1.68913263109013));
#4910=CARTESIAN_POINT('Ctrl Pts',(-31.8188338414708,7.2392144149508,-1.68913263109013));
#4911=CARTESIAN_POINT('Ctrl Pts',(-32.3617207096642,6.29174825256173,-1.68913263109013));
#4912=CARTESIAN_POINT('Ctrl Pts',(-32.6255058511508,5.7938291004409,-1.68913263109013));
#4913=CARTESIAN_POINT('Ctrl Pts',(-33.1378654956691,4.61235145290048,-1.68913263109013));
#4914=CARTESIAN_POINT('Ctrl Pts',(-33.36533823643,3.71745436332257,-1.68913263109013));
#4915=CARTESIAN_POINT('Ctrl Pts',(-33.6190696724902,1.87742615703105,-1.68913263109013));
#4916=CARTESIAN_POINT('Ctrl Pts',(-33.5965356073206,0.685457297584004,-1.68913263109013));
#4917=CARTESIAN_POINT('Ctrl Pts',(-33.5452654856698,-0.848474304916969,
-1.68913263109013));
#4918=CARTESIAN_POINT('Ctrl Pts',(-33.4994701428817,-2.12463368640998,-1.68913263109013));
#4919=CARTESIAN_POINT('Ctrl Pts',(-33.4679880946355,-3.43540233330075,-1.68913263109013));
#4920=CARTESIAN_POINT('Ctrl Pts',(-33.4977899808257,-4.41629314340836,-1.68913263109013));
#4921=CARTESIAN_POINT('Ctrl Pts',(-22.2506091833254,23.186703917959,-1.9253688344781));
#4922=CARTESIAN_POINT('Ctrl Pts',(-22.7412412290327,21.649441190687,-1.9253688344781));
#4923=CARTESIAN_POINT('Ctrl Pts',(-23.3679760782191,20.1525249415229,-1.9253688344781));
#4924=CARTESIAN_POINT('Ctrl Pts',(-24.7551792984902,17.5551218806914,-1.9253688344781));
#4925=CARTESIAN_POINT('Ctrl Pts',(-26.3935054468703,14.966023689717,-1.9253688344781));
#4926=CARTESIAN_POINT('Ctrl Pts',(-28.2629927878944,12.6063833265374,-1.9253688344781));
#4927=CARTESIAN_POINT('Ctrl Pts',(-30.0060526233075,10.4218334687284,-1.9253688344781));
#4928=CARTESIAN_POINT('Ctrl Pts',(-31.1605575461905,8.95677756707434,-1.9253688344781));
#4929=CARTESIAN_POINT('Ctrl Pts',(-32.1745139970361,7.47050160038191,-1.92536883447811));
#4930=CARTESIAN_POINT('Ctrl Pts',(-32.7339639399427,6.49416035303749,-1.92536883447811));
#4931=CARTESIAN_POINT('Ctrl Pts',(-33.0068329764175,5.97977470438376,-1.92536883447811));
#4932=CARTESIAN_POINT('Ctrl Pts',(-33.5411026185458,4.74800887298394,-1.92536883447811));
#4933=CARTESIAN_POINT('Ctrl Pts',(-33.7814002045809,3.80274480674463,-1.92536883447811));
#4934=CARTESIAN_POINT('Ctrl Pts',(-34.0454543716822,1.88498449596659,-1.92536883447811));
#4935=CARTESIAN_POINT('Ctrl Pts',(-34.0200416704641,0.678370143077095,-1.9253688344781));
#4936=CARTESIAN_POINT('Ctrl Pts',(-33.9686331932173,-0.863561994239578,
-1.9253688344781));
#4937=CARTESIAN_POINT('Ctrl Pts',(-33.9229277495232,-2.13980596871068,-1.9253688344781));
#4938=CARTESIAN_POINT('Ctrl Pts',(-33.8918696903282,-3.43721672491593,-1.9253688344781));
#4939=CARTESIAN_POINT('Ctrl Pts',(-33.9212348007768,-4.40341400775161,-1.9253688344781));
#4940=CARTESIAN_POINT('Ctrl Pts',(-22.5117972021947,23.2700588571804,-1.98644607361541));
#4941=CARTESIAN_POINT('Ctrl Pts',(-22.9973553656267,21.7486591228301,-1.98644607361541));
#4942=CARTESIAN_POINT('Ctrl Pts',(-23.6181310153983,20.2660856212206,-1.9864460736154));
#4943=CARTESIAN_POINT('Ctrl Pts',(-24.9905948556756,17.6962880031968,-1.98644607361541));
#4944=CARTESIAN_POINT('Ctrl Pts',(-26.6154572098657,15.127795613077,-1.98644607361541));
#4945=CARTESIAN_POINT('Ctrl Pts',(-28.4773332775545,12.7773220364467,-1.98644607361541));
#4946=CARTESIAN_POINT('Ctrl Pts',(-30.2212770652164,10.591674342515,-1.98644607361541));
#4947=CARTESIAN_POINT('Ctrl Pts',(-31.379209010454,9.12241872148889,-1.98644607361541));
#4948=CARTESIAN_POINT('Ctrl Pts',(-32.4046979249447,7.62017658981471,-1.98644607361541));
#4949=CARTESIAN_POINT('Ctrl Pts',(-32.974862898447,6.62515790916628,-1.98644607361541));
#4950=CARTESIAN_POINT('Ctrl Pts',(-33.2536092170353,6.10011625312263,-1.98644607361541));
#4951=CARTESIAN_POINT('Ctrl Pts',(-33.8020661733037,4.83580142934065,-1.98644607361541));
#4952=CARTESIAN_POINT('Ctrl Pts',(-34.0506761800929,3.85793874521035,-1.98644607361541));
#4953=CARTESIAN_POINT('Ctrl Pts',(-34.3213794151315,1.88987882959903,-1.98644607361541));
#4954=CARTESIAN_POINT('Ctrl Pts',(-34.2941097209882,0.673793425534551,-1.98644607361541));
#4955=CARTESIAN_POINT('Ctrl Pts',(-34.2426225653796,-0.873324475715439,
-1.98644607361541));
#4956=CARTESIAN_POINT('Ctrl Pts',(-34.1969741765166,-2.14961860597181,-1.98644607361541));
#4957=CARTESIAN_POINT('Ctrl Pts',(-34.1661910523954,-3.43838718863718,-1.98644607361541));
#4958=CARTESIAN_POINT('Ctrl Pts',(-34.1952744978694,-4.39507905059096,-1.98644607361541));
#4959=CARTESIAN_POINT('Ctrl Pts',(-22.723367385312,23.3375788752545,-1.99991021005279));
#4960=CARTESIAN_POINT('Ctrl Pts',(-23.2048175323005,21.8290311408113,-1.99991021005279));
#4961=CARTESIAN_POINT('Ctrl Pts',(-23.8207663044464,20.3580748878384,-1.99991021005278));
#4962=CARTESIAN_POINT('Ctrl Pts',(-25.1812930838881,17.8106323812126,-1.99991021005278));
#4963=CARTESIAN_POINT('Ctrl Pts',(-26.7952492238117,15.2588275791312,-1.99991021005279));
#4964=CARTESIAN_POINT('Ctrl Pts',(-28.6509446138161,12.9158050629677,-1.99991021005278));
#4965=CARTESIAN_POINT('Ctrl Pts',(-30.3956122767497,10.7292558194531,-1.99991021005278));
#4966=CARTESIAN_POINT('Ctrl Pts',(-31.556323997553,9.25658709909785,-1.99991021005279));
#4967=CARTESIAN_POINT('Ctrl Pts',(-32.5911552576556,7.74143121763087,-1.99991021005279));
#4968=CARTESIAN_POINT('Ctrl Pts',(-33.1700080049102,6.73126368385637,-1.99991021005279));
#4969=CARTESIAN_POINT('Ctrl Pts',(-33.4535182015576,6.19758916997192,-1.99991021005279));
#4970=CARTESIAN_POINT('Ctrl Pts',(-34.0134512228942,4.90691708870544,-1.99991021005279));
#4971=CARTESIAN_POINT('Ctrl Pts',(-34.2687688112182,3.90265415783921,-1.99991021005279));
#4972=CARTESIAN_POINT('Ctrl Pts',(-34.5449222586508,1.89383762253015,-1.99991021005279));
#4973=CARTESIAN_POINT('Ctrl Pts',(-34.5161361584908,0.670066012811296,-1.99991021005279));
#4974=CARTESIAN_POINT('Ctrl Pts',(-34.4645630896384,-0.8812360152372,-1.99991021005279));
#4975=CARTESIAN_POINT('Ctrl Pts',(-34.4189632143899,-2.1575801475211,-1.99991021005279));
#4976=CARTESIAN_POINT('Ctrl Pts',(-34.388401686658,-3.43934296125037,-1.99991021005279));
#4977=CARTESIAN_POINT('Ctrl Pts',(-34.4172549284661,-4.38832748357657,-1.99991021005279));
#4978=CARTESIAN_POINT('Ctrl Pts',(-22.829499264752,23.3714495573726,-1.99999999999999));
#4979=CARTESIAN_POINT('Ctrl Pts',(-23.3088862519794,21.8693458421006,-1.99999999999999));
#4980=CARTESIAN_POINT('Ctrl Pts',(-23.9224133636991,20.4042182439709,-1.99999999999999));
#4981=CARTESIAN_POINT('Ctrl Pts',(-25.2769492615744,17.8679974175247,-1.99999999999999));
#4982=CARTESIAN_POINT('Ctrl Pts',(-26.8854345818,15.3245683178205,-2.));
#4983=CARTESIAN_POINT('Ctrl Pts',(-28.7380481934379,12.9852521986174,-1.99999999999999));
#4984=CARTESIAN_POINT('Ctrl Pts',(-30.4830694041656,10.7982656751843,-1.99999999999999));
#4985=CARTESIAN_POINT('Ctrl Pts',(-31.6451709513843,9.32389847832798,-1.99999999999999));
#4986=CARTESIAN_POINT('Ctrl Pts',(-32.6846878410578,7.80224097043711,-2.));
#4987=CARTESIAN_POINT('Ctrl Pts',(-33.2678886166355,6.78449805920799,-2.));
#4988=CARTESIAN_POINT('Ctrl Pts',(-33.5537847752813,6.2464943940143,-2.));
#4989=CARTESIAN_POINT('Ctrl Pts',(-34.1194942724548,4.94259021915823,-2.));
#4990=CARTESIAN_POINT('Ctrl Pts',(-34.3782080458938,3.92507703570525,-2.));
#4991=CARTESIAN_POINT('Ctrl Pts',(-34.6570171056821,1.89583054334615,-2.));
#4992=CARTESIAN_POINT('Ctrl Pts',(-34.6274851876644,0.668220766356215,-1.99999999999999));
#4993=CARTESIAN_POINT('Ctrl Pts',(-34.5758960903177,-0.885200317333451,
-1.99999999999999));
#4994=CARTESIAN_POINT('Ctrl Pts',(-34.5303177476803,-2.16155809267935,-2.));
#4995=CARTESIAN_POINT('Ctrl Pts',(-34.4998687351222,-3.43981306432217,-2.));
#4996=CARTESIAN_POINT('Ctrl Pts',(-34.5286089952395,-4.38494063347394,-2.));
#4997=CARTESIAN_POINT('Ctrl Pts',(-22.8829434957185,23.3885056254236,-1.99999999999999));
#4998=CARTESIAN_POINT('Ctrl Pts',(-23.361287449155,21.8896417224174,-1.99999999999999));
#4999=CARTESIAN_POINT('Ctrl Pts',(-23.9735945736984,20.4274509032414,-1.99999999999999));
#5000=CARTESIAN_POINT('Ctrl Pts',(-25.325108954967,17.8968936014058,-1.99999999999999));
#5001=CARTESIAN_POINT('Ctrl Pts',(-26.9308396434654,15.3576899312508,-2.));
#5002=CARTESIAN_POINT('Ctrl Pts',(-28.7819330749808,13.0201870694309,-1.99999999999999));
#5003=CARTESIAN_POINT('Ctrl Pts',(-30.5271160817956,10.8330057354696,-1.99999999999999));
#5004=CARTESIAN_POINT('Ctrl Pts',(-31.6899096660631,9.35780642166313,-1.99999999999999));
#5005=CARTESIAN_POINT('Ctrl Pts',(-32.731784619585,7.8328349360072,-2.));
#5006=CARTESIAN_POINT('Ctrl Pts',(-33.3171577833481,6.8113178261429,-2.));
#5007=CARTESIAN_POINT('Ctrl Pts',(-33.6042490084554,6.27113657580402,-2.));
#5008=CARTESIAN_POINT('Ctrl Pts',(-34.1729006227896,4.9605517892974,-2.));
#5009=CARTESIAN_POINT('Ctrl Pts',(-34.4333778365758,3.93635462545086,-2.));
#5010=CARTESIAN_POINT('Ctrl Pts',(-34.7133911841105,1.89684603672975,-2.));
#5011=CARTESIAN_POINT('Ctrl Pts',(-34.6835089140695,0.667333226967621,-1.99999999999999));
#5012=CARTESIAN_POINT('Ctrl Pts',(-34.6319576443259,-0.887189077418303,
-1.99999999999999));
#5013=CARTESIAN_POINT('Ctrl Pts',(-34.5863853906733,-2.16353432504314,-1.99999999999999));
#5014=CARTESIAN_POINT('Ctrl Pts',(-34.5559953322199,-3.44003393755362,-1.99999999999999));
#5015=CARTESIAN_POINT('Ctrl Pts',(-34.5846829335802,-4.38323513650085,-1.99999999999999));
#5016=CARTESIAN_POINT('Ctrl Pts',(-21.4539500213243,22.9324599586984,-0.5));
#5017=CARTESIAN_POINT('Ctrl Pts',(-21.960009344642,21.346751501319,-0.5));
#5018=CARTESIAN_POINT('Ctrl Pts',(-22.6049143197743,19.8061078438479,-0.5));
#5019=CARTESIAN_POINT('Ctrl Pts',(-24.0370185087393,17.1246552728637,-0.5));
#5020=CARTESIAN_POINT('Ctrl Pts',(-25.716414376293,14.4727984288422,-0.5));
#5021=CARTESIAN_POINT('Ctrl Pts',(-27.6094940318157,12.0845660466967,-0.5));
#5022=CARTESIAN_POINT('Ctrl Pts',(-29.3496645950816,9.90366664587646,-0.5));
#5023=CARTESIAN_POINT('Ctrl Pts',(-30.4936235195457,8.45169605542031,-0.5));
#5024=CARTESIAN_POINT('Ctrl Pts',(-31.4723871110996,7.01364352028277,-0.5));
#5025=CARTESIAN_POINT('Ctrl Pts',(-31.9989511141929,6.09475250870899,-0.5));
#5026=CARTESIAN_POINT('Ctrl Pts',(-32.2538173047309,5.61289793051226,-0.5));
#5027=CARTESIAN_POINT('Ctrl Pts',(-32.74520957187,4.48020404769878,-0.5));
#5028=CARTESIAN_POINT('Ctrl Pts',(-32.9607862825583,3.63423197483842,-0.5));
#5029=CARTESIAN_POINT('Ctrl Pts',(-33.2029784798505,1.8701979712899,-0.5));
#5030=CARTESIAN_POINT('Ctrl Pts',(-33.1835297129053,0.692825176126726,-0.5));
#5031=CARTESIAN_POINT('Ctrl Pts',(-33.1329070317287,-0.833695652323952,
-0.5));
#5032=CARTESIAN_POINT('Ctrl Pts',(-33.0869710290832,-2.10955597127068,-0.5));
#5033=CARTESIAN_POINT('Ctrl Pts',(-33.0551016773907,-3.43345812075071,-0.5));
#5034=CARTESIAN_POINT('Ctrl Pts',(-33.0853762633679,-4.42883676648174,-0.5));
#5035=CARTESIAN_POINT('Origin',(-3.33066907387547E-15,8.88178419700125E-15,
0.));
#5036=CARTESIAN_POINT('',(-11.4948692105048,0.343484837200235,0.5));
#5037=CARTESIAN_POINT('',(-11.4948692105048,0.343484837200235,0.5));
#5038=CARTESIAN_POINT('',(-10.9160762244345,3.61791098043239,0.5));
#5039=CARTESIAN_POINT('Origin',(-3.33066907387547E-15,8.88178419700125E-15,
0.5));
#5040=CARTESIAN_POINT('',(-10.9160762244346,3.61791098043239,-0.5));
#5041=CARTESIAN_POINT('Origin',(-12.4944230548966,0.373353083913298,-2.));
#5042=CARTESIAN_POINT('',(-12.3036583412358,-0.608282705991445,0.499999999999993));
#5043=CARTESIAN_POINT('',(-12.3036583412358,-0.608282705991452,-0.5));
#5044=CARTESIAN_POINT('Origin',(-12.4944230548965,0.37335308391328,0.499999999999979));
#5045=CARTESIAN_POINT('Ctrl Pts',(-11.4911413769358,-0.451297967279607,
-2.));
#5046=CARTESIAN_POINT('Ctrl Pts',(-11.4911413769358,-0.451297967279607,
2.));
#5047=CARTESIAN_POINT('Ctrl Pts',(-13.0532248018688,-0.750213166916804,
-2.));
#5048=CARTESIAN_POINT('Ctrl Pts',(-13.0532248018688,-0.750213166916804,
2.));
#5049=CARTESIAN_POINT('Ctrl Pts',(-14.4672428055841,-1.04367032844069,-2.));
#5050=CARTESIAN_POINT('Ctrl Pts',(-14.4672428055841,-1.04367032844069,2.));
#5051=CARTESIAN_POINT('Ctrl Pts',(-16.0198367694358,-1.2725354840272,-2.));
#5052=CARTESIAN_POINT('Ctrl Pts',(-16.0198367694358,-1.2725354840272,2.));
#5053=CARTESIAN_POINT('Ctrl Pts',(-17.9010362299388,-1.54983980005662,-2.));
#5054=CARTESIAN_POINT('Ctrl Pts',(-17.9010362299388,-1.54983980005662,2.));
#5055=CARTESIAN_POINT('Ctrl Pts',(-19.9998054822403,-1.72791631944952,-2.));
#5056=CARTESIAN_POINT('Ctrl Pts',(-19.9998054822403,-1.72791631944952,2.));
#5057=CARTESIAN_POINT('Ctrl Pts',(-22.248724950405,-2.01620042206338,-2.));
#5058=CARTESIAN_POINT('Ctrl Pts',(-22.248724950405,-2.01620042206338,2.));
#5059=CARTESIAN_POINT('Ctrl Pts',(-24.0258839520907,-2.24401057500817,-2.));
#5060=CARTESIAN_POINT('Ctrl Pts',(-24.0258839520907,-2.24401057500817,2.));
#5061=CARTESIAN_POINT('Ctrl Pts',(-25.886270727234,-2.54026642322716,-2.));
#5062=CARTESIAN_POINT('Ctrl Pts',(-25.886270727234,-2.54026642322716,2.));
#5063=CARTESIAN_POINT('Ctrl Pts',(-27.7561573573523,-3.2091892610003,-2.));
#5064=CARTESIAN_POINT('Ctrl Pts',(-27.7561573573523,-3.2091892610003,2.));
#5065=CARTESIAN_POINT('Ctrl Pts',(-29.2376356746669,-3.73916507031165,-2.));
#5066=CARTESIAN_POINT('Ctrl Pts',(-29.2376356746669,-3.73916507031165,2.));
#5067=CARTESIAN_POINT('Ctrl Pts',(-30.7458662465203,-4.54387946156006,-2.));
#5068=CARTESIAN_POINT('Ctrl Pts',(-30.7458662465203,-4.54387946156006,2.));
#5069=CARTESIAN_POINT('Ctrl Pts',(-31.9992443468604,-5.70502138477984,-2.));
#5070=CARTESIAN_POINT('Ctrl Pts',(-31.9992443468604,-5.70502138477984,2.));
#5071=CARTESIAN_POINT('Ctrl Pts',(-32.039736016752,-5.74253327001195,-2.));
#5072=CARTESIAN_POINT('Ctrl Pts',(-32.039736016752,-5.74253327001195,2.));
#5073=CARTESIAN_POINT('Ctrl Pts',(-32.0799282979057,-5.7803599731958,-2.));
#5074=CARTESIAN_POINT('Ctrl Pts',(-32.0799282979057,-5.7803599731958,2.));
#5075=CARTESIAN_POINT('Ctrl Pts',(-32.1198482611234,-5.81853112255626,-2.));
#5076=CARTESIAN_POINT('Ctrl Pts',(-32.1198482611234,-5.81853112255626,2.));
#5077=CARTESIAN_POINT('',(-31.4584391700679,-5.23793554919509,0.5));
#5078=CARTESIAN_POINT('',(-31.4584391700679,-5.23793554919509,0.5));
#5079=CARTESIAN_POINT('Ctrl Pts',(-12.3036583412367,-0.608282705991623,
0.5));
#5080=CARTESIAN_POINT('Ctrl Pts',(-13.5625610372743,-0.852929666510138,
0.5));
#5081=CARTESIAN_POINT('Ctrl Pts',(-14.7936912496496,-1.09179152154174,0.5));
#5082=CARTESIAN_POINT('Ctrl Pts',(-17.7996755757959,-1.53489840364463,0.5));
#5083=CARTESIAN_POINT('Ctrl Pts',(-19.8889260475006,-1.72423265200051,0.5));
#5084=CARTESIAN_POINT('Ctrl Pts',(-22.009285000516,-1.98550713488223,0.5));
#5085=CARTESIAN_POINT('Ctrl Pts',(-24.0418539099291,-2.2460577292213,0.5));
#5086=CARTESIAN_POINT('Ctrl Pts',(-25.9227431580321,-2.55331386766423,0.5));
#5087=CARTESIAN_POINT('Ctrl Pts',(-29.060977042593,-3.67596819431888,0.5));
#5088=CARTESIAN_POINT('Ctrl Pts',(-30.3312526523914,-4.32975763808727,0.5));
#5089=CARTESIAN_POINT('Ctrl Pts',(-31.4584391700679,-5.23793554919509,0.5));
#5090=CARTESIAN_POINT('Origin',(-32.0858384832264,-4.45923785313566,2.));
#5091=CARTESIAN_POINT('',(-33.0853762633679,-4.42883676648173,0.5));
#5092=CARTESIAN_POINT('',(-33.0853762633679,-4.42883676648174,-0.5));
#5093=CARTESIAN_POINT('Origin',(-32.0858384832264,-4.45923785313566,0.500000000000003));
#5094=CARTESIAN_POINT('Ctrl Pts',(-19.5083222758003,22.7468341437367,0.5));
#5095=CARTESIAN_POINT('Ctrl Pts',(-19.276561242775,20.8032387406384,0.5));
#5096=CARTESIAN_POINT('Ctrl Pts',(-18.9008173836358,18.8674373107904,0.5));
#5097=CARTESIAN_POINT('Ctrl Pts',(-17.9374238033836,15.3080203772851,0.5));
#5098=CARTESIAN_POINT('Ctrl Pts',(-16.9624828996666,12.4332414035296,0.5));
#5099=CARTESIAN_POINT('Ctrl Pts',(-15.4920804278231,9.69640493488274,0.5));
#5100=CARTESIAN_POINT('Ctrl Pts',(-13.7899824150576,7.15376512700437,0.5));
#5101=CARTESIAN_POINT('Ctrl Pts',(-12.625410834671,5.81972354645382,0.5));
#5102=CARTESIAN_POINT('Ctrl Pts',(-11.241122037276,4.71379393703711,0.5));
#5103=CARTESIAN_POINT('Ctrl Pts',(-19.5083222758003,22.7468341437367,0.612199737628207));
#5104=CARTESIAN_POINT('Ctrl Pts',(-19.276561242775,20.8032387406384,0.612199737628207));
#5105=CARTESIAN_POINT('Ctrl Pts',(-18.9008173836358,18.8674373107904,0.612199737628207));
#5106=CARTESIAN_POINT('Ctrl Pts',(-17.9374238033836,15.3080203772851,0.612199737628207));
#5107=CARTESIAN_POINT('Ctrl Pts',(-16.9624828996666,12.4332414035296,0.612199737628207));
#5108=CARTESIAN_POINT('Ctrl Pts',(-15.4920804278231,9.69640493488274,0.612199737628207));
#5109=CARTESIAN_POINT('Ctrl Pts',(-13.7899824150576,7.15376512700437,0.612199737628207));
#5110=CARTESIAN_POINT('Ctrl Pts',(-12.625410834671,5.81972354645382,0.612199737628207));
#5111=CARTESIAN_POINT('Ctrl Pts',(-11.241122037276,4.71379393703711,0.612199737628207));
#5112=CARTESIAN_POINT('Ctrl Pts',(-19.5071323458128,22.7469760351009,0.834151202859886));
#5113=CARTESIAN_POINT('Ctrl Pts',(-19.2753762772395,20.8034416845223,0.834151202859886));
#5114=CARTESIAN_POINT('Ctrl Pts',(-18.8996435389577,18.8676961684402,0.834151202859886));
#5115=CARTESIAN_POINT('Ctrl Pts',(-17.9362641450343,15.3083782716387,0.834151202859886));
#5116=CARTESIAN_POINT('Ctrl Pts',(-16.9613774655926,12.4337043547594,0.834151202859886));
#5117=CARTESIAN_POINT('Ctrl Pts',(-15.4910458168227,9.69702007250027,0.834151202859886));
#5118=CARTESIAN_POINT('Ctrl Pts',(-13.7890205667145,7.154552525921,0.834151202859886));
#5119=CARTESIAN_POINT('Ctrl Pts',(-12.6245166140065,5.82060160908467,0.834151202859886));
#5120=CARTESIAN_POINT('Ctrl Pts',(-11.2403740471206,4.71473019408621,0.834151202859886));
#5121=CARTESIAN_POINT('Ctrl Pts',(-19.4337548048123,22.7557258266861,1.16515111214165));
#5122=CARTESIAN_POINT('Ctrl Pts',(-19.2024281765905,20.8158060233065,1.16515111214165));
#5123=CARTESIAN_POINT('Ctrl Pts',(-18.8273705630916,18.883527689542,1.16515111214165));
#5124=CARTESIAN_POINT('Ctrl Pts',(-17.8657544598129,15.3307561867577,1.16515111214165));
#5125=CARTESIAN_POINT('Ctrl Pts',(-16.8929087664728,12.4623947407472,1.16515111214165));
#5126=CARTESIAN_POINT('Ctrl Pts',(-15.4270060237682,9.73420114962151,1.16515111214165));
#5127=CARTESIAN_POINT('Ctrl Pts',(-13.7312735323039,7.20117701333501,1.16515111214165));
#5128=CARTESIAN_POINT('Ctrl Pts',(-12.57135255714,5.87275256557387,1.16515111214165));
#5129=CARTESIAN_POINT('Ctrl Pts',(-11.1942489146616,4.7724648849722,1.16515111214165));
#5130=CARTESIAN_POINT('Ctrl Pts',(-19.2589956182326,22.7765647160701,1.47943012790899));
#5131=CARTESIAN_POINT('Ctrl Pts',(-19.0286946761751,20.8452499284412,1.47943012790899));
#5132=CARTESIAN_POINT('Ctrl Pts',(-18.6552447181581,18.9212296432357,1.47943012790899));
#5133=CARTESIAN_POINT('Ctrl Pts',(-17.6978491288823,15.3840596948579,1.47943012790899));
#5134=CARTESIAN_POINT('Ctrl Pts',(-16.7298335704458,12.5307283895662,1.47943012790899));
#5135=CARTESIAN_POINT('Ctrl Pts',(-15.2744803597966,9.82273549048353,1.47943012790899));
#5136=CARTESIAN_POINT('Ctrl Pts',(-13.5937776276012,7.31217434843843,1.47943012790899));
#5137=CARTESIAN_POINT('Ctrl Pts',(-12.4447814202166,5.99691046337578,1.47943012790899));
#5138=CARTESIAN_POINT('Ctrl Pts',(-11.084395265718,4.9099683700863,1.47943012790899));
#5139=CARTESIAN_POINT('Ctrl Pts',(-18.9019685933864,22.8191378524155,1.84098184081071));
#5140=CARTESIAN_POINT('Ctrl Pts',(-18.6737662917353,20.9053989182747,1.84098184081071));
#5141=CARTESIAN_POINT('Ctrl Pts',(-18.3036004425158,18.9982500420828,1.84098184081071));
#5142=CARTESIAN_POINT('Ctrl Pts',(-17.3548502674045,15.4929649292821,1.84098184081071));
#5143=CARTESIAN_POINT('Ctrl Pts',(-16.3966687126819,12.6703353821329,1.84098184081071));
#5144=CARTESIAN_POINT('Ctrl Pts',(-14.9628694314831,10.0035886136007,1.84098184081071));
#5145=CARTESIAN_POINT('Ctrl Pts',(-13.312918828021,7.5388880091115,1.84098184081071));
#5146=CARTESIAN_POINT('Ctrl Pts',(-12.1862522523694,6.25050903301694,1.84098184081071));
#5147=CARTESIAN_POINT('Ctrl Pts',(-10.859968028338,5.19088327451613,1.84098184081071));
#5148=CARTESIAN_POINT('Ctrl Pts',(-18.4588900007894,22.8719720750978,2.00277950637635));
#5149=CARTESIAN_POINT('Ctrl Pts',(-18.2332891213282,20.9800488742036,2.00277950637635));
#5150=CARTESIAN_POINT('Ctrl Pts',(-17.8671991875465,19.0938373233044,2.00277950637635));
#5151=CARTESIAN_POINT('Ctrl Pts',(-16.9291562766579,15.6281111888105,2.00277950637635));
#5152=CARTESIAN_POINT('Ctrl Pts',(-15.983211039225,12.8435873036391,2.00277950637635));
#5153=CARTESIAN_POINT('Ctrl Pts',(-14.5761591538063,10.228049938051,2.00277950637635));
#5154=CARTESIAN_POINT('Ctrl Pts',(-12.9643281455261,7.8202923464597,2.00277950637635));
#5155=CARTESIAN_POINT('Ctrl Pts',(-11.86536297914,6.56527973428219,2.00277950637635));
#5156=CARTESIAN_POINT('Ctrl Pts',(-10.5814487635244,5.5395050085372,2.00277950637635));
#5157=CARTESIAN_POINT('Ctrl Pts',(-18.1302845925456,22.911156119653,2.));
#5158=CARTESIAN_POINT('Ctrl Pts',(-17.9066117192502,21.0354139728061,2.));
#5159=CARTESIAN_POINT('Ctrl Pts',(-17.5435447665697,19.1647302029102,2.));
#5160=CARTESIAN_POINT('Ctrl Pts',(-16.6134333222854,15.7283379543047,2.));
#5161=CARTESIAN_POINT('Ctrl Pts',(-15.6765769491556,12.972076574777,2.));
#5162=CARTESIAN_POINT('Ctrl Pts',(-14.289361381428,10.3945277618918,2.));
#5163=CARTESIAN_POINT('Ctrl Pts',(-12.7057821667795,8.02901404947704,2.));
#5164=CARTESIAN_POINT('Ctrl Pts',(-11.627357106249,6.79874799950313,2.));
#5165=CARTESIAN_POINT('Ctrl Pts',(-10.3748873582861,5.79805730410002,2.));
#5166=CARTESIAN_POINT('Ctrl Pts',(-18.0188741319086,22.9244410880193,2.));
#5167=CARTESIAN_POINT('Ctrl Pts',(-17.7958578974579,21.0541813535138,2.));
#5168=CARTESIAN_POINT('Ctrl Pts',(-17.4338156008352,19.1887625892979,2.));
#5169=CARTESIAN_POINT('Ctrl Pts',(-16.5064146229708,15.7623262787137,2.));
#5170=CARTESIAN_POINT('Ctrl Pts',(-15.5726083914207,13.0156430339678,1.99999999999999));
#5171=CARTESIAN_POINT('Ctrl Pts',(-14.1921196154634,10.4509523581558,1.99999999999999));
#5172=CARTESIAN_POINT('Ctrl Pts',(-12.6181623502297,8.09973264667737,1.99999999999999));
#5173=CARTESIAN_POINT('Ctrl Pts',(-11.5467111430593,6.87785512898234,2.));
#5174=CARTESIAN_POINT('Ctrl Pts',(-10.304854727264,5.88571693971389,2.));
#5175=CARTESIAN_POINT('',(-11.241122037276,4.71379393703711,0.5));
#5176=CARTESIAN_POINT('Ctrl Pts',(-11.241122037276,4.71379393703711,0.5));
#5177=CARTESIAN_POINT('Ctrl Pts',(-11.241122037276,4.71379393703711,0.612199737628207));
#5178=CARTESIAN_POINT('Ctrl Pts',(-11.2403740471206,4.71473019408621,0.834151202859886));
#5179=CARTESIAN_POINT('Ctrl Pts',(-11.1942489146616,4.7724648849722,1.16515111214165));
#5180=CARTESIAN_POINT('Ctrl Pts',(-11.084395265718,4.9099683700863,1.47943012790899));
#5181=CARTESIAN_POINT('Ctrl Pts',(-10.859968028338,5.19088327451613,1.84098184081071));
#5182=CARTESIAN_POINT('Ctrl Pts',(-10.5814487635244,5.5395050085372,2.00277950637635));
#5183=CARTESIAN_POINT('Ctrl Pts',(-10.3748873582861,5.79805730410002,2.));
#5184=CARTESIAN_POINT('Ctrl Pts',(-10.304854727264,5.88571693971389,2.));
#5185=CARTESIAN_POINT('',(-19.5083222758003,22.7468341437367,0.5));
#5186=CARTESIAN_POINT('Ctrl Pts',(-18.0188741319086,22.9244410880193,2.));
#5187=CARTESIAN_POINT('Ctrl Pts',(-18.1302845925456,22.911156119653,2.));
#5188=CARTESIAN_POINT('Ctrl Pts',(-18.4588900007894,22.8719720750978,2.00277950637635));
#5189=CARTESIAN_POINT('Ctrl Pts',(-18.9019685933864,22.8191378524155,1.84098184081071));
#5190=CARTESIAN_POINT('Ctrl Pts',(-19.2589956182326,22.7765647160701,1.47943012790899));
#5191=CARTESIAN_POINT('Ctrl Pts',(-19.4337548048123,22.7557258266861,1.16515111214165));
#5192=CARTESIAN_POINT('Ctrl Pts',(-19.5071323458128,22.7469760351009,0.834151202859886));
#5193=CARTESIAN_POINT('Ctrl Pts',(-19.5083222758003,22.7468341437367,0.612199737628207));
#5194=CARTESIAN_POINT('Ctrl Pts',(-19.5083222758003,22.7468341437367,0.5));
#5195=CARTESIAN_POINT('Ctrl Pts',(-19.5083222758003,22.7468341437367,0.5));
#5196=CARTESIAN_POINT('Ctrl Pts',(-19.276561242775,20.8032387406384,0.5));
#5197=CARTESIAN_POINT('Ctrl Pts',(-18.9008173836358,18.8674373107904,0.5));
#5198=CARTESIAN_POINT('Ctrl Pts',(-17.9374238033836,15.3080203772851,0.5));
#5199=CARTESIAN_POINT('Ctrl Pts',(-16.9624828996666,12.4332414035296,0.5));
#5200=CARTESIAN_POINT('Ctrl Pts',(-15.4920804278231,9.69640493488274,0.5));
#5201=CARTESIAN_POINT('Ctrl Pts',(-13.7899824150576,7.15376512700437,0.5));
#5202=CARTESIAN_POINT('Ctrl Pts',(-12.625410834671,5.81972354645382,0.5));
#5203=CARTESIAN_POINT('Ctrl Pts',(-11.241122037276,4.71379393703711,0.5));
#5204=CARTESIAN_POINT('Ctrl Pts',(-9.49224019516047,3.14600954820208,2.));
#5205=CARTESIAN_POINT('Ctrl Pts',(-9.30996428461035,3.69597823018595,2.));
#5206=CARTESIAN_POINT('Ctrl Pts',(-9.34110246205256,4.77023681396144,2.));
#5207=CARTESIAN_POINT('Ctrl Pts',(-9.96535586507899,5.61448607751215,2.));
#5208=CARTESIAN_POINT('Ctrl Pts',(-10.304854727264,5.88571693971388,2.));
#5209=CARTESIAN_POINT('Ctrl Pts',(-9.59874288110057,3.18130769279049,2.));
#5210=CARTESIAN_POINT('Ctrl Pts',(-9.42464139914001,3.70661222851495,2.));
#5211=CARTESIAN_POINT('Ctrl Pts',(-9.45436805241478,4.73263460406706,2.));
#5212=CARTESIAN_POINT('Ctrl Pts',(-10.0506138168624,5.53899018480684,2.));
#5213=CARTESIAN_POINT('Ctrl Pts',(-10.3748873582861,5.79805730410002,2.));
#5214=CARTESIAN_POINT('Ctrl Pts',(-9.80949680353739,3.25115778493684,1.99886439180187));
#5215=CARTESIAN_POINT('Ctrl Pts',(-9.65159044228071,3.72759788673143,1.99886439180187));
#5216=CARTESIAN_POINT('Ctrl Pts',(-9.6785678318095,4.65824137432855,1.99886439180187));
#5217=CARTESIAN_POINT('Ctrl Pts',(-10.2193628994083,5.38962274631506,1.99886439180187));
#5218=CARTESIAN_POINT('Ctrl Pts',(-10.5134721419111,5.62459114329919,1.99886439180187));
#5219=CARTESIAN_POINT('Ctrl Pts',(-10.1232334045118,3.35513938696047,1.92509771209699));
#5220=CARTESIAN_POINT('Ctrl Pts',(-9.98942502370703,3.75887029472264,1.92509771209699));
#5221=CARTESIAN_POINT('Ctrl Pts',(-10.0122850585878,4.54748752793182,1.92509771209699));
#5222=CARTESIAN_POINT('Ctrl Pts',(-10.4705494818783,5.16725254228776,1.92509771209699));
#5223=CARTESIAN_POINT('Ctrl Pts',(-10.7197749165335,5.36636257490782,1.92509771209699));
#5224=CARTESIAN_POINT('Ctrl Pts',(-10.4225948734981,3.45435664447099,1.74860666477738));
#5225=CARTESIAN_POINT('Ctrl Pts',(-10.3117808737094,3.78870817356369,1.74860666477738));
#5226=CARTESIAN_POINT('Ctrl Pts',(-10.3307134716817,4.44180879276013,1.74860666477738));
#5227=CARTESIAN_POINT('Ctrl Pts',(-10.7102279403548,4.95507195953034,1.74860666477738));
#5228=CARTESIAN_POINT('Ctrl Pts',(-10.916625081529,5.11996580982588,1.74860666477738));
#5229=CARTESIAN_POINT('Ctrl Pts',(-10.677593290313,3.53887067251729,1.48011049080583));
#5230=CARTESIAN_POINT('Ctrl Pts',(-10.5863584996428,3.81414718834729,1.48011049080583));
#5231=CARTESIAN_POINT('Ctrl Pts',(-10.6019282025391,4.35178435244076,1.48011049080583));
#5232=CARTESIAN_POINT('Ctrl Pts',(-10.9143737836871,4.77432361337041,1.48011049080583));
#5233=CARTESIAN_POINT('Ctrl Pts',(-11.0843035760044,4.91008313782756,1.48011049080583));
#5234=CARTESIAN_POINT('Ctrl Pts',(-10.8447394496153,3.59426786035692,1.16484581256925));
#5235=CARTESIAN_POINT('Ctrl Pts',(-10.7663621194991,3.83075043675074,1.16484581256925));
#5236=CARTESIAN_POINT('Ctrl Pts',(-10.7797821214657,4.29279544046145,1.16484581256925));
#5237=CARTESIAN_POINT('Ctrl Pts',(-11.0482312739616,4.65588209170808,1.16484581256925));
#5238=CARTESIAN_POINT('Ctrl Pts',(-11.194213342109,4.77250941103036,1.16484581256925));
#5239=CARTESIAN_POINT('Ctrl Pts',(-10.9151246969554,3.61759561604281,0.83418861585512));
#5240=CARTESIAN_POINT('Ctrl Pts',(-10.8421318836077,3.83783185696979,0.83418861585512));
#5241=CARTESIAN_POINT('Ctrl Pts',(-10.8545780660929,4.26792979483498,0.83418861585512));
#5242=CARTESIAN_POINT('Ctrl Pts',(-11.1045432335028,4.60596208382672,0.83418861585512));
#5243=CARTESIAN_POINT('Ctrl Pts',(-11.2404963443907,4.71457711495762,0.83418861585512));
#5244=CARTESIAN_POINT('Ctrl Pts',(-10.9160762244345,3.61791098043239,0.612199737628207));
#5245=CARTESIAN_POINT('Ctrl Pts',(-10.8431778339472,3.83786232569836,0.612199737628207));
#5246=CARTESIAN_POINT('Ctrl Pts',(-10.8556606979335,4.2676121123061,0.612199737628207));
#5247=CARTESIAN_POINT('Ctrl Pts',(-11.1053447941346,4.60531940935361,0.612199737628207));
#5248=CARTESIAN_POINT('Ctrl Pts',(-11.241122037276,4.71379393703711,0.612199737628207));
#5249=CARTESIAN_POINT('Ctrl Pts',(-10.9160762244345,3.61791098043239,0.5));
#5250=CARTESIAN_POINT('Ctrl Pts',(-10.8431658602145,3.83789845322594,0.5));
#5251=CARTESIAN_POINT('Ctrl Pts',(-10.8556211311914,4.26760188673614,0.5));
#5252=CARTESIAN_POINT('Ctrl Pts',(-11.105322492402,4.60530159215642,0.5));
#5253=CARTESIAN_POINT('Ctrl Pts',(-11.241122037276,4.71379393703712,0.5));
#5254=CARTESIAN_POINT('Origin',(-11.8653002439506,3.93251193525259,0.500000000000002));
#5255=CARTESIAN_POINT('Ctrl Pts',(-10.9160762244345,3.61791098043239,0.5));
#5256=CARTESIAN_POINT('Ctrl Pts',(-10.9160762244345,3.61791098043239,0.612199737628207));
#5257=CARTESIAN_POINT('Ctrl Pts',(-10.9151246969554,3.61759561604281,0.83418861585512));
#5258=CARTESIAN_POINT('Ctrl Pts',(-10.8447394496153,3.59426786035692,1.16484581256925));
#5259=CARTESIAN_POINT('Ctrl Pts',(-10.677593290313,3.53887067251729,1.48011049080583));
#5260=CARTESIAN_POINT('Ctrl Pts',(-10.4225948734981,3.45435664447099,1.74860666477738));
#5261=CARTESIAN_POINT('Ctrl Pts',(-10.1232334045118,3.35513938696047,1.92509771209699));
#5262=CARTESIAN_POINT('Ctrl Pts',(-9.80949680353739,3.25115778493684,1.99886439180187));
#5263=CARTESIAN_POINT('Ctrl Pts',(-9.59874288110057,3.18130769279049,2.));
#5264=CARTESIAN_POINT('Ctrl Pts',(-9.49224019516047,3.14600954820208,2.));
#5265=CARTESIAN_POINT('Ctrl Pts',(-10.9160762244346,3.61791098043239,0.5));
#5266=CARTESIAN_POINT('Ctrl Pts',(-11.2660048488268,2.56209519125534,0.5));
#5267=CARTESIAN_POINT('Ctrl Pts',(-11.4616469512422,1.45528216780241,0.5));
#5268=CARTESIAN_POINT('Ctrl Pts',(-11.4948692105048,0.343484837200235,0.5));
#5269=CARTESIAN_POINT('Ctrl Pts',(-10.9160762244346,3.61791098043239,0.612199737628207));
#5270=CARTESIAN_POINT('Ctrl Pts',(-11.2660096257744,2.56208077809708,0.612199737628207));
#5271=CARTESIAN_POINT('Ctrl Pts',(-11.4616464977183,1.45529734517619,0.612199737628207));
#5272=CARTESIAN_POINT('Ctrl Pts',(-11.4948692105048,0.343484837200235,0.612199737628207));
#5273=CARTESIAN_POINT('Ctrl Pts',(-10.9149992220638,3.61755402994734,0.834227120788406));
#5274=CARTESIAN_POINT('Ctrl Pts',(-11.264893852189,2.5618408093555,0.834227120788406));
#5275=CARTESIAN_POINT('Ctrl Pts',(-11.4605160713927,1.4551402719028,0.834227120788406));
#5276=CARTESIAN_POINT('Ctrl Pts',(-11.4937351032362,0.343450948284806,0.834227120788406));
#5277=CARTESIAN_POINT('Ctrl Pts',(-10.8449770257483,3.59434660012411,1.16474683183837));
#5278=CARTESIAN_POINT('Ctrl Pts',(-11.1926242677194,2.54541427064008,1.16474683183837));
#5279=CARTESIAN_POINT('Ctrl Pts',(-11.3869945203611,1.44579652814178,1.16474683183837));
#5280=CARTESIAN_POINT('Ctrl Pts',(-11.4200001849441,0.341247632532212,1.16474683183837));
#5281=CARTESIAN_POINT('Ctrl Pts',(-10.6774485397914,3.53882269790712,1.48012151703319));
#5282=CARTESIAN_POINT('Ctrl Pts',(-11.0197295440567,2.50608155171963,1.48012151703319));
#5283=CARTESIAN_POINT('Ctrl Pts',(-11.211092798014,1.42347540981385,1.48012151703319));
#5284=CARTESIAN_POINT('Ctrl Pts',(-11.2435889914424,0.335976187597035,1.48012151703319));
#5285=CARTESIAN_POINT('Ctrl Pts',(-10.4225843953482,3.45435317170174,1.74876110261466));
#5286=CARTESIAN_POINT('Ctrl Pts',(-10.7566938950529,2.44626734930015,1.74876110261466));
#5287=CARTESIAN_POINT('Ctrl Pts',(-10.9434910318769,1.38949326423361,1.74876110261466));
#5288=CARTESIAN_POINT('Ctrl Pts',(-10.9752114218295,0.327956642170418,1.74876110261466));
#5289=CARTESIAN_POINT('Ctrl Pts',(-10.1233265219837,3.35517024884869,1.92485007741964));
#5290=CARTESIAN_POINT('Ctrl Pts',(-10.4478402900016,2.37603697367402,1.92485007741964));
#5291=CARTESIAN_POINT('Ctrl Pts',(-10.6292769055694,1.34958915614182,1.92485007741964));
#5292=CARTESIAN_POINT('Ctrl Pts',(-10.6600862757777,0.318540205366561,1.92485007741964));
#5293=CARTESIAN_POINT('Ctrl Pts',(-9.80945932774335,3.25114536434872,1.99899910583316));
#5294=CARTESIAN_POINT('Ctrl Pts',(-10.1239155561992,2.30235801782819,1.99899910583316));
#5295=CARTESIAN_POINT('Ctrl Pts',(-10.2997226860005,1.30775809031941,1.99899910583316));
#5296=CARTESIAN_POINT('Ctrl Pts',(-10.3295771923778,0.308664072230477,1.99899910583316));
#5297=CARTESIAN_POINT('Ctrl Pts',(-9.59874288110056,3.18130769279049,2.));
#5298=CARTESIAN_POINT('Ctrl Pts',(-9.90644015444992,2.25291368085964,2.));
#5299=CARTESIAN_POINT('Ctrl Pts',(-10.0784753125126,1.27965306320736,2.));
#5300=CARTESIAN_POINT('Ctrl Pts',(-10.1076881230033,0.30203367657526,2.));
#5301=CARTESIAN_POINT('Ctrl Pts',(-9.49224019516047,3.14600954820208,2.));
#5302=CARTESIAN_POINT('Ctrl Pts',(-9.79652595550157,2.22790886196116,2.));
#5303=CARTESIAN_POINT('Ctrl Pts',(-9.96664952281929,1.26546275461079,2.));
#5304=CARTESIAN_POINT('Ctrl Pts',(-9.99553844391724,0.29868246713064,2.));
#5305=CARTESIAN_POINT('Ctrl Pts',(-11.4948692105048,0.343484837200235,0.5));
#5306=CARTESIAN_POINT('Ctrl Pts',(-11.4948692105048,0.343484837200235,0.612199737628207));
#5307=CARTESIAN_POINT('Ctrl Pts',(-11.4937351032362,0.343450948284806,0.834227120788406));
#5308=CARTESIAN_POINT('Ctrl Pts',(-11.4200001849441,0.341247632532212,1.16474683183837));
#5309=CARTESIAN_POINT('Ctrl Pts',(-11.2435889914424,0.335976187597035,1.48012151703319));
#5310=CARTESIAN_POINT('Ctrl Pts',(-10.9752114218295,0.327956642170418,1.74876110261466));
#5311=CARTESIAN_POINT('Ctrl Pts',(-10.6600862757777,0.318540205366561,1.92485007741964));
#5312=CARTESIAN_POINT('Ctrl Pts',(-10.3295771923778,0.308664072230477,1.99899910583316));
#5313=CARTESIAN_POINT('Ctrl Pts',(-10.1076881230033,0.30203367657526,2.));
#5314=CARTESIAN_POINT('Ctrl Pts',(-9.99553844391724,0.29868246713064,2.));
#5315=CARTESIAN_POINT('Ctrl Pts',(-12.0175112707446,-2.08073639084858,2.));
#5316=CARTESIAN_POINT('Ctrl Pts',(-11.5445950615589,-1.98883293117581,2.));
#5317=CARTESIAN_POINT('Ctrl Pts',(-10.5036907200684,-1.4467512262173,2.));
#5318=CARTESIAN_POINT('Ctrl Pts',(-10.0147243485821,-0.343382162579798,
2.));
#5319=CARTESIAN_POINT('Ctrl Pts',(-9.99553844391724,0.29868246713064,2.));
#5320=CARTESIAN_POINT('Ctrl Pts',(-12.0389150215661,-1.97059711277481,2.));
#5321=CARTESIAN_POINT('Ctrl Pts',(-11.5872074283141,-1.88281519755606,2.));
#5322=CARTESIAN_POINT('Ctrl Pts',(-10.5930114369447,-1.36507000647015,2.));
#5323=CARTESIAN_POINT('Ctrl Pts',(-10.1260136078401,-0.311236630014727,
2.));
#5324=CARTESIAN_POINT('Ctrl Pts',(-10.1076881230033,0.30203367657526,2.));
#5325=CARTESIAN_POINT('Ctrl Pts',(-12.0812700200676,-1.75264704427106,1.99886519915297));
#5326=CARTESIAN_POINT('Ctrl Pts',(-11.6715807882517,-1.67303070407543,1.99886519915297));
#5327=CARTESIAN_POINT('Ctrl Pts',(-10.7698369613887,-1.20341916601455,1.99886519915297));
#5328=CARTESIAN_POINT('Ctrl Pts',(-10.3462373181345,-0.247557948636135,
1.99886519915297));
#5329=CARTESIAN_POINT('Ctrl Pts',(-10.3296164910383,0.308665246536489,1.99886519915297));
#5330=CARTESIAN_POINT('Ctrl Pts',(-12.1443214937846,-1.42819719178478,1.92509758807272));
#5331=CARTESIAN_POINT('Ctrl Pts',(-11.7971546519541,-1.36073104613749,1.92509758807272));
#5332=CARTESIAN_POINT('Ctrl Pts',(-11.0330261448555,-0.962787376492515,
1.92509758807272));
#5333=CARTESIAN_POINT('Ctrl Pts',(-10.6740729456136,-0.15280107150243,1.92509758807272));
#5334=CARTESIAN_POINT('Ctrl Pts',(-10.6599886114318,0.318537287001738,1.92509758807272));
#5335=CARTESIAN_POINT('Ctrl Pts',(-12.2044838654757,-1.11861406121415,1.74860743968161));
#5336=CARTESIAN_POINT('Ctrl Pts',(-11.9169761166642,-1.06274167560911,1.74860743968161));
#5337=CARTESIAN_POINT('Ctrl Pts',(-11.2841579367763,-0.733181173223532,
1.74860743968161));
#5338=CARTESIAN_POINT('Ctrl Pts',(-10.9868866471243,-0.0623839596350119,
1.74860743968161));
#5339=CARTESIAN_POINT('Ctrl Pts',(-10.9752226437512,0.327956977499152,1.74860743968161));
#5340=CARTESIAN_POINT('Ctrl Pts',(-12.2557307917692,-0.854907970045579,
1.48011030138664));
#5341=CARTESIAN_POINT('Ctrl Pts',(-12.0190214470215,-0.808907415831868,
1.48011030138664));
#5342=CARTESIAN_POINT('Ctrl Pts',(-11.4980455671646,-0.537606356255531,
1.48011030138664));
#5343=CARTESIAN_POINT('Ctrl Pts',(-11.2533453760677,0.0146073503081623,
1.48011030138664));
#5344=CARTESIAN_POINT('Ctrl Pts',(-11.2437422310847,0.335980766639444,1.48011030138664));
#5345=CARTESIAN_POINT('Ctrl Pts',(-12.2893222890053,-0.682053067843641,
1.16484470907333));
#5346=CARTESIAN_POINT('Ctrl Pts',(-12.0859717215453,-0.642535241402101,
1.16484470907333));
#5347=CARTESIAN_POINT('Ctrl Pts',(-11.6383349800158,-0.409391483180916,
1.16484470907334));
#5348=CARTESIAN_POINT('Ctrl Pts',(-11.4280020999372,0.0651570539943484,
1.16484470907334));
#5349=CARTESIAN_POINT('Ctrl Pts',(-11.4197522989681,0.34124022530795,1.16484470907334));
#5350=CARTESIAN_POINT('Ctrl Pts',(-12.3034673526665,-0.609265493696112,
0.834187990477932));
#5351=CARTESIAN_POINT('Ctrl Pts',(-12.1140869541158,-0.572462539001487,
0.834187990477932));
#5352=CARTESIAN_POINT('Ctrl Pts',(-11.6972970027107,-0.355425090316664,
0.834187990477934));
#5353=CARTESIAN_POINT('Ctrl Pts',(-11.5015515239736,0.0863386559926576,
0.834187990477936));
#5354=CARTESIAN_POINT('Ctrl Pts',(-11.4938684837195,0.343454933904195,0.834187990477936));
#5355=CARTESIAN_POINT('Ctrl Pts',(-12.3036583412358,-0.608282705991439,
0.612199737628201));
#5356=CARTESIAN_POINT('Ctrl Pts',(-12.1145229235003,-0.57152735927478,0.612199737628201));
#5357=CARTESIAN_POINT('Ctrl Pts',(-11.6981755815264,-0.354679071845665,
0.612199737628204));
#5358=CARTESIAN_POINT('Ctrl Pts',(-11.5025423120457,0.0867011626406549,
0.612199737628207));
#5359=CARTESIAN_POINT('Ctrl Pts',(-11.4948692105048,0.343484837200235,0.612199737628207));
#5360=CARTESIAN_POINT('Ctrl Pts',(-12.3036583412358,-0.608282705991437,
0.499999999999993));
#5361=CARTESIAN_POINT('Ctrl Pts',(-12.1144918575615,-0.571521322122331,
0.499999999999993));
#5362=CARTESIAN_POINT('Ctrl Pts',(-11.6981301209653,-0.354688640138935,
0.499999999999997));
#5363=CARTESIAN_POINT('Ctrl Pts',(-11.5025435723708,0.0866589853160592,
0.5));
#5364=CARTESIAN_POINT('Ctrl Pts',(-11.4948692105048,0.343484837200235,0.5));
#5365=CARTESIAN_POINT('Ctrl Pts',(-12.3036583412358,-0.608282705991437,
0.499999999999993));
#5366=CARTESIAN_POINT('Ctrl Pts',(-12.3036583412358,-0.608282705991439,
0.612199737628201));
#5367=CARTESIAN_POINT('Ctrl Pts',(-12.3034673526665,-0.609265493696112,
0.834187990477932));
#5368=CARTESIAN_POINT('Ctrl Pts',(-12.2893222890053,-0.682053067843641,
1.16484470907333));
#5369=CARTESIAN_POINT('Ctrl Pts',(-12.2557307917692,-0.854907970045579,
1.48011030138664));
#5370=CARTESIAN_POINT('Ctrl Pts',(-12.2044838654757,-1.11861406121415,1.74860743968161));
#5371=CARTESIAN_POINT('Ctrl Pts',(-12.1443214937846,-1.42819719178478,1.92509758807272));
#5372=CARTESIAN_POINT('Ctrl Pts',(-12.0812700200676,-1.75264704427106,1.99886519915297));
#5373=CARTESIAN_POINT('Ctrl Pts',(-12.0389150215661,-1.97059711277481,2.));
#5374=CARTESIAN_POINT('Ctrl Pts',(-12.0175112707446,-2.08073639084858,2.));
#5375=CARTESIAN_POINT('Ctrl Pts',(-12.3036583412367,-0.608282705991623,
0.5));
#5376=CARTESIAN_POINT('Ctrl Pts',(-13.5625610372743,-0.852929666510138,
0.5));
#5377=CARTESIAN_POINT('Ctrl Pts',(-14.7936912496496,-1.09179152154174,0.5));
#5378=CARTESIAN_POINT('Ctrl Pts',(-17.7996755757959,-1.53489840364463,0.5));
#5379=CARTESIAN_POINT('Ctrl Pts',(-19.8889260475006,-1.72423265200051,0.5));
#5380=CARTESIAN_POINT('Ctrl Pts',(-22.009285000516,-1.98550713488223,0.5));
#5381=CARTESIAN_POINT('Ctrl Pts',(-24.0418539099291,-2.2460577292213,0.5));
#5382=CARTESIAN_POINT('Ctrl Pts',(-25.9227431580321,-2.55331386766423,0.5));
#5383=CARTESIAN_POINT('Ctrl Pts',(-29.060977042593,-3.67596819431888,0.5));
#5384=CARTESIAN_POINT('Ctrl Pts',(-30.3312526523914,-4.32975763808727,0.5));
#5385=CARTESIAN_POINT('Ctrl Pts',(-31.4584391700679,-5.23793554919509,0.5));
#5386=CARTESIAN_POINT('Ctrl Pts',(-12.3036583412367,-0.608282705991623,
0.612199737628207));
#5387=CARTESIAN_POINT('Ctrl Pts',(-13.5625610372743,-0.852929666510138,
0.612199737628207));
#5388=CARTESIAN_POINT('Ctrl Pts',(-14.7936912496496,-1.09179152154174,0.612199737628207));
#5389=CARTESIAN_POINT('Ctrl Pts',(-17.7996755757959,-1.53489840364463,0.612199737628207));
#5390=CARTESIAN_POINT('Ctrl Pts',(-19.8889260475006,-1.72423265200051,0.612199737628207));
#5391=CARTESIAN_POINT('Ctrl Pts',(-22.009285000516,-1.98550713488223,0.612199737628207));
#5392=CARTESIAN_POINT('Ctrl Pts',(-24.0418539099291,-2.2460577292213,0.612199737628207));
#5393=CARTESIAN_POINT('Ctrl Pts',(-25.9227431580321,-2.55331386766423,0.612199737628207));
#5394=CARTESIAN_POINT('Ctrl Pts',(-29.060977042593,-3.67596819431888,0.612199737628207));
#5395=CARTESIAN_POINT('Ctrl Pts',(-30.3312526523914,-4.32975763808727,0.612199737628206));
#5396=CARTESIAN_POINT('Ctrl Pts',(-31.4584391700679,-5.23793554919509,0.612199737628207));
#5397=CARTESIAN_POINT('Ctrl Pts',(-12.3034563862739,-0.609321924490844,
0.834010220477394));
#5398=CARTESIAN_POINT('Ctrl Pts',(-13.5624496561774,-0.853994103680978,
0.834010220477393));
#5399=CARTESIAN_POINT('Ctrl Pts',(-14.7935789705201,-1.09284964054077,0.834010220477395));
#5400=CARTESIAN_POINT('Ctrl Pts',(-17.7996765053268,-1.53604419945481,0.834010220477394));
#5401=CARTESIAN_POINT('Ctrl Pts',(-19.888924740834,-1.72535823759831,0.834010220477396));
#5402=CARTESIAN_POINT('Ctrl Pts',(-22.0091651136759,-1.98656525067415,0.834010220477395));
#5403=CARTESIAN_POINT('Ctrl Pts',(-24.0415871975884,-2.24715761074358,0.834010220477395));
#5404=CARTESIAN_POINT('Ctrl Pts',(-25.9223370778744,-2.55433469569584,0.834010220477395));
#5405=CARTESIAN_POINT('Ctrl Pts',(-29.0604025884054,-3.6769537254586,0.834010220477396));
#5406=CARTESIAN_POINT('Ctrl Pts',(-30.3305413976858,-4.33067250227939,0.834010220477394));
#5407=CARTESIAN_POINT('Ctrl Pts',(-31.4577749675405,-5.23875992526142,0.834010220477394));
#5408=CARTESIAN_POINT('Ctrl Pts',(-12.2893064257584,-0.682134696838536,
1.16532481029056));
#5409=CARTESIAN_POINT('Ctrl Pts',(-13.5482606174446,-0.92680262177448,1.16532481029056));
#5410=CARTESIAN_POINT('Ctrl Pts',(-14.7807226415992,-1.16593300169614,1.16532481029056));
#5411=CARTESIAN_POINT('Ctrl Pts',(-17.7920695263447,-1.60993248522114,1.16532481029056));
#5412=CARTESIAN_POINT('Ctrl Pts',(-19.8814205413967,-1.79920997632941,1.16532481029057));
#5413=CARTESIAN_POINT('Ctrl Pts',(-21.9999469157167,-2.0601681704859,1.16532481029056));
#5414=CARTESIAN_POINT('Ctrl Pts',(-24.0305250955342,-2.32055073059519,1.16532481029056));
#5415=CARTESIAN_POINT('Ctrl Pts',(-25.9052736178414,-2.62702712819763,1.16532481029057));
#5416=CARTESIAN_POINT('Ctrl Pts',(-29.0288561407905,-3.7444760286125,1.16532481029057));
#5417=CARTESIAN_POINT('Ctrl Pts',(-30.2917761290183,-4.39475060907133,1.16532481029056));
#5418=CARTESIAN_POINT('Ctrl Pts',(-31.411237663349,-5.29651977739186,1.16532481029056));
#5419=CARTESIAN_POINT('Ctrl Pts',(-12.2557874468255,-0.854616434840141,
1.47921854990213));
#5420=CARTESIAN_POINT('Ctrl Pts',(-13.5145448357689,-1.09924536856402,1.47921854990213));
#5421=CARTESIAN_POINT('Ctrl Pts',(-14.7501866176398,-1.33903852055583,1.47921854990213));
#5422=CARTESIAN_POINT('Ctrl Pts',(-17.773924575808,-1.78485759947715,1.47921854990213));
#5423=CARTESIAN_POINT('Ctrl Pts',(-19.8635232945364,-1.97407103557988,1.47921854990214));
#5424=CARTESIAN_POINT('Ctrl Pts',(-21.9780971297428,-2.23451292527254,1.47921854990213));
#5425=CARTESIAN_POINT('Ctrl Pts',(-24.0044452303263,-2.49434730821527,1.47921854990213));
#5426=CARTESIAN_POINT('Ctrl Pts',(-25.8650389370149,-2.79924287030156,1.47921854990213));
#5427=CARTESIAN_POINT('Ctrl Pts',(-28.9542697485366,-3.90440053893805,1.47921854990213));
#5428=CARTESIAN_POINT('Ctrl Pts',(-30.2001281364833,-4.54654097457255,1.47921854990213));
#5429=CARTESIAN_POINT('Ctrl Pts',(-31.3009982802015,-5.43334357026437,1.47921854990213));
#5430=CARTESIAN_POINT('Ctrl Pts',(-12.1871270067957,-1.20792886873018,1.84135274913484));
#5431=CARTESIAN_POINT('Ctrl Pts',(-13.4454545349853,-1.45247051817704,1.84135274913484));
#5432=CARTESIAN_POINT('Ctrl Pts',(-14.6876155903865,-1.69362429937421,1.84135274913484));
#5433=CARTESIAN_POINT('Ctrl Pts',(-17.7367242540547,-2.14314830015668,1.84135274913484));
#5434=CARTESIAN_POINT('Ctrl Pts',(-19.8268314563328,-2.33223630037186,1.84135274913485));
#5435=CARTESIAN_POINT('Ctrl Pts',(-21.9333364958547,-2.59163933689812,1.84135274913484));
#5436=CARTESIAN_POINT('Ctrl Pts',(-23.9510550268159,-2.850337702846,1.84135274913484));
#5437=CARTESIAN_POINT('Ctrl Pts',(-25.7826696943961,-3.15201532709233,1.84135274913484));
#5438=CARTESIAN_POINT('Ctrl Pts',(-28.8015230491395,-4.23198428631555,1.84135274913485));
#5439=CARTESIAN_POINT('Ctrl Pts',(-30.0124422766233,-4.85746900883766,1.84135274913483));
#5440=CARTESIAN_POINT('Ctrl Pts',(-31.0751833897578,-5.7136140953295,1.84135274913484));
#5441=CARTESIAN_POINT('Ctrl Pts',(-12.102061147441,-1.6456601998512,2.00264256469822));
#5442=CARTESIAN_POINT('Ctrl Pts',(-13.3598664466525,-1.89009657818075,2.00264256469822));
#5443=CARTESIAN_POINT('Ctrl Pts',(-14.6101022014878,-2.13293492921734,2.00264256469822));
#5444=CARTESIAN_POINT('Ctrl Pts',(-17.6906478783895,-2.587057734551,2.00264256469822));
#5445=CARTESIAN_POINT('Ctrl Pts',(-19.7813846388129,-2.77598809370409,2.00264256469823));
#5446=CARTESIAN_POINT('Ctrl Pts',(-21.8778822810334,-3.03409680522574,2.00264256469823));
#5447=CARTESIAN_POINT('Ctrl Pts',(-23.884895657292,-3.29139279831351,2.00264256469823));
#5448=CARTESIAN_POINT('Ctrl Pts',(-25.6806010684721,-3.58907576950265,2.00264256469822));
#5449=CARTESIAN_POINT('Ctrl Pts',(-28.6122656405882,-4.6378419093334,2.00264256469823));
#5450=CARTESIAN_POINT('Ctrl Pts',(-29.7798936685106,-5.24268883620423,2.00264256469822));
#5451=CARTESIAN_POINT('Ctrl Pts',(-30.7954132964934,-6.0608512096874,2.00264256469822));
#5452=CARTESIAN_POINT('Ctrl Pts',(-12.038915021567,-1.97059711277498,2.));
#5453=CARTESIAN_POINT('Ctrl Pts',(-13.296405575071,-2.21497557255791,2.));
#5454=CARTESIAN_POINT('Ctrl Pts',(-14.5526194067968,-2.45905622037176,2.00000000000001));
#5455=CARTESIAN_POINT('Ctrl Pts',(-17.656532055354,-2.91665377171227,2.00000000000001));
#5456=CARTESIAN_POINT('Ctrl Pts',(-19.7477331867456,-3.10545135759257,2.00000000000002));
#5457=CARTESIAN_POINT('Ctrl Pts',(-21.8367268291083,-3.36254812318806,2.00000000000001));
#5458=CARTESIAN_POINT('Ctrl Pts',(-23.8356971299598,-3.61883891935148,2.00000000000002));
#5459=CARTESIAN_POINT('Ctrl Pts',(-25.6047033893364,-3.91350132781455,2.00000000000001));
#5460=CARTESIAN_POINT('Ctrl Pts',(-28.4716766178013,-4.93913577637452,2.00000000000001));
#5461=CARTESIAN_POINT('Ctrl Pts',(-29.6071416836994,-5.52864563555181,2.));
#5462=CARTESIAN_POINT('Ctrl Pts',(-30.5877342386547,-6.31861241609468,2.));
#5463=CARTESIAN_POINT('Ctrl Pts',(-12.0175112707455,-2.08073639084875,2.));
#5464=CARTESIAN_POINT('Ctrl Pts',(-13.2748105449784,-2.32507175280432,2.));
#5465=CARTESIAN_POINT('Ctrl Pts',(-14.5330691712533,-2.56958299066189,2.00000000000001));
#5466=CARTESIAN_POINT('Ctrl Pts',(-17.6448666513828,-3.02828760437606,2.00000000000001));
#5467=CARTESIAN_POINT('Ctrl Pts',(-19.736228621522,-3.21705846222594,2.00000000000001));
#5468=CARTESIAN_POINT('Ctrl Pts',(-21.822766104749,-3.47387155619984,2.00000000000002));
#5469=CARTESIAN_POINT('Ctrl Pts',(-23.8191220217359,-3.72978008568406,2.00000000000002));
#5470=CARTESIAN_POINT('Ctrl Pts',(-25.5791283070371,-4.02348275613729,2.));
#5471=CARTESIAN_POINT('Ctrl Pts',(-28.4241384398317,-5.04124084952587,2.00000000000001));
#5472=CARTESIAN_POINT('Ctrl Pts',(-29.5487330281592,-5.6255720861457,2.));
#5473=CARTESIAN_POINT('Ctrl Pts',(-30.5173402003302,-6.40598209328423,2.));
#5474=CARTESIAN_POINT('Ctrl Pts',(-31.4584391700679,-5.23793554919509,0.5));
#5475=CARTESIAN_POINT('Ctrl Pts',(-31.4584391700679,-5.23793554919509,0.612199737628207));
#5476=CARTESIAN_POINT('Ctrl Pts',(-31.4577749675405,-5.23875992526142,0.834010220477394));
#5477=CARTESIAN_POINT('Ctrl Pts',(-31.411237663349,-5.29651977739186,1.16532481029056));
#5478=CARTESIAN_POINT('Ctrl Pts',(-31.3009982802015,-5.43334357026437,1.47921854990213));
#5479=CARTESIAN_POINT('Ctrl Pts',(-31.0751833897578,-5.7136140953295,1.84135274913484));
#5480=CARTESIAN_POINT('Ctrl Pts',(-30.7954132964934,-6.0608512096874,2.00264256469822));
#5481=CARTESIAN_POINT('Ctrl Pts',(-30.5877342386547,-6.31861241609468,2.));
#5482=CARTESIAN_POINT('Ctrl Pts',(-30.5173402003302,-6.40598209328423,2.));
#5483=CARTESIAN_POINT('Ctrl Pts',(-34.5846829335802,-4.38323513650085,2.));
#5484=CARTESIAN_POINT('Ctrl Pts',(-34.6094306267236,-5.1968986265505,2.));
#5485=CARTESIAN_POINT('Ctrl Pts',(-33.9312214577722,-6.55310928702235,2.));
#5486=CARTESIAN_POINT('Ctrl Pts',(-32.0089410131295,-7.13906912748622,2.));
#5487=CARTESIAN_POINT('Ctrl Pts',(-30.9399341216789,-6.74646741556124,2.));
#5488=CARTESIAN_POINT('Ctrl Pts',(-30.5173402003302,-6.40598209328423,2.));
#5489=CARTESIAN_POINT('Ctrl Pts',(-34.4725350568989,-4.38664613044703,2.));
#5490=CARTESIAN_POINT('Ctrl Pts',(-34.4961729081478,-5.16381984248091,2.));
#5491=CARTESIAN_POINT('Ctrl Pts',(-33.848454565751,-6.45916327477453,2.));
#5492=CARTESIAN_POINT('Ctrl Pts',(-32.0123896658196,-7.01884352077032,2.));
#5493=CARTESIAN_POINT('Ctrl Pts',(-30.9913763960747,-6.64382823939642,2.));
#5494=CARTESIAN_POINT('Ctrl Pts',(-30.5877342386547,-6.31861241609467,2.));
#5495=CARTESIAN_POINT('Ctrl Pts',(-34.250554166965,-4.39339771143223,1.99874011951053));
#5496=CARTESIAN_POINT('Ctrl Pts',(-34.2719931544226,-5.09827639474299,1.99874011951053));
#5497=CARTESIAN_POINT('Ctrl Pts',(-33.6844943832762,-6.27314333817468,1.99874011951053));
#5498=CARTESIAN_POINT('Ctrl Pts',(-32.0192220567239,-6.78076109654052,1.99874011951053));
#5499=CARTESIAN_POINT('Ctrl Pts',(-31.0931634537508,-6.44063974650217,1.99874011951053));
#5500=CARTESIAN_POINT('Ctrl Pts',(-30.7270692999658,-6.14567647410733,1.99874011951053));
#5501=CARTESIAN_POINT('Ctrl Pts',(-33.9202429650651,-4.40344417457872,1.92509440450687));
#5502=CARTESIAN_POINT('Ctrl Pts',(-33.9384102146156,-5.00075349097568,1.92509440450687));
#5503=CARTESIAN_POINT('Ctrl Pts',(-33.4405323351806,-5.99634928609088,1.92509440450687));
#5504=CARTESIAN_POINT('Ctrl Pts',(-32.0293881435693,-6.42650175315496,1.92509440450687));
#5505=CARTESIAN_POINT('Ctrl Pts',(-31.2446278059945,-6.13829479347964,1.92509440450687));
#5506=CARTESIAN_POINT('Ctrl Pts',(-30.934402154529,-5.88834495846853,1.92509440450687));
#5507=CARTESIAN_POINT('Ctrl Pts',(-33.6050023732725,-4.41303226293148,1.7485725890065));
#5508=CARTESIAN_POINT('Ctrl Pts',(-33.620047638261,-4.90769585635627,1.7485725890065));
#5509=CARTESIAN_POINT('Ctrl Pts',(-33.2077320740333,-5.73219947097799,1.7485725890065));
#5510=CARTESIAN_POINT('Ctrl Pts',(-32.0390889606046,-6.08843152293516,1.7485725890065));
#5511=CARTESIAN_POINT('Ctrl Pts',(-31.3891896974827,-5.84975106290974,1.7485725890065));
#5512=CARTESIAN_POINT('Ctrl Pts',(-31.1322753462181,-5.64275431906461,1.7485725890065));
#5513=CARTESIAN_POINT('Ctrl Pts',(-33.3365007846545,-4.42119877771909,1.48010323844478));
#5514=CARTESIAN_POINT('Ctrl Pts',(-33.3488877837235,-4.82846295524639,1.48010323844478));
#5515=CARTESIAN_POINT('Ctrl Pts',(-33.0095019946702,-5.50724065236034,1.48010323844478));
#5516=CARTESIAN_POINT('Ctrl Pts',(-32.0473489715674,-5.80053044190697,1.48010323844478));
#5517=CARTESIAN_POINT('Ctrl Pts',(-31.5123325129541,-5.60399968095928,1.48010323844478));
#5518=CARTESIAN_POINT('Ctrl Pts',(-31.300810959006,-5.43357606427617,1.48010323844478));
#5519=CARTESIAN_POINT('Ctrl Pts',(-33.1605017077062,-4.42655181518863,1.16484225056461));
#5520=CARTESIAN_POINT('Ctrl Pts',(-33.1711430348637,-4.77642116840895,1.16484225056461));
#5521=CARTESIAN_POINT('Ctrl Pts',(-32.879357374744,-5.35968000077814,1.16484225056461));
#5522=CARTESIAN_POINT('Ctrl Pts',(-32.0527729474431,-5.61164158596523,1.16484225056461));
#5523=CARTESIAN_POINT('Ctrl Pts',(-31.59299601892,-5.44286881177746,1.16484225056461));
#5524=CARTESIAN_POINT('Ctrl Pts',(-31.4112837217047,-5.29646261198742,1.16484225056461));
#5525=CARTESIAN_POINT('Ctrl Pts',(-33.0863828036126,-4.4288061524141,0.834187397885771));
#5526=CARTESIAN_POINT('Ctrl Pts',(-33.0962930775892,-4.75463967816715,0.834187397885771));
#5527=CARTESIAN_POINT('Ctrl Pts',(-32.8248142809818,-5.2976692880408,0.834187397885772));
#5528=CARTESIAN_POINT('Ctrl Pts',(-32.0550448332256,-5.53231615183095,0.834187397885773));
#5529=CARTESIAN_POINT('Ctrl Pts',(-31.627036140146,-5.37506787855809,0.834187397885773));
#5530=CARTESIAN_POINT('Ctrl Pts',(-31.4578073753817,-5.23871970221567,0.834187397885773));
#5531=CARTESIAN_POINT('Ctrl Pts',(-33.0853762633679,-4.42883676648173,0.612199737628207));
#5532=CARTESIAN_POINT('Ctrl Pts',(-33.0952737134759,-4.7542486645049,0.612199737628207));
#5533=CARTESIAN_POINT('Ctrl Pts',(-32.8238866442433,-5.29673417269365,0.612199737628209));
#5534=CARTESIAN_POINT('Ctrl Pts',(-32.0550843800927,-5.53108247159428,0.612199737628209));
#5535=CARTESIAN_POINT('Ctrl Pts',(-31.6274489532533,-5.37410729135403,0.61219973762821));
#5536=CARTESIAN_POINT('Ctrl Pts',(-31.4584391700679,-5.23793554919509,0.61219973762821));
#5537=CARTESIAN_POINT('Ctrl Pts',(-33.0853762633679,-4.42883676648173,0.5));
#5538=CARTESIAN_POINT('Ctrl Pts',(-33.0952753406253,-4.7543021625016,0.5));
#5539=CARTESIAN_POINT('Ctrl Pts',(-32.8239916730447,-5.29678642669033,0.500000000000002));
#5540=CARTESIAN_POINT('Ctrl Pts',(-32.0550794951877,-5.53117036287589,0.500000000000002));
#5541=CARTESIAN_POINT('Ctrl Pts',(-31.6274767386074,-5.37412967810589,0.500000000000003));
#5542=CARTESIAN_POINT('Ctrl Pts',(-31.4584391700679,-5.23793554919509,0.500000000000003));
#5543=CARTESIAN_POINT('Ctrl Pts',(-33.0853762633679,-4.42883676648173,0.5));
#5544=CARTESIAN_POINT('Ctrl Pts',(-33.0853762633679,-4.42883676648173,0.612199737628207));
#5545=CARTESIAN_POINT('Ctrl Pts',(-33.0863828036126,-4.4288061524141,0.834187397885771));
#5546=CARTESIAN_POINT('Ctrl Pts',(-33.1605017077062,-4.42655181518863,1.16484225056461));
#5547=CARTESIAN_POINT('Ctrl Pts',(-33.3365007846545,-4.42119877771909,1.48010323844478));
#5548=CARTESIAN_POINT('Ctrl Pts',(-33.6050023732725,-4.41303226293148,1.7485725890065));
#5549=CARTESIAN_POINT('Ctrl Pts',(-33.9202429650651,-4.40344417457872,1.92509440450687));
#5550=CARTESIAN_POINT('Ctrl Pts',(-34.250554166965,-4.39339771143223,1.99874011951053));
#5551=CARTESIAN_POINT('Ctrl Pts',(-34.4725350568989,-4.38664613044703,2.));
#5552=CARTESIAN_POINT('Ctrl Pts',(-34.5846829335802,-4.38323513650085,2.));
#5553=CARTESIAN_POINT('Ctrl Pts',(-33.0853762633679,-4.42883676648173,0.5));
#5554=CARTESIAN_POINT('Ctrl Pts',(-33.0547308547339,-3.42126608105519,0.5));
#5555=CARTESIAN_POINT('Ctrl Pts',(-33.0879229932041,-2.09335282289691,0.5));
#5556=CARTESIAN_POINT('Ctrl Pts',(-33.1335565188983,-0.814110445276484,
0.5));
#5557=CARTESIAN_POINT('Ctrl Pts',(-33.184016117358,0.707492643571016,0.5));
#5558=CARTESIAN_POINT('Ctrl Pts',(-33.2010347489825,1.88435535283717,0.5));
#5559=CARTESIAN_POINT('Ctrl Pts',(-32.9623959896846,3.62250749263706,0.5));
#5560=CARTESIAN_POINT('Ctrl Pts',(-32.7554305855689,4.44794501457801,0.5));
#5561=CARTESIAN_POINT('Ctrl Pts',(-32.2652508055728,5.58955792559842,0.5));
#5562=CARTESIAN_POINT('Ctrl Pts',(-32.0085296860135,6.07803723098781,0.5));
#5563=CARTESIAN_POINT('Ctrl Pts',(-31.4679450184151,7.02139528268274,0.5));
#5564=CARTESIAN_POINT('Ctrl Pts',(-30.4852581973281,8.4623093329036,0.5));
#5565=CARTESIAN_POINT('Ctrl Pts',(-29.3471956741677,9.90676086448669,0.5));
#5566=CARTESIAN_POINT('Ctrl Pts',(-26.8116081087747,13.0845306296036,0.5));
#5567=CARTESIAN_POINT('Ctrl Pts',(-24.8748756051146,15.5558629444113,0.5));
#5568=CARTESIAN_POINT('Ctrl Pts',(-22.6051040015736,19.8057526862048,0.5));
#5569=CARTESIAN_POINT('Ctrl Pts',(-21.9635827608746,21.3355544023217,0.5));
#5570=CARTESIAN_POINT('Ctrl Pts',(-21.4539500213243,22.9324599586985,0.5));
#5571=CARTESIAN_POINT('Ctrl Pts',(-33.0853762633679,-4.42883676648173,0.724399475256414));
#5572=CARTESIAN_POINT('Ctrl Pts',(-33.0547308547339,-3.42126608105519,0.724399475256414));
#5573=CARTESIAN_POINT('Ctrl Pts',(-33.0879229932041,-2.09335282289691,0.724399475256414));
#5574=CARTESIAN_POINT('Ctrl Pts',(-33.1335565188983,-0.814110445276484,
0.724399475256414));
#5575=CARTESIAN_POINT('Ctrl Pts',(-33.184016117358,0.707492643571016,0.724399475256414));
#5576=CARTESIAN_POINT('Ctrl Pts',(-33.2010347489825,1.88435535283717,0.724399475256412));
#5577=CARTESIAN_POINT('Ctrl Pts',(-32.9623959896846,3.62250749263706,0.724399475256414));
#5578=CARTESIAN_POINT('Ctrl Pts',(-32.7554305855689,4.44794501457801,0.724399475256413));
#5579=CARTESIAN_POINT('Ctrl Pts',(-32.2652508055728,5.58955792559842,0.724399475256414));
#5580=CARTESIAN_POINT('Ctrl Pts',(-32.0085296860135,6.07803723098781,0.724399475256414));
#5581=CARTESIAN_POINT('Ctrl Pts',(-31.4679450184151,7.02139528268274,0.724399475256413));
#5582=CARTESIAN_POINT('Ctrl Pts',(-30.4852581973281,8.4623093329036,0.724399475256414));
#5583=CARTESIAN_POINT('Ctrl Pts',(-29.3471956741677,9.90676086448669,0.724399475256414));
#5584=CARTESIAN_POINT('Ctrl Pts',(-26.8116081087747,13.0845306296036,0.724399475256414));
#5585=CARTESIAN_POINT('Ctrl Pts',(-24.8748756051146,15.5558629444113,0.724399475256413));
#5586=CARTESIAN_POINT('Ctrl Pts',(-22.6051040015736,19.8057526862048,0.724399475256416));
#5587=CARTESIAN_POINT('Ctrl Pts',(-21.9635827608746,21.3355544023217,0.724399475256413));
#5588=CARTESIAN_POINT('Ctrl Pts',(-21.4539500213243,22.9324599586985,0.724399475256413));
#5589=CARTESIAN_POINT('Ctrl Pts',(-33.1014136016147,-4.42834898851133,1.16838781519553));
#5590=CARTESIAN_POINT('Ctrl Pts',(-33.0708279755284,-3.42149965609971,1.16838781519553));
#5591=CARTESIAN_POINT('Ctrl Pts',(-33.1040289132924,-2.09419789519022,1.16838781519553));
#5592=CARTESIAN_POINT('Ctrl Pts',(-33.1496087453807,-0.814748849933508,
1.16838781519553));
#5593=CARTESIAN_POINT('Ctrl Pts',(-33.2005659369473,0.706851248317159,1.16838781519553));
#5594=CARTESIAN_POINT('Ctrl Pts',(-33.217951153916,1.88448480397413,1.16838781519554));
#5595=CARTESIAN_POINT('Ctrl Pts',(-32.9775057752853,3.62601697813334,1.16838781519553));
#5596=CARTESIAN_POINT('Ctrl Pts',(-32.7706432142046,4.45304354029293,1.16838781519553));
#5597=CARTESIAN_POINT('Ctrl Pts',(-32.2799956815142,5.59634837072976,1.16838781519553));
#5598=CARTESIAN_POINT('Ctrl Pts',(-32.0228629933111,6.08550710468833,1.16838781519553));
#5599=CARTESIAN_POINT('Ctrl Pts',(-31.4814474010268,7.03047806038454,1.16838781519553));
#5600=CARTESIAN_POINT('Ctrl Pts',(-30.4980619364033,8.47187813390039,1.16838781519553));
#5601=CARTESIAN_POINT('Ctrl Pts',(-29.3597267821516,9.91680530436302,1.16838781519553));
#5602=CARTESIAN_POINT('Ctrl Pts',(-26.8235938417853,13.0957147271724,1.16838781519553));
#5603=CARTESIAN_POINT('Ctrl Pts',(-24.8879801368054,15.5659007259718,1.16838781519553));
#5604=CARTESIAN_POINT('Ctrl Pts',(-22.6197944482282,19.8124476828435,1.16838781519552));
#5605=CARTESIAN_POINT('Ctrl Pts',(-21.9786137456872,21.3414407186065,1.16838781519553));
#5606=CARTESIAN_POINT('Ctrl Pts',(-21.4692352542634,22.9373380525258,1.16838781519553));
#5607=CARTESIAN_POINT('Ctrl Pts',(-33.5585277925545,-4.41444579404925,1.76896355634022));
#5608=CARTESIAN_POINT('Ctrl Pts',(-33.5284148026937,-3.42363645414677,1.76896355634022));
#5609=CARTESIAN_POINT('Ctrl Pts',(-33.5611334757952,-2.11069868307641,1.76896355634022));
#5610=CARTESIAN_POINT('Ctrl Pts',(-33.606640084042,-0.830961946722575,1.76896355634022));
#5611=CARTESIAN_POINT('Ctrl Pts',(-33.6576849572073,0.699319219344892,1.76896355634022));
#5612=CARTESIAN_POINT('Ctrl Pts',(-33.6780433180914,1.89341670222222,1.76896355634023));
#5613=CARTESIAN_POINT('Ctrl Pts',(-33.4268007983124,3.7175246235902,1.76896355634022));
#5614=CARTESIAN_POINT('Ctrl Pts',(-33.2065721904885,4.5975451584963,1.76896355634022));
#5615=CARTESIAN_POINT('Ctrl Pts',(-32.692117066909,5.7960882300903,1.76896355634022));
#5616=CARTESIAN_POINT('Ctrl Pts',(-32.4249495863802,6.30356490182693,1.76896355634022));
#5617=CARTESIAN_POINT('Ctrl Pts',(-31.8652394876585,7.28039552987291,1.76896355634022));
#5618=CARTESIAN_POINT('Ctrl Pts',(-30.8627374236244,8.74822735501391,1.76896355634022));
#5619=CARTESIAN_POINT('Ctrl Pts',(-29.7187324264242,10.2001110495418,1.76896355634022));
#5620=CARTESIAN_POINT('Ctrl Pts',(-27.1812618775396,13.3805133606561,1.76896355634022));
#5621=CARTESIAN_POINT('Ctrl Pts',(-25.2667838367969,15.8271884631305,1.76896355634022));
#5622=CARTESIAN_POINT('Ctrl Pts',(-23.0370591442549,20.001871748633,1.76896355634022));
#5623=CARTESIAN_POINT('Ctrl Pts',(-22.405763134542,21.5071168154405,1.76896355634022));
#5624=CARTESIAN_POINT('Ctrl Pts',(-21.9049120966891,23.0763789506412,1.76896355634022));
#5625=CARTESIAN_POINT('Ctrl Pts',(-34.0043019709217,-4.40088750771543,1.95485133945162));
#5626=CARTESIAN_POINT('Ctrl Pts',(-33.9746716927613,-3.42580028196269,1.95485133945162));
#5627=CARTESIAN_POINT('Ctrl Pts',(-34.0069330438547,-2.12692443617647,1.95485133945162));
#5628=CARTESIAN_POINT('Ctrl Pts',(-34.0523424455044,-0.846807947426782,
1.95485133945162));
#5629=CARTESIAN_POINT('Ctrl Pts',(-34.1037223756396,0.691783724377884,1.95485133945162));
#5630=CARTESIAN_POINT('Ctrl Pts',(-34.1271124768082,1.90203420973191,1.95485133945164));
#5631=CARTESIAN_POINT('Ctrl Pts',(-33.8646201446826,3.80691306996607,1.95485133945162));
#5632=CARTESIAN_POINT('Ctrl Pts',(-33.6316456108756,4.73847656270929,1.95485133945162));
#5633=CARTESIAN_POINT('Ctrl Pts',(-33.0941589695313,5.99076336779228,1.95485133945162));
#5634=CARTESIAN_POINT('Ctrl Pts',(-32.8171756076919,6.51612210151039,1.95485133945162));
#5635=CARTESIAN_POINT('Ctrl Pts',(-32.2395294319559,7.52427189906765,1.95485133945162));
#5636=CARTESIAN_POINT('Ctrl Pts',(-31.2183709007744,9.01765706335694,1.95485133945162));
#5637=CARTESIAN_POINT('Ctrl Pts',(-30.0687995199806,10.4764415675552,1.95485133945162));
#5638=CARTESIAN_POINT('Ctrl Pts',(-27.5297730121795,13.6588484119514,1.95485133945162));
#5639=CARTESIAN_POINT('Ctrl Pts',(-25.6360966931586,16.0824336511949,1.95485133945162));
#5640=CARTESIAN_POINT('Ctrl Pts',(-23.4439982361678,20.1866214751231,1.95485133945161));
#5641=CARTESIAN_POINT('Ctrl Pts',(-22.8223385448829,21.6687200673799,1.95485133945162));
#5642=CARTESIAN_POINT('Ctrl Pts',(-22.3297807407071,23.2119705453571,1.95485133945162));
#5643=CARTESIAN_POINT('Ctrl Pts',(-34.2784433257507,-4.39254945861998,1.99120660017762));
#5644=CARTESIAN_POINT('Ctrl Pts',(-34.2490911303358,-3.42706205996104,1.99120660017762));
#5645=CARTESIAN_POINT('Ctrl Pts',(-34.2810600613004,-2.13678724929414,1.99120660017762));
#5646=CARTESIAN_POINT('Ctrl Pts',(-34.3264319010522,-0.856522649515325,
1.99120660017762));
#5647=CARTESIAN_POINT('Ctrl Pts',(-34.3778029739417,0.68731346074466,1.99120660017762));
#5648=CARTESIAN_POINT('Ctrl Pts',(-34.4029435476216,1.90741371467536,1.99120660017764));
#5649=CARTESIAN_POINT('Ctrl Pts',(-34.1341533346916,3.86175504682891,1.99120660017763));
#5650=CARTESIAN_POINT('Ctrl Pts',(-33.8930918500654,4.82513375192934,1.99120660017762));
#5651=CARTESIAN_POINT('Ctrl Pts',(-33.3412816152822,6.11057870661124,1.99120660017763));
#5652=CARTESIAN_POINT('Ctrl Pts',(-33.0582875633102,6.64691853950349,1.99120660017763));
#5653=CARTESIAN_POINT('Ctrl Pts',(-32.4696932656315,7.67411375814241,1.99120660017763));
#5654=CARTESIAN_POINT('Ctrl Pts',(-31.437073566458,9.18340545108505,1.99120660017763));
#5655=CARTESIAN_POINT('Ctrl Pts',(-30.2841110154374,10.6463331620083,1.99120660017762));
#5656=CARTESIAN_POINT('Ctrl Pts',(-27.7443442446697,13.8295002335858,1.99120660017762));
#5657=CARTESIAN_POINT('Ctrl Pts',(-25.863296569398,16.239025415767,1.99120660017762));
#5658=CARTESIAN_POINT('Ctrl Pts',(-23.6942346200408,20.3002170996289,1.99120660017761));
#5659=CARTESIAN_POINT('Ctrl Pts',(-23.0785037719189,21.7680704738601,1.99120660017762));
#5660=CARTESIAN_POINT('Ctrl Pts',(-22.5910656498556,23.2953564059177,1.99120660017762));
#5661=CARTESIAN_POINT('Ctrl Pts',(-34.4173844298686,-4.3883235447726,2.00020894922254));
#5662=CARTESIAN_POINT('Ctrl Pts',(-34.3881754633988,-3.42770996638389,2.00020894922254));
#5663=CARTESIAN_POINT('Ctrl Pts',(-34.4199975526356,-2.14180005873409,2.00020894922253));
#5664=CARTESIAN_POINT('Ctrl Pts',(-34.4653476448196,-0.861449971639092,
2.00020894922253));
#5665=CARTESIAN_POINT('Ctrl Pts',(-34.5167404451511,0.685027835000931,2.00020894922253));
#5666=CARTESIAN_POINT('Ctrl Pts',(-34.5427821026971,1.91013042062036,2.00020894922255));
#5667=CARTESIAN_POINT('Ctrl Pts',(-34.2707242852056,3.88956606765992,2.00020894922254));
#5668=CARTESIAN_POINT('Ctrl Pts',(-34.0255944614041,4.86905512536583,2.00020894922254));
#5669=CARTESIAN_POINT('Ctrl Pts',(-33.4665441854032,6.17129234378942,2.00020894922254));
#5670=CARTESIAN_POINT('Ctrl Pts',(-33.1805006234547,6.71319959775078,2.00020894922254));
#5671=CARTESIAN_POINT('Ctrl Pts',(-32.5863475432708,7.75007372077396,2.00020894922254));
#5672=CARTESIAN_POINT('Ctrl Pts',(-31.5479175799803,9.26740381047717,2.00020894922254));
#5673=CARTESIAN_POINT('Ctrl Pts',(-30.3932323986413,10.73244367017,2.00020894922253));
#5674=CARTESIAN_POINT('Ctrl Pts',(-27.8530640208625,13.9160536837843,2.00020894922253));
#5675=CARTESIAN_POINT('Ctrl Pts',(-25.978436832002,16.3184358655701,2.00020894922254));
#5676=CARTESIAN_POINT('Ctrl Pts',(-23.8210628519758,20.3577925701542,2.00020894922252));
#5677=CARTESIAN_POINT('Ctrl Pts',(-23.2083365454572,21.818427440663,2.00020894922253));
#5678=CARTESIAN_POINT('Ctrl Pts',(-22.7234908134691,23.3376182658306,2.00020894922253));
#5679=CARTESIAN_POINT('Ctrl Pts',(-34.5286089952396,-4.38494063347393,2.));
#5680=CARTESIAN_POINT('Ctrl Pts',(-34.4995162090005,-3.42823421803067,2.));
#5681=CARTESIAN_POINT('Ctrl Pts',(-34.5312216559052,-2.14582227684949,1.99999999999999));
#5682=CARTESIAN_POINT('Ctrl Pts',(-34.576552536248,-0.865396824923163,1.99999999999999));
#5683=CARTESIAN_POINT('Ctrl Pts',(-34.6279801655622,0.683184857814611,1.99999999999999));
#5684=CARTESIAN_POINT('Ctrl Pts',(-34.6547524024859,1.91229870246106,2.00000000000001));
#5685=CARTESIAN_POINT('Ctrl Pts',(-34.3800284732628,3.91183977622902,2.));
#5686=CARTESIAN_POINT('Ctrl Pts',(-34.1316620390314,4.90421590105205,2.));
#5687=CARTESIAN_POINT('Ctrl Pts',(-33.5668289525664,6.21988691850138,2.));
#5688=CARTESIAN_POINT('Ctrl Pts',(-33.2783421111495,6.76625227789096,2.));
#5689=CARTESIAN_POINT('Ctrl Pts',(-32.6797324703669,7.81089197583331,2.));
#5690=CARTESIAN_POINT('Ctrl Pts',(-31.6366503123786,9.33464137042997,2.));
#5691=CARTESIAN_POINT('Ctrl Pts',(-30.4805835391264,10.8013802038422,1.99999999999999));
#5692=CARTESIAN_POINT('Ctrl Pts',(-27.9400760941729,13.9853831352881,1.99999999999999));
#5693=CARTESIAN_POINT('Ctrl Pts',(-26.0706019090428,16.382035897341,2.));
#5694=CARTESIAN_POINT('Ctrl Pts',(-23.9225926749959,20.4038843877704,1.99999999999998));
#5695=CARTESIAN_POINT('Ctrl Pts',(-23.3122713313067,21.8587415946449,1.99999999999999));
#5696=CARTESIAN_POINT('Ctrl Pts',(-22.829499264752,23.3714495573726,1.99999999999999));
#5697=CARTESIAN_POINT('Ctrl Pts',(-34.5846829335802,-4.38323513650084,1.99999999999999));
#5698=CARTESIAN_POINT('Ctrl Pts',(-34.5556439479743,-3.42848100088198,1.99999999999999));
#5699=CARTESIAN_POINT('Ctrl Pts',(-34.5872877487882,-2.14782068211813,1.99999999999999));
#5700=CARTESIAN_POINT('Ctrl Pts',(-34.6326145904171,-0.867378947491614,
1.99999999999999));
#5701=CARTESIAN_POINT('Ctrl Pts',(-34.6840051571403,0.682297376750207,1.99999999999999));
#5702=CARTESIAN_POINT('Ctrl Pts',(-34.7111167465696,1.91341215738143,2.00000000000001));
#5703=CARTESIAN_POINT('Ctrl Pts',(-34.4352064038887,3.92303605055989,2.));
#5704=CARTESIAN_POINT('Ctrl Pts',(-34.1851450751225,4.92193904295017,2.));
#5705=CARTESIAN_POINT('Ctrl Pts',(-33.6173559877852,6.24440989667542,2.));
#5706=CARTESIAN_POINT('Ctrl Pts',(-33.3276439384697,6.79301875208811,2.));
#5707=CARTESIAN_POINT('Ctrl Pts',(-32.7268084047281,7.84151877895277,2.));
#5708=CARTESIAN_POINT('Ctrl Pts',(-31.6813839279106,9.36855321451899,2.));
#5709=CARTESIAN_POINT('Ctrl Pts',(-30.5246287658975,10.8361230079177,1.99999999999999));
#5710=CARTESIAN_POINT('Ctrl Pts',(-27.9840054356892,14.0202039339634,1.99999999999999));
#5711=CARTESIAN_POINT('Ctrl Pts',(-26.1170874687709,16.4140037122711,2.));
#5712=CARTESIAN_POINT('Ctrl Pts',(-23.9737733491375,20.4271161665201,1.99999999999998));
#5713=CARTESIAN_POINT('Ctrl Pts',(-23.3646651599672,21.8790578553595,1.99999999999999));
#5714=CARTESIAN_POINT('Ctrl Pts',(-22.8829434957185,23.3885056254236,1.99999999999999));
#5715=CARTESIAN_POINT('',(-21.4539500213243,22.9324599586984,0.5));
#5716=CARTESIAN_POINT('Ctrl Pts',(-21.4539500213243,22.9324599586985,0.5));
#5717=CARTESIAN_POINT('Ctrl Pts',(-21.4539500213243,22.9324599586985,0.724399475256413));
#5718=CARTESIAN_POINT('Ctrl Pts',(-21.4692352542634,22.9373380525258,1.16838781519553));
#5719=CARTESIAN_POINT('Ctrl Pts',(-21.9049120966891,23.0763789506412,1.76896355634022));
#5720=CARTESIAN_POINT('Ctrl Pts',(-22.3297807407071,23.2119705453571,1.95485133945162));
#5721=CARTESIAN_POINT('Ctrl Pts',(-22.5910656498556,23.2953564059177,1.99120660017762));
#5722=CARTESIAN_POINT('Ctrl Pts',(-22.7234908134691,23.3376182658306,2.00020894922253));
#5723=CARTESIAN_POINT('Ctrl Pts',(-22.829499264752,23.3714495573726,1.99999999999999));
#5724=CARTESIAN_POINT('Ctrl Pts',(-22.8829434957185,23.3885056254236,1.99999999999999));
#5725=CARTESIAN_POINT('Ctrl Pts',(-33.0853762633679,-4.42883676648173,0.5));
#5726=CARTESIAN_POINT('Ctrl Pts',(-33.0547308547339,-3.42126608105519,0.5));
#5727=CARTESIAN_POINT('Ctrl Pts',(-33.0879229932041,-2.09335282289691,0.5));
#5728=CARTESIAN_POINT('Ctrl Pts',(-33.1335565188983,-0.814110445276484,
0.5));
#5729=CARTESIAN_POINT('Ctrl Pts',(-33.184016117358,0.707492643571016,0.5));
#5730=CARTESIAN_POINT('Ctrl Pts',(-33.2010347489825,1.88435535283717,0.5));
#5731=CARTESIAN_POINT('Ctrl Pts',(-32.9623959896846,3.62250749263706,0.5));
#5732=CARTESIAN_POINT('Ctrl Pts',(-32.7554305855689,4.44794501457801,0.5));
#5733=CARTESIAN_POINT('Ctrl Pts',(-32.2652508055728,5.58955792559842,0.5));
#5734=CARTESIAN_POINT('Ctrl Pts',(-32.0085296860135,6.07803723098781,0.5));
#5735=CARTESIAN_POINT('Ctrl Pts',(-31.4679450184151,7.02139528268274,0.5));
#5736=CARTESIAN_POINT('Ctrl Pts',(-30.4852581973281,8.4623093329036,0.5));
#5737=CARTESIAN_POINT('Ctrl Pts',(-29.3471956741677,9.90676086448669,0.5));
#5738=CARTESIAN_POINT('Ctrl Pts',(-26.8116081087747,13.0845306296036,0.5));
#5739=CARTESIAN_POINT('Ctrl Pts',(-24.8748756051146,15.5558629444113,0.5));
#5740=CARTESIAN_POINT('Ctrl Pts',(-22.6051040015736,19.8057526862048,0.5));
#5741=CARTESIAN_POINT('Ctrl Pts',(-21.9635827608746,21.3355544023217,0.5));
#5742=CARTESIAN_POINT('Ctrl Pts',(-21.4539500213243,22.9324599586985,0.5));
#5743=CARTESIAN_POINT('Ctrl Pts',(-18.0188741319086,22.9244410880193,2.));
#5744=CARTESIAN_POINT('Ctrl Pts',(-18.0953821778033,23.5660532018418,2.));
#5745=CARTESIAN_POINT('Ctrl Pts',(-18.7718797971095,24.7829413074447,2.));
#5746=CARTESIAN_POINT('Ctrl Pts',(-20.7754243293712,25.380265106371,2.));
#5747=CARTESIAN_POINT('Ctrl Pts',(-22.3131622312884,24.5656131322691,2.));
#5748=CARTESIAN_POINT('Ctrl Pts',(-22.7847177114147,23.6962906018609,2.));
#5749=CARTESIAN_POINT('Ctrl Pts',(-22.8829434957185,23.3885056254237,2.));
#5750=CARTESIAN_POINT('Ctrl Pts',(-18.1302845925456,22.911156119653,2.));
#5751=CARTESIAN_POINT('Ctrl Pts',(-18.2033615374443,23.5239943190847,2.));
#5752=CARTESIAN_POINT('Ctrl Pts',(-18.8494669933665,24.6862930591047,2.));
#5753=CARTESIAN_POINT('Ctrl Pts',(-20.7631227065069,25.256826797115,2.));
#5754=CARTESIAN_POINT('Ctrl Pts',(-22.2318561149986,24.4787080366233,2.));
#5755=CARTESIAN_POINT('Ctrl Pts',(-22.6822343101837,23.6483754555413,2.));
#5756=CARTESIAN_POINT('Ctrl Pts',(-22.7760550337855,23.3543934893216,2.));
#5757=CARTESIAN_POINT('Ctrl Pts',(-18.3508067085867,22.8848603004012,1.99873787633438));
#5758=CARTESIAN_POINT('Ctrl Pts',(-18.4170858169803,23.4406904531831,1.99873787633438));
#5759=CARTESIAN_POINT('Ctrl Pts',(-19.0031116065678,24.4948757234276,1.99873787633437));
#5760=CARTESIAN_POINT('Ctrl Pts',(-20.7387692877803,25.0123376919319,1.99873787633438));
#5761=CARTESIAN_POINT('Ctrl Pts',(-22.0708949671855,24.3066022539584,1.99873787633437));
#5762=CARTESIAN_POINT('Ctrl Pts',(-22.4793903711719,23.5535079575742,1.99873787633438));
#5763=CARTESIAN_POINT('Ctrl Pts',(-22.5644836097821,23.286873075234,1.99873787633438));
#5764=CARTESIAN_POINT('Ctrl Pts',(-18.6789452515556,22.8457319264748,1.92509338612731));
#5765=CARTESIAN_POINT('Ctrl Pts',(-18.7351097091614,23.3167385499574,1.92509338612731));
#5766=CARTESIAN_POINT('Ctrl Pts',(-19.2317295109882,24.2100556911908,1.92509338612731));
#5767=CARTESIAN_POINT('Ctrl Pts',(-20.702531581237,24.6485504822751,1.92509338612731));
#5768=CARTESIAN_POINT('Ctrl Pts',(-21.8313859829482,24.0505155837821,1.92509338612731));
#5769=CARTESIAN_POINT('Ctrl Pts',(-22.1775563415974,23.4123467520695,1.92509338612731));
#5770=CARTESIAN_POINT('Ctrl Pts',(-22.2496637628994,23.1864021986746,1.92509338612731));
#5771=CARTESIAN_POINT('Ctrl Pts',(-18.9921130847699,22.8083887117192,1.74857068206015));
#5772=CARTESIAN_POINT('Ctrl Pts',(-19.0386258573977,23.1984543318306,1.74857068206015));
#5773=CARTESIAN_POINT('Ctrl Pts',(-19.4499005171932,23.938256943961,1.74857068206015));
#5774=CARTESIAN_POINT('Ctrl Pts',(-20.6679480879941,24.3013976759703,1.74857068206015));
#5775=CARTESIAN_POINT('Ctrl Pts',(-21.602810360053,23.8061331462885,1.74857068206015));
#5776=CARTESIAN_POINT('Ctrl Pts',(-21.889490996799,23.2776318128942,1.74857068206015));
#5777=CARTESIAN_POINT('Ctrl Pts',(-21.9492069850728,23.0905151186975,1.74857068206015));
#5778=CARTESIAN_POINT('Ctrl Pts',(-19.2588485441445,22.7765822536927,1.48010239413303));
#5779=CARTESIAN_POINT('Ctrl Pts',(-19.297143228331,23.0977293040679,1.48010239413303));
#5780=CARTESIAN_POINT('Ctrl Pts',(-19.6356955637611,23.7068029364373,1.48010239413303));
#5781=CARTESIAN_POINT('Ctrl Pts',(-20.6384937769992,24.0057798826634,1.48010239413303));
#5782=CARTESIAN_POINT('Ctrl Pts',(-21.4081355244415,23.5980200062066,1.48010239413303));
#5783=CARTESIAN_POINT('Ctrl Pts',(-21.6441328587584,23.1629009682392,1.48010239413303));
#5784=CARTESIAN_POINT('Ctrl Pts',(-21.6932979543362,23.0088449035184,1.48010239413303));
#5785=CARTESIAN_POINT('Ctrl Pts',(-19.4336893703477,22.7557336293178,1.16484222945422));
#5786=CARTESIAN_POINT('Ctrl Pts',(-19.4665872708442,23.0316221483759,1.16484222945422));
#5787=CARTESIAN_POINT('Ctrl Pts',(-19.7575913897339,23.5549103837367,1.16484222945422));
#5788=CARTESIAN_POINT('Ctrl Pts',(-20.6191807524683,23.8117602013744,1.16484222945422));
#5789=CARTESIAN_POINT('Ctrl Pts',(-21.2804881583397,23.4614677214419,1.16484222945422));
#5790=CARTESIAN_POINT('Ctrl Pts',(-21.4833173096307,23.0876566741879,1.16484222945422));
#5791=CARTESIAN_POINT('Ctrl Pts',(-21.5255536788966,22.9553113840847,1.16484222945422));
#5792=CARTESIAN_POINT('Ctrl Pts',(-19.5073215230038,22.7469534769588,0.834187289836154));
#5793=CARTESIAN_POINT('Ctrl Pts',(-19.5379593562693,23.0038886101794,0.834187289836154));
#5794=CARTESIAN_POINT('Ctrl Pts',(-19.8087856357844,23.4911702709684,0.834187289836154));
#5795=CARTESIAN_POINT('Ctrl Pts',(-20.6110552157355,23.7303666495365,0.834187289836155));
#5796=CARTESIAN_POINT('Ctrl Pts',(-21.2267835257397,23.4041359716344,0.834187289836154));
#5797=CARTESIAN_POINT('Ctrl Pts',(-21.415575400438,23.0560196167426,0.834187289836154));
#5798=CARTESIAN_POINT('Ctrl Pts',(-21.4549101549292,22.9327663735127,0.834187289836154));
#5799=CARTESIAN_POINT('Ctrl Pts',(-19.5083222758003,22.7468341437367,0.612199737628207));
#5800=CARTESIAN_POINT('Ctrl Pts',(-19.5389204637897,23.0034368035671,0.612199737628207));
#5801=CARTESIAN_POINT('Ctrl Pts',(-19.8095801816884,23.4901442373987,0.612199737628207));
#5802=CARTESIAN_POINT('Ctrl Pts',(-20.6109392254382,23.7290390060064,0.612199737628207));
#5803=CARTESIAN_POINT('Ctrl Pts',(-21.2260167408611,23.4032335282666,0.612199737628207));
#5804=CARTESIAN_POINT('Ctrl Pts',(-21.4146661659025,23.0555537125541,0.612199737628207));
#5805=CARTESIAN_POINT('Ctrl Pts',(-21.4539500213243,22.9324599586985,0.612199737628207));
#5806=CARTESIAN_POINT('Ctrl Pts',(-19.5083222758003,22.7468341437367,0.5));
#5807=CARTESIAN_POINT('Ctrl Pts',(-19.5389254941582,23.0034789892657,0.5));
#5808=CARTESIAN_POINT('Ctrl Pts',(-19.8095245418807,23.4902342315069,0.5));
#5809=CARTESIAN_POINT('Ctrl Pts',(-20.6109423547854,23.7291637510774,0.5));
#5810=CARTESIAN_POINT('Ctrl Pts',(-21.2260375155523,23.4033029614367,0.5));
#5811=CARTESIAN_POINT('Ctrl Pts',(-21.4146597076028,23.0555739492734,0.5));
#5812=CARTESIAN_POINT('Ctrl Pts',(-21.4539500213243,22.9324599586985,0.5));
#5813=CARTESIAN_POINT('Origin',(-20.5012877050615,22.628429514215,0.5));
#5814=CARTESIAN_POINT('Origin',(-11.8653002439506,3.9325119352526,-2.));
#5815=CARTESIAN_POINT('',(-11.241122037276,4.71379393703711,0.5));
#5816=CARTESIAN_POINT('Ctrl Pts',(-19.7219534766052,25.1812498670759,-2.));
#5817=CARTESIAN_POINT('Ctrl Pts',(-19.7219534766052,25.1812498670759,2.));
#5818=CARTESIAN_POINT('Ctrl Pts',(-19.5735487203647,22.5285142549686,-2.));
#5819=CARTESIAN_POINT('Ctrl Pts',(-19.5735487203647,22.5285142549686,2.));
#5820=CARTESIAN_POINT('Ctrl Pts',(-19.1381719663014,19.7443830763661,-2.));
#5821=CARTESIAN_POINT('Ctrl Pts',(-19.1381719663014,19.7443830763661,2.));
#5822=CARTESIAN_POINT('Ctrl Pts',(-18.3877046893629,16.9716575897823,-2.));
#5823=CARTESIAN_POINT('Ctrl Pts',(-18.3877046893629,16.9716575897823,2.));
#5824=CARTESIAN_POINT('Ctrl Pts',(-17.5918679144732,14.031306988622,-2.));
#5825=CARTESIAN_POINT('Ctrl Pts',(-17.5918679144732,14.031306988622,2.));
#5826=CARTESIAN_POINT('Ctrl Pts',(-16.4419985951846,11.1154182516518,-2.));
#5827=CARTESIAN_POINT('Ctrl Pts',(-16.4419985951846,11.1154182516518,2.));
#5828=CARTESIAN_POINT('Ctrl Pts',(-14.7490673296165,8.58647197737597,-2.));
#5829=CARTESIAN_POINT('Ctrl Pts',(-14.7490673296165,8.58647197737597,2.));
#5830=CARTESIAN_POINT('Ctrl Pts',(-13.6329082705933,6.9191235437887,-2.));
#5831=CARTESIAN_POINT('Ctrl Pts',(-13.6329082705933,6.9191235437887,2.));
#5832=CARTESIAN_POINT('Ctrl Pts',(-12.250977897089,5.41818983417148,-2.));
#5833=CARTESIAN_POINT('Ctrl Pts',(-12.250977897089,5.41818983417148,2.));
#5834=CARTESIAN_POINT('Ctrl Pts',(-10.6728522629946,4.28254884061982,-2.));
#5835=CARTESIAN_POINT('Ctrl Pts',(-10.6728522629946,4.28254884061982,2.));
#5836=CARTESIAN_POINT('',(-19.5083222758003,22.7468341437367,-0.499999999999999));
#5837=CARTESIAN_POINT('Origin',(-20.5012877050615,22.628429514215,2.));
#5838=CARTESIAN_POINT('',(-21.4539500213243,22.9324599586984,0.5));
#5839=CARTESIAN_POINT('Ctrl Pts',(-33.1358550889531,-5.44562077319174,-2.));
#5840=CARTESIAN_POINT('Ctrl Pts',(-33.1358550889531,-5.44562077319174,2.));
#5841=CARTESIAN_POINT('Ctrl Pts',(-33.0124893800114,-3.69115929109543,-2.));
#5842=CARTESIAN_POINT('Ctrl Pts',(-33.0124893800114,-3.69115929109543,2.));
#5843=CARTESIAN_POINT('Ctrl Pts',(-33.0942879233956,-1.99825019342164,-2.));
#5844=CARTESIAN_POINT('Ctrl Pts',(-33.0942879233956,-1.99825019342164,2.));
#5845=CARTESIAN_POINT('Ctrl Pts',(-33.1438151130925,-0.504763778047863,
-2.));
#5846=CARTESIAN_POINT('Ctrl Pts',(-33.1438151130925,-0.504763778047863,
2.));
#5847=CARTESIAN_POINT('Ctrl Pts',(-33.1886958164859,0.848608404800677,-2.));
#5848=CARTESIAN_POINT('Ctrl Pts',(-33.1886958164859,0.848608404800677,2.));
#5849=CARTESIAN_POINT('Ctrl Pts',(-33.1888716088853,1.97294694646136,-2.));
#5850=CARTESIAN_POINT('Ctrl Pts',(-33.1888716088853,1.97294694646136,2.));
#5851=CARTESIAN_POINT('Ctrl Pts',(-33.0598419771229,2.91274872553987,-2.));
#5852=CARTESIAN_POINT('Ctrl Pts',(-33.0598419771229,2.91274872553987,2.));
#5853=CARTESIAN_POINT('Ctrl Pts',(-32.8927600740849,4.12970848573041,-2.));
#5854=CARTESIAN_POINT('Ctrl Pts',(-32.8927600740849,4.12970848573041,2.));
#5855=CARTESIAN_POINT('Ctrl Pts',(-32.5472588224214,5.13791721099005,-2.));
#5856=CARTESIAN_POINT('Ctrl Pts',(-32.5472588224214,5.13791721099005,2.));
#5857=CARTESIAN_POINT('Ctrl Pts',(-31.8221941090093,6.40320584456509,-2.));
#5858=CARTESIAN_POINT('Ctrl Pts',(-31.8221941090093,6.40320584456509,2.));
#5859=CARTESIAN_POINT('Ctrl Pts',(-31.1153010782819,7.6367836209868,-2.));
#5860=CARTESIAN_POINT('Ctrl Pts',(-31.1153010782819,7.6367836209868,2.));
#5861=CARTESIAN_POINT('Ctrl Pts',(-30.0113521631962,9.07439504957789,-2.));
#5862=CARTESIAN_POINT('Ctrl Pts',(-30.0113521631962,9.07439504957789,2.));
#5863=CARTESIAN_POINT('Ctrl Pts',(-28.684452444381,10.7373554873648,-2.));
#5864=CARTESIAN_POINT('Ctrl Pts',(-28.684452444381,10.7373554873648,2.));
#5865=CARTESIAN_POINT('Ctrl Pts',(-26.9779137160773,12.8761051988007,-2.));
#5866=CARTESIAN_POINT('Ctrl Pts',(-26.9779137160773,12.8761051988007,2.));
#5867=CARTESIAN_POINT('Ctrl Pts',(-24.9471004717562,15.4206300780896,-2.));
#5868=CARTESIAN_POINT('Ctrl Pts',(-24.9471004717562,15.4206300780896,2.));
#5869=CARTESIAN_POINT('Ctrl Pts',(-23.3972879178772,18.3224782041996,-2.));
#5870=CARTESIAN_POINT('Ctrl Pts',(-23.3972879178772,18.3224782041996,2.));
#5871=CARTESIAN_POINT('Ctrl Pts',(-22.2008157744393,20.5627365107205,-2.));
#5872=CARTESIAN_POINT('Ctrl Pts',(-22.2008157744393,20.5627365107205,2.));
#5873=CARTESIAN_POINT('Ctrl Pts',(-21.3222033291367,22.995105057864,-2.));
#5874=CARTESIAN_POINT('Ctrl Pts',(-21.3222033291367,22.995105057864,2.));
#5875=CARTESIAN_POINT('Ctrl Pts',(-20.8256402510428,25.2637742379678,-2.));
#5876=CARTESIAN_POINT('Ctrl Pts',(-20.8256402510428,25.2637742379678,2.));
#5877=CARTESIAN_POINT('Origin',(-36.5858984608364,-16.4159079495661,0.));
#5878=CARTESIAN_POINT('Origin',(-3.33066907387547E-15,8.88178419700125E-15,
0.));
#5879=CARTESIAN_POINT('Origin',(-19.4173110385452,36.6772140713057,0.));
#5880=UNCERTAINTY_MEASURE_WITH_UNIT(LENGTH_MEASURE(0.01),#5886,
'DISTANCE_ACCURACY_VALUE',
'Maximum model space distance between geometric entities at asserted c
onnectivities');
#5881=UNCERTAINTY_MEASURE_WITH_UNIT(LENGTH_MEASURE(0.01),#5886,
'DISTANCE_ACCURACY_VALUE',
'Maximum model space distance between geometric entities at asserted c
onnectivities');
#5882=(
GEOMETRIC_REPRESENTATION_CONTEXT(3)
GLOBAL_UNCERTAINTY_ASSIGNED_CONTEXT((#5880))
GLOBAL_UNIT_ASSIGNED_CONTEXT((#5886,#5885,#5884))
REPRESENTATION_CONTEXT('','3D')
);
#5883=(
GEOMETRIC_REPRESENTATION_CONTEXT(3)
GLOBAL_UNCERTAINTY_ASSIGNED_CONTEXT((#5881))
GLOBAL_UNIT_ASSIGNED_CONTEXT((#5886,#5885,#5884))
REPRESENTATION_CONTEXT('','3D')
);
#5884=(
NAMED_UNIT(*)
SI_UNIT($,.STERADIAN.)
SOLID_ANGLE_UNIT()
);
#5885=(
NAMED_UNIT(*)
PLANE_ANGLE_UNIT()
SI_UNIT($,.RADIAN.)
);
#5886=(
LENGTH_UNIT()
NAMED_UNIT(*)
SI_UNIT(.MILLI.,.METRE.)
);
#5887=SHAPE_DEFINITION_REPRESENTATION(#5888,#5889);
#5888=PRODUCT_DEFINITION_SHAPE('',$,#5891);
#5889=SHAPE_REPRESENTATION('',(#774),#5882);
#5890=PRODUCT_DEFINITION_CONTEXT('part definition',#5895,'design');
#5891=PRODUCT_DEFINITION('femur','femur',#5892,#5890);
#5892=PRODUCT_DEFINITION_FORMATION('',$,#5897);
#5893=PRODUCT_RELATED_PRODUCT_CATEGORY('femur','femur',(#5897));
#5894=APPLICATION_PROTOCOL_DEFINITION('international standard',
'automotive_design',2009,#5895);
#5895=APPLICATION_CONTEXT(
'Core Data for Automotive Mechanical Design Process');
#5896=PRODUCT_CONTEXT('part definition',#5895,'mechanical');
#5897=PRODUCT('femur','femur',$,(#5896));
#5898=PRESENTATION_STYLE_ASSIGNMENT((#5899));
#5899=SURFACE_STYLE_USAGE(.BOTH.,#5900);
#5900=SURFACE_SIDE_STYLE('',(#5901));
#5901=SURFACE_STYLE_FILL_AREA(#5902);
#5902=FILL_AREA_STYLE('Steel - Satin',(#5903));
#5903=FILL_AREA_STYLE_COLOUR('Steel - Satin',#5904);
#5904=COLOUR_RGB('Steel - Satin',0.627450980392157,0.627450980392157,0.627450980392157);
ENDSEC;
END-ISO-10303-21;
