ISO-10303-21;
HEADER;
/* Generated by software containing ST-Developer
 * from STEP Tools, Inc. (www.steptools.com) 
 */

FILE_DESCRIPTION(
/* description */ (''),
/* implementation_level */ '2;1');

FILE_NAME(
/* name */ 
'/var/folders/lj/0c1qyxjj0xv8qkf4ldmpkq2r0000gn/T/com.autodesk.mas.fus
ion360/Neutron/20a86c62-ebfd-4470-804e-810fa7d5a581.stp',
/* time_stamp */ '2017-08-24T15:40:45-07:00',
/* author */ (''),
/* organization */ (''),
/* preprocessor_version */ 'ST-DEVELOPER v16.13',
/* originating_system */ 'Autodesk Translation Framework v6.1.1.50',
/* authorisation */ '');

FILE_SCHEMA (('AUTOMOTIVE_DESIGN { 1 0 10303 214 3 1 1 }'));
ENDSEC;

DATA;
#10=MECHANICAL_DESIGN_GEOMETRIC_PRESENTATION_REPRESENTATION('',(#13),#4707);
#11=SHAPE_REPRESENTATION_RELATIONSHIP('SRR','None',#4713,#12);
#12=ADVANCED_BREP_SHAPE_REPRESENTATION('',(#14),#4706);
#13=STYLED_ITEM('',(#4722),#14);
#14=MANIFOLD_SOLID_BREP('Body3',#1231);
#15=FACE_BOUND('',#216,.T.);
#16=FACE_BOUND('',#217,.T.);
#17=FACE_BOUND('',#226,.T.);
#18=FACE_BOUND('',#243,.T.);
#19=FACE_BOUND('',#247,.T.);
#20=FACE_BOUND('',#249,.T.);
#21=FACE_BOUND('',#259,.T.);
#22=FACE_BOUND('',#260,.T.);
#23=FACE_BOUND('',#275,.T.);
#24=FACE_BOUND('',#283,.T.);
#25=FACE_BOUND('',#295,.T.);
#26=FACE_BOUND('',#297,.T.);
#27=PLANE('',#1247);
#28=PLANE('',#1259);
#29=PLANE('',#1276);
#30=PLANE('',#1295);
#31=PLANE('',#1314);
#32=PLANE('',#1321);
#33=PLANE('',#1326);
#34=PLANE('',#1327);
#35=(
BOUNDED_CURVE()
B_SPLINE_CURVE(5,(#1858,#1859,#1860,#1861,#1862,#1863,#1864,#1865,#1866),
 .UNSPECIFIED.,.F.,.F.)
B_SPLINE_CURVE_WITH_KNOTS((6,1,1,1,6),(0.396515788184742,0.4,0.466666666666667,
0.533333333333333,0.561569481509674),.UNSPECIFIED.)
CURVE()
GEOMETRIC_REPRESENTATION_ITEM()
RATIONAL_B_SPLINE_CURVE((1.,1.,1.,1.,1.,1.,1.,1.,1.))
REPRESENTATION_ITEM('')
);
#36=(
BOUNDED_CURVE()
B_SPLINE_CURVE(5,(#2695,#2696,#2697,#2698,#2699,#2700),.UNSPECIFIED.,.F.,
 .F.)
B_SPLINE_CURVE_WITH_KNOTS((6,6),(0.544736661470233,0.565141740284704),
 .UNSPECIFIED.)
CURVE()
GEOMETRIC_REPRESENTATION_ITEM()
RATIONAL_B_SPLINE_CURVE((1.,1.,1.,1.,1.,1.))
REPRESENTATION_ITEM('')
);
#37=(
BOUNDED_CURVE()
B_SPLINE_CURVE(5,(#3141,#3142,#3143,#3144,#3145,#3146,#3147,#3148,#3149),
 .UNSPECIFIED.,.F.,.F.)
B_SPLINE_CURVE_WITH_KNOTS((6,1,1,1,6),(0.337830837584461,0.4,0.466666666666667,
0.533333333333333,0.544736661470233),.UNSPECIFIED.)
CURVE()
GEOMETRIC_REPRESENTATION_ITEM()
RATIONAL_B_SPLINE_CURVE((1.,1.,1.,1.,1.,1.,1.,1.,1.))
REPRESENTATION_ITEM('')
);
#38=(
BOUNDED_CURVE()
B_SPLINE_CURVE(5,(#3445,#3446,#3447,#3448,#3449,#3450,#3451,#3452,#3453),
 .UNSPECIFIED.,.F.,.F.)
B_SPLINE_CURVE_WITH_KNOTS((6,1,1,1,6),(0.396515788184743,0.4,0.466666666666667,
0.533333333333333,0.561569481509675),.UNSPECIFIED.)
CURVE()
GEOMETRIC_REPRESENTATION_ITEM()
RATIONAL_B_SPLINE_CURVE((1.,1.,1.,1.,1.,1.,1.,1.,1.))
REPRESENTATION_ITEM('')
);
#39=(
BOUNDED_CURVE()
B_SPLINE_CURVE(5,(#3789,#3790,#3791,#3792,#3793,#3794),.UNSPECIFIED.,.F.,
 .F.)
B_SPLINE_CURVE_WITH_KNOTS((6,6),(0.544736661470233,0.565141740284704),
 .UNSPECIFIED.)
CURVE()
GEOMETRIC_REPRESENTATION_ITEM()
RATIONAL_B_SPLINE_CURVE((1.,1.,1.,1.,1.,1.))
REPRESENTATION_ITEM('')
);
#40=(
BOUNDED_CURVE()
B_SPLINE_CURVE(5,(#3796,#3797,#3798,#3799,#3800,#3801,#3802,#3803,#3804),
 .UNSPECIFIED.,.F.,.F.)
B_SPLINE_CURVE_WITH_KNOTS((6,1,1,1,6),(0.337830837584461,0.4,0.466666666666667,
0.533333333333333,0.544736661470233),.UNSPECIFIED.)
CURVE()
GEOMETRIC_REPRESENTATION_ITEM()
RATIONAL_B_SPLINE_CURVE((1.,1.,1.,1.,1.,1.,1.,1.,1.))
REPRESENTATION_ITEM('')
);
#41=(
BOUNDED_SURFACE()
B_SPLINE_SURFACE(5,1,((#1796,#1797),(#1798,#1799),(#1800,#1801),(#1802,
#1803),(#1804,#1805),(#1806,#1807),(#1808,#1809),(#1810,#1811),(#1812,#1813),
(#1814,#1815),(#1816,#1817),(#1818,#1819),(#1820,#1821),(#1822,#1823),(#1824,
#1825),(#1826,#1827),(#1828,#1829),(#1830,#1831),(#1832,#1833),(#1834,#1835)),
 .UNSPECIFIED.,.F.,.F.,.F.)
B_SPLINE_SURFACE_WITH_KNOTS((6,1,1,1,1,1,1,1,1,1,1,1,1,1,1,6),(2,2),(-1.,
-0.933333333333333,-0.866666666666667,-0.8,-0.733333333333333,-0.666666666666667,
-0.6,-0.533333333333333,-0.466666666666667,-0.4,-0.333333333333333,-0.266666666666667,
-0.2,-0.133333333333333,-0.0666666666666667,0.),(0.,0.4),.UNSPECIFIED.)
GEOMETRIC_REPRESENTATION_ITEM()
RATIONAL_B_SPLINE_SURFACE(((1.,1.),(1.,1.),(1.,1.),(1.,1.),(1.,1.),(1.,
1.),(1.,1.),(1.,1.),(1.,1.),(1.,1.),(1.,1.),(1.,1.),(1.,1.),(1.,1.),(1.,
1.),(1.,1.),(1.,1.),(1.,1.),(1.,1.),(1.,1.)))
REPRESENTATION_ITEM('')
SURFACE()
);
#42=(
BOUNDED_SURFACE()
B_SPLINE_SURFACE(5,1,((#3101,#3102),(#3103,#3104),(#3105,#3106),(#3107,
#3108),(#3109,#3110),(#3111,#3112),(#3113,#3114),(#3115,#3116),(#3117,#3118),
(#3119,#3120),(#3121,#3122),(#3123,#3124),(#3125,#3126),(#3127,#3128),(#3129,
#3130),(#3131,#3132),(#3133,#3134),(#3135,#3136),(#3137,#3138),(#3139,#3140)),
 .UNSPECIFIED.,.F.,.F.,.F.)
B_SPLINE_SURFACE_WITH_KNOTS((6,1,1,1,1,1,1,1,1,1,1,1,1,1,1,6),(2,2),(0.,
0.0666666666666667,0.133333333333333,0.2,0.266666666666667,0.333333333333333,
0.4,0.466666666666667,0.533333333333333,0.6,0.666666666666667,0.733333333333333,
0.8,0.866666666666667,0.933333333333333,1.),(0.,0.4),.UNSPECIFIED.)
GEOMETRIC_REPRESENTATION_ITEM()
RATIONAL_B_SPLINE_SURFACE(((1.,1.),(1.,1.),(1.,1.),(1.,1.),(1.,1.),(1.,
1.),(1.,1.),(1.,1.),(1.,1.),(1.,1.),(1.,1.),(1.,1.),(1.,1.),(1.,1.),(1.,
1.),(1.,1.),(1.,1.),(1.,1.),(1.,1.),(1.,1.)))
REPRESENTATION_ITEM('')
SURFACE()
);
#43=(
BOUNDED_SURFACE()
B_SPLINE_SURFACE(5,1,((#3384,#3385),(#3386,#3387),(#3388,#3389),(#3390,
#3391),(#3392,#3393),(#3394,#3395),(#3396,#3397),(#3398,#3399),(#3400,#3401),
(#3402,#3403),(#3404,#3405),(#3406,#3407),(#3408,#3409),(#3410,#3411),(#3412,
#3413),(#3414,#3415),(#3416,#3417),(#3418,#3419),(#3420,#3421),(#3422,#3423)),
 .UNSPECIFIED.,.F.,.F.,.F.)
B_SPLINE_SURFACE_WITH_KNOTS((6,1,1,1,1,1,1,1,1,1,1,1,1,1,1,6),(2,2),(-1.,
-0.933333333333333,-0.866666666666667,-0.8,-0.733333333333333,-0.666666666666667,
-0.6,-0.533333333333333,-0.466666666666667,-0.4,-0.333333333333333,-0.266666666666667,
-0.2,-0.133333333333333,-0.0666666666666667,0.),(0.,0.4),.UNSPECIFIED.)
GEOMETRIC_REPRESENTATION_ITEM()
RATIONAL_B_SPLINE_SURFACE(((1.,1.),(1.,1.),(1.,1.),(1.,1.),(1.,1.),(1.,
1.),(1.,1.),(1.,1.),(1.,1.),(1.,1.),(1.,1.),(1.,1.),(1.,1.),(1.,1.),(1.,
1.),(1.,1.),(1.,1.),(1.,1.),(1.,1.),(1.,1.)))
REPRESENTATION_ITEM('')
SURFACE()
);
#44=(
BOUNDED_SURFACE()
B_SPLINE_SURFACE(5,1,((#3748,#3749),(#3750,#3751),(#3752,#3753),(#3754,
#3755),(#3756,#3757),(#3758,#3759),(#3760,#3761),(#3762,#3763),(#3764,#3765),
(#3766,#3767),(#3768,#3769),(#3770,#3771),(#3772,#3773),(#3774,#3775),(#3776,
#3777),(#3778,#3779),(#3780,#3781),(#3782,#3783),(#3784,#3785),(#3786,#3787)),
 .UNSPECIFIED.,.F.,.F.,.F.)
B_SPLINE_SURFACE_WITH_KNOTS((6,1,1,1,1,1,1,1,1,1,1,1,1,1,1,6),(2,2),(0.,
0.0666666666666667,0.133333333333333,0.2,0.266666666666667,0.333333333333333,
0.4,0.466666666666667,0.533333333333333,0.6,0.666666666666667,0.733333333333333,
0.8,0.866666666666667,0.933333333333333,1.),(0.,0.4),.UNSPECIFIED.)
GEOMETRIC_REPRESENTATION_ITEM()
RATIONAL_B_SPLINE_SURFACE(((1.,1.),(1.,1.),(1.,1.),(1.,1.),(1.,1.),(1.,
1.),(1.,1.),(1.,1.),(1.,1.),(1.,1.),(1.,1.),(1.,1.),(1.,1.),(1.,1.),(1.,
1.),(1.,1.),(1.,1.),(1.,1.),(1.,1.),(1.,1.)))
REPRESENTATION_ITEM('')
SURFACE()
);
#45=(
BOUNDED_SURFACE()
B_SPLINE_SURFACE(5,1,((#4620,#4621),(#4622,#4623),(#4624,#4625),(#4626,
#4627),(#4628,#4629),(#4630,#4631),(#4632,#4633),(#4634,#4635),(#4636,#4637),
(#4638,#4639)),.UNSPECIFIED.,.F.,.F.,.F.)
B_SPLINE_SURFACE_WITH_KNOTS((6,1,1,1,1,6),(2,2),(-0.596147596897969,-0.533333333333333,
-0.466666666666667,-0.4,-0.333333333333333,-0.275632776706519),(-0.715,
0.715),.UNSPECIFIED.)
GEOMETRIC_REPRESENTATION_ITEM()
RATIONAL_B_SPLINE_SURFACE(((1.,1.),(1.,1.),(1.,1.),(1.,1.),(1.,1.),(1.,
1.),(1.,1.),(1.,1.),(1.,1.),(1.,1.)))
REPRESENTATION_ITEM('')
SURFACE()
);
#46=(
BOUNDED_SURFACE()
B_SPLINE_SURFACE(5,1,((#4681,#4682),(#4683,#4684),(#4685,#4686),(#4687,
#4688),(#4689,#4690),(#4691,#4692),(#4693,#4694),(#4695,#4696),(#4697,#4698),
(#4699,#4700)),.UNSPECIFIED.,.F.,.F.,.F.)
B_SPLINE_SURFACE_WITH_KNOTS((6,1,1,1,1,6),(2,2),(0.351007676741572,0.4,
0.466666666666667,0.533333333333333,0.6,0.605031207695235),(-0.715,0.715),
 .UNSPECIFIED.)
GEOMETRIC_REPRESENTATION_ITEM()
RATIONAL_B_SPLINE_SURFACE(((1.,1.),(1.,1.),(1.,1.),(1.,1.),(1.,1.),(1.,
1.),(1.,1.),(1.,1.),(1.,1.),(1.,1.)))
REPRESENTATION_ITEM('')
SURFACE()
);
#47=LINE('',#1792,#79);
#48=LINE('',#1795,#80);
#49=LINE('',#1837,#81);
#50=LINE('',#2272,#82);
#51=LINE('',#2638,#83);
#52=LINE('',#2753,#84);
#53=LINE('',#2777,#85);
#54=LINE('',#2832,#86);
#55=LINE('',#2833,#87);
#56=LINE('',#2937,#88);
#57=LINE('',#2961,#89);
#58=LINE('',#3006,#90);
#59=LINE('',#3030,#91);
#60=LINE('',#3072,#92);
#61=LINE('',#3096,#93);
#62=LINE('',#3100,#94);
#63=LINE('',#3380,#95);
#64=LINE('',#3383,#96);
#65=LINE('',#3425,#97);
#66=LINE('',#3820,#98);
#67=LINE('',#4133,#99);
#68=LINE('',#4258,#100);
#69=LINE('',#4259,#101);
#70=LINE('',#4428,#102);
#71=LINE('',#4429,#103);
#72=LINE('',#4436,#104);
#73=LINE('',#4542,#105);
#74=LINE('',#4543,#106);
#75=LINE('',#4584,#107);
#76=LINE('',#4586,#108);
#77=LINE('',#4619,#109);
#78=LINE('',#4680,#110);
#79=VECTOR('',#1355,10.);
#80=VECTOR('',#1358,10.);
#81=VECTOR('',#1359,10.);
#82=VECTOR('',#1390,10.);
#83=VECTOR('',#1415,10.);
#84=VECTOR('',#1416,10.);
#85=VECTOR('',#1417,10.);
#86=VECTOR('',#1424,10.);
#87=VECTOR('',#1425,10.);
#88=VECTOR('',#1428,10.);
#89=VECTOR('',#1429,10.);
#90=VECTOR('',#1434,10.);
#91=VECTOR('',#1435,10.);
#92=VECTOR('',#1436,10.);
#93=VECTOR('',#1437,10.);
#94=VECTOR('',#1444,10.);
#95=VECTOR('',#1467,10.);
#96=VECTOR('',#1470,10.);
#97=VECTOR('',#1471,10.);
#98=VECTOR('',#1496,10.);
#99=VECTOR('',#1517,10.);
#100=VECTOR('',#1528,10.);
#101=VECTOR('',#1529,10.);
#102=VECTOR('',#1532,10.);
#103=VECTOR('',#1533,10.);
#104=VECTOR('',#1542,10.);
#105=VECTOR('',#1547,10.);
#106=VECTOR('',#1548,10.);
#107=VECTOR('',#1549,10.);
#108=VECTOR('',#1552,10.);
#109=VECTOR('',#1553,10.);
#110=VECTOR('',#1554,10.);
#111=CYLINDRICAL_SURFACE('',#1243,6.5);
#112=CYLINDRICAL_SURFACE('',#1271,1.5);
#113=CYLINDRICAL_SURFACE('',#1274,1.5);
#114=CYLINDRICAL_SURFACE('',#1278,3.5);
#115=CYLINDRICAL_SURFACE('',#1279,3.5);
#116=CYLINDRICAL_SURFACE('',#1280,6.5);
#117=CYLINDRICAL_SURFACE('',#1291,6.5);
#118=CYLINDRICAL_SURFACE('',#1318,1.5);
#119=CYLINDRICAL_SURFACE('',#1323,1.5);
#120=CYLINDRICAL_SURFACE('',#1328,3.5);
#121=CYLINDRICAL_SURFACE('',#1329,3.5);
#122=CYLINDRICAL_SURFACE('',#1330,6.5);
#123=TOROIDAL_SURFACE('',#1235,5.,1.5);
#124=TOROIDAL_SURFACE('',#1240,5.,1.5);
#125=TOROIDAL_SURFACE('',#1252,5.,1.5);
#126=TOROIDAL_SURFACE('',#1263,5.,1.5);
#127=TOROIDAL_SURFACE('',#1283,5.,1.5);
#128=TOROIDAL_SURFACE('',#1288,5.,1.5);
#129=TOROIDAL_SURFACE('',#1300,5.,1.5);
#130=TOROIDAL_SURFACE('',#1309,5.,1.5);
#131=FACE_OUTER_BOUND('',#209,.T.);
#132=FACE_OUTER_BOUND('',#210,.T.);
#133=FACE_OUTER_BOUND('',#211,.T.);
#134=FACE_OUTER_BOUND('',#212,.T.);
#135=FACE_OUTER_BOUND('',#213,.T.);
#136=FACE_OUTER_BOUND('',#214,.T.);
#137=FACE_OUTER_BOUND('',#215,.T.);
#138=FACE_OUTER_BOUND('',#218,.T.);
#139=FACE_OUTER_BOUND('',#219,.T.);
#140=FACE_OUTER_BOUND('',#220,.T.);
#141=FACE_OUTER_BOUND('',#221,.T.);
#142=FACE_OUTER_BOUND('',#222,.T.);
#143=FACE_OUTER_BOUND('',#223,.T.);
#144=FACE_OUTER_BOUND('',#224,.T.);
#145=FACE_OUTER_BOUND('',#225,.T.);
#146=FACE_OUTER_BOUND('',#227,.T.);
#147=FACE_OUTER_BOUND('',#228,.T.);
#148=FACE_OUTER_BOUND('',#229,.T.);
#149=FACE_OUTER_BOUND('',#230,.T.);
#150=FACE_OUTER_BOUND('',#231,.T.);
#151=FACE_OUTER_BOUND('',#232,.T.);
#152=FACE_OUTER_BOUND('',#233,.T.);
#153=FACE_OUTER_BOUND('',#234,.T.);
#154=FACE_OUTER_BOUND('',#235,.T.);
#155=FACE_OUTER_BOUND('',#236,.T.);
#156=FACE_OUTER_BOUND('',#237,.T.);
#157=FACE_OUTER_BOUND('',#238,.T.);
#158=FACE_OUTER_BOUND('',#239,.T.);
#159=FACE_OUTER_BOUND('',#240,.T.);
#160=FACE_OUTER_BOUND('',#241,.T.);
#161=FACE_OUTER_BOUND('',#242,.T.);
#162=FACE_OUTER_BOUND('',#244,.T.);
#163=FACE_OUTER_BOUND('',#245,.T.);
#164=FACE_OUTER_BOUND('',#246,.T.);
#165=FACE_OUTER_BOUND('',#248,.T.);
#166=FACE_OUTER_BOUND('',#250,.T.);
#167=FACE_OUTER_BOUND('',#251,.T.);
#168=FACE_OUTER_BOUND('',#252,.T.);
#169=FACE_OUTER_BOUND('',#253,.T.);
#170=FACE_OUTER_BOUND('',#254,.T.);
#171=FACE_OUTER_BOUND('',#255,.T.);
#172=FACE_OUTER_BOUND('',#256,.T.);
#173=FACE_OUTER_BOUND('',#257,.T.);
#174=FACE_OUTER_BOUND('',#258,.T.);
#175=FACE_OUTER_BOUND('',#261,.T.);
#176=FACE_OUTER_BOUND('',#262,.T.);
#177=FACE_OUTER_BOUND('',#263,.T.);
#178=FACE_OUTER_BOUND('',#264,.T.);
#179=FACE_OUTER_BOUND('',#265,.T.);
#180=FACE_OUTER_BOUND('',#266,.T.);
#181=FACE_OUTER_BOUND('',#267,.T.);
#182=FACE_OUTER_BOUND('',#268,.T.);
#183=FACE_OUTER_BOUND('',#269,.T.);
#184=FACE_OUTER_BOUND('',#270,.T.);
#185=FACE_OUTER_BOUND('',#271,.T.);
#186=FACE_OUTER_BOUND('',#272,.T.);
#187=FACE_OUTER_BOUND('',#273,.T.);
#188=FACE_OUTER_BOUND('',#274,.T.);
#189=FACE_OUTER_BOUND('',#276,.T.);
#190=FACE_OUTER_BOUND('',#277,.T.);
#191=FACE_OUTER_BOUND('',#278,.T.);
#192=FACE_OUTER_BOUND('',#279,.T.);
#193=FACE_OUTER_BOUND('',#280,.T.);
#194=FACE_OUTER_BOUND('',#281,.T.);
#195=FACE_OUTER_BOUND('',#282,.T.);
#196=FACE_OUTER_BOUND('',#284,.T.);
#197=FACE_OUTER_BOUND('',#285,.T.);
#198=FACE_OUTER_BOUND('',#286,.T.);
#199=FACE_OUTER_BOUND('',#287,.T.);
#200=FACE_OUTER_BOUND('',#288,.T.);
#201=FACE_OUTER_BOUND('',#289,.T.);
#202=FACE_OUTER_BOUND('',#290,.T.);
#203=FACE_OUTER_BOUND('',#291,.T.);
#204=FACE_OUTER_BOUND('',#292,.T.);
#205=FACE_OUTER_BOUND('',#293,.T.);
#206=FACE_OUTER_BOUND('',#294,.T.);
#207=FACE_OUTER_BOUND('',#296,.T.);
#208=FACE_OUTER_BOUND('',#298,.T.);
#209=EDGE_LOOP('',(#741,#742,#743,#744));
#210=EDGE_LOOP('',(#745,#746,#747,#748));
#211=EDGE_LOOP('',(#749,#750,#751,#752));
#212=EDGE_LOOP('',(#753,#754,#755,#756));
#213=EDGE_LOOP('',(#757,#758,#759,#760));
#214=EDGE_LOOP('',(#761,#762,#763,#764,#765,#766,#767,#768,#769,#770));
#215=EDGE_LOOP('',(#771,#772,#773,#774));
#216=EDGE_LOOP('',(#775));
#217=EDGE_LOOP('',(#776));
#218=EDGE_LOOP('',(#777,#778,#779,#780));
#219=EDGE_LOOP('',(#781,#782,#783,#784));
#220=EDGE_LOOP('',(#785,#786,#787,#788));
#221=EDGE_LOOP('',(#789,#790,#791,#792));
#222=EDGE_LOOP('',(#793,#794,#795,#796));
#223=EDGE_LOOP('',(#797,#798,#799,#800));
#224=EDGE_LOOP('',(#801,#802,#803,#804,#805));
#225=EDGE_LOOP('',(#806,#807,#808,#809,#810,#811));
#226=EDGE_LOOP('',(#812));
#227=EDGE_LOOP('',(#813,#814,#815,#816));
#228=EDGE_LOOP('',(#817,#818,#819,#820));
#229=EDGE_LOOP('',(#821,#822,#823,#824));
#230=EDGE_LOOP('',(#825,#826,#827,#828));
#231=EDGE_LOOP('',(#829,#830,#831,#832));
#232=EDGE_LOOP('',(#833,#834,#835,#836,#837));
#233=EDGE_LOOP('',(#838,#839,#840,#841));
#234=EDGE_LOOP('',(#842,#843,#844,#845,#846));
#235=EDGE_LOOP('',(#847,#848,#849,#850));
#236=EDGE_LOOP('',(#851,#852,#853,#854));
#237=EDGE_LOOP('',(#855,#856,#857,#858,#859));
#238=EDGE_LOOP('',(#860,#861,#862,#863,#864));
#239=EDGE_LOOP('',(#865,#866,#867,#868));
#240=EDGE_LOOP('',(#869,#870,#871,#872));
#241=EDGE_LOOP('',(#873,#874,#875,#876,#877));
#242=EDGE_LOOP('',(#878,#879,#880,#881,#882,#883));
#243=EDGE_LOOP('',(#884));
#244=EDGE_LOOP('',(#885,#886,#887,#888,#889));
#245=EDGE_LOOP('',(#890,#891,#892,#893,#894));
#246=EDGE_LOOP('',(#895));
#247=EDGE_LOOP('',(#896));
#248=EDGE_LOOP('',(#897));
#249=EDGE_LOOP('',(#898));
#250=EDGE_LOOP('',(#899,#900,#901,#902));
#251=EDGE_LOOP('',(#903,#904,#905,#906,#907,#908,#909,#910,#911,#912));
#252=EDGE_LOOP('',(#913,#914,#915,#916));
#253=EDGE_LOOP('',(#917,#918,#919,#920));
#254=EDGE_LOOP('',(#921,#922,#923,#924));
#255=EDGE_LOOP('',(#925,#926,#927,#928));
#256=EDGE_LOOP('',(#929,#930,#931,#932));
#257=EDGE_LOOP('',(#933,#934,#935,#936,#937,#938,#939,#940,#941,#942));
#258=EDGE_LOOP('',(#943,#944,#945,#946));
#259=EDGE_LOOP('',(#947));
#260=EDGE_LOOP('',(#948));
#261=EDGE_LOOP('',(#949,#950,#951,#952));
#262=EDGE_LOOP('',(#953,#954,#955,#956));
#263=EDGE_LOOP('',(#957,#958,#959,#960));
#264=EDGE_LOOP('',(#961,#962,#963,#964));
#265=EDGE_LOOP('',(#965,#966,#967,#968));
#266=EDGE_LOOP('',(#969,#970,#971,#972,#973,#974,#975,#976,#977,#978));
#267=EDGE_LOOP('',(#979,#980,#981,#982));
#268=EDGE_LOOP('',(#983,#984,#985,#986,#987));
#269=EDGE_LOOP('',(#988,#989,#990,#991));
#270=EDGE_LOOP('',(#992,#993,#994,#995));
#271=EDGE_LOOP('',(#996,#997,#998,#999));
#272=EDGE_LOOP('',(#1000,#1001,#1002,#1003));
#273=EDGE_LOOP('',(#1004,#1005,#1006,#1007));
#274=EDGE_LOOP('',(#1008,#1009,#1010,#1011,#1012,#1013));
#275=EDGE_LOOP('',(#1014));
#276=EDGE_LOOP('',(#1015,#1016,#1017,#1018,#1019));
#277=EDGE_LOOP('',(#1020,#1021,#1022,#1023));
#278=EDGE_LOOP('',(#1024,#1025,#1026,#1027));
#279=EDGE_LOOP('',(#1028,#1029,#1030,#1031,#1032));
#280=EDGE_LOOP('',(#1033,#1034,#1035,#1036));
#281=EDGE_LOOP('',(#1037,#1038,#1039,#1040,#1041));
#282=EDGE_LOOP('',(#1042,#1043,#1044,#1045,#1046,#1047));
#283=EDGE_LOOP('',(#1048));
#284=EDGE_LOOP('',(#1049,#1050,#1051,#1052));
#285=EDGE_LOOP('',(#1053,#1054,#1055,#1056,#1057));
#286=EDGE_LOOP('',(#1058,#1059,#1060,#1061));
#287=EDGE_LOOP('',(#1062,#1063,#1064,#1065,#1066,#1067));
#288=EDGE_LOOP('',(#1068,#1069,#1070,#1071,#1072));
#289=EDGE_LOOP('',(#1073,#1074,#1075,#1076,#1077,#1078));
#290=EDGE_LOOP('',(#1079,#1080,#1081,#1082,#1083));
#291=EDGE_LOOP('',(#1084,#1085,#1086,#1087,#1088,#1089));
#292=EDGE_LOOP('',(#1090,#1091,#1092,#1093,#1094));
#293=EDGE_LOOP('',(#1095,#1096,#1097,#1098,#1099,#1100));
#294=EDGE_LOOP('',(#1101));
#295=EDGE_LOOP('',(#1102));
#296=EDGE_LOOP('',(#1103));
#297=EDGE_LOOP('',(#1104));
#298=EDGE_LOOP('',(#1105,#1106,#1107,#1108));
#299=B_SPLINE_CURVE_WITH_KNOTS('',3,(#1646,#1647,#1648,#1649,#1650,#1651,
#1652,#1653,#1654,#1655,#1656,#1657,#1658,#1659,#1660,#1661),
 .UNSPECIFIED.,.F.,.F.,(4,1,1,1,1,1,1,1,1,1,1,1,1,4),(-4.53392681249987,
-4.21007489732131,-3.88622298214275,-3.56237106696418,-3.23851915178562,
-2.5908153214285,-1.94311149107137,-1.29540766071425,-0.971555745535686,
-0.647703830357124,-0.485777872767843,-0.323851915178562,-0.161925957589281,
0.),.UNSPECIFIED.);
#300=B_SPLINE_CURVE_WITH_KNOTS('',3,(#1664,#1665,#1666,#1667,#1668,#1669,
#1670,#1671,#1672,#1673,#1674,#1675,#1676,#1677,#1678,#1679),
 .UNSPECIFIED.,.F.,.F.,(4,1,1,1,1,1,1,1,1,1,1,1,1,4),(0.,0.161925957589281,
0.323851915178562,0.485777872767843,0.647703830357124,0.971555745535686,
1.29540766071425,1.94311149107137,2.5908153214285,3.23851915178562,3.56237106696418,
3.88622298214275,4.21007489732131,4.53392681249987),.UNSPECIFIED.);
#301=B_SPLINE_CURVE_WITH_KNOTS('',3,(#1759,#1760,#1761,#1762,#1763,#1764,
#1765,#1766,#1767,#1768,#1769,#1770,#1771,#1772),.UNSPECIFIED.,.F.,.F.,
(4,1,1,1,1,1,1,1,1,1,1,4),(-3.67196284690736,-3.54082131666067,-3.40967978641398,
-3.14739672592059,-2.88511366542721,-2.62283060493383,-2.36054754444045,
-2.09826448394706,-1.5736983629603,-1.04913224197353,-0.524566120986766,
0.),.UNSPECIFIED.);
#302=B_SPLINE_CURVE_WITH_KNOTS('',3,(#1773,#1774,#1775,#1776,#1777,#1778,
#1779,#1780,#1781,#1782,#1783,#1784,#1785,#1786),.UNSPECIFIED.,.F.,.F.,
(4,1,1,1,1,1,1,1,1,1,1,4),(0.,0.524566120986766,1.04913224197353,1.5736983629603,
2.09826448394706,2.36054754444045,2.62283060493383,2.88511366542721,3.14739672592059,
3.40967978641398,3.54082131666067,3.67196284690736),.UNSPECIFIED.);
#303=B_SPLINE_CURVE_WITH_KNOTS('',3,(#1839,#1840,#1841,#1842,#1843,#1844,
#1845,#1846,#1847),.UNSPECIFIED.,.F.,.F.,(4,1,1,1,1,1,4),(0.,0.229715392688992,
0.689146178066975,0.918861570755967,1.14857696344496,1.37829235613395,1.60800774882294),
 .UNSPECIFIED.);
#304=B_SPLINE_CURVE_WITH_KNOTS('',3,(#1849,#1850,#1851,#1852,#1853,#1854),
 .UNSPECIFIED.,.F.,.F.,(4,1,1,4),(-2.64920309853114E-6,0.0652717416486452,
0.115666190272996,0.317243984770397),.UNSPECIFIED.);
#305=B_SPLINE_CURVE_WITH_KNOTS('',3,(#1870,#1871,#1872,#1873,#1874,#1875,
#1876),.UNSPECIFIED.,.F.,.F.,(4,1,1,1,4),(1.45481453409721E-13,0.15236431077195,
0.253940517953153,0.304728621543755,0.316832881582147),.UNSPECIFIED.);
#306=B_SPLINE_CURVE_WITH_KNOTS('',3,(#1877,#1878,#1879,#1880,#1881,#1882,
#1883),.UNSPECIFIED.,.F.,.F.,(4,1,1,1,4),(0.,0.388592976758392,0.777185953516784,
0.97148244189598,1.36007541865437),.UNSPECIFIED.);
#307=B_SPLINE_CURVE_WITH_KNOTS('',3,(#1933,#1934,#1935,#1936,#1937,#1938,
#1939,#1940),.UNSPECIFIED.,.F.,.F.,(4,1,1,1,1,4),(-1.12959761416806,-0.968226526429763,
-0.806855438691469,-0.484113263214882,-0.161371087738294,0.),
 .UNSPECIFIED.);
#308=B_SPLINE_CURVE_WITH_KNOTS('',3,(#1943,#1944,#1945,#1946,#1947,#1948,
#1949,#1950),.UNSPECIFIED.,.F.,.F.,(4,1,1,1,1,4),(0.,0.161371087738294,
0.484113263214882,0.806855438691469,0.968226526429763,1.12959761416806),
 .UNSPECIFIED.);
#309=B_SPLINE_CURVE_WITH_KNOTS('',3,(#2002,#2003,#2004,#2005,#2006,#2007,
#2008,#2009,#2010),.UNSPECIFIED.,.F.,.F.,(4,1,1,1,1,1,4),(-1.60800774882294,
-1.37829235613395,-1.14857696344496,-0.918861570755967,-0.689146178066975,
-0.229715392688992,0.),.UNSPECIFIED.);
#310=B_SPLINE_CURVE_WITH_KNOTS('',3,(#2059,#2060,#2061,#2062,#2063,#2064,
#2065,#2066,#2067,#2068,#2069,#2070,#2071,#2072),.UNSPECIFIED.,.F.,.F.,
(4,2,2,2,2,2,4),(0.,0.017988752614441,0.0402874910689654,0.0624895653622232,
0.0861850698811,0.118725007838711,0.119069541151166),.UNSPECIFIED.);
#311=B_SPLINE_CURVE_WITH_KNOTS('',3,(#2073,#2074,#2075,#2076,#2077,#2078,
#2079,#2080,#2081),.UNSPECIFIED.,.F.,.F.,(4,1,1,1,1,1,4),(-0.0597118825074515,
-0.0329094163800214,-0.00610695025259125,0.047497982002269,0.101102914257129,
0.20831277876685,0.31552264327657),.UNSPECIFIED.);
#312=B_SPLINE_CURVE_WITH_KNOTS('',3,(#2082,#2083,#2084,#2085,#2086,#2087,
#2088),.UNSPECIFIED.,.F.,.F.,(4,1,1,1,4),(-0.31552264327657,-0.20831277876685,
-0.101102914257129,-0.047497982002269,-1.26099624542578E-6),
 .UNSPECIFIED.);
#313=B_SPLINE_CURVE_WITH_KNOTS('',3,(#2120,#2121,#2122,#2123,#2124,#2125,
#2126,#2127,#2128,#2129,#2130,#2131,#2132,#2133),.UNSPECIFIED.,.F.,.F.,
(4,2,2,2,2,2,4),(-0.000526043603108184,0.,0.0297644439347967,0.0618363887174438,
0.0923267589419869,0.121624144871732,0.146268537692303),.UNSPECIFIED.);
#314=B_SPLINE_CURVE_WITH_KNOTS('',3,(#2134,#2135,#2136,#2137,#2138,#2139),
 .UNSPECIFIED.,.F.,.F.,(4,1,1,4),(-0.317243984770397,-0.115666190272996,
-0.0652717416486452,0.0355171556000556),.UNSPECIFIED.);
#315=B_SPLINE_CURVE_WITH_KNOTS('',3,(#2202,#2203,#2204,#2205,#2206,#2207,
#2208,#2209,#2210,#2211,#2212,#2213),.UNSPECIFIED.,.F.,.F.,(4,1,1,1,1,1,
1,2,4),(-0.375159953563631,-0.300127962850905,-0.225095972138179,-0.187579976781815,
-0.150063981425452,-0.0750319907127261,-0.0375159953563631,0.,0.000927738034739676),
 .UNSPECIFIED.);
#316=B_SPLINE_CURVE_WITH_KNOTS('',3,(#2250,#2251,#2252,#2253,#2254,#2255),
 .UNSPECIFIED.,.F.,.F.,(4,1,1,4),(0.500291291250892,0.5275759331556,0.564861959515553,
0.602147985875507),.UNSPECIFIED.);
#317=B_SPLINE_CURVE_WITH_KNOTS('',3,(#2258,#2259,#2260,#2261,#2262,#2263,
#2264),.UNSPECIFIED.,.F.,.F.,(4,1,1,1,4),(-0.602147985875507,-0.564861959515553,
-0.5275759331556,-0.453003880435693,-0.341145801355832),.UNSPECIFIED.);
#318=B_SPLINE_CURVE_WITH_KNOTS('',3,(#2267,#2268,#2269,#2270,#2271),
 .UNSPECIFIED.,.F.,.F.,(4,1,4),(-0.540271840397539,-0.47727830302096,-0.474396122687422),
 .UNSPECIFIED.);
#319=B_SPLINE_CURVE_WITH_KNOTS('',3,(#2303,#2304,#2305,#2306,#2307),
 .UNSPECIFIED.,.F.,.F.,(4,1,4),(-0.96194316441864,-0.549681808239223,0.),
 .UNSPECIFIED.);
#320=B_SPLINE_CURVE_WITH_KNOTS('',3,(#2310,#2311,#2312,#2313,#2314),
 .UNSPECIFIED.,.F.,.F.,(4,1,4),(0.,0.549681808239223,0.96194316441864),
 .UNSPECIFIED.);
#321=B_SPLINE_CURVE_WITH_KNOTS('',3,(#2356,#2357,#2358,#2359,#2360,#2361,
#2362),.UNSPECIFIED.,.F.,.F.,(4,1,1,1,4),(-1.36007541865437,-0.97148244189598,
-0.777185953516784,-0.388592976758392,0.),.UNSPECIFIED.);
#322=B_SPLINE_CURVE_WITH_KNOTS('',3,(#2395,#2396,#2397,#2398,#2399,#2400,
#2401,#2402,#2403,#2404,#2405,#2406,#2407,#2408),.UNSPECIFIED.,.F.,.F.,
(4,2,2,2,2,2,4),(-0.000554033409854101,0.,0.0287352831002393,0.0599730362495864,
0.0920650390746097,0.123158431442422,0.149285793342273),.UNSPECIFIED.);
#323=B_SPLINE_CURVE_WITH_KNOTS('',3,(#2409,#2410,#2411,#2412,#2413,#2414),
 .UNSPECIFIED.,.F.,.F.,(4,1,1,4),(-0.318566026371263,-0.247400582787102,
-0.148440349672261,-1.67660831720922E-16),.UNSPECIFIED.);
#324=B_SPLINE_CURVE_WITH_KNOTS('',3,(#2415,#2416,#2417,#2418,#2419,#2420),
 .UNSPECIFIED.,.F.,.F.,(4,1,1,4),(1.67660831720922E-16,0.148440349672261,
0.247400582787102,0.346360815901943),.UNSPECIFIED.);
#325=B_SPLINE_CURVE_WITH_KNOTS('',3,(#2457,#2458,#2459,#2460,#2461,#2462,
#2463,#2464,#2465,#2466,#2467,#2468,#2469,#2470),.UNSPECIFIED.,.F.,.F.,
(4,2,2,2,2,2,4),(0.,0.0198935632575723,0.0435261687724516,0.06799963334881,
0.0937329983100039,0.119128317540233,0.119548402480035),.UNSPECIFIED.);
#326=B_SPLINE_CURVE_WITH_KNOTS('',3,(#2471,#2472,#2473,#2474,#2475,#2476,
#2477),.UNSPECIFIED.,.F.,.F.,(4,1,1,1,4),(-0.355516725134357,-0.304728621543755,
-0.253940517953153,-0.15236431077195,-1.45481453409721E-13),
 .UNSPECIFIED.);
#327=B_SPLINE_CURVE_WITH_KNOTS('',3,(#2516,#2517,#2518,#2519,#2520,#2521,
#2522),.UNSPECIFIED.,.F.,.F.,(4,1,1,1,4),(0.339532710671342,0.44641427269706,
0.517668647380873,0.553295834722779,0.588923022064685),.UNSPECIFIED.);
#328=B_SPLINE_CURVE_WITH_KNOTS('',3,(#2525,#2526,#2527,#2528,#2529,#2530),
 .UNSPECIFIED.,.F.,.F.,(4,1,1,4),(-0.588923022064685,-0.553295834722779,
-0.517668647380873,-0.498274984108832),.UNSPECIFIED.);
#329=B_SPLINE_CURVE_WITH_KNOTS('',3,(#2586,#2587,#2588,#2589,#2590,#2591,
#2592,#2593,#2594,#2595,#2596),.UNSPECIFIED.,.F.,.F.,(4,2,1,1,1,1,1,4),
(-0.617005122165066,-0.614113399820439,-0.576944409381061,-0.539775418941682,
-0.465437438062924,-0.391099457184167,-0.316761476305409,-0.242423495426651),
 .UNSPECIFIED.);
#330=B_SPLINE_CURVE_WITH_KNOTS('',3,(#2630,#2631,#2632,#2633,#2634,#2635),
 .UNSPECIFIED.,.F.,.F.,(4,1,1,4),(0.319794459579512,0.414284765644381,0.47727830302096,
0.540271840397539),.UNSPECIFIED.);
#331=B_SPLINE_CURVE_WITH_KNOTS('',3,(#2701,#2702,#2703,#2704,#2705,#2706,
#2707,#2708,#2709,#2710,#2711),.UNSPECIFIED.,.F.,.F.,(4,2,1,1,1,1,1,4),
(-0.595565151527882,-0.59282990484955,-0.557414672692252,-0.521999440534955,
-0.45116897622036,-0.380338511905766,-0.309508047591171,-0.238677583276576),
 .UNSPECIFIED.);
#332=B_SPLINE_CURVE_WITH_KNOTS('',3,(#2755,#2756,#2757,#2758,#2759,#2760,
#2761,#2762,#2763,#2764,#2765,#2766,#2767,#2768,#2769,#2770,#2771,#2772,
#2773,#2774,#2775,#2776),.UNSPECIFIED.,.F.,.F.,(4,3,3,3,3,3,3,4),(0.,0.0428104099479407,
0.0856208198958817,0.128431229843823,0.171241639791764,0.214052049739705,
0.256862459687646,0.299672869635587),.UNSPECIFIED.);
#333=B_SPLINE_CURVE_WITH_KNOTS('',3,(#2814,#2815,#2816,#2817,#2818,#2819),
 .UNSPECIFIED.,.F.,.F.,(4,1,1,4),(0.505134493458664,0.554399545436442,0.596213410460166,
0.638027275483891),.UNSPECIFIED.);
#334=B_SPLINE_CURVE_WITH_KNOTS('',3,(#2823,#2824,#2825,#2826,#2827,#2828,
#2829),.UNSPECIFIED.,.F.,.F.,(4,1,1,1,4),(-0.638027275483891,-0.596213410460166,
-0.554399545436442,-0.470771815388994,-0.345330220317821),.UNSPECIFIED.);
#335=B_SPLINE_CURVE_WITH_KNOTS('',3,(#2885,#2886,#2887,#2888,#2889,#2890,
#2891,#2892,#2893,#2894),.UNSPECIFIED.,.F.,.F.,(4,1,1,1,1,2,4),(-0.376362537607978,
-0.225817522564787,-0.150545015043191,-0.0752725075215955,-0.0376362537607978,
0.,0.00326055838763347),.UNSPECIFIED.);
#336=B_SPLINE_CURVE_WITH_KNOTS('',3,(#2939,#2940,#2941,#2942,#2943,#2944,
#2945,#2946,#2947,#2948,#2949,#2950,#2951,#2952,#2953,#2954,#2955,#2956,
#2957,#2958,#2959,#2960),.UNSPECIFIED.,.F.,.F.,(4,3,3,3,3,3,3,4),(0.,0.0515770809833966,
0.103154161966795,0.154731242950192,0.20630832393359,0.257885404916988,
0.309462485900386,0.361039566883784),.UNSPECIFIED.);
#337=B_SPLINE_CURVE_WITH_KNOTS('',3,(#3008,#3009,#3010,#3011,#3012,#3013,
#3014,#3015,#3016,#3017,#3018,#3019,#3020,#3021,#3022,#3023,#3024,#3025,
#3026,#3027,#3028,#3029),.UNSPECIFIED.,.F.,.F.,(4,3,3,3,3,3,3,4),(0.,0.0446756968733539,
0.0893513937467086,0.134027090620063,0.178702787493418,0.223378484366773,
0.268054181240127,0.31272987811348),.UNSPECIFIED.);
#338=B_SPLINE_CURVE_WITH_KNOTS('',3,(#3074,#3075,#3076,#3077,#3078,#3079,
#3080,#3081,#3082,#3083,#3084,#3085,#3086,#3087,#3088,#3089,#3090,#3091,
#3092,#3093,#3094,#3095),.UNSPECIFIED.,.F.,.F.,(4,3,3,3,3,3,3,4),(0.,0.0515617082660746,
0.103123416532149,0.154685124798224,0.206246833064298,0.257808541330373,
0.309370249596447,0.360931957862522),.UNSPECIFIED.);
#339=B_SPLINE_CURVE_WITH_KNOTS('',3,(#3234,#3235,#3236,#3237,#3238,#3239,
#3240,#3241,#3242,#3243,#3244,#3245,#3246,#3247,#3248,#3249),
 .UNSPECIFIED.,.F.,.F.,(4,1,1,1,1,1,1,1,1,1,1,1,1,4),(-4.53392681249987,
-4.21007489732131,-3.88622298214275,-3.56237106696418,-3.23851915178562,
-2.5908153214285,-1.94311149107137,-1.29540766071425,-0.971555745535687,
-0.647703830357124,-0.485777872767843,-0.323851915178562,-0.161925957589281,
0.),.UNSPECIFIED.);
#340=B_SPLINE_CURVE_WITH_KNOTS('',3,(#3252,#3253,#3254,#3255,#3256,#3257,
#3258,#3259,#3260,#3261,#3262,#3263,#3264,#3265,#3266,#3267),
 .UNSPECIFIED.,.F.,.F.,(4,1,1,1,1,1,1,1,1,1,1,1,1,4),(0.,0.161925957589281,
0.323851915178562,0.485777872767843,0.647703830357124,0.971555745535687,
1.29540766071425,1.94311149107137,2.5908153214285,3.23851915178562,3.56237106696418,
3.88622298214275,4.21007489732131,4.53392681249987),.UNSPECIFIED.);
#341=B_SPLINE_CURVE_WITH_KNOTS('',3,(#3347,#3348,#3349,#3350,#3351,#3352,
#3353,#3354,#3355,#3356,#3357,#3358,#3359,#3360),.UNSPECIFIED.,.F.,.F.,
(4,1,1,1,1,1,1,1,1,1,1,4),(-3.67196284690736,-3.54082131666067,-3.40967978641398,
-3.1473967259206,-2.88511366542721,-2.62283060493383,-2.09826448394706,
-1.5736983629603,-1.04913224197353,-0.524566120986768,-0.262283060493386,
-2.88697880278052E-15),.UNSPECIFIED.);
#342=B_SPLINE_CURVE_WITH_KNOTS('',3,(#3361,#3362,#3363,#3364,#3365,#3366,
#3367,#3368,#3369,#3370,#3371,#3372,#3373,#3374),.UNSPECIFIED.,.F.,.F.,
(4,1,1,1,1,1,1,1,1,1,1,4),(2.88697880278052E-15,0.262283060493386,0.524566120986768,
1.04913224197353,1.5736983629603,2.09826448394706,2.62283060493383,2.88511366542721,
3.1473967259206,3.40967978641398,3.54082131666067,3.67196284690736),
 .UNSPECIFIED.);
#343=B_SPLINE_CURVE_WITH_KNOTS('',3,(#3427,#3428,#3429,#3430,#3431,#3432,
#3433),.UNSPECIFIED.,.F.,.F.,(4,1,1,1,4),(-1.36007541865437,-0.971482441895981,
-0.582889465137589,-0.194296488379196,0.),.UNSPECIFIED.);
#344=B_SPLINE_CURVE_WITH_KNOTS('',3,(#3435,#3436,#3437,#3438,#3439,#3440,
#3441),.UNSPECIFIED.,.F.,.F.,(4,1,1,1,4),(-0.31683288138505,-0.304728621545377,
-0.253940517954506,-0.152364310772764,-1.51645880243872E-13),
 .UNSPECIFIED.);
#345=B_SPLINE_CURVE_WITH_KNOTS('',3,(#3457,#3458,#3459,#3460,#3461,#3462,
#3463,#3464,#3465,#3466,#3467,#3468),.UNSPECIFIED.,.F.,.F.,(4,1,1,1,1,1,
1,1,1,4),(-0.317243984770396,-0.310944678692498,-0.304645372614599,-0.292046760458802,
-0.266849536147207,-0.241652311835613,-0.216455087524018,-0.115666190277641,
-0.0148772930312628,-2.01990440523494E-5),.UNSPECIFIED.);
#346=B_SPLINE_CURVE_WITH_KNOTS('',3,(#3469,#3470,#3471,#3472,#3473,#3474,
#3475,#3476,#3477),.UNSPECIFIED.,.F.,.F.,(4,1,1,1,1,1,4),(-1.60800774882294,
-1.37829235613395,-1.14857696344496,-0.918861570755967,-0.689146178066976,
-0.229715392688992,0.),.UNSPECIFIED.);
#347=B_SPLINE_CURVE_WITH_KNOTS('',3,(#3521,#3522,#3523,#3524,#3525,#3526,
#3527),.UNSPECIFIED.,.F.,.F.,(4,1,1,1,4),(-1.12959761416806,-0.968226526429762,
-0.645484350953175,-0.322742175476588,0.),.UNSPECIFIED.);
#348=B_SPLINE_CURVE_WITH_KNOTS('',3,(#3530,#3531,#3532,#3533,#3534,#3535,
#3536),.UNSPECIFIED.,.F.,.F.,(4,1,1,1,4),(0.,0.322742175476588,0.645484350953175,
0.968226526429762,1.12959761416806),.UNSPECIFIED.);
#349=B_SPLINE_CURVE_WITH_KNOTS('',3,(#3588,#3589,#3590,#3591,#3592,#3593,
#3594,#3595,#3596),.UNSPECIFIED.,.F.,.F.,(4,1,1,1,1,1,4),(0.,0.229715392688992,
0.689146178066976,0.918861570755967,1.14857696344496,1.37829235613395,1.60800774882294),
 .UNSPECIFIED.);
#350=B_SPLINE_CURVE_WITH_KNOTS('',3,(#3634,#3635,#3636,#3637,#3638,#3639,
#3640,#3641,#3642,#3643,#3644,#3645,#3646,#3647),.UNSPECIFIED.,.F.,.F.,
(4,2,2,2,2,2,4),(-0.000448826512339789,0.,0.0423900406461069,0.0732583693032076,
0.102181194113645,0.131229944114551,0.154664040106138),.UNSPECIFIED.);
#351=B_SPLINE_CURVE_WITH_KNOTS('',3,(#3648,#3649,#3650,#3651,#3652,#3653),
 .UNSPECIFIED.,.F.,.F.,(4,1,1,4),(1.25128365812226E-5,0.0474979819943561,
0.154707846507242,0.31552264327657),.UNSPECIFIED.);
#352=B_SPLINE_CURVE_WITH_KNOTS('',3,(#3654,#3655,#3656,#3657,#3658,#3659,
#3660),.UNSPECIFIED.,.F.,.F.,(4,1,1,1,4),(-0.31552264327657,-0.154707846507242,
-0.0474979819943561,0.00610695026208672,0.0597118825185295),
 .UNSPECIFIED.);
#353=B_SPLINE_CURVE_WITH_KNOTS('',3,(#3722,#3723,#3724,#3725,#3726,#3727,
#3728,#3729,#3730,#3731,#3732,#3733,#3734,#3735),.UNSPECIFIED.,.F.,.F.,
(4,2,2,2,2,2,4),(0.,0.0202652938808307,0.0443567836332045,0.0694292746248244,
0.0958023079103592,0.120277866159135,0.120710436275795),.UNSPECIFIED.);
#354=B_SPLINE_CURVE_WITH_KNOTS('',3,(#3736,#3737,#3738,#3739,#3740,#3741,
#3742,#3743,#3744,#3745,#3746,#3747),.UNSPECIFIED.,.F.,.F.,(4,1,1,1,1,1,
1,1,1,4),(-0.0355171555919261,0.0148772930312628,0.115666190277641,0.216455087524018,
0.241652311835613,0.266849536147207,0.292046760458802,0.304645372614599,
0.310944678692498,0.317243984770396),.UNSPECIFIED.);
#355=B_SPLINE_CURVE_WITH_KNOTS('',3,(#3808,#3809,#3810,#3811,#3812,#3813),
 .UNSPECIFIED.,.F.,.F.,(4,1,1,4),(0.,0.197920466229684,0.296880699344526,
0.318529604114729),.UNSPECIFIED.);
#356=B_SPLINE_CURVE_WITH_KNOTS('',3,(#3815,#3816,#3817,#3818,#3819),
 .UNSPECIFIED.,.F.,.F.,(4,1,4),(0.,0.549681808239219,0.961943164418633),
 .UNSPECIFIED.);
#357=B_SPLINE_CURVE_WITH_KNOTS('',3,(#3878,#3879,#3880,#3881,#3882,#3883,
#3884,#3885,#3886,#3887,#3888),.UNSPECIFIED.,.F.,.F.,(4,1,1,1,1,1,2,4),
(-0.356070905116651,-0.284856724093321,-0.142428362046661,-0.106821271534995,
-0.0712141810233303,-0.0356070905116651,0.,0.000876130671586633),
 .UNSPECIFIED.);
#358=B_SPLINE_CURVE_WITH_KNOTS('',3,(#3920,#3921,#3922,#3923,#3924),
 .UNSPECIFIED.,.F.,.F.,(4,1,4),(0.474396122687422,0.477278303020961,0.540271840397539),
 .UNSPECIFIED.);
#359=B_SPLINE_CURVE_WITH_KNOTS('',3,(#3927,#3928,#3929,#3930,#3931,#3932),
 .UNSPECIFIED.,.F.,.F.,(4,1,1,4),(-0.540271840397539,-0.477278303020961,
-0.414284765644383,-0.319794459579515),.UNSPECIFIED.);
#360=B_SPLINE_CURVE_WITH_KNOTS('',3,(#3961,#3962,#3963,#3964,#3965),
 .UNSPECIFIED.,.F.,.F.,(4,1,4),(-0.961943164418633,-0.549681808239219,0.),
 .UNSPECIFIED.);
#361=B_SPLINE_CURVE_WITH_KNOTS('',3,(#4009,#4010,#4011,#4012,#4013,#4014,
#4015),.UNSPECIFIED.,.F.,.F.,(4,1,1,1,4),(0.,0.194296488379196,0.582889465137589,
0.971482441895981,1.36007541865437),.UNSPECIFIED.);
#362=B_SPLINE_CURVE_WITH_KNOTS('',3,(#4047,#4048,#4049,#4050,#4051,#4052,
#4053,#4054,#4055,#4056,#4057,#4058,#4059,#4060),.UNSPECIFIED.,.F.,.F.,
(4,2,2,2,2,2,4),(0.,0.0212816592746599,0.0466083258037646,0.0727483958276069,
0.0981926493120246,0.121598561792202,0.122049841619801),.UNSPECIFIED.);
#363=B_SPLINE_CURVE_WITH_KNOTS('',3,(#4061,#4062,#4063,#4064,#4065,#4066),
 .UNSPECIFIED.,.F.,.F.,(4,1,1,4),(-0.346360815901947,-0.296880699344526,
-0.197920466229684,0.),.UNSPECIFIED.);
#364=B_SPLINE_CURVE_WITH_KNOTS('',3,(#4103,#4104,#4105,#4106,#4107,#4108,
#4109,#4110,#4111,#4112,#4113,#4114,#4115,#4116),.UNSPECIFIED.,.F.,.F.,
(4,2,2,2,2,2,4),(-0.000513805528000797,0.,0.0310610093688728,0.0625354733957373,
0.0924689539690335,0.12137398028986,0.145705786152097),.UNSPECIFIED.);
#365=B_SPLINE_CURVE_WITH_KNOTS('',3,(#4117,#4118,#4119,#4120,#4121,#4122,
#4123),.UNSPECIFIED.,.F.,.F.,(4,1,1,1,4),(1.51645880243872E-13,0.152364310772764,
0.253940517954506,0.304728621545377,0.355516725136248),.UNSPECIFIED.);
#366=B_SPLINE_CURVE_WITH_KNOTS('',3,(#4126,#4127,#4128,#4129,#4130,#4131),
 .UNSPECIFIED.,.F.,.F.,(4,1,1,4),(-0.638027275483887,-0.596213410460163,
-0.554399545436439,-0.505134493458664),.UNSPECIFIED.);
#367=B_SPLINE_CURVE_WITH_KNOTS('',3,(#4134,#4135,#4136,#4137,#4138,#4139),
 .UNSPECIFIED.,.F.,.F.,(4,1,1,4),(0.498274984108837,0.51766864738088,0.553295834722786,
0.588923022064691),.UNSPECIFIED.);
#368=B_SPLINE_CURVE_WITH_KNOTS('',3,(#4180,#4181,#4182,#4183,#4184,#4185,
#4186),.UNSPECIFIED.,.F.,.F.,(4,1,1,1,4),(0.34533022031782,0.470771815388992,
0.554399545436439,0.596213410460163,0.638027275483887),.UNSPECIFIED.);
#369=B_SPLINE_CURVE_WITH_KNOTS('',3,(#4243,#4244,#4245,#4246,#4247,#4248,
#4249,#4250,#4251,#4252,#4253),.UNSPECIFIED.,.F.,.F.,(4,2,1,1,1,1,1,4),
(-0.62294351288519,-0.619683284478584,-0.582046996776164,-0.544410709073745,
-0.506774421371325,-0.469138133668906,-0.393865558264067,-0.243320407454389),
 .UNSPECIFIED.);
#370=B_SPLINE_CURVE_WITH_KNOTS('',3,(#4297,#4298,#4299,#4300,#4301,#4302,
#4303),.UNSPECIFIED.,.F.,.F.,(4,1,1,1,4),(0.341145801355828,0.453003880435689,
0.527575933155596,0.564861959515549,0.602147985875503),.UNSPECIFIED.);
#371=B_SPLINE_CURVE_WITH_KNOTS('',3,(#4304,#4305,#4306,#4307,#4308,#4309),
 .UNSPECIFIED.,.F.,.F.,(4,1,1,4),(-0.602147985875503,-0.564861959515549,
-0.527575933155596,-0.500291291250887),.UNSPECIFIED.);
#372=B_SPLINE_CURVE_WITH_KNOTS('',3,(#4375,#4376,#4377,#4378,#4379,#4380,
#4381,#4382,#4383,#4384,#4385,#4386,#4387),.UNSPECIFIED.,.F.,.F.,(4,2,1,
1,1,1,1,1,1,4),(-0.618862808341507,-0.617827289111205,-0.580322046963053,
-0.5428168048149,-0.505311562666748,-0.467806320518596,-0.430301078370444,
-0.392795836222291,-0.317785351925987,-0.242774867629683),.UNSPECIFIED.);
#373=B_SPLINE_CURVE_WITH_KNOTS('',3,(#4473,#4474,#4475,#4476,#4477,#4478,
#4479),.UNSPECIFIED.,.F.,.F.,(4,1,1,1,4),(-0.588923022064691,-0.553295834722786,
-0.51766864738088,-0.446414272697069,-0.339532710671353),.UNSPECIFIED.);
#374=B_SPLINE_CURVE_WITH_KNOTS('',3,(#4531,#4532,#4533,#4534,#4535,#4536,
#4537,#4538,#4539,#4540),.UNSPECIFIED.,.F.,.F.,(4,1,1,1,1,2,4),(-0.371734231327738,
-0.223040538796643,-0.148693692531095,-0.0743468462655477,-0.0371734231327738,
0.,0.00289187737545868),.UNSPECIFIED.);
#375=CIRCLE('',#1233,1.5);
#376=CIRCLE('',#1234,1.5);
#377=CIRCLE('',#1236,1.5);
#378=CIRCLE('',#1237,5.);
#379=CIRCLE('',#1238,6.5);
#380=CIRCLE('',#1239,1.5);
#381=CIRCLE('',#1241,5.);
#382=CIRCLE('',#1242,6.5);
#383=CIRCLE('',#1244,6.5);
#384=CIRCLE('',#1245,51.2105137399557);
#385=CIRCLE('',#1246,44.3258029762958);
#386=CIRCLE('',#1248,3.5);
#387=CIRCLE('',#1249,3.5);
#388=CIRCLE('',#1250,1.5);
#389=CIRCLE('',#1251,1.5);
#390=CIRCLE('',#1253,1.5);
#391=CIRCLE('',#1254,6.5);
#392=CIRCLE('',#1255,5.);
#393=CIRCLE('',#1256,1.5);
#394=CIRCLE('',#1257,1.5);
#395=CIRCLE('',#1258,1.49999999999996);
#396=CIRCLE('',#1260,3.5);
#397=CIRCLE('',#1261,1.5);
#398=CIRCLE('',#1262,1.5);
#399=CIRCLE('',#1264,1.5);
#400=CIRCLE('',#1265,5.);
#401=CIRCLE('',#1266,1.5);
#402=CIRCLE('',#1267,1.5);
#403=CIRCLE('',#1268,1.5);
#404=CIRCLE('',#1269,1.5);
#405=CIRCLE('',#1270,1.5);
#406=CIRCLE('',#1272,1.5);
#407=CIRCLE('',#1273,1.5);
#408=CIRCLE('',#1275,119.496775798544);
#409=CIRCLE('',#1277,3.5);
#410=CIRCLE('',#1281,1.5);
#411=CIRCLE('',#1282,1.5);
#412=CIRCLE('',#1284,1.5);
#413=CIRCLE('',#1285,6.5);
#414=CIRCLE('',#1286,5.);
#415=CIRCLE('',#1287,1.5);
#416=CIRCLE('',#1289,6.5);
#417=CIRCLE('',#1290,5.);
#418=CIRCLE('',#1292,6.5);
#419=CIRCLE('',#1293,44.325802976401);
#420=CIRCLE('',#1294,51.2105137399649);
#421=CIRCLE('',#1296,3.5);
#422=CIRCLE('',#1297,3.5);
#423=CIRCLE('',#1298,1.5);
#424=CIRCLE('',#1299,1.5);
#425=CIRCLE('',#1301,1.50000000000001);
#426=CIRCLE('',#1302,5.);
#427=CIRCLE('',#1303,1.5);
#428=CIRCLE('',#1304,119.496775798765);
#429=CIRCLE('',#1305,1.5);
#430=CIRCLE('',#1306,1.5);
#431=CIRCLE('',#1307,1.5);
#432=CIRCLE('',#1308,1.5);
#433=CIRCLE('',#1310,1.5);
#434=CIRCLE('',#1311,6.5);
#435=CIRCLE('',#1312,5.);
#436=CIRCLE('',#1313,1.5);
#437=CIRCLE('',#1315,3.5);
#438=CIRCLE('',#1316,1.5);
#439=CIRCLE('',#1317,1.5);
#440=CIRCLE('',#1319,1.5);
#441=CIRCLE('',#1320,1.5);
#442=CIRCLE('',#1322,3.5);
#443=CIRCLE('',#1324,1.50000000000002);
#444=CIRCLE('',#1325,1.5);
#445=VERTEX_POINT('',#1642);
#446=VERTEX_POINT('',#1643);
#447=VERTEX_POINT('',#1645);
#448=VERTEX_POINT('',#1662);
#449=VERTEX_POINT('',#1681);
#450=VERTEX_POINT('',#1682);
#451=VERTEX_POINT('',#1756);
#452=VERTEX_POINT('',#1757);
#453=VERTEX_POINT('',#1791);
#454=VERTEX_POINT('',#1793);
#455=VERTEX_POINT('',#1836);
#456=VERTEX_POINT('',#1838);
#457=VERTEX_POINT('',#1848);
#458=VERTEX_POINT('',#1855);
#459=VERTEX_POINT('',#1857);
#460=VERTEX_POINT('',#1867);
#461=VERTEX_POINT('',#1869);
#462=VERTEX_POINT('',#1885);
#463=VERTEX_POINT('',#1887);
#464=VERTEX_POINT('',#1929);
#465=VERTEX_POINT('',#1930);
#466=VERTEX_POINT('',#1932);
#467=VERTEX_POINT('',#1941);
#468=VERTEX_POINT('',#1952);
#469=VERTEX_POINT('',#2001);
#470=VERTEX_POINT('',#2057);
#471=VERTEX_POINT('',#2058);
#472=VERTEX_POINT('',#2119);
#473=VERTEX_POINT('',#2200);
#474=VERTEX_POINT('',#2249);
#475=VERTEX_POINT('',#2256);
#476=VERTEX_POINT('',#2266);
#477=VERTEX_POINT('',#2273);
#478=VERTEX_POINT('',#2300);
#479=VERTEX_POINT('',#2301);
#480=VERTEX_POINT('',#2308);
#481=VERTEX_POINT('',#2316);
#482=VERTEX_POINT('',#2354);
#483=VERTEX_POINT('',#2393);
#484=VERTEX_POINT('',#2394);
#485=VERTEX_POINT('',#2456);
#486=VERTEX_POINT('',#2513);
#487=VERTEX_POINT('',#2515);
#488=VERTEX_POINT('',#2523);
#489=VERTEX_POINT('',#2627);
#490=VERTEX_POINT('',#2629);
#491=VERTEX_POINT('',#2694);
#492=VERTEX_POINT('',#2752);
#493=VERTEX_POINT('',#2754);
#494=VERTEX_POINT('',#2813);
#495=VERTEX_POINT('',#2820);
#496=VERTEX_POINT('',#2822);
#497=VERTEX_POINT('',#2884);
#498=VERTEX_POINT('',#2936);
#499=VERTEX_POINT('',#2938);
#500=VERTEX_POINT('',#2963);
#501=VERTEX_POINT('',#3005);
#502=VERTEX_POINT('',#3007);
#503=VERTEX_POINT('',#3071);
#504=VERTEX_POINT('',#3073);
#505=VERTEX_POINT('',#3230);
#506=VERTEX_POINT('',#3231);
#507=VERTEX_POINT('',#3233);
#508=VERTEX_POINT('',#3250);
#509=VERTEX_POINT('',#3269);
#510=VERTEX_POINT('',#3270);
#511=VERTEX_POINT('',#3344);
#512=VERTEX_POINT('',#3345);
#513=VERTEX_POINT('',#3379);
#514=VERTEX_POINT('',#3381);
#515=VERTEX_POINT('',#3424);
#516=VERTEX_POINT('',#3426);
#517=VERTEX_POINT('',#3434);
#518=VERTEX_POINT('',#3442);
#519=VERTEX_POINT('',#3444);
#520=VERTEX_POINT('',#3454);
#521=VERTEX_POINT('',#3456);
#522=VERTEX_POINT('',#3479);
#523=VERTEX_POINT('',#3481);
#524=VERTEX_POINT('',#3518);
#525=VERTEX_POINT('',#3520);
#526=VERTEX_POINT('',#3528);
#527=VERTEX_POINT('',#3538);
#528=VERTEX_POINT('',#3586);
#529=VERTEX_POINT('',#3632);
#530=VERTEX_POINT('',#3633);
#531=VERTEX_POINT('',#3721);
#532=VERTEX_POINT('',#3788);
#533=VERTEX_POINT('',#3795);
#534=VERTEX_POINT('',#3805);
#535=VERTEX_POINT('',#3807);
#536=VERTEX_POINT('',#3814);
#537=VERTEX_POINT('',#3876);
#538=VERTEX_POINT('',#3919);
#539=VERTEX_POINT('',#3925);
#540=VERTEX_POINT('',#3958);
#541=VERTEX_POINT('',#3960);
#542=VERTEX_POINT('',#3968);
#543=VERTEX_POINT('',#4007);
#544=VERTEX_POINT('',#4046);
#545=VERTEX_POINT('',#4102);
#546=VERTEX_POINT('',#4125);
#547=VERTEX_POINT('',#4132);
#548=VERTEX_POINT('',#4140);
#549=VERTEX_POINT('',#4177);
#550=VERTEX_POINT('',#4179);
#551=VERTEX_POINT('',#4255);
#552=VERTEX_POINT('',#4256);
#553=VERTEX_POINT('',#4295);
#554=VERTEX_POINT('',#4431);
#555=VERTEX_POINT('',#4434);
#556=VERTEX_POINT('',#4472);
#557=EDGE_CURVE('',#445,#446,#375,.T.);
#558=EDGE_CURVE('',#446,#447,#299,.T.);
#559=EDGE_CURVE('',#447,#448,#376,.T.);
#560=EDGE_CURVE('',#448,#445,#300,.T.);
#561=EDGE_CURVE('',#449,#450,#377,.T.);
#562=EDGE_CURVE('',#450,#446,#378,.T.);
#563=EDGE_CURVE('',#445,#449,#379,.T.);
#564=EDGE_CURVE('',#451,#452,#380,.T.);
#565=EDGE_CURVE('',#452,#450,#301,.T.);
#566=EDGE_CURVE('',#449,#451,#302,.T.);
#567=EDGE_CURVE('',#447,#452,#381,.T.);
#568=EDGE_CURVE('',#451,#448,#382,.T.);
#569=EDGE_CURVE('',#453,#445,#47,.T.);
#570=EDGE_CURVE('',#454,#453,#383,.T.);
#571=EDGE_CURVE('',#454,#449,#48,.T.);
#572=EDGE_CURVE('',#455,#448,#49,.T.);
#573=EDGE_CURVE('',#456,#455,#303,.T.);
#574=EDGE_CURVE('',#457,#456,#304,.T.);
#575=EDGE_CURVE('',#458,#457,#384,.T.);
#576=EDGE_CURVE('',#459,#458,#35,.T.);
#577=EDGE_CURVE('',#460,#459,#385,.T.);
#578=EDGE_CURVE('',#461,#460,#305,.T.);
#579=EDGE_CURVE('',#453,#461,#306,.T.);
#580=EDGE_CURVE('',#462,#462,#386,.T.);
#581=EDGE_CURVE('',#463,#463,#387,.T.);
#582=EDGE_CURVE('',#464,#465,#388,.T.);
#583=EDGE_CURVE('',#465,#466,#307,.T.);
#584=EDGE_CURVE('',#466,#467,#389,.T.);
#585=EDGE_CURVE('',#467,#464,#308,.T.);
#586=EDGE_CURVE('',#468,#455,#390,.T.);
#587=EDGE_CURVE('',#455,#465,#391,.T.);
#588=EDGE_CURVE('',#464,#468,#392,.T.);
#589=EDGE_CURVE('',#468,#469,#309,.T.);
#590=EDGE_CURVE('',#469,#456,#393,.T.);
#591=EDGE_CURVE('',#470,#471,#310,.T.);
#592=EDGE_CURVE('',#471,#467,#311,.T.);
#593=EDGE_CURVE('',#466,#470,#312,.T.);
#594=EDGE_CURVE('',#472,#457,#313,.T.);
#595=EDGE_CURVE('',#469,#472,#314,.T.);
#596=EDGE_CURVE('',#473,#472,#394,.T.);
#597=EDGE_CURVE('',#473,#458,#315,.T.);
#598=EDGE_CURVE('',#469,#474,#316,.T.);
#599=EDGE_CURVE('',#475,#474,#395,.T.);
#600=EDGE_CURVE('',#475,#473,#317,.T.);
#601=EDGE_CURVE('',#476,#467,#318,.T.);
#602=EDGE_CURVE('',#474,#476,#50,.T.);
#603=EDGE_CURVE('',#477,#477,#396,.T.);
#604=EDGE_CURVE('',#478,#479,#397,.T.);
#605=EDGE_CURVE('',#479,#454,#319,.T.);
#606=EDGE_CURVE('',#454,#480,#398,.T.);
#607=EDGE_CURVE('',#480,#478,#320,.T.);
#608=EDGE_CURVE('',#453,#481,#399,.T.);
#609=EDGE_CURVE('',#481,#480,#400,.T.);
#610=EDGE_CURVE('',#461,#482,#401,.T.);
#611=EDGE_CURVE('',#482,#481,#321,.T.);
#612=EDGE_CURVE('',#483,#484,#322,.T.);
#613=EDGE_CURVE('',#484,#479,#323,.T.);
#614=EDGE_CURVE('',#478,#483,#324,.T.);
#615=EDGE_CURVE('',#460,#485,#325,.T.);
#616=EDGE_CURVE('',#485,#482,#326,.T.);
#617=EDGE_CURVE('',#485,#486,#402,.T.);
#618=EDGE_CURVE('',#486,#487,#327,.T.);
#619=EDGE_CURVE('',#488,#487,#403,.T.);
#620=EDGE_CURVE('',#488,#482,#328,.T.);
#621=EDGE_CURVE('',#459,#486,#329,.T.);
#622=EDGE_CURVE('',#471,#489,#404,.T.);
#623=EDGE_CURVE('',#489,#490,#330,.T.);
#624=EDGE_CURVE('',#490,#476,#405,.T.);
#625=EDGE_CURVE('',#490,#475,#51,.T.);
#626=EDGE_CURVE('',#491,#470,#36,.T.);
#627=EDGE_CURVE('',#491,#489,#331,.T.);
#628=EDGE_CURVE('',#491,#492,#52,.T.);
#629=EDGE_CURVE('',#493,#492,#332,.T.);
#630=EDGE_CURVE('',#493,#490,#53,.T.);
#631=EDGE_CURVE('',#478,#494,#333,.T.);
#632=EDGE_CURVE('',#494,#495,#406,.T.);
#633=EDGE_CURVE('',#495,#496,#334,.T.);
#634=EDGE_CURVE('',#496,#483,#407,.T.);
#635=EDGE_CURVE('',#487,#495,#54,.T.);
#636=EDGE_CURVE('',#494,#488,#55,.T.);
#637=EDGE_CURVE('',#496,#497,#335,.T.);
#638=EDGE_CURVE('',#484,#497,#408,.T.);
#639=EDGE_CURVE('',#459,#498,#56,.T.);
#640=EDGE_CURVE('',#499,#498,#336,.T.);
#641=EDGE_CURVE('',#499,#487,#57,.T.);
#642=EDGE_CURVE('',#500,#500,#409,.T.);
#643=EDGE_CURVE('',#475,#501,#58,.T.);
#644=EDGE_CURVE('',#502,#501,#337,.T.);
#645=EDGE_CURVE('',#502,#458,#59,.T.);
#646=EDGE_CURVE('',#495,#503,#60,.T.);
#647=EDGE_CURVE('',#504,#503,#338,.T.);
#648=EDGE_CURVE('',#504,#497,#61,.T.);
#649=EDGE_CURVE('',#465,#451,#62,.T.);
#650=EDGE_CURVE('',#497,#491,#37,.T.);
#651=EDGE_CURVE('',#505,#506,#410,.T.);
#652=EDGE_CURVE('',#506,#507,#339,.T.);
#653=EDGE_CURVE('',#507,#508,#411,.T.);
#654=EDGE_CURVE('',#508,#505,#340,.T.);
#655=EDGE_CURVE('',#509,#510,#412,.T.);
#656=EDGE_CURVE('',#510,#506,#413,.T.);
#657=EDGE_CURVE('',#505,#509,#414,.T.);
#658=EDGE_CURVE('',#511,#512,#415,.T.);
#659=EDGE_CURVE('',#512,#510,#341,.T.);
#660=EDGE_CURVE('',#509,#511,#342,.T.);
#661=EDGE_CURVE('',#507,#512,#416,.T.);
#662=EDGE_CURVE('',#511,#508,#417,.T.);
#663=EDGE_CURVE('',#513,#507,#63,.T.);
#664=EDGE_CURVE('',#514,#513,#418,.T.);
#665=EDGE_CURVE('',#514,#512,#64,.T.);
#666=EDGE_CURVE('',#515,#506,#65,.T.);
#667=EDGE_CURVE('',#516,#515,#343,.T.);
#668=EDGE_CURVE('',#517,#516,#344,.T.);
#669=EDGE_CURVE('',#517,#518,#419,.T.);
#670=EDGE_CURVE('',#518,#519,#38,.T.);
#671=EDGE_CURVE('',#519,#520,#420,.T.);
#672=EDGE_CURVE('',#521,#520,#345,.T.);
#673=EDGE_CURVE('',#513,#521,#346,.T.);
#674=EDGE_CURVE('',#522,#522,#421,.T.);
#675=EDGE_CURVE('',#523,#523,#422,.T.);
#676=EDGE_CURVE('',#514,#524,#423,.T.);
#677=EDGE_CURVE('',#524,#525,#347,.T.);
#678=EDGE_CURVE('',#525,#526,#424,.T.);
#679=EDGE_CURVE('',#526,#514,#348,.T.);
#680=EDGE_CURVE('',#513,#527,#425,.T.);
#681=EDGE_CURVE('',#527,#524,#426,.T.);
#682=EDGE_CURVE('',#521,#528,#427,.T.);
#683=EDGE_CURVE('',#528,#527,#349,.T.);
#684=EDGE_CURVE('',#529,#530,#350,.T.);
#685=EDGE_CURVE('',#530,#526,#351,.T.);
#686=EDGE_CURVE('',#525,#529,#352,.T.);
#687=EDGE_CURVE('',#520,#531,#353,.T.);
#688=EDGE_CURVE('',#531,#528,#354,.T.);
#689=EDGE_CURVE('',#532,#530,#39,.T.);
#690=EDGE_CURVE('',#533,#532,#40,.T.);
#691=EDGE_CURVE('',#534,#533,#428,.T.);
#692=EDGE_CURVE('',#535,#534,#355,.T.);
#693=EDGE_CURVE('',#536,#535,#356,.T.);
#694=EDGE_CURVE('',#536,#510,#66,.T.);
#695=EDGE_CURVE('',#537,#529,#429,.T.);
#696=EDGE_CURVE('',#537,#532,#357,.T.);
#697=EDGE_CURVE('',#525,#538,#358,.T.);
#698=EDGE_CURVE('',#538,#539,#430,.T.);
#699=EDGE_CURVE('',#539,#537,#359,.T.);
#700=EDGE_CURVE('',#535,#540,#431,.T.);
#701=EDGE_CURVE('',#540,#541,#360,.T.);
#702=EDGE_CURVE('',#541,#536,#432,.T.);
#703=EDGE_CURVE('',#542,#515,#433,.T.);
#704=EDGE_CURVE('',#515,#536,#434,.T.);
#705=EDGE_CURVE('',#541,#542,#435,.T.);
#706=EDGE_CURVE('',#543,#516,#436,.T.);
#707=EDGE_CURVE('',#542,#543,#361,.T.);
#708=EDGE_CURVE('',#534,#544,#362,.T.);
#709=EDGE_CURVE('',#544,#540,#363,.T.);
#710=EDGE_CURVE('',#545,#517,#364,.T.);
#711=EDGE_CURVE('',#543,#545,#365,.T.);
#712=EDGE_CURVE('',#546,#540,#366,.T.);
#713=EDGE_CURVE('',#547,#546,#67,.T.);
#714=EDGE_CURVE('',#543,#547,#367,.T.);
#715=EDGE_CURVE('',#548,#548,#437,.T.);
#716=EDGE_CURVE('',#544,#549,#438,.T.);
#717=EDGE_CURVE('',#549,#550,#368,.T.);
#718=EDGE_CURVE('',#550,#546,#439,.T.);
#719=EDGE_CURVE('',#533,#549,#369,.T.);
#720=EDGE_CURVE('',#551,#552,#440,.T.);
#721=EDGE_CURVE('',#552,#539,#68,.T.);
#722=EDGE_CURVE('',#538,#551,#69,.T.);
#723=EDGE_CURVE('',#531,#553,#441,.T.);
#724=EDGE_CURVE('',#553,#552,#370,.T.);
#725=EDGE_CURVE('',#551,#528,#371,.T.);
#726=EDGE_CURVE('',#519,#553,#372,.T.);
#727=EDGE_CURVE('',#519,#502,#70,.T.);
#728=EDGE_CURVE('',#501,#552,#71,.T.);
#729=EDGE_CURVE('',#554,#554,#442,.T.);
#730=EDGE_CURVE('',#555,#547,#443,.T.);
#731=EDGE_CURVE('',#550,#555,#72,.T.);
#732=EDGE_CURVE('',#555,#556,#373,.T.);
#733=EDGE_CURVE('',#556,#545,#444,.T.);
#734=EDGE_CURVE('',#556,#518,#374,.T.);
#735=EDGE_CURVE('',#503,#550,#73,.T.);
#736=EDGE_CURVE('',#555,#499,#74,.T.);
#737=EDGE_CURVE('',#533,#504,#75,.T.);
#738=EDGE_CURVE('',#539,#493,#76,.T.);
#739=EDGE_CURVE('',#492,#532,#77,.T.);
#740=EDGE_CURVE('',#498,#518,#78,.T.);
#741=ORIENTED_EDGE('',*,*,#557,.T.);
#742=ORIENTED_EDGE('',*,*,#558,.T.);
#743=ORIENTED_EDGE('',*,*,#559,.T.);
#744=ORIENTED_EDGE('',*,*,#560,.T.);
#745=ORIENTED_EDGE('',*,*,#561,.T.);
#746=ORIENTED_EDGE('',*,*,#562,.T.);
#747=ORIENTED_EDGE('',*,*,#557,.F.);
#748=ORIENTED_EDGE('',*,*,#563,.T.);
#749=ORIENTED_EDGE('',*,*,#564,.T.);
#750=ORIENTED_EDGE('',*,*,#565,.T.);
#751=ORIENTED_EDGE('',*,*,#561,.F.);
#752=ORIENTED_EDGE('',*,*,#566,.T.);
#753=ORIENTED_EDGE('',*,*,#559,.F.);
#754=ORIENTED_EDGE('',*,*,#567,.T.);
#755=ORIENTED_EDGE('',*,*,#564,.F.);
#756=ORIENTED_EDGE('',*,*,#568,.T.);
#757=ORIENTED_EDGE('',*,*,#563,.F.);
#758=ORIENTED_EDGE('',*,*,#569,.F.);
#759=ORIENTED_EDGE('',*,*,#570,.F.);
#760=ORIENTED_EDGE('',*,*,#571,.T.);
#761=ORIENTED_EDGE('',*,*,#560,.F.);
#762=ORIENTED_EDGE('',*,*,#572,.F.);
#763=ORIENTED_EDGE('',*,*,#573,.F.);
#764=ORIENTED_EDGE('',*,*,#574,.F.);
#765=ORIENTED_EDGE('',*,*,#575,.F.);
#766=ORIENTED_EDGE('',*,*,#576,.F.);
#767=ORIENTED_EDGE('',*,*,#577,.F.);
#768=ORIENTED_EDGE('',*,*,#578,.F.);
#769=ORIENTED_EDGE('',*,*,#579,.F.);
#770=ORIENTED_EDGE('',*,*,#569,.T.);
#771=ORIENTED_EDGE('',*,*,#558,.F.);
#772=ORIENTED_EDGE('',*,*,#562,.F.);
#773=ORIENTED_EDGE('',*,*,#565,.F.);
#774=ORIENTED_EDGE('',*,*,#567,.F.);
#775=ORIENTED_EDGE('',*,*,#580,.T.);
#776=ORIENTED_EDGE('',*,*,#581,.T.);
#777=ORIENTED_EDGE('',*,*,#582,.T.);
#778=ORIENTED_EDGE('',*,*,#583,.T.);
#779=ORIENTED_EDGE('',*,*,#584,.T.);
#780=ORIENTED_EDGE('',*,*,#585,.T.);
#781=ORIENTED_EDGE('',*,*,#586,.T.);
#782=ORIENTED_EDGE('',*,*,#587,.T.);
#783=ORIENTED_EDGE('',*,*,#582,.F.);
#784=ORIENTED_EDGE('',*,*,#588,.T.);
#785=ORIENTED_EDGE('',*,*,#586,.F.);
#786=ORIENTED_EDGE('',*,*,#589,.T.);
#787=ORIENTED_EDGE('',*,*,#590,.T.);
#788=ORIENTED_EDGE('',*,*,#573,.T.);
#789=ORIENTED_EDGE('',*,*,#591,.T.);
#790=ORIENTED_EDGE('',*,*,#592,.T.);
#791=ORIENTED_EDGE('',*,*,#584,.F.);
#792=ORIENTED_EDGE('',*,*,#593,.T.);
#793=ORIENTED_EDGE('',*,*,#594,.T.);
#794=ORIENTED_EDGE('',*,*,#574,.T.);
#795=ORIENTED_EDGE('',*,*,#590,.F.);
#796=ORIENTED_EDGE('',*,*,#595,.T.);
#797=ORIENTED_EDGE('',*,*,#594,.F.);
#798=ORIENTED_EDGE('',*,*,#596,.F.);
#799=ORIENTED_EDGE('',*,*,#597,.T.);
#800=ORIENTED_EDGE('',*,*,#575,.T.);
#801=ORIENTED_EDGE('',*,*,#595,.F.);
#802=ORIENTED_EDGE('',*,*,#598,.T.);
#803=ORIENTED_EDGE('',*,*,#599,.F.);
#804=ORIENTED_EDGE('',*,*,#600,.T.);
#805=ORIENTED_EDGE('',*,*,#596,.T.);
#806=ORIENTED_EDGE('',*,*,#589,.F.);
#807=ORIENTED_EDGE('',*,*,#588,.F.);
#808=ORIENTED_EDGE('',*,*,#585,.F.);
#809=ORIENTED_EDGE('',*,*,#601,.F.);
#810=ORIENTED_EDGE('',*,*,#602,.F.);
#811=ORIENTED_EDGE('',*,*,#598,.F.);
#812=ORIENTED_EDGE('',*,*,#603,.F.);
#813=ORIENTED_EDGE('',*,*,#604,.T.);
#814=ORIENTED_EDGE('',*,*,#605,.T.);
#815=ORIENTED_EDGE('',*,*,#606,.T.);
#816=ORIENTED_EDGE('',*,*,#607,.T.);
#817=ORIENTED_EDGE('',*,*,#608,.T.);
#818=ORIENTED_EDGE('',*,*,#609,.T.);
#819=ORIENTED_EDGE('',*,*,#606,.F.);
#820=ORIENTED_EDGE('',*,*,#570,.T.);
#821=ORIENTED_EDGE('',*,*,#610,.T.);
#822=ORIENTED_EDGE('',*,*,#611,.T.);
#823=ORIENTED_EDGE('',*,*,#608,.F.);
#824=ORIENTED_EDGE('',*,*,#579,.T.);
#825=ORIENTED_EDGE('',*,*,#612,.T.);
#826=ORIENTED_EDGE('',*,*,#613,.T.);
#827=ORIENTED_EDGE('',*,*,#604,.F.);
#828=ORIENTED_EDGE('',*,*,#614,.T.);
#829=ORIENTED_EDGE('',*,*,#615,.T.);
#830=ORIENTED_EDGE('',*,*,#616,.T.);
#831=ORIENTED_EDGE('',*,*,#610,.F.);
#832=ORIENTED_EDGE('',*,*,#578,.T.);
#833=ORIENTED_EDGE('',*,*,#616,.F.);
#834=ORIENTED_EDGE('',*,*,#617,.T.);
#835=ORIENTED_EDGE('',*,*,#618,.T.);
#836=ORIENTED_EDGE('',*,*,#619,.F.);
#837=ORIENTED_EDGE('',*,*,#620,.T.);
#838=ORIENTED_EDGE('',*,*,#615,.F.);
#839=ORIENTED_EDGE('',*,*,#577,.T.);
#840=ORIENTED_EDGE('',*,*,#621,.T.);
#841=ORIENTED_EDGE('',*,*,#617,.F.);
#842=ORIENTED_EDGE('',*,*,#592,.F.);
#843=ORIENTED_EDGE('',*,*,#622,.T.);
#844=ORIENTED_EDGE('',*,*,#623,.T.);
#845=ORIENTED_EDGE('',*,*,#624,.T.);
#846=ORIENTED_EDGE('',*,*,#601,.T.);
#847=ORIENTED_EDGE('',*,*,#599,.T.);
#848=ORIENTED_EDGE('',*,*,#602,.T.);
#849=ORIENTED_EDGE('',*,*,#624,.F.);
#850=ORIENTED_EDGE('',*,*,#625,.T.);
#851=ORIENTED_EDGE('',*,*,#591,.F.);
#852=ORIENTED_EDGE('',*,*,#626,.F.);
#853=ORIENTED_EDGE('',*,*,#627,.T.);
#854=ORIENTED_EDGE('',*,*,#622,.F.);
#855=ORIENTED_EDGE('',*,*,#623,.F.);
#856=ORIENTED_EDGE('',*,*,#627,.F.);
#857=ORIENTED_EDGE('',*,*,#628,.T.);
#858=ORIENTED_EDGE('',*,*,#629,.F.);
#859=ORIENTED_EDGE('',*,*,#630,.T.);
#860=ORIENTED_EDGE('',*,*,#614,.F.);
#861=ORIENTED_EDGE('',*,*,#631,.T.);
#862=ORIENTED_EDGE('',*,*,#632,.T.);
#863=ORIENTED_EDGE('',*,*,#633,.T.);
#864=ORIENTED_EDGE('',*,*,#634,.T.);
#865=ORIENTED_EDGE('',*,*,#619,.T.);
#866=ORIENTED_EDGE('',*,*,#635,.T.);
#867=ORIENTED_EDGE('',*,*,#632,.F.);
#868=ORIENTED_EDGE('',*,*,#636,.T.);
#869=ORIENTED_EDGE('',*,*,#612,.F.);
#870=ORIENTED_EDGE('',*,*,#634,.F.);
#871=ORIENTED_EDGE('',*,*,#637,.T.);
#872=ORIENTED_EDGE('',*,*,#638,.F.);
#873=ORIENTED_EDGE('',*,*,#618,.F.);
#874=ORIENTED_EDGE('',*,*,#621,.F.);
#875=ORIENTED_EDGE('',*,*,#639,.T.);
#876=ORIENTED_EDGE('',*,*,#640,.F.);
#877=ORIENTED_EDGE('',*,*,#641,.T.);
#878=ORIENTED_EDGE('',*,*,#611,.F.);
#879=ORIENTED_EDGE('',*,*,#620,.F.);
#880=ORIENTED_EDGE('',*,*,#636,.F.);
#881=ORIENTED_EDGE('',*,*,#631,.F.);
#882=ORIENTED_EDGE('',*,*,#607,.F.);
#883=ORIENTED_EDGE('',*,*,#609,.F.);
#884=ORIENTED_EDGE('',*,*,#642,.F.);
#885=ORIENTED_EDGE('',*,*,#600,.F.);
#886=ORIENTED_EDGE('',*,*,#643,.T.);
#887=ORIENTED_EDGE('',*,*,#644,.F.);
#888=ORIENTED_EDGE('',*,*,#645,.T.);
#889=ORIENTED_EDGE('',*,*,#597,.F.);
#890=ORIENTED_EDGE('',*,*,#633,.F.);
#891=ORIENTED_EDGE('',*,*,#646,.T.);
#892=ORIENTED_EDGE('',*,*,#647,.F.);
#893=ORIENTED_EDGE('',*,*,#648,.T.);
#894=ORIENTED_EDGE('',*,*,#637,.F.);
#895=ORIENTED_EDGE('',*,*,#580,.F.);
#896=ORIENTED_EDGE('',*,*,#603,.T.);
#897=ORIENTED_EDGE('',*,*,#581,.F.);
#898=ORIENTED_EDGE('',*,*,#642,.T.);
#899=ORIENTED_EDGE('',*,*,#568,.F.);
#900=ORIENTED_EDGE('',*,*,#649,.F.);
#901=ORIENTED_EDGE('',*,*,#587,.F.);
#902=ORIENTED_EDGE('',*,*,#572,.T.);
#903=ORIENTED_EDGE('',*,*,#566,.F.);
#904=ORIENTED_EDGE('',*,*,#571,.F.);
#905=ORIENTED_EDGE('',*,*,#605,.F.);
#906=ORIENTED_EDGE('',*,*,#613,.F.);
#907=ORIENTED_EDGE('',*,*,#638,.T.);
#908=ORIENTED_EDGE('',*,*,#650,.T.);
#909=ORIENTED_EDGE('',*,*,#626,.T.);
#910=ORIENTED_EDGE('',*,*,#593,.F.);
#911=ORIENTED_EDGE('',*,*,#583,.F.);
#912=ORIENTED_EDGE('',*,*,#649,.T.);
#913=ORIENTED_EDGE('',*,*,#651,.T.);
#914=ORIENTED_EDGE('',*,*,#652,.T.);
#915=ORIENTED_EDGE('',*,*,#653,.T.);
#916=ORIENTED_EDGE('',*,*,#654,.T.);
#917=ORIENTED_EDGE('',*,*,#655,.T.);
#918=ORIENTED_EDGE('',*,*,#656,.T.);
#919=ORIENTED_EDGE('',*,*,#651,.F.);
#920=ORIENTED_EDGE('',*,*,#657,.T.);
#921=ORIENTED_EDGE('',*,*,#658,.T.);
#922=ORIENTED_EDGE('',*,*,#659,.T.);
#923=ORIENTED_EDGE('',*,*,#655,.F.);
#924=ORIENTED_EDGE('',*,*,#660,.T.);
#925=ORIENTED_EDGE('',*,*,#653,.F.);
#926=ORIENTED_EDGE('',*,*,#661,.T.);
#927=ORIENTED_EDGE('',*,*,#658,.F.);
#928=ORIENTED_EDGE('',*,*,#662,.T.);
#929=ORIENTED_EDGE('',*,*,#661,.F.);
#930=ORIENTED_EDGE('',*,*,#663,.F.);
#931=ORIENTED_EDGE('',*,*,#664,.F.);
#932=ORIENTED_EDGE('',*,*,#665,.T.);
#933=ORIENTED_EDGE('',*,*,#652,.F.);
#934=ORIENTED_EDGE('',*,*,#666,.F.);
#935=ORIENTED_EDGE('',*,*,#667,.F.);
#936=ORIENTED_EDGE('',*,*,#668,.F.);
#937=ORIENTED_EDGE('',*,*,#669,.T.);
#938=ORIENTED_EDGE('',*,*,#670,.T.);
#939=ORIENTED_EDGE('',*,*,#671,.T.);
#940=ORIENTED_EDGE('',*,*,#672,.F.);
#941=ORIENTED_EDGE('',*,*,#673,.F.);
#942=ORIENTED_EDGE('',*,*,#663,.T.);
#943=ORIENTED_EDGE('',*,*,#654,.F.);
#944=ORIENTED_EDGE('',*,*,#662,.F.);
#945=ORIENTED_EDGE('',*,*,#660,.F.);
#946=ORIENTED_EDGE('',*,*,#657,.F.);
#947=ORIENTED_EDGE('',*,*,#674,.F.);
#948=ORIENTED_EDGE('',*,*,#675,.F.);
#949=ORIENTED_EDGE('',*,*,#676,.T.);
#950=ORIENTED_EDGE('',*,*,#677,.T.);
#951=ORIENTED_EDGE('',*,*,#678,.T.);
#952=ORIENTED_EDGE('',*,*,#679,.T.);
#953=ORIENTED_EDGE('',*,*,#680,.T.);
#954=ORIENTED_EDGE('',*,*,#681,.T.);
#955=ORIENTED_EDGE('',*,*,#676,.F.);
#956=ORIENTED_EDGE('',*,*,#664,.T.);
#957=ORIENTED_EDGE('',*,*,#680,.F.);
#958=ORIENTED_EDGE('',*,*,#673,.T.);
#959=ORIENTED_EDGE('',*,*,#682,.T.);
#960=ORIENTED_EDGE('',*,*,#683,.T.);
#961=ORIENTED_EDGE('',*,*,#684,.T.);
#962=ORIENTED_EDGE('',*,*,#685,.T.);
#963=ORIENTED_EDGE('',*,*,#678,.F.);
#964=ORIENTED_EDGE('',*,*,#686,.T.);
#965=ORIENTED_EDGE('',*,*,#687,.T.);
#966=ORIENTED_EDGE('',*,*,#688,.T.);
#967=ORIENTED_EDGE('',*,*,#682,.F.);
#968=ORIENTED_EDGE('',*,*,#672,.T.);
#969=ORIENTED_EDGE('',*,*,#659,.F.);
#970=ORIENTED_EDGE('',*,*,#665,.F.);
#971=ORIENTED_EDGE('',*,*,#679,.F.);
#972=ORIENTED_EDGE('',*,*,#685,.F.);
#973=ORIENTED_EDGE('',*,*,#689,.F.);
#974=ORIENTED_EDGE('',*,*,#690,.F.);
#975=ORIENTED_EDGE('',*,*,#691,.F.);
#976=ORIENTED_EDGE('',*,*,#692,.F.);
#977=ORIENTED_EDGE('',*,*,#693,.F.);
#978=ORIENTED_EDGE('',*,*,#694,.T.);
#979=ORIENTED_EDGE('',*,*,#684,.F.);
#980=ORIENTED_EDGE('',*,*,#695,.F.);
#981=ORIENTED_EDGE('',*,*,#696,.T.);
#982=ORIENTED_EDGE('',*,*,#689,.T.);
#983=ORIENTED_EDGE('',*,*,#686,.F.);
#984=ORIENTED_EDGE('',*,*,#697,.T.);
#985=ORIENTED_EDGE('',*,*,#698,.T.);
#986=ORIENTED_EDGE('',*,*,#699,.T.);
#987=ORIENTED_EDGE('',*,*,#695,.T.);
#988=ORIENTED_EDGE('',*,*,#700,.T.);
#989=ORIENTED_EDGE('',*,*,#701,.T.);
#990=ORIENTED_EDGE('',*,*,#702,.T.);
#991=ORIENTED_EDGE('',*,*,#693,.T.);
#992=ORIENTED_EDGE('',*,*,#703,.T.);
#993=ORIENTED_EDGE('',*,*,#704,.T.);
#994=ORIENTED_EDGE('',*,*,#702,.F.);
#995=ORIENTED_EDGE('',*,*,#705,.T.);
#996=ORIENTED_EDGE('',*,*,#706,.T.);
#997=ORIENTED_EDGE('',*,*,#667,.T.);
#998=ORIENTED_EDGE('',*,*,#703,.F.);
#999=ORIENTED_EDGE('',*,*,#707,.T.);
#1000=ORIENTED_EDGE('',*,*,#708,.T.);
#1001=ORIENTED_EDGE('',*,*,#709,.T.);
#1002=ORIENTED_EDGE('',*,*,#700,.F.);
#1003=ORIENTED_EDGE('',*,*,#692,.T.);
#1004=ORIENTED_EDGE('',*,*,#710,.T.);
#1005=ORIENTED_EDGE('',*,*,#668,.T.);
#1006=ORIENTED_EDGE('',*,*,#706,.F.);
#1007=ORIENTED_EDGE('',*,*,#711,.T.);
#1008=ORIENTED_EDGE('',*,*,#707,.F.);
#1009=ORIENTED_EDGE('',*,*,#705,.F.);
#1010=ORIENTED_EDGE('',*,*,#701,.F.);
#1011=ORIENTED_EDGE('',*,*,#712,.F.);
#1012=ORIENTED_EDGE('',*,*,#713,.F.);
#1013=ORIENTED_EDGE('',*,*,#714,.F.);
#1014=ORIENTED_EDGE('',*,*,#715,.T.);
#1015=ORIENTED_EDGE('',*,*,#709,.F.);
#1016=ORIENTED_EDGE('',*,*,#716,.T.);
#1017=ORIENTED_EDGE('',*,*,#717,.T.);
#1018=ORIENTED_EDGE('',*,*,#718,.T.);
#1019=ORIENTED_EDGE('',*,*,#712,.T.);
#1020=ORIENTED_EDGE('',*,*,#708,.F.);
#1021=ORIENTED_EDGE('',*,*,#691,.T.);
#1022=ORIENTED_EDGE('',*,*,#719,.T.);
#1023=ORIENTED_EDGE('',*,*,#716,.F.);
#1024=ORIENTED_EDGE('',*,*,#720,.T.);
#1025=ORIENTED_EDGE('',*,*,#721,.T.);
#1026=ORIENTED_EDGE('',*,*,#698,.F.);
#1027=ORIENTED_EDGE('',*,*,#722,.T.);
#1028=ORIENTED_EDGE('',*,*,#688,.F.);
#1029=ORIENTED_EDGE('',*,*,#723,.T.);
#1030=ORIENTED_EDGE('',*,*,#724,.T.);
#1031=ORIENTED_EDGE('',*,*,#720,.F.);
#1032=ORIENTED_EDGE('',*,*,#725,.T.);
#1033=ORIENTED_EDGE('',*,*,#687,.F.);
#1034=ORIENTED_EDGE('',*,*,#671,.F.);
#1035=ORIENTED_EDGE('',*,*,#726,.T.);
#1036=ORIENTED_EDGE('',*,*,#723,.F.);
#1037=ORIENTED_EDGE('',*,*,#724,.F.);
#1038=ORIENTED_EDGE('',*,*,#726,.F.);
#1039=ORIENTED_EDGE('',*,*,#727,.T.);
#1040=ORIENTED_EDGE('',*,*,#644,.T.);
#1041=ORIENTED_EDGE('',*,*,#728,.T.);
#1042=ORIENTED_EDGE('',*,*,#683,.F.);
#1043=ORIENTED_EDGE('',*,*,#725,.F.);
#1044=ORIENTED_EDGE('',*,*,#722,.F.);
#1045=ORIENTED_EDGE('',*,*,#697,.F.);
#1046=ORIENTED_EDGE('',*,*,#677,.F.);
#1047=ORIENTED_EDGE('',*,*,#681,.F.);
#1048=ORIENTED_EDGE('',*,*,#729,.T.);
#1049=ORIENTED_EDGE('',*,*,#730,.T.);
#1050=ORIENTED_EDGE('',*,*,#713,.T.);
#1051=ORIENTED_EDGE('',*,*,#718,.F.);
#1052=ORIENTED_EDGE('',*,*,#731,.T.);
#1053=ORIENTED_EDGE('',*,*,#711,.F.);
#1054=ORIENTED_EDGE('',*,*,#714,.T.);
#1055=ORIENTED_EDGE('',*,*,#730,.F.);
#1056=ORIENTED_EDGE('',*,*,#732,.T.);
#1057=ORIENTED_EDGE('',*,*,#733,.T.);
#1058=ORIENTED_EDGE('',*,*,#710,.F.);
#1059=ORIENTED_EDGE('',*,*,#733,.F.);
#1060=ORIENTED_EDGE('',*,*,#734,.T.);
#1061=ORIENTED_EDGE('',*,*,#669,.F.);
#1062=ORIENTED_EDGE('',*,*,#731,.F.);
#1063=ORIENTED_EDGE('',*,*,#735,.F.);
#1064=ORIENTED_EDGE('',*,*,#646,.F.);
#1065=ORIENTED_EDGE('',*,*,#635,.F.);
#1066=ORIENTED_EDGE('',*,*,#641,.F.);
#1067=ORIENTED_EDGE('',*,*,#736,.F.);
#1068=ORIENTED_EDGE('',*,*,#717,.F.);
#1069=ORIENTED_EDGE('',*,*,#719,.F.);
#1070=ORIENTED_EDGE('',*,*,#737,.T.);
#1071=ORIENTED_EDGE('',*,*,#647,.T.);
#1072=ORIENTED_EDGE('',*,*,#735,.T.);
#1073=ORIENTED_EDGE('',*,*,#721,.F.);
#1074=ORIENTED_EDGE('',*,*,#728,.F.);
#1075=ORIENTED_EDGE('',*,*,#643,.F.);
#1076=ORIENTED_EDGE('',*,*,#625,.F.);
#1077=ORIENTED_EDGE('',*,*,#630,.F.);
#1078=ORIENTED_EDGE('',*,*,#738,.F.);
#1079=ORIENTED_EDGE('',*,*,#699,.F.);
#1080=ORIENTED_EDGE('',*,*,#738,.T.);
#1081=ORIENTED_EDGE('',*,*,#629,.T.);
#1082=ORIENTED_EDGE('',*,*,#739,.T.);
#1083=ORIENTED_EDGE('',*,*,#696,.F.);
#1084=ORIENTED_EDGE('',*,*,#739,.F.);
#1085=ORIENTED_EDGE('',*,*,#628,.F.);
#1086=ORIENTED_EDGE('',*,*,#650,.F.);
#1087=ORIENTED_EDGE('',*,*,#648,.F.);
#1088=ORIENTED_EDGE('',*,*,#737,.F.);
#1089=ORIENTED_EDGE('',*,*,#690,.T.);
#1090=ORIENTED_EDGE('',*,*,#732,.F.);
#1091=ORIENTED_EDGE('',*,*,#736,.T.);
#1092=ORIENTED_EDGE('',*,*,#640,.T.);
#1093=ORIENTED_EDGE('',*,*,#740,.T.);
#1094=ORIENTED_EDGE('',*,*,#734,.F.);
#1095=ORIENTED_EDGE('',*,*,#727,.F.);
#1096=ORIENTED_EDGE('',*,*,#670,.F.);
#1097=ORIENTED_EDGE('',*,*,#740,.F.);
#1098=ORIENTED_EDGE('',*,*,#639,.F.);
#1099=ORIENTED_EDGE('',*,*,#576,.T.);
#1100=ORIENTED_EDGE('',*,*,#645,.F.);
#1101=ORIENTED_EDGE('',*,*,#674,.T.);
#1102=ORIENTED_EDGE('',*,*,#729,.F.);
#1103=ORIENTED_EDGE('',*,*,#675,.T.);
#1104=ORIENTED_EDGE('',*,*,#715,.F.);
#1105=ORIENTED_EDGE('',*,*,#656,.F.);
#1106=ORIENTED_EDGE('',*,*,#694,.F.);
#1107=ORIENTED_EDGE('',*,*,#704,.F.);
#1108=ORIENTED_EDGE('',*,*,#666,.T.);
#1109=B_SPLINE_SURFACE_WITH_KNOTS('',3,3,((#1562,#1563,#1564,#1565,#1566,
#1567,#1568,#1569,#1570,#1571,#1572,#1573,#1574,#1575,#1576,#1577),(#1578,
#1579,#1580,#1581,#1582,#1583,#1584,#1585,#1586,#1587,#1588,#1589,#1590,
#1591,#1592,#1593),(#1594,#1595,#1596,#1597,#1598,#1599,#1600,#1601,#1602,
#1603,#1604,#1605,#1606,#1607,#1608,#1609),(#1610,#1611,#1612,#1613,#1614,
#1615,#1616,#1617,#1618,#1619,#1620,#1621,#1622,#1623,#1624,#1625),(#1626,
#1627,#1628,#1629,#1630,#1631,#1632,#1633,#1634,#1635,#1636,#1637,#1638,
#1639,#1640,#1641)),.UNSPECIFIED.,.F.,.F.,.F.,(4,1,4),(4,1,1,1,1,1,1,1,
1,1,1,1,1,4),(0.,0.571428571428571,1.),(0.,0.161925957589281,0.323851915178562,
0.485777872767843,0.647703830357124,0.971555745535686,1.29540766071425,
1.94311149107137,2.5908153214285,3.23851915178562,3.56237106696418,3.88622298214275,
4.21007489732131,4.53392681249987),.UNSPECIFIED.);
#1110=B_SPLINE_SURFACE_WITH_KNOTS('',3,3,((#1686,#1687,#1688,#1689,#1690,
#1691,#1692,#1693,#1694,#1695,#1696,#1697,#1698,#1699),(#1700,#1701,#1702,
#1703,#1704,#1705,#1706,#1707,#1708,#1709,#1710,#1711,#1712,#1713),(#1714,
#1715,#1716,#1717,#1718,#1719,#1720,#1721,#1722,#1723,#1724,#1725,#1726,
#1727),(#1728,#1729,#1730,#1731,#1732,#1733,#1734,#1735,#1736,#1737,#1738,
#1739,#1740,#1741),(#1742,#1743,#1744,#1745,#1746,#1747,#1748,#1749,#1750,
#1751,#1752,#1753,#1754,#1755)),.UNSPECIFIED.,.F.,.F.,.F.,(4,1,4),(4,1,
1,1,1,1,1,1,1,1,1,4),(0.,0.571428571428571,1.),(0.,0.524566120986766,1.04913224197353,
1.5736983629603,2.09826448394706,2.36054754444045,2.62283060493383,2.88511366542721,
3.14739672592059,3.40967978641398,3.54082131666067,3.67196284690736),
 .UNSPECIFIED.);
#1111=B_SPLINE_SURFACE_WITH_KNOTS('',3,3,((#1889,#1890,#1891,#1892,#1893,
#1894,#1895,#1896),(#1897,#1898,#1899,#1900,#1901,#1902,#1903,#1904),(#1905,
#1906,#1907,#1908,#1909,#1910,#1911,#1912),(#1913,#1914,#1915,#1916,#1917,
#1918,#1919,#1920),(#1921,#1922,#1923,#1924,#1925,#1926,#1927,#1928)),
 .UNSPECIFIED.,.F.,.F.,.F.,(4,1,4),(4,1,1,1,1,4),(0.,0.571428571428571,
1.),(0.,0.161371087738294,0.484113263214882,0.806855438691469,0.968226526429763,
1.12959761416806),.UNSPECIFIED.);
#1112=B_SPLINE_SURFACE_WITH_KNOTS('',3,3,((#1956,#1957,#1958,#1959,#1960,
#1961,#1962,#1963,#1964),(#1965,#1966,#1967,#1968,#1969,#1970,#1971,#1972,
#1973),(#1974,#1975,#1976,#1977,#1978,#1979,#1980,#1981,#1982),(#1983,#1984,
#1985,#1986,#1987,#1988,#1989,#1990,#1991),(#1992,#1993,#1994,#1995,#1996,
#1997,#1998,#1999,#2000)),.UNSPECIFIED.,.F.,.F.,.F.,(4,1,4),(4,1,1,1,1,
1,4),(0.,0.571428571428571,1.),(0.,0.229715392688992,0.689146178066975,
0.918861570755967,1.14857696344496,1.37829235613395,1.60800774882294),
 .UNSPECIFIED.);
#1113=B_SPLINE_SURFACE_WITH_KNOTS('',3,3,((#2012,#2013,#2014,#2015,#2016,
#2017,#2018,#2019,#2020),(#2021,#2022,#2023,#2024,#2025,#2026,#2027,#2028,
#2029),(#2030,#2031,#2032,#2033,#2034,#2035,#2036,#2037,#2038),(#2039,#2040,
#2041,#2042,#2043,#2044,#2045,#2046,#2047),(#2048,#2049,#2050,#2051,#2052,
#2053,#2054,#2055,#2056)),.UNSPECIFIED.,.F.,.F.,.F.,(4,1,4),(4,1,1,1,1,
1,4),(0.,0.571428571428571,1.),(-0.0597118825074515,-0.0329094163800214,
-0.00610695025259125,0.047497982002269,0.101102914257129,0.20831277876685,
0.31552264327657),.UNSPECIFIED.);
#1114=B_SPLINE_SURFACE_WITH_KNOTS('',3,3,((#2089,#2090,#2091,#2092,#2093,
#2094),(#2095,#2096,#2097,#2098,#2099,#2100),(#2101,#2102,#2103,#2104,#2105,
#2106),(#2107,#2108,#2109,#2110,#2111,#2112),(#2113,#2114,#2115,#2116,#2117,
#2118)),.UNSPECIFIED.,.F.,.F.,.F.,(4,1,4),(4,1,1,4),(0.,0.571428571428571,
1.),(-0.0355171556000556,0.0652717416486452,0.115666190272996,0.317243984770397),
 .UNSPECIFIED.);
#1115=B_SPLINE_SURFACE_WITH_KNOTS('',3,3,((#2140,#2141,#2142,#2143,#2144,
#2145,#2146,#2147,#2148,#2149,#2150,#2151),(#2152,#2153,#2154,#2155,#2156,
#2157,#2158,#2159,#2160,#2161,#2162,#2163),(#2164,#2165,#2166,#2167,#2168,
#2169,#2170,#2171,#2172,#2173,#2174,#2175),(#2176,#2177,#2178,#2179,#2180,
#2181,#2182,#2183,#2184,#2185,#2186,#2187),(#2188,#2189,#2190,#2191,#2192,
#2193,#2194,#2195,#2196,#2197,#2198,#2199)),.UNSPECIFIED.,.F.,.F.,.F.,(4,
1,4),(4,1,1,1,1,1,1,2,4),(0.,0.571428571428571,1.),(-0.375159953563631,
-0.300127962850905,-0.225095972138179,-0.187579976781815,-0.150063981425452,
-0.0750319907127261,-0.0375159953563631,0.,0.000927738034739676),
 .UNSPECIFIED.);
#1116=B_SPLINE_SURFACE_WITH_KNOTS('',3,3,((#2214,#2215,#2216,#2217,#2218,
#2219,#2220),(#2221,#2222,#2223,#2224,#2225,#2226,#2227),(#2228,#2229,#2230,
#2231,#2232,#2233,#2234),(#2235,#2236,#2237,#2238,#2239,#2240,#2241),(#2242,
#2243,#2244,#2245,#2246,#2247,#2248)),.UNSPECIFIED.,.F.,.F.,.F.,(4,1,4),
(4,1,1,1,4),(0.,0.571428571428571,1.),(0.341145801355832,0.453003880435693,
0.5275759331556,0.564861959515553,0.602147985875507),.UNSPECIFIED.);
#1117=B_SPLINE_SURFACE_WITH_KNOTS('',3,3,((#2275,#2276,#2277,#2278,#2279),
(#2280,#2281,#2282,#2283,#2284),(#2285,#2286,#2287,#2288,#2289),(#2290,
#2291,#2292,#2293,#2294),(#2295,#2296,#2297,#2298,#2299)),.UNSPECIFIED.,
 .F.,.F.,.F.,(4,1,4),(4,1,4),(0.,0.571428571428571,1.),(0.,0.549681808239223,
0.96194316441864),.UNSPECIFIED.);
#1118=B_SPLINE_SURFACE_WITH_KNOTS('',3,3,((#2319,#2320,#2321,#2322,#2323,
#2324,#2325),(#2326,#2327,#2328,#2329,#2330,#2331,#2332),(#2333,#2334,#2335,
#2336,#2337,#2338,#2339),(#2340,#2341,#2342,#2343,#2344,#2345,#2346),(#2347,
#2348,#2349,#2350,#2351,#2352,#2353)),.UNSPECIFIED.,.F.,.F.,.F.,(4,1,4),
(4,1,1,1,4),(0.,0.571428571428571,1.),(0.,0.388592976758392,0.777185953516784,
0.97148244189598,1.36007541865437),.UNSPECIFIED.);
#1119=B_SPLINE_SURFACE_WITH_KNOTS('',3,3,((#2363,#2364,#2365,#2366,#2367,
#2368),(#2369,#2370,#2371,#2372,#2373,#2374),(#2375,#2376,#2377,#2378,#2379,
#2380),(#2381,#2382,#2383,#2384,#2385,#2386),(#2387,#2388,#2389,#2390,#2391,
#2392)),.UNSPECIFIED.,.F.,.F.,.F.,(4,1,4),(4,1,1,4),(0.,0.571428571428571,
1.),(1.67660831720922E-16,0.148440349672261,0.247400582787102,0.346360815901943),
 .UNSPECIFIED.);
#1120=B_SPLINE_SURFACE_WITH_KNOTS('',3,3,((#2421,#2422,#2423,#2424,#2425,
#2426,#2427),(#2428,#2429,#2430,#2431,#2432,#2433,#2434),(#2435,#2436,#2437,
#2438,#2439,#2440,#2441),(#2442,#2443,#2444,#2445,#2446,#2447,#2448),(#2449,
#2450,#2451,#2452,#2453,#2454,#2455)),.UNSPECIFIED.,.F.,.F.,.F.,(4,1,4),
(4,1,1,1,4),(0.,0.571428571428571,1.),(1.45481453409721E-13,0.15236431077195,
0.253940517953153,0.304728621543755,0.355516725134357),.UNSPECIFIED.);
#1121=B_SPLINE_SURFACE_WITH_KNOTS('',3,3,((#2478,#2479,#2480,#2481,#2482,
#2483,#2484),(#2485,#2486,#2487,#2488,#2489,#2490,#2491),(#2492,#2493,#2494,
#2495,#2496,#2497,#2498),(#2499,#2500,#2501,#2502,#2503,#2504,#2505),(#2506,
#2507,#2508,#2509,#2510,#2511,#2512)),.UNSPECIFIED.,.F.,.F.,.F.,(4,1,4),
(4,1,1,1,4),(0.,0.571428571428571,1.),(0.339532710671342,0.44641427269706,
0.517668647380873,0.553295834722779,0.588923022064685),.UNSPECIFIED.);
#1122=B_SPLINE_SURFACE_WITH_KNOTS('',3,3,((#2531,#2532,#2533,#2534,#2535,
#2536,#2537,#2538,#2539,#2540,#2541),(#2542,#2543,#2544,#2545,#2546,#2547,
#2548,#2549,#2550,#2551,#2552),(#2553,#2554,#2555,#2556,#2557,#2558,#2559,
#2560,#2561,#2562,#2563),(#2564,#2565,#2566,#2567,#2568,#2569,#2570,#2571,
#2572,#2573,#2574),(#2575,#2576,#2577,#2578,#2579,#2580,#2581,#2582,#2583,
#2584,#2585)),.UNSPECIFIED.,.F.,.F.,.F.,(4,1,4),(4,2,1,1,1,1,1,4),(0.,0.571428571428571,
1.),(-0.617005122165066,-0.614113399820439,-0.576944409381061,-0.539775418941682,
-0.465437438062924,-0.391099457184167,-0.316761476305409,-0.242423495426651),
 .UNSPECIFIED.);
#1123=B_SPLINE_SURFACE_WITH_KNOTS('',3,3,((#2597,#2598,#2599,#2600,#2601,
#2602),(#2603,#2604,#2605,#2606,#2607,#2608),(#2609,#2610,#2611,#2612,#2613,
#2614),(#2615,#2616,#2617,#2618,#2619,#2620),(#2621,#2622,#2623,#2624,#2625,
#2626)),.UNSPECIFIED.,.F.,.F.,.F.,(4,1,4),(4,1,1,4),(0.,0.571428571428571,
1.),(0.319794459579512,0.414284765644381,0.47727830302096,0.540271840397539),
 .UNSPECIFIED.);
#1124=B_SPLINE_SURFACE_WITH_KNOTS('',3,3,((#2639,#2640,#2641,#2642,#2643,
#2644,#2645,#2646,#2647,#2648,#2649),(#2650,#2651,#2652,#2653,#2654,#2655,
#2656,#2657,#2658,#2659,#2660),(#2661,#2662,#2663,#2664,#2665,#2666,#2667,
#2668,#2669,#2670,#2671),(#2672,#2673,#2674,#2675,#2676,#2677,#2678,#2679,
#2680,#2681,#2682),(#2683,#2684,#2685,#2686,#2687,#2688,#2689,#2690,#2691,
#2692,#2693)),.UNSPECIFIED.,.F.,.F.,.F.,(4,1,4),(4,2,1,1,1,1,1,4),(0.,0.571428571428571,
1.),(-0.595565151527882,-0.59282990484955,-0.557414672692252,-0.521999440534955,
-0.45116897622036,-0.380338511905766,-0.309508047591171,-0.238677583276576),
 .UNSPECIFIED.);
#1125=B_SPLINE_SURFACE_WITH_KNOTS('',3,3,((#2712,#2713,#2714,#2715),(#2716,
#2717,#2718,#2719),(#2720,#2721,#2722,#2723),(#2724,#2725,#2726,#2727),
(#2728,#2729,#2730,#2731),(#2732,#2733,#2734,#2735),(#2736,#2737,#2738,
#2739),(#2740,#2741,#2742,#2743),(#2744,#2745,#2746,#2747),(#2748,#2749,
#2750,#2751)),.UNSPECIFIED.,.F.,.F.,.F.,(4,1,1,1,1,1,1,4),(4,4),(0.,0.142857142857143,
0.285714285714286,0.428571428571429,0.571428571428571,0.714285714285714,
0.857142857142857,1.),(-2.77555756156289E-17,0.25),.UNSPECIFIED.);
#1126=B_SPLINE_SURFACE_WITH_KNOTS('',3,3,((#2778,#2779,#2780,#2781,#2782,
#2783,#2784),(#2785,#2786,#2787,#2788,#2789,#2790,#2791),(#2792,#2793,#2794,
#2795,#2796,#2797,#2798),(#2799,#2800,#2801,#2802,#2803,#2804,#2805),(#2806,
#2807,#2808,#2809,#2810,#2811,#2812)),.UNSPECIFIED.,.F.,.F.,.F.,(4,1,4),
(4,1,1,1,4),(0.,0.571428571428571,1.),(0.345330220317821,0.470771815388994,
0.554399545436442,0.596213410460166,0.638027275483891),.UNSPECIFIED.);
#1127=B_SPLINE_SURFACE_WITH_KNOTS('',3,3,((#2834,#2835,#2836,#2837,#2838,
#2839,#2840,#2841,#2842,#2843),(#2844,#2845,#2846,#2847,#2848,#2849,#2850,
#2851,#2852,#2853),(#2854,#2855,#2856,#2857,#2858,#2859,#2860,#2861,#2862,
#2863),(#2864,#2865,#2866,#2867,#2868,#2869,#2870,#2871,#2872,#2873),(#2874,
#2875,#2876,#2877,#2878,#2879,#2880,#2881,#2882,#2883)),.UNSPECIFIED.,.F.,
 .F.,.F.,(4,1,4),(4,1,1,1,1,2,4),(0.,0.571428571428571,1.),(-0.376362537607978,
-0.225817522564787,-0.150545015043191,-0.0752725075215955,-0.0376362537607978,
0.,0.00326055838763347),.UNSPECIFIED.);
#1128=B_SPLINE_SURFACE_WITH_KNOTS('',3,3,((#2896,#2897,#2898,#2899),(#2900,
#2901,#2902,#2903),(#2904,#2905,#2906,#2907),(#2908,#2909,#2910,#2911),
(#2912,#2913,#2914,#2915),(#2916,#2917,#2918,#2919),(#2920,#2921,#2922,
#2923),(#2924,#2925,#2926,#2927),(#2928,#2929,#2930,#2931),(#2932,#2933,
#2934,#2935)),.UNSPECIFIED.,.F.,.F.,.F.,(4,1,1,1,1,1,1,4),(4,4),(0.,0.142857142857143,
0.285714285714286,0.428571428571429,0.571428571428571,0.714285714285714,
0.857142857142857,1.),(-2.77555756156289E-17,0.25),.UNSPECIFIED.);
#1129=B_SPLINE_SURFACE_WITH_KNOTS('',3,3,((#2965,#2966,#2967,#2968),(#2969,
#2970,#2971,#2972),(#2973,#2974,#2975,#2976),(#2977,#2978,#2979,#2980),
(#2981,#2982,#2983,#2984),(#2985,#2986,#2987,#2988),(#2989,#2990,#2991,
#2992),(#2993,#2994,#2995,#2996),(#2997,#2998,#2999,#3000),(#3001,#3002,
#3003,#3004)),.UNSPECIFIED.,.F.,.F.,.F.,(4,1,1,1,1,1,1,4),(4,4),(0.,0.142857142857143,
0.285714285714286,0.428571428571429,0.571428571428571,0.714285714285714,
0.857142857142857,1.),(-5.55111512312578E-17,0.25),.UNSPECIFIED.);
#1130=B_SPLINE_SURFACE_WITH_KNOTS('',3,3,((#3031,#3032,#3033,#3034),(#3035,
#3036,#3037,#3038),(#3039,#3040,#3041,#3042),(#3043,#3044,#3045,#3046),
(#3047,#3048,#3049,#3050),(#3051,#3052,#3053,#3054),(#3055,#3056,#3057,
#3058),(#3059,#3060,#3061,#3062),(#3063,#3064,#3065,#3066),(#3067,#3068,
#3069,#3070)),.UNSPECIFIED.,.F.,.F.,.F.,(4,1,1,1,1,1,1,4),(4,4),(0.,0.142857142857143,
0.285714285714286,0.428571428571429,0.571428571428571,0.714285714285714,
0.857142857142857,1.),(-2.77555756156289E-17,0.25),.UNSPECIFIED.);
#1131=B_SPLINE_SURFACE_WITH_KNOTS('',3,3,((#3150,#3151,#3152,#3153,#3154,
#3155,#3156,#3157,#3158,#3159,#3160,#3161,#3162,#3163,#3164,#3165),(#3166,
#3167,#3168,#3169,#3170,#3171,#3172,#3173,#3174,#3175,#3176,#3177,#3178,
#3179,#3180,#3181),(#3182,#3183,#3184,#3185,#3186,#3187,#3188,#3189,#3190,
#3191,#3192,#3193,#3194,#3195,#3196,#3197),(#3198,#3199,#3200,#3201,#3202,
#3203,#3204,#3205,#3206,#3207,#3208,#3209,#3210,#3211,#3212,#3213),(#3214,
#3215,#3216,#3217,#3218,#3219,#3220,#3221,#3222,#3223,#3224,#3225,#3226,
#3227,#3228,#3229)),.UNSPECIFIED.,.F.,.F.,.F.,(4,1,4),(4,1,1,1,1,1,1,1,
1,1,1,1,1,4),(0.,0.571428571428571,1.),(0.,0.161925957589281,0.323851915178562,
0.485777872767843,0.647703830357124,0.971555745535687,1.29540766071425,
1.94311149107137,2.5908153214285,3.23851915178562,3.56237106696418,3.88622298214275,
4.21007489732131,4.53392681249987),.UNSPECIFIED.);
#1132=B_SPLINE_SURFACE_WITH_KNOTS('',3,3,((#3274,#3275,#3276,#3277,#3278,
#3279,#3280,#3281,#3282,#3283,#3284,#3285,#3286,#3287),(#3288,#3289,#3290,
#3291,#3292,#3293,#3294,#3295,#3296,#3297,#3298,#3299,#3300,#3301),(#3302,
#3303,#3304,#3305,#3306,#3307,#3308,#3309,#3310,#3311,#3312,#3313,#3314,
#3315),(#3316,#3317,#3318,#3319,#3320,#3321,#3322,#3323,#3324,#3325,#3326,
#3327,#3328,#3329),(#3330,#3331,#3332,#3333,#3334,#3335,#3336,#3337,#3338,
#3339,#3340,#3341,#3342,#3343)),.UNSPECIFIED.,.F.,.F.,.F.,(4,1,4),(4,1,
1,1,1,1,1,1,1,1,1,4),(0.,0.571428571428571,1.),(2.88697880278052E-15,0.262283060493386,
0.524566120986768,1.04913224197353,1.5736983629603,2.09826448394706,2.62283060493383,
2.88511366542721,3.1473967259206,3.40967978641398,3.54082131666067,3.67196284690736),
 .UNSPECIFIED.);
#1133=B_SPLINE_SURFACE_WITH_KNOTS('',3,3,((#3483,#3484,#3485,#3486,#3487,
#3488,#3489),(#3490,#3491,#3492,#3493,#3494,#3495,#3496),(#3497,#3498,#3499,
#3500,#3501,#3502,#3503),(#3504,#3505,#3506,#3507,#3508,#3509,#3510),(#3511,
#3512,#3513,#3514,#3515,#3516,#3517)),.UNSPECIFIED.,.F.,.F.,.F.,(4,1,4),
(4,1,1,1,4),(0.,0.571428571428571,1.),(0.,0.322742175476588,0.645484350953175,
0.968226526429762,1.12959761416806),.UNSPECIFIED.);
#1134=B_SPLINE_SURFACE_WITH_KNOTS('',3,3,((#3541,#3542,#3543,#3544,#3545,
#3546,#3547,#3548,#3549),(#3550,#3551,#3552,#3553,#3554,#3555,#3556,#3557,
#3558),(#3559,#3560,#3561,#3562,#3563,#3564,#3565,#3566,#3567),(#3568,#3569,
#3570,#3571,#3572,#3573,#3574,#3575,#3576),(#3577,#3578,#3579,#3580,#3581,
#3582,#3583,#3584,#3585)),.UNSPECIFIED.,.F.,.F.,.F.,(4,1,4),(4,1,1,1,1,
1,4),(0.,0.571428571428571,1.),(0.,0.229715392688992,0.689146178066976,
0.918861570755967,1.14857696344496,1.37829235613395,1.60800774882294),
 .UNSPECIFIED.);
#1135=B_SPLINE_SURFACE_WITH_KNOTS('',3,3,((#3597,#3598,#3599,#3600,#3601,
#3602,#3603),(#3604,#3605,#3606,#3607,#3608,#3609,#3610),(#3611,#3612,#3613,
#3614,#3615,#3616,#3617),(#3618,#3619,#3620,#3621,#3622,#3623,#3624),(#3625,
#3626,#3627,#3628,#3629,#3630,#3631)),.UNSPECIFIED.,.F.,.F.,.F.,(4,1,4),
(4,1,1,1,4),(0.,0.571428571428571,1.),(-0.0597118825185295,-0.00610695026208672,
0.0474979819943561,0.154707846507242,0.31552264327657),.UNSPECIFIED.);
#1136=B_SPLINE_SURFACE_WITH_KNOTS('',3,3,((#3661,#3662,#3663,#3664,#3665,
#3666,#3667,#3668,#3669,#3670,#3671,#3672),(#3673,#3674,#3675,#3676,#3677,
#3678,#3679,#3680,#3681,#3682,#3683,#3684),(#3685,#3686,#3687,#3688,#3689,
#3690,#3691,#3692,#3693,#3694,#3695,#3696),(#3697,#3698,#3699,#3700,#3701,
#3702,#3703,#3704,#3705,#3706,#3707,#3708),(#3709,#3710,#3711,#3712,#3713,
#3714,#3715,#3716,#3717,#3718,#3719,#3720)),.UNSPECIFIED.,.F.,.F.,.F.,(4,
1,4),(4,1,1,1,1,1,1,1,1,4),(0.,0.571428571428571,1.),(-0.0355171555919261,
0.0148772930312628,0.115666190277641,0.216455087524018,0.241652311835613,
0.266849536147207,0.292046760458802,0.304645372614599,0.310944678692498,
0.317243984770396),.UNSPECIFIED.);
#1137=B_SPLINE_SURFACE_WITH_KNOTS('',3,3,((#3821,#3822,#3823,#3824,#3825,
#3826,#3827,#3828,#3829,#3830,#3831),(#3832,#3833,#3834,#3835,#3836,#3837,
#3838,#3839,#3840,#3841,#3842),(#3843,#3844,#3845,#3846,#3847,#3848,#3849,
#3850,#3851,#3852,#3853),(#3854,#3855,#3856,#3857,#3858,#3859,#3860,#3861,
#3862,#3863,#3864),(#3865,#3866,#3867,#3868,#3869,#3870,#3871,#3872,#3873,
#3874,#3875)),.UNSPECIFIED.,.F.,.F.,.F.,(4,1,4),(4,1,1,1,1,1,2,4),(0.,0.571428571428571,
1.),(-0.356070905116651,-0.284856724093321,-0.142428362046661,-0.106821271534995,
-0.0712141810233303,-0.0356070905116651,0.,0.000876130671586633),
 .UNSPECIFIED.);
#1138=B_SPLINE_SURFACE_WITH_KNOTS('',3,3,((#3889,#3890,#3891,#3892,#3893,
#3894),(#3895,#3896,#3897,#3898,#3899,#3900),(#3901,#3902,#3903,#3904,#3905,
#3906),(#3907,#3908,#3909,#3910,#3911,#3912),(#3913,#3914,#3915,#3916,#3917,
#3918)),.UNSPECIFIED.,.F.,.F.,.F.,(4,1,4),(4,1,1,4),(0.,0.571428571428571,
1.),(0.319794459579515,0.414284765644383,0.477278303020961,0.540271840397539),
 .UNSPECIFIED.);
#1139=B_SPLINE_SURFACE_WITH_KNOTS('',3,3,((#3933,#3934,#3935,#3936,#3937),
(#3938,#3939,#3940,#3941,#3942),(#3943,#3944,#3945,#3946,#3947),(#3948,
#3949,#3950,#3951,#3952),(#3953,#3954,#3955,#3956,#3957)),.UNSPECIFIED.,
 .F.,.F.,.F.,(4,1,4),(4,1,4),(0.,0.571428571428571,1.),(0.,0.549681808239219,
0.961943164418633),.UNSPECIFIED.);
#1140=B_SPLINE_SURFACE_WITH_KNOTS('',3,3,((#3972,#3973,#3974,#3975,#3976,
#3977,#3978),(#3979,#3980,#3981,#3982,#3983,#3984,#3985),(#3986,#3987,#3988,
#3989,#3990,#3991,#3992),(#3993,#3994,#3995,#3996,#3997,#3998,#3999),(#4000,
#4001,#4002,#4003,#4004,#4005,#4006)),.UNSPECIFIED.,.F.,.F.,.F.,(4,1,4),
(4,1,1,1,4),(0.,0.571428571428571,1.),(0.,0.194296488379196,0.582889465137589,
0.971482441895981,1.36007541865437),.UNSPECIFIED.);
#1141=B_SPLINE_SURFACE_WITH_KNOTS('',3,3,((#4016,#4017,#4018,#4019,#4020,
#4021),(#4022,#4023,#4024,#4025,#4026,#4027),(#4028,#4029,#4030,#4031,#4032,
#4033),(#4034,#4035,#4036,#4037,#4038,#4039),(#4040,#4041,#4042,#4043,#4044,
#4045)),.UNSPECIFIED.,.F.,.F.,.F.,(4,1,4),(4,1,1,4),(0.,0.571428571428571,
1.),(0.,0.197920466229684,0.296880699344526,0.346360815901947),
 .UNSPECIFIED.);
#1142=B_SPLINE_SURFACE_WITH_KNOTS('',3,3,((#4067,#4068,#4069,#4070,#4071,
#4072,#4073),(#4074,#4075,#4076,#4077,#4078,#4079,#4080),(#4081,#4082,#4083,
#4084,#4085,#4086,#4087),(#4088,#4089,#4090,#4091,#4092,#4093,#4094),(#4095,
#4096,#4097,#4098,#4099,#4100,#4101)),.UNSPECIFIED.,.F.,.F.,.F.,(4,1,4),
(4,1,1,1,4),(0.,0.571428571428571,1.),(1.51645880243872E-13,0.152364310772764,
0.253940517954506,0.304728621545377,0.355516725136248),.UNSPECIFIED.);
#1143=B_SPLINE_SURFACE_WITH_KNOTS('',3,3,((#4142,#4143,#4144,#4145,#4146,
#4147,#4148),(#4149,#4150,#4151,#4152,#4153,#4154,#4155),(#4156,#4157,#4158,
#4159,#4160,#4161,#4162),(#4163,#4164,#4165,#4166,#4167,#4168,#4169),(#4170,
#4171,#4172,#4173,#4174,#4175,#4176)),.UNSPECIFIED.,.F.,.F.,.F.,(4,1,4),
(4,1,1,1,4),(0.,0.571428571428571,1.),(0.34533022031782,0.470771815388992,
0.554399545436439,0.596213410460163,0.638027275483887),.UNSPECIFIED.);
#1144=B_SPLINE_SURFACE_WITH_KNOTS('',3,3,((#4188,#4189,#4190,#4191,#4192,
#4193,#4194,#4195,#4196,#4197,#4198),(#4199,#4200,#4201,#4202,#4203,#4204,
#4205,#4206,#4207,#4208,#4209),(#4210,#4211,#4212,#4213,#4214,#4215,#4216,
#4217,#4218,#4219,#4220),(#4221,#4222,#4223,#4224,#4225,#4226,#4227,#4228,
#4229,#4230,#4231),(#4232,#4233,#4234,#4235,#4236,#4237,#4238,#4239,#4240,
#4241,#4242)),.UNSPECIFIED.,.F.,.F.,.F.,(4,1,4),(4,2,1,1,1,1,1,4),(0.,0.571428571428571,
1.),(-0.62294351288519,-0.619683284478584,-0.582046996776164,-0.544410709073745,
-0.506774421371325,-0.469138133668906,-0.393865558264067,-0.243320407454389),
 .UNSPECIFIED.);
#1145=B_SPLINE_SURFACE_WITH_KNOTS('',3,3,((#4260,#4261,#4262,#4263,#4264,
#4265,#4266),(#4267,#4268,#4269,#4270,#4271,#4272,#4273),(#4274,#4275,#4276,
#4277,#4278,#4279,#4280),(#4281,#4282,#4283,#4284,#4285,#4286,#4287),(#4288,
#4289,#4290,#4291,#4292,#4293,#4294)),.UNSPECIFIED.,.F.,.F.,.F.,(4,1,4),
(4,1,1,1,4),(0.,0.571428571428571,1.),(0.341145801355828,0.453003880435689,
0.527575933155596,0.564861959515549,0.602147985875503),.UNSPECIFIED.);
#1146=B_SPLINE_SURFACE_WITH_KNOTS('',3,3,((#4310,#4311,#4312,#4313,#4314,
#4315,#4316,#4317,#4318,#4319,#4320,#4321,#4322),(#4323,#4324,#4325,#4326,
#4327,#4328,#4329,#4330,#4331,#4332,#4333,#4334,#4335),(#4336,#4337,#4338,
#4339,#4340,#4341,#4342,#4343,#4344,#4345,#4346,#4347,#4348),(#4349,#4350,
#4351,#4352,#4353,#4354,#4355,#4356,#4357,#4358,#4359,#4360,#4361),(#4362,
#4363,#4364,#4365,#4366,#4367,#4368,#4369,#4370,#4371,#4372,#4373,#4374)),
 .UNSPECIFIED.,.F.,.F.,.F.,(4,1,4),(4,2,1,1,1,1,1,1,1,4),(0.,0.571428571428571,
1.),(-0.618862808341507,-0.617827289111205,-0.580322046963053,-0.5428168048149,
-0.505311562666748,-0.467806320518596,-0.430301078370444,-0.392795836222291,
-0.317785351925987,-0.242774867629683),.UNSPECIFIED.);
#1147=B_SPLINE_SURFACE_WITH_KNOTS('',3,3,((#4388,#4389,#4390,#4391),(#4392,
#4393,#4394,#4395),(#4396,#4397,#4398,#4399),(#4400,#4401,#4402,#4403),
(#4404,#4405,#4406,#4407),(#4408,#4409,#4410,#4411),(#4412,#4413,#4414,
#4415),(#4416,#4417,#4418,#4419),(#4420,#4421,#4422,#4423),(#4424,#4425,
#4426,#4427)),.UNSPECIFIED.,.F.,.F.,.F.,(4,1,1,1,1,1,1,4),(4,4),(0.,0.142857142857143,
0.285714285714286,0.428571428571429,0.571428571428571,0.714285714285714,
0.857142857142857,1.),(-2.77555756156289E-17,0.25),.UNSPECIFIED.);
#1148=B_SPLINE_SURFACE_WITH_KNOTS('',3,3,((#4437,#4438,#4439,#4440,#4441,
#4442,#4443),(#4444,#4445,#4446,#4447,#4448,#4449,#4450),(#4451,#4452,#4453,
#4454,#4455,#4456,#4457),(#4458,#4459,#4460,#4461,#4462,#4463,#4464),(#4465,
#4466,#4467,#4468,#4469,#4470,#4471)),.UNSPECIFIED.,.F.,.F.,.F.,(4,1,4),
(4,1,1,1,4),(0.,0.571428571428571,1.),(0.339532710671353,0.446414272697069,
0.51766864738088,0.553295834722786,0.588923022064691),.UNSPECIFIED.);
#1149=B_SPLINE_SURFACE_WITH_KNOTS('',3,3,((#4481,#4482,#4483,#4484,#4485,
#4486,#4487,#4488,#4489,#4490),(#4491,#4492,#4493,#4494,#4495,#4496,#4497,
#4498,#4499,#4500),(#4501,#4502,#4503,#4504,#4505,#4506,#4507,#4508,#4509,
#4510),(#4511,#4512,#4513,#4514,#4515,#4516,#4517,#4518,#4519,#4520),(#4521,
#4522,#4523,#4524,#4525,#4526,#4527,#4528,#4529,#4530)),.UNSPECIFIED.,.F.,
 .F.,.F.,(4,1,4),(4,1,1,1,1,2,4),(0.,0.571428571428571,1.),(-0.371734231327738,
-0.223040538796643,-0.148693692531095,-0.0743468462655477,-0.0371734231327738,
0.,0.00289187737545868),.UNSPECIFIED.);
#1150=B_SPLINE_SURFACE_WITH_KNOTS('',3,3,((#4544,#4545,#4546,#4547),(#4548,
#4549,#4550,#4551),(#4552,#4553,#4554,#4555),(#4556,#4557,#4558,#4559),
(#4560,#4561,#4562,#4563),(#4564,#4565,#4566,#4567),(#4568,#4569,#4570,
#4571),(#4572,#4573,#4574,#4575),(#4576,#4577,#4578,#4579),(#4580,#4581,
#4582,#4583)),.UNSPECIFIED.,.F.,.F.,.F.,(4,1,1,1,1,1,1,4),(4,4),(0.,0.142857142857143,
0.285714285714286,0.428571428571429,0.571428571428571,0.714285714285714,
0.857142857142857,1.),(-2.77555756156289E-17,0.25),.UNSPECIFIED.);
#1151=B_SPLINE_SURFACE_WITH_KNOTS('',3,3,((#4587,#4588,#4589,#4590),(#4591,
#4592,#4593,#4594),(#4595,#4596,#4597,#4598),(#4599,#4600,#4601,#4602),
(#4603,#4604,#4605,#4606),(#4607,#4608,#4609,#4610),(#4611,#4612,#4613,
#4614),(#4615,#4616,#4617,#4618)),.UNSPECIFIED.,.F.,.F.,.F.,(4,1,1,1,1,
4),(4,4),(0.,0.285714285714286,0.428571428571429,0.571428571428571,0.857142857142857,
1.),(-2.77555756156289E-17,0.25),.UNSPECIFIED.);
#1152=B_SPLINE_SURFACE_WITH_KNOTS('',3,3,((#4640,#4641,#4642,#4643),(#4644,
#4645,#4646,#4647),(#4648,#4649,#4650,#4651),(#4652,#4653,#4654,#4655),
(#4656,#4657,#4658,#4659),(#4660,#4661,#4662,#4663),(#4664,#4665,#4666,
#4667),(#4668,#4669,#4670,#4671),(#4672,#4673,#4674,#4675),(#4676,#4677,
#4678,#4679)),.UNSPECIFIED.,.F.,.F.,.F.,(4,1,1,1,1,1,1,4),(4,4),(0.,0.142857142857143,
0.285714285714286,0.428571428571429,0.571428571428571,0.714285714285714,
0.857142857142857,1.),(-2.77555756156289E-17,0.25),.UNSPECIFIED.);
#1153=ADVANCED_FACE('',(#131),#1109,.F.);
#1154=ADVANCED_FACE('',(#132),#123,.T.);
#1155=ADVANCED_FACE('',(#133),#1110,.F.);
#1156=ADVANCED_FACE('',(#134),#124,.T.);
#1157=ADVANCED_FACE('',(#135),#111,.T.);
#1158=ADVANCED_FACE('',(#136),#41,.T.);
#1159=ADVANCED_FACE('',(#137,#15,#16),#27,.T.);
#1160=ADVANCED_FACE('',(#138),#1111,.F.);
#1161=ADVANCED_FACE('',(#139),#125,.T.);
#1162=ADVANCED_FACE('',(#140),#1112,.F.);
#1163=ADVANCED_FACE('',(#141),#1113,.F.);
#1164=ADVANCED_FACE('',(#142),#1114,.F.);
#1165=ADVANCED_FACE('',(#143),#1115,.T.);
#1166=ADVANCED_FACE('',(#144),#1116,.T.);
#1167=ADVANCED_FACE('',(#145,#17),#28,.F.);
#1168=ADVANCED_FACE('',(#146),#1117,.F.);
#1169=ADVANCED_FACE('',(#147),#126,.T.);
#1170=ADVANCED_FACE('',(#148),#1118,.F.);
#1171=ADVANCED_FACE('',(#149),#1119,.F.);
#1172=ADVANCED_FACE('',(#150),#1120,.F.);
#1173=ADVANCED_FACE('',(#151),#1121,.T.);
#1174=ADVANCED_FACE('',(#152),#1122,.T.);
#1175=ADVANCED_FACE('',(#153),#1123,.T.);
#1176=ADVANCED_FACE('',(#154),#112,.F.);
#1177=ADVANCED_FACE('',(#155),#1124,.T.);
#1178=ADVANCED_FACE('',(#156),#1125,.F.);
#1179=ADVANCED_FACE('',(#157),#1126,.T.);
#1180=ADVANCED_FACE('',(#158),#113,.F.);
#1181=ADVANCED_FACE('',(#159),#1127,.T.);
#1182=ADVANCED_FACE('',(#160),#1128,.F.);
#1183=ADVANCED_FACE('',(#161,#18),#29,.F.);
#1184=ADVANCED_FACE('',(#162),#1129,.F.);
#1185=ADVANCED_FACE('',(#163),#1130,.F.);
#1186=ADVANCED_FACE('',(#164,#19),#114,.F.);
#1187=ADVANCED_FACE('',(#165,#20),#115,.F.);
#1188=ADVANCED_FACE('',(#166),#116,.T.);
#1189=ADVANCED_FACE('',(#167),#42,.T.);
#1190=ADVANCED_FACE('',(#168),#1131,.F.);
#1191=ADVANCED_FACE('',(#169),#127,.T.);
#1192=ADVANCED_FACE('',(#170),#1132,.F.);
#1193=ADVANCED_FACE('',(#171),#128,.T.);
#1194=ADVANCED_FACE('',(#172),#117,.T.);
#1195=ADVANCED_FACE('',(#173),#43,.F.);
#1196=ADVANCED_FACE('',(#174,#21,#22),#30,.F.);
#1197=ADVANCED_FACE('',(#175),#1133,.F.);
#1198=ADVANCED_FACE('',(#176),#129,.T.);
#1199=ADVANCED_FACE('',(#177),#1134,.F.);
#1200=ADVANCED_FACE('',(#178),#1135,.F.);
#1201=ADVANCED_FACE('',(#179),#1136,.F.);
#1202=ADVANCED_FACE('',(#180),#44,.F.);
#1203=ADVANCED_FACE('',(#181),#1137,.T.);
#1204=ADVANCED_FACE('',(#182),#1138,.T.);
#1205=ADVANCED_FACE('',(#183),#1139,.F.);
#1206=ADVANCED_FACE('',(#184),#130,.T.);
#1207=ADVANCED_FACE('',(#185),#1140,.F.);
#1208=ADVANCED_FACE('',(#186),#1141,.F.);
#1209=ADVANCED_FACE('',(#187),#1142,.F.);
#1210=ADVANCED_FACE('',(#188,#23),#31,.T.);
#1211=ADVANCED_FACE('',(#189),#1143,.T.);
#1212=ADVANCED_FACE('',(#190),#1144,.T.);
#1213=ADVANCED_FACE('',(#191),#118,.F.);
#1214=ADVANCED_FACE('',(#192),#1145,.T.);
#1215=ADVANCED_FACE('',(#193),#1146,.T.);
#1216=ADVANCED_FACE('',(#194),#1147,.F.);
#1217=ADVANCED_FACE('',(#195,#24),#32,.T.);
#1218=ADVANCED_FACE('',(#196),#119,.F.);
#1219=ADVANCED_FACE('',(#197),#1148,.T.);
#1220=ADVANCED_FACE('',(#198),#1149,.T.);
#1221=ADVANCED_FACE('',(#199),#33,.T.);
#1222=ADVANCED_FACE('',(#200),#1150,.F.);
#1223=ADVANCED_FACE('',(#201),#34,.T.);
#1224=ADVANCED_FACE('',(#202),#1151,.F.);
#1225=ADVANCED_FACE('',(#203),#45,.T.);
#1226=ADVANCED_FACE('',(#204),#1152,.F.);
#1227=ADVANCED_FACE('',(#205),#46,.T.);
#1228=ADVANCED_FACE('',(#206,#25),#120,.F.);
#1229=ADVANCED_FACE('',(#207,#26),#121,.F.);
#1230=ADVANCED_FACE('',(#208),#122,.T.);
#1231=CLOSED_SHELL('',(#1153,#1154,#1155,#1156,#1157,#1158,#1159,#1160,
#1161,#1162,#1163,#1164,#1165,#1166,#1167,#1168,#1169,#1170,#1171,#1172,
#1173,#1174,#1175,#1176,#1177,#1178,#1179,#1180,#1181,#1182,#1183,#1184,
#1185,#1186,#1187,#1188,#1189,#1190,#1191,#1192,#1193,#1194,#1195,#1196,
#1197,#1198,#1199,#1200,#1201,#1202,#1203,#1204,#1205,#1206,#1207,#1208,
#1209,#1210,#1211,#1212,#1213,#1214,#1215,#1216,#1217,#1218,#1219,#1220,
#1221,#1222,#1223,#1224,#1225,#1226,#1227,#1228,#1229,#1230));
#1232=AXIS2_PLACEMENT_3D('placement',#1561,#1331,#1332);
#1233=AXIS2_PLACEMENT_3D('',#1644,#1333,#1334);
#1234=AXIS2_PLACEMENT_3D('',#1663,#1335,#1336);
#1235=AXIS2_PLACEMENT_3D('',#1680,#1337,#1338);
#1236=AXIS2_PLACEMENT_3D('',#1683,#1339,#1340);
#1237=AXIS2_PLACEMENT_3D('',#1684,#1341,#1342);
#1238=AXIS2_PLACEMENT_3D('',#1685,#1343,#1344);
#1239=AXIS2_PLACEMENT_3D('',#1758,#1345,#1346);
#1240=AXIS2_PLACEMENT_3D('',#1787,#1347,#1348);
#1241=AXIS2_PLACEMENT_3D('',#1788,#1349,#1350);
#1242=AXIS2_PLACEMENT_3D('',#1789,#1351,#1352);
#1243=AXIS2_PLACEMENT_3D('',#1790,#1353,#1354);
#1244=AXIS2_PLACEMENT_3D('',#1794,#1356,#1357);
#1245=AXIS2_PLACEMENT_3D('',#1856,#1360,#1361);
#1246=AXIS2_PLACEMENT_3D('',#1868,#1362,#1363);
#1247=AXIS2_PLACEMENT_3D('',#1884,#1364,#1365);
#1248=AXIS2_PLACEMENT_3D('',#1886,#1366,#1367);
#1249=AXIS2_PLACEMENT_3D('',#1888,#1368,#1369);
#1250=AXIS2_PLACEMENT_3D('',#1931,#1370,#1371);
#1251=AXIS2_PLACEMENT_3D('',#1942,#1372,#1373);
#1252=AXIS2_PLACEMENT_3D('',#1951,#1374,#1375);
#1253=AXIS2_PLACEMENT_3D('',#1953,#1376,#1377);
#1254=AXIS2_PLACEMENT_3D('',#1954,#1378,#1379);
#1255=AXIS2_PLACEMENT_3D('',#1955,#1380,#1381);
#1256=AXIS2_PLACEMENT_3D('',#2011,#1382,#1383);
#1257=AXIS2_PLACEMENT_3D('',#2201,#1384,#1385);
#1258=AXIS2_PLACEMENT_3D('',#2257,#1386,#1387);
#1259=AXIS2_PLACEMENT_3D('',#2265,#1388,#1389);
#1260=AXIS2_PLACEMENT_3D('',#2274,#1391,#1392);
#1261=AXIS2_PLACEMENT_3D('',#2302,#1393,#1394);
#1262=AXIS2_PLACEMENT_3D('',#2309,#1395,#1396);
#1263=AXIS2_PLACEMENT_3D('',#2315,#1397,#1398);
#1264=AXIS2_PLACEMENT_3D('',#2317,#1399,#1400);
#1265=AXIS2_PLACEMENT_3D('',#2318,#1401,#1402);
#1266=AXIS2_PLACEMENT_3D('',#2355,#1403,#1404);
#1267=AXIS2_PLACEMENT_3D('',#2514,#1405,#1406);
#1268=AXIS2_PLACEMENT_3D('',#2524,#1407,#1408);
#1269=AXIS2_PLACEMENT_3D('',#2628,#1409,#1410);
#1270=AXIS2_PLACEMENT_3D('',#2636,#1411,#1412);
#1271=AXIS2_PLACEMENT_3D('',#2637,#1413,#1414);
#1272=AXIS2_PLACEMENT_3D('',#2821,#1418,#1419);
#1273=AXIS2_PLACEMENT_3D('',#2830,#1420,#1421);
#1274=AXIS2_PLACEMENT_3D('',#2831,#1422,#1423);
#1275=AXIS2_PLACEMENT_3D('',#2895,#1426,#1427);
#1276=AXIS2_PLACEMENT_3D('',#2962,#1430,#1431);
#1277=AXIS2_PLACEMENT_3D('',#2964,#1432,#1433);
#1278=AXIS2_PLACEMENT_3D('',#3097,#1438,#1439);
#1279=AXIS2_PLACEMENT_3D('',#3098,#1440,#1441);
#1280=AXIS2_PLACEMENT_3D('',#3099,#1442,#1443);
#1281=AXIS2_PLACEMENT_3D('',#3232,#1445,#1446);
#1282=AXIS2_PLACEMENT_3D('',#3251,#1447,#1448);
#1283=AXIS2_PLACEMENT_3D('',#3268,#1449,#1450);
#1284=AXIS2_PLACEMENT_3D('',#3271,#1451,#1452);
#1285=AXIS2_PLACEMENT_3D('',#3272,#1453,#1454);
#1286=AXIS2_PLACEMENT_3D('',#3273,#1455,#1456);
#1287=AXIS2_PLACEMENT_3D('',#3346,#1457,#1458);
#1288=AXIS2_PLACEMENT_3D('',#3375,#1459,#1460);
#1289=AXIS2_PLACEMENT_3D('',#3376,#1461,#1462);
#1290=AXIS2_PLACEMENT_3D('',#3377,#1463,#1464);
#1291=AXIS2_PLACEMENT_3D('',#3378,#1465,#1466);
#1292=AXIS2_PLACEMENT_3D('',#3382,#1468,#1469);
#1293=AXIS2_PLACEMENT_3D('',#3443,#1472,#1473);
#1294=AXIS2_PLACEMENT_3D('',#3455,#1474,#1475);
#1295=AXIS2_PLACEMENT_3D('',#3478,#1476,#1477);
#1296=AXIS2_PLACEMENT_3D('',#3480,#1478,#1479);
#1297=AXIS2_PLACEMENT_3D('',#3482,#1480,#1481);
#1298=AXIS2_PLACEMENT_3D('',#3519,#1482,#1483);
#1299=AXIS2_PLACEMENT_3D('',#3529,#1484,#1485);
#1300=AXIS2_PLACEMENT_3D('',#3537,#1486,#1487);
#1301=AXIS2_PLACEMENT_3D('',#3539,#1488,#1489);
#1302=AXIS2_PLACEMENT_3D('',#3540,#1490,#1491);
#1303=AXIS2_PLACEMENT_3D('',#3587,#1492,#1493);
#1304=AXIS2_PLACEMENT_3D('',#3806,#1494,#1495);
#1305=AXIS2_PLACEMENT_3D('',#3877,#1497,#1498);
#1306=AXIS2_PLACEMENT_3D('',#3926,#1499,#1500);
#1307=AXIS2_PLACEMENT_3D('',#3959,#1501,#1502);
#1308=AXIS2_PLACEMENT_3D('',#3966,#1503,#1504);
#1309=AXIS2_PLACEMENT_3D('',#3967,#1505,#1506);
#1310=AXIS2_PLACEMENT_3D('',#3969,#1507,#1508);
#1311=AXIS2_PLACEMENT_3D('',#3970,#1509,#1510);
#1312=AXIS2_PLACEMENT_3D('',#3971,#1511,#1512);
#1313=AXIS2_PLACEMENT_3D('',#4008,#1513,#1514);
#1314=AXIS2_PLACEMENT_3D('',#4124,#1515,#1516);
#1315=AXIS2_PLACEMENT_3D('',#4141,#1518,#1519);
#1316=AXIS2_PLACEMENT_3D('',#4178,#1520,#1521);
#1317=AXIS2_PLACEMENT_3D('',#4187,#1522,#1523);
#1318=AXIS2_PLACEMENT_3D('',#4254,#1524,#1525);
#1319=AXIS2_PLACEMENT_3D('',#4257,#1526,#1527);
#1320=AXIS2_PLACEMENT_3D('',#4296,#1530,#1531);
#1321=AXIS2_PLACEMENT_3D('',#4430,#1534,#1535);
#1322=AXIS2_PLACEMENT_3D('',#4432,#1536,#1537);
#1323=AXIS2_PLACEMENT_3D('',#4433,#1538,#1539);
#1324=AXIS2_PLACEMENT_3D('',#4435,#1540,#1541);
#1325=AXIS2_PLACEMENT_3D('',#4480,#1543,#1544);
#1326=AXIS2_PLACEMENT_3D('',#4541,#1545,#1546);
#1327=AXIS2_PLACEMENT_3D('',#4585,#1550,#1551);
#1328=AXIS2_PLACEMENT_3D('',#4701,#1555,#1556);
#1329=AXIS2_PLACEMENT_3D('',#4702,#1557,#1558);
#1330=AXIS2_PLACEMENT_3D('',#4703,#1559,#1560);
#1331=DIRECTION('axis',(0.,0.,1.));
#1332=DIRECTION('refdir',(1.,0.,0.));
#1333=DIRECTION('center_axis',(-0.192659019547309,-0.981265765318993,0.));
#1334=DIRECTION('ref_axis',(0.981265765318993,-0.192659019547309,0.));
#1335=DIRECTION('center_axis',(0.953266298024899,0.302131370516047,0.));
#1336=DIRECTION('ref_axis',(0.,0.,1.));
#1337=DIRECTION('center_axis',(0.,0.,1.));
#1338=DIRECTION('ref_axis',(1.,0.,0.));
#1339=DIRECTION('center_axis',(-0.25590369617543,0.966702280065457,0.));
#1340=DIRECTION('ref_axis',(-0.966702280065457,-0.25590369617543,0.));
#1341=DIRECTION('center_axis',(0.,0.,-1.));
#1342=DIRECTION('ref_axis',(-0.0324499007106601,0.999473363298827,0.));
#1343=DIRECTION('center_axis',(0.,0.,1.));
#1344=DIRECTION('ref_axis',(-0.0324499007106601,0.999473363298827,0.));
#1345=DIRECTION('center_axis',(0.929237695222679,0.369482483721819,0.));
#1346=DIRECTION('ref_axis',(-0.369482483721819,0.929237695222679,0.));
#1347=DIRECTION('center_axis',(0.,0.,1.));
#1348=DIRECTION('ref_axis',(1.,0.,0.));
#1349=DIRECTION('center_axis',(0.,0.,-1.));
#1350=DIRECTION('ref_axis',(-0.941854216033872,-0.336021778668022,0.));
#1351=DIRECTION('center_axis',(0.,0.,1.));
#1352=DIRECTION('ref_axis',(-0.941854216033872,-0.336021778668022,0.));
#1353=DIRECTION('center_axis',(0.,0.,1.));
#1354=DIRECTION('ref_axis',(1.,0.,0.));
#1355=DIRECTION('',(0.,0.,1.));
#1356=DIRECTION('center_axis',(0.,0.,-1.));
#1357=DIRECTION('ref_axis',(-0.0324499007106601,0.999473363298827,0.));
#1358=DIRECTION('',(0.,0.,1.));
#1359=DIRECTION('',(0.,0.,1.));
#1360=DIRECTION('center_axis',(0.,0.,1.));
#1361=DIRECTION('ref_axis',(-0.92714566690948,0.37470109731755,0.));
#1362=DIRECTION('center_axis',(0.,0.,1.));
#1363=DIRECTION('ref_axis',(-0.826589431538322,0.562805394136511,0.));
#1364=DIRECTION('center_axis',(0.,0.,1.));
#1365=DIRECTION('ref_axis',(1.,0.,0.));
#1366=DIRECTION('center_axis',(0.,0.,-1.));
#1367=DIRECTION('ref_axis',(1.,0.,0.));
#1368=DIRECTION('center_axis',(0.,0.,-1.));
#1369=DIRECTION('ref_axis',(1.,0.,0.));
#1370=DIRECTION('center_axis',(0.929237695222679,0.369482483721819,0.));
#1371=DIRECTION('ref_axis',(0.,0.,-1.));
#1372=DIRECTION('center_axis',(-0.637673435926943,-0.770306814920605,-6.8854043755109E-11));
#1373=DIRECTION('ref_axis',(-0.770306814920605,0.637673435926943,0.));
#1374=DIRECTION('center_axis',(0.,0.,1.));
#1375=DIRECTION('ref_axis',(1.,0.,0.));
#1376=DIRECTION('center_axis',(-0.953266298024897,-0.302131370516053,0.));
#1377=DIRECTION('ref_axis',(0.,0.,-1.));
#1378=DIRECTION('center_axis',(0.,0.,-1.));
#1379=DIRECTION('ref_axis',(-0.941854216033872,-0.336021778668022,0.));
#1380=DIRECTION('center_axis',(0.,0.,1.));
#1381=DIRECTION('ref_axis',(-0.941854216033872,-0.336021778668022,0.));
#1382=DIRECTION('center_axis',(-0.3365496808738,-0.941665711547226,-3.0868067089351E-14));
#1383=DIRECTION('ref_axis',(8.88178419700125E-15,2.96059473233375E-14,-1.));
#1384=DIRECTION('center_axis',(0.978310883024075,0.207142019292693,0.));
#1385=DIRECTION('ref_axis',(-0.207142019292693,0.978310883024075,0.));
#1386=DIRECTION('center_axis',(0.869094107182229,-0.494646775852349,0.));
#1387=DIRECTION('ref_axis',(0.494646775852349,0.869094107182229,0.));
#1388=DIRECTION('center_axis',(0.,0.,1.));
#1389=DIRECTION('ref_axis',(1.,0.,0.));
#1390=DIRECTION('',(-0.869094107182228,0.494646775852351,0.));
#1391=DIRECTION('center_axis',(0.,0.,-1.));
#1392=DIRECTION('ref_axis',(1.,0.,0.));
#1393=DIRECTION('center_axis',(0.252962450165862,0.967476097278937,-7.4891929743929E-16));
#1394=DIRECTION('ref_axis',(-2.96059473233375E-15,0.,-1.));
#1395=DIRECTION('center_axis',(0.25590369617543,-0.966702280065457,0.));
#1396=DIRECTION('ref_axis',(-0.966702280065457,-0.25590369617543,0.));
#1397=DIRECTION('center_axis',(0.,0.,1.));
#1398=DIRECTION('ref_axis',(1.,0.,0.));
#1399=DIRECTION('center_axis',(0.192659019547298,0.981265765318996,0.));
#1400=DIRECTION('ref_axis',(0.981265765318995,-0.192659019547298,0.));
#1401=DIRECTION('center_axis',(0.,0.,1.));
#1402=DIRECTION('ref_axis',(-0.0324499007106601,0.999473363298827,0.));
#1403=DIRECTION('center_axis',(0.616446975219216,0.787396422866576,4.99144161265724E-13));
#1404=DIRECTION('ref_axis',(0.787396422866575,-0.616446975219216,0.));
#1405=DIRECTION('center_axis',(0.353921925811826,-0.935274970492448,0.));
#1406=DIRECTION('ref_axis',(0.,0.,1.));
#1407=DIRECTION('center_axis',(0.869094107182228,-0.49464677585235,0.));
#1408=DIRECTION('ref_axis',(0.,0.,1.));
#1409=DIRECTION('center_axis',(-0.434144157882496,0.900843410464048,0.));
#1410=DIRECTION('ref_axis',(0.,0.,1.));
#1411=DIRECTION('center_axis',(0.869094107182228,-0.49464677585235,0.));
#1412=DIRECTION('ref_axis',(0.49464677585235,0.869094107182228,0.));
#1413=DIRECTION('center_axis',(0.869094107182228,-0.494646775852351,0.));
#1414=DIRECTION('ref_axis',(0.349768089497259,0.614542336677823,0.707106781186547));
#1415=DIRECTION('',(0.869094107182228,-0.494646775852351,0.));
#1416=DIRECTION('',(0.,0.,-1.));
#1417=DIRECTION('',(0.,0.,1.));
#1418=DIRECTION('center_axis',(0.86909410718222,-0.494646775852364,0.));
#1419=DIRECTION('ref_axis',(0.,0.,1.));
#1420=DIRECTION('center_axis',(-0.954783621374336,-0.297301591578835,1.4133636799797E-14));
#1421=DIRECTION('ref_axis',(0.297301591578835,-0.954783621374336,0.));
#1422=DIRECTION('center_axis',(-0.869094107182228,0.494646775852351,0.));
#1423=DIRECTION('ref_axis',(-0.349768089497259,-0.614542336677823,0.707106781186547));
#1424=DIRECTION('',(-0.869094107182228,0.494646775852351,0.));
#1425=DIRECTION('',(0.869094107182228,-0.494646775852351,0.));
#1426=DIRECTION('center_axis',(0.,0.,-1.));
#1427=DIRECTION('ref_axis',(0.955184439917304,-0.296011293264067,0.));
#1428=DIRECTION('',(0.,0.,-1.));
#1429=DIRECTION('',(0.,0.,1.));
#1430=DIRECTION('center_axis',(0.,0.,1.));
#1431=DIRECTION('ref_axis',(1.,0.,0.));
#1432=DIRECTION('center_axis',(0.,0.,-1.));
#1433=DIRECTION('ref_axis',(1.,0.,0.));
#1434=DIRECTION('',(0.,0.,-1.));
#1435=DIRECTION('',(0.,0.,1.));
#1436=DIRECTION('',(0.,0.,-1.));
#1437=DIRECTION('',(0.,0.,1.));
#1438=DIRECTION('center_axis',(0.,0.,1.));
#1439=DIRECTION('ref_axis',(1.,0.,0.));
#1440=DIRECTION('center_axis',(0.,0.,1.));
#1441=DIRECTION('ref_axis',(1.,0.,0.));
#1442=DIRECTION('center_axis',(0.,0.,1.));
#1443=DIRECTION('ref_axis',(1.,0.,0.));
#1444=DIRECTION('',(0.,0.,1.));
#1445=DIRECTION('center_axis',(-0.192659019547309,-0.981265765318993,0.));
#1446=DIRECTION('ref_axis',(0.,0.,-1.));
#1447=DIRECTION('center_axis',(0.953266298024897,0.302131370516052,0.));
#1448=DIRECTION('ref_axis',(0.302131370516052,-0.953266298024897,0.));
#1449=DIRECTION('center_axis',(0.,0.,1.));
#1450=DIRECTION('ref_axis',(1.,0.,0.));
#1451=DIRECTION('center_axis',(-0.25590369617543,0.966702280065457,0.));
#1452=DIRECTION('ref_axis',(0.,0.,-1.));
#1453=DIRECTION('center_axis',(0.,0.,-1.));
#1454=DIRECTION('ref_axis',(-0.0324499007106601,0.999473363298827,0.));
#1455=DIRECTION('center_axis',(0.,0.,1.));
#1456=DIRECTION('ref_axis',(-0.0324499007106601,0.999473363298827,0.));
#1457=DIRECTION('center_axis',(0.929237695222679,0.369482483721819,0.));
#1458=DIRECTION('ref_axis',(0.,0.,-1.));
#1459=DIRECTION('center_axis',(0.,0.,1.));
#1460=DIRECTION('ref_axis',(1.,0.,0.));
#1461=DIRECTION('center_axis',(0.,0.,-1.));
#1462=DIRECTION('ref_axis',(-0.941854216033872,-0.336021778668022,0.));
#1463=DIRECTION('center_axis',(0.,0.,1.));
#1464=DIRECTION('ref_axis',(-0.941854216033872,-0.336021778668022,0.));
#1465=DIRECTION('center_axis',(0.,0.,1.));
#1466=DIRECTION('ref_axis',(1.,0.,0.));
#1467=DIRECTION('',(0.,0.,-1.));
#1468=DIRECTION('center_axis',(0.,0.,1.));
#1469=DIRECTION('ref_axis',(-0.941854216033872,-0.336021778668022,0.));
#1470=DIRECTION('',(0.,0.,-1.));
#1471=DIRECTION('',(0.,0.,-1.));
#1472=DIRECTION('center_axis',(0.,0.,1.));
#1473=DIRECTION('ref_axis',(-0.82658943153833,0.5628053941365,0.));
#1474=DIRECTION('center_axis',(0.,0.,1.));
#1475=DIRECTION('ref_axis',(-0.927145666909479,0.374701097317551,0.));
#1476=DIRECTION('center_axis',(0.,0.,1.));
#1477=DIRECTION('ref_axis',(1.,0.,0.));
#1478=DIRECTION('center_axis',(0.,0.,-1.));
#1479=DIRECTION('ref_axis',(1.,0.,0.));
#1480=DIRECTION('center_axis',(0.,0.,-1.));
#1481=DIRECTION('ref_axis',(1.,0.,0.));
#1482=DIRECTION('center_axis',(0.929237695222679,0.369482483721819,0.));
#1483=DIRECTION('ref_axis',(-0.369482483721819,0.929237695222679,0.));
#1484=DIRECTION('center_axis',(-0.637673435926943,-0.770306814920605,6.88475947298965E-11));
#1485=DIRECTION('ref_axis',(4.13387842475762E-11,5.51558798633778E-11,1.));
#1486=DIRECTION('center_axis',(0.,0.,1.));
#1487=DIRECTION('ref_axis',(1.,0.,0.));
#1488=DIRECTION('center_axis',(-0.953266298024897,-0.302131370516053,0.));
#1489=DIRECTION('ref_axis',(0.302131370516053,-0.953266298024897,0.));
#1490=DIRECTION('center_axis',(0.,0.,-1.));
#1491=DIRECTION('ref_axis',(-0.941854216033872,-0.336021778668022,0.));
#1492=DIRECTION('center_axis',(-0.336549680873794,-0.941665711547228,3.64438481798031E-14));
#1493=DIRECTION('ref_axis',(0.941665711547228,-0.336549680873794,0.));
#1494=DIRECTION('center_axis',(0.,0.,-1.));
#1495=DIRECTION('ref_axis',(0.955184439917372,-0.296011293263847,0.));
#1496=DIRECTION('',(0.,0.,-1.));
#1497=DIRECTION('center_axis',(-0.434144157882497,0.900843410464048,1.28532490690039E-15));
#1498=DIRECTION('ref_axis',(0.900843410464048,0.434144157882497,0.));
#1499=DIRECTION('center_axis',(0.869094107182226,-0.494646775852355,0.));
#1500=DIRECTION('ref_axis',(0.,0.,-1.));
#1501=DIRECTION('center_axis',(0.25296245016585,0.96747609727894,1.22061378464906E-14));
#1502=DIRECTION('ref_axis',(-0.96747609727894,0.25296245016585,0.));
#1503=DIRECTION('center_axis',(0.255903696175442,-0.966702280065454,0.));
#1504=DIRECTION('ref_axis',(0.,0.,1.));
#1505=DIRECTION('center_axis',(0.,0.,1.));
#1506=DIRECTION('ref_axis',(1.,0.,0.));
#1507=DIRECTION('center_axis',(0.192659019547298,0.981265765318996,0.));
#1508=DIRECTION('ref_axis',(0.,0.,1.));
#1509=DIRECTION('center_axis',(0.,0.,1.));
#1510=DIRECTION('ref_axis',(-0.0324499007106601,0.999473363298827,0.));
#1511=DIRECTION('center_axis',(0.,0.,-1.));
#1512=DIRECTION('ref_axis',(-0.0324499007106601,0.999473363298827,0.));
#1513=DIRECTION('center_axis',(0.616446975219215,0.787396422866577,-5.00969210933321E-13));
#1514=DIRECTION('ref_axis',(3.28626015289046E-13,3.7895612573872E-13,1.));
#1515=DIRECTION('center_axis',(0.,0.,1.));
#1516=DIRECTION('ref_axis',(1.,0.,0.));
#1517=DIRECTION('',(-0.869094107182228,0.494646775852351,0.));
#1518=DIRECTION('center_axis',(0.,0.,-1.));
#1519=DIRECTION('ref_axis',(1.,0.,0.));
#1520=DIRECTION('center_axis',(-0.954783621374337,-0.297301591578832,1.26949709274606E-14));
#1521=DIRECTION('ref_axis',(-5.9211894646675E-15,-2.368475785867E-14,-1.));
#1522=DIRECTION('center_axis',(0.869094107182228,-0.49464677585235,0.));
#1523=DIRECTION('ref_axis',(-0.49464677585235,-0.869094107182228,0.));
#1524=DIRECTION('center_axis',(-0.869094107182228,0.494646775852351,0.));
#1525=DIRECTION('ref_axis',(0.349768089497259,0.614542336677823,-0.707106781186547));
#1526=DIRECTION('center_axis',(0.869094107182228,-0.49464677585235,0.));
#1527=DIRECTION('ref_axis',(0.,0.,-1.));
#1528=DIRECTION('',(-0.869094107182228,0.494646775852351,0.));
#1529=DIRECTION('',(0.869094107182228,-0.494646775852351,0.));
#1530=DIRECTION('center_axis',(0.978310883024076,0.207142019292687,2.89638204686586E-15));
#1531=DIRECTION('ref_axis',(2.96059473233375E-15,0.,-1.));
#1532=DIRECTION('',(0.,0.,1.));
#1533=DIRECTION('',(0.,0.,-1.));
#1534=DIRECTION('center_axis',(0.,0.,1.));
#1535=DIRECTION('ref_axis',(1.,0.,0.));
#1536=DIRECTION('center_axis',(0.,0.,-1.));
#1537=DIRECTION('ref_axis',(1.,0.,0.));
#1538=DIRECTION('center_axis',(0.869094107182228,-0.494646775852351,0.));
#1539=DIRECTION('ref_axis',(-0.349768089497259,-0.614542336677823,-0.707106781186547));
#1540=DIRECTION('center_axis',(0.869094107182229,-0.49464677585235,0.));
#1541=DIRECTION('ref_axis',(-0.49464677585235,-0.869094107182229,0.));
#1542=DIRECTION('',(0.869094107182228,-0.494646775852351,0.));
#1543=DIRECTION('center_axis',(0.353921925811859,-0.935274970492435,3.14345816764801E-15));
#1544=DIRECTION('ref_axis',(-0.935274970492435,-0.353921925811858,0.));
#1545=DIRECTION('center_axis',(0.494646775852351,0.869094107182228,0.));
#1546=DIRECTION('ref_axis',(0.869094107182228,-0.494646775852351,0.));
#1547=DIRECTION('',(-1.33226762955019E-14,0.,-1.));
#1548=DIRECTION('',(0.,0.,1.));
#1549=DIRECTION('',(0.,0.,1.));
#1550=DIRECTION('center_axis',(-0.494646775852351,-0.869094107182228,0.));
#1551=DIRECTION('ref_axis',(-0.869094107182228,0.494646775852351,0.));
#1552=DIRECTION('',(0.,0.,1.));
#1553=DIRECTION('',(0.,0.,-1.));
#1554=DIRECTION('',(0.,0.,-1.));
#1555=DIRECTION('center_axis',(0.,0.,1.));
#1556=DIRECTION('ref_axis',(1.,0.,0.));
#1557=DIRECTION('center_axis',(0.,0.,1.));
#1558=DIRECTION('ref_axis',(1.,0.,0.));
#1559=DIRECTION('center_axis',(0.,0.,1.));
#1560=DIRECTION('ref_axis',(1.,0.,0.));
#1561=CARTESIAN_POINT('',(0.,0.,0.));
#1562=CARTESIAN_POINT('Ctrl Pts',(16.6979004891438,55.6920863426881,5.));
#1563=CARTESIAN_POINT('Ctrl Pts',(17.2668286163285,55.8724043033121,5.));
#1564=CARTESIAN_POINT('Ctrl Pts',(18.4031034239635,56.3029778388682,5.));
#1565=CARTESIAN_POINT('Ctrl Pts',(20.0494263710632,57.2392839983154,5.));
#1566=CARTESIAN_POINT('Ctrl Pts',(21.5181818815219,58.5148071425367,5.));
#1567=CARTESIAN_POINT('Ctrl Pts',(23.0519874029356,60.5399123513458,5.));
#1568=CARTESIAN_POINT('Ctrl Pts',(24.2578178756455,63.224555815227,5.));
#1569=CARTESIAN_POINT('Ctrl Pts',(25.6482400304749,67.3809085065185,5.));
#1570=CARTESIAN_POINT('Ctrl Pts',(27.3568620985976,72.380871526174,5.));
#1571=CARTESIAN_POINT('Ctrl Pts',(30.168680378375,77.9897182363403,5.));
#1572=CARTESIAN_POINT('Ctrl Pts',(33.2193099712927,82.2206747887788,5.));
#1573=CARTESIAN_POINT('Ctrl Pts',(35.96247158943,85.5143101834937,5.));
#1574=CARTESIAN_POINT('Ctrl Pts',(38.0288636116603,88.2111238092093,5.));
#1575=CARTESIAN_POINT('Ctrl Pts',(39.705624769069,91.380183536635,5.));
#1576=CARTESIAN_POINT('Ctrl Pts',(40.3292654832676,93.6575317695656,5.));
#1577=CARTESIAN_POINT('Ctrl Pts',(40.5518923463602,94.791432065054,5.));
#1578=CARTESIAN_POINT('Ctrl Pts',(16.6979004891438,55.6920863426881,5.44879895051283));
#1579=CARTESIAN_POINT('Ctrl Pts',(17.2670055197902,55.8724603716798,5.44879895051283));
#1580=CARTESIAN_POINT('Ctrl Pts',(18.4032078453826,56.3028451163544,5.44879895051283));
#1581=CARTESIAN_POINT('Ctrl Pts',(20.0499370436343,57.2393034452371,5.44879895051283));
#1582=CARTESIAN_POINT('Ctrl Pts',(21.5190108129712,58.5151148699537,5.44879895051283));
#1583=CARTESIAN_POINT('Ctrl Pts',(23.0531795172447,60.5408479080626,5.44879895051283));
#1584=CARTESIAN_POINT('Ctrl Pts',(24.2583896566814,63.2252216339072,5.44879895051283));
#1585=CARTESIAN_POINT('Ctrl Pts',(25.6487336489991,67.3815836910275,5.44879895051283));
#1586=CARTESIAN_POINT('Ctrl Pts',(27.35700263188,72.3810539314506,5.44879895051283));
#1587=CARTESIAN_POINT('Ctrl Pts',(30.1687147211521,77.9896900866997,5.44879895051283));
#1588=CARTESIAN_POINT('Ctrl Pts',(33.219053892676,82.2202166067429,5.44879895051283));
#1589=CARTESIAN_POINT('Ctrl Pts',(35.962153974785,85.513756618361,5.44879895051283));
#1590=CARTESIAN_POINT('Ctrl Pts',(38.0286994757268,88.2106280185124,5.44879895051283));
#1591=CARTESIAN_POINT('Ctrl Pts',(39.7056933137943,91.3800403651251,5.44879895051283));
#1592=CARTESIAN_POINT('Ctrl Pts',(40.3292178418344,93.6572891185466,5.44879895051283));
#1593=CARTESIAN_POINT('Ctrl Pts',(40.5518923463602,94.791432065054,5.44879895051283));
#1594=CARTESIAN_POINT('Ctrl Pts',(16.5841241343141,56.051066492237,6.22580776175199));
#1595=CARTESIAN_POINT('Ctrl Pts',(17.1393483213986,56.2270410808017,6.22580776175199));
#1596=CARTESIAN_POINT('Ctrl Pts',(18.2444223457939,56.6461687526868,6.22580776175199));
#1597=CARTESIAN_POINT('Ctrl Pts',(19.8316232637745,57.549646706683,6.22580776175199));
#1598=CARTESIAN_POINT('Ctrl Pts',(21.2400089991833,58.772977494347,6.22580776175199));
#1599=CARTESIAN_POINT('Ctrl Pts',(22.7188627537,60.723095237874,6.22580776175199));
#1600=CARTESIAN_POINT('Ctrl Pts',(23.9038329851821,63.3536808069633,6.22580776175199));
#1601=CARTESIAN_POINT('Ctrl Pts',(25.2887124476971,67.4934129809793,6.22580776175199));
#1602=CARTESIAN_POINT('Ctrl Pts',(27.0076068593847,72.5245573598094,6.22580776175198));
#1603=CARTESIAN_POINT('Ctrl Pts',(29.8445580735754,78.1849105281324,6.22580776175199));
#1604=CARTESIAN_POINT('Ctrl Pts',(32.9249497661797,82.4563547449337,6.22580776175199));
#1605=CARTESIAN_POINT('Ctrl Pts',(35.6726879119665,85.7546116068659,6.22580776175199));
#1606=CARTESIAN_POINT('Ctrl Pts',(37.7144821605012,88.4218256909176,6.22580776175199));
#1607=CARTESIAN_POINT('Ctrl Pts',(39.3515325606761,91.5180398191753,6.22580776175199));
#1608=CARTESIAN_POINT('Ctrl Pts',(39.9634318941378,93.7488802434984,6.22580776175199));
#1609=CARTESIAN_POINT('Ctrl Pts',(40.1823681830585,94.8639834222061,6.22580776175199));
#1610=CARTESIAN_POINT('Ctrl Pts',(16.3464006148731,56.8011171041408,6.5));
#1611=CARTESIAN_POINT('Ctrl Pts',(16.8731060125377,56.9680528533479,6.5));
#1612=CARTESIAN_POINT('Ctrl Pts',(17.9129425779066,57.3631438216575,6.5));
#1613=CARTESIAN_POINT('Ctrl Pts',(19.3768764300229,58.1981289232084,6.5));
#1614=CARTESIAN_POINT('Ctrl Pts',(20.6593313008117,59.312595347028,6.5));
#1615=CARTESIAN_POINT('Ctrl Pts',(22.02360352118,61.1064398418544,6.5));
#1616=CARTESIAN_POINT('Ctrl Pts',(23.1645883102052,63.623903205724,6.5));
#1617=CARTESIAN_POINT('Ctrl Pts',(24.5378364846024,67.7289146295246,6.5));
#1618=CARTESIAN_POINT('Ctrl Pts',(26.2779660704024,72.8248912114632,6.5));
#1619=CARTESIAN_POINT('Ctrl Pts',(29.1673613543382,78.5927257760214,6.5));
#1620=CARTESIAN_POINT('Ctrl Pts',(32.3097504079001,82.9484872052114,6.5));
#1621=CARTESIAN_POINT('Ctrl Pts',(35.0670110193084,86.25633859316,6.5));
#1622=CARTESIAN_POINT('Ctrl Pts',(37.0575098665648,88.8617448745035,6.5));
#1623=CARTESIAN_POINT('Ctrl Pts',(38.6117389996049,91.8059834056832,6.5));
#1624=CARTESIAN_POINT('Ctrl Pts',(39.1990310182528,93.9395865622269,6.5));
#1625=CARTESIAN_POINT('Ctrl Pts',(39.4102869826188,95.0155717200402,6.5));
#1626=CARTESIAN_POINT('Ctrl Pts',(16.2447034333697,57.1219857897254,6.5));
#1627=CARTESIAN_POINT('Ctrl Pts',(16.7592319605206,57.285062161354,6.5));
#1628=CARTESIAN_POINT('Ctrl Pts',(17.7711506298204,57.6698453987338,6.5));
#1629=CARTESIAN_POINT('Ctrl Pts',(19.1824049519689,58.4755496183028,6.5));
#1630=CARTESIAN_POINT('Ctrl Pts',(20.4110291134648,59.5434823566193,6.5));
#1631=CARTESIAN_POINT('Ctrl Pts',(21.7263317541033,61.2705566597646,6.5));
#1632=CARTESIAN_POINT('Ctrl Pts',(22.848417848312,63.7395911807487,6.5));
#1633=CARTESIAN_POINT('Ctrl Pts',(24.216679884625,67.8297504413935,6.5));
#1634=CARTESIAN_POINT('Ctrl Pts',(25.9658471795724,72.953396926654,6.5));
#1635=CARTESIAN_POINT('Ctrl Pts',(28.8776638098626,78.7671838099824,6.5));
#1636=CARTESIAN_POINT('Ctrl Pts',(32.0465367477936,83.1589590362537,6.5));
#1637=CARTESIAN_POINT('Ctrl Pts',(34.8078629083423,86.470902332,6.5));
#1638=CARTESIAN_POINT('Ctrl Pts',(36.7764380480668,89.0498751071619,6.5));
#1639=CARTESIAN_POINT('Ctrl Pts',(38.2952672890871,91.9291456317535,6.5));
#1640=CARTESIAN_POINT('Ctrl Pts',(38.872017056859,94.0211379363826,6.5));
#1641=CARTESIAN_POINT('Ctrl Pts',(39.0799936983818,95.080420594375,6.5));
#1642=CARTESIAN_POINT('',(40.5518923463602,94.791432065054,5.));
#1643=CARTESIAN_POINT('',(39.0799936983818,95.080420594375,6.5));
#1644=CARTESIAN_POINT('Origin',(39.0799936983818,95.080420594375,5.));
#1645=CARTESIAN_POINT('',(16.2447034333697,57.1219857897254,6.5));
#1646=CARTESIAN_POINT('Ctrl Pts',(39.0799936983818,95.080420594375,6.5));
#1647=CARTESIAN_POINT('Ctrl Pts',(38.872017056859,94.0211379363826,6.5));
#1648=CARTESIAN_POINT('Ctrl Pts',(38.2952672890871,91.9291456317535,6.5));
#1649=CARTESIAN_POINT('Ctrl Pts',(36.7764380480668,89.0498751071619,6.5));
#1650=CARTESIAN_POINT('Ctrl Pts',(34.8078629083423,86.470902332,6.5));
#1651=CARTESIAN_POINT('Ctrl Pts',(32.0465367477936,83.1589590362537,6.5));
#1652=CARTESIAN_POINT('Ctrl Pts',(28.8776638098626,78.7671838099824,6.5));
#1653=CARTESIAN_POINT('Ctrl Pts',(25.9658471795724,72.953396926654,6.5));
#1654=CARTESIAN_POINT('Ctrl Pts',(24.216679884625,67.8297504413935,6.5));
#1655=CARTESIAN_POINT('Ctrl Pts',(22.848417848312,63.7395911807487,6.5));
#1656=CARTESIAN_POINT('Ctrl Pts',(21.7263317541033,61.2705566597646,6.5));
#1657=CARTESIAN_POINT('Ctrl Pts',(20.4110291134648,59.5434823566193,6.5));
#1658=CARTESIAN_POINT('Ctrl Pts',(19.1824049519689,58.4755496183028,6.5));
#1659=CARTESIAN_POINT('Ctrl Pts',(17.7711506298204,57.6698453987338,6.5));
#1660=CARTESIAN_POINT('Ctrl Pts',(16.7592319605206,57.285062161354,6.5));
#1661=CARTESIAN_POINT('Ctrl Pts',(16.2447034333697,57.1219857897254,6.5));
#1662=CARTESIAN_POINT('',(16.6979004891438,55.6920863426881,5.));
#1663=CARTESIAN_POINT('Origin',(16.2447034333697,57.1219857897254,5.));
#1664=CARTESIAN_POINT('Ctrl Pts',(16.6979004891438,55.6920863426881,5.));
#1665=CARTESIAN_POINT('Ctrl Pts',(17.2668286163285,55.8724043033121,5.));
#1666=CARTESIAN_POINT('Ctrl Pts',(18.4031034239635,56.3029778388682,5.));
#1667=CARTESIAN_POINT('Ctrl Pts',(20.0494263710632,57.2392839983154,5.));
#1668=CARTESIAN_POINT('Ctrl Pts',(21.5181818815219,58.5148071425367,5.));
#1669=CARTESIAN_POINT('Ctrl Pts',(23.0519874029356,60.5399123513458,5.));
#1670=CARTESIAN_POINT('Ctrl Pts',(24.2578178756455,63.224555815227,5.));
#1671=CARTESIAN_POINT('Ctrl Pts',(25.6482400304749,67.3809085065185,5.));
#1672=CARTESIAN_POINT('Ctrl Pts',(27.3568620985976,72.380871526174,5.));
#1673=CARTESIAN_POINT('Ctrl Pts',(30.168680378375,77.9897182363403,5.));
#1674=CARTESIAN_POINT('Ctrl Pts',(33.2193099712927,82.2206747887788,5.));
#1675=CARTESIAN_POINT('Ctrl Pts',(35.96247158943,85.5143101834937,5.));
#1676=CARTESIAN_POINT('Ctrl Pts',(38.0288636116603,88.2111238092093,5.));
#1677=CARTESIAN_POINT('Ctrl Pts',(39.705624769069,91.380183536635,5.));
#1678=CARTESIAN_POINT('Ctrl Pts',(40.3292654832676,93.6575317695656,5.));
#1679=CARTESIAN_POINT('Ctrl Pts',(40.5518923463602,94.791432065054,5.));
#1680=CARTESIAN_POINT('Origin',(34.1736648717868,96.0437156921115,5.));
#1681=CARTESIAN_POINT('',(27.8901000513613,94.3803416669712,5.));
#1682=CARTESIAN_POINT('',(29.3401534714595,94.7641972112343,6.5));
#1683=CARTESIAN_POINT('Origin',(29.3401534714595,94.7641972112343,5.));
#1684=CARTESIAN_POINT('Origin',(34.1736648717868,96.0437156921115,6.5));
#1685=CARTESIAN_POINT('Origin',(34.1736648717868,96.0437156921115,5.));
#1686=CARTESIAN_POINT('Ctrl Pts',(27.8901000513613,94.3803416669712,5.));
#1687=CARTESIAN_POINT('Ctrl Pts',(28.2937722959439,92.855428642778,5.));
#1688=CARTESIAN_POINT('Ctrl Pts',(28.5190086948087,89.7279353083596,5.));
#1689=CARTESIAN_POINT('Ctrl Pts',(27.3435921585332,84.8474803141225,5.));
#1690=CARTESIAN_POINT('Ctrl Pts',(25.7771056002529,79.8673097130429,5.));
#1691=CARTESIAN_POINT('Ctrl Pts',(24.3616597495947,75.8362506912818,5.));
#1692=CARTESIAN_POINT('Ctrl Pts',(22.8854758047168,72.9236071637137,5.));
#1693=CARTESIAN_POINT('Ctrl Pts',(21.508070090048,71.0680585091955,5.));
#1694=CARTESIAN_POINT('Ctrl Pts',(19.8035567498746,69.7542978112674,5.));
#1695=CARTESIAN_POINT('Ctrl Pts',(17.7170968999721,69.0301017766319,5.));
#1696=CARTESIAN_POINT('Ctrl Pts',(15.6571954349525,68.7462077416221,5.));
#1697=CARTESIAN_POINT('Ctrl Pts',(13.8021386300494,68.4155660138384,5.));
#1698=CARTESIAN_POINT('Ctrl Pts',(12.814469760473,68.1200382038994,5.));
#1699=CARTESIAN_POINT('Ctrl Pts',(12.3324104365976,67.9283622987973,5.));
#1700=CARTESIAN_POINT('Ctrl Pts',(27.8901000513613,94.3803416669712,5.44879895051283));
#1701=CARTESIAN_POINT('Ctrl Pts',(28.293629896977,92.8559665693807,5.44879895051283));
#1702=CARTESIAN_POINT('Ctrl Pts',(28.5188361242833,89.7280079786409,5.44879895051283));
#1703=CARTESIAN_POINT('Ctrl Pts',(27.3435515624848,84.848066763524,5.44879895051283));
#1704=CARTESIAN_POINT('Ctrl Pts',(25.776863164574,79.8670784226402,5.44879895051283));
#1705=CARTESIAN_POINT('Ctrl Pts',(24.3609913392188,75.835551417878,5.44879895051283));
#1706=CARTESIAN_POINT('Ctrl Pts',(22.884935557425,72.9233142644417,5.44879895051283));
#1707=CARTESIAN_POINT('Ctrl Pts',(21.5075700532235,71.0680711281068,5.44879895051283));
#1708=CARTESIAN_POINT('Ctrl Pts',(19.803660399257,69.7547358673773,5.44879895051283));
#1709=CARTESIAN_POINT('Ctrl Pts',(17.7183489648241,69.0308110145737,5.44879895051283));
#1710=CARTESIAN_POINT('Ctrl Pts',(15.6583430608261,68.7465657888574,5.44879895051283));
#1711=CARTESIAN_POINT('Ctrl Pts',(13.8028574151075,68.4158441848419,5.44879895051283));
#1712=CARTESIAN_POINT('Ctrl Pts',(12.8147164314424,68.1201362849425,5.44879895051283));
#1713=CARTESIAN_POINT('Ctrl Pts',(12.3324104365976,67.9283622987973,5.44879895051283));
#1714=CARTESIAN_POINT('Ctrl Pts',(28.2541289982203,94.4767067577929,6.22581716496479));
#1715=CARTESIAN_POINT('Ctrl Pts',(28.6688322700787,92.9101229043837,6.22581716496479));
#1716=CARTESIAN_POINT('Ctrl Pts',(28.898106451565,89.6775388561449,6.22581716496479));
#1717=CARTESIAN_POINT('Ctrl Pts',(27.7024121752005,84.7361783504171,6.22581716496479));
#1718=CARTESIAN_POINT('Ctrl Pts',(26.1360011253608,79.7532218332092,6.22581716496479));
#1719=CARTESIAN_POINT('Ctrl Pts',(24.7132718073706,75.6979218985383,6.22581716496479));
#1720=CARTESIAN_POINT('Ctrl Pts',(23.2108316740314,72.7312065290017,6.22581716496479));
#1721=CARTESIAN_POINT('Ctrl Pts',(21.7873552367869,70.8076328401842,6.22581716496479));
#1722=CARTESIAN_POINT('Ctrl Pts',(19.9832339703808,69.4146348407591,6.22581716496479));
#1723=CARTESIAN_POINT('Ctrl Pts',(17.7891450191839,68.6576882989982,6.22581716496479));
#1724=CARTESIAN_POINT('Ctrl Pts',(15.7054141478848,68.3730992392087,6.22581716496479));
#1725=CARTESIAN_POINT('Ctrl Pts',(13.8847816737487,68.0472181060737,6.22581716496479));
#1726=CARTESIAN_POINT('Ctrl Pts',(12.9344964401593,67.7625193022808,6.22581716496479));
#1727=CARTESIAN_POINT('Ctrl Pts',(12.4715456411023,67.5784413080755,6.22581716496479));
#1728=CARTESIAN_POINT('Ctrl Pts',(29.0147622448957,94.6780602285274,6.5));
#1729=CARTESIAN_POINT('Ctrl Pts',(29.452421800981,93.0247566729975,6.5));
#1730=CARTESIAN_POINT('Ctrl Pts',(29.6901131898892,89.5722835980585,6.5));
#1731=CARTESIAN_POINT('Ctrl Pts',(28.4521349559009,84.5039970466616,6.5));
#1732=CARTESIAN_POINT('Ctrl Pts',(26.8857500174586,79.5146859763429,6.5));
#1733=CARTESIAN_POINT('Ctrl Pts',(25.4475241308908,75.4084297320309,6.5));
#1734=CARTESIAN_POINT('Ctrl Pts',(23.8903056718569,72.3289971094094,6.5));
#1735=CARTESIAN_POINT('Ctrl Pts',(22.3705913524417,70.2634853833546,6.5));
#1736=CARTESIAN_POINT('Ctrl Pts',(20.3587345490952,68.7051997003164,6.5));
#1737=CARTESIAN_POINT('Ctrl Pts',(17.940505264485,67.8799983402931,6.5));
#1738=CARTESIAN_POINT('Ctrl Pts',(15.8069150648378,67.5937279503324,6.5));
#1739=CARTESIAN_POINT('Ctrl Pts',(14.057931996541,67.277741906998,6.5));
#1740=CARTESIAN_POINT('Ctrl Pts',(13.1854513667953,67.0155526809027,6.5));
#1741=CARTESIAN_POINT('Ctrl Pts',(12.7622666489849,66.847286432758,6.5));
#1742=CARTESIAN_POINT('Ctrl Pts',(29.3401534714595,94.7641972112343,6.5));
#1743=CARTESIAN_POINT('Ctrl Pts',(29.7876148356226,93.0738663272243,6.5));
#1744=CARTESIAN_POINT('Ctrl Pts',(30.0289030675181,89.5272659829313,6.5));
#1745=CARTESIAN_POINT('Ctrl Pts',(28.7728534759006,84.4047490709877,6.5));
#1746=CARTESIAN_POINT('Ctrl Pts',(27.2064532604602,79.4126124379499,6.5));
#1747=CARTESIAN_POINT('Ctrl Pts',(25.7615422824794,75.2844962784822,6.5));
#1748=CARTESIAN_POINT('Ctrl Pts',(24.1809070018402,72.1568976000332,6.5));
#1749=CARTESIAN_POINT('Ctrl Pts',(22.620028356478,70.0307062463621,6.5));
#1750=CARTESIAN_POINT('Ctrl Pts',(20.5193834883435,68.4017679057081,6.5));
#1751=CARTESIAN_POINT('Ctrl Pts',(18.0054197088358,67.5474033564131,6.5));
#1752=CARTESIAN_POINT('Ctrl Pts',(15.8504865069914,67.2603676936049,6.5));
#1753=CARTESIAN_POINT('Ctrl Pts',(14.1320981401044,66.9486042035857,6.5));
#1754=CARTESIAN_POINT('Ctrl Pts',(13.2928396732283,66.6960207503454,6.5));
#1755=CARTESIAN_POINT('Ctrl Pts',(12.8866341621803,66.5345057559633,6.5));
#1756=CARTESIAN_POINT('',(12.3324104365976,67.9283622987973,5.));
#1757=CARTESIAN_POINT('',(12.8866341621803,66.5345057559633,6.5));
#1758=CARTESIAN_POINT('Origin',(12.8866341621803,66.5345057559633,5.));
#1759=CARTESIAN_POINT('Ctrl Pts',(12.8866341621803,66.5345057559633,6.5));
#1760=CARTESIAN_POINT('Ctrl Pts',(13.2928396732283,66.6960207503454,6.5));
#1761=CARTESIAN_POINT('Ctrl Pts',(14.1320981401044,66.9486042035857,6.5));
#1762=CARTESIAN_POINT('Ctrl Pts',(15.8504865069914,67.2603676936049,6.5));
#1763=CARTESIAN_POINT('Ctrl Pts',(18.0054197088358,67.5474033564131,6.5));
#1764=CARTESIAN_POINT('Ctrl Pts',(20.5193834883435,68.4017679057081,6.5));
#1765=CARTESIAN_POINT('Ctrl Pts',(22.620028356478,70.0307062463621,6.5));
#1766=CARTESIAN_POINT('Ctrl Pts',(24.1809070018402,72.1568976000332,6.5));
#1767=CARTESIAN_POINT('Ctrl Pts',(25.7615422824794,75.2844962784822,6.5));
#1768=CARTESIAN_POINT('Ctrl Pts',(27.2064532604602,79.4126124379499,6.5));
#1769=CARTESIAN_POINT('Ctrl Pts',(28.7728534759006,84.4047490709877,6.5));
#1770=CARTESIAN_POINT('Ctrl Pts',(30.0289030675181,89.5272659829313,6.5));
#1771=CARTESIAN_POINT('Ctrl Pts',(29.7876148356226,93.0738663272243,6.5));
#1772=CARTESIAN_POINT('Ctrl Pts',(29.3401534714595,94.7641972112343,6.5));
#1773=CARTESIAN_POINT('Ctrl Pts',(27.8901000513613,94.3803416669712,5.));
#1774=CARTESIAN_POINT('Ctrl Pts',(28.2937722959439,92.855428642778,5.));
#1775=CARTESIAN_POINT('Ctrl Pts',(28.5190086948087,89.7279353083596,5.));
#1776=CARTESIAN_POINT('Ctrl Pts',(27.3435921585332,84.8474803141225,5.));
#1777=CARTESIAN_POINT('Ctrl Pts',(25.7771056002529,79.8673097130429,5.));
#1778=CARTESIAN_POINT('Ctrl Pts',(24.3616597495947,75.8362506912818,5.));
#1779=CARTESIAN_POINT('Ctrl Pts',(22.8854758047168,72.9236071637137,5.));
#1780=CARTESIAN_POINT('Ctrl Pts',(21.508070090048,71.0680585091955,5.));
#1781=CARTESIAN_POINT('Ctrl Pts',(19.8035567498746,69.7542978112674,5.));
#1782=CARTESIAN_POINT('Ctrl Pts',(17.7170968999721,69.0301017766319,5.));
#1783=CARTESIAN_POINT('Ctrl Pts',(15.6571954349525,68.7462077416221,5.));
#1784=CARTESIAN_POINT('Ctrl Pts',(13.8021386300494,68.4155660138384,5.));
#1785=CARTESIAN_POINT('Ctrl Pts',(12.814469760473,68.1200382038994,5.));
#1786=CARTESIAN_POINT('Ctrl Pts',(12.3324104365976,67.9283622987973,5.));
#1787=CARTESIAN_POINT('Origin',(14.7340465807894,61.8883172798499,5.));
#1788=CARTESIAN_POINT('Origin',(14.7340465807894,61.8883172798499,6.5));
#1789=CARTESIAN_POINT('Origin',(14.7340465807894,61.8883172798499,5.));
#1790=CARTESIAN_POINT('Origin',(34.1736648717868,96.0437156921115,2.5));
#1791=CARTESIAN_POINT('',(40.5518923463602,94.791432065054,4.));
#1792=CARTESIAN_POINT('',(40.5518923463602,94.791432065054,2.5));
#1793=CARTESIAN_POINT('',(27.8901000513613,94.3803416669712,4.));
#1794=CARTESIAN_POINT('Origin',(34.1736648717868,96.0437156921115,4.));
#1795=CARTESIAN_POINT('',(27.8901000513613,94.3803416669712,2.5));
#1796=CARTESIAN_POINT('Ctrl Pts',(16.6979004891438,55.6920863426881,2.5));
#1797=CARTESIAN_POINT('Ctrl Pts',(16.6979004891438,55.6920863426881,6.5));
#1798=CARTESIAN_POINT('Ctrl Pts',(17.3904160075327,55.9115744994686,2.5));
#1799=CARTESIAN_POINT('Ctrl Pts',(17.3904160075327,55.9115744994686,6.5));
#1800=CARTESIAN_POINT('Ctrl Pts',(18.6830334853273,56.4094883282706,2.5));
#1801=CARTESIAN_POINT('Ctrl Pts',(18.6830334853273,56.4094883282706,6.5));
#1802=CARTESIAN_POINT('Ctrl Pts',(20.3447302010837,57.3331696586572,2.5));
#1803=CARTESIAN_POINT('Ctrl Pts',(20.3447302010837,57.3331696586572,6.5));
#1804=CARTESIAN_POINT('Ctrl Pts',(22.0433582900653,58.9066744781223,2.5));
#1805=CARTESIAN_POINT('Ctrl Pts',(22.0433582900653,58.9066744781223,6.5));
#1806=CARTESIAN_POINT('Ctrl Pts',(23.519920561836,61.3702312783292,2.5));
#1807=CARTESIAN_POINT('Ctrl Pts',(23.519920561836,61.3702312783292,6.5));
#1808=CARTESIAN_POINT('Ctrl Pts',(24.6228400487628,64.2253128602944,2.5));
#1809=CARTESIAN_POINT('Ctrl Pts',(24.6228400487628,64.2253128602944,6.5));
#1810=CARTESIAN_POINT('Ctrl Pts',(25.625738378125,67.3452014365729,2.5));
#1811=CARTESIAN_POINT('Ctrl Pts',(25.625738378125,67.3452014365729,6.5));
#1812=CARTESIAN_POINT('Ctrl Pts',(26.7405541708292,70.5899363191939,2.5));
#1813=CARTESIAN_POINT('Ctrl Pts',(26.7405541708292,70.5899363191939,6.5));
#1814=CARTESIAN_POINT('Ctrl Pts',(28.0699467954789,73.8155511371186,2.5));
#1815=CARTESIAN_POINT('Ctrl Pts',(28.0699467954789,73.8155511371186,6.5));
#1816=CARTESIAN_POINT('Ctrl Pts',(29.6372203825386,76.893565373507,2.5));
#1817=CARTESIAN_POINT('Ctrl Pts',(29.6372203825386,76.893565373507,6.5));
#1818=CARTESIAN_POINT('Ctrl Pts',(31.4037062434217,79.7286827638405,2.5));
#1819=CARTESIAN_POINT('Ctrl Pts',(31.4037062434217,79.7286827638405,6.5));
#1820=CARTESIAN_POINT('Ctrl Pts',(33.2883227147268,82.2800521717992,2.5));
#1821=CARTESIAN_POINT('Ctrl Pts',(33.2883227147268,82.2800521717992,6.5));
#1822=CARTESIAN_POINT('Ctrl Pts',(35.1838030516657,84.5794372273066,2.5));
#1823=CARTESIAN_POINT('Ctrl Pts',(35.1838030516657,84.5794372273066,6.5));
#1824=CARTESIAN_POINT('Ctrl Pts',(36.9734041485969,86.7635354955403,2.5));
#1825=CARTESIAN_POINT('Ctrl Pts',(36.9734041485969,86.7635354955403,6.5));
#1826=CARTESIAN_POINT('Ctrl Pts',(38.5433446411562,89.0357906863628,2.5));
#1827=CARTESIAN_POINT('Ctrl Pts',(38.5433446411562,89.0357906863628,6.5));
#1828=CARTESIAN_POINT('Ctrl Pts',(39.5443875865677,91.0944105781325,2.5));
#1829=CARTESIAN_POINT('Ctrl Pts',(39.5443875865677,91.0944105781325,6.5));
#1830=CARTESIAN_POINT('Ctrl Pts',(40.1197537509848,92.8512486287355,2.5));
#1831=CARTESIAN_POINT('Ctrl Pts',(40.1197537509848,92.8512486287355,6.5));
#1832=CARTESIAN_POINT('Ctrl Pts',(40.4214870459263,94.127241739407,2.5));
#1833=CARTESIAN_POINT('Ctrl Pts',(40.4214870459263,94.127241739407,6.5));
#1834=CARTESIAN_POINT('Ctrl Pts',(40.5518923463602,94.791432065054,2.5));
#1835=CARTESIAN_POINT('Ctrl Pts',(40.5518923463602,94.791432065054,6.5));
#1836=CARTESIAN_POINT('',(16.6979004891438,55.6920863426881,4.));
#1837=CARTESIAN_POINT('',(16.6979004891438,55.6920863426881,2.5));
#1838=CARTESIAN_POINT('',(26.3021285513937,69.2516870278872,4.));
#1839=CARTESIAN_POINT('Ctrl Pts',(26.3021285513937,69.2516870278872,4.));
#1840=CARTESIAN_POINT('Ctrl Pts',(26.0491220040961,68.5437749307238,4.));
#1841=CARTESIAN_POINT('Ctrl Pts',(25.3107859271693,66.4045560480954,4.));
#1842=CARTESIAN_POINT('Ctrl Pts',(24.369827424843,63.45509725725,4.));
#1843=CARTESIAN_POINT('Ctrl Pts',(22.9616984988152,60.4271507440783,4.));
#1844=CARTESIAN_POINT('Ctrl Pts',(21.3537023792919,58.2389014409673,4.));
#1845=CARTESIAN_POINT('Ctrl Pts',(19.117636304524,56.593394199709,4.));
#1846=CARTESIAN_POINT('Ctrl Pts',(17.5050073304048,55.9478934520009,4.));
#1847=CARTESIAN_POINT('Ctrl Pts',(16.6979004891438,55.6920863426881,4.));
#1848=CARTESIAN_POINT('',(27.2170965956093,71.6653347482307,2.5));
#1849=CARTESIAN_POINT('Ctrl Pts',(27.2171114253497,71.6652876912397,2.49997613957811));
#1850=CARTESIAN_POINT('Ctrl Pts',(27.1741499370182,71.5589271185461,2.68303667826603));
#1851=CARTESIAN_POINT('Ctrl Pts',(27.0886615345862,71.3454737961085,2.988988138039));
#1852=CARTESIAN_POINT('Ctrl Pts',(26.8099422282414,70.6368006252602,3.70724235786044));
#1853=CARTESIAN_POINT('Ctrl Pts',(26.5241445913318,69.872887712673,4.));
#1854=CARTESIAN_POINT('Ctrl Pts',(26.3021285513937,69.2516870278873,4.));
#1855=CARTESIAN_POINT('',(27.5361637971473,72.4366666368329,2.5));
#1856=CARTESIAN_POINT('Origin',(74.6967025098176,52.4766990556739,2.5));
#1857=CARTESIAN_POINT('',(31.5281727619226,79.798717482033,2.5));
#1858=CARTESIAN_POINT('Ctrl Pts',(31.5281727619227,79.798717482033,2.5));
#1859=CARTESIAN_POINT('Ctrl Pts',(31.5091121734154,79.7707183918366,2.5));
#1860=CARTESIAN_POINT('Ctrl Pts',(31.1256468054916,79.2062393259497,2.5));
#1861=CARTESIAN_POINT('Ctrl Pts',(30.3896902662092,78.0759726675789,2.5));
#1862=CARTESIAN_POINT('Ctrl Pts',(29.5383669225034,76.6436360756953,2.5));
#1863=CARTESIAN_POINT('Ctrl Pts',(28.7480982797719,75.1368563081033,2.5));
#1864=CARTESIAN_POINT('Ctrl Pts',(28.0421901223017,73.6131593269345,2.5));
#1865=CARTESIAN_POINT('Ctrl Pts',(27.6506416680767,72.7070755494502,2.5));
#1866=CARTESIAN_POINT('Ctrl Pts',(27.5361637971422,72.436666636821,2.5));
#1867=CARTESIAN_POINT('',(32.0002938540833,80.4783929871341,2.5));
#1868=CARTESIAN_POINT('Origin',(68.1674130465787,54.8519164675415,2.5));
#1869=CARTESIAN_POINT('',(33.5360986795416,82.5329702154871,4.));
#1870=CARTESIAN_POINT('Ctrl Pts',(33.5360986795417,82.5329702154872,4.));
#1871=CARTESIAN_POINT('Ctrl Pts',(33.2295849427839,82.1414558929508,3.99999999999976));
#1872=CARTESIAN_POINT('Ctrl Pts',(32.7299745854126,81.4869600921982,3.78011246043715));
#1873=CARTESIAN_POINT('Ctrl Pts',(32.2686933236591,80.8546663470295,3.14060646268254));
#1874=CARTESIAN_POINT('Ctrl Pts',(32.0771733292093,80.5867505269097,2.70909471537228));
#1875=CARTESIAN_POINT('Ctrl Pts',(32.0124446742084,80.4955290477439,2.53404310751194));
#1876=CARTESIAN_POINT('Ctrl Pts',(32.0002978651688,80.4783858235208,2.50000224432593));
#1877=CARTESIAN_POINT('Ctrl Pts',(40.5518923463602,94.791432065054,4.));
#1878=CARTESIAN_POINT('Ctrl Pts',(40.2847602672189,93.4308543734627,4.));
#1879=CARTESIAN_POINT('Ctrl Pts',(39.4765487767273,90.6801305920519,4.));
#1880=CARTESIAN_POINT('Ctrl Pts',(37.6100872910979,87.6476673720063,4.));
#1881=CARTESIAN_POINT('Ctrl Pts',(35.5505704122046,85.0100918326108,4.));
#1882=CARTESIAN_POINT('Ctrl Pts',(34.3178374265006,83.5314961515627,4.));
#1883=CARTESIAN_POINT('Ctrl Pts',(33.5360986795416,82.5329702154871,4.));
#1884=CARTESIAN_POINT('Origin',(24.4538557262881,78.9660164859807,6.5));
#1885=CARTESIAN_POINT('',(11.2340465807894,61.8883172798499,6.5));
#1886=CARTESIAN_POINT('Origin',(14.7340465807894,61.8883172798499,6.5));
#1887=CARTESIAN_POINT('',(30.6736648717868,96.0437156921115,6.5));
#1888=CARTESIAN_POINT('Origin',(34.1736648717868,96.0437156921115,6.5));
#1889=CARTESIAN_POINT('Ctrl Pts',(23.0724758803918,70.7188460924286,2.5));
#1890=CARTESIAN_POINT('Ctrl Pts',(22.729469027134,70.3044952637087,2.5));
#1891=CARTESIAN_POINT('Ctrl Pts',(21.6132511651985,69.1278030997953,2.5));
#1892=CARTESIAN_POINT('Ctrl Pts',(19.2212472255788,67.7856599094823,2.5));
#1893=CARTESIAN_POINT('Ctrl Pts',(16.545396348446,67.351445841824,2.5));
#1894=CARTESIAN_POINT('Ctrl Pts',(14.4309955228112,67.0229883867525,2.5));
#1895=CARTESIAN_POINT('Ctrl Pts',(13.3864744876653,66.7332517236248,2.5));
#1896=CARTESIAN_POINT('Ctrl Pts',(12.8866341621803,66.5345057559633,2.5));
#1897=CARTESIAN_POINT('Ctrl Pts',(22.7267629902825,71.0050332612425,2.5));
#1898=CARTESIAN_POINT('Ctrl Pts',(22.3979312159679,70.6078058679628,2.5));
#1899=CARTESIAN_POINT('Ctrl Pts',(21.3321269942863,69.4886801885303,2.5));
#1900=CARTESIAN_POINT('Ctrl Pts',(19.0871086138859,68.2244614347635,2.5));
#1901=CARTESIAN_POINT('Ctrl Pts',(16.4918132518165,67.7958039626055,2.5));
#1902=CARTESIAN_POINT('Ctrl Pts',(14.3458517530571,67.4650355660716,2.5));
#1903=CARTESIAN_POINT('Ctrl Pts',(13.2487027417105,67.1614464747378,2.5));
#1904=CARTESIAN_POINT('Ctrl Pts',(12.7208108112531,66.9515466583562,2.5));
#1905=CARTESIAN_POINT('Ctrl Pts',(22.1281886083354,71.5005435895957,2.87651799412001));
#1906=CARTESIAN_POINT('Ctrl Pts',(21.8237033274877,71.1327266575025,2.87651799412001));
#1907=CARTESIAN_POINT('Ctrl Pts',(20.8452393687337,70.1130276093426,2.87651799412001));
#1908=CARTESIAN_POINT('Ctrl Pts',(18.8534313752913,68.9831350279765,2.87651799412001));
#1909=CARTESIAN_POINT('Ctrl Pts',(16.3972503856665,68.5645471580837,2.87651799412001));
#1910=CARTESIAN_POINT('Ctrl Pts',(14.1972308402584,68.2299265383685,2.87651799412001));
#1911=CARTESIAN_POINT('Ctrl Pts',(13.0097729995762,67.9026769997707,2.87651799412001));
#1912=CARTESIAN_POINT('Ctrl Pts',(12.433700863567,67.6736198223554,2.87651799412001));
#1913=CARTESIAN_POINT('Ctrl Pts',(21.9170156580109,71.675356246319,3.66340078711538));
#1914=CARTESIAN_POINT('Ctrl Pts',(21.621211208071,71.3180257212653,3.66340078711538));
#1915=CARTESIAN_POINT('Ctrl Pts',(20.6735355818173,70.3335179184897,3.66340078711538));
#1916=CARTESIAN_POINT('Ctrl Pts',(18.7716563743903,69.2512913160683,3.66340078711538));
#1917=CARTESIAN_POINT('Ctrl Pts',(16.3647222043204,68.8360468564857,3.66340078711538));
#1918=CARTESIAN_POINT('Ctrl Pts',(14.1453580076828,68.4999977914256,3.66340078711538));
#1919=CARTESIAN_POINT('Ctrl Pts',(12.9256614003532,68.1642501030542,3.66340078711538));
#1920=CARTESIAN_POINT('Ctrl Pts',(12.3324104365976,67.9283622987973,3.66340078711538));
#1921=CARTESIAN_POINT('Ctrl Pts',(21.9170156580109,71.675356246319,4.));
#1922=CARTESIAN_POINT('Ctrl Pts',(21.6211749807146,71.317981958772,4.));
#1923=CARTESIAN_POINT('Ctrl Pts',(20.6735091340816,70.3334289642074,4.));
#1924=CARTESIAN_POINT('Ctrl Pts',(18.7713933454466,69.2510929040752,4.));
#1925=CARTESIAN_POINT('Ctrl Pts',(16.3643926121151,68.8359311744021,4.));
#1926=CARTESIAN_POINT('Ctrl Pts',(14.1451365746728,68.4999095732695,4.));
#1927=CARTESIAN_POINT('Ctrl Pts',(12.9255897086545,68.1642215970788,4.));
#1928=CARTESIAN_POINT('Ctrl Pts',(12.3324104365976,67.9283622987973,4.));
#1929=CARTESIAN_POINT('',(12.8866341621803,66.5345057559633,2.5));
#1930=CARTESIAN_POINT('',(12.3324104365976,67.9283622987973,4.));
#1931=CARTESIAN_POINT('Origin',(12.8866341621803,66.5345057559633,4.));
#1932=CARTESIAN_POINT('',(21.9170156580109,71.675356246319,4.));
#1933=CARTESIAN_POINT('Ctrl Pts',(12.3324104365976,67.9283622987973,4.));
#1934=CARTESIAN_POINT('Ctrl Pts',(12.9255897086545,68.1642215970788,4.));
#1935=CARTESIAN_POINT('Ctrl Pts',(14.1451365746728,68.4999095732695,4.));
#1936=CARTESIAN_POINT('Ctrl Pts',(16.3643926121151,68.8359311744021,4.));
#1937=CARTESIAN_POINT('Ctrl Pts',(18.7713933454466,69.2510929040752,4.));
#1938=CARTESIAN_POINT('Ctrl Pts',(20.6735091340816,70.3334289642074,4.));
#1939=CARTESIAN_POINT('Ctrl Pts',(21.6211749807146,71.317981958772,4.));
#1940=CARTESIAN_POINT('Ctrl Pts',(21.9170156580109,71.675356246319,4.));
#1941=CARTESIAN_POINT('',(23.0724758804538,70.7188460925113,2.5));
#1942=CARTESIAN_POINT('Origin',(23.0724758803918,70.7188460924286,4.));
#1943=CARTESIAN_POINT('Ctrl Pts',(23.0724758803918,70.7188460924286,2.5));
#1944=CARTESIAN_POINT('Ctrl Pts',(22.729469027134,70.3044952637087,2.5));
#1945=CARTESIAN_POINT('Ctrl Pts',(21.6132511651985,69.1278030997953,2.5));
#1946=CARTESIAN_POINT('Ctrl Pts',(19.2212472255788,67.7856599094823,2.5));
#1947=CARTESIAN_POINT('Ctrl Pts',(16.545396348446,67.351445841824,2.5));
#1948=CARTESIAN_POINT('Ctrl Pts',(14.4309955228112,67.0229883867525,2.5));
#1949=CARTESIAN_POINT('Ctrl Pts',(13.3864744876653,66.7332517236248,2.5));
#1950=CARTESIAN_POINT('Ctrl Pts',(12.8866341621803,66.5345057559633,2.5));
#1951=CARTESIAN_POINT('Origin',(14.7340465807894,61.8883172798499,4.));
#1952=CARTESIAN_POINT('',(16.2447034333697,57.1219857897255,2.5));
#1953=CARTESIAN_POINT('Origin',(16.2447034333697,57.1219857897255,4.));
#1954=CARTESIAN_POINT('Origin',(14.7340465807894,61.8883172798499,4.));
#1955=CARTESIAN_POINT('Origin',(14.7340465807894,61.8883172798499,2.5));
#1956=CARTESIAN_POINT('Ctrl Pts',(26.3021285513937,69.2516870278872,4.));
#1957=CARTESIAN_POINT('Ctrl Pts',(26.0491220040961,68.5437749307238,4.));
#1958=CARTESIAN_POINT('Ctrl Pts',(25.3107859271693,66.4045560480954,4.));
#1959=CARTESIAN_POINT('Ctrl Pts',(24.369827424843,63.45509725725,4.));
#1960=CARTESIAN_POINT('Ctrl Pts',(22.9616984988152,60.4271507440783,4.));
#1961=CARTESIAN_POINT('Ctrl Pts',(21.3537023792919,58.2389014409673,4.));
#1962=CARTESIAN_POINT('Ctrl Pts',(19.117636304524,56.593394199709,4.));
#1963=CARTESIAN_POINT('Ctrl Pts',(17.5050073304048,55.9478934520009,4.));
#1964=CARTESIAN_POINT('Ctrl Pts',(16.6979004891438,55.6920863426881,4.));
#1965=CARTESIAN_POINT('Ctrl Pts',(26.3021285513937,69.2516870278872,3.55120104948717));
#1966=CARTESIAN_POINT('Ctrl Pts',(26.0491372738162,68.5438176553871,3.55120104948717));
#1967=CARTESIAN_POINT('Ctrl Pts',(25.3110827135607,66.4049806570579,3.55120104948717));
#1968=CARTESIAN_POINT('Ctrl Pts',(24.3706993967063,63.4560707967438,3.55120104948717));
#1969=CARTESIAN_POINT('Ctrl Pts',(22.9625450758648,60.4277283714316,3.55120104948717));
#1970=CARTESIAN_POINT('Ctrl Pts',(21.3544645166244,58.2390115864646,3.55120104948717));
#1971=CARTESIAN_POINT('Ctrl Pts',(19.1176049687806,56.5930303349692,3.55120104948717));
#1972=CARTESIAN_POINT('Ctrl Pts',(17.5052582935535,55.9479729930905,3.55120104948717));
#1973=CARTESIAN_POINT('Ctrl Pts',(16.6979004891438,55.6920863426881,3.55120104948717));
#1974=CARTESIAN_POINT('Ctrl Pts',(25.9475709006898,69.3784053130838,2.77414450458528));
#1975=CARTESIAN_POINT('Ctrl Pts',(25.6933814747366,68.6671835224807,2.77414450458528));
#1976=CARTESIAN_POINT('Ctrl Pts',(24.9529897566999,66.5210494500977,2.77414450458529));
#1977=CARTESIAN_POINT('Ctrl Pts',(24.0138341408665,63.5802252946985,2.77414450458529));
#1978=CARTESIAN_POINT('Ctrl Pts',(22.6319237884429,60.6142037181436,2.77414450458528));
#1979=CARTESIAN_POINT('Ctrl Pts',(21.0815249923561,58.5080327988563,2.77414450458528));
#1980=CARTESIAN_POINT('Ctrl Pts',(18.9377040874922,56.9292920195449,2.77414450458528));
#1981=CARTESIAN_POINT('Ctrl Pts',(17.3718072674745,56.3006572746695,2.77414450458528));
#1982=CARTESIAN_POINT('Ctrl Pts',(16.5841414474579,56.0510118668718,2.77414450458528));
#1983=CARTESIAN_POINT('Ctrl Pts',(25.20659392138,69.6432291915192,2.5));
#1984=CARTESIAN_POINT('Ctrl Pts',(24.9499428481164,68.9251197139031,2.5));
#1985=CARTESIAN_POINT('Ctrl Pts',(24.2054469920587,66.7647941183277,2.5));
#1986=CARTESIAN_POINT('Ctrl Pts',(23.270451186026,63.8423892989895,2.5));
#1987=CARTESIAN_POINT('Ctrl Pts',(21.9433167571019,61.0055125292999,2.5));
#1988=CARTESIAN_POINT('Ctrl Pts',(20.5132309357417,59.0705555850497,2.5));
#1989=CARTESIAN_POINT('Ctrl Pts',(18.5616490150589,57.6310245095464,2.5));
#1990=CARTESIAN_POINT('Ctrl Pts',(17.0936084069853,57.037939610883,2.49999999999999));
#1991=CARTESIAN_POINT('Ctrl Pts',(16.3464006148731,56.8011171041408,2.49999999999999));
#1992=CARTESIAN_POINT('Ctrl Pts',(24.8896299840728,69.7565115491979,2.5));
#1993=CARTESIAN_POINT('Ctrl Pts',(24.6319278437352,69.0354611868318,2.5));
#1994=CARTESIAN_POINT('Ctrl Pts',(23.8857121335249,66.8691134543483,2.5));
#1995=CARTESIAN_POINT('Ctrl Pts',(22.9525687953822,63.9546574932863,2.5));
#1996=CARTESIAN_POINT('Ctrl Pts',(21.6488623583556,61.1729740579404,2.5));
#1997=CARTESIAN_POINT('Ctrl Pts',(20.2702314799396,59.3111970720029,2.5));
#1998=CARTESIAN_POINT('Ctrl Pts',(18.4007818781548,57.9311548221061,2.5));
#1999=CARTESIAN_POINT('Ctrl Pts',(16.9746365733296,57.3533332111313,2.49999999999999));
#2000=CARTESIAN_POINT('Ctrl Pts',(16.2447034333697,57.1219857897254,2.49999999999999));
#2001=CARTESIAN_POINT('',(24.8896299840728,69.7565115491979,2.5));
#2002=CARTESIAN_POINT('Ctrl Pts',(16.2447034333697,57.1219857897254,2.49999999999999));
#2003=CARTESIAN_POINT('Ctrl Pts',(16.9746365733296,57.3533332111313,2.49999999999999));
#2004=CARTESIAN_POINT('Ctrl Pts',(18.4007818781548,57.9311548221061,2.5));
#2005=CARTESIAN_POINT('Ctrl Pts',(20.2702314799396,59.3111970720029,2.5));
#2006=CARTESIAN_POINT('Ctrl Pts',(21.6488623583556,61.1729740579404,2.5));
#2007=CARTESIAN_POINT('Ctrl Pts',(22.9525687953822,63.9546574932863,2.5));
#2008=CARTESIAN_POINT('Ctrl Pts',(23.8857121335249,66.8691134543483,2.5));
#2009=CARTESIAN_POINT('Ctrl Pts',(24.6319278437352,69.0354611868318,2.5));
#2010=CARTESIAN_POINT('Ctrl Pts',(24.8896299840728,69.7565115491979,2.5));
#2011=CARTESIAN_POINT('Origin',(24.8896299840728,69.7565115491979,4.));
#2012=CARTESIAN_POINT('Ctrl Pts',(23.3760060794828,72.5158854985714,1.48387335055026));
#2013=CARTESIAN_POINT('Ctrl Pts',(23.4022502619126,72.4290522141897,1.52511813674716));
#2014=CARTESIAN_POINT('Ctrl Pts',(23.4629995612745,72.2615187119756,1.60659228853166));
#2015=CARTESIAN_POINT('Ctrl Pts',(23.5691831020572,72.0007032472191,1.76406993491925));
#2016=CARTESIAN_POINT('Ctrl Pts',(23.6153354015958,71.7882786315041,1.94777602716831));
#2017=CARTESIAN_POINT('Ctrl Pts',(23.5794387599987,71.4941818167696,2.20395675347237));
#2018=CARTESIAN_POINT('Ctrl Pts',(23.4106973228306,71.1365007113979,2.43538024709949));
#2019=CARTESIAN_POINT('Ctrl Pts',(23.1933195496433,70.8513137026602,2.50000000000013));
#2020=CARTESIAN_POINT('Ctrl Pts',(23.0724758805231,70.7188460925873,2.5));
#2021=CARTESIAN_POINT('Ctrl Pts',(23.2394031792389,72.7516183517701,1.54465893647961));
#2022=CARTESIAN_POINT('Ctrl Pts',(23.2452584164708,72.6705661188863,1.58736560792903));
#2023=CARTESIAN_POINT('Ctrl Pts',(23.2629198031177,72.5103380438233,1.66919211671359));
#2024=CARTESIAN_POINT('Ctrl Pts',(23.2967167084012,72.2482136129864,1.81936573531979));
#2025=CARTESIAN_POINT('Ctrl Pts',(23.2939045902652,72.0266301705703,1.99110627556806));
#2026=CARTESIAN_POINT('Ctrl Pts',(23.2183851019114,71.7289159968845,2.2280372507963));
#2027=CARTESIAN_POINT('Ctrl Pts',(23.0383339371903,71.3865721570946,2.43599707329206));
#2028=CARTESIAN_POINT('Ctrl Pts',(22.8365488051275,71.1267299644102,2.49734203866401));
#2029=CARTESIAN_POINT('Ctrl Pts',(22.7267629904084,71.0050332613947,2.50000000000002));
#2030=CARTESIAN_POINT('Ctrl Pts',(23.1201886130691,73.2210637155462,1.6960569650785));
#2031=CARTESIAN_POINT('Ctrl Pts',(23.1003030878669,73.1617952519976,1.75036472995699));
#2032=CARTESIAN_POINT('Ctrl Pts',(23.0608290482992,73.0416965773808,1.85371137618747));
#2033=CARTESIAN_POINT('Ctrl Pts',(22.9873802867573,72.8283066460262,2.04185192219399));
#2034=CARTESIAN_POINT('Ctrl Pts',(22.8967962293454,72.6191766322161,2.25482599536046));
#2035=CARTESIAN_POINT('Ctrl Pts',(22.7296860144684,72.3108536680418,2.54662010337256));
#2036=CARTESIAN_POINT('Ctrl Pts',(22.4782858299646,71.9326835890541,2.7995864280165));
#2037=CARTESIAN_POINT('Ctrl Pts',(22.2470577361283,71.6408425218897,2.8724214049142));
#2038=CARTESIAN_POINT('Ctrl Pts',(22.1281908146614,71.5005417633977,2.87652143237726));
#2039=CARTESIAN_POINT('Ctrl Pts',(23.2403990646231,73.6670781798948,1.88626296883226));
#2040=CARTESIAN_POINT('Ctrl Pts',(23.220820375242,73.6310915429267,1.96031111368619));
#2041=CARTESIAN_POINT('Ctrl Pts',(23.179690734456,73.5560491702897,2.10539539434258));
#2042=CARTESIAN_POINT('Ctrl Pts',(23.0936470781316,73.4024049324126,2.38239441969561));
#2043=CARTESIAN_POINT('Ctrl Pts',(22.9778201591885,73.2018063002838,2.70358564730664));
#2044=CARTESIAN_POINT('Ctrl Pts',(22.7587589907045,72.8392956930602,3.14993140453007));
#2045=CARTESIAN_POINT('Ctrl Pts',(22.4173870468727,72.317094121707,3.54996382235237));
#2046=CARTESIAN_POINT('Ctrl Pts',(22.0880766410679,71.8820314171316,3.66218314392194));
#2047=CARTESIAN_POINT('Ctrl Pts',(21.9170156581237,71.6753562464553,3.66340078711539));
#2048=CARTESIAN_POINT('Ctrl Pts',(23.3310432877794,73.8373043860048,1.96774670110053));
#2049=CARTESIAN_POINT('Ctrl Pts',(23.3159035078881,73.8088724881685,2.05023627349431));
#2050=CARTESIAN_POINT('Ctrl Pts',(23.2832448522257,73.7479124125263,2.21318457706333));
#2051=CARTESIAN_POINT('Ctrl Pts',(23.2082661457148,73.6100114542547,2.52813986983849));
#2052=CARTESIAN_POINT('Ctrl Pts',(23.0938949878123,73.4046716038343,2.89555205433672));
#2053=CARTESIAN_POINT('Ctrl Pts',(22.8634364020845,73.0091504784468,3.40791350694475));
#2054=CARTESIAN_POINT('Ctrl Pts',(22.4883504746391,72.415305810376,3.8707604941989));
#2055=CARTESIAN_POINT('Ctrl Pts',(22.1135628796455,71.9127844591856,4.00000000000026));
#2056=CARTESIAN_POINT('Ctrl Pts',(21.9170156581235,71.6753562464551,4.));
#2057=CARTESIAN_POINT('',(23.2116671870336,73.6168578500106,2.49999999999999));
#2058=CARTESIAN_POINT('',(23.3760060858386,72.5158854876033,1.48387334772206));
#2059=CARTESIAN_POINT('Ctrl Pts',(23.2116671870336,73.6168578500105,2.50000000000001));
#2060=CARTESIAN_POINT('Ctrl Pts',(23.1827370894764,73.5643359316649,2.50000000000001));
#2061=CARTESIAN_POINT('Ctrl Pts',(23.156311062612,73.5107954944622,2.48914142410339));
#2062=CARTESIAN_POINT('Ctrl Pts',(23.1072019612951,73.3919710555884,2.44824642447825));
#2063=CARTESIAN_POINT('Ctrl Pts',(23.0850604704976,73.322795283178,2.41280177984764));
#2064=CARTESIAN_POINT('Ctrl Pts',(23.0593168437471,73.1803107331716,2.31731056808077));
#2065=CARTESIAN_POINT('Ctrl Pts',(23.0541549684792,73.0991553555249,2.25204641987678));
#2066=CARTESIAN_POINT('Ctrl Pts',(23.0833264797146,72.9209994782063,2.0700178181266));
#2067=CARTESIAN_POINT('Ctrl Pts',(23.1171947674321,72.8417659197536,1.96866091435669));
#2068=CARTESIAN_POINT('Ctrl Pts',(23.2225320111583,72.6728437603323,1.72482030611219));
#2069=CARTESIAN_POINT('Ctrl Pts',(23.301775040343,72.5925592455063,1.58319675160788));
#2070=CARTESIAN_POINT('Ctrl Pts',(23.3744783741051,72.5174635684837,1.48590535559975));
#2071=CARTESIAN_POINT('Ctrl Pts',(23.3752415242614,72.5166752770745,1.48488821505352));
#2072=CARTESIAN_POINT('Ctrl Pts',(23.3760060886855,72.5158854681227,1.48387336501303));
#2073=CARTESIAN_POINT('Ctrl Pts',(23.3760060821325,72.5158854898045,1.48387335471443));
#2074=CARTESIAN_POINT('Ctrl Pts',(23.4022502619126,72.4290522141897,1.52511813674716));
#2075=CARTESIAN_POINT('Ctrl Pts',(23.4629995612745,72.2615187119756,1.60659228853166));
#2076=CARTESIAN_POINT('Ctrl Pts',(23.5691831020572,72.0007032472191,1.76406993491925));
#2077=CARTESIAN_POINT('Ctrl Pts',(23.6153354015958,71.7882786315041,1.94777602716831));
#2078=CARTESIAN_POINT('Ctrl Pts',(23.5794387599987,71.4941818167696,2.20395675347237));
#2079=CARTESIAN_POINT('Ctrl Pts',(23.4106973228306,71.1365007113979,2.43538024709949));
#2080=CARTESIAN_POINT('Ctrl Pts',(23.1933195496433,70.8513137026602,2.50000000000013));
#2081=CARTESIAN_POINT('Ctrl Pts',(23.0724758805231,70.7188460925873,2.5));
#2082=CARTESIAN_POINT('Ctrl Pts',(21.9170156581235,71.6753562464551,4.));
#2083=CARTESIAN_POINT('Ctrl Pts',(22.1135628796455,71.9127844591856,4.00000000000026));
#2084=CARTESIAN_POINT('Ctrl Pts',(22.4883504746391,72.415305810376,3.8707604941989));
#2085=CARTESIAN_POINT('Ctrl Pts',(22.8634364020845,73.0091504784468,3.40791350694475));
#2086=CARTESIAN_POINT('Ctrl Pts',(23.0873298749276,73.3934043263394,2.91014778208343));
#2087=CARTESIAN_POINT('Ctrl Pts',(23.1748889231442,73.5501162135282,2.63499267719393));
#2088=CARTESIAN_POINT('Ctrl Pts',(23.2116624931127,73.616874413597,2.50000751548002));
#2089=CARTESIAN_POINT('Ctrl Pts',(27.2825214920255,71.8264100723522,2.19252105131604));
#2090=CARTESIAN_POINT('Ctrl Pts',(27.2251250805152,71.6857672073787,2.49100546840389));
#2091=CARTESIAN_POINT('Ctrl Pts',(27.1198630589779,71.4248069557522,2.9085824178427));
#2092=CARTESIAN_POINT('Ctrl Pts',(26.8099422282414,70.6368006252602,3.70724235786044));
#2093=CARTESIAN_POINT('Ctrl Pts',(26.5241445913318,69.872887712673,4.));
#2094=CARTESIAN_POINT('Ctrl Pts',(26.3021285513937,69.2516870278873,4.));
#2095=CARTESIAN_POINT('Ctrl Pts',(27.1840485374746,71.5851141779572,2.05608949592505));
#2096=CARTESIAN_POINT('Ctrl Pts',(27.1177959231152,71.4193442960297,2.31276100856469));
#2097=CARTESIAN_POINT('Ctrl Pts',(27.0083544214407,71.1432506549391,2.65876821150308));
#2098=CARTESIAN_POINT('Ctrl Pts',(26.7329598380584,70.4261571310742,3.31490175051422));
#2099=CARTESIAN_POINT('Ctrl Pts',(26.4901165440914,69.7781263706732,3.55489384076435));
#2100=CARTESIAN_POINT('Ctrl Pts',(26.3021285513937,69.2516870278873,3.55120104948717));
#2101=CARTESIAN_POINT('Ctrl Pts',(26.8676038618607,71.2226299139722,1.81780410310081));
#2102=CARTESIAN_POINT('Ctrl Pts',(26.7413336966844,71.0317201792577,2.00203476324911));
#2103=CARTESIAN_POINT('Ctrl Pts',(26.5563939259605,70.7586645870661,2.22368495380836));
#2104=CARTESIAN_POINT('Ctrl Pts',(26.260840132399,70.1935492757231,2.63734828523514));
#2105=CARTESIAN_POINT('Ctrl Pts',(26.0846585246746,69.7427804340272,2.78371662754858));
#2106=CARTESIAN_POINT('Ctrl Pts',(25.9475676392234,69.3784064787264,2.77414738968484));
#2107=CARTESIAN_POINT('Ctrl Pts',(26.3919542040734,71.0684183172513,1.64897513349308));
#2108=CARTESIAN_POINT('Ctrl Pts',(26.1741605777229,70.9186618587717,1.80112925269396));
#2109=CARTESIAN_POINT('Ctrl Pts',(25.8805205800285,70.7440256611903,1.99738220149793));
#2110=CARTESIAN_POINT('Ctrl Pts',(25.5045642236749,70.3316822500583,2.36902621387669));
#2111=CARTESIAN_POINT('Ctrl Pts',(25.3343628285887,69.9522970607542,2.50429309981221));
#2112=CARTESIAN_POINT('Ctrl Pts',(25.2065939213801,69.6432291915193,2.5));
#2113=CARTESIAN_POINT('Ctrl Pts',(26.1788294952981,71.0466349165896,1.59626052565802));
#2114=CARTESIAN_POINT('Ctrl Pts',(25.9255680502837,70.9269252071658,1.74550273420189));
#2115=CARTESIAN_POINT('Ctrl Pts',(25.5984216595843,70.8074023475192,1.95429120892134));
#2116=CARTESIAN_POINT('Ctrl Pts',(25.1975687373169,70.4472245802419,2.35362117893056));
#2117=CARTESIAN_POINT('Ctrl Pts',(25.0209179741683,70.0675051554495,2.5));
#2118=CARTESIAN_POINT('Ctrl Pts',(24.8896299840729,69.756511549198,2.5));
#2119=CARTESIAN_POINT('',(26.178829495292,71.0466349165889,1.59626052565653));
#2120=CARTESIAN_POINT('Ctrl Pts',(26.1788294952843,71.046634916583,1.59626052566611));
#2121=CARTESIAN_POINT('Ctrl Pts',(26.1801554286099,71.0464168344665,1.5973870373072));
#2122=CARTESIAN_POINT('Ctrl Pts',(26.1814799917023,71.0461998124536,1.59851548985835));
#2123=CARTESIAN_POINT('Ctrl Pts',(26.2576676734181,71.0337672123433,1.66359592898462));
#2124=CARTESIAN_POINT('Ctrl Pts',(26.3454789226988,71.0219949063169,1.74823841176982));
#2125=CARTESIAN_POINT('Ctrl Pts',(26.5421005449419,71.0284141190075,1.93869749892328));
#2126=CARTESIAN_POINT('Ctrl Pts',(26.6421603139556,71.048736722697,2.03601967049792));
#2127=CARTESIAN_POINT('Ctrl Pts',(26.831377011523,71.1366705461992,2.21631112915082));
#2128=CARTESIAN_POINT('Ctrl Pts',(26.9081048218984,71.1961288062187,2.28804943331152));
#2129=CARTESIAN_POINT('Ctrl Pts',(27.0331282125103,71.3270028001797,2.39853706000941));
#2130=CARTESIAN_POINT('Ctrl Pts',(27.0838795924922,71.3994348081723,2.43973674957279));
#2131=CARTESIAN_POINT('Ctrl Pts',(27.1622124330308,71.5381179607135,2.48847804815425));
#2132=CARTESIAN_POINT('Ctrl Pts',(27.1917787189221,71.602707757141,2.49999999999998));
#2133=CARTESIAN_POINT('Ctrl Pts',(27.2170965956093,71.6653347482307,2.49999999999998));
#2134=CARTESIAN_POINT('Ctrl Pts',(24.8896299840729,69.756511549198,2.5));
#2135=CARTESIAN_POINT('Ctrl Pts',(25.0209179741683,70.0675051554495,2.5));
#2136=CARTESIAN_POINT('Ctrl Pts',(25.1975687373169,70.4472245802419,2.35362117893056));
#2137=CARTESIAN_POINT('Ctrl Pts',(25.5984216595843,70.8074023475192,1.95429120892134));
#2138=CARTESIAN_POINT('Ctrl Pts',(25.9255680502837,70.9269252071658,1.74550273420189));
#2139=CARTESIAN_POINT('Ctrl Pts',(26.1788294952981,71.0466349165896,1.59626052565802));
#2140=CARTESIAN_POINT('Ctrl Pts',(26.463939501668,69.7000890875106,2.5));
#2141=CARTESIAN_POINT('Ctrl Pts',(26.5092981724116,69.8245426175727,2.5));
#2142=CARTESIAN_POINT('Ctrl Pts',(26.6179347762349,70.1204531221902,2.5));
#2143=CARTESIAN_POINT('Ctrl Pts',(26.7803879319739,70.5522466587802,2.5));
#2144=CARTESIAN_POINT('Ctrl Pts',(26.9213511594456,70.9187734264703,2.5));
#2145=CARTESIAN_POINT('Ctrl Pts',(27.0692122613659,71.2973727020766,2.5));
#2146=CARTESIAN_POINT('Ctrl Pts',(27.2256365973001,71.6885891384349,2.5));
#2147=CARTESIAN_POINT('Ctrl Pts',(27.3934010397733,72.0968998933985,2.5));
#2148=CARTESIAN_POINT('Ctrl Pts',(27.482560159569,72.3099816448251,2.5));
#2149=CARTESIAN_POINT('Ctrl Pts',(27.5336833198176,72.4308067252271,2.5));
#2150=CARTESIAN_POINT('Ctrl Pts',(27.5349248247234,72.4337400521163,2.5));
#2151=CARTESIAN_POINT('Ctrl Pts',(27.5361637650645,72.43666656105,2.5));
#2152=CARTESIAN_POINT('Ctrl Pts',(26.3709743808023,70.1391539850871,2.5));
#2153=CARTESIAN_POINT('Ctrl Pts',(26.3878324744969,70.2355829166483,2.46533685362913));
#2154=CARTESIAN_POINT('Ctrl Pts',(26.4850070454179,70.4572631057388,2.39102148979462));
#2155=CARTESIAN_POINT('Ctrl Pts',(26.6934963377431,70.7914891767102,2.35364225929461));
#2156=CARTESIAN_POINT('Ctrl Pts',(26.8723289145095,71.0870947696494,2.35842791135041));
#2157=CARTESIAN_POINT('Ctrl Pts',(27.0540574008657,71.4011472512925,2.38112521768358));
#2158=CARTESIAN_POINT('Ctrl Pts',(27.2290529019819,71.7389890692433,2.42662148690554));
#2159=CARTESIAN_POINT('Ctrl Pts',(27.3977470374616,72.109666117514,2.47334685023471));
#2160=CARTESIAN_POINT('Ctrl Pts',(27.4827650989183,72.3104310821587,2.49690658170928));
#2161=CARTESIAN_POINT('Ctrl Pts',(27.5336851972958,72.4308118337283,2.49993025027728));
#2162=CARTESIAN_POINT('Ctrl Pts',(27.5349250347777,72.4337405482869,2.49998222432444));
#2163=CARTESIAN_POINT('Ctrl Pts',(27.5361637650645,72.43666656105,2.5));
#2164=CARTESIAN_POINT('Ctrl Pts',(26.2100142497195,70.8993524639328,2.12347282510676));
#2165=CARTESIAN_POINT('Ctrl Pts',(26.2293224795588,70.9314069168705,2.07000332946355));
#2166=CARTESIAN_POINT('Ctrl Pts',(26.3644497957637,71.005458547653,1.9800239078617));
#2167=CARTESIAN_POINT('Ctrl Pts',(26.6365824018891,71.1761076010314,1.99367643748997));
#2168=CARTESIAN_POINT('Ctrl Pts',(26.8528427364541,71.3580305667657,2.06396951292045));
#2169=CARTESIAN_POINT('Ctrl Pts',(27.0618638266073,71.570885285677,2.16371215958395));
#2170=CARTESIAN_POINT('Ctrl Pts',(27.2449025697646,71.8238933224783,2.29841802953785));
#2171=CARTESIAN_POINT('Ctrl Pts',(27.405709890265,72.1323388677943,2.42809450602433));
#2172=CARTESIAN_POINT('Ctrl Pts',(27.4831070211574,72.3112678402636,2.49160719511249));
#2173=CARTESIAN_POINT('Ctrl Pts',(27.533688765596,72.430819995938,2.49980644928537));
#2174=CARTESIAN_POINT('Ctrl Pts',(27.5349254023728,72.4337414165856,2.49995111689221));
#2175=CARTESIAN_POINT('Ctrl Pts',(27.5361637650645,72.43666656105,2.5));
#2176=CARTESIAN_POINT('Ctrl Pts',(26.153226472729,71.1675554120468,1.33659921288462));
#2177=CARTESIAN_POINT('Ctrl Pts',(26.2507219375556,71.1879076118502,1.32071961987609));
#2178=CARTESIAN_POINT('Ctrl Pts',(26.479784144118,71.2516755468211,1.35828770087039));
#2179=CARTESIAN_POINT('Ctrl Pts',(26.7568418485271,71.3942301430544,1.53536647504461));
#2180=CARTESIAN_POINT('Ctrl Pts',(26.9515048703046,71.5383372340803,1.7240287100864));
#2181=CARTESIAN_POINT('Ctrl Pts',(27.1292625191026,71.7047930186779,1.9331189777858));
#2182=CARTESIAN_POINT('Ctrl Pts',(27.2782748765491,71.8997561163228,2.16782616330012));
#2183=CARTESIAN_POINT('Ctrl Pts',(27.4145943627186,72.1542534887035,2.38228510476026));
#2184=CARTESIAN_POINT('Ctrl Pts',(27.4834477789361,72.3120649851637,2.48624936485441));
#2185=CARTESIAN_POINT('Ctrl Pts',(27.5336923982094,72.4308287435428,2.49968354100932));
#2186=CARTESIAN_POINT('Ctrl Pts',(27.5349257699678,72.4337422848842,2.49992000945997));
#2187=CARTESIAN_POINT('Ctrl Pts',(27.5361637650645,72.43666656105,2.5));
#2188=CARTESIAN_POINT('Ctrl Pts',(26.153226472729,71.1675554120468,1.));
#2189=CARTESIAN_POINT('Ctrl Pts',(26.2901528028562,71.196547419607,1.));
#2190=CARTESIAN_POINT('Ctrl Pts',(26.5641090553468,71.2873902897044,1.09188901732042));
#2191=CARTESIAN_POINT('Ctrl Pts',(26.8360871147674,71.4501665157386,1.33873792211389));
#2192=CARTESIAN_POINT('Ctrl Pts',(27.0129886451975,71.5959306224746,1.57811759869216));
#2193=CARTESIAN_POINT('Ctrl Pts',(27.1683909823074,71.7553365359895,1.83408695001591));
#2194=CARTESIAN_POINT('Ctrl Pts',(27.2956723493992,71.9308628134353,2.11177292682587));
#2195=CARTESIAN_POINT('Ctrl Pts',(27.418535339443,72.1637578154322,2.36259728876683));
#2196=CARTESIAN_POINT('Ctrl Pts',(27.4835898697411,72.3124212274306,2.48394826315138));
#2197=CARTESIAN_POINT('Ctrl Pts',(27.5336940239382,72.4308322661892,2.49963094056067));
#2198=CARTESIAN_POINT('Ctrl Pts',(27.5349259275086,72.4337426570122,2.4999066777033));
#2199=CARTESIAN_POINT('Ctrl Pts',(27.5361637650645,72.43666656105,2.5));
#2200=CARTESIAN_POINT('',(26.153226472729,71.1675554120468,1.));
#2201=CARTESIAN_POINT('Origin',(26.463939501668,69.7000890875106,1.));
#2202=CARTESIAN_POINT('Ctrl Pts',(26.153226472729,71.1675554120468,1.));
#2203=CARTESIAN_POINT('Ctrl Pts',(26.2901528028562,71.196547419607,1.));
#2204=CARTESIAN_POINT('Ctrl Pts',(26.5641090553468,71.2873902897044,1.09188901732042));
#2205=CARTESIAN_POINT('Ctrl Pts',(26.8360871147674,71.4501665157386,1.33873792211389));
#2206=CARTESIAN_POINT('Ctrl Pts',(27.0129886451975,71.5959306224746,1.57811759869216));
#2207=CARTESIAN_POINT('Ctrl Pts',(27.1683909823074,71.7553365359895,1.83408695001591));
#2208=CARTESIAN_POINT('Ctrl Pts',(27.2956723493992,71.9308628134353,2.11177292682587));
#2209=CARTESIAN_POINT('Ctrl Pts',(27.418535339443,72.1637578154322,2.36259728876683));
#2210=CARTESIAN_POINT('Ctrl Pts',(27.4835898697411,72.3124212274306,2.48394826315138));
#2211=CARTESIAN_POINT('Ctrl Pts',(27.5336940239382,72.4308322661892,2.49963094056067));
#2212=CARTESIAN_POINT('Ctrl Pts',(27.5349259275086,72.4337426570122,2.4999066777033));
#2213=CARTESIAN_POINT('Ctrl Pts',(27.5361637650645,72.43666656105,2.5));
#2214=CARTESIAN_POINT('Ctrl Pts',(26.153226472729,71.1675554120468,1.));
#2215=CARTESIAN_POINT('Ctrl Pts',(25.949099676084,71.1243347573627,1.));
#2216=CARTESIAN_POINT('Ctrl Pts',(25.6147689826541,71.1120060508233,1.));
#2217=CARTESIAN_POINT('Ctrl Pts',(25.242837783956,71.2084656941623,1.));
#2218=CARTESIAN_POINT('Ctrl Pts',(24.9710337654168,71.3293255074691,1.));
#2219=CARTESIAN_POINT('Ctrl Pts',(24.8131337869983,71.4167084141031,1.));
#2220=CARTESIAN_POINT('Ctrl Pts',(24.7051169010328,71.4781864565141,1.));
#2221=CARTESIAN_POINT('Ctrl Pts',(26.153226472729,71.1675554120468,1.44879895051283));
#2222=CARTESIAN_POINT('Ctrl Pts',(25.9496220650361,71.1244453650482,1.44879895051283));
#2223=CARTESIAN_POINT('Ctrl Pts',(25.614288079161,71.1124665209596,1.44879895051283));
#2224=CARTESIAN_POINT('Ctrl Pts',(25.2429203420145,71.2087114257702,1.44879895051283));
#2225=CARTESIAN_POINT('Ctrl Pts',(24.9712341314792,71.329372358033,1.44879895051283));
#2226=CARTESIAN_POINT('Ctrl Pts',(24.8131337869983,71.4167084141031,1.44879895051283));
#2227=CARTESIAN_POINT('Ctrl Pts',(24.7051169010328,71.4781864565141,1.44879895051283));
#2228=CARTESIAN_POINT('Ctrl Pts',(26.2312197590769,70.7992009801573,2.22585628220371));
#2229=CARTESIAN_POINT('Ctrl Pts',(25.9866257672774,70.7474120301953,2.22585628220371));
#2230=CARTESIAN_POINT('Ctrl Pts',(25.578252551468,70.731104504594,2.2258562822037));
#2231=CARTESIAN_POINT('Ctrl Pts',(25.1171335702307,70.8515857817766,2.2258562822037));
#2232=CARTESIAN_POINT('Ctrl Pts',(24.7995224161489,70.9935978586063,2.22585628220371));
#2233=CARTESIAN_POINT('Ctrl Pts',(24.6268889692551,71.0894763739974,2.2258562822037));
#2234=CARTESIAN_POINT('Ctrl Pts',(24.5188720832895,71.1509544164084,2.2258562822037));
#2235=CARTESIAN_POINT('Ctrl Pts',(26.3942156610188,70.029387760693,2.5));
#2236=CARTESIAN_POINT('Ctrl Pts',(26.0654068077566,69.9597676317464,2.5));
#2237=CARTESIAN_POINT('Ctrl Pts',(25.5016098698485,69.9353835503508,2.5));
#2238=CARTESIAN_POINT('Ctrl Pts',(24.8544843059618,70.1059204555766,2.5));
#2239=CARTESIAN_POINT('Ctrl Pts',(24.4412225149029,70.2920023641827,2.5));
#2240=CARTESIAN_POINT('Ctrl Pts',(24.2376613386276,70.4056036457299,2.5));
#2241=CARTESIAN_POINT('Ctrl Pts',(24.1296444526621,70.4670816881409,2.5));
#2242=CARTESIAN_POINT('Ctrl Pts',(26.463939501668,69.7000890875106,2.5));
#2243=CARTESIAN_POINT('Ctrl Pts',(26.0991728295708,69.6228554531517,2.5));
#2244=CARTESIAN_POINT('Ctrl Pts',(25.4687638269113,69.5950609116968,2.5));
#2245=CARTESIAN_POINT('Ctrl Pts',(24.7421427845972,69.7869825779799,2.5));
#2246=CARTESIAN_POINT('Ctrl Pts',(24.2879800098918,69.9918907497785,2.5));
#2247=CARTESIAN_POINT('Ctrl Pts',(24.0711636232198,70.1130672533297,2.5));
#2248=CARTESIAN_POINT('Ctrl Pts',(23.9631467372542,70.1745452957407,2.5));
#2249=CARTESIAN_POINT('',(23.9631467372542,70.1745452957408,2.5));
#2250=CARTESIAN_POINT('Ctrl Pts',(24.8896637616849,69.7567610350974,2.5));
#2251=CARTESIAN_POINT('Ctrl Pts',(24.8023328276249,69.782470985554,2.5));
#2252=CARTESIAN_POINT('Ctrl Pts',(24.5981466029101,69.8519504616965,2.5));
#2253=CARTESIAN_POINT('Ctrl Pts',(24.2879800098918,69.9918907497785,2.5));
#2254=CARTESIAN_POINT('Ctrl Pts',(24.0711636232198,70.1130672533297,2.5));
#2255=CARTESIAN_POINT('Ctrl Pts',(23.9631467372542,70.1745452957407,2.5));
#2256=CARTESIAN_POINT('',(24.7051169010328,71.4781864565141,1.));
#2257=CARTESIAN_POINT('Origin',(23.9631467372542,70.1745452957408,1.));
#2258=CARTESIAN_POINT('Ctrl Pts',(24.7051169010328,71.4781864565141,1.));
#2259=CARTESIAN_POINT('Ctrl Pts',(24.8131337869983,71.4167084141031,1.));
#2260=CARTESIAN_POINT('Ctrl Pts',(24.9710337654168,71.3293255074691,1.));
#2261=CARTESIAN_POINT('Ctrl Pts',(25.242837783956,71.2084656941623,1.));
#2262=CARTESIAN_POINT('Ctrl Pts',(25.6147689826541,71.1120060508233,1.));
#2263=CARTESIAN_POINT('Ctrl Pts',(25.949099676084,71.1243347573627,1.));
#2264=CARTESIAN_POINT('Ctrl Pts',(26.153226472729,71.1675554120468,1.));
#2265=CARTESIAN_POINT('Origin',(24.4538557262881,78.9660164859807,2.5));
#2266=CARTESIAN_POINT('',(23.6278248297688,70.365394478861,2.5));
#2267=CARTESIAN_POINT('Ctrl Pts',(23.6278248297688,70.365394478861,2.5));
#2268=CARTESIAN_POINT('Ctrl Pts',(23.4453337893536,70.4692596460705,2.5));
#2269=CARTESIAN_POINT('Ctrl Pts',(23.256791204357,70.5828695475648,2.5));
#2270=CARTESIAN_POINT('Ctrl Pts',(23.0803557081808,70.7137098180375,2.5));
#2271=CARTESIAN_POINT('Ctrl Pts',(23.0726599559812,70.719467139109,2.5));
#2272=CARTESIAN_POINT('',(21.2242093312619,71.7334173970925,2.5));
#2273=CARTESIAN_POINT('',(11.2340465807894,61.8883172798499,2.5));
#2274=CARTESIAN_POINT('Origin',(14.7340465807894,61.8883172798499,2.5));
#2275=CARTESIAN_POINT('Ctrl Pts',(29.3401534714595,94.7641972112343,2.5));
#2276=CARTESIAN_POINT('Ctrl Pts',(29.8090388262889,92.9929350201164,2.5));
#2277=CARTESIAN_POINT('Ctrl Pts',(30.0036105867454,89.7413796853139,2.5));
#2278=CARTESIAN_POINT('Ctrl Pts',(29.3004733701232,86.5985751457511,2.5));
#2279=CARTESIAN_POINT('Ctrl Pts',(28.9528512275637,85.2690651192999,2.5));
#2280=CARTESIAN_POINT('Ctrl Pts',(28.9062985027078,94.6493479009584,2.5));
#2281=CARTESIAN_POINT('Ctrl Pts',(29.3613936069286,92.9301797862655,2.5));
#2282=CARTESIAN_POINT('Ctrl Pts',(29.551132234414,89.7922858611837,2.5));
#2283=CARTESIAN_POINT('Ctrl Pts',(28.8630033322355,86.6996065263535,2.5));
#2284=CARTESIAN_POINT('Ctrl Pts',(28.5186489704586,85.3825944014534,2.5));
#2285=CARTESIAN_POINT('Ctrl Pts',(28.1551493850697,94.4505050518762,2.87656302962028));
#2286=CARTESIAN_POINT('Ctrl Pts',(28.5865589600815,92.8208114365091,2.87656302962028));
#2287=CARTESIAN_POINT('Ctrl Pts',(28.7679568789395,89.880233678215,2.87656302962028));
#2288=CARTESIAN_POINT('Ctrl Pts',(28.1056403446022,86.874698114848,2.87656302962028));
#2289=CARTESIAN_POINT('Ctrl Pts',(27.7668985796788,85.5791518371355,2.87656302962028));
#2290=CARTESIAN_POINT('Ctrl Pts',(27.8901000513613,94.3803416669712,3.66340078711538));
#2291=CARTESIAN_POINT('Ctrl Pts',(28.3130644646785,92.7825505101762,3.66340078711538));
#2292=CARTESIAN_POINT('Ctrl Pts',(28.4915068255747,89.9113533580666,3.66340078711538));
#2293=CARTESIAN_POINT('Ctrl Pts',(27.8383776547212,86.9364013462747,3.66340078711538));
#2294=CARTESIAN_POINT('Ctrl Pts',(27.5016370816453,85.6485087945486,3.66340078711538));
#2295=CARTESIAN_POINT('Ctrl Pts',(27.8901000513613,94.3803416669712,4.));
#2296=CARTESIAN_POINT('Ctrl Pts',(28.3130997085261,92.7824173729516,4.));
#2297=CARTESIAN_POINT('Ctrl Pts',(28.491547090198,89.9113185067804,4.));
#2298=CARTESIAN_POINT('Ctrl Pts',(27.8383860062132,86.9364332872561,4.));
#2299=CARTESIAN_POINT('Ctrl Pts',(27.5016370816453,85.6485087945486,4.));
#2300=CARTESIAN_POINT('',(28.9528512275637,85.2690651192999,2.5));
#2301=CARTESIAN_POINT('',(27.5016370816453,85.6485087945486,4.));
#2302=CARTESIAN_POINT('Origin',(28.9528512275637,85.2690651192999,4.));
#2303=CARTESIAN_POINT('Ctrl Pts',(27.5016370816453,85.6485087945486,4.));
#2304=CARTESIAN_POINT('Ctrl Pts',(27.8383860062132,86.9364332872561,4.));
#2305=CARTESIAN_POINT('Ctrl Pts',(28.491547090198,89.9113185067804,4.));
#2306=CARTESIAN_POINT('Ctrl Pts',(28.3130997085261,92.7824173729516,4.));
#2307=CARTESIAN_POINT('Ctrl Pts',(27.8901000513613,94.3803416669712,4.));
#2308=CARTESIAN_POINT('',(29.3401534714595,94.7641972112343,2.5));
#2309=CARTESIAN_POINT('Origin',(29.3401534714595,94.7641972112343,4.));
#2310=CARTESIAN_POINT('Ctrl Pts',(29.3401534714595,94.7641972112343,2.5));
#2311=CARTESIAN_POINT('Ctrl Pts',(29.8090388262889,92.9929350201164,2.5));
#2312=CARTESIAN_POINT('Ctrl Pts',(30.0036105867454,89.7413796853139,2.5));
#2313=CARTESIAN_POINT('Ctrl Pts',(29.3004733701232,86.5985751457511,2.5));
#2314=CARTESIAN_POINT('Ctrl Pts',(28.9528512275637,85.2690651192999,2.5));
#2315=CARTESIAN_POINT('Origin',(34.1736648717868,96.0437156921115,4.));
#2316=CARTESIAN_POINT('',(39.0799936983818,95.080420594375,2.5));
#2317=CARTESIAN_POINT('Origin',(39.0799936983818,95.080420594375,4.));
#2318=CARTESIAN_POINT('Origin',(34.1736648717868,96.0437156921115,2.5));
#2319=CARTESIAN_POINT('Ctrl Pts',(40.5518923463602,94.791432065054,4.));
#2320=CARTESIAN_POINT('Ctrl Pts',(40.2847602672189,93.4308543734627,4.));
#2321=CARTESIAN_POINT('Ctrl Pts',(39.4765487767273,90.6801305920519,4.));
#2322=CARTESIAN_POINT('Ctrl Pts',(37.6100872910979,87.6476673720063,4.));
#2323=CARTESIAN_POINT('Ctrl Pts',(35.5505704122046,85.0100918326108,4.));
#2324=CARTESIAN_POINT('Ctrl Pts',(34.3178374265006,83.5314961515627,4.));
#2325=CARTESIAN_POINT('Ctrl Pts',(33.5360986795416,82.5329702154871,4.));
#2326=CARTESIAN_POINT('Ctrl Pts',(40.5518923463602,94.791432065054,3.55120104948717));
#2327=CARTESIAN_POINT('Ctrl Pts',(40.2847031018125,93.4305632142095,3.55120104948717));
#2328=CARTESIAN_POINT('Ctrl Pts',(39.476622358993,90.6798947409801,3.55120104948717));
#2329=CARTESIAN_POINT('Ctrl Pts',(37.6098769268771,87.6471016103815,3.55120104948717));
#2330=CARTESIAN_POINT('Ctrl Pts',(35.5502503284309,85.009501817607,3.55120104948717));
#2331=CARTESIAN_POINT('Ctrl Pts',(34.3177829530472,83.5314265718517,3.55120104948717));
#2332=CARTESIAN_POINT('Ctrl Pts',(33.5360986795416,82.5329702154871,3.55120104948717));
#2333=CARTESIAN_POINT('Ctrl Pts',(40.1823699052463,94.8639830840765,2.77419077627782));
#2334=CARTESIAN_POINT('Ctrl Pts',(39.9196661809678,93.5259602307367,2.77419077627782));
#2335=CARTESIAN_POINT('Ctrl Pts',(39.1285324882509,90.8356524960573,2.77419077627782));
#2336=CARTESIAN_POINT('Ctrl Pts',(37.303022560954,87.8672423750872,2.77419077627782));
#2337=CARTESIAN_POINT('Ctrl Pts',(35.2611970104752,85.2510689146678,2.77419077627782));
#2338=CARTESIAN_POINT('Ctrl Pts',(34.0255416055777,83.7690261439982,2.77419077627782));
#2339=CARTESIAN_POINT('Ctrl Pts',(33.2395830376172,82.7651101709927,2.77419077627782));
#2340=CARTESIAN_POINT('Ctrl Pts',(39.4102869826188,95.0155717200402,2.5));
#2341=CARTESIAN_POINT('Ctrl Pts',(39.1567989524317,93.7244869500397,2.5));
#2342=CARTESIAN_POINT('Ctrl Pts',(38.4014322328448,91.1604486935181,2.5));
#2343=CARTESIAN_POINT('Ctrl Pts',(36.6613032932183,88.3256583859553,2.5));
#2344=CARTESIAN_POINT('Ctrl Pts',(34.6563712286211,85.7541869138832,2.5));
#2345=CARTESIAN_POINT('Ctrl Pts',(33.4147813509491,84.2652781016117,2.5));
#2346=CARTESIAN_POINT('Ctrl Pts',(32.6200410614068,83.250145111672,2.5));
#2347=CARTESIAN_POINT('Ctrl Pts',(39.0799936983818,95.080420594375,2.5));
#2348=CARTESIAN_POINT('Ctrl Pts',(38.8304405586976,93.8093773119203,2.5));
#2349=CARTESIAN_POINT('Ctrl Pts',(38.0903920158516,91.299363811598,2.5));
#2350=CARTESIAN_POINT('Ctrl Pts',(36.3867512006531,88.5216919002034,2.5));
#2351=CARTESIAN_POINT('Ctrl Pts',(34.3975875198988,85.9693405211062,2.5));
#2352=CARTESIAN_POINT('Ctrl Pts',(33.1534939289555,84.477563077818,2.5));
#2353=CARTESIAN_POINT('Ctrl Pts',(32.3550040452417,83.4576406783159,2.5));
#2354=CARTESIAN_POINT('',(32.3550040452422,83.4576406783165,2.5));
#2355=CARTESIAN_POINT('Origin',(32.3550040452417,83.4576406783159,4.));
#2356=CARTESIAN_POINT('Ctrl Pts',(32.3550040452417,83.4576406783159,2.5));
#2357=CARTESIAN_POINT('Ctrl Pts',(33.1534939289555,84.477563077818,2.5));
#2358=CARTESIAN_POINT('Ctrl Pts',(34.3975875198988,85.9693405211062,2.5));
#2359=CARTESIAN_POINT('Ctrl Pts',(36.3867512006531,88.5216919002034,2.5));
#2360=CARTESIAN_POINT('Ctrl Pts',(38.0903920158516,91.299363811598,2.5));
#2361=CARTESIAN_POINT('Ctrl Pts',(38.8304405586976,93.8093773119203,2.5));
#2362=CARTESIAN_POINT('Ctrl Pts',(39.0799936983818,95.080420594375,2.5));
#2363=CARTESIAN_POINT('Ctrl Pts',(28.9528512275637,85.2690651192999,2.5));
#2364=CARTESIAN_POINT('Ctrl Pts',(28.8739354804275,85.0328263822976,2.5));
#2365=CARTESIAN_POINT('Ctrl Pts',(28.7197197056053,84.6415354692413,2.39616402343119));
#2366=CARTESIAN_POINT('Ctrl Pts',(28.3836240918172,84.2225681870857,2.04332968769869));
#2367=CARTESIAN_POINT('Ctrl Pts',(27.9912379110191,84.0069113700434,1.77534735900011));
#2368=CARTESIAN_POINT('Ctrl Pts',(27.7784587973633,83.8705758638829,1.63106298197488));
#2369=CARTESIAN_POINT('Ctrl Pts',(28.5186489704587,85.3825944014534,2.5));
#2370=CARTESIAN_POINT('Ctrl Pts',(28.4441854973706,85.1508270472827,2.50511796064945));
#2371=CARTESIAN_POINT('Ctrl Pts',(28.300286402442,84.7607718972289,2.414535592104));
#2372=CARTESIAN_POINT('Ctrl Pts',(27.9950201379545,84.2863225337747,2.10350651728295));
#2373=CARTESIAN_POINT('Ctrl Pts',(27.6658466293679,83.9874488777585,1.85325778912987));
#2374=CARTESIAN_POINT('Ctrl Pts',(27.496506346079,83.8186051046827,1.70481901272261));
#2375=CARTESIAN_POINT('Ctrl Pts',(27.7668885510895,85.5791544592742,2.87655058576489));
#2376=CARTESIAN_POINT('Ctrl Pts',(27.6876178418044,85.2919462106483,2.88444527517709));
#2377=CARTESIAN_POINT('Ctrl Pts',(27.5447690032868,84.8038107725958,2.77918199060708));
#2378=CARTESIAN_POINT('Ctrl Pts',(27.3149963312754,84.1720303109519,2.39881965602774));
#2379=CARTESIAN_POINT('Ctrl Pts',(27.134633019212,83.7824555868544,2.08862824163729));
#2380=CARTESIAN_POINT('Ctrl Pts',(27.0467231325873,83.5909183819385,1.9001349538583));
#2381=CARTESIAN_POINT('Ctrl Pts',(27.5016370816453,85.6485087945486,3.66340078711538));
#2382=CARTESIAN_POINT('Ctrl Pts',(27.3943750732054,85.238110119704,3.66574538478339));
#2383=CARTESIAN_POINT('Ctrl Pts',(27.2034983872381,84.5495267087194,3.48890213032568));
#2384=CARTESIAN_POINT('Ctrl Pts',(26.9684899781014,83.7412120632699,2.88045576360795));
#2385=CARTESIAN_POINT('Ctrl Pts',(26.8540946854232,83.3589683574931,2.41216396807149));
#2386=CARTESIAN_POINT('Ctrl Pts',(26.8038517430915,83.1921122164946,2.1535661526963));
#2387=CARTESIAN_POINT('Ctrl Pts',(27.5016370816453,85.6485087945486,4.));
#2388=CARTESIAN_POINT('Ctrl Pts',(27.3803860175676,85.184773935134,4.));
#2389=CARTESIAN_POINT('Ctrl Pts',(27.1645252333187,84.4102021915633,3.79232804686238));
#2390=CARTESIAN_POINT('Ctrl Pts',(26.9060764181226,83.5313623430181,3.08665937539736));
#2391=CARTESIAN_POINT('Ctrl Pts',(26.793962736382,83.1595154671717,2.55069471800022));
#2392=CARTESIAN_POINT('Ctrl Pts',(26.7476253269746,83.006775261498,2.26212596394976));
#2393=CARTESIAN_POINT('',(27.77845879741,83.8705758638915,1.63106298196265));
#2394=CARTESIAN_POINT('',(26.7890063266677,83.1434948226857,2.5));
#2395=CARTESIAN_POINT('Ctrl Pts',(27.7784587974638,83.8705758639473,1.63106298204293));
#2396=CARTESIAN_POINT('Ctrl Pts',(27.7770156116881,83.8706837099126,1.63221022794832));
#2397=CARTESIAN_POINT('Ctrl Pts',(27.7755738385908,83.8707902845672,1.63335949570554));
#2398=CARTESIAN_POINT('Ctrl Pts',(27.6994323126319,83.8763546673757,1.69421447558062));
#2399=CARTESIAN_POINT('Ctrl Pts',(27.6135158235045,83.8795388642533,1.77106733701628));
#2400=CARTESIAN_POINT('Ctrl Pts',(27.4240793477203,83.856573903017,1.94509770694339));
#2401=CARTESIAN_POINT('Ctrl Pts',(27.3291232370912,83.8289184706419,2.03453624697895));
#2402=CARTESIAN_POINT('Ctrl Pts',(27.1462539342983,83.728401657882,2.20828057833282));
#2403=CARTESIAN_POINT('Ctrl Pts',(27.0710002719103,83.6609760713513,2.2810669323681));
#2404=CARTESIAN_POINT('Ctrl Pts',(26.950947303901,83.5144572867684,2.39448201611354));
#2405=CARTESIAN_POINT('Ctrl Pts',(26.903975229142,83.4341720718058,2.43725752135849));
#2406=CARTESIAN_POINT('Ctrl Pts',(26.8344088848614,83.281787286943,2.48796351325568));
#2407=CARTESIAN_POINT('Ctrl Pts',(26.8095124681916,83.2114052093692,2.49999999999999));
#2408=CARTESIAN_POINT('Ctrl Pts',(26.7890063266677,83.1434948226857,2.49999999999999));
#2409=CARTESIAN_POINT('Ctrl Pts',(26.7889513463595,83.1433148548407,2.50012431755422));
#2410=CARTESIAN_POINT('Ctrl Pts',(26.8261534415312,83.2665261329579,2.69861260741264));
#2411=CARTESIAN_POINT('Ctrl Pts',(26.9268164386244,83.6018875511248,3.14328792949834));
#2412=CARTESIAN_POINT('Ctrl Pts',(27.1645252333187,84.4102021915633,3.79232804686238));
#2413=CARTESIAN_POINT('Ctrl Pts',(27.3803860175676,85.184773935134,4.));
#2414=CARTESIAN_POINT('Ctrl Pts',(27.5016370816453,85.6485087945486,4.));
#2415=CARTESIAN_POINT('Ctrl Pts',(28.9528512275637,85.2690651192999,2.5));
#2416=CARTESIAN_POINT('Ctrl Pts',(28.8739354804275,85.0328263822976,2.5));
#2417=CARTESIAN_POINT('Ctrl Pts',(28.7197197056053,84.6415354692413,2.39616402343119));
#2418=CARTESIAN_POINT('Ctrl Pts',(28.3836240918172,84.2225681870857,2.04332968769869));
#2419=CARTESIAN_POINT('Ctrl Pts',(27.9912379110191,84.0069113700434,1.77534735900011));
#2420=CARTESIAN_POINT('Ctrl Pts',(27.7784587973633,83.8705758638829,1.63106298197488));
#2421=CARTESIAN_POINT('Ctrl Pts',(33.5360986795417,82.5329702154872,4.));
#2422=CARTESIAN_POINT('Ctrl Pts',(33.2295849427839,82.1414558929508,3.99999999999976));
#2423=CARTESIAN_POINT('Ctrl Pts',(32.7299745854126,81.4869600921982,3.78011246043715));
#2424=CARTESIAN_POINT('Ctrl Pts',(32.2686933236591,80.8546663470295,3.14060646268254));
#2425=CARTESIAN_POINT('Ctrl Pts',(32.0321268533634,80.5237353646837,2.60760095980755));
#2426=CARTESIAN_POINT('Ctrl Pts',(31.9360368708326,80.387560146758,2.31490221724318));
#2427=CARTESIAN_POINT('Ctrl Pts',(31.8932237538765,80.3265978425813,2.16359531710171));
#2428=CARTESIAN_POINT('Ctrl Pts',(33.5360986795418,82.5329702154874,3.55120104948717));
#2429=CARTESIAN_POINT('Ctrl Pts',(33.2764560319352,82.2014884576536,3.55366293607603));
#2430=CARTESIAN_POINT('Ctrl Pts',(32.8526077311052,81.6459136747442,3.37382707660949));
#2431=CARTESIAN_POINT('Ctrl Pts',(32.4423118582924,81.0920292130468,2.84788152024392));
#2432=CARTESIAN_POINT('Ctrl Pts',(32.2064726034854,80.768256447468,2.40753050532638));
#2433=CARTESIAN_POINT('Ctrl Pts',(32.0953835004656,80.6132090482237,2.16068483286412));
#2434=CARTESIAN_POINT('Ctrl Pts',(32.0434277276704,80.5404757610795,2.03063431020601));
#2435=CARTESIAN_POINT('Ctrl Pts',(33.2396009198141,82.7650961711507,2.77417185841506));
#2436=CARTESIAN_POINT('Ctrl Pts',(33.0623581208457,82.5317109351111,2.7805514170187));
#2437=CARTESIAN_POINT('Ctrl Pts',(32.7713223442435,82.1377370866217,2.67179590817771));
#2438=CARTESIAN_POINT('Ctrl Pts',(32.4871111003321,81.6867729531816,2.33998297855024));
#2439=CARTESIAN_POINT('Ctrl Pts',(32.3171344610849,81.3300778611409,2.05876084855385));
#2440=CARTESIAN_POINT('Ctrl Pts',(32.2256869052905,81.1109508452443,1.89163133894458));
#2441=CARTESIAN_POINT('Ctrl Pts',(32.1789213387516,81.0031185149846,1.79840609705203));
#2442=CARTESIAN_POINT('Ctrl Pts',(32.6200410614073,83.2501451116727,2.49999999999999));
#2443=CARTESIAN_POINT('Ctrl Pts',(32.4732572031834,83.0450291146416,2.50286209646292));
#2444=CARTESIAN_POINT('Ctrl Pts',(32.2384758310558,82.6930742535426,2.40177964020951));
#2445=CARTESIAN_POINT('Ctrl Pts',(32.0685597358996,82.2713897518763,2.10333522077822));
#2446=CARTESIAN_POINT('Ctrl Pts',(32.0477641729588,81.8910460631571,1.8533390739828));
#2447=CARTESIAN_POINT('Ctrl Pts',(32.0569727008673,81.6245138540866,1.71049570540123));
#2448=CARTESIAN_POINT('Ctrl Pts',(32.0543792919052,81.4867942494869,1.63345142353365));
#2449=CARTESIAN_POINT('Ctrl Pts',(32.3550040452422,83.4576406783166,2.49999999999998));
#2450=CARTESIAN_POINT('Ctrl Pts',(32.2080293827149,83.2493980762558,2.49999999999987));
#2451=CARTESIAN_POINT('Ctrl Pts',(31.9759613627633,82.890967434492,2.39005623021862));
#2452=CARTESIAN_POINT('Ctrl Pts',(31.8369900377717,82.4726832870853,2.07030323134138));
#2453=CARTESIAN_POINT('Ctrl Pts',(31.8785232463713,82.0968836874937,1.80380047990379));
#2454=CARTESIAN_POINT('Ctrl Pts',(31.9378727297938,81.8232100271193,1.65745110862158));
#2455=CARTESIAN_POINT('Ctrl Pts',(31.9587840641308,81.6779989336463,1.58179765855085));
#2456=CARTESIAN_POINT('',(31.9587840641305,81.6779989336468,1.58179765855071));
#2457=CARTESIAN_POINT('Ctrl Pts',(32.0002938540833,80.4783929871341,2.49999999999997));
#2458=CARTESIAN_POINT('Ctrl Pts',(32.0386265422576,80.5325027840128,2.49999999999997));
#2459=CARTESIAN_POINT('Ctrl Pts',(32.0763537344027,80.5911260403808,2.4886723183541));
#2460=CARTESIAN_POINT('Ctrl Pts',(32.1496325654877,80.7290959669419,2.4406832048525));
#2461=CARTESIAN_POINT('Ctrl Pts',(32.1828293913493,80.8092242509526,2.40009512780553));
#2462=CARTESIAN_POINT('Ctrl Pts',(32.2255297250301,80.9810414352209,2.29119236341529));
#2463=CARTESIAN_POINT('Ctrl Pts',(32.2349313701217,81.0762695916206,2.21988306607919));
#2464=CARTESIAN_POINT('Ctrl Pts',(32.2089994188299,81.2805452679808,2.03913855614981));
#2465=CARTESIAN_POINT('Ctrl Pts',(32.1735045041629,81.3745828925626,1.94130215788301));
#2466=CARTESIAN_POINT('Ctrl Pts',(32.0734008374136,81.5463155700341,1.74373489884962));
#2467=CARTESIAN_POINT('Ctrl Pts',(32.0136602246977,81.6166200149971,1.65273048720734));
#2468=CARTESIAN_POINT('Ctrl Pts',(31.9605183595518,81.6760622152716,1.58402813940332));
#2469=CARTESIAN_POINT('Ctrl Pts',(31.9596519840462,81.6770302245878,1.58291193610701));
#2470=CARTESIAN_POINT('Ctrl Pts',(31.9587840641306,81.6779989336477,1.58179765855157));
#2471=CARTESIAN_POINT('Ctrl Pts',(31.9587840641308,81.6779989336463,1.58179765855085));
#2472=CARTESIAN_POINT('Ctrl Pts',(31.9378727297938,81.8232100271193,1.65745110862158));
#2473=CARTESIAN_POINT('Ctrl Pts',(31.8785232463713,82.0968836874937,1.80380047990379));
#2474=CARTESIAN_POINT('Ctrl Pts',(31.8369900377717,82.4726832870853,2.07030323134138));
#2475=CARTESIAN_POINT('Ctrl Pts',(31.9759613627633,82.890967434492,2.39005623021862));
#2476=CARTESIAN_POINT('Ctrl Pts',(32.2080293827149,83.2493980762558,2.49999999999987));
#2477=CARTESIAN_POINT('Ctrl Pts',(32.3550040452422,83.4576406783166,2.49999999999998));
#2478=CARTESIAN_POINT('Ctrl Pts',(33.2518711305622,82.1673222655369,2.5));
#2479=CARTESIAN_POINT('Ctrl Pts',(33.1257723627619,82.5005511861896,2.5));
#2480=CARTESIAN_POINT('Ctrl Pts',(32.8258804190009,83.022721897987,2.5));
#2481=CARTESIAN_POINT('Ctrl Pts',(32.3062632191798,83.5176967557818,2.5));
#2482=CARTESIAN_POINT('Ctrl Pts',(31.9148076993021,83.7884051822978,2.5));
#2483=CARTESIAN_POINT('Ctrl Pts',(31.7093772283443,83.9072801196866,2.5));
#2484=CARTESIAN_POINT('Ctrl Pts',(31.6061659664299,83.9660230308578,2.5));
#2485=CARTESIAN_POINT('Ctrl Pts',(32.8321207053643,82.008482476669,2.5));
#2486=CARTESIAN_POINT('Ctrl Pts',(32.7229226238993,82.2970496011434,2.5));
#2487=CARTESIAN_POINT('Ctrl Pts',(32.4647387084995,82.7452023187154,2.5));
#2488=CARTESIAN_POINT('Ctrl Pts',(32.0210007049431,83.1686731178926,2.5));
#2489=CARTESIAN_POINT('Ctrl Pts',(31.6763561293637,83.4075872416889,2.5));
#2490=CARTESIAN_POINT('Ctrl Pts',(31.4873802744673,83.5172315964864,2.5));
#2491=CARTESIAN_POINT('Ctrl Pts',(31.3841690125528,83.5759745076576,2.5));
#2492=CARTESIAN_POINT('Ctrl Pts',(32.1053828894548,81.7334741042846,2.12344777155436));
#2493=CARTESIAN_POINT('Ctrl Pts',(32.0252126850903,81.9453320877917,2.12344777155436));
#2494=CARTESIAN_POINT('Ctrl Pts',(31.8402274397145,82.2645186355562,2.12344777155436));
#2495=CARTESIAN_POINT('Ctrl Pts',(31.5272893417788,82.5646294582153,2.12344777155436));
#2496=CARTESIAN_POINT('Ctrl Pts',(31.2634243384979,82.7484924611703,2.12344777155436));
#2497=CARTESIAN_POINT('Ctrl Pts',(31.1030243055052,82.8419183750272,2.12344777155436));
#2498=CARTESIAN_POINT('Ctrl Pts',(30.9998130435908,82.9006612861984,2.12344777155436));
#2499=CARTESIAN_POINT('Ctrl Pts',(31.8489586748236,81.6364393768191,1.33659921288462));
#2500=CARTESIAN_POINT('Ctrl Pts',(31.7791384657494,81.820946436764,1.33659921288462));
#2501=CARTESIAN_POINT('Ctrl Pts',(31.6195249391413,82.0950044008082,1.33659921288462));
#2502=CARTESIAN_POINT('Ctrl Pts',(31.3530037661747,82.3513857683324,1.33659921288462));
#2503=CARTESIAN_POINT('Ctrl Pts',(31.1177645065917,82.5158261495678,1.33659921288462));
#2504=CARTESIAN_POINT('Ctrl Pts',(30.9674070645658,82.6036389589133,1.33659921288462));
#2505=CARTESIAN_POINT('Ctrl Pts',(30.8641958026514,82.6623818700845,1.33659921288462));
#2506=CARTESIAN_POINT('Ctrl Pts',(31.8489586748236,81.6364393768191,1.));
#2507=CARTESIAN_POINT('Ctrl Pts',(31.7790952725377,81.8210605792538,1.));
#2508=CARTESIAN_POINT('Ctrl Pts',(31.6196645577767,82.0949676914407,1.));
#2509=CARTESIAN_POINT('Ctrl Pts',(31.3530370760239,82.3514303685483,1.));
#2510=CARTESIAN_POINT('Ctrl Pts',(31.1177483940149,82.5158700398108,1.));
#2511=CARTESIAN_POINT('Ctrl Pts',(30.9674070645658,82.6036389589133,1.));
#2512=CARTESIAN_POINT('Ctrl Pts',(30.8641958026514,82.6623818700845,1.));
#2513=CARTESIAN_POINT('',(31.8489586748236,81.6364393768191,1.));
#2514=CARTESIAN_POINT('Origin',(33.2518711305622,82.1673222655369,1.));
#2515=CARTESIAN_POINT('',(30.8641958026514,82.6623818700845,1.));
#2516=CARTESIAN_POINT('Ctrl Pts',(31.8489586748236,81.6364393768191,1.));
#2517=CARTESIAN_POINT('Ctrl Pts',(31.7790952725377,81.8210605792538,1.));
#2518=CARTESIAN_POINT('Ctrl Pts',(31.6196645577767,82.0949676914407,1.));
#2519=CARTESIAN_POINT('Ctrl Pts',(31.3530370760239,82.3514303685483,1.));
#2520=CARTESIAN_POINT('Ctrl Pts',(31.1177483940149,82.5158700398108,1.));
#2521=CARTESIAN_POINT('Ctrl Pts',(30.9674070645658,82.6036389589133,1.));
#2522=CARTESIAN_POINT('Ctrl Pts',(30.8641958026514,82.6623818700845,1.));
#2523=CARTESIAN_POINT('',(31.6061659664299,83.9660230308578,2.5));
#2524=CARTESIAN_POINT('Origin',(31.6061659664299,83.9660230308578,1.));
#2525=CARTESIAN_POINT('Ctrl Pts',(31.6061659664299,83.9660230308578,2.5));
#2526=CARTESIAN_POINT('Ctrl Pts',(31.7093772283443,83.9072801196866,2.5));
#2527=CARTESIAN_POINT('Ctrl Pts',(31.9148076993021,83.7884051822978,2.5));
#2528=CARTESIAN_POINT('Ctrl Pts',(32.1638076728572,83.6162109287471,2.5));
#2529=CARTESIAN_POINT('Ctrl Pts',(32.3059911960715,83.4999128277024,2.5));
#2530=CARTESIAN_POINT('Ctrl Pts',(32.3548688255686,83.4575010879617,2.5));
#2531=CARTESIAN_POINT('Ctrl Pts',(31.5281728036562,79.7987175433375,2.5));
#2532=CARTESIAN_POINT('Ctrl Pts',(31.5332073799137,79.806113094328,2.5));
#2533=CARTESIAN_POINT('Ctrl Pts',(31.5393339309514,79.8151068782857,2.5));
#2534=CARTESIAN_POINT('Ctrl Pts',(31.6155828104316,79.9269425564272,2.5));
#2535=CARTESIAN_POINT('Ctrl Pts',(31.7457493498523,80.1160503980906,2.5));
#2536=CARTESIAN_POINT('Ctrl Pts',(31.9963691781248,80.4744286320706,2.5));
#2537=CARTESIAN_POINT('Ctrl Pts',(32.3010487571258,80.9001936517116,2.5));
#2538=CARTESIAN_POINT('Ctrl Pts',(32.6544276877624,81.380896224902,2.5));
#2539=CARTESIAN_POINT('Ctrl Pts',(32.9836446477348,81.8183096679408,2.5));
#2540=CARTESIAN_POINT('Ctrl Pts',(33.1725101054304,82.064463467566,2.5));
#2541=CARTESIAN_POINT('Ctrl Pts',(33.2518711305622,82.1673222655369,2.5));
#2542=CARTESIAN_POINT('Ctrl Pts',(31.5281728036562,79.7987175433375,2.5));
#2543=CARTESIAN_POINT('Ctrl Pts',(31.5331966972672,79.8060764825543,2.49985946696897));
#2544=CARTESIAN_POINT('Ctrl Pts',(31.5393181684407,79.8151087124513,2.49970869155457));
#2545=CARTESIAN_POINT('Ctrl Pts',(31.6145229025909,79.9252005896209,2.49317537578611));
#2546=CARTESIAN_POINT('Ctrl Pts',(31.7360757999302,80.1045321858242,2.47151290727728));
#2547=CARTESIAN_POINT('Ctrl Pts',(31.9536523605405,80.4430714078959,2.42425275488782));
#2548=CARTESIAN_POINT('Ctrl Pts',(32.1887275034192,80.8531982858879,2.3705889011797));
#2549=CARTESIAN_POINT('Ctrl Pts',(32.4247491900299,81.3275176593433,2.34841418989323));
#2550=CARTESIAN_POINT('Ctrl Pts',(32.6274150707902,81.7471357412465,2.39342666914528));
#2551=CARTESIAN_POINT('Ctrl Pts',(32.7606488847743,81.9450485773468,2.46608040703211));
#2552=CARTESIAN_POINT('Ctrl Pts',(32.8321207053643,82.008482476669,2.5));
#2553=CARTESIAN_POINT('Ctrl Pts',(31.5281728036562,79.7987175433375,2.5));
#2554=CARTESIAN_POINT('Ctrl Pts',(31.5332244136095,79.8061182474623,2.49988284528622));
#2555=CARTESIAN_POINT('Ctrl Pts',(31.5392300056138,79.8149807520156,2.49890545198298));
#2556=CARTESIAN_POINT('Ctrl Pts',(31.6132332111082,79.923351561544,2.48435617684354));
#2557=CARTESIAN_POINT('Ctrl Pts',(31.7197669074803,80.0837335720196,2.42158398884953));
#2558=CARTESIAN_POINT('Ctrl Pts',(31.8887135668755,80.3822664561014,2.29157194356341));
#2559=CARTESIAN_POINT('Ctrl Pts',(32.0291490356402,80.7445441775233,2.12615549873045));
#2560=CARTESIAN_POINT('Ctrl Pts',(32.1024445267889,81.1754937234563,1.99473512454588));
#2561=CARTESIAN_POINT('Ctrl Pts',(32.0983650995079,81.5534387754257,1.98009039291517));
#2562=CARTESIAN_POINT('Ctrl Pts',(32.0884055354063,81.7042876774233,2.06879849079855));
#2563=CARTESIAN_POINT('Ctrl Pts',(32.1056527142337,81.7335762099845,2.12309098840696));
#2564=CARTESIAN_POINT('Ctrl Pts',(31.5281728036562,79.7987175433375,2.5));
#2565=CARTESIAN_POINT('Ctrl Pts',(31.5332194563277,79.8061230597003,2.49978903624351));
#2566=CARTESIAN_POINT('Ctrl Pts',(31.5391831388214,79.8148988878698,2.49823014270552));
#2567=CARTESIAN_POINT('Ctrl Pts',(31.6115884833907,79.9210649663266,2.47416453588865));
#2568=CARTESIAN_POINT('Ctrl Pts',(31.7046151955915,80.0621613443422,2.37177897577031));
#2569=CARTESIAN_POINT('Ctrl Pts',(31.8411430476663,80.3104271610724,2.15651791323583));
#2570=CARTESIAN_POINT('Ctrl Pts',(31.9438849292109,80.5978354390156,1.86773252903671));
#2571=CARTESIAN_POINT('Ctrl Pts',(31.9876189029448,80.9566139771951,1.567298498396));
#2572=CARTESIAN_POINT('Ctrl Pts',(31.9517402009255,81.3228382188122,1.35641061923531));
#2573=CARTESIAN_POINT('Ctrl Pts',(31.8831619346624,81.5464810890521,1.32026341101623));
#2574=CARTESIAN_POINT('Ctrl Pts',(31.8489586748236,81.6364393768191,1.33659921288462));
#2575=CARTESIAN_POINT('Ctrl Pts',(31.5281728036562,79.7987175433375,2.5));
#2576=CARTESIAN_POINT('Ctrl Pts',(31.5332008769066,79.8061035417226,2.49968425272073));
#2577=CARTESIAN_POINT('Ctrl Pts',(31.5391836925652,79.8148909062887,2.4980111076838));
#2578=CARTESIAN_POINT('Ctrl Pts',(31.6107023712559,79.9198308201433,2.46904497226363));
#2579=CARTESIAN_POINT('Ctrl Pts',(31.6983524713491,80.0527855753482,2.35046965453022));
#2580=CARTESIAN_POINT('Ctrl Pts',(31.8239687162001,80.2776316391779,2.09819320654696));
#2581=CARTESIAN_POINT('Ctrl Pts',(31.9218539205063,80.5294072103506,1.7569059482827));
#2582=CARTESIAN_POINT('Ctrl Pts',(31.9801466918055,80.8576990047736,1.38399165719171));
#2583=CARTESIAN_POINT('Ctrl Pts',(31.9674786966984,81.2327687466768,1.08925630964341));
#2584=CARTESIAN_POINT('Ctrl Pts',(31.8975474401392,81.5080385835012,1.00000000000001));
#2585=CARTESIAN_POINT('Ctrl Pts',(31.8489586748236,81.6364393768191,0.999999999999999));
#2586=CARTESIAN_POINT('Ctrl Pts',(31.5281728036562,79.7987175433375,2.5));
#2587=CARTESIAN_POINT('Ctrl Pts',(31.5332008769066,79.8061035417226,2.49968425272073));
#2588=CARTESIAN_POINT('Ctrl Pts',(31.5391836925652,79.8148909062887,2.4980111076838));
#2589=CARTESIAN_POINT('Ctrl Pts',(31.6107023712559,79.9198308201433,2.46904497226363));
#2590=CARTESIAN_POINT('Ctrl Pts',(31.6983524713491,80.0527855753482,2.35046965453022));
#2591=CARTESIAN_POINT('Ctrl Pts',(31.8239687162001,80.2776316391779,2.09819320654696));
#2592=CARTESIAN_POINT('Ctrl Pts',(31.9218539205063,80.5294072103506,1.7569059482827));
#2593=CARTESIAN_POINT('Ctrl Pts',(31.9801466918055,80.8576990047736,1.38399165719171));
#2594=CARTESIAN_POINT('Ctrl Pts',(31.9674786966984,81.2327687466768,1.08925630964341));
#2595=CARTESIAN_POINT('Ctrl Pts',(31.8975474401392,81.5080385835012,1.00000000000001));
#2596=CARTESIAN_POINT('Ctrl Pts',(31.8489586748236,81.6364393768191,0.999999999999999));
#2597=CARTESIAN_POINT('Ctrl Pts',(22.0969776612213,71.8994823140349,2.5));
#2598=CARTESIAN_POINT('Ctrl Pts',(22.2337621314237,71.6156563396473,2.5));
#2599=CARTESIAN_POINT('Ctrl Pts',(22.5312154402669,71.1770650352589,2.5));
#2600=CARTESIAN_POINT('Ctrl Pts',(23.0847467691917,70.6865381767613,2.5));
#2601=CARTESIAN_POINT('Ctrl Pts',(23.4453337893536,70.4692596460705,2.5));
#2602=CARTESIAN_POINT('Ctrl Pts',(23.6278248297688,70.365394478861,2.5));
#2603=CARTESIAN_POINT('Ctrl Pts',(22.5012752384139,72.0943257564638,2.5));
#2604=CARTESIAN_POINT('Ctrl Pts',(22.6191646555183,71.8497067684302,2.5));
#2605=CARTESIAN_POINT('Ctrl Pts',(22.8725928711764,71.4749669294877,2.5));
#2606=CARTESIAN_POINT('Ctrl Pts',(23.3490521473767,71.0524425268636,2.5));
#2607=CARTESIAN_POINT('Ctrl Pts',(23.6673307432307,70.8593081692708,2.5));
#2608=CARTESIAN_POINT('Ctrl Pts',(23.8498217836459,70.7554430020613,2.5));
#2609=CARTESIAN_POINT('Ctrl Pts',(23.2012844433571,72.4316817311648,2.12348213290459));
#2610=CARTESIAN_POINT('Ctrl Pts',(23.2867205465397,72.2544029421489,2.12348213290459));
#2611=CARTESIAN_POINT('Ctrl Pts',(23.4630479856256,71.990926605221,2.12348213290459));
#2612=CARTESIAN_POINT('Ctrl Pts',(23.8070176024533,71.6853205004976,2.12348213290459));
#2613=CARTESIAN_POINT('Ctrl Pts',(24.0517008704582,71.5346462667944,2.12348213290459));
#2614=CARTESIAN_POINT('Ctrl Pts',(24.2341919108733,71.4307810995848,2.12348213290459));
#2615=CARTESIAN_POINT('Ctrl Pts',(23.4482427769174,72.5506985508586,1.33659921288462));
#2616=CARTESIAN_POINT('Ctrl Pts',(23.5221075328365,72.397430155034,1.33659921288462));
#2617=CARTESIAN_POINT('Ctrl Pts',(23.6716419129629,72.1728761467428,1.33659921288462));
#2618=CARTESIAN_POINT('Ctrl Pts',(23.968425437016,71.908901206808,1.33659921288462));
#2619=CARTESIAN_POINT('Ctrl Pts',(24.1873039531321,71.7729008068439,1.33659921288462));
#2620=CARTESIAN_POINT('Ctrl Pts',(24.3697949935473,71.6690356396344,1.33659921288462));
#2621=CARTESIAN_POINT('Ctrl Pts',(23.4482427769174,72.5506985508586,1.));
#2622=CARTESIAN_POINT('Ctrl Pts',(23.5221558230664,72.3973299534428,1.));
#2623=CARTESIAN_POINT('Ctrl Pts',(23.6715289453283,72.1729067758099,1.));
#2624=CARTESIAN_POINT('Ctrl Pts',(23.9684884135135,71.9087802101638,1.));
#2625=CARTESIAN_POINT('Ctrl Pts',(24.1873039531321,71.7729008068439,1.));
#2626=CARTESIAN_POINT('Ctrl Pts',(24.3697949935473,71.6690356396344,1.));
#2627=CARTESIAN_POINT('',(23.4482427769174,72.5506985508586,1.));
#2628=CARTESIAN_POINT('Origin',(22.0969776612213,71.8994823140349,1.));
#2629=CARTESIAN_POINT('',(24.3697949935473,71.6690356396344,1.));
#2630=CARTESIAN_POINT('Ctrl Pts',(23.4482427769174,72.5506985508586,1.));
#2631=CARTESIAN_POINT('Ctrl Pts',(23.5221558230664,72.3973299534428,1.));
#2632=CARTESIAN_POINT('Ctrl Pts',(23.6715289453283,72.1729067758099,1.));
#2633=CARTESIAN_POINT('Ctrl Pts',(23.9684884135135,71.9087802101638,1.));
#2634=CARTESIAN_POINT('Ctrl Pts',(24.1873039531321,71.7729008068439,1.));
#2635=CARTESIAN_POINT('Ctrl Pts',(24.3697949935473,71.6690356396344,1.));
#2636=CARTESIAN_POINT('Origin',(23.6278248297688,70.365394478861,1.));
#2637=CARTESIAN_POINT('Origin',(21.2242093312619,71.7334173970925,1.));
#2638=CARTESIAN_POINT('',(21.9661794950404,73.0370585578658,1.));
#2639=CARTESIAN_POINT('Ctrl Pts',(23.5694104614519,74.3000017414745,2.5));
#2640=CARTESIAN_POINT('Ctrl Pts',(23.5651151417098,74.291391268799,2.5));
#2641=CARTESIAN_POINT('Ctrl Pts',(23.560707541399,74.2825705699591,2.5));
#2642=CARTESIAN_POINT('Ctrl Pts',(23.5009666364929,74.1632381996763,2.5));
#2643=CARTESIAN_POINT('Ctrl Pts',(23.3981578406369,73.962490713165,2.5));
#2644=CARTESIAN_POINT('Ctrl Pts',(23.194858024824,73.5816162434476,2.5));
#2645=CARTESIAN_POINT('Ctrl Pts',(22.937353064099,73.1300050582414,2.5));
#2646=CARTESIAN_POINT('Ctrl Pts',(22.6238740280047,72.6295603658232,2.5));
#2647=CARTESIAN_POINT('Ctrl Pts',(22.3255716762674,72.1983323937859,2.5));
#2648=CARTESIAN_POINT('Ctrl Pts',(22.1613731759441,71.982124065547,2.5));
#2649=CARTESIAN_POINT('Ctrl Pts',(22.0969776612213,71.8994823140349,2.5));
#2650=CARTESIAN_POINT('Ctrl Pts',(23.5694104614519,74.3000017414745,2.5));
#2651=CARTESIAN_POINT('Ctrl Pts',(23.5651245269608,74.2914369161943,2.49982122453509));
#2652=CARTESIAN_POINT('Ctrl Pts',(23.5607237658631,74.2825708266114,2.49970191991986));
#2653=CARTESIAN_POINT('Ctrl Pts',(23.5018838064779,74.1653148513258,2.49300917018066));
#2654=CARTESIAN_POINT('Ctrl Pts',(23.4067809190623,73.9760812937711,2.47133513748722));
#2655=CARTESIAN_POINT('Ctrl Pts',(23.2349056060631,73.6201095984208,2.42452631337399));
#2656=CARTESIAN_POINT('Ctrl Pts',(23.0468896853649,73.1931572262491,2.37168915604192));
#2657=CARTESIAN_POINT('Ctrl Pts',(22.8533230070042,72.7094174539237,2.3509217154809));
#2658=CARTESIAN_POINT('Ctrl Pts',(22.6816609632003,72.3030412781223,2.39966369734577));
#2659=CARTESIAN_POINT('Ctrl Pts',(22.5642267343769,72.1385854361261,2.47133122953775));
#2660=CARTESIAN_POINT('Ctrl Pts',(22.5012752384139,72.0943257564638,2.5));
#2661=CARTESIAN_POINT('Ctrl Pts',(23.5694104614519,74.3000017414744,2.5));
#2662=CARTESIAN_POINT('Ctrl Pts',(23.5651016578812,74.2913878210825,2.49978287590579));
#2663=CARTESIAN_POINT('Ctrl Pts',(23.5608012183556,74.2827259301387,2.49888104719374));
#2664=CARTESIAN_POINT('Ctrl Pts',(23.5030103911087,74.1674950484948,2.48398013550196));
#2665=CARTESIAN_POINT('Ctrl Pts',(23.4211144857338,74.0004342603887,2.42109845467622));
#2666=CARTESIAN_POINT('Ctrl Pts',(23.2941891295384,73.6922526348658,2.29230610198907));
#2667=CARTESIAN_POINT('Ctrl Pts',(23.1980277669297,73.3267572610592,2.12886608162252));
#2668=CARTESIAN_POINT('Ctrl Pts',(23.1683409833416,72.9044799132018,1.9993571913313));
#2669=CARTESIAN_POINT('Ctrl Pts',(23.2049359136909,72.5558346946579,1.98961580622475));
#2670=CARTESIAN_POINT('Ctrl Pts',(23.2201676083275,72.4440979274556,2.07720560757742));
#2671=CARTESIAN_POINT('Ctrl Pts',(23.2010195453692,72.4315540686737,2.12311021171434));
#2672=CARTESIAN_POINT('Ctrl Pts',(23.5694104614519,74.3000017414745,2.5));
#2673=CARTESIAN_POINT('Ctrl Pts',(23.5651091867044,74.2913883377993,2.4996275978049));
#2674=CARTESIAN_POINT('Ctrl Pts',(23.5608412524946,74.2828218149361,2.49818784060279));
#2675=CARTESIAN_POINT('Ctrl Pts',(23.5044640254098,74.1702428670447,2.47356688841491));
#2676=CARTESIAN_POINT('Ctrl Pts',(23.434128318947,74.0254141964289,2.3709656656882));
#2677=CARTESIAN_POINT('Ctrl Pts',(23.3343566684268,73.7735323832941,2.15768426051992));
#2678=CARTESIAN_POINT('Ctrl Pts',(23.2692118446127,73.4908041350171,1.87169658513256));
#2679=CARTESIAN_POINT('Ctrl Pts',(23.2642386115337,73.1497555992015,1.57206437487132));
#2680=CARTESIAN_POINT('Ctrl Pts',(23.3317237613161,72.8176429384053,1.36034552158896));
#2681=CARTESIAN_POINT('Ctrl Pts',(23.4117603846871,72.6263119030155,1.32280399812376));
#2682=CARTESIAN_POINT('Ctrl Pts',(23.4482427769174,72.5506985508586,1.33659921288462));
#2683=CARTESIAN_POINT('Ctrl Pts',(23.5694104614519,74.3000017414745,2.5));
#2684=CARTESIAN_POINT('Ctrl Pts',(23.5651279156376,74.291416875637,2.49949507339012));
#2685=CARTESIAN_POINT('Ctrl Pts',(23.560839657434,74.2828288114897,2.49796268710739));
#2686=CARTESIAN_POINT('Ctrl Pts',(23.505254914138,74.1717461455716,2.46832967921515));
#2687=CARTESIAN_POINT('Ctrl Pts',(23.4394471330312,74.0362205185124,2.34951094150583));
#2688=CARTESIAN_POINT('Ctrl Pts',(23.3480376327902,73.810035260928,2.0995336419518));
#2689=CARTESIAN_POINT('Ctrl Pts',(23.2843069017267,73.565057238167,1.7613828835159));
#2690=CARTESIAN_POINT('Ctrl Pts',(23.2619908265038,73.2558936723911,1.38881262435585));
#2691=CARTESIAN_POINT('Ctrl Pts',(23.306030546943,72.9133684735985,1.09079034141323));
#2692=CARTESIAN_POINT('Ctrl Pts',(23.3928545957972,72.665628297289,1.));
#2693=CARTESIAN_POINT('Ctrl Pts',(23.4482427769174,72.5506985508586,1.));
#2694=CARTESIAN_POINT('',(23.5694104614519,74.3000017414745,2.5));
#2695=CARTESIAN_POINT('Ctrl Pts',(23.5694104614519,74.3000017414745,2.5));
#2696=CARTESIAN_POINT('Ctrl Pts',(23.4994323278524,74.159722357537,2.5));
#2697=CARTESIAN_POINT('Ctrl Pts',(23.4286907984431,74.0211896115998,2.5));
#2698=CARTESIAN_POINT('Ctrl Pts',(23.3571636956911,73.8844837639198,2.5));
#2699=CARTESIAN_POINT('Ctrl Pts',(23.2848293710518,73.7496820911798,2.5));
#2700=CARTESIAN_POINT('Ctrl Pts',(23.2116671870336,73.6168578500106,2.5));
#2701=CARTESIAN_POINT('Ctrl Pts',(23.5694104614519,74.3000017414745,2.5));
#2702=CARTESIAN_POINT('Ctrl Pts',(23.5651279156376,74.291416875637,2.49949507339012));
#2703=CARTESIAN_POINT('Ctrl Pts',(23.560839657434,74.2828288114897,2.49796268710739));
#2704=CARTESIAN_POINT('Ctrl Pts',(23.505254914138,74.1717461455716,2.46832967921515));
#2705=CARTESIAN_POINT('Ctrl Pts',(23.4394471330312,74.0362205185124,2.34951094150583));
#2706=CARTESIAN_POINT('Ctrl Pts',(23.3480376327902,73.810035260928,2.0995336419518));
#2707=CARTESIAN_POINT('Ctrl Pts',(23.2843069017267,73.565057238167,1.7613828835159));
#2708=CARTESIAN_POINT('Ctrl Pts',(23.2619908265038,73.2558936723911,1.38881262435585));
#2709=CARTESIAN_POINT('Ctrl Pts',(23.306030546943,72.9133684735985,1.09079034141323));
#2710=CARTESIAN_POINT('Ctrl Pts',(23.3928545957972,72.665628297289,1.));
#2711=CARTESIAN_POINT('Ctrl Pts',(23.4482427769174,72.5506985508586,1.));
#2712=CARTESIAN_POINT('Ctrl Pts',(24.3697949935473,71.6690356396344,-2.77555756156289E-16));
#2713=CARTESIAN_POINT('Ctrl Pts',(24.3697949935473,71.6690356396344,0.833333333333333));
#2714=CARTESIAN_POINT('Ctrl Pts',(24.3697949935473,71.6690356396344,1.66666666666667));
#2715=CARTESIAN_POINT('Ctrl Pts',(24.3697949935473,71.6690356396344,2.5));
#2716=CARTESIAN_POINT('Ctrl Pts',(24.2443065945092,71.7404576311979,-2.77555756156289E-16));
#2717=CARTESIAN_POINT('Ctrl Pts',(24.2443065945092,71.7404576311979,0.833333333333335));
#2718=CARTESIAN_POINT('Ctrl Pts',(24.2443065945092,71.7404576311979,1.66666666666667));
#2719=CARTESIAN_POINT('Ctrl Pts',(24.2443065945092,71.7404576311979,2.5));
#2720=CARTESIAN_POINT('Ctrl Pts',(23.9962211074241,71.8832333966246,-2.77555756156289E-16));
#2721=CARTESIAN_POINT('Ctrl Pts',(23.9962211074241,71.8832333966246,0.833333333333331));
#2722=CARTESIAN_POINT('Ctrl Pts',(23.9962211074241,71.8832333966246,1.66666666666667));
#2723=CARTESIAN_POINT('Ctrl Pts',(23.9962211074241,71.8832333966246,2.5));
#2724=CARTESIAN_POINT('Ctrl Pts',(23.6682388296862,72.1738301562732,-2.77555756156289E-16));
#2725=CARTESIAN_POINT('Ctrl Pts',(23.6682388296862,72.1738301562732,0.833333333333335));
#2726=CARTESIAN_POINT('Ctrl Pts',(23.6682388296862,72.1738301562732,1.66666666666667));
#2727=CARTESIAN_POINT('Ctrl Pts',(23.6682388296862,72.1738301562732,2.5));
#2728=CARTESIAN_POINT('Ctrl Pts',(23.417033312683,72.5669375705801,-2.77555756156289E-16));
#2729=CARTESIAN_POINT('Ctrl Pts',(23.417033312683,72.5669375705801,0.833333333333334));
#2730=CARTESIAN_POINT('Ctrl Pts',(23.417033312683,72.5669375705801,1.66666666666667));
#2731=CARTESIAN_POINT('Ctrl Pts',(23.417033312683,72.5669375705801,2.5));
#2732=CARTESIAN_POINT('Ctrl Pts',(23.2730974399633,73.0322336205051,-2.77555756156289E-16));
#2733=CARTESIAN_POINT('Ctrl Pts',(23.2730974399633,73.0322336205051,0.833333333333332));
#2734=CARTESIAN_POINT('Ctrl Pts',(23.2730974399633,73.0322336205051,1.66666666666667));
#2735=CARTESIAN_POINT('Ctrl Pts',(23.2730974399633,73.0322336205051,2.5));
#2736=CARTESIAN_POINT('Ctrl Pts',(23.2622199001386,73.4948042199657,-2.77555756156289E-16));
#2737=CARTESIAN_POINT('Ctrl Pts',(23.2622199001386,73.4948042199657,0.833333333333334));
#2738=CARTESIAN_POINT('Ctrl Pts',(23.2622199001386,73.4948042199657,1.66666666666667));
#2739=CARTESIAN_POINT('Ctrl Pts',(23.2622199001386,73.4948042199657,2.5));
#2740=CARTESIAN_POINT('Ctrl Pts',(23.3758947610656,73.9153465110931,-2.77555756156289E-16));
#2741=CARTESIAN_POINT('Ctrl Pts',(23.3758947610656,73.9153465110931,0.833333333333333));
#2742=CARTESIAN_POINT('Ctrl Pts',(23.3758947610656,73.9153465110931,1.66666666666667));
#2743=CARTESIAN_POINT('Ctrl Pts',(23.3758947610656,73.9153465110931,2.5));
#2744=CARTESIAN_POINT('Ctrl Pts',(23.5049564127648,74.170796034248,-2.77555756156289E-16));
#2745=CARTESIAN_POINT('Ctrl Pts',(23.5049564127648,74.170796034248,0.833333333333333));
#2746=CARTESIAN_POINT('Ctrl Pts',(23.5049564127648,74.170796034248,1.66666666666667));
#2747=CARTESIAN_POINT('Ctrl Pts',(23.5049564127648,74.170796034248,2.5));
#2748=CARTESIAN_POINT('Ctrl Pts',(23.5694104614519,74.3000017414745,-2.77555756156289E-16));
#2749=CARTESIAN_POINT('Ctrl Pts',(23.5694104614519,74.3000017414745,0.833333333333333));
#2750=CARTESIAN_POINT('Ctrl Pts',(23.5694104614519,74.3000017414745,1.66666666666667));
#2751=CARTESIAN_POINT('Ctrl Pts',(23.5694104614519,74.3000017414745,2.5));
#2752=CARTESIAN_POINT('',(23.5694104614519,74.3000017414745,0.));
#2753=CARTESIAN_POINT('',(23.5694104614519,74.3000017414745,2.5));
#2754=CARTESIAN_POINT('',(24.3697949935473,71.6690356396343,0.));
#2755=CARTESIAN_POINT('Ctrl Pts',(24.3697949935473,71.6690356396344,9.24446373305969E-32));
#2756=CARTESIAN_POINT('Ctrl Pts',(24.2443065945091,71.7404576311979,5.08445505318223E-31));
#2757=CARTESIAN_POINT('Ctrl Pts',(24.1202638509666,71.8118455139113,3.08148791101948E-32));
#2758=CARTESIAN_POINT('Ctrl Pts',(24.003578766239,71.8959722485427,-9.24446373305873E-32));
#2759=CARTESIAN_POINT('Ctrl Pts',(23.8868936815114,71.9800989831741,-1.54074395550979E-31));
#2760=CARTESIAN_POINT('Ctrl Pts',(23.7775662555988,72.0769645697237,1.84889274661175E-31));
#2761=CARTESIAN_POINT('Ctrl Pts',(23.6810349564753,72.1909152653829,3.23556230657056E-31));
#2762=CARTESIAN_POINT('Ctrl Pts',(23.5845036573518,72.3048659610421,3.85185988877447E-31));
#2763=CARTESIAN_POINT('Ctrl Pts',(23.5007684850174,72.4359017658111,2.46519032881566E-31));
#2764=CARTESIAN_POINT('Ctrl Pts',(23.4349115867302,72.5789690098498,1.07852076885685E-31));
#2765=CARTESIAN_POINT('Ctrl Pts',(23.3690546884431,72.7220362538885,-1.54074395550978E-32));
#2766=CARTESIAN_POINT('Ctrl Pts',(23.3210760642032,72.8771349371968,-1.54074395550979E-31));
#2767=CARTESIAN_POINT('Ctrl Pts',(23.2952738287791,73.0317793787611,-1.07852076885685E-31));
#2768=CARTESIAN_POINT('Ctrl Pts',(23.269471593355,73.1864238203253,-4.62223186652937E-32));
#2769=CARTESIAN_POINT('Ctrl Pts',(23.2658457467468,73.3406140201455,1.84889274661175E-31));
#2770=CARTESIAN_POINT('Ctrl Pts',(23.2829786335972,73.4877995019101,1.84889274661174E-31));
#2771=CARTESIAN_POINT('Ctrl Pts',(23.3001115204476,73.6349849836748,2.31111593326468E-31));
#2772=CARTESIAN_POINT('Ctrl Pts',(23.3380031407566,73.775165747384,1.23259516440783E-31));
#2773=CARTESIAN_POINT('Ctrl Pts',(23.3892143638359,73.9091185100273,1.07852076885685E-31));
#2774=CARTESIAN_POINT('Ctrl Pts',(23.4404255869152,74.0430712726705,1.54074395550979E-32));
#2775=CARTESIAN_POINT('Ctrl Pts',(23.5049564127648,74.170796034248,4.62223186652937E-32));
#2776=CARTESIAN_POINT('Ctrl Pts',(23.5694104614519,74.3000017414745,1.38666955995881E-31));
#2777=CARTESIAN_POINT('',(24.3697949935473,71.6690356396344,0.));
#2778=CARTESIAN_POINT('Ctrl Pts',(27.8198450499649,83.7376639752878,1.));
#2779=CARTESIAN_POINT('Ctrl Pts',(28.0494421364583,83.8091561727955,1.));
#2780=CARTESIAN_POINT('Ctrl Pts',(28.4324158849297,83.852906835223,0.999999999999999));
#2781=CARTESIAN_POINT('Ctrl Pts',(28.8455187068099,83.7641435456646,1.));
#2782=CARTESIAN_POINT('Ctrl Pts',(29.1448180366554,83.6376028222958,1.));
#2783=CARTESIAN_POINT('Ctrl Pts',(29.3178183963705,83.5425058888145,1.));
#2784=CARTESIAN_POINT('Ctrl Pts',(29.4389523420059,83.4735622437481,1.));
#2785=CARTESIAN_POINT('Ctrl Pts',(27.8198450499649,83.7376639752878,1.44879895051283));
#2786=CARTESIAN_POINT('Ctrl Pts',(28.0488905626968,83.8089844231409,1.44879895051283));
#2787=CARTESIAN_POINT('Ctrl Pts',(28.4330357913578,83.8523580096522,1.44879895051283));
#2788=CARTESIAN_POINT('Ctrl Pts',(28.8454652456872,83.7638133798163,1.44879895051283));
#2789=CARTESIAN_POINT('Ctrl Pts',(29.1446041570131,83.6375223343919,1.44879895051283));
#2790=CARTESIAN_POINT('Ctrl Pts',(29.3178183963705,83.5425058888145,1.44879895051283));
#2791=CARTESIAN_POINT('Ctrl Pts',(29.4389523420059,83.4735622437481,1.44879895051283));
#2792=CARTESIAN_POINT('Ctrl Pts',(27.7078958324386,84.0971887216982,2.22583113933136));
#2793=CARTESIAN_POINT('Ctrl Pts',(27.9802209340526,84.1819856163288,2.22583113933136));
#2794=CARTESIAN_POINT('Ctrl Pts',(28.4436165949757,84.2370878545267,2.22583113933136));
#2795=CARTESIAN_POINT('Ctrl Pts',(28.9603419073375,84.1254203141227,2.22583113933136));
#2796=CARTESIAN_POINT('Ctrl Pts',(29.3134742008749,83.9750075232465,2.22583113933136));
#2797=CARTESIAN_POINT('Ctrl Pts',(29.5040781443069,83.8697641612612,2.22583113933136));
#2798=CARTESIAN_POINT('Ctrl Pts',(29.6252120899423,83.8008205161949,2.22583113933136));
#2799=CARTESIAN_POINT('Ctrl Pts',(27.4739641443115,84.8484599919196,2.5));
#2800=CARTESIAN_POINT('Ctrl Pts',(27.8352090205778,84.9609448254038,2.49999999999999));
#2801=CARTESIAN_POINT('Ctrl Pts',(28.467432841262,85.0395175885955,2.49999999999999));
#2802=CARTESIAN_POINT('Ctrl Pts',(29.2002436938156,84.8801337588346,2.5));
#2803=CARTESIAN_POINT('Ctrl Pts',(29.665760246696,84.6800028706886,2.5));
#2804=CARTESIAN_POINT('Ctrl Pts',(29.8932908447412,84.5536106571876,2.5));
#2805=CARTESIAN_POINT('Ctrl Pts',(30.0144247903766,84.4846670121212,2.5));
#2806=CARTESIAN_POINT('Ctrl Pts',(27.3738926625967,85.1698394073493,2.5));
#2807=CARTESIAN_POINT('Ctrl Pts',(27.773104247972,85.2941463571669,2.49999999999999));
#2808=CARTESIAN_POINT('Ctrl Pts',(28.477701289149,85.3827105059262,2.49999999999999));
#2809=CARTESIAN_POINT('Ctrl Pts',(29.3028621424606,85.2029428939712,2.5));
#2810=CARTESIAN_POINT('Ctrl Pts',(29.8164337383983,84.9815759073982,2.5));
#2811=CARTESIAN_POINT('Ctrl Pts',(30.059788560149,84.8461470495878,2.5));
#2812=CARTESIAN_POINT('Ctrl Pts',(30.1809225057844,84.7772034045214,2.5));
#2813=CARTESIAN_POINT('',(30.1809225057844,84.7772034045214,2.5));
#2814=CARTESIAN_POINT('Ctrl Pts',(28.952887357858,85.2687377040245,2.5));
#2815=CARTESIAN_POINT('Ctrl Pts',(29.1142648504168,85.2378686685247,2.5));
#2816=CARTESIAN_POINT('Ctrl Pts',(29.4083755613165,85.1574629886183,2.5));
#2817=CARTESIAN_POINT('Ctrl Pts',(29.8164337383983,84.9815759073982,2.5));
#2818=CARTESIAN_POINT('Ctrl Pts',(30.059788560149,84.8461470495878,2.5));
#2819=CARTESIAN_POINT('Ctrl Pts',(30.1809225057844,84.7772034045214,2.5));
#2820=CARTESIAN_POINT('',(29.4389523420059,83.4735622437481,1.));
#2821=CARTESIAN_POINT('Origin',(30.1809225057844,84.7772034045214,1.));
#2822=CARTESIAN_POINT('',(27.8198450499649,83.7376639752878,1.));
#2823=CARTESIAN_POINT('Ctrl Pts',(29.4389523420059,83.4735622437481,1.));
#2824=CARTESIAN_POINT('Ctrl Pts',(29.3178183963705,83.5425058888145,1.));
#2825=CARTESIAN_POINT('Ctrl Pts',(29.1448180366554,83.6376028222958,1.));
#2826=CARTESIAN_POINT('Ctrl Pts',(28.8455187068099,83.7641435456646,1.));
#2827=CARTESIAN_POINT('Ctrl Pts',(28.4324158849297,83.852906835223,0.999999999999999));
#2828=CARTESIAN_POINT('Ctrl Pts',(28.0494421364583,83.8091561727955,1.));
#2829=CARTESIAN_POINT('Ctrl Pts',(27.8198450499649,83.7376639752878,1.));
#2830=CARTESIAN_POINT('Origin',(27.3738926625967,85.1698394073493,1.));
#2831=CARTESIAN_POINT('Origin',(30.9441610286472,84.3428045616108,1.));
#2832=CARTESIAN_POINT('',(30.2021908648687,83.0391634008375,1.));
#2833=CARTESIAN_POINT('',(30.9441610286472,84.3428045616108,2.5));
#2834=CARTESIAN_POINT('Ctrl Pts',(27.3738926625967,85.1698394073493,2.5));
#2835=CARTESIAN_POINT('Ctrl Pts',(27.3030996066759,84.9095785394775,2.5));
#2836=CARTESIAN_POINT('Ctrl Pts',(27.1576579937684,84.3889862793851,2.5));
#2837=CARTESIAN_POINT('Ctrl Pts',(26.9318629149162,83.6186604780207,2.5));
#2838=CARTESIAN_POINT('Ctrl Pts',(26.780938991042,83.1155476613023,2.5));
#2839=CARTESIAN_POINT('Ctrl Pts',(26.6526368798953,82.6947873154946,2.5));
#2840=CARTESIAN_POINT('Ctrl Pts',(26.5856403745144,82.4771386880081,2.5));
#2841=CARTESIAN_POINT('Ctrl Pts',(26.5456910177253,82.34806371464,2.5));
#2842=CARTESIAN_POINT('Ctrl Pts',(26.5426073882222,82.3381053278381,2.5));
#2843=CARTESIAN_POINT('Ctrl Pts',(26.5392325145633,82.3272113761016,2.5));
#2844=CARTESIAN_POINT('Ctrl Pts',(27.5073213048831,84.7413335201097,2.5));
#2845=CARTESIAN_POINT('Ctrl Pts',(27.4858684630348,84.5420473164174,2.42983185545558));
#2846=CARTESIAN_POINT('Ctrl Pts',(27.2766456520844,84.1450504353879,2.33772978151804));
#2847=CARTESIAN_POINT('Ctrl Pts',(26.9630907614451,83.5032784408425,2.37234822228981));
#2848=CARTESIAN_POINT('Ctrl Pts',(26.7827317518887,83.0645035789761,2.42527767584762));
#2849=CARTESIAN_POINT('Ctrl Pts',(26.6496960439,82.6809009350796,2.47251426737993));
#2850=CARTESIAN_POINT('Ctrl Pts',(26.5852062464765,82.4756605439129,2.49424883766073));
#2851=CARTESIAN_POINT('Ctrl Pts',(26.5456731943122,82.3480044749718,2.49956109925902));
#2852=CARTESIAN_POINT('Ctrl Pts',(26.5426050661157,82.3380978321746,2.49987043395539));
#2853=CARTESIAN_POINT('Ctrl Pts',(26.5392325145633,82.3272113761016,2.5));
#2854=CARTESIAN_POINT('Ctrl Pts',(27.7383350682125,83.9994331610579,2.12345244014127));
#2855=CARTESIAN_POINT('Ctrl Pts',(27.6968160051472,83.9284982331746,2.01521485377599));
#2856=CARTESIAN_POINT('Ctrl Pts',(27.3730554025803,83.7485427911865,1.94957881742465));
#2857=CARTESIAN_POINT('Ctrl Pts',(26.9769297347123,83.3121445040242,2.13222100828381));
#2858=CARTESIAN_POINT('Ctrl Pts',(26.775494480345,82.9778054540986,2.29371956726719));
#2859=CARTESIAN_POINT('Ctrl Pts',(26.6442481696695,82.6563548219085,2.4248371311616));
#2860=CARTESIAN_POINT('Ctrl Pts',(26.5844636754866,82.4730361609508,2.48423740964613));
#2861=CARTESIAN_POINT('Ctrl Pts',(26.5456407987414,82.3479023307216,2.49879097338233));
#2862=CARTESIAN_POINT('Ctrl Pts',(26.5426010024291,82.3380847147636,2.49964369337732));
#2863=CARTESIAN_POINT('Ctrl Pts',(26.5392325145633,82.3272113761016,2.49999999999999));
#2864=CARTESIAN_POINT('Ctrl Pts',(27.8198450499649,83.7376639752878,1.33659921288462));
#2865=CARTESIAN_POINT('Ctrl Pts',(27.6205375853333,83.6762068506975,1.30445436470473));
#2866=CARTESIAN_POINT('Ctrl Pts',(27.2590263111114,83.5045434964309,1.46790180306849));
#2867=CARTESIAN_POINT('Ctrl Pts',(26.9161122551702,83.1598072939896,1.87187590645606));
#2868=CARTESIAN_POINT('Ctrl Pts',(26.7494750274683,82.8988987710096,2.15938447893767));
#2869=CARTESIAN_POINT('Ctrl Pts',(26.6374343733264,82.6330403350644,2.37578233321648));
#2870=CARTESIAN_POINT('Ctrl Pts',(26.5836894051512,82.4704883331368,2.47412137949483));
#2871=CARTESIAN_POINT('Ctrl Pts',(26.5456083658943,82.3477979376226,2.498024334361));
#2872=CARTESIAN_POINT('Ctrl Pts',(26.5425969387426,82.3380715973526,2.49941695279925));
#2873=CARTESIAN_POINT('Ctrl Pts',(26.5392325145633,82.3272113761016,2.49999999999998));
#2874=CARTESIAN_POINT('Ctrl Pts',(27.8198450499649,83.7376639752878,1.));
#2875=CARTESIAN_POINT('Ctrl Pts',(27.5442868611949,83.6518603583636,0.999999999999998));
#2876=CARTESIAN_POINT('Ctrl Pts',(27.1758247885604,83.4358841964479,1.26125669101857));
#2877=CARTESIAN_POINT('Ctrl Pts',(26.877247512141,83.102295723323,1.76014289652681));
#2878=CARTESIAN_POINT('Ctrl Pts',(26.7349964902869,82.8663707471487,2.10174959442094));
#2879=CARTESIAN_POINT('Ctrl Pts',(26.6343394277845,82.623067929119,2.35472063088568));
#2880=CARTESIAN_POINT('Ctrl Pts',(26.583357604017,82.4693924161544,2.46978219336136));
#2881=CARTESIAN_POINT('Ctrl Pts',(26.545594262818,82.3477534218861,2.49769590910551));
#2882=CARTESIAN_POINT('Ctrl Pts',(26.5425951971627,82.338065975605,2.49931977826579));
#2883=CARTESIAN_POINT('Ctrl Pts',(26.5392325145633,82.3272113761016,2.49999999999998));
#2884=CARTESIAN_POINT('',(26.5392325100764,82.3272113616181,2.5));
#2885=CARTESIAN_POINT('Ctrl Pts',(27.8198450499649,83.7376639752878,1.));
#2886=CARTESIAN_POINT('Ctrl Pts',(27.5442868611949,83.6518603583636,0.999999999999998));
#2887=CARTESIAN_POINT('Ctrl Pts',(27.1758247885604,83.4358841964479,1.26125669101857));
#2888=CARTESIAN_POINT('Ctrl Pts',(26.877247512141,83.102295723323,1.76014289652681));
#2889=CARTESIAN_POINT('Ctrl Pts',(26.7349964902869,82.8663707471487,2.10174959442094));
#2890=CARTESIAN_POINT('Ctrl Pts',(26.6343394277845,82.623067929119,2.35472063088568));
#2891=CARTESIAN_POINT('Ctrl Pts',(26.583357604017,82.4693924161544,2.46978219336136));
#2892=CARTESIAN_POINT('Ctrl Pts',(26.545594262818,82.3477534218861,2.49769590910551));
#2893=CARTESIAN_POINT('Ctrl Pts',(26.5425951971627,82.338065975605,2.49931977826579));
#2894=CARTESIAN_POINT('Ctrl Pts',(26.5392325145633,82.3272113761016,2.49999999999998));
#2895=CARTESIAN_POINT('Origin',(-87.6022283529797,117.699606506631,2.5));
#2896=CARTESIAN_POINT('Ctrl Pts',(30.8641958026514,82.6623818700845,-2.77555756156289E-16));
#2897=CARTESIAN_POINT('Ctrl Pts',(30.8641958026514,82.6623818700845,0.833333333333333));
#2898=CARTESIAN_POINT('Ctrl Pts',(30.8641958026514,82.6623818700845,1.66666666666667));
#2899=CARTESIAN_POINT('Ctrl Pts',(30.8641958026514,82.6623818700845,2.5));
#2900=CARTESIAN_POINT('Ctrl Pts',(31.0008556677117,82.5846016146647,-2.77555756156289E-16));
#2901=CARTESIAN_POINT('Ctrl Pts',(31.0008556677117,82.5846016146647,0.833333333333335));
#2902=CARTESIAN_POINT('Ctrl Pts',(31.0008556677117,82.5846016146647,1.66666666666667));
#2903=CARTESIAN_POINT('Ctrl Pts',(31.0008556677117,82.5846016146647,2.5));
#2904=CARTESIAN_POINT('Ctrl Pts',(31.269769289524,82.4295164909119,-2.77555756156289E-16));
#2905=CARTESIAN_POINT('Ctrl Pts',(31.269769289524,82.4295164909119,0.833333333333331));
#2906=CARTESIAN_POINT('Ctrl Pts',(31.269769289524,82.4295164909119,1.66666666666667));
#2907=CARTESIAN_POINT('Ctrl Pts',(31.269769289524,82.4295164909119,2.5));
#2908=CARTESIAN_POINT('Ctrl Pts',(31.6157655391517,82.1052293261369,-2.77555756156289E-16));
#2909=CARTESIAN_POINT('Ctrl Pts',(31.6157655391517,82.1052293261369,0.833333333333335));
#2910=CARTESIAN_POINT('Ctrl Pts',(31.6157655391517,82.1052293261369,1.66666666666667));
#2911=CARTESIAN_POINT('Ctrl Pts',(31.6157655391517,82.1052293261369,2.5));
#2912=CARTESIAN_POINT('Ctrl Pts',(31.86641381255,81.6597367275491,-2.77555756156289E-16));
#2913=CARTESIAN_POINT('Ctrl Pts',(31.86641381255,81.6597367275491,0.833333333333334));
#2914=CARTESIAN_POINT('Ctrl Pts',(31.86641381255,81.6597367275491,1.66666666666667));
#2915=CARTESIAN_POINT('Ctrl Pts',(31.86641381255,81.6597367275491,2.5));
#2916=CARTESIAN_POINT('Ctrl Pts',(31.9895032518691,81.1344789398856,-2.77555756156289E-16));
#2917=CARTESIAN_POINT('Ctrl Pts',(31.9895032518691,81.1344789398856,0.833333333333332));
#2918=CARTESIAN_POINT('Ctrl Pts',(31.9895032518691,81.1344789398856,1.66666666666667));
#2919=CARTESIAN_POINT('Ctrl Pts',(31.9895032518691,81.1344789398856,2.5));
#2920=CARTESIAN_POINT('Ctrl Pts',(31.9606943660234,80.6267190364827,-2.77555756156289E-16));
#2921=CARTESIAN_POINT('Ctrl Pts',(31.9606943660234,80.6267190364827,0.833333333333334));
#2922=CARTESIAN_POINT('Ctrl Pts',(31.9606943660234,80.6267190364827,1.66666666666667));
#2923=CARTESIAN_POINT('Ctrl Pts',(31.9606943660234,80.6267190364827,2.5));
#2924=CARTESIAN_POINT('Ctrl Pts',(31.7912168869518,80.1853871541553,-2.77555756156289E-16));
#2925=CARTESIAN_POINT('Ctrl Pts',(31.7912168869518,80.1853871541553,0.833333333333333));
#2926=CARTESIAN_POINT('Ctrl Pts',(31.7912168869518,80.1853871541553,1.66666666666667));
#2927=CARTESIAN_POINT('Ctrl Pts',(31.7912168869518,80.1853871541553,2.5));
#2928=CARTESIAN_POINT('Ctrl Pts',(31.6166599698979,79.9287009458898,-2.77555756156289E-16));
#2929=CARTESIAN_POINT('Ctrl Pts',(31.6166599698979,79.9287009458898,0.833333333333333));
#2930=CARTESIAN_POINT('Ctrl Pts',(31.6166599698979,79.9287009458898,1.66666666666667));
#2931=CARTESIAN_POINT('Ctrl Pts',(31.6166599698979,79.9287009458898,2.5));
#2932=CARTESIAN_POINT('Ctrl Pts',(31.5281727619226,79.798717482033,-2.77555756156289E-16));
#2933=CARTESIAN_POINT('Ctrl Pts',(31.5281727619226,79.798717482033,0.833333333333333));
#2934=CARTESIAN_POINT('Ctrl Pts',(31.5281727619226,79.798717482033,1.66666666666667));
#2935=CARTESIAN_POINT('Ctrl Pts',(31.5281727619226,79.798717482033,2.5));
#2936=CARTESIAN_POINT('',(31.5281727619226,79.7987174820329,0.));
#2937=CARTESIAN_POINT('',(31.5281727619226,79.798717482033,2.5));
#2938=CARTESIAN_POINT('',(30.8641958026514,82.6623818700845,0.));
#2939=CARTESIAN_POINT('Ctrl Pts',(30.8641958026514,82.6623818700845,1.54074395551012E-31));
#2940=CARTESIAN_POINT('Ctrl Pts',(31.0008556677117,82.5846016146647,5.70075263538594E-31));
#2941=CARTESIAN_POINT('Ctrl Pts',(31.1353124786179,82.5070590527883,6.16297582203883E-32));
#2942=CARTESIAN_POINT('Ctrl Pts',(31.2602069256756,82.4142399110542,-6.16297582203915E-32));
#2943=CARTESIAN_POINT('Ctrl Pts',(31.3851013727333,82.3214207693202,-2.1570415377137E-31));
#2944=CARTESIAN_POINT('Ctrl Pts',(31.5004334559425,82.2133250477285,9.24446373305873E-32));
#2945=CARTESIAN_POINT('Ctrl Pts',(31.5998742097801,82.0850284205014,1.69481835106077E-31));
#2946=CARTESIAN_POINT('Ctrl Pts',(31.6993149636178,81.9567317932743,2.61926472436664E-31));
#2947=CARTESIAN_POINT('Ctrl Pts',(31.7828643880839,81.8082342604117,1.84889274661175E-31));
#2948=CARTESIAN_POINT('Ctrl Pts',(31.8451540068701,81.6464425293698,4.62223186652936E-32));
#2949=CARTESIAN_POINT('Ctrl Pts',(31.9074436256564,81.4846507983279,-1.38666955995881E-31));
#2950=CARTESIAN_POINT('Ctrl Pts',(31.9484734387627,81.3095648691068,-2.77333911991762E-31));
#2951=CARTESIAN_POINT('Ctrl Pts',(31.9641868643416,81.137395253929,-2.31111593326468E-31));
#2952=CARTESIAN_POINT('Ctrl Pts',(31.9799002899205,80.9652256387513,-2.00296714216273E-31));
#2953=CARTESIAN_POINT('Ctrl Pts',(31.9702973279719,80.795972337617,9.24446373305872E-32));
#2954=CARTESIAN_POINT('Ctrl Pts',(31.9372496004857,80.6377903733286,1.54074395550979E-31));
#2955=CARTESIAN_POINT('Ctrl Pts',(31.9042018729995,80.4796084090402,2.31111593326468E-31));
#2956=CARTESIAN_POINT('Ctrl Pts',(31.8477093799757,80.3324977815978,9.24446373305874E-32));
#2957=CARTESIAN_POINT('Ctrl Pts',(31.7758239042002,80.1947709158102,7.70371977754895E-32));
#2958=CARTESIAN_POINT('Ctrl Pts',(31.7039384284248,80.0570440500226,1.54074395550979E-32));
#2959=CARTESIAN_POINT('Ctrl Pts',(31.6166599698979,79.9287009458898,4.62223186652936E-32));
#2960=CARTESIAN_POINT('Ctrl Pts',(31.5281727619226,79.798717482033,1.38666955995881E-31));
#2961=CARTESIAN_POINT('',(30.8641958026514,82.6623818700845,0.));
#2962=CARTESIAN_POINT('Origin',(24.4538557262881,78.9660164859807,2.5));
#2963=CARTESIAN_POINT('',(30.6736648717868,96.0437156921115,2.5));
#2964=CARTESIAN_POINT('Origin',(34.1736648717868,96.0437156921115,2.5));
#2965=CARTESIAN_POINT('Ctrl Pts',(27.5361637971473,72.4366666368329,-5.55111512312578E-16));
#2966=CARTESIAN_POINT('Ctrl Pts',(27.5361637971473,72.4366666368329,0.833333333333333));
#2967=CARTESIAN_POINT('Ctrl Pts',(27.5361637971473,72.4366666368329,1.66666666666667));
#2968=CARTESIAN_POINT('Ctrl Pts',(27.5361637971473,72.4366666368329,2.5));
#2969=CARTESIAN_POINT('Ctrl Pts',(27.4734993448016,72.2886465323274,-5.55111512312578E-16));
#2970=CARTESIAN_POINT('Ctrl Pts',(27.4734993448016,72.2886465323274,0.833333333333335));
#2971=CARTESIAN_POINT('Ctrl Pts',(27.4734993448016,72.2886465323274,1.66666666666666));
#2972=CARTESIAN_POINT('Ctrl Pts',(27.4734993448016,72.2886465323274,2.5));
#2973=CARTESIAN_POINT('Ctrl Pts',(27.3496163653841,71.9969832461291,-5.55111512312578E-16));
#2974=CARTESIAN_POINT('Ctrl Pts',(27.3496163653841,71.9969832461291,0.833333333333331));
#2975=CARTESIAN_POINT('Ctrl Pts',(27.3496163653841,71.9969832461291,1.66666666666667));
#2976=CARTESIAN_POINT('Ctrl Pts',(27.3496163653841,71.9969832461291,2.5));
#2977=CARTESIAN_POINT('Ctrl Pts',(27.0619027700486,71.6098890890279,-5.55111512312578E-16));
#2978=CARTESIAN_POINT('Ctrl Pts',(27.0619027700486,71.6098890890279,0.833333333333334));
#2979=CARTESIAN_POINT('Ctrl Pts',(27.0619027700486,71.6098890890279,1.66666666666667));
#2980=CARTESIAN_POINT('Ctrl Pts',(27.0619027700486,71.6098890890279,2.5));
#2981=CARTESIAN_POINT('Ctrl Pts',(26.6353034711591,71.309622607391,-5.55111512312578E-16));
#2982=CARTESIAN_POINT('Ctrl Pts',(26.6353034711591,71.309622607391,0.833333333333333));
#2983=CARTESIAN_POINT('Ctrl Pts',(26.6353034711591,71.309622607391,1.66666666666667));
#2984=CARTESIAN_POINT('Ctrl Pts',(26.6353034711591,71.309622607391,2.5));
#2985=CARTESIAN_POINT('Ctrl Pts',(26.1100120305765,71.1328177837363,-5.55111512312578E-16));
#2986=CARTESIAN_POINT('Ctrl Pts',(26.1100120305765,71.1328177837363,0.833333333333333));
#2987=CARTESIAN_POINT('Ctrl Pts',(26.1100120305765,71.1328177837363,1.66666666666667));
#2988=CARTESIAN_POINT('Ctrl Pts',(26.1100120305765,71.1328177837363,2.5));
#2989=CARTESIAN_POINT('Ctrl Pts',(25.5873589606685,71.1129187631377,-5.55111512312578E-16));
#2990=CARTESIAN_POINT('Ctrl Pts',(25.5873589606685,71.1129187631377,0.833333333333334));
#2991=CARTESIAN_POINT('Ctrl Pts',(25.5873589606685,71.1129187631377,1.66666666666667));
#2992=CARTESIAN_POINT('Ctrl Pts',(25.5873589606685,71.1129187631377,2.5));
#2993=CARTESIAN_POINT('Ctrl Pts',(25.1212105201252,71.2435771301159,-5.55111512312578E-16));
#2994=CARTESIAN_POINT('Ctrl Pts',(25.1212105201252,71.2435771301159,0.833333333333333));
#2995=CARTESIAN_POINT('Ctrl Pts',(25.1212105201252,71.2435771301159,1.66666666666667));
#2996=CARTESIAN_POINT('Ctrl Pts',(25.1212105201252,71.2435771301159,2.5));
#2997=CARTESIAN_POINT('Ctrl Pts',(24.84481356667,71.39867779953,-5.55111512312578E-16));
#2998=CARTESIAN_POINT('Ctrl Pts',(24.84481356667,71.39867779953,0.833333333333333));
#2999=CARTESIAN_POINT('Ctrl Pts',(24.84481356667,71.39867779953,1.66666666666667));
#3000=CARTESIAN_POINT('Ctrl Pts',(24.84481356667,71.39867779953,2.5));
#3001=CARTESIAN_POINT('Ctrl Pts',(24.7051169010328,71.4781864565141,-5.55111512312578E-16));
#3002=CARTESIAN_POINT('Ctrl Pts',(24.7051169010328,71.4781864565141,0.833333333333333));
#3003=CARTESIAN_POINT('Ctrl Pts',(24.7051169010328,71.4781864565141,1.66666666666667));
#3004=CARTESIAN_POINT('Ctrl Pts',(24.7051169010328,71.4781864565141,2.5));
#3005=CARTESIAN_POINT('',(24.7051169010328,71.4781864565141,0.));
#3006=CARTESIAN_POINT('',(24.7051169010328,71.4781864565141,1.));
#3007=CARTESIAN_POINT('',(27.5361637971473,72.4366666368329,0.));
#3008=CARTESIAN_POINT('Ctrl Pts',(27.5361637971473,72.4366666368329,6.58555243451211E-44));
#3009=CARTESIAN_POINT('Ctrl Pts',(27.4734993448016,72.2886465323274,1.29422492262818E-30));
#3010=CARTESIAN_POINT('Ctrl Pts',(27.4115578550928,72.1428148892282,-6.51384833025989E-45));
#3011=CARTESIAN_POINT('Ctrl Pts',(27.3326348443492,72.0053833748285,-3.69778549322349E-31));
#3012=CARTESIAN_POINT('Ctrl Pts',(27.2537118336056,71.8679518604287,-7.39557098644698E-31));
#3013=CARTESIAN_POINT('Ctrl Pts',(27.1578073018271,71.7389204747283,-4.37905770101505E-46));
#3014=CARTESIAN_POINT('Ctrl Pts',(27.0387551527896,71.624360368272,2.77333911991761E-31));
#3015=CARTESIAN_POINT('Ctrl Pts',(26.9197030037521,71.5098002618156,5.23852944873328E-31));
#3016=CARTESIAN_POINT('Ctrl Pts',(26.7775032374556,71.4097114346033,3.38963670212154E-31));
#3017=CARTESIAN_POINT('Ctrl Pts',(26.6188547808769,71.330199550388,1.54074395550979E-31));
#3018=CARTESIAN_POINT('Ctrl Pts',(26.4602063242982,71.2506876661728,1.54074395550979E-31));
#3019=CARTESIAN_POINT('Ctrl Pts',(26.2851091774374,71.1917527249545,6.16297582203917E-32));
#3020=CARTESIAN_POINT('Ctrl Pts',(26.1104517590223,71.1589687509123,-6.16297582203913E-32));
#3021=CARTESIAN_POINT('Ctrl Pts',(25.9357943406072,71.1261847768701,-1.23259516440783E-31));
#3022=CARTESIAN_POINT('Ctrl Pts',(25.7615766506379,71.1195517700039,6.16297582203917E-32));
#3023=CARTESIAN_POINT('Ctrl Pts',(25.596776398896,71.1380116610672,6.16297582203914E-32));
#3024=CARTESIAN_POINT('Ctrl Pts',(25.4319761471541,71.1564715521304,1.23259516440783E-31));
#3025=CARTESIAN_POINT('Ctrl Pts',(25.2765933336396,71.2000243411231,-6.16297582203913E-32));
#3026=CARTESIAN_POINT('Ctrl Pts',(25.1298026885186,71.260575902973,-6.16297582203913E-32));
#3027=CARTESIAN_POINT('Ctrl Pts',(24.9830120433976,71.3211274648229,-1.23259516440783E-31));
#3028=CARTESIAN_POINT('Ctrl Pts',(24.8448135666701,71.39867779953,-9.41497405718203E-45));
#3029=CARTESIAN_POINT('Ctrl Pts',(24.7051169010328,71.4781864565141,-2.05268329735081E-46));
#3030=CARTESIAN_POINT('',(27.5361637971473,72.4366666368329,0.));
#3031=CARTESIAN_POINT('Ctrl Pts',(26.5392325100764,82.3272113616181,-2.77555756156289E-16));
#3032=CARTESIAN_POINT('Ctrl Pts',(26.5392325100764,82.3272113616181,0.833333333333333));
#3033=CARTESIAN_POINT('Ctrl Pts',(26.5392325100764,82.3272113616181,1.66666666666667));
#3034=CARTESIAN_POINT('Ctrl Pts',(26.5392325100764,82.3272113616181,2.5));
#3035=CARTESIAN_POINT('Ctrl Pts',(26.5896178082599,82.4898530074624,-2.77555756156289E-16));
#3036=CARTESIAN_POINT('Ctrl Pts',(26.5896178082599,82.4898530074624,0.833333333333335));
#3037=CARTESIAN_POINT('Ctrl Pts',(26.5896178082599,82.4898530074624,1.66666666666667));
#3038=CARTESIAN_POINT('Ctrl Pts',(26.5896178082599,82.4898530074624,2.5));
#3039=CARTESIAN_POINT('Ctrl Pts',(26.6900688404305,82.8087596551183,-2.77555756156289E-16));
#3040=CARTESIAN_POINT('Ctrl Pts',(26.6900688404305,82.8087596551183,0.833333333333331));
#3041=CARTESIAN_POINT('Ctrl Pts',(26.6900688404305,82.8087596551183,1.66666666666667));
#3042=CARTESIAN_POINT('Ctrl Pts',(26.6900688404305,82.8087596551183,2.5));
#3043=CARTESIAN_POINT('Ctrl Pts',(26.9619701388923,83.238529807303,-2.77555756156289E-16));
#3044=CARTESIAN_POINT('Ctrl Pts',(26.9619701388923,83.238529807303,0.833333333333335));
#3045=CARTESIAN_POINT('Ctrl Pts',(26.9619701388923,83.238529807303,1.66666666666666));
#3046=CARTESIAN_POINT('Ctrl Pts',(26.9619701388923,83.238529807303,2.5));
#3047=CARTESIAN_POINT('Ctrl Pts',(27.3976869411243,83.5842781555684,-2.77555756156289E-16));
#3048=CARTESIAN_POINT('Ctrl Pts',(27.3976869411243,83.5842781555684,0.833333333333334));
#3049=CARTESIAN_POINT('Ctrl Pts',(27.3976869411243,83.5842781555684,1.66666666666667));
#3050=CARTESIAN_POINT('Ctrl Pts',(27.3976869411243,83.5842781555684,2.5));
#3051=CARTESIAN_POINT('Ctrl Pts',(27.9510688832563,83.8026768961754,-2.77555756156289E-16));
#3052=CARTESIAN_POINT('Ctrl Pts',(27.9510688832563,83.8026768961754,0.833333333333332));
#3053=CARTESIAN_POINT('Ctrl Pts',(27.9510688832563,83.8026768961754,1.66666666666667));
#3054=CARTESIAN_POINT('Ctrl Pts',(27.9510688832563,83.8026768961754,2.5));
#3055=CARTESIAN_POINT('Ctrl Pts',(28.5056573680412,83.8477625653356,-2.77555756156289E-16));
#3056=CARTESIAN_POINT('Ctrl Pts',(28.5056573680412,83.8477625653356,0.833333333333334));
#3057=CARTESIAN_POINT('Ctrl Pts',(28.5056573680412,83.8477625653356,1.66666666666667));
#3058=CARTESIAN_POINT('Ctrl Pts',(28.5056573680412,83.8477625653356,2.5));
#3059=CARTESIAN_POINT('Ctrl Pts',(28.999232488392,83.7212095212676,-2.77555756156289E-16));
#3060=CARTESIAN_POINT('Ctrl Pts',(28.999232488392,83.7212095212676,0.833333333333333));
#3061=CARTESIAN_POINT('Ctrl Pts',(28.999232488392,83.7212095212676,1.66666666666667));
#3062=CARTESIAN_POINT('Ctrl Pts',(28.999232488392,83.7212095212676,2.5));
#3063=CARTESIAN_POINT('Ctrl Pts',(29.2909739589101,83.5577844579932,-2.77555756156289E-16));
#3064=CARTESIAN_POINT('Ctrl Pts',(29.2909739589101,83.5577844579932,0.833333333333333));
#3065=CARTESIAN_POINT('Ctrl Pts',(29.2909739589101,83.5577844579932,1.66666666666667));
#3066=CARTESIAN_POINT('Ctrl Pts',(29.2909739589101,83.5577844579932,2.5));
#3067=CARTESIAN_POINT('Ctrl Pts',(29.4389523420059,83.4735622437481,-2.77555756156289E-16));
#3068=CARTESIAN_POINT('Ctrl Pts',(29.4389523420059,83.4735622437481,0.833333333333333));
#3069=CARTESIAN_POINT('Ctrl Pts',(29.4389523420059,83.4735622437481,1.66666666666667));
#3070=CARTESIAN_POINT('Ctrl Pts',(29.4389523420059,83.4735622437481,2.5));
#3071=CARTESIAN_POINT('',(29.4389523420059,83.4735622437481,0.));
#3072=CARTESIAN_POINT('',(29.4389523420059,83.4735622437481,1.));
#3073=CARTESIAN_POINT('',(26.5392325100764,82.3272113616181,0.));
#3074=CARTESIAN_POINT('Ctrl Pts',(26.5392325100764,82.3272113616181,1.54074395550979E-31));
#3075=CARTESIAN_POINT('Ctrl Pts',(26.5896178082599,82.4898530074624,5.70075263538622E-31));
#3076=CARTESIAN_POINT('Ctrl Pts',(26.6398433243452,82.6493063312904,6.16297582203915E-32));
#3077=CARTESIAN_POINT('Ctrl Pts',(26.7102729654648,82.8006613519018,0.));
#3078=CARTESIAN_POINT('Ctrl Pts',(26.7807026065844,82.9520163725132,-9.24446373305873E-32));
#3079=CARTESIAN_POINT('Ctrl Pts',(26.8713363727384,83.0952730899081,3.08148791101958E-31));
#3080=CARTESIAN_POINT('Ctrl Pts',(26.989272722854,83.2245261733165,4.77630626208034E-31));
#3081=CARTESIAN_POINT('Ctrl Pts',(27.1072090729697,83.3537792567248,5.70075263538622E-31));
#3082=CARTESIAN_POINT('Ctrl Pts',(27.252448007047,83.4690287061466,4.62223186652937E-31));
#3083=CARTESIAN_POINT('Ctrl Pts',(27.4172977977743,83.5630532209587,3.23556230657056E-31));
#3084=CARTESIAN_POINT('Ctrl Pts',(27.5821475885016,83.6570777357708,1.69481835106077E-31));
#3085=CARTESIAN_POINT('Ctrl Pts',(27.766608235879,83.7298773159731,3.0814879110196E-32));
#3086=CARTESIAN_POINT('Ctrl Pts',(27.9512699736985,83.7737913842676,7.70371977754896E-32));
#3087=CARTESIAN_POINT('Ctrl Pts',(28.135931711518,83.8177054525622,1.07852076885685E-31));
#3088=CARTESIAN_POINT('Ctrl Pts',(28.3207945397796,83.8327340089489,3.08148791101958E-31));
#3089=CARTESIAN_POINT('Ctrl Pts',(28.4954884739689,83.8191561131309,2.77333911991762E-31));
#3090=CARTESIAN_POINT('Ctrl Pts',(28.6701824081582,83.8055782173129,3.54371109767251E-31));
#3091=CARTESIAN_POINT('Ctrl Pts',(28.8347074482751,83.7633938692903,2.15704153771371E-31));
#3092=CARTESIAN_POINT('Ctrl Pts',(28.9899053359631,83.7014454294603,1.69481835106077E-31));
#3093=CARTESIAN_POINT('Ctrl Pts',(29.145103223651,83.6394969896304,4.62223186652937E-32));
#3094=CARTESIAN_POINT('Ctrl Pts',(29.2909739589101,83.5577844579932,4.62223186652936E-32));
#3095=CARTESIAN_POINT('Ctrl Pts',(29.4389523420059,83.4735622437481,1.38666955995881E-31));
#3096=CARTESIAN_POINT('',(26.5392325100764,82.3272113616181,0.));
#3097=CARTESIAN_POINT('Origin',(14.7340465807894,61.8883172798499,2.5));
#3098=CARTESIAN_POINT('Origin',(34.1736648717868,96.0437156921115,2.5));
#3099=CARTESIAN_POINT('Origin',(14.7340465807894,61.8883172798499,2.5));
#3100=CARTESIAN_POINT('',(12.3324104365976,67.9283622987973,2.5));
#3101=CARTESIAN_POINT('Ctrl Pts',(27.8901000513613,94.3803416669712,2.5));
#3102=CARTESIAN_POINT('Ctrl Pts',(27.8901000513613,94.3803416669712,6.5));
#3103=CARTESIAN_POINT('Ctrl Pts',(28.0125314462603,93.9178446012026,2.5));
#3104=CARTESIAN_POINT('Ctrl Pts',(28.0125314462603,93.9178446012026,6.5));
#3105=CARTESIAN_POINT('Ctrl Pts',(28.2135340305941,92.9968249589199,2.5));
#3106=CARTESIAN_POINT('Ctrl Pts',(28.2135340305941,92.9968249589199,6.5));
#3107=CARTESIAN_POINT('Ctrl Pts',(28.3834565955024,91.6272231802216,2.5));
#3108=CARTESIAN_POINT('Ctrl Pts',(28.3834565955024,91.6272231802216,6.5));
#3109=CARTESIAN_POINT('Ctrl Pts',(28.3605581756098,89.8129066939702,2.5));
#3110=CARTESIAN_POINT('Ctrl Pts',(28.3605581756098,89.8129066939702,6.5));
#3111=CARTESIAN_POINT('Ctrl Pts',(27.9927411510548,87.5039935644842,2.5));
#3112=CARTESIAN_POINT('Ctrl Pts',(27.9927411510548,87.5039935644842,6.5));
#3113=CARTESIAN_POINT('Ctrl Pts',(27.3811152024453,85.0902040468942,2.5));
#3114=CARTESIAN_POINT('Ctrl Pts',(27.3811152024453,85.0902040468942,6.5));
#3115=CARTESIAN_POINT('Ctrl Pts',(26.6161646563811,82.5346457459943,2.5));
#3116=CARTESIAN_POINT('Ctrl Pts',(26.6161646563811,82.5346457459943,6.5));
#3117=CARTESIAN_POINT('Ctrl Pts',(25.7635022090171,79.85254715789,2.5));
#3118=CARTESIAN_POINT('Ctrl Pts',(25.7635022090171,79.85254715789,6.5));
#3119=CARTESIAN_POINT('Ctrl Pts',(24.8356982191205,77.152221843436,2.5));
#3120=CARTESIAN_POINT('Ctrl Pts',(24.8356982191205,77.152221843436,6.5));
#3121=CARTESIAN_POINT('Ctrl Pts',(23.8014564024605,74.6102935282925,2.5));
#3122=CARTESIAN_POINT('Ctrl Pts',(23.8014564024605,74.6102935282925,6.5));
#3123=CARTESIAN_POINT('Ctrl Pts',(22.6116737623916,72.4174434809218,2.5));
#3124=CARTESIAN_POINT('Ctrl Pts',(22.6116737623916,72.4174434809218,6.5));
#3125=CARTESIAN_POINT('Ctrl Pts',(21.2207966345008,70.7314784731408,2.5));
#3126=CARTESIAN_POINT('Ctrl Pts',(21.2207966345008,70.7314784731408,6.5));
#3127=CARTESIAN_POINT('Ctrl Pts',(19.6083553941259,69.6310294211255,2.5));
#3128=CARTESIAN_POINT('Ctrl Pts',(19.6083553941259,69.6310294211255,6.5));
#3129=CARTESIAN_POINT('Ctrl Pts',(17.8068844681505,69.0527525622897,2.5));
#3130=CARTESIAN_POINT('Ctrl Pts',(17.8068844681505,69.0527525622897,6.5));
#3131=CARTESIAN_POINT('Ctrl Pts',(15.912679081116,68.7697562994549,2.5));
#3132=CARTESIAN_POINT('Ctrl Pts',(15.912679081116,68.7697562994549,6.5));
#3133=CARTESIAN_POINT('Ctrl Pts',(14.4151915869484,68.557059421494,2.5));
#3134=CARTESIAN_POINT('Ctrl Pts',(14.4151915869484,68.557059421494,6.5));
#3135=CARTESIAN_POINT('Ctrl Pts',(13.3470614563062,68.2955362294515,2.5));
#3136=CARTESIAN_POINT('Ctrl Pts',(13.3470614563062,68.2955362294515,6.5));
#3137=CARTESIAN_POINT('Ctrl Pts',(12.6655331146459,68.0608181764508,2.5));
#3138=CARTESIAN_POINT('Ctrl Pts',(12.6655331146459,68.0608181764508,6.5));
#3139=CARTESIAN_POINT('Ctrl Pts',(12.3324104365976,67.9283622987973,2.5));
#3140=CARTESIAN_POINT('Ctrl Pts',(12.3324104365976,67.9283622987973,6.5));
#3141=CARTESIAN_POINT('Ctrl Pts',(26.5392325100764,82.3272113616181,2.5));
#3142=CARTESIAN_POINT('Ctrl Pts',(26.3877928535938,81.8383704523765,2.5));
#3143=CARTESIAN_POINT('Ctrl Pts',(26.0654845900828,80.8157145261578,2.5));
#3144=CARTESIAN_POINT('Ctrl Pts',(25.5528803757265,79.2396497923135,2.5));
#3145=CARTESIAN_POINT('Ctrl Pts',(24.975861952816,77.5651689166635,2.5));
#3146=CARTESIAN_POINT('Ctrl Pts',(24.3475817181654,75.9669740514082,2.5));
#3147=CARTESIAN_POINT('Ctrl Pts',(23.8746222097435,74.9188411587348,2.5));
#3148=CARTESIAN_POINT('Ctrl Pts',(23.6085175693978,74.3783965303614,2.5));
#3149=CARTESIAN_POINT('Ctrl Pts',(23.5694104614519,74.3000017414745,2.5));
#3150=CARTESIAN_POINT('Ctrl Pts',(16.2447034333697,57.1219857897254,-6.5));
#3151=CARTESIAN_POINT('Ctrl Pts',(16.7592319605206,57.285062161354,-6.5));
#3152=CARTESIAN_POINT('Ctrl Pts',(17.7711544092305,57.6698894502592,-6.5));
#3153=CARTESIAN_POINT('Ctrl Pts',(19.1823982428478,58.4757603785508,-6.5));
#3154=CARTESIAN_POINT('Ctrl Pts',(20.411043599856,59.5436097592896,-6.5));
#3155=CARTESIAN_POINT('Ctrl Pts',(21.7262833151515,61.2714163187087,-6.5));
#3156=CARTESIAN_POINT('Ctrl Pts',(22.8486453730542,63.7388051379941,-6.5));
#3157=CARTESIAN_POINT('Ctrl Pts',(24.2163036568715,67.8297710925748,-6.5));
#3158=CARTESIAN_POINT('Ctrl Pts',(25.9659867214789,72.953203016356,-6.5));
#3159=CARTESIAN_POINT('Ctrl Pts',(28.8775822317102,78.7672341730652,-6.5));
#3160=CARTESIAN_POINT('Ctrl Pts',(32.0465700587387,83.1589196529176,-6.5));
#3161=CARTESIAN_POINT('Ctrl Pts',(34.8078566675866,86.4709058356764,-6.5));
#3162=CARTESIAN_POINT('Ctrl Pts',(36.7764434615846,89.0498680081051,-6.5));
#3163=CARTESIAN_POINT('Ctrl Pts',(38.29526554777,91.9291467929765,-6.5));
#3164=CARTESIAN_POINT('Ctrl Pts',(38.872017056859,94.0211379363826,-6.5));
#3165=CARTESIAN_POINT('Ctrl Pts',(39.0799936983818,95.080420594375,-6.5));
#3166=CARTESIAN_POINT('Ctrl Pts',(16.3802996753743,56.6941608756126,-6.5));
#3167=CARTESIAN_POINT('Ctrl Pts',(16.9111771773832,56.862418945357,-6.5));
#3168=CARTESIAN_POINT('Ctrl Pts',(17.960267679512,57.2608781817017,-6.5));
#3169=CARTESIAN_POINT('Ctrl Pts',(19.4419738505411,58.105912694187,-6.5));
#3170=CARTESIAN_POINT('Ctrl Pts',(20.7426161991078,59.2359847445541,-6.5));
#3171=CARTESIAN_POINT('Ctrl Pts',(22.1232183486714,61.053323827425,-6.5));
#3172=CARTESIAN_POINT('Ctrl Pts',(23.2707490442601,63.5849221361161,-6.5));
#3173=CARTESIAN_POINT('Ctrl Pts',(24.6448504522318,67.695690825729,-6.5));
#3174=CARTESIAN_POINT('Ctrl Pts',(26.3822727200549,72.7819792126454,-6.5));
#3175=CARTESIAN_POINT('Ctrl Pts',(29.2638611278573,78.5345972622919,-6.5));
#3176=CARTESIAN_POINT('Ctrl Pts',(32.3973650904264,82.8779984742063,-6.5));
#3177=CARTESIAN_POINT('Ctrl Pts',(35.153183927412,86.1844661194225,-6.5));
#3178=CARTESIAN_POINT('Ctrl Pts',(37.1511022588558,88.7987106619786,-6.5));
#3179=CARTESIAN_POINT('Ctrl Pts',(38.7172715105244,91.7648387549242,-6.5));
#3180=CARTESIAN_POINT('Ctrl Pts',(39.3080052005759,93.9122475711778,-6.5));
#3181=CARTESIAN_POINT('Ctrl Pts',(39.5203847440311,94.9939554285953,-6.5));
#3182=CARTESIAN_POINT('Ctrl Pts',(16.615058412417,55.95346456259,-6.12342091575807));
#3183=CARTESIAN_POINT('Ctrl Pts',(17.1740161961066,56.1306224896001,-6.12342091575807));
#3184=CARTESIAN_POINT('Ctrl Pts',(18.2875545929535,56.5529275844692,-6.12342091575807));
#3185=CARTESIAN_POINT('Ctrl Pts',(19.8907744730198,57.4656115876733,-6.12342091575807));
#3186=CARTESIAN_POINT('Ctrl Pts',(21.3156335273456,58.7030114201328,-6.12342091575807));
#3187=CARTESIAN_POINT('Ctrl Pts',(22.8091126786165,60.6747443365104,-6.12342091575807));
#3188=CARTESIAN_POINT('Ctrl Pts',(24.0005468210848,63.3173438825467,-6.12342091575807));
#3189=CARTESIAN_POINT('Ctrl Pts',(25.3862819948774,67.4628278225631,-6.12342091575807));
#3190=CARTESIAN_POINT('Ctrl Pts',(27.1027236276934,72.4852018268749,-6.12342091575807));
#3191=CARTESIAN_POINT('Ctrl Pts',(29.9326210405526,78.1319090731626,-6.12342091575807));
#3192=CARTESIAN_POINT('Ctrl Pts',(33.0050048777977,82.3921970482612,-6.12342091575807));
#3193=CARTESIAN_POINT('Ctrl Pts',(35.7514577774133,85.6892575970416,-6.12342091575807));
#3194=CARTESIAN_POINT('Ctrl Pts',(37.7999569253479,88.3645063025543,-6.12342091575807));
#3195=CARTESIAN_POINT('Ctrl Pts',(39.4478071167462,91.4805539505759,-6.12342091575807));
#3196=CARTESIAN_POINT('Ctrl Pts',(40.0628951152745,93.7240332771052,-6.12342091575807));
#3197=CARTESIAN_POINT('Ctrl Pts',(40.2828368898513,94.8442576728424,-6.12342091575807));
#3198=CARTESIAN_POINT('Ctrl Pts',(16.6979004891438,55.6920863426881,-5.33659921288462));
#3199=CARTESIAN_POINT('Ctrl Pts',(17.2668703995261,55.8724175462168,-5.33659921288462));
#3200=CARTESIAN_POINT('Ctrl Pts',(18.4031060710526,56.3030251495447,-5.33659921288462));
#3201=CARTESIAN_POINT('Ctrl Pts',(20.0494252578129,57.2396523751234,-5.33659921288462));
#3202=CARTESIAN_POINT('Ctrl Pts',(21.518316342027,58.5151091125385,-5.33659921288462));
#3203=CARTESIAN_POINT('Ctrl Pts',(23.0517586430709,60.5416066087334,-5.33659921288462));
#3204=CARTESIAN_POINT('Ctrl Pts',(24.2585347100802,63.223452190861,-5.33659921288462));
#3205=CARTESIAN_POINT('Ctrl Pts',(25.6481556620304,67.3809890063553,-5.33659921288462));
#3206=CARTESIAN_POINT('Ctrl Pts',(27.3570805264489,72.380628783386,-5.33659921288462));
#3207=CARTESIAN_POINT('Ctrl Pts',(30.1686176493096,77.9897720981264,-5.33659921288462));
#3208=CARTESIAN_POINT('Ctrl Pts',(33.219289600377,82.2205100229258,-5.33659921288462));
#3209=CARTESIAN_POINT('Ctrl Pts',(35.962391359576,85.5141834742041,-5.33659921288462));
#3210=CARTESIAN_POINT('Ctrl Pts',(38.0288317783004,88.2109963355806,-5.33659921288462));
#3211=CARTESIAN_POINT('Ctrl Pts',(39.7056393954323,91.3801511581231,-5.33659921288462));
#3212=CARTESIAN_POINT('Ctrl Pts',(40.3292542307378,93.657474457314,-5.33659921288462));
#3213=CARTESIAN_POINT('Ctrl Pts',(40.5518923463602,94.791432065054,-5.33659921288462));
#3214=CARTESIAN_POINT('Ctrl Pts',(16.6979004891438,55.6920863426881,-5.));
#3215=CARTESIAN_POINT('Ctrl Pts',(17.2668286163275,55.8724043033118,-5.));
#3216=CARTESIAN_POINT('Ctrl Pts',(18.4030826095228,56.3030573988687,-5.));
#3217=CARTESIAN_POINT('Ctrl Pts',(20.049312913094,57.2396558723392,-5.));
#3218=CARTESIAN_POINT('Ctrl Pts',(21.5181236707716,58.5150384962662,-5.));
#3219=CARTESIAN_POINT('Ctrl Pts',(23.0515129200731,60.5414217911765,-5.));
#3220=CARTESIAN_POINT('Ctrl Pts',(24.2583500976604,63.2232366869918,-5.));
#3221=CARTESIAN_POINT('Ctrl Pts',(25.6480600262706,67.3808535386004,-5.));
#3222=CARTESIAN_POINT('Ctrl Pts',(27.3570307171772,72.3805662617145,-5.));
#3223=CARTESIAN_POINT('Ctrl Pts',(30.1686162583086,77.9897865479122,-5.));
#3224=CARTESIAN_POINT('Ctrl Pts',(33.2193464458045,82.2206139920847,-5.));
#3225=CARTESIAN_POINT('Ctrl Pts',(35.9624668751714,85.5143147989487,-5.));
#3226=CARTESIAN_POINT('Ctrl Pts',(38.0288699214325,88.2111127072465,-5.));
#3227=CARTESIAN_POINT('Ctrl Pts',(39.7056233532567,91.3801851454941,-5.));
#3228=CARTESIAN_POINT('Ctrl Pts',(40.3292654832676,93.6575317695656,-5.));
#3229=CARTESIAN_POINT('Ctrl Pts',(40.5518923463602,94.791432065054,-5.));
#3230=CARTESIAN_POINT('',(39.0799936983818,95.080420594375,-6.5));
#3231=CARTESIAN_POINT('',(40.5518923463602,94.791432065054,-5.));
#3232=CARTESIAN_POINT('Origin',(39.0799936983818,95.080420594375,-5.));
#3233=CARTESIAN_POINT('',(16.6979004891438,55.6920863426881,-5.));
#3234=CARTESIAN_POINT('Ctrl Pts',(40.5518923463602,94.791432065054,-5.));
#3235=CARTESIAN_POINT('Ctrl Pts',(40.3292654832676,93.6575317695656,-5.));
#3236=CARTESIAN_POINT('Ctrl Pts',(39.7056233532567,91.3801851454941,-5.));
#3237=CARTESIAN_POINT('Ctrl Pts',(38.0288699214325,88.2111127072465,-5.));
#3238=CARTESIAN_POINT('Ctrl Pts',(35.9624668751714,85.5143147989487,-5.));
#3239=CARTESIAN_POINT('Ctrl Pts',(33.2193464458045,82.2206139920847,-5.));
#3240=CARTESIAN_POINT('Ctrl Pts',(30.1686162583086,77.9897865479122,-5.));
#3241=CARTESIAN_POINT('Ctrl Pts',(27.3570307171772,72.3805662617145,-5.));
#3242=CARTESIAN_POINT('Ctrl Pts',(25.6480600262706,67.3808535386004,-5.));
#3243=CARTESIAN_POINT('Ctrl Pts',(24.2583500976604,63.2232366869918,-5.));
#3244=CARTESIAN_POINT('Ctrl Pts',(23.0515129200731,60.5414217911765,-5.));
#3245=CARTESIAN_POINT('Ctrl Pts',(21.5181236707716,58.5150384962662,-5.));
#3246=CARTESIAN_POINT('Ctrl Pts',(20.049312913094,57.2396558723392,-5.));
#3247=CARTESIAN_POINT('Ctrl Pts',(18.4030826095228,56.3030573988687,-5.));
#3248=CARTESIAN_POINT('Ctrl Pts',(17.2668286163275,55.8724043033118,-5.));
#3249=CARTESIAN_POINT('Ctrl Pts',(16.6979004891438,55.6920863426881,-5.));
#3250=CARTESIAN_POINT('',(16.2447034333697,57.1219857897254,-6.5));
#3251=CARTESIAN_POINT('Origin',(16.2447034333697,57.1219857897254,-5.));
#3252=CARTESIAN_POINT('Ctrl Pts',(16.2447034333697,57.1219857897254,-6.5));
#3253=CARTESIAN_POINT('Ctrl Pts',(16.7592319605206,57.285062161354,-6.5));
#3254=CARTESIAN_POINT('Ctrl Pts',(17.7711544092305,57.6698894502592,-6.5));
#3255=CARTESIAN_POINT('Ctrl Pts',(19.1823982428478,58.4757603785508,-6.5));
#3256=CARTESIAN_POINT('Ctrl Pts',(20.411043599856,59.5436097592896,-6.5));
#3257=CARTESIAN_POINT('Ctrl Pts',(21.7262833151515,61.2714163187087,-6.5));
#3258=CARTESIAN_POINT('Ctrl Pts',(22.8486453730542,63.7388051379941,-6.5));
#3259=CARTESIAN_POINT('Ctrl Pts',(24.2163036568715,67.8297710925748,-6.5));
#3260=CARTESIAN_POINT('Ctrl Pts',(25.9659867214789,72.953203016356,-6.5));
#3261=CARTESIAN_POINT('Ctrl Pts',(28.8775822317102,78.7672341730652,-6.5));
#3262=CARTESIAN_POINT('Ctrl Pts',(32.0465700587387,83.1589196529176,-6.5));
#3263=CARTESIAN_POINT('Ctrl Pts',(34.8078566675866,86.4709058356764,-6.5));
#3264=CARTESIAN_POINT('Ctrl Pts',(36.7764434615846,89.0498680081051,-6.5));
#3265=CARTESIAN_POINT('Ctrl Pts',(38.29526554777,91.9291467929765,-6.5));
#3266=CARTESIAN_POINT('Ctrl Pts',(38.872017056859,94.0211379363826,-6.5));
#3267=CARTESIAN_POINT('Ctrl Pts',(39.0799936983818,95.080420594375,-6.5));
#3268=CARTESIAN_POINT('Origin',(34.1736648717868,96.0437156921115,-5.));
#3269=CARTESIAN_POINT('',(29.3401534714595,94.7641972112343,-6.5));
#3270=CARTESIAN_POINT('',(27.8901000513613,94.3803416669712,-5.));
#3271=CARTESIAN_POINT('Origin',(29.3401534714595,94.7641972112343,-5.));
#3272=CARTESIAN_POINT('Origin',(34.1736648717868,96.0437156921115,-5.));
#3273=CARTESIAN_POINT('Origin',(34.1736648717868,96.0437156921115,-6.5));
#3274=CARTESIAN_POINT('Ctrl Pts',(29.3401534714595,94.7641972112342,-6.5));
#3275=CARTESIAN_POINT('Ctrl Pts',(29.563884153541,93.9190317692293,-6.5));
#3276=CARTESIAN_POINT('Ctrl Pts',(29.8653529044294,92.1881118272825,-6.5));
#3277=CARTESIAN_POINT('Ctrl Pts',(29.8102293569556,88.6708965353288,-6.5));
#3278=CARTESIAN_POINT('Ctrl Pts',(28.7822565283401,84.410170738752,-6.5));
#3279=CARTESIAN_POINT('Ctrl Pts',(27.2047089360369,79.4055007888002,-6.5));
#3280=CARTESIAN_POINT('Ctrl Pts',(25.4729802901036,74.4697030529235,-6.5));
#3281=CARTESIAN_POINT('Ctrl Pts',(23.3200344790332,70.5918116861708,-6.5));
#3282=CARTESIAN_POINT('Ctrl Pts',(20.5197338232614,68.3989683887272,-6.5));
#3283=CARTESIAN_POINT('Ctrl Pts',(18.0054520986908,67.5507905200289,-6.5));
#3284=CARTESIAN_POINT('Ctrl Pts',(15.8505398104661,67.2600389493848,-6.5));
#3285=CARTESIAN_POINT('Ctrl Pts',(14.1321074821347,66.9489811075561,-6.5));
#3286=CARTESIAN_POINT('Ctrl Pts',(13.2928396732283,66.6960207503454,-6.5));
#3287=CARTESIAN_POINT('Ctrl Pts',(12.8866341621803,66.5345057559633,-6.5));
#3288=CARTESIAN_POINT('Ctrl Pts',(28.9062985027078,94.6493479009584,-6.5));
#3289=CARTESIAN_POINT('Ctrl Pts',(29.12344910686,93.8290393736143,-6.5));
#3290=CARTESIAN_POINT('Ctrl Pts',(29.4147739767976,92.1532006057219,-6.5));
#3291=CARTESIAN_POINT('Ctrl Pts',(29.3636220533262,88.7442713668601,-6.5));
#3292=CARTESIAN_POINT('Ctrl Pts',(28.3531861368665,84.541014708554,-6.5));
#3293=CARTESIAN_POINT('Ctrl Pts',(26.776506723498,79.5431181947788,-6.5));
#3294=CARTESIAN_POINT('Ctrl Pts',(25.0567290762688,74.6380859157267,-6.5));
#3295=CARTESIAN_POINT('Ctrl Pts',(22.9489471512152,70.8666169055062,-6.5));
#3296=CARTESIAN_POINT('Ctrl Pts',(20.3051837162326,68.8043690716572,-6.5));
#3297=CARTESIAN_POINT('Ctrl Pts',(17.9199164611246,67.9939206781015,-6.5));
#3298=CARTESIAN_POINT('Ctrl Pts',(15.7931218419885,67.7048089944217,-6.5));
#3299=CARTESIAN_POINT('Ctrl Pts',(14.0336994395266,67.3879205582751,-6.5));
#3300=CARTESIAN_POINT('Ctrl Pts',(13.1498130354764,67.1221260570861,-6.5));
#3301=CARTESIAN_POINT('Ctrl Pts',(12.7208108112531,66.9515466583562,-6.5));
#3302=CARTESIAN_POINT('Ctrl Pts',(28.1551532231447,94.4505060678845,-6.12343220413803));
#3303=CARTESIAN_POINT('Ctrl Pts',(28.3610021742367,93.6728906862241,-6.12343220413803));
#3304=CARTESIAN_POINT('Ctrl Pts',(28.6348624972721,92.0923842536601,-6.12343220413803));
#3305=CARTESIAN_POINT('Ctrl Pts',(28.5906211900525,88.8703920311941,-6.12343220413803));
#3306=CARTESIAN_POINT('Ctrl Pts',(27.6103045059443,84.7670539189049,-6.12343220413803));
#3307=CARTESIAN_POINT('Ctrl Pts',(26.0355971601319,79.7815245565689,-6.12343220413803));
#3308=CARTESIAN_POINT('Ctrl Pts',(24.3366120398519,74.9302257347353,-6.12343220413803));
#3309=CARTESIAN_POINT('Ctrl Pts',(22.3075994114584,71.3427392945089,-6.12343220413803));
#3310=CARTESIAN_POINT('Ctrl Pts',(19.9337577427469,69.5058270368685,-6.12343220413803));
#3311=CARTESIAN_POINT('Ctrl Pts',(17.7703233300053,68.7602927858171,-6.12343220413803));
#3312=CARTESIAN_POINT('Ctrl Pts',(15.6922785132355,68.4744180463074,-6.12343220413803));
#3313=CARTESIAN_POINT('Ctrl Pts',(13.862421690009,68.1475255415157,-6.12343220413803));
#3314=CARTESIAN_POINT('Ctrl Pts',(12.9018730497351,67.8597292949122,-6.12343220413803));
#3315=CARTESIAN_POINT('Ctrl Pts',(12.4337161914803,67.6735812730996,-6.12343220413803));
#3316=CARTESIAN_POINT('Ctrl Pts',(27.8901000513613,94.3803416669712,-5.33659921288462));
#3317=CARTESIAN_POINT('Ctrl Pts',(28.0919193568977,93.6179486818791,-5.33659921288462));
#3318=CARTESIAN_POINT('Ctrl Pts',(28.3595720421805,92.0710961037199,-5.33659921288462));
#3319=CARTESIAN_POINT('Ctrl Pts',(28.3177534142375,88.9153166380862,-5.33659921288462));
#3320=CARTESIAN_POINT('Ctrl Pts',(27.3481765004498,84.8470428493776,-5.33659921288462));
#3321=CARTESIAN_POINT('Ctrl Pts',(25.7739493158373,79.8655829901601,-5.33659921288462));
#3322=CARTESIAN_POINT('Ctrl Pts',(24.0822545043049,75.0330294113636,-5.33659921288462));
#3323=CARTESIAN_POINT('Ctrl Pts',(22.0807719825346,71.5105879893894,-5.33659921288462));
#3324=CARTESIAN_POINT('Ctrl Pts',(19.802680275324,69.7535421264898,-5.33659921288462));
#3325=CARTESIAN_POINT('Ctrl Pts',(17.7182283828854,69.0311014802234,-5.33659921288462));
#3326=CARTESIAN_POINT('Ctrl Pts',(15.6573539949151,68.746185984914,-5.33659921288462));
#3327=CARTESIAN_POINT('Ctrl Pts',(13.8023982060249,68.4157217152873,-5.33659921288462));
#3328=CARTESIAN_POINT('Ctrl Pts',(12.8145280222051,68.1200613698661,-5.33659921288462));
#3329=CARTESIAN_POINT('Ctrl Pts',(12.3324104365976,67.9283622987973,-5.33659921288462));
#3330=CARTESIAN_POINT('Ctrl Pts',(27.8901000513613,94.3803416669712,-5.));
#3331=CARTESIAN_POINT('Ctrl Pts',(28.0919361736526,93.6178851548745,-5.));
#3332=CARTESIAN_POINT('Ctrl Pts',(28.359607015218,92.0710267781642,-5.));
#3333=CARTESIAN_POINT('Ctrl Pts',(28.3177947769758,88.915146793806,-5.));
#3334=CARTESIAN_POINT('Ctrl Pts',(27.3481727844828,84.8469510600059,-5.));
#3335=CARTESIAN_POINT('Ctrl Pts',(25.7740326273349,79.865609988474,-5.));
#3336=CARTESIAN_POINT('Ctrl Pts',(24.0823566380738,75.0331433246211,-5.));
#3337=CARTESIAN_POINT('Ctrl Pts',(22.080980968337,71.5106519014269,-5.));
#3338=CARTESIAN_POINT('Ctrl Pts',(19.8026859624449,69.7534635155261,-5.));
#3339=CARTESIAN_POINT('Ctrl Pts',(17.7179494878509,69.0309471633852,-5.));
#3340=CARTESIAN_POINT('Ctrl Pts',(15.6570878845953,68.746105482125,-5.));
#3341=CARTESIAN_POINT('Ctrl Pts',(13.802230977525,68.4156580259892,-5.));
#3342=CARTESIAN_POINT('Ctrl Pts',(12.814469760473,68.1200382038994,-5.));
#3343=CARTESIAN_POINT('Ctrl Pts',(12.3324104365976,67.9283622987973,-5.));
#3344=CARTESIAN_POINT('',(12.8866341621803,66.5345057559633,-6.5));
#3345=CARTESIAN_POINT('',(12.3324104365976,67.9283622987973,-5.));
#3346=CARTESIAN_POINT('Origin',(12.8866341621803,66.5345057559633,-5.));
#3347=CARTESIAN_POINT('Ctrl Pts',(12.3324104365976,67.9283622987973,-5.));
#3348=CARTESIAN_POINT('Ctrl Pts',(12.814469760473,68.1200382038994,-5.));
#3349=CARTESIAN_POINT('Ctrl Pts',(13.802230977525,68.4156580259892,-5.));
#3350=CARTESIAN_POINT('Ctrl Pts',(15.6570878845953,68.746105482125,-5.));
#3351=CARTESIAN_POINT('Ctrl Pts',(17.7179494878509,69.0309471633852,-5.));
#3352=CARTESIAN_POINT('Ctrl Pts',(19.8026859624449,69.7534635155261,-5.));
#3353=CARTESIAN_POINT('Ctrl Pts',(22.080980968337,71.5106519014269,-5.));
#3354=CARTESIAN_POINT('Ctrl Pts',(24.0823566380738,75.0331433246211,-5.));
#3355=CARTESIAN_POINT('Ctrl Pts',(25.7740326273349,79.865609988474,-5.));
#3356=CARTESIAN_POINT('Ctrl Pts',(27.3481727844828,84.8469510600059,-5.));
#3357=CARTESIAN_POINT('Ctrl Pts',(28.3177947769758,88.915146793806,-5.));
#3358=CARTESIAN_POINT('Ctrl Pts',(28.359607015218,92.0710267781642,-5.));
#3359=CARTESIAN_POINT('Ctrl Pts',(28.0919361736526,93.6178851548745,-5.));
#3360=CARTESIAN_POINT('Ctrl Pts',(27.8901000513613,94.3803416669712,-5.));
#3361=CARTESIAN_POINT('Ctrl Pts',(29.3401534714595,94.7641972112342,-6.5));
#3362=CARTESIAN_POINT('Ctrl Pts',(29.563884153541,93.9190317692293,-6.5));
#3363=CARTESIAN_POINT('Ctrl Pts',(29.8653529044294,92.1881118272825,-6.5));
#3364=CARTESIAN_POINT('Ctrl Pts',(29.8102293569556,88.6708965353288,-6.5));
#3365=CARTESIAN_POINT('Ctrl Pts',(28.7822565283401,84.410170738752,-6.5));
#3366=CARTESIAN_POINT('Ctrl Pts',(27.2047089360369,79.4055007888002,-6.5));
#3367=CARTESIAN_POINT('Ctrl Pts',(25.4729802901036,74.4697030529235,-6.5));
#3368=CARTESIAN_POINT('Ctrl Pts',(23.3200344790332,70.5918116861708,-6.5));
#3369=CARTESIAN_POINT('Ctrl Pts',(20.5197338232614,68.3989683887272,-6.5));
#3370=CARTESIAN_POINT('Ctrl Pts',(18.0054520986908,67.5507905200289,-6.5));
#3371=CARTESIAN_POINT('Ctrl Pts',(15.8505398104661,67.2600389493848,-6.5));
#3372=CARTESIAN_POINT('Ctrl Pts',(14.1321074821347,66.9489811075561,-6.5));
#3373=CARTESIAN_POINT('Ctrl Pts',(13.2928396732283,66.6960207503454,-6.5));
#3374=CARTESIAN_POINT('Ctrl Pts',(12.8866341621803,66.5345057559633,-6.5));
#3375=CARTESIAN_POINT('Origin',(14.7340465807894,61.8883172798499,-5.));
#3376=CARTESIAN_POINT('Origin',(14.7340465807894,61.8883172798499,-5.));
#3377=CARTESIAN_POINT('Origin',(14.7340465807894,61.8883172798499,-6.5));
#3378=CARTESIAN_POINT('Origin',(14.7340465807894,61.8883172798499,-2.5));
#3379=CARTESIAN_POINT('',(16.6979004891438,55.6920863426881,-4.));
#3380=CARTESIAN_POINT('',(16.6979004891438,55.6920863426881,-2.5));
#3381=CARTESIAN_POINT('',(12.3324104365976,67.9283622987973,-4.));
#3382=CARTESIAN_POINT('Origin',(14.7340465807894,61.8883172798499,-4.));
#3383=CARTESIAN_POINT('',(12.3324104365976,67.9283622987973,-2.5));
#3384=CARTESIAN_POINT('Ctrl Pts',(16.6979004891438,55.6920863426881,-2.5));
#3385=CARTESIAN_POINT('Ctrl Pts',(16.6979004891438,55.6920863426881,-6.5));
#3386=CARTESIAN_POINT('Ctrl Pts',(17.3904160075327,55.9115744994686,-2.5));
#3387=CARTESIAN_POINT('Ctrl Pts',(17.3904160075327,55.9115744994686,-6.5));
#3388=CARTESIAN_POINT('Ctrl Pts',(18.6830334853273,56.4094883282706,-2.5));
#3389=CARTESIAN_POINT('Ctrl Pts',(18.6830334853273,56.4094883282706,-6.5));
#3390=CARTESIAN_POINT('Ctrl Pts',(20.3447302010837,57.3331696586572,-2.5));
#3391=CARTESIAN_POINT('Ctrl Pts',(20.3447302010837,57.3331696586572,-6.5));
#3392=CARTESIAN_POINT('Ctrl Pts',(22.0433582900653,58.9066744781223,-2.5));
#3393=CARTESIAN_POINT('Ctrl Pts',(22.0433582900653,58.9066744781223,-6.5));
#3394=CARTESIAN_POINT('Ctrl Pts',(23.519920561836,61.3702312783292,-2.5));
#3395=CARTESIAN_POINT('Ctrl Pts',(23.519920561836,61.3702312783292,-6.5));
#3396=CARTESIAN_POINT('Ctrl Pts',(24.6228400487628,64.2253128602944,-2.5));
#3397=CARTESIAN_POINT('Ctrl Pts',(24.6228400487628,64.2253128602944,-6.5));
#3398=CARTESIAN_POINT('Ctrl Pts',(25.625738378125,67.3452014365729,-2.5));
#3399=CARTESIAN_POINT('Ctrl Pts',(25.625738378125,67.3452014365729,-6.5));
#3400=CARTESIAN_POINT('Ctrl Pts',(26.7405541708292,70.5899363191939,-2.5));
#3401=CARTESIAN_POINT('Ctrl Pts',(26.7405541708292,70.5899363191939,-6.5));
#3402=CARTESIAN_POINT('Ctrl Pts',(28.0699467954789,73.8155511371186,-2.5));
#3403=CARTESIAN_POINT('Ctrl Pts',(28.0699467954789,73.8155511371186,-6.5));
#3404=CARTESIAN_POINT('Ctrl Pts',(29.6372203825386,76.893565373507,-2.5));
#3405=CARTESIAN_POINT('Ctrl Pts',(29.6372203825386,76.893565373507,-6.5));
#3406=CARTESIAN_POINT('Ctrl Pts',(31.4037062434217,79.7286827638405,-2.5));
#3407=CARTESIAN_POINT('Ctrl Pts',(31.4037062434217,79.7286827638405,-6.5));
#3408=CARTESIAN_POINT('Ctrl Pts',(33.2883227147268,82.2800521717992,-2.5));
#3409=CARTESIAN_POINT('Ctrl Pts',(33.2883227147268,82.2800521717992,-6.5));
#3410=CARTESIAN_POINT('Ctrl Pts',(35.1838030516657,84.5794372273066,-2.5));
#3411=CARTESIAN_POINT('Ctrl Pts',(35.1838030516657,84.5794372273066,-6.5));
#3412=CARTESIAN_POINT('Ctrl Pts',(36.9734041485969,86.7635354955403,-2.5));
#3413=CARTESIAN_POINT('Ctrl Pts',(36.9734041485969,86.7635354955403,-6.5));
#3414=CARTESIAN_POINT('Ctrl Pts',(38.5433446411562,89.0357906863628,-2.5));
#3415=CARTESIAN_POINT('Ctrl Pts',(38.5433446411562,89.0357906863628,-6.5));
#3416=CARTESIAN_POINT('Ctrl Pts',(39.5443875865677,91.0944105781325,-2.5));
#3417=CARTESIAN_POINT('Ctrl Pts',(39.5443875865677,91.0944105781325,-6.5));
#3418=CARTESIAN_POINT('Ctrl Pts',(40.1197537509848,92.8512486287355,-2.5));
#3419=CARTESIAN_POINT('Ctrl Pts',(40.1197537509848,92.8512486287355,-6.5));
#3420=CARTESIAN_POINT('Ctrl Pts',(40.4214870459263,94.127241739407,-2.5));
#3421=CARTESIAN_POINT('Ctrl Pts',(40.4214870459263,94.127241739407,-6.5));
#3422=CARTESIAN_POINT('Ctrl Pts',(40.5518923463602,94.791432065054,-2.5));
#3423=CARTESIAN_POINT('Ctrl Pts',(40.5518923463602,94.791432065054,-6.5));
#3424=CARTESIAN_POINT('',(40.5518923463602,94.791432065054,-4.));
#3425=CARTESIAN_POINT('',(40.5518923463602,94.791432065054,-2.5));
#3426=CARTESIAN_POINT('',(33.5360986795416,82.5329702154871,-4.));
#3427=CARTESIAN_POINT('Ctrl Pts',(33.5360986795416,82.5329702154871,-4.));
#3428=CARTESIAN_POINT('Ctrl Pts',(34.3178374265006,83.5314961515627,-4.));
#3429=CARTESIAN_POINT('Ctrl Pts',(35.9541306196924,85.4930041883722,-4.));
#3430=CARTESIAN_POINT('Ctrl Pts',(38.4503675982637,88.7642489776325,-4.));
#3431=CARTESIAN_POINT('Ctrl Pts',(39.9335218772846,92.0689349003066,-4.));
#3432=CARTESIAN_POINT('Ctrl Pts',(40.4183263067896,94.1111432192584,-4.));
#3433=CARTESIAN_POINT('Ctrl Pts',(40.5518923463602,94.791432065054,-4.));
#3434=CARTESIAN_POINT('',(32.0002938540833,80.4783929871341,-2.50000000000001));
#3435=CARTESIAN_POINT('Ctrl Pts',(32.0002978657625,80.4783858243587,-2.5000022459895));
#3436=CARTESIAN_POINT('Ctrl Pts',(32.0124446746126,80.4955290483136,-2.5340431086048));
#3437=CARTESIAN_POINT('Ctrl Pts',(32.0771733294352,80.5867505272257,-2.70909471588052));
#3438=CARTESIAN_POINT('Ctrl Pts',(32.2686933236542,80.8546663470228,-3.14060646267471));
#3439=CARTESIAN_POINT('Ctrl Pts',(32.7299745854086,81.4869600921929,-3.78011246043483));
#3440=CARTESIAN_POINT('Ctrl Pts',(33.2295849427822,82.1414558929487,-3.99999999999974));
#3441=CARTESIAN_POINT('Ctrl Pts',(33.5360986795416,82.5329702154871,-4.00000000000001));
#3442=CARTESIAN_POINT('',(31.5281727619226,79.7987174820329,-2.5));
#3443=CARTESIAN_POINT('Origin',(68.167413046666,54.8519164674827,-2.5));
#3444=CARTESIAN_POINT('',(27.5361637971473,72.4366666368329,-2.5));
#3445=CARTESIAN_POINT('Ctrl Pts',(31.5281727619226,79.7987174820329,-2.5));
#3446=CARTESIAN_POINT('Ctrl Pts',(31.5091121734153,79.7707183918365,-2.5));
#3447=CARTESIAN_POINT('Ctrl Pts',(31.1256468054916,79.2062393259496,-2.5));
#3448=CARTESIAN_POINT('Ctrl Pts',(30.3896902662092,78.0759726675789,-2.5));
#3449=CARTESIAN_POINT('Ctrl Pts',(29.5383669225034,76.6436360756953,-2.5));
#3450=CARTESIAN_POINT('Ctrl Pts',(28.7480982797719,75.1368563081033,-2.5));
#3451=CARTESIAN_POINT('Ctrl Pts',(28.0421901223017,73.6131593269345,-2.5));
#3452=CARTESIAN_POINT('Ctrl Pts',(27.6506416680767,72.7070755494502,-2.5));
#3453=CARTESIAN_POINT('Ctrl Pts',(27.5361637971422,72.436666636821,-2.5));
#3454=CARTESIAN_POINT('',(27.2170965956093,71.6653347482307,-2.5));
#3455=CARTESIAN_POINT('Origin',(74.6967025098261,52.4766990556704,-2.5));
#3456=CARTESIAN_POINT('',(26.3021285513937,69.2516870278872,-4.));
#3457=CARTESIAN_POINT('Ctrl Pts',(26.3021285513937,69.2516870278873,-4.));
#3458=CARTESIAN_POINT('Ctrl Pts',(26.3090665526416,69.2710995492864,-4.));
#3459=CARTESIAN_POINT('Ctrl Pts',(26.3229559741793,69.3099150418545,-3.99956038935583));
#3460=CARTESIAN_POINT('Ctrl Pts',(26.3507747737207,69.3874689071237,-3.99692590841698));
#3461=CARTESIAN_POINT('Ctrl Pts',(26.3995368344545,69.5228990837883,-3.98769924625342));
#3462=CARTESIAN_POINT('Ctrl Pts',(26.469241797398,69.7150434813009,-3.9614227204422));
#3463=CARTESIAN_POINT('Ctrl Pts',(26.5524155773985,69.9418683856103,-3.909065249505));
#3464=CARTESIAN_POINT('Ctrl Pts',(26.7165704359933,70.3849338717016,-3.76400663163018));
#3465=CARTESIAN_POINT('Ctrl Pts',(26.9507646422222,70.9986730071084,-3.39686695442528));
#3466=CARTESIAN_POINT('Ctrl Pts',(27.1292629387623,71.4476389749292,-2.8619988781274));
#3467=CARTESIAN_POINT('Ctrl Pts',(27.2074169524487,71.6413774778777,-2.54180168699077));
#3468=CARTESIAN_POINT('Ctrl Pts',(27.2171787783948,71.6655269630361,-2.50013457177744));
#3469=CARTESIAN_POINT('Ctrl Pts',(16.6979004891438,55.6920863426881,-4.));
#3470=CARTESIAN_POINT('Ctrl Pts',(17.5050073304066,55.9478934520015,-4.));
#3471=CARTESIAN_POINT('Ctrl Pts',(19.1176363045243,56.5933941997091,-4.));
#3472=CARTESIAN_POINT('Ctrl Pts',(21.3537023792926,58.2389014409675,-4.));
#3473=CARTESIAN_POINT('Ctrl Pts',(22.9616984988155,60.4271507440784,-4.));
#3474=CARTESIAN_POINT('Ctrl Pts',(24.3698274248434,63.4550972572501,-4.));
#3475=CARTESIAN_POINT('Ctrl Pts',(25.3107859271693,66.4045560480954,-4.));
#3476=CARTESIAN_POINT('Ctrl Pts',(26.0491220040961,68.5437749307238,-4.));
#3477=CARTESIAN_POINT('Ctrl Pts',(26.3021285513937,69.2516870278872,-4.));
#3478=CARTESIAN_POINT('Origin',(24.4538557262881,78.9660164859807,-6.5));
#3479=CARTESIAN_POINT('',(11.2340465807894,61.8883172798499,-6.5));
#3480=CARTESIAN_POINT('Origin',(14.7340465807894,61.8883172798499,-6.5));
#3481=CARTESIAN_POINT('',(30.6736648717868,96.0437156921115,-6.5));
#3482=CARTESIAN_POINT('Origin',(34.1736648717868,96.0437156921115,-6.5));
#3483=CARTESIAN_POINT('Ctrl Pts',(21.9170156580109,71.675356246319,-4.));
#3484=CARTESIAN_POINT('Ctrl Pts',(21.3253343034184,70.9606076712251,-4.));
#3485=CARTESIAN_POINT('Ctrl Pts',(19.9861270152675,69.7851466894145,-4.));
#3486=CARTESIAN_POINT('Ctrl Pts',(17.401267247946,68.9268036500171,-4.));
#3487=CARTESIAN_POINT('Ctrl Pts',(14.7513533199582,68.6529327532068,-4.));
#3488=CARTESIAN_POINT('Ctrl Pts',(12.9255897086545,68.1642215970788,-4.));
#3489=CARTESIAN_POINT('Ctrl Pts',(12.3324104365976,67.9283622987973,-4.));
#3490=CARTESIAN_POINT('Ctrl Pts',(21.9170156580109,71.675356246319,-3.55120104948717));
#3491=CARTESIAN_POINT('Ctrl Pts',(21.3256410652254,70.9609782381912,-3.55120104948717));
#3492=CARTESIAN_POINT('Ctrl Pts',(19.986466635969,69.7857368765733,-3.55120104948717));
#3493=CARTESIAN_POINT('Ctrl Pts',(17.4028780288415,68.9275648605642,-3.55120104948718));
#3494=CARTESIAN_POINT('Ctrl Pts',(14.7526075394871,68.6533676254586,-3.55120104948717));
#3495=CARTESIAN_POINT('Ctrl Pts',(12.9258932399811,68.1643422868754,-3.55120104948717));
#3496=CARTESIAN_POINT('Ctrl Pts',(12.3324104365976,67.9283622987973,-3.55120104948717));
#3497=CARTESIAN_POINT('Ctrl Pts',(22.2070500348217,71.4352607233202,-2.77414135021814));
#3498=CARTESIAN_POINT('Ctrl Pts',(21.5916051801399,70.6918059405753,-2.77414135021814));
#3499=CARTESIAN_POINT('Ctrl Pts',(20.1746516376352,69.445309240813,-2.77414135021815));
#3500=CARTESIAN_POINT('Ctrl Pts',(17.4554709416454,68.5517291144974,-2.77414135021815));
#3501=CARTESIAN_POINT('Ctrl Pts',(14.801000436926,68.2793112663644,-2.77414135021814));
#3502=CARTESIAN_POINT('Ctrl Pts',(13.0411932634398,67.8049975715286,-2.77414135021814));
#3503=CARTESIAN_POINT('Ctrl Pts',(12.471527240231,67.5784875857314,-2.77414135021814));
#3504=CARTESIAN_POINT('Ctrl Pts',(22.8131912128098,70.933486469039,-2.5));
#3505=CARTESIAN_POINT('Ctrl Pts',(22.1482929710017,70.1302922037032,-2.5));
#3506=CARTESIAN_POINT('Ctrl Pts',(20.5688804525642,68.7354885782015,-2.5));
#3507=CARTESIAN_POINT('Ctrl Pts',(17.5698526520106,67.7683836408477,-2.50000000000001));
#3508=CARTESIAN_POINT('Ctrl Pts',(14.9056155072589,67.49877930591,-2.5));
#3509=CARTESIAN_POINT('Ctrl Pts',(13.2830000741541,67.0543398920372,-2.5));
#3510=CARTESIAN_POINT('Ctrl Pts',(12.7622666489849,66.847286432758,-2.5));
#3511=CARTESIAN_POINT('Ctrl Pts',(23.0724758803918,70.7188460924286,-2.5));
#3512=CARTESIAN_POINT('Ctrl Pts',(22.3864621738761,69.8901444349889,-2.5));
#3513=CARTESIAN_POINT('Ctrl Pts',(20.737559905727,68.43192843716,-2.5));
#3514=CARTESIAN_POINT('Ctrl Pts',(17.6189849276017,67.4333939811714,-2.50000000000001));
#3515=CARTESIAN_POINT('Ctrl Pts',(14.9505248130524,67.1649518266564,-2.5));
#3516=CARTESIAN_POINT('Ctrl Pts',(13.3864744876653,66.7332517236248,-2.5));
#3517=CARTESIAN_POINT('Ctrl Pts',(12.8866341621803,66.5345057559633,-2.5));
#3518=CARTESIAN_POINT('',(12.8866341621803,66.5345057559633,-2.5));
#3519=CARTESIAN_POINT('Origin',(12.8866341621803,66.5345057559633,-4.));
#3520=CARTESIAN_POINT('',(23.0724758804538,70.7188460925113,-2.5));
#3521=CARTESIAN_POINT('Ctrl Pts',(12.8866341621803,66.5345057559633,-2.5));
#3522=CARTESIAN_POINT('Ctrl Pts',(13.3864744876653,66.7332517236248,-2.5));
#3523=CARTESIAN_POINT('Ctrl Pts',(14.9505248130524,67.1649518266564,-2.5));
#3524=CARTESIAN_POINT('Ctrl Pts',(17.6189849276017,67.4333939811714,-2.50000000000001));
#3525=CARTESIAN_POINT('Ctrl Pts',(20.737559905727,68.43192843716,-2.5));
#3526=CARTESIAN_POINT('Ctrl Pts',(22.3864621738761,69.8901444349889,-2.5));
#3527=CARTESIAN_POINT('Ctrl Pts',(23.0724758803918,70.7188460924286,-2.5));
#3528=CARTESIAN_POINT('',(21.9170156580109,71.675356246319,-4.));
#3529=CARTESIAN_POINT('Origin',(23.0724758803918,70.7188460924286,-4.));
#3530=CARTESIAN_POINT('Ctrl Pts',(21.9170156580109,71.675356246319,-4.));
#3531=CARTESIAN_POINT('Ctrl Pts',(21.3253343034184,70.9606076712251,-4.));
#3532=CARTESIAN_POINT('Ctrl Pts',(19.9861270152675,69.7851466894145,-4.));
#3533=CARTESIAN_POINT('Ctrl Pts',(17.401267247946,68.9268036500171,-4.));
#3534=CARTESIAN_POINT('Ctrl Pts',(14.7513533199582,68.6529327532068,-4.));
#3535=CARTESIAN_POINT('Ctrl Pts',(12.9255897086545,68.1642215970788,-4.));
#3536=CARTESIAN_POINT('Ctrl Pts',(12.3324104365976,67.9283622987973,-4.));
#3537=CARTESIAN_POINT('Origin',(14.7340465807894,61.8883172798499,-4.));
#3538=CARTESIAN_POINT('',(16.2447034333697,57.1219857897255,-2.5));
#3539=CARTESIAN_POINT('Origin',(16.2447034333697,57.1219857897255,-4.));
#3540=CARTESIAN_POINT('Origin',(14.7340465807894,61.8883172798499,-2.5));
#3541=CARTESIAN_POINT('Ctrl Pts',(24.8896299840728,69.7565115491979,-2.5));
#3542=CARTESIAN_POINT('Ctrl Pts',(24.6319278437352,69.0354611868318,-2.5));
#3543=CARTESIAN_POINT('Ctrl Pts',(23.885712133525,66.8691134543484,-2.5));
#3544=CARTESIAN_POINT('Ctrl Pts',(22.9525687953822,63.9546574932863,-2.5));
#3545=CARTESIAN_POINT('Ctrl Pts',(21.6488623583556,61.1729740579404,-2.5));
#3546=CARTESIAN_POINT('Ctrl Pts',(20.2702314799396,59.311197072003,-2.5));
#3547=CARTESIAN_POINT('Ctrl Pts',(18.4007818781548,57.9311548221061,-2.5));
#3548=CARTESIAN_POINT('Ctrl Pts',(16.9746365733296,57.3533332111313,-2.5));
#3549=CARTESIAN_POINT('Ctrl Pts',(16.2447034333697,57.1219857897254,-2.5));
#3550=CARTESIAN_POINT('Ctrl Pts',(25.3122485671491,69.6054684056263,-2.5));
#3551=CARTESIAN_POINT('Ctrl Pts',(25.0559576160944,68.8883665496343,-2.5));
#3552=CARTESIAN_POINT('Ctrl Pts',(24.3122151029008,66.7302925863395,-2.5));
#3553=CARTESIAN_POINT('Ctrl Pts',(23.3769696963704,63.8055892437069,-2.5));
#3554=CARTESIAN_POINT('Ctrl Pts',(22.0420096942834,60.95006147038,-2.5));
#3555=CARTESIAN_POINT('Ctrl Pts',(20.5947182176071,58.9904122051582,-2.5));
#3556=CARTESIAN_POINT('Ctrl Pts',(18.6152513516762,57.5307483440308,-2.5));
#3557=CARTESIAN_POINT('Ctrl Pts',(17.1334262009756,56.932859285305,-2.5));
#3558=CARTESIAN_POINT('Ctrl Pts',(16.3802996753743,56.6941608756126,-2.5));
#3559=CARTESIAN_POINT('Ctrl Pts',(26.0439760714166,69.3439502734187,-2.87652178087838));
#3560=CARTESIAN_POINT('Ctrl Pts',(25.7901089171387,68.6336301986799,-2.87652178087838));
#3561=CARTESIAN_POINT('Ctrl Pts',(25.0502880029374,66.4893924861498,-2.87652178087838));
#3562=CARTESIAN_POINT('Ctrl Pts',(24.1106664288988,63.5462436948043,-2.87652178087838));
#3563=CARTESIAN_POINT('Ctrl Pts',(22.7216261056781,60.5633678700767,-2.87652178087838));
#3564=CARTESIAN_POINT('Ctrl Pts',(21.155562883538,58.4348599089972,-2.87652178087838));
#3565=CARTESIAN_POINT('Ctrl Pts',(18.9866268159262,56.837945165029,-2.87652178087838));
#3566=CARTESIAN_POINT('Ctrl Pts',(17.4080353011053,56.204743204246,-2.87652178087838));
#3567=CARTESIAN_POINT('Ctrl Pts',(16.615072834254,55.953419059698,-2.87652178087838));
#3568=CARTESIAN_POINT('Ctrl Pts',(26.3021285513937,69.2516870278872,-3.66340078711538));
#3569=CARTESIAN_POINT('Ctrl Pts',(26.0491256106832,68.5437850219514,-3.66340078711538));
#3570=CARTESIAN_POINT('Ctrl Pts',(25.3108560257677,66.4046563373741,-3.66340078711538));
#3571=CARTESIAN_POINT('Ctrl Pts',(24.3700333777011,63.4553271995789,-3.66340078711538));
#3572=CARTESIAN_POINT('Ctrl Pts',(22.9618984536191,60.4272871750908,-3.66340078711538));
#3573=CARTESIAN_POINT('Ctrl Pts',(21.3538823901028,58.2389274564628,-3.66340078711538));
#3574=CARTESIAN_POINT('Ctrl Pts',(19.1176289032695,56.5933082577353,-3.66340078711538));
#3575=CARTESIAN_POINT('Ctrl Pts',(17.5050666059175,55.9479122389778,-3.66340078711538));
#3576=CARTESIAN_POINT('Ctrl Pts',(16.6979004891438,55.6920863426881,-3.66340078711538));
#3577=CARTESIAN_POINT('Ctrl Pts',(26.3021285513937,69.2516870278872,-4.));
#3578=CARTESIAN_POINT('Ctrl Pts',(26.0491220040961,68.5437749307238,-4.));
#3579=CARTESIAN_POINT('Ctrl Pts',(25.3107859271693,66.4045560480954,-4.));
#3580=CARTESIAN_POINT('Ctrl Pts',(24.3698274248434,63.4550972572501,-4.));
#3581=CARTESIAN_POINT('Ctrl Pts',(22.9616984988155,60.4271507440784,-4.));
#3582=CARTESIAN_POINT('Ctrl Pts',(21.3537023792926,58.2389014409675,-4.));
#3583=CARTESIAN_POINT('Ctrl Pts',(19.1176363045243,56.5933941997091,-4.));
#3584=CARTESIAN_POINT('Ctrl Pts',(17.5050073304066,55.9478934520015,-4.));
#3585=CARTESIAN_POINT('Ctrl Pts',(16.6979004891438,55.6920863426881,-4.));
#3586=CARTESIAN_POINT('',(24.8896299840728,69.7565115491979,-2.5));
#3587=CARTESIAN_POINT('Origin',(24.8896299840728,69.7565115491979,-4.));
#3588=CARTESIAN_POINT('Ctrl Pts',(24.8896299840728,69.7565115491979,-2.5));
#3589=CARTESIAN_POINT('Ctrl Pts',(24.6319278437352,69.0354611868318,-2.5));
#3590=CARTESIAN_POINT('Ctrl Pts',(23.885712133525,66.8691134543484,-2.5));
#3591=CARTESIAN_POINT('Ctrl Pts',(22.9525687953822,63.9546574932863,-2.5));
#3592=CARTESIAN_POINT('Ctrl Pts',(21.6488623583556,61.1729740579404,-2.5));
#3593=CARTESIAN_POINT('Ctrl Pts',(20.2702314799396,59.311197072003,-2.5));
#3594=CARTESIAN_POINT('Ctrl Pts',(18.4007818781548,57.9311548221061,-2.5));
#3595=CARTESIAN_POINT('Ctrl Pts',(16.9746365733296,57.3533332111313,-2.5));
#3596=CARTESIAN_POINT('Ctrl Pts',(16.2447034333697,57.1219857897254,-2.5));
#3597=CARTESIAN_POINT('Ctrl Pts',(23.3310432877794,73.8373043860048,-1.96774670110057));
#3598=CARTESIAN_POINT('Ctrl Pts',(23.3007637280079,73.7804405903529,-2.13272584582791));
#3599=CARTESIAN_POINT('Ctrl Pts',(23.2310854331813,73.6509469682193,-2.45451671662524));
#3600=CARTESIAN_POINT('Ctrl Pts',(23.048125501364,73.3230234778437,-3.04237708198479));
#3601=CARTESIAN_POINT('Ctrl Pts',(22.6663708303464,72.6771605228479,-3.75337012688269));
#3602=CARTESIAN_POINT('Ctrl Pts',(22.2118364904143,72.0314985655603,-4.00000000000039));
#3603=CARTESIAN_POINT('Ctrl Pts',(21.9170156581235,71.6753562464551,-4.));
#3604=CARTESIAN_POINT('Ctrl Pts',(23.2101843235709,73.6103361111915,-1.85910172474288));
#3605=CARTESIAN_POINT('Ctrl Pts',(23.1677744573787,73.533316179206,-2.00149321923218));
#3606=CARTESIAN_POINT('Ctrl Pts',(23.0775332250446,73.3721021785127,-2.27238938044715));
#3607=CARTESIAN_POINT('Ctrl Pts',(22.8914876426086,73.0553196985954,-2.76140268123526));
#3608=CARTESIAN_POINT('Ctrl Pts',(22.5436706035667,72.4983514964306,-3.34689401622745));
#3609=CARTESIAN_POINT('Ctrl Pts',(22.1603589241286,71.9694754053942,-3.548684594485));
#3610=CARTESIAN_POINT('Ctrl Pts',(21.9170156581237,71.6753562464553,-3.55120104948719));
#3611=CARTESIAN_POINT('Ctrl Pts',(23.1226771389515,73.1479280187124,-1.66927634690491));
#3612=CARTESIAN_POINT('Ctrl Pts',(23.0875695913797,73.0206249268412,-1.77248144103043));
#3613=CARTESIAN_POINT('Ctrl Pts',(23.0250082602035,72.7707754081966,-1.95497481696691));
#3614=CARTESIAN_POINT('Ctrl Pts',(22.8990713872357,72.4334878427529,-2.27407908019118));
#3615=CARTESIAN_POINT('Ctrl Pts',(22.6488164111412,71.9892307129389,-2.64504362262698));
#3616=CARTESIAN_POINT('Ctrl Pts',(22.3778451698965,71.6346675322174,-2.7676232509574));
#3617=CARTESIAN_POINT('Ctrl Pts',(22.2070526834524,71.4352585309771,-2.77414421428409));
#3618=CARTESIAN_POINT('Ctrl Pts',(23.2735539042999,72.6926851384704,-1.5294625399973));
#3619=CARTESIAN_POINT('Ctrl Pts',(23.2956771381193,72.5277088454892,-1.61420750679389));
#3620=CARTESIAN_POINT('Ctrl Pts',(23.3647701249068,72.2283061892677,-1.77062479249684));
#3621=CARTESIAN_POINT('Ctrl Pts',(23.3778007521076,71.8851253985096,-2.05067752333774));
#3622=CARTESIAN_POINT('Ctrl Pts',(23.2280407748434,71.4627990464938,-2.38344448023434));
#3623=CARTESIAN_POINT('Ctrl Pts',(22.9824051194805,71.1204783031615,-2.49707446435851));
#3624=CARTESIAN_POINT('Ctrl Pts',(22.8131912129371,70.9334864691928,-2.50000000000002));
#3625=CARTESIAN_POINT('Ctrl Pts',(23.3760060794828,72.5158854985713,-1.48387335055028));
#3626=CARTESIAN_POINT('Ctrl Pts',(23.4284944443232,72.3422189298716,-1.56636292291395));
#3627=CARTESIAN_POINT('Ctrl Pts',(23.5616751205371,72.0409919809995,-1.72725835831256));
#3628=CARTESIAN_POINT('Ctrl Pts',(23.6308909339615,71.7089627422189,-2.0211885409925));
#3629=CARTESIAN_POINT('Ctrl Pts',(23.5091252639156,71.2842289052235,-2.37668506344128));
#3630=CARTESIAN_POINT('Ctrl Pts',(23.2537413842094,70.9175475077032,-2.5000000000002));
#3631=CARTESIAN_POINT('Ctrl Pts',(23.0724758805231,70.7188460925873,-2.50000000000001));
#3632=CARTESIAN_POINT('',(23.3760060858386,72.5158854876033,-1.48387334772208));
#3633=CARTESIAN_POINT('',(23.2116671870336,73.6168578500106,-2.5));
#3634=CARTESIAN_POINT('Ctrl Pts',(23.3760060886855,72.5158854681226,-1.48387336501306));
#3635=CARTESIAN_POINT('Ctrl Pts',(23.3752415237694,72.5166752775826,-1.48488821570657));
#3636=CARTESIAN_POINT('Ctrl Pts',(23.3744783745926,72.5174635679838,-1.48590535494284));
#3637=CARTESIAN_POINT('Ctrl Pts',(23.3017750223689,72.5925592639892,-1.58319677576714));
#3638=CARTESIAN_POINT('Ctrl Pts',(23.2225320050701,72.6728437700719,-1.72482032018342));
#3639=CARTESIAN_POINT('Ctrl Pts',(23.1171947673822,72.8417659198508,-1.96866091448851));
#3640=CARTESIAN_POINT('Ctrl Pts',(23.0833264796691,72.9209994783326,-2.07001781827951));
#3641=CARTESIAN_POINT('Ctrl Pts',(23.0541549684735,73.0991553557017,-2.25204642003508));
#3642=CARTESIAN_POINT('Ctrl Pts',(23.0593168437645,73.1803107333596,-2.31731056822567));
#3643=CARTESIAN_POINT('Ctrl Pts',(23.0850604705436,73.3227952833409,-2.41280177993782));
#3644=CARTESIAN_POINT('Ctrl Pts',(23.1072019613442,73.3919710557235,-2.44824642453707));
#3645=CARTESIAN_POINT('Ctrl Pts',(23.1563110626462,73.5107954945317,-2.4891414241173));
#3646=CARTESIAN_POINT('Ctrl Pts',(23.1827370894952,73.5643359316991,-2.50000000000001));
#3647=CARTESIAN_POINT('Ctrl Pts',(23.2116671870336,73.6168578500105,-2.50000000000001));
#3648=CARTESIAN_POINT('Ctrl Pts',(23.2116229629119,73.6168677979745,-2.4999928581689));
#3649=CARTESIAN_POINT('Ctrl Pts',(23.1748245299811,73.5501369737317,-2.63491280194895));
#3650=CARTESIAN_POINT('Ctrl Pts',(23.0408620726592,73.3107350112371,-3.05590474171843));
#3651=CARTESIAN_POINT('Ctrl Pts',(22.6663708303464,72.6771605228479,-3.75337012688269));
#3652=CARTESIAN_POINT('Ctrl Pts',(22.2118364904143,72.0314985655603,-4.00000000000039));
#3653=CARTESIAN_POINT('Ctrl Pts',(21.9170156581235,71.6753562464551,-4.));
#3654=CARTESIAN_POINT('Ctrl Pts',(23.0724758805231,70.7188460925873,-2.50000000000001));
#3655=CARTESIAN_POINT('Ctrl Pts',(23.2537413842094,70.9175475077032,-2.5000000000002));
#3656=CARTESIAN_POINT('Ctrl Pts',(23.5091252639156,71.2842289052235,-2.37668506344128));
#3657=CARTESIAN_POINT('Ctrl Pts',(23.6308909339615,71.7089627422189,-2.0211885409925));
#3658=CARTESIAN_POINT('Ctrl Pts',(23.5616751205371,72.0409919809995,-1.72725835831256));
#3659=CARTESIAN_POINT('Ctrl Pts',(23.4284944443232,72.3422189298716,-1.56636292291395));
#3660=CARTESIAN_POINT('Ctrl Pts',(23.3760060821325,72.5158854898044,-1.48387335471446));
#3661=CARTESIAN_POINT('Ctrl Pts',(26.1788294952981,71.0466349165895,-1.59626052565801));
#3662=CARTESIAN_POINT('Ctrl Pts',(26.0521987727373,70.9867800618524,-1.67088162996146));
#3663=CARTESIAN_POINT('Ctrl Pts',(25.6762477985001,70.8415157667161,-1.88708831954794));
#3664=CARTESIAN_POINT('Ctrl Pts',(25.341744756118,70.6203620523791,-2.19843347721256));
#3665=CARTESIAN_POINT('Ctrl Pts',(25.1596088053364,70.3185588334424,-2.38200331581509));
#3666=CARTESIAN_POINT('Ctrl Pts',(25.0451693633572,70.1008331717628,-2.45453262475249));
#3667=CARTESIAN_POINT('Ctrl Pts',(24.991562684058,69.9879166717191,-2.4807113602211));
#3668=CARTESIAN_POINT('Ctrl Pts',(24.9480717710525,69.8921800991656,-2.49384962312671));
#3669=CARTESIAN_POINT('Ctrl Pts',(24.9186166232384,69.8244547807851,-2.49846295420849));
#3670=CARTESIAN_POINT('Ctrl Pts',(24.9019704489808,69.7856634034593,-2.49978019467792));
#3671=CARTESIAN_POINT('Ctrl Pts',(24.8937327337632,69.7662300993931,-2.5));
#3672=CARTESIAN_POINT('Ctrl Pts',(24.8896299840729,69.756511549198,-2.5));
#3673=CARTESIAN_POINT('Ctrl Pts',(26.4629957736651,71.0756794508052,-1.66654666943809));
#3674=CARTESIAN_POINT('Ctrl Pts',(26.3601437619721,70.9956002167463,-1.74302043851886));
#3675=CARTESIAN_POINT('Ctrl Pts',(26.0460162873149,70.7756653169173,-1.95231782597152));
#3676=CARTESIAN_POINT('Ctrl Pts',(25.7409142016994,70.4832866602247,-2.23273694745828));
#3677=CARTESIAN_POINT('Ctrl Pts',(25.5697646511234,70.1699762444669,-2.39963150039292));
#3678=CARTESIAN_POINT('Ctrl Pts',(25.4611101982186,69.9484980042646,-2.46331757118936));
#3679=CARTESIAN_POINT('Ctrl Pts',(25.4100252787074,69.8354001450334,-2.48589963056597));
#3680=CARTESIAN_POINT('Ctrl Pts',(25.3683737132938,69.7399477816238,-2.49664915617584));
#3681=CARTESIAN_POINT('Ctrl Pts',(25.3401117542469,69.6727622759329,-2.49978504241635));
#3682=CARTESIAN_POINT('Ctrl Pts',(25.3241178929498,69.6343205700866,-2.50032309770531));
#3683=CARTESIAN_POINT('Ctrl Pts',(25.3161943121726,69.6150848210718,-2.50018283339858));
#3684=CARTESIAN_POINT('Ctrl Pts',(25.3122485671492,69.6054684056264,-2.5));
#3685=CARTESIAN_POINT('Ctrl Pts',(26.9296524860429,71.2664682091941,-1.85132536209422));
#3686=CARTESIAN_POINT('Ctrl Pts',(26.8734632748532,71.1714370775949,-1.94841533761879));
#3687=CARTESIAN_POINT('Ctrl Pts',(26.6987423101594,70.8818277329183,-2.21103581628485));
#3688=CARTESIAN_POINT('Ctrl Pts',(26.4830967081592,70.4615443736903,-2.55381973265372));
#3689=CARTESIAN_POINT('Ctrl Pts',(26.3181562740494,70.0585876917159,-2.7570630345992));
#3690=CARTESIAN_POINT('Ctrl Pts',(26.2069644777994,69.7758251538719,-2.83380820980164));
#3691=CARTESIAN_POINT('Ctrl Pts',(26.1522538666025,69.6329867456073,-2.86090004530657));
#3692=CARTESIAN_POINT('Ctrl Pts',(26.1068152291894,69.5127352438926,-2.87329787296053));
#3693=CARTESIAN_POINT('Ctrl Pts',(26.0753119588934,69.4283717690716,-2.87671235081328));
#3694=CARTESIAN_POINT('Ctrl Pts',(26.0573722727511,69.3801276042087,-2.8771159416714));
#3695=CARTESIAN_POINT('Ctrl Pts',(26.0484360185127,69.3560089794725,-2.87680727330246));
#3696=CARTESIAN_POINT('Ctrl Pts',(26.0439733546173,69.3439512443981,-2.87652524438609));
#3697=CARTESIAN_POINT('Ctrl Pts',(27.2086667761123,71.6454381515559,-2.09019738477278));
#3698=CARTESIAN_POINT('Ctrl Pts',(27.1765390604372,71.5658346864849,-2.22382129628317));
#3699=CARTESIAN_POINT('Ctrl Pts',(27.0733653371611,71.3085843266288,-2.60536731975999));
#3700=CARTESIAN_POINT('Ctrl Pts',(26.8784206938385,70.8114693658917,-3.14423800864589));
#3701=CARTESIAN_POINT('Ctrl Pts',(26.6698003802561,70.2599315434315,-3.46230170899606));
#3702=CARTESIAN_POINT('Ctrl Pts',(26.5239773047619,69.864536383069,-3.5869061785538));
#3703=CARTESIAN_POINT('Ctrl Pts',(26.4502584310691,69.6628050453026,-3.63170294204273));
#3704=CARTESIAN_POINT('Ctrl Pts',(26.3884506458285,69.4921899524209,-3.65381405331697));
#3705=CARTESIAN_POINT('Ctrl Pts',(26.3452414670485,69.3720663054034,-3.66130171995721));
#3706=CARTESIAN_POINT('Ctrl Pts',(26.3205870428254,69.3033006184738,-3.66326896818928));
#3707=CARTESIAN_POINT('Ctrl Pts',(26.308276651824,69.2688938683397,-3.66348454523493));
#3708=CARTESIAN_POINT('Ctrl Pts',(26.3021285513937,69.2516870278873,-3.66340078711538));
#3709=CARTESIAN_POINT('Ctrl Pts',(27.2825214920254,71.8264100723522,-2.19252105131602));
#3710=CARTESIAN_POINT('Ctrl Pts',(27.2538232862582,71.7560886398358,-2.34176325992292));
#3711=CARTESIAN_POINT('Ctrl Pts',(27.1585713248114,71.521356585477,-2.77417663909582));
#3712=CARTESIAN_POINT('Ctrl Pts',(26.9507646422222,70.9986730071084,-3.39686695442528));
#3713=CARTESIAN_POINT('Ctrl Pts',(26.7165704359933,70.3849338717016,-3.76400663163018));
#3714=CARTESIAN_POINT('Ctrl Pts',(26.5524155773985,69.9418683856103,-3.909065249505));
#3715=CARTESIAN_POINT('Ctrl Pts',(26.469241797398,69.7150434813009,-3.9614227204422));
#3716=CARTESIAN_POINT('Ctrl Pts',(26.3995368344545,69.5228990837883,-3.98769924625342));
#3717=CARTESIAN_POINT('Ctrl Pts',(26.3507747737207,69.3874689071237,-3.99692590841698));
#3718=CARTESIAN_POINT('Ctrl Pts',(26.3229559741793,69.3099150418545,-3.99956038935583));
#3719=CARTESIAN_POINT('Ctrl Pts',(26.3090665526416,69.2710995492864,-4.));
#3720=CARTESIAN_POINT('Ctrl Pts',(26.3021285513937,69.2516870278873,-4.));
#3721=CARTESIAN_POINT('',(26.1788294952921,71.046634916589,-1.5962605256565));
#3722=CARTESIAN_POINT('Ctrl Pts',(27.2170965956093,71.6653347482307,-2.50000000000001));
#3723=CARTESIAN_POINT('Ctrl Pts',(27.1917787190541,71.6027077574677,-2.5));
#3724=CARTESIAN_POINT('Ctrl Pts',(27.1622124333391,71.5381179613873,-2.48847804827405));
#3725=CARTESIAN_POINT('Ctrl Pts',(27.0838795932591,71.3994348093778,-2.43973675013548));
#3726=CARTESIAN_POINT('Ctrl Pts',(27.0331282135446,71.3270028015507,-2.39853706086659));
#3727=CARTESIAN_POINT('Ctrl Pts',(26.908104823366,71.1961288074549,-2.28804943466784));
#3728=CARTESIAN_POINT('Ctrl Pts',(26.8313770131151,71.1366705472465,-2.21631113064728));
#3729=CARTESIAN_POINT('Ctrl Pts',(26.6421603156759,71.0487367231732,-2.0360196721586));
#3730=CARTESIAN_POINT('Ctrl Pts',(26.5421005465533,71.0284141192251,-1.93869750049342));
#3731=CARTESIAN_POINT('Ctrl Pts',(26.3454789141651,71.0219949058851,-1.74823840349506));
#3732=CARTESIAN_POINT('Ctrl Pts',(26.2576676594009,71.0337672146573,-1.66359591695451));
#3733=CARTESIAN_POINT('Ctrl Pts',(26.181479992167,71.0461998123758,-1.59851549025956));
#3734=CARTESIAN_POINT('Ctrl Pts',(26.1801554281687,71.0464168345391,-1.59738703693231));
#3735=CARTESIAN_POINT('Ctrl Pts',(26.1788294952844,71.0466349165831,-1.59626052566609));
#3736=CARTESIAN_POINT('Ctrl Pts',(26.1788294952981,71.0466349165895,-1.59626052565801));
#3737=CARTESIAN_POINT('Ctrl Pts',(26.0521987727373,70.9867800618524,-1.67088162996146));
#3738=CARTESIAN_POINT('Ctrl Pts',(25.6762477985001,70.8415157667161,-1.88708831954794));
#3739=CARTESIAN_POINT('Ctrl Pts',(25.341744756118,70.6203620523791,-2.19843347721256));
#3740=CARTESIAN_POINT('Ctrl Pts',(25.1596088053364,70.3185588334424,-2.38200331581509));
#3741=CARTESIAN_POINT('Ctrl Pts',(25.0451693633572,70.1008331717628,-2.45453262475249));
#3742=CARTESIAN_POINT('Ctrl Pts',(24.991562684058,69.9879166717191,-2.4807113602211));
#3743=CARTESIAN_POINT('Ctrl Pts',(24.9480717710525,69.8921800991656,-2.49384962312671));
#3744=CARTESIAN_POINT('Ctrl Pts',(24.9186166232384,69.8244547807851,-2.49846295420849));
#3745=CARTESIAN_POINT('Ctrl Pts',(24.9019704489808,69.7856634034593,-2.49978019467792));
#3746=CARTESIAN_POINT('Ctrl Pts',(24.8937327337632,69.7662300993931,-2.5));
#3747=CARTESIAN_POINT('Ctrl Pts',(24.8896299840729,69.756511549198,-2.5));
#3748=CARTESIAN_POINT('Ctrl Pts',(27.8901000513613,94.3803416669712,-2.5));
#3749=CARTESIAN_POINT('Ctrl Pts',(27.8901000513613,94.3803416669712,-6.5));
#3750=CARTESIAN_POINT('Ctrl Pts',(28.0125314462603,93.9178446012026,-2.5));
#3751=CARTESIAN_POINT('Ctrl Pts',(28.0125314462603,93.9178446012026,-6.5));
#3752=CARTESIAN_POINT('Ctrl Pts',(28.2135340305941,92.9968249589199,-2.5));
#3753=CARTESIAN_POINT('Ctrl Pts',(28.2135340305941,92.9968249589199,-6.5));
#3754=CARTESIAN_POINT('Ctrl Pts',(28.3834565955024,91.6272231802216,-2.5));
#3755=CARTESIAN_POINT('Ctrl Pts',(28.3834565955024,91.6272231802216,-6.5));
#3756=CARTESIAN_POINT('Ctrl Pts',(28.3605581756098,89.8129066939702,-2.5));
#3757=CARTESIAN_POINT('Ctrl Pts',(28.3605581756098,89.8129066939702,-6.5));
#3758=CARTESIAN_POINT('Ctrl Pts',(27.9927411510548,87.5039935644842,-2.5));
#3759=CARTESIAN_POINT('Ctrl Pts',(27.9927411510548,87.5039935644842,-6.5));
#3760=CARTESIAN_POINT('Ctrl Pts',(27.3811152024453,85.0902040468942,-2.5));
#3761=CARTESIAN_POINT('Ctrl Pts',(27.3811152024453,85.0902040468942,-6.5));
#3762=CARTESIAN_POINT('Ctrl Pts',(26.6161646563811,82.5346457459943,-2.5));
#3763=CARTESIAN_POINT('Ctrl Pts',(26.6161646563811,82.5346457459943,-6.5));
#3764=CARTESIAN_POINT('Ctrl Pts',(25.7635022090171,79.85254715789,-2.5));
#3765=CARTESIAN_POINT('Ctrl Pts',(25.7635022090171,79.85254715789,-6.5));
#3766=CARTESIAN_POINT('Ctrl Pts',(24.8356982191205,77.152221843436,-2.5));
#3767=CARTESIAN_POINT('Ctrl Pts',(24.8356982191205,77.152221843436,-6.5));
#3768=CARTESIAN_POINT('Ctrl Pts',(23.8014564024605,74.6102935282925,-2.5));
#3769=CARTESIAN_POINT('Ctrl Pts',(23.8014564024605,74.6102935282925,-6.5));
#3770=CARTESIAN_POINT('Ctrl Pts',(22.6116737623916,72.4174434809218,-2.5));
#3771=CARTESIAN_POINT('Ctrl Pts',(22.6116737623916,72.4174434809218,-6.5));
#3772=CARTESIAN_POINT('Ctrl Pts',(21.2207966345008,70.7314784731408,-2.5));
#3773=CARTESIAN_POINT('Ctrl Pts',(21.2207966345008,70.7314784731408,-6.5));
#3774=CARTESIAN_POINT('Ctrl Pts',(19.6083553941259,69.6310294211255,-2.5));
#3775=CARTESIAN_POINT('Ctrl Pts',(19.6083553941259,69.6310294211255,-6.5));
#3776=CARTESIAN_POINT('Ctrl Pts',(17.8068844681505,69.0527525622897,-2.5));
#3777=CARTESIAN_POINT('Ctrl Pts',(17.8068844681505,69.0527525622897,-6.5));
#3778=CARTESIAN_POINT('Ctrl Pts',(15.912679081116,68.7697562994549,-2.5));
#3779=CARTESIAN_POINT('Ctrl Pts',(15.912679081116,68.7697562994549,-6.5));
#3780=CARTESIAN_POINT('Ctrl Pts',(14.4151915869484,68.557059421494,-2.5));
#3781=CARTESIAN_POINT('Ctrl Pts',(14.4151915869484,68.557059421494,-6.5));
#3782=CARTESIAN_POINT('Ctrl Pts',(13.3470614563062,68.2955362294515,-2.5));
#3783=CARTESIAN_POINT('Ctrl Pts',(13.3470614563062,68.2955362294515,-6.5));
#3784=CARTESIAN_POINT('Ctrl Pts',(12.6655331146459,68.0608181764508,-2.5));
#3785=CARTESIAN_POINT('Ctrl Pts',(12.6655331146459,68.0608181764508,-6.5));
#3786=CARTESIAN_POINT('Ctrl Pts',(12.3324104365976,67.9283622987973,-2.5));
#3787=CARTESIAN_POINT('Ctrl Pts',(12.3324104365976,67.9283622987973,-6.5));
#3788=CARTESIAN_POINT('',(23.5694104614519,74.3000017414745,-2.5));
#3789=CARTESIAN_POINT('Ctrl Pts',(23.5694104614519,74.3000017414745,-2.5));
#3790=CARTESIAN_POINT('Ctrl Pts',(23.4994323278524,74.1597223575369,-2.5));
#3791=CARTESIAN_POINT('Ctrl Pts',(23.4286907984431,74.0211896115998,-2.5));
#3792=CARTESIAN_POINT('Ctrl Pts',(23.357163695691,73.8844837639198,-2.5));
#3793=CARTESIAN_POINT('Ctrl Pts',(23.2848293710518,73.7496820911798,-2.5));
#3794=CARTESIAN_POINT('Ctrl Pts',(23.2116671870336,73.6168578500106,-2.5));
#3795=CARTESIAN_POINT('',(26.5392325100764,82.3272113616181,-2.5));
#3796=CARTESIAN_POINT('Ctrl Pts',(26.5392325100764,82.3272113616181,-2.5));
#3797=CARTESIAN_POINT('Ctrl Pts',(26.3877928535938,81.8383704523765,-2.5));
#3798=CARTESIAN_POINT('Ctrl Pts',(26.0654845900828,80.8157145261578,-2.5));
#3799=CARTESIAN_POINT('Ctrl Pts',(25.5528803757265,79.2396497923135,-2.5));
#3800=CARTESIAN_POINT('Ctrl Pts',(24.975861952816,77.5651689166635,-2.5));
#3801=CARTESIAN_POINT('Ctrl Pts',(24.3475817181654,75.9669740514082,-2.5));
#3802=CARTESIAN_POINT('Ctrl Pts',(23.8746222097435,74.9188411587348,-2.5));
#3803=CARTESIAN_POINT('Ctrl Pts',(23.6085175693978,74.3783965303614,-2.5));
#3804=CARTESIAN_POINT('Ctrl Pts',(23.5694104614519,74.3000017414745,-2.5));
#3805=CARTESIAN_POINT('',(26.7890063266677,83.1434948226857,-2.5));
#3806=CARTESIAN_POINT('Origin',(-87.6022283531989,117.699606506671,-2.5));
#3807=CARTESIAN_POINT('',(27.5016370816453,85.6485087945487,-4.));
#3808=CARTESIAN_POINT('Ctrl Pts',(27.5016370816453,85.6485087945487,-4.));
#3809=CARTESIAN_POINT('Ctrl Pts',(27.3399689962091,85.0301956486657,-4.));
#3810=CARTESIAN_POINT('Ctrl Pts',(27.0764158926284,84.1039657106494,-3.66102213035565));
#3811=CARTESIAN_POINT('Ctrl Pts',(26.8659726735518,83.3989803866773,-2.889023101542));
#3812=CARTESIAN_POINT('Ctrl Pts',(26.8003374068582,83.1810916140089,-2.56014051256938));
#3813=CARTESIAN_POINT('Ctrl Pts',(26.7890140838919,83.14357177143,-2.49995057378853));
#3814=CARTESIAN_POINT('',(27.8901000513613,94.3803416669711,-4.));
#3815=CARTESIAN_POINT('Ctrl Pts',(27.8901000513613,94.3803416669711,-4.));
#3816=CARTESIAN_POINT('Ctrl Pts',(28.313099708527,92.7824173729484,-4.));
#3817=CARTESIAN_POINT('Ctrl Pts',(28.4915470901977,89.9113185067812,-4.));
#3818=CARTESIAN_POINT('Ctrl Pts',(27.8383860062133,86.9364332872562,-4.));
#3819=CARTESIAN_POINT('Ctrl Pts',(27.5016370816453,85.6485087945487,-4.));
#3820=CARTESIAN_POINT('',(27.8901000513613,94.3803416669712,-2.5));
#3821=CARTESIAN_POINT('Ctrl Pts',(22.0969776612213,71.8994823140349,-2.5));
#3822=CARTESIAN_POINT('Ctrl Pts',(22.1617220319782,71.9825717686798,-2.5));
#3823=CARTESIAN_POINT('Ctrl Pts',(22.4114037431139,72.310345370115,-2.5));
#3824=CARTESIAN_POINT('Ctrl Pts',(22.7866714865363,72.8760132934591,-2.5));
#3825=CARTESIAN_POINT('Ctrl Pts',(23.0977802530328,73.4114591911083,-2.5));
#3826=CARTESIAN_POINT('Ctrl Pts',(23.2521021859973,73.6883930833596,-2.5));
#3827=CARTESIAN_POINT('Ctrl Pts',(23.4057414297704,73.9770099376259,-2.5));
#3828=CARTESIAN_POINT('Ctrl Pts',(23.5086023600911,74.1782323885508,-2.49999999999999));
#3829=CARTESIAN_POINT('Ctrl Pts',(23.5666097930945,74.2943891180514,-2.5));
#3830=CARTESIAN_POINT('Ctrl Pts',(23.5680088230343,74.2971919927199,-2.5));
#3831=CARTESIAN_POINT('Ctrl Pts',(23.5694104614519,74.3000017414744,-2.5));
#3832=CARTESIAN_POINT('Ctrl Pts',(22.5012752384139,72.0943257564638,-2.5));
#3833=CARTESIAN_POINT('Ctrl Pts',(22.5642429033347,72.1394702909516,-2.47087797351394));
#3834=CARTESIAN_POINT('Ctrl Pts',(22.7404356815399,72.3892008522153,-2.35694984399957));
#3835=CARTESIAN_POINT('Ctrl Pts',(22.9425571993938,72.9517240709903,-2.34829817672184));
#3836=CARTESIAN_POINT('Ctrl Pts',(23.1637554849433,73.458870963164,-2.40465280536132));
#3837=CARTESIAN_POINT('Ctrl Pts',(23.2824136640625,73.7195799104476,-2.43829053913581));
#3838=CARTESIAN_POINT('Ctrl Pts',(23.4133142094628,73.9896176236897,-2.47312798558707));
#3839=CARTESIAN_POINT('Ctrl Pts',(23.5088332603379,74.178753302427,-2.49678240411439));
#3840=CARTESIAN_POINT('Ctrl Pts',(23.5666129470967,74.2943943944418,-2.49992758297778));
#3841=CARTESIAN_POINT('Ctrl Pts',(23.5680091020941,74.2971925521281,-2.49998137677703));
#3842=CARTESIAN_POINT('Ctrl Pts',(23.5694104614519,74.3000017414744,-2.5));
#3843=CARTESIAN_POINT('Ctrl Pts',(23.2012803542173,72.4316797604825,-2.12347668363863));
#3844=CARTESIAN_POINT('Ctrl Pts',(23.2195322716115,72.4467529577367,-2.07855461996738));
#3845=CARTESIAN_POINT('Ctrl Pts',(23.1920720809902,72.6182961798757,-1.94237696458625));
#3846=CARTESIAN_POINT('Ctrl Pts',(23.1577415381628,73.1194619819049,-2.05041316368486));
#3847=CARTESIAN_POINT('Ctrl Pts',(23.2584369083028,73.554677546514,-2.23183078340337));
#3848=CARTESIAN_POINT('Ctrl Pts',(23.3286336352324,73.7783019826974,-2.33111331647152));
#3849=CARTESIAN_POINT('Ctrl Pts',(23.4264182169244,74.012107200331,-2.42707258211458));
#3850=CARTESIAN_POINT('Ctrl Pts',(23.5092876617135,74.179670843379,-2.49127141472951));
#3851=CARTESIAN_POINT('Ctrl Pts',(23.5666176665714,74.2944035567768,-2.49979900756878));
#3852=CARTESIAN_POINT('Ctrl Pts',(23.5680095904487,74.2971935310924,-2.49994878613682));
#3853=CARTESIAN_POINT('Ctrl Pts',(23.5694104614519,74.3000017414744,-2.5));
#3854=CARTESIAN_POINT('Ctrl Pts',(23.4482427769174,72.5506985508586,-1.33659921288462));
#3855=CARTESIAN_POINT('Ctrl Pts',(23.4109016157291,72.6276301626199,-1.32325807174196));
#3856=CARTESIAN_POINT('Ctrl Pts',(23.2890276128315,72.9180499459711,-1.382196967029));
#3857=CARTESIAN_POINT('Ctrl Pts',(23.2458352091419,73.3248947703123,-1.72055107612035));
#3858=CARTESIAN_POINT('Ctrl Pts',(23.3098836479628,73.667092599462,-2.05115948230289));
#3859=CARTESIAN_POINT('Ctrl Pts',(23.3609872548597,73.8427626927925,-2.22230927117604));
#3860=CARTESIAN_POINT('Ctrl Pts',(23.4383096387929,74.0349498070874,-2.38058521575446));
#3861=CARTESIAN_POINT('Ctrl Pts',(23.5097395676718,74.1805511466173,-2.4857204267276));
#3862=CARTESIAN_POINT('Ctrl Pts',(23.5666223622856,74.2944133222442,-2.4996710363489));
#3863=CARTESIAN_POINT('Ctrl Pts',(23.5680100788034,74.2971945100566,-2.49991619549662));
#3864=CARTESIAN_POINT('Ctrl Pts',(23.5694104614519,74.3000017414744,-2.5));
#3865=CARTESIAN_POINT('Ctrl Pts',(23.4482427769174,72.5506985508586,-1.));
#3866=CARTESIAN_POINT('Ctrl Pts',(23.3925545360592,72.6662509172939,-0.999999999999997));
#3867=CARTESIAN_POINT('Ctrl Pts',(23.2629212025371,73.0427117339977,-1.14192127702075));
#3868=CARTESIAN_POINT('Ctrl Pts',(23.259159678453,73.4174401023307,-1.57898764168483));
#3869=CARTESIAN_POINT('Ctrl Pts',(23.3241460255702,73.7177704367768,-1.97361824386112));
#3870=CARTESIAN_POINT('Ctrl Pts',(23.3725137095915,73.8715986859679,-2.17560304382502));
#3871=CARTESIAN_POINT('Ctrl Pts',(23.4433556197071,74.0448834925771,-2.36062251977057));
#3872=CARTESIAN_POINT('Ctrl Pts',(23.5099488102739,74.1809349292165,-2.48333701737793));
#3873=CARTESIAN_POINT('Ctrl Pts',(23.5666241263383,74.2944174110549,-2.49961625913402));
#3874=CARTESIAN_POINT('Ctrl Pts',(23.5680102880983,74.2971949296127,-2.49990222807938));
#3875=CARTESIAN_POINT('Ctrl Pts',(23.5694104614519,74.3000017414744,-2.5));
#3876=CARTESIAN_POINT('',(23.4482427769174,72.5506985508586,-1.));
#3877=CARTESIAN_POINT('Origin',(22.0969776612213,71.8994823140349,-1.));
#3878=CARTESIAN_POINT('Ctrl Pts',(23.4482427769174,72.5506985508586,-1.));
#3879=CARTESIAN_POINT('Ctrl Pts',(23.3925545360592,72.6662509172939,-0.999999999999997));
#3880=CARTESIAN_POINT('Ctrl Pts',(23.2629212025371,73.0427117339977,-1.14192127702075));
#3881=CARTESIAN_POINT('Ctrl Pts',(23.259159678453,73.4174401023307,-1.57898764168483));
#3882=CARTESIAN_POINT('Ctrl Pts',(23.3241460255702,73.7177704367768,-1.97361824386112));
#3883=CARTESIAN_POINT('Ctrl Pts',(23.3725137095915,73.8715986859679,-2.17560304382502));
#3884=CARTESIAN_POINT('Ctrl Pts',(23.4433556197071,74.0448834925771,-2.36062251977057));
#3885=CARTESIAN_POINT('Ctrl Pts',(23.5099488102739,74.1809349292165,-2.48333701737793));
#3886=CARTESIAN_POINT('Ctrl Pts',(23.5666241263383,74.2944174110549,-2.49961625913402));
#3887=CARTESIAN_POINT('Ctrl Pts',(23.5680102880983,74.2971949296127,-2.49990222807938));
#3888=CARTESIAN_POINT('Ctrl Pts',(23.5694104614519,74.3000017414744,-2.5));
#3889=CARTESIAN_POINT('Ctrl Pts',(23.4482427769174,72.5506985508586,-1.));
#3890=CARTESIAN_POINT('Ctrl Pts',(23.5221558230664,72.3973299534428,-1.));
#3891=CARTESIAN_POINT('Ctrl Pts',(23.6715289453282,72.1729067758101,-1.));
#3892=CARTESIAN_POINT('Ctrl Pts',(23.9684884135134,71.9087802101638,-1.));
#3893=CARTESIAN_POINT('Ctrl Pts',(24.1873039531321,71.7729008068439,-1.));
#3894=CARTESIAN_POINT('Ctrl Pts',(24.3697949935473,71.6690356396343,-1.));
#3895=CARTESIAN_POINT('Ctrl Pts',(23.4482427769174,72.5506985508586,-1.44879895051283));
#3896=CARTESIAN_POINT('Ctrl Pts',(23.5219513698618,72.3977541911501,-1.44879895051283));
#3897=CARTESIAN_POINT('Ctrl Pts',(23.6720072324462,72.1727770971787,-1.44879895051283));
#3898=CARTESIAN_POINT('Ctrl Pts',(23.968221780972,71.9092924908407,-1.44879895051283));
#3899=CARTESIAN_POINT('Ctrl Pts',(24.1873039531321,71.7729008068439,-1.44879895051283));
#3900=CARTESIAN_POINT('Ctrl Pts',(24.3697949935473,71.6690356396343,-1.44879895051283));
#3901=CARTESIAN_POINT('Ctrl Pts',(23.1090591374225,72.3872355185208,-2.22585875559326));
#3902=CARTESIAN_POINT('Ctrl Pts',(23.1988102821735,72.2010030750741,-2.22585875559326));
#3903=CARTESIAN_POINT('Ctrl Pts',(23.3851642136396,71.9229745509047,-2.22585875559326));
#3904=CARTESIAN_POINT('Ctrl Pts',(23.7467325767211,71.6018410276346,-2.22585875559326));
#3905=CARTESIAN_POINT('Ctrl Pts',(24.0010606041226,71.4456713473024,-2.22585875559326));
#3906=CARTESIAN_POINT('Ctrl Pts',(24.1835516445377,71.3418061800929,-2.22585875559326));
#3907=CARTESIAN_POINT('Ctrl Pts',(22.4002008441158,72.0456148958566,-2.5));
#3908=CARTESIAN_POINT('Ctrl Pts',(22.5229121007425,71.7909906543117,-2.5));
#3909=CARTESIAN_POINT('Ctrl Pts',(22.7870190790118,71.400553662799,-2.5));
#3910=CARTESIAN_POINT('Ctrl Pts',(23.28310370652,70.9607206981831,-2.5));
#3911=CARTESIAN_POINT('Ctrl Pts',(23.6118315047614,70.7617960384707,-2.5));
#3912=CARTESIAN_POINT('Ctrl Pts',(23.7943225451766,70.6579308712612,-2.5));
#3913=CARTESIAN_POINT('Ctrl Pts',(22.0969776612213,71.8994823140349,-2.5));
#3914=CARTESIAN_POINT('Ctrl Pts',(22.2337621314237,71.6156563396473,-2.5));
#3915=CARTESIAN_POINT('Ctrl Pts',(22.5312154402669,71.1770650352589,-2.5));
#3916=CARTESIAN_POINT('Ctrl Pts',(23.0847467691917,70.6865381767613,-2.5));
#3917=CARTESIAN_POINT('Ctrl Pts',(23.4453337893536,70.4692596460705,-2.5));
#3918=CARTESIAN_POINT('Ctrl Pts',(23.6278248297688,70.365394478861,-2.5));
#3919=CARTESIAN_POINT('',(23.6278248297688,70.365394478861,-2.5));
#3920=CARTESIAN_POINT('Ctrl Pts',(23.0726599559812,70.719467139109,-2.5));
#3921=CARTESIAN_POINT('Ctrl Pts',(23.0803557081808,70.7137098180375,-2.5));
#3922=CARTESIAN_POINT('Ctrl Pts',(23.256791204357,70.5828695475648,-2.5));
#3923=CARTESIAN_POINT('Ctrl Pts',(23.4453337893536,70.4692596460705,-2.5));
#3924=CARTESIAN_POINT('Ctrl Pts',(23.6278248297688,70.365394478861,-2.5));
#3925=CARTESIAN_POINT('',(24.3697949935473,71.6690356396343,-1.));
#3926=CARTESIAN_POINT('Origin',(23.6278248297688,70.365394478861,-1.));
#3927=CARTESIAN_POINT('Ctrl Pts',(24.3697949935473,71.6690356396343,-1.));
#3928=CARTESIAN_POINT('Ctrl Pts',(24.1873039531321,71.7729008068439,-1.));
#3929=CARTESIAN_POINT('Ctrl Pts',(23.9684884135134,71.9087802101638,-1.));
#3930=CARTESIAN_POINT('Ctrl Pts',(23.6715289453282,72.1729067758101,-1.));
#3931=CARTESIAN_POINT('Ctrl Pts',(23.5221558230664,72.3973299534428,-1.));
#3932=CARTESIAN_POINT('Ctrl Pts',(23.4482427769174,72.5506985508586,-1.));
#3933=CARTESIAN_POINT('Ctrl Pts',(27.8901000513613,94.3803416669711,-4.));
#3934=CARTESIAN_POINT('Ctrl Pts',(28.313099708527,92.7824173729484,-4.));
#3935=CARTESIAN_POINT('Ctrl Pts',(28.4915470901977,89.9113185067812,-4.));
#3936=CARTESIAN_POINT('Ctrl Pts',(27.8383860062133,86.9364332872562,-4.));
#3937=CARTESIAN_POINT('Ctrl Pts',(27.5016370816453,85.6485087945487,-4.));
#3938=CARTESIAN_POINT('Ctrl Pts',(27.8901000513613,94.3803416669711,-3.55120104948717));
#3939=CARTESIAN_POINT('Ctrl Pts',(28.3129504916438,92.7829810549245,-3.55120104948717));
#3940=CARTESIAN_POINT('Ctrl Pts',(28.4913766161438,89.9114660616212,-3.55120104948717));
#3941=CARTESIAN_POINT('Ctrl Pts',(27.8383506473154,86.936298054187,-3.55120104948717));
#3942=CARTESIAN_POINT('Ctrl Pts',(27.5016370816453,85.6485087945487,-3.55120104948717));
#3943=CARTESIAN_POINT('Ctrl Pts',(28.2541243906836,94.476705538094,-2.77417886475914));
#3944=CARTESIAN_POINT('Ctrl Pts',(28.6886832293846,92.8351152583396,-2.77417886475914));
#3945=CARTESIAN_POINT('Ctrl Pts',(28.8711841979263,89.8686172233965,-2.77417886475913));
#3946=CARTESIAN_POINT('Ctrl Pts',(28.2054408361883,86.8516528970657,-2.77417886475913));
#3947=CARTESIAN_POINT('Ctrl Pts',(27.8659528119219,85.5532524879341,-2.77417886475913));
#3948=CARTESIAN_POINT('Ctrl Pts',(29.0147622448957,94.6780602285274,-2.5));
#3949=CARTESIAN_POINT('Ctrl Pts',(29.4733764911409,92.9455981963579,-2.5));
#3950=CARTESIAN_POINT('Ctrl Pts',(29.6643335989384,89.7794885351267,-2.5));
#3951=CARTESIAN_POINT('Ctrl Pts',(28.9723878033786,86.6744135525365,-2.5));
#3952=CARTESIAN_POINT('Ctrl Pts',(28.6271995347349,85.3542120809151,-2.5));
#3953=CARTESIAN_POINT('Ctrl Pts',(29.3401534714595,94.7641972112343,-2.5));
#3954=CARTESIAN_POINT('Ctrl Pts',(29.8090388262889,92.9929350201164,-2.5));
#3955=CARTESIAN_POINT('Ctrl Pts',(30.0036105867454,89.7413796853138,-2.5));
#3956=CARTESIAN_POINT('Ctrl Pts',(29.3004733701232,86.5985751457512,-2.5));
#3957=CARTESIAN_POINT('Ctrl Pts',(28.9528512275637,85.2690651192999,-2.5));
#3958=CARTESIAN_POINT('',(28.9528512275637,85.2690651192999,-2.5));
#3959=CARTESIAN_POINT('Origin',(28.9528512275637,85.2690651192999,-4.));
#3960=CARTESIAN_POINT('',(29.3401534714595,94.7641972112343,-2.5));
#3961=CARTESIAN_POINT('Ctrl Pts',(28.9528512275637,85.2690651192999,-2.5));
#3962=CARTESIAN_POINT('Ctrl Pts',(29.3004733701232,86.5985751457512,-2.5));
#3963=CARTESIAN_POINT('Ctrl Pts',(30.0036105867454,89.7413796853138,-2.5));
#3964=CARTESIAN_POINT('Ctrl Pts',(29.8090388262889,92.9929350201164,-2.5));
#3965=CARTESIAN_POINT('Ctrl Pts',(29.3401534714595,94.7641972112343,-2.5));
#3966=CARTESIAN_POINT('Origin',(29.3401534714595,94.7641972112343,-4.));
#3967=CARTESIAN_POINT('Origin',(34.1736648717868,96.0437156921115,-4.));
#3968=CARTESIAN_POINT('',(39.0799936983818,95.080420594375,-2.5));
#3969=CARTESIAN_POINT('Origin',(39.0799936983818,95.080420594375,-4.));
#3970=CARTESIAN_POINT('Origin',(34.1736648717868,96.0437156921115,-4.));
#3971=CARTESIAN_POINT('Origin',(34.1736648717868,96.0437156921115,-2.5));
#3972=CARTESIAN_POINT('Ctrl Pts',(39.0799936983818,95.080420594375,-2.5));
#3973=CARTESIAN_POINT('Ctrl Pts',(38.9552171285397,94.4448989531476,-2.5));
#3974=CARTESIAN_POINT('Ctrl Pts',(38.5013021782645,92.5514701675148,-2.5));
#3975=CARTESIAN_POINT('Ctrl Pts',(37.1677513615422,89.567446553495,-2.5));
#3976=CARTESIAN_POINT('Ctrl Pts',(34.8110180259068,86.4624341208972,-2.5));
#3977=CARTESIAN_POINT('Ctrl Pts',(33.1534939289555,84.477563077818,-2.5));
#3978=CARTESIAN_POINT('Ctrl Pts',(32.3550040452417,83.4576406783159,-2.5));
#3979=CARTESIAN_POINT('Ctrl Pts',(39.5203847440311,94.9939554285953,-2.5));
#3980=CARTESIAN_POINT('Ctrl Pts',(39.3929666323482,94.3449796828983,-2.5));
#3981=CARTESIAN_POINT('Ctrl Pts',(38.9298483410174,92.4070293326656,-2.5));
#3982=CARTESIAN_POINT('Ctrl Pts',(37.5514453415172,89.3268760886465,-2.5));
#3983=CARTESIAN_POINT('Ctrl Pts',(35.1528818581544,86.1721032501046,-2.5));
#3984=CARTESIAN_POINT('Ctrl Pts',(33.5018423170432,84.1944719396724,-2.5));
#3985=CARTESIAN_POINT('Ctrl Pts',(32.7083867334618,83.1809799227908,-2.5));
#3986=CARTESIAN_POINT('Ctrl Pts',(40.2828383244326,94.8442573911806,-2.87657732917423));
#3987=CARTESIAN_POINT('Ctrl Pts',(40.1508832164179,94.1721734661297,-2.87657732917423));
#3988=CARTESIAN_POINT('Ctrl Pts',(39.6717110893643,92.1571636166114,-2.87657732917423));
#3989=CARTESIAN_POINT('Ctrl Pts',(38.2159364843425,88.9111610746422,-2.87657732917423));
#3990=CARTESIAN_POINT('Ctrl Pts',(35.7452329308075,85.6703111968811,-2.87657732917423));
#3991=CARTESIAN_POINT('Ctrl Pts',(34.1050107337404,83.7044417640705,-2.87657732917423));
#3992=CARTESIAN_POINT('Ctrl Pts',(33.3202018431174,82.7019942901566,-2.87657732917423));
#3993=CARTESIAN_POINT('Ctrl Pts',(40.5518923463602,94.791432065054,-3.66340078711538));
#3994=CARTESIAN_POINT('Ctrl Pts',(40.4183195557811,94.1111088345019,-3.66340078711538));
#3995=CARTESIAN_POINT('Ctrl Pts',(39.9335374229965,92.0688965862144,-3.66340078711538));
#3996=CARTESIAN_POINT('Ctrl Pts',(38.4503308483838,88.7641027203049,-3.66340078711538));
#3997=CARTESIAN_POINT('Ctrl Pts',(35.9540416755342,85.4928442427834,-3.66340078711538));
#3998=CARTESIAN_POINT('Ctrl Pts',(34.3178245603017,83.5314797173852,-3.66340078711538));
#3999=CARTESIAN_POINT('Ctrl Pts',(33.5360986795416,82.5329702154871,-3.66340078711538));
#4000=CARTESIAN_POINT('Ctrl Pts',(40.5518923463602,94.791432065054,-4.));
#4001=CARTESIAN_POINT('Ctrl Pts',(40.4183263067896,94.1111432192584,-4.));
#4002=CARTESIAN_POINT('Ctrl Pts',(39.9335218772846,92.0689349003066,-4.));
#4003=CARTESIAN_POINT('Ctrl Pts',(38.4503675982637,88.7642489776325,-4.));
#4004=CARTESIAN_POINT('Ctrl Pts',(35.9541306196924,85.4930041883722,-4.));
#4005=CARTESIAN_POINT('Ctrl Pts',(34.3178374265006,83.5314961515627,-4.));
#4006=CARTESIAN_POINT('Ctrl Pts',(33.5360986795416,82.5329702154871,-4.));
#4007=CARTESIAN_POINT('',(32.3550040452422,83.4576406783165,-2.5));
#4008=CARTESIAN_POINT('Origin',(32.3550040452417,83.4576406783159,-4.));
#4009=CARTESIAN_POINT('Ctrl Pts',(39.0799936983818,95.080420594375,-2.5));
#4010=CARTESIAN_POINT('Ctrl Pts',(38.9552171285397,94.4448989531476,-2.5));
#4011=CARTESIAN_POINT('Ctrl Pts',(38.5013021782645,92.5514701675148,-2.5));
#4012=CARTESIAN_POINT('Ctrl Pts',(37.1677513615422,89.567446553495,-2.5));
#4013=CARTESIAN_POINT('Ctrl Pts',(34.8110180259068,86.4624341208972,-2.5));
#4014=CARTESIAN_POINT('Ctrl Pts',(33.1534939289555,84.477563077818,-2.5));
#4015=CARTESIAN_POINT('Ctrl Pts',(32.3550040452417,83.4576406783159,-2.5));
#4016=CARTESIAN_POINT('Ctrl Pts',(27.5016370816453,85.6485087945487,-4.));
#4017=CARTESIAN_POINT('Ctrl Pts',(27.3399689962091,85.0301956486657,-4.));
#4018=CARTESIAN_POINT('Ctrl Pts',(27.0764158926284,84.1039657106494,-3.66102213035565));
#4019=CARTESIAN_POINT('Ctrl Pts',(26.8475854036602,83.3373829853529,-2.8215704434754));
#4020=CARTESIAN_POINT('Ctrl Pts',(26.7707940316783,83.0831453643349,-2.40641034097497));
#4021=CARTESIAN_POINT('Ctrl Pts',(26.7476253269746,83.006775261498,-2.26212596394974));
#4022=CARTESIAN_POINT('Ctrl Pts',(27.5016370816453,85.6485087945487,-3.55120104948717));
#4023=CARTESIAN_POINT('Ctrl Pts',(27.3651211066283,85.1256951034805,-3.55550814923598));
#4024=CARTESIAN_POINT('Ctrl Pts',(27.1428044993163,84.3419132213934,-3.28064224047555));
#4025=CARTESIAN_POINT('Ctrl Pts',(26.9312447983861,83.6173952992846,-2.59377436180596));
#4026=CARTESIAN_POINT('Ctrl Pts',(26.848225309802,83.339820538823,-2.24160568904518));
#4027=CARTESIAN_POINT('Ctrl Pts',(26.8225938817972,83.2538912014935,-2.11737954894513));
#4028=CARTESIAN_POINT('Ctrl Pts',(27.8659407727892,85.5532556357622,-2.77416849903607));
#4029=CARTESIAN_POINT('Ctrl Pts',(27.7635064026137,85.1912901598968,-2.78532961237977));
#4030=CARTESIAN_POINT('Ctrl Pts',(27.6024686609458,84.6504794604094,-2.62299233181601));
#4031=CARTESIAN_POINT('Ctrl Pts',(27.3122559807004,84.0332161259816,-2.19627119512266));
#4032=CARTESIAN_POINT('Ctrl Pts',(27.1545959761373,83.7358520869144,-1.95405645094235));
#4033=CARTESIAN_POINT('Ctrl Pts',(27.1047918928046,83.6395778710765,-1.86458600629795));
#4034=CARTESIAN_POINT('Ctrl Pts',(28.6271995347349,85.3542120809151,-2.49999999999999));
#4035=CARTESIAN_POINT('Ctrl Pts',(28.5262188262793,85.0431535160423,-2.50500727166386));
#4036=CARTESIAN_POINT('Ctrl Pts',(28.3688520069049,84.5868533774974,-2.35150015579878));
#4037=CARTESIAN_POINT('Ctrl Pts',(27.9364784946493,84.1419172558344,-1.96523932224046));
#4038=CARTESIAN_POINT('Ctrl Pts',(27.6571932890595,83.9118404826885,-1.76014294512177));
#4039=CARTESIAN_POINT('Ctrl Pts',(27.5669944589,83.8315977944828,-1.68638000503567));
#4040=CARTESIAN_POINT('Ctrl Pts',(28.9528512275637,85.2690651192999,-2.49999999999999));
#4041=CARTESIAN_POINT('Ctrl Pts',(28.8476302313818,84.9540801366295,-2.49999999999999));
#4042=CARTESIAN_POINT('Ctrl Pts',(28.6847568836186,84.4949224872444,-2.33051106517793));
#4043=CARTESIAN_POINT('Ctrl Pts',(28.2094311418043,84.1242147133469,-1.91078522173774));
#4044=CARTESIAN_POINT('Ctrl Pts',(27.8848483541912,83.9387436169632,-1.70320517048749));
#4045=CARTESIAN_POINT('Ctrl Pts',(27.7784587973633,83.8705758638829,-1.63106298197488));
#4046=CARTESIAN_POINT('',(27.7784587974101,83.8705758638915,-1.63106298196265));
#4047=CARTESIAN_POINT('Ctrl Pts',(26.7890063266677,83.1434948226857,-2.49999999999999));
#4048=CARTESIAN_POINT('Ctrl Pts',(26.8095124681941,83.2114052093775,-2.49999999999999));
#4049=CARTESIAN_POINT('Ctrl Pts',(26.8344088848655,83.2817872869524,-2.48796351325274));
#4050=CARTESIAN_POINT('Ctrl Pts',(26.9039752291426,83.4341720718068,-2.4372575213578));
#4051=CARTESIAN_POINT('Ctrl Pts',(26.9509473039018,83.5144572867701,-2.39448201611281));
#4052=CARTESIAN_POINT('Ctrl Pts',(27.0710002719131,83.660976071354,-2.28106693236536));
#4053=CARTESIAN_POINT('Ctrl Pts',(27.1462539343014,83.7284016578845,-2.20828057832982));
#4054=CARTESIAN_POINT('Ctrl Pts',(27.3291232370951,83.8289184706433,-2.03453624697529));
#4055=CARTESIAN_POINT('Ctrl Pts',(27.4240793477242,83.8565739030177,-1.94509770693956));
#4056=CARTESIAN_POINT('Ctrl Pts',(27.6135158594006,83.8795388686046,-1.77106730403931));
#4057=CARTESIAN_POINT('Ctrl Pts',(27.6994323652816,83.876354663435,-1.69421443330834));
#4058=CARTESIAN_POINT('Ctrl Pts',(27.7755738371511,83.87079028468,-1.63335949687193));
#4059=CARTESIAN_POINT('Ctrl Pts',(27.7770156131411,83.8706837098041,-1.63221022679345));
#4060=CARTESIAN_POINT('Ctrl Pts',(27.7784587974638,83.8705758639473,-1.63106298204302));
#4061=CARTESIAN_POINT('Ctrl Pts',(27.7784587973633,83.8705758638829,-1.63106298197488));
#4062=CARTESIAN_POINT('Ctrl Pts',(27.8848483541912,83.9387436169632,-1.70320517048749));
#4063=CARTESIAN_POINT('Ctrl Pts',(28.2094311418043,84.1242147133469,-1.91078522173774));
#4064=CARTESIAN_POINT('Ctrl Pts',(28.6847568836186,84.4949224872444,-2.33051106517793));
#4065=CARTESIAN_POINT('Ctrl Pts',(28.8476302313818,84.9540801366295,-2.49999999999999));
#4066=CARTESIAN_POINT('Ctrl Pts',(28.9528512275637,85.2690651192999,-2.49999999999999));
#4067=CARTESIAN_POINT('Ctrl Pts',(32.3550040452422,83.4576406783165,-2.5));
#4068=CARTESIAN_POINT('Ctrl Pts',(32.2080293827141,83.2493980762547,-2.49999999999987));
#4069=CARTESIAN_POINT('Ctrl Pts',(31.9759613627614,82.8909674344884,-2.3900562302171));
#4070=CARTESIAN_POINT('Ctrl Pts',(31.83699003777,82.4726832870808,-2.0703032313373));
#4071=CARTESIAN_POINT('Ctrl Pts',(31.8785232463736,82.0968836874825,-1.80380047989652));
#4072=CARTESIAN_POINT('Ctrl Pts',(31.9378727297958,81.8232100271062,-1.65745110861482));
#4073=CARTESIAN_POINT('Ctrl Pts',(31.9587840641308,81.6779989336463,-1.58179765855074));
#4074=CARTESIAN_POINT('Ctrl Pts',(32.7083867334623,83.1809799227913,-2.50000000000001));
#4075=CARTESIAN_POINT('Ctrl Pts',(32.5619876683657,82.9773995144292,-2.5039004866138));
#4076=CARTESIAN_POINT('Ctrl Pts',(32.3276193430333,82.6273845634863,-2.40451323901988));
#4077=CARTESIAN_POINT('Ctrl Pts',(32.1472998428803,82.2047548785283,-2.11388435773425));
#4078=CARTESIAN_POINT('Ctrl Pts',(32.1048837944275,81.8226443042445,-1.86983797331214));
#4079=CARTESIAN_POINT('Ctrl Pts',(32.0969216629466,81.5582743018186,-1.72808677894419));
#4080=CARTESIAN_POINT('Ctrl Pts',(32.0862443678301,81.4230593547671,-1.65066934519447));
#4081=CARTESIAN_POINT('Ctrl Pts',(33.3202167389752,82.7019826282977,-2.87655461863613));
#4082=CARTESIAN_POINT('Ctrl Pts',(33.1317385979195,82.456242637358,-2.88257129841967));
#4083=CARTESIAN_POINT('Ctrl Pts',(32.8218964773635,82.0426162057631,-2.76538189519912));
#4084=CARTESIAN_POINT('Ctrl Pts',(32.5146650416266,81.5818015901261,-2.40892067057107));
#4085=CARTESIAN_POINT('Ctrl Pts',(32.3260905996845,81.2349424187425,-2.10711740427605));
#4086=CARTESIAN_POINT('Ctrl Pts',(32.2254975104954,81.0284486895608,-1.92936420462345));
#4087=CARTESIAN_POINT('Ctrl Pts',(32.1752392232181,80.9272187071581,-1.83108205888875));
#4088=CARTESIAN_POINT('Ctrl Pts',(33.5360986795417,82.5329702154872,-3.66340078711539));
#4089=CARTESIAN_POINT('Ctrl Pts',(33.2645179841681,82.1861283156102,-3.66518764567963));
#4090=CARTESIAN_POINT('Ctrl Pts',(32.8207020316028,81.6060529992879,-3.47621939707255));
#4091=CARTESIAN_POINT('Ctrl Pts',(32.3977475706243,81.0324164914716,-2.92138292166012));
#4092=CARTESIAN_POINT('Ctrl Pts',(32.1623661451477,80.7069977866998,-2.45755593739434));
#4093=CARTESIAN_POINT('Ctrl Pts',(32.0553592832599,80.5568123360443,-2.19930200288215));
#4094=CARTESIAN_POINT('Ctrl Pts',(32.0058767342219,80.4870062814549,-2.06387456192972));
#4095=CARTESIAN_POINT('Ctrl Pts',(33.5360986795416,82.5329702154871,-4.00000000000001));
#4096=CARTESIAN_POINT('Ctrl Pts',(33.2295849427822,82.1414558929487,-3.99999999999974));
#4097=CARTESIAN_POINT('Ctrl Pts',(32.7299745854086,81.4869600921929,-3.78011246043483));
#4098=CARTESIAN_POINT('Ctrl Pts',(32.2686933236542,80.8546663470228,-3.14060646267471));
#4099=CARTESIAN_POINT('Ctrl Pts',(32.0321268533577,80.5237353646757,-2.60760095979296));
#4100=CARTESIAN_POINT('Ctrl Pts',(31.9360368708287,80.3875601467526,-2.31490221722964));
#4101=CARTESIAN_POINT('Ctrl Pts',(31.8932237538764,80.3265978425812,-2.16359531710148));
#4102=CARTESIAN_POINT('',(31.9587840641305,81.6779989336468,-1.58179765855062));
#4103=CARTESIAN_POINT('Ctrl Pts',(31.9587840641305,81.6779989336478,-1.58179765855151));
#4104=CARTESIAN_POINT('Ctrl Pts',(31.9596519830898,81.6770302256553,-1.58291193487917));
#4105=CARTESIAN_POINT('Ctrl Pts',(31.9605183605056,81.6760622142131,-1.58402814064342));
#4106=CARTESIAN_POINT('Ctrl Pts',(32.0136601945189,81.6166200486327,-1.65273044809012));
#4107=CARTESIAN_POINT('Ctrl Pts',(32.0734008232912,81.5463155943006,-1.74373487094425));
#4108=CARTESIAN_POINT('Ctrl Pts',(32.1735045042441,81.3745828923841,-1.94130215807673));
#4109=CARTESIAN_POINT('Ctrl Pts',(32.2089994188924,81.280545267773,-2.03913855635572));
#4110=CARTESIAN_POINT('Ctrl Pts',(32.234931370117,81.0762695913871,-2.21988306626472));
#4111=CARTESIAN_POINT('Ctrl Pts',(32.225529724998,80.981041434987,-2.29119236358382));
#4112=CARTESIAN_POINT('Ctrl Pts',(32.1828293912732,80.8092242507472,-2.40009512791615));
#4113=CARTESIAN_POINT('Ctrl Pts',(32.1496325654099,80.7290959667757,-2.44068320492453));
#4114=CARTESIAN_POINT('Ctrl Pts',(32.0763537343554,80.5911260403082,-2.48867231836721));
#4115=CARTESIAN_POINT('Ctrl Pts',(32.0386265422352,80.5325027839813,-2.49999999999997));
#4116=CARTESIAN_POINT('Ctrl Pts',(32.0002938540833,80.4783929871341,-2.49999999999996));
#4117=CARTESIAN_POINT('Ctrl Pts',(32.3550040452422,83.4576406783165,-2.5));
#4118=CARTESIAN_POINT('Ctrl Pts',(32.2080293827141,83.2493980762547,-2.49999999999987));
#4119=CARTESIAN_POINT('Ctrl Pts',(31.9759613627614,82.8909674344884,-2.3900562302171));
#4120=CARTESIAN_POINT('Ctrl Pts',(31.83699003777,82.4726832870808,-2.0703032313373));
#4121=CARTESIAN_POINT('Ctrl Pts',(31.8785232463736,82.0968836874825,-1.80380047989652));
#4122=CARTESIAN_POINT('Ctrl Pts',(31.9378727297958,81.8232100271062,-1.65745110861482));
#4123=CARTESIAN_POINT('Ctrl Pts',(31.9587840641308,81.6779989336463,-1.58179765855074));
#4124=CARTESIAN_POINT('Origin',(24.4538557262881,78.9660164859807,-2.5));
#4125=CARTESIAN_POINT('',(30.1809225057844,84.7772034045215,-2.5));
#4126=CARTESIAN_POINT('Ctrl Pts',(30.1809225057844,84.7772034045215,-2.5));
#4127=CARTESIAN_POINT('Ctrl Pts',(30.059788560149,84.8461470495878,-2.5));
#4128=CARTESIAN_POINT('Ctrl Pts',(29.8164337383983,84.9815759073982,-2.5));
#4129=CARTESIAN_POINT('Ctrl Pts',(29.4083755613165,85.1574629886184,-2.5));
#4130=CARTESIAN_POINT('Ctrl Pts',(29.1142648504168,85.2378686685247,-2.5));
#4131=CARTESIAN_POINT('Ctrl Pts',(28.952887357858,85.2687377040246,-2.5));
#4132=CARTESIAN_POINT('',(31.6061659664299,83.9660230308578,-2.5));
#4133=CARTESIAN_POINT('',(28.1723929708059,85.9203622989046,-2.5));
#4134=CARTESIAN_POINT('Ctrl Pts',(32.3548688255686,83.4575010879617,-2.5));
#4135=CARTESIAN_POINT('Ctrl Pts',(32.3059911960715,83.4999128277024,-2.5));
#4136=CARTESIAN_POINT('Ctrl Pts',(32.1638076728572,83.6162109287471,-2.5));
#4137=CARTESIAN_POINT('Ctrl Pts',(31.9148076993021,83.7884051822977,-2.5));
#4138=CARTESIAN_POINT('Ctrl Pts',(31.7093772283443,83.9072801196866,-2.5));
#4139=CARTESIAN_POINT('Ctrl Pts',(31.6061659664299,83.9660230308578,-2.5));
#4140=CARTESIAN_POINT('',(30.6736648717868,96.0437156921115,-2.5));
#4141=CARTESIAN_POINT('Origin',(34.1736648717868,96.0437156921115,-2.5));
#4142=CARTESIAN_POINT('Ctrl Pts',(27.3738926625967,85.1698394073494,-2.5));
#4143=CARTESIAN_POINT('Ctrl Pts',(27.773104247972,85.2941463571669,-2.5));
#4144=CARTESIAN_POINT('Ctrl Pts',(28.4777012891491,85.3827105059263,-2.5));
#4145=CARTESIAN_POINT('Ctrl Pts',(29.3028621424606,85.2029428939712,-2.5));
#4146=CARTESIAN_POINT('Ctrl Pts',(29.8164337383983,84.9815759073982,-2.5));
#4147=CARTESIAN_POINT('Ctrl Pts',(30.059788560149,84.8461470495878,-2.5));
#4148=CARTESIAN_POINT('Ctrl Pts',(30.1809225057844,84.7772034045215,-2.5));
#4149=CARTESIAN_POINT('Ctrl Pts',(27.5073213048831,84.7413335201097,-2.5));
#4150=CARTESIAN_POINT('Ctrl Pts',(27.8555578247046,84.8497677970193,-2.5));
#4151=CARTESIAN_POINT('Ctrl Pts',(28.4644065176354,84.924768920487,-2.5));
#4152=CARTESIAN_POINT('Ctrl Pts',(29.1660033505172,84.7723195396143,-2.5));
#4153=CARTESIAN_POINT('Ctrl Pts',(29.6153989519791,84.5794270450315,-2.5));
#4154=CARTESIAN_POINT('Ctrl Pts',(29.8377916062719,84.4560985263876,-2.5));
#4155=CARTESIAN_POINT('Ctrl Pts',(29.9589255519073,84.3871548813212,-2.5));
#4156=CARTESIAN_POINT('Ctrl Pts',(27.7383342113268,83.9994359129451,-2.12344898010204));
#4157=CARTESIAN_POINT('Ctrl Pts',(27.999018195783,84.0806079834991,-2.12344898010204));
#4158=CARTESIAN_POINT('Ctrl Pts',(28.4405977114461,84.13260765392,-2.12344898010205));
#4159=CARTESIAN_POINT('Ctrl Pts',(28.9291198204119,84.027177011116,-2.12344898010205));
#4160=CARTESIAN_POINT('Ctrl Pts',(29.2676083611449,83.8832655892758,-2.12344898010205));
#4161=CARTESIAN_POINT('Ctrl Pts',(29.4534351393393,83.7807844299945,-2.12344898010204));
#4162=CARTESIAN_POINT('Ctrl Pts',(29.5745690849748,83.7118407849281,-2.12344898010204));
#4163=CARTESIAN_POINT('Ctrl Pts',(27.8198450499649,83.7376639752879,-1.33659921288462));
#4164=CARTESIAN_POINT('Ctrl Pts',(28.0493118590982,83.8091156068854,-1.33659921288462));
#4165=CARTESIAN_POINT('Ctrl Pts',(28.4325623019253,83.8527772069639,-1.33659921288462));
#4166=CARTESIAN_POINT('Ctrl Pts',(28.8455060797156,83.7640655631025,-1.33659921288462));
#4167=CARTESIAN_POINT('Ctrl Pts',(29.1447675199755,83.6375838116895,-1.33659921288462));
#4168=CARTESIAN_POINT('Ctrl Pts',(29.3178183963705,83.5425058888145,-1.33659921288462));
#4169=CARTESIAN_POINT('Ctrl Pts',(29.4389523420059,83.4735622437481,-1.33659921288462));
#4170=CARTESIAN_POINT('Ctrl Pts',(27.8198450499649,83.7376639752879,-1.));
#4171=CARTESIAN_POINT('Ctrl Pts',(28.0494421364583,83.8091561727955,-1.));
#4172=CARTESIAN_POINT('Ctrl Pts',(28.4324158849298,83.8529068352231,-1.));
#4173=CARTESIAN_POINT('Ctrl Pts',(28.8455187068099,83.7641435456646,-1.));
#4174=CARTESIAN_POINT('Ctrl Pts',(29.1448180366554,83.6376028222958,-1.));
#4175=CARTESIAN_POINT('Ctrl Pts',(29.3178183963705,83.5425058888145,-1.));
#4176=CARTESIAN_POINT('Ctrl Pts',(29.4389523420059,83.4735622437481,-1.));
#4177=CARTESIAN_POINT('',(27.819845049965,83.7376639752879,-1.));
#4178=CARTESIAN_POINT('Origin',(27.3738926625967,85.1698394073494,-1.));
#4179=CARTESIAN_POINT('',(29.4389523420059,83.4735622437481,-1.));
#4180=CARTESIAN_POINT('Ctrl Pts',(27.8198450499649,83.7376639752879,-1.));
#4181=CARTESIAN_POINT('Ctrl Pts',(28.0494421364583,83.8091561727955,-1.));
#4182=CARTESIAN_POINT('Ctrl Pts',(28.4324158849298,83.8529068352231,-1.));
#4183=CARTESIAN_POINT('Ctrl Pts',(28.8455187068099,83.7641435456646,-1.));
#4184=CARTESIAN_POINT('Ctrl Pts',(29.1448180366554,83.6376028222958,-1.));
#4185=CARTESIAN_POINT('Ctrl Pts',(29.3178183963705,83.5425058888145,-1.));
#4186=CARTESIAN_POINT('Ctrl Pts',(29.4389523420059,83.4735622437481,-1.));
#4187=CARTESIAN_POINT('Origin',(30.1809225057844,84.7772034045215,-1.));
#4188=CARTESIAN_POINT('Ctrl Pts',(26.5392325100764,82.3272113616181,-2.5));
#4189=CARTESIAN_POINT('Ctrl Pts',(26.5426070403021,82.3381042047616,-2.5));
#4190=CARTESIAN_POINT('Ctrl Pts',(26.5456923713895,82.3480678751424,-2.5));
#4191=CARTESIAN_POINT('Ctrl Pts',(26.5856055929337,82.4770307434168,-2.5));
#4192=CARTESIAN_POINT('Ctrl Pts',(26.6525375172749,82.6944284854743,-2.5));
#4193=CARTESIAN_POINT('Ctrl Pts',(26.7489627141683,83.0107225061941,-2.5));
#4194=CARTESIAN_POINT('Ctrl Pts',(26.841097471986,83.3160356611071,-2.5));
#4195=CARTESIAN_POINT('Ctrl Pts',(26.960277855656,83.7155939684847,-2.5));
#4196=CARTESIAN_POINT('Ctrl Pts',(27.1570575875277,84.3867318650124,-2.5));
#4197=CARTESIAN_POINT('Ctrl Pts',(27.3030995428324,84.9095783047656,-2.5));
#4198=CARTESIAN_POINT('Ctrl Pts',(27.3738926625967,85.1698394073494,-2.5));
#4199=CARTESIAN_POINT('Ctrl Pts',(26.5392325100764,82.3272113616181,-2.5));
#4200=CARTESIAN_POINT('Ctrl Pts',(26.5425951065772,82.3380651413944,-2.49981793949337));
#4201=CARTESIAN_POINT('Ctrl Pts',(26.545688458704,82.3480526459674,-2.49963130212633));
#4202=CARTESIAN_POINT('Ctrl Pts',(26.585016276314,82.4751308516125,-2.49335336714993));
#4203=CARTESIAN_POINT('Ctrl Pts',(26.6495427949271,82.6805909153712,-2.47172177138555));
#4204=CARTESIAN_POINT('Ctrl Pts',(26.7496808229416,82.9686782442862,-2.43700423776067));
#4205=CARTESIAN_POINT('Ctrl Pts',(26.8545557377848,83.2392709121882,-2.40259000029203));
#4206=CARTESIAN_POINT('Ctrl Pts',(27.0028749194512,83.584038972347,-2.36805871606082));
#4207=CARTESIAN_POINT('Ctrl Pts',(27.2757362410022,84.1429074967067,-2.33701129341837));
#4208=CARTESIAN_POINT('Ctrl Pts',(27.4851069292588,84.544018861015,-2.42394879269792));
#4209=CARTESIAN_POINT('Ctrl Pts',(27.5073213048831,84.7413335201097,-2.5));
#4210=CARTESIAN_POINT('Ctrl Pts',(26.5392325100764,82.3272113616181,-2.5));
#4211=CARTESIAN_POINT('Ctrl Pts',(26.5426055304324,82.3380846821385,-2.49971978965696));
#4212=CARTESIAN_POINT('Ctrl Pts',(26.5456416436112,82.3479163611181,-2.49874494606296));
#4213=CARTESIAN_POINT('Ctrl Pts',(26.5843868062324,82.4727936993303,-2.48430909449893));
#4214=CARTESIAN_POINT('Ctrl Pts',(26.6437865088897,82.6564174760239,-2.42253675531569));
#4215=CARTESIAN_POINT('Ctrl Pts',(26.7432142606106,82.897885781786,-2.32612080542983));
#4216=CARTESIAN_POINT('Ctrl Pts',(26.8552872889116,83.1120172848009,-2.2251430785395));
#4217=CARTESIAN_POINT('Ctrl Pts',(27.0275440074501,83.3687685102891,-2.10721977272368));
#4218=CARTESIAN_POINT('Ctrl Pts',(27.3712649882952,83.7491618824615,-1.94449679606014));
#4219=CARTESIAN_POINT('Ctrl Pts',(27.6987470587509,83.9355042801119,-2.00197887120856));
#4220=CARTESIAN_POINT('Ctrl Pts',(27.738249134003,83.9997091386445,-2.12309377163488));
#4221=CARTESIAN_POINT('Ctrl Pts',(26.5392325100764,82.3272113616181,-2.49999999999999));
#4222=CARTESIAN_POINT('Ctrl Pts',(26.5426007492921,82.33808285037,-2.49948352947316));
#4223=CARTESIAN_POINT('Ctrl Pts',(26.5456128193505,82.3478087047785,-2.49801184114979));
#4224=CARTESIAN_POINT('Ctrl Pts',(26.5835749598742,82.4701654949715,-2.47379488018993));
#4225=CARTESIAN_POINT('Ctrl Pts',(26.6368994186452,82.6323863884041,-2.37384852134426));
#4226=CARTESIAN_POINT('Ctrl Pts',(26.7220225066219,82.8327044845804,-2.21280761522583));
#4227=CARTESIAN_POINT('Ctrl Pts',(26.8152712125286,83.002309477755,-2.04174413739983));
#4228=CARTESIAN_POINT('Ctrl Pts',(26.9599787857107,83.2040804810169,-1.82049619010099));
#4229=CARTESIAN_POINT('Ctrl Pts',(27.2564036712754,83.5030783995279,-1.46582200988626));
#4230=CARTESIAN_POINT('Ctrl Pts',(27.6223475226216,83.678860134587,-1.29949155082327));
#4231=CARTESIAN_POINT('Ctrl Pts',(27.819845049965,83.7376639752879,-1.33659921288462));
#4232=CARTESIAN_POINT('Ctrl Pts',(26.5392325100764,82.3272113616181,-2.49999999999999));
#4233=CARTESIAN_POINT('Ctrl Pts',(26.5425948518426,82.3380648609217,-2.49931988528781));
#4234=CARTESIAN_POINT('Ctrl Pts',(26.5456056711025,82.3477846847591,-2.49776598515812));
#4235=CARTESIAN_POINT('Ctrl Pts',(26.5831606224193,82.4688273246746,-2.46860228625168));
#4236=CARTESIAN_POINT('Ctrl Pts',(26.6336620285372,82.6220942185388,-2.35309303559401));
#4237=CARTESIAN_POINT('Ctrl Pts',(26.7102221425563,82.8057880697117,-2.16402463669127));
#4238=CARTESIAN_POINT('Ctrl Pts',(26.7907014915226,82.9590909528735,-1.963181005415));
#4239=CARTESIAN_POINT('Ctrl Pts',(26.9150261811446,83.1450340714137,-1.69770677493488));
#4240=CARTESIAN_POINT('Ctrl Pts',(27.1725930308661,83.4337759665996,-1.26069285781311));
#4241=CARTESIAN_POINT('Ctrl Pts',(27.5442866126874,83.6518602809831,-0.999999999999994));
#4242=CARTESIAN_POINT('Ctrl Pts',(27.819845049965,83.7376639752879,-1.));
#4243=CARTESIAN_POINT('Ctrl Pts',(26.5392325100764,82.3272113616181,-2.49999999999999));
#4244=CARTESIAN_POINT('Ctrl Pts',(26.5425948518426,82.3380648609217,-2.49931988528781));
#4245=CARTESIAN_POINT('Ctrl Pts',(26.5456056711025,82.3477846847591,-2.49776598515812));
#4246=CARTESIAN_POINT('Ctrl Pts',(26.5831606224193,82.4688273246746,-2.46860228625168));
#4247=CARTESIAN_POINT('Ctrl Pts',(26.6336620285372,82.6220942185388,-2.35309303559401));
#4248=CARTESIAN_POINT('Ctrl Pts',(26.7102221425563,82.8057880697117,-2.16402463669127));
#4249=CARTESIAN_POINT('Ctrl Pts',(26.7907014915226,82.9590909528735,-1.963181005415));
#4250=CARTESIAN_POINT('Ctrl Pts',(26.9150261811446,83.1450340714137,-1.69770677493488));
#4251=CARTESIAN_POINT('Ctrl Pts',(27.1725930308661,83.4337759665996,-1.26069285781311));
#4252=CARTESIAN_POINT('Ctrl Pts',(27.5442866126874,83.6518602809831,-0.999999999999994));
#4253=CARTESIAN_POINT('Ctrl Pts',(27.819845049965,83.7376639752879,-1.));
#4254=CARTESIAN_POINT('Origin',(23.2569475083623,70.576480102103,-1.));
#4255=CARTESIAN_POINT('',(23.9631467372543,70.1745452957408,-2.5));
#4256=CARTESIAN_POINT('',(24.7051169010328,71.4781864565141,-1.));
#4257=CARTESIAN_POINT('Origin',(23.9631467372543,70.1745452957408,-1.));
#4258=CARTESIAN_POINT('',(23.9989176721408,71.8801212628763,-1.));
#4259=CARTESIAN_POINT('',(23.2569475083623,70.576480102103,-2.5));
#4260=CARTESIAN_POINT('Ctrl Pts',(26.463939501668,69.7000890875107,-2.5));
#4261=CARTESIAN_POINT('Ctrl Pts',(26.0991728295708,69.6228554531517,-2.5));
#4262=CARTESIAN_POINT('Ctrl Pts',(25.4687638269113,69.5950609116969,-2.5));
#4263=CARTESIAN_POINT('Ctrl Pts',(24.7421427845971,69.78698257798,-2.5));
#4264=CARTESIAN_POINT('Ctrl Pts',(24.2879800098918,69.9918907497785,-2.5));
#4265=CARTESIAN_POINT('Ctrl Pts',(24.0711636232198,70.1130672533298,-2.5));
#4266=CARTESIAN_POINT('Ctrl Pts',(23.9631467372543,70.1745452957408,-2.5));
#4267=CARTESIAN_POINT('Ctrl Pts',(26.3709743808024,70.1391539850871,-2.5));
#4268=CARTESIAN_POINT('Ctrl Pts',(26.0544855872809,70.0721424359864,-2.5));
#4269=CARTESIAN_POINT('Ctrl Pts',(25.5122509648105,70.0491189467382,-2.5));
#4270=CARTESIAN_POINT('Ctrl Pts',(24.8919842839088,70.2123902514516,-2.5));
#4271=CARTESIAN_POINT('Ctrl Pts',(24.4924315040997,70.3920695346188,-2.5));
#4272=CARTESIAN_POINT('Ctrl Pts',(24.2931605770969,70.50311577653,-2.5));
#4273=CARTESIAN_POINT('Ctrl Pts',(24.1851436911313,70.564593818941,-2.5));
#4274=CARTESIAN_POINT('Ctrl Pts',(26.2100131560097,70.899357629414,-2.12347916364699));
#4275=CARTESIAN_POINT('Ctrl Pts',(25.9764443278765,70.8499030853187,-2.12347916364699));
#4276=CARTESIAN_POINT('Ctrl Pts',(25.5881612096529,70.8346921563321,-2.12347916364699));
#4277=CARTESIAN_POINT('Ctrl Pts',(25.1513163934354,70.948632831289,-2.12347916364699));
#4278=CARTESIAN_POINT('Ctrl Pts',(24.8461652984317,71.0848851643629,-2.12347916364699));
#4279=CARTESIAN_POINT('Ctrl Pts',(24.6775294808702,71.1784517244453,-2.12347916364699));
#4280=CARTESIAN_POINT('Ctrl Pts',(24.5695125949047,71.2399297668563,-2.12347916364699));
#4281=CARTESIAN_POINT('Ctrl Pts',(26.153226472729,71.1675554120468,-1.33659921288462));
#4282=CARTESIAN_POINT('Ctrl Pts',(25.9492230602229,71.1243608820233,-1.33659921288462));
#4283=CARTESIAN_POINT('Ctrl Pts',(25.6146553970525,71.1121148102277,-1.33659921288462));
#4284=CARTESIAN_POINT('Ctrl Pts',(25.2428572835165,71.2085237340246,-1.33659921288462));
#4285=CARTESIAN_POINT('Ctrl Pts',(24.9710810902961,71.3293365732018,-1.33659921288462));
#4286=CARTESIAN_POINT('Ctrl Pts',(24.8131337869984,71.4167084141031,-1.33659921288462));
#4287=CARTESIAN_POINT('Ctrl Pts',(24.7051169010328,71.4781864565141,-1.33659921288462));
#4288=CARTESIAN_POINT('Ctrl Pts',(26.153226472729,71.1675554120468,-1.));
#4289=CARTESIAN_POINT('Ctrl Pts',(25.949099676084,71.1243347573628,-1.));
#4290=CARTESIAN_POINT('Ctrl Pts',(25.6147689826541,71.1120060508234,-1.));
#4291=CARTESIAN_POINT('Ctrl Pts',(25.242837783956,71.2084656941623,-1.));
#4292=CARTESIAN_POINT('Ctrl Pts',(24.9710337654168,71.3293255074691,-1.));
#4293=CARTESIAN_POINT('Ctrl Pts',(24.8131337869984,71.4167084141031,-1.));
#4294=CARTESIAN_POINT('Ctrl Pts',(24.7051169010328,71.4781864565141,-1.));
#4295=CARTESIAN_POINT('',(26.153226472729,71.1675554120468,-1.));
#4296=CARTESIAN_POINT('Origin',(26.463939501668,69.7000890875107,-1.));
#4297=CARTESIAN_POINT('Ctrl Pts',(26.153226472729,71.1675554120468,-1.));
#4298=CARTESIAN_POINT('Ctrl Pts',(25.949099676084,71.1243347573628,-1.));
#4299=CARTESIAN_POINT('Ctrl Pts',(25.6147689826541,71.1120060508234,-1.));
#4300=CARTESIAN_POINT('Ctrl Pts',(25.242837783956,71.2084656941623,-1.));
#4301=CARTESIAN_POINT('Ctrl Pts',(24.9710337654168,71.3293255074691,-1.));
#4302=CARTESIAN_POINT('Ctrl Pts',(24.8131337869984,71.4167084141031,-1.));
#4303=CARTESIAN_POINT('Ctrl Pts',(24.7051169010328,71.4781864565141,-1.));
#4304=CARTESIAN_POINT('Ctrl Pts',(23.9631467372543,70.1745452957408,-2.5));
#4305=CARTESIAN_POINT('Ctrl Pts',(24.0711636232198,70.1130672533298,-2.5));
#4306=CARTESIAN_POINT('Ctrl Pts',(24.2879800098918,69.9918907497785,-2.5));
#4307=CARTESIAN_POINT('Ctrl Pts',(24.5981466029101,69.8519504616966,-2.5));
#4308=CARTESIAN_POINT('Ctrl Pts',(24.8023328276249,69.782470985554,-2.5));
#4309=CARTESIAN_POINT('Ctrl Pts',(24.8896637616849,69.7567610350974,-2.5));
#4310=CARTESIAN_POINT('Ctrl Pts',(27.5361637971473,72.4366666368329,-2.5));
#4311=CARTESIAN_POINT('Ctrl Pts',(27.5347824031672,72.433403637259,-2.5));
#4312=CARTESIAN_POINT('Ctrl Pts',(27.5333940537258,72.4301233620583,-2.5));
#4313=CARTESIAN_POINT('Ctrl Pts',(27.4822876637102,72.3093246464493,-2.5));
#4314=CARTESIAN_POINT('Ctrl Pts',(27.3932561183004,72.0965452677054,-2.5));
#4315=CARTESIAN_POINT('Ctrl Pts',(27.2672713083922,71.7899052577771,-2.5));
#4316=CARTESIAN_POINT('Ctrl Pts',(27.1475132808492,71.4931760017507,-2.5));
#4317=CARTESIAN_POINT('Ctrl Pts',(27.0319083539534,71.201884045484,-2.5));
#4318=CARTESIAN_POINT('Ctrl Pts',(26.9212392782419,70.9184793504209,-2.5));
#4319=CARTESIAN_POINT('Ctrl Pts',(26.7803755062611,70.5522217988319,-2.5));
#4320=CARTESIAN_POINT('Ctrl Pts',(26.6179201678889,70.1204082878577,-2.5));
#4321=CARTESIAN_POINT('Ctrl Pts',(26.509285171257,69.8245069454607,-2.5));
#4322=CARTESIAN_POINT('Ctrl Pts',(26.463939501668,69.7000890875106,-2.5));
#4323=CARTESIAN_POINT('Ctrl Pts',(27.5361637971473,72.4366666368329,-2.5));
#4324=CARTESIAN_POINT('Ctrl Pts',(27.5347962164618,72.4334267169162,-2.49991326983795));
#4325=CARTESIAN_POINT('Ctrl Pts',(27.5333812591231,72.4301040759839,-2.49999364065067));
#4326=CARTESIAN_POINT('Ctrl Pts',(27.4828333696825,72.3103697805271,-2.494784712155));
#4327=CARTESIAN_POINT('Ctrl Pts',(27.3976226578831,72.1095941188329,-2.47317280038547));
#4328=CARTESIAN_POINT('Ctrl Pts',(27.2709098038952,71.8314565171428,-2.43772503106519));
#4329=CARTESIAN_POINT('Ctrl Pts',(27.1417016726787,71.5709765767346,-2.40391671554251));
#4330=CARTESIAN_POINT('Ctrl Pts',(27.007920219375,71.3225378484787,-2.37657487283635));
#4331=CARTESIAN_POINT('Ctrl Pts',(26.8721253317712,71.0876369230344,-2.35971622526089));
#4332=CARTESIAN_POINT('Ctrl Pts',(26.6934053132832,70.7921476288802,-2.35539345565535));
#4333=CARTESIAN_POINT('Ctrl Pts',(26.4862606576515,70.4579133870511,-2.39256067992584));
#4334=CARTESIAN_POINT('Ctrl Pts',(26.3876359156289,70.2353260642791,-2.46552926579488));
#4335=CARTESIAN_POINT('Ctrl Pts',(26.3709743808024,70.1391539850871,-2.5));
#4336=CARTESIAN_POINT('Ctrl Pts',(27.5361637971473,72.4366666368329,-2.5));
#4337=CARTESIAN_POINT('Ctrl Pts',(27.534779059329,72.43339054531,-2.49998272367947));
#4338=CARTESIAN_POINT('Ctrl Pts',(27.5334017503276,72.4301494086658,-2.49975013769808));
#4339=CARTESIAN_POINT('Ctrl Pts',(27.4829936765013,72.3107820256274,-2.49102071990574));
#4340=CARTESIAN_POINT('Ctrl Pts',(27.4058405061333,72.1324658136735,-2.42601127328154));
#4341=CARTESIAN_POINT('Ctrl Pts',(27.2847082030913,71.9003398986604,-2.33009306226671));
#4342=CARTESIAN_POINT('Ctrl Pts',(27.153751494498,71.6979816937058,-2.22895179694067));
#4343=CARTESIAN_POINT('Ctrl Pts',(27.0086933733919,71.5164300391028,-2.13832941004284));
#4344=CARTESIAN_POINT('Ctrl Pts',(26.8524474349842,71.3576109263449,-2.0628639644819));
#4345=CARTESIAN_POINT('Ctrl Pts',(26.6357814825496,71.1753644249726,-1.99277349105686));
#4346=CARTESIAN_POINT('Ctrl Pts',(26.3647853505934,71.0054113335202,-1.97982996573203));
#4347=CARTESIAN_POINT('Ctrl Pts',(26.2277256793757,70.930296252415,-2.06794167122933));
#4348=CARTESIAN_POINT('Ctrl Pts',(26.2100742054508,70.899069299056,-2.12310759433204));
#4349=CARTESIAN_POINT('Ctrl Pts',(27.5361637971473,72.4366666368329,-2.5));
#4350=CARTESIAN_POINT('Ctrl Pts',(27.5347762823452,72.4333887385525,-2.49995566693272));
#4351=CARTESIAN_POINT('Ctrl Pts',(27.5334078058879,72.4301591012492,-2.49960810761427));
#4352=CARTESIAN_POINT('Ctrl Pts',(27.4834055645098,72.3118384200472,-2.48490961310994));
#4353=CARTESIAN_POINT('Ctrl Pts',(27.4148708631705,72.1549350728916,-2.3790571680314));
#4354=CARTESIAN_POINT('Ctrl Pts',(27.3120612478453,71.9631213337311,-2.22027581265844));
#4355=CARTESIAN_POINT('Ctrl Pts',(27.2042646442685,71.8038064878537,-2.04732091751761));
#4356=CARTESIAN_POINT('Ctrl Pts',(27.0840752464235,71.6625341972005,-1.88070487393817));
#4357=CARTESIAN_POINT('Ctrl Pts',(26.95126782482,71.5388132623917,-1.72279105769901));
#4358=CARTESIAN_POINT('Ctrl Pts',(26.7563762171681,71.3943970521863,-1.5350439730248));
#4359=CARTESIAN_POINT('Ctrl Pts',(26.4799096310683,71.2521585744192,-1.35793255904314));
#4360=CARTESIAN_POINT('Ctrl Pts',(26.2499382683534,71.1878786697523,-1.31998537046386));
#4361=CARTESIAN_POINT('Ctrl Pts',(26.153226472729,71.1675554120468,-1.33659921288462));
#4362=CARTESIAN_POINT('Ctrl Pts',(27.5361637971473,72.4366666368329,-2.5));
#4363=CARTESIAN_POINT('Ctrl Pts',(27.5347837677204,72.4334068604789,-2.49989039062352));
#4364=CARTESIAN_POINT('Ctrl Pts',(27.5334014977287,72.4301436950465,-2.49960362945511));
#4365=CARTESIAN_POINT('Ctrl Pts',(27.483741548926,72.3126441453451,-2.48098851044178));
#4366=CARTESIAN_POINT('Ctrl Pts',(27.418883172141,72.1644641475922,-2.35901256297099));
#4367=CARTESIAN_POINT('Ctrl Pts',(27.3263024008681,71.9889154946889,-2.17256627861455));
#4368=CARTESIAN_POINT('Ctrl Pts',(27.2326994148454,71.8446568040256,-1.96919212144762));
#4369=CARTESIAN_POINT('Ctrl Pts',(27.1291220575249,71.7144962165951,-1.76992695515793));
#4370=CARTESIAN_POINT('Ctrl Pts',(27.0130275985173,71.5960754738064,-1.57676492905324));
#4371=CARTESIAN_POINT('Ctrl Pts',(26.8360426557532,71.4498953823895,-1.33870383094535));
#4372=CARTESIAN_POINT('Ctrl Pts',(26.5641158950362,71.2874726200129,-1.09133512560977));
#4373=CARTESIAN_POINT('Ctrl Pts',(26.2901135556674,71.196539109629,-0.999999999999997));
#4374=CARTESIAN_POINT('Ctrl Pts',(26.153226472729,71.1675554120468,-1.));
#4375=CARTESIAN_POINT('Ctrl Pts',(27.5361637971473,72.4366666368329,-2.5));
#4376=CARTESIAN_POINT('Ctrl Pts',(27.5347837677204,72.4334068604789,-2.49989039062352));
#4377=CARTESIAN_POINT('Ctrl Pts',(27.5334014977287,72.4301436950465,-2.49960362945511));
#4378=CARTESIAN_POINT('Ctrl Pts',(27.483741548926,72.3126441453451,-2.48098851044178));
#4379=CARTESIAN_POINT('Ctrl Pts',(27.418883172141,72.1644641475922,-2.35901256297099));
#4380=CARTESIAN_POINT('Ctrl Pts',(27.3263024008681,71.9889154946889,-2.17256627861455));
#4381=CARTESIAN_POINT('Ctrl Pts',(27.2326994148454,71.8446568040256,-1.96919212144762));
#4382=CARTESIAN_POINT('Ctrl Pts',(27.1291220575249,71.7144962165951,-1.76992695515793));
#4383=CARTESIAN_POINT('Ctrl Pts',(27.0130275985173,71.5960754738064,-1.57676492905324));
#4384=CARTESIAN_POINT('Ctrl Pts',(26.8360426557532,71.4498953823895,-1.33870383094535));
#4385=CARTESIAN_POINT('Ctrl Pts',(26.5641158950362,71.2874726200129,-1.09133512560977));
#4386=CARTESIAN_POINT('Ctrl Pts',(26.2901135556674,71.196539109629,-0.999999999999997));
#4387=CARTESIAN_POINT('Ctrl Pts',(26.153226472729,71.1675554120468,-1.));
#4388=CARTESIAN_POINT('Ctrl Pts',(24.7051169010328,71.4781864565141,2.77555756156289E-16));
#4389=CARTESIAN_POINT('Ctrl Pts',(24.7051169010328,71.4781864565141,-0.833333333333333));
#4390=CARTESIAN_POINT('Ctrl Pts',(24.7051169010328,71.4781864565141,-1.66666666666667));
#4391=CARTESIAN_POINT('Ctrl Pts',(24.7051169010328,71.4781864565141,-2.5));
#4392=CARTESIAN_POINT('Ctrl Pts',(24.8448135666701,71.39867779953,2.77555756156289E-16));
#4393=CARTESIAN_POINT('Ctrl Pts',(24.8448135666701,71.39867779953,-0.833333333333335));
#4394=CARTESIAN_POINT('Ctrl Pts',(24.8448135666701,71.39867779953,-1.66666666666667));
#4395=CARTESIAN_POINT('Ctrl Pts',(24.8448135666701,71.39867779953,-2.5));
#4396=CARTESIAN_POINT('Ctrl Pts',(25.1211707877435,71.2435568813465,2.77555756156289E-16));
#4397=CARTESIAN_POINT('Ctrl Pts',(25.1211707877435,71.2435568813465,-0.833333333333331));
#4398=CARTESIAN_POINT('Ctrl Pts',(25.1211707877435,71.2435568813465,-1.66666666666667));
#4399=CARTESIAN_POINT('Ctrl Pts',(25.1211707877435,71.2435568813465,-2.5));
#4400=CARTESIAN_POINT('Ctrl Pts',(25.5869929919473,71.1126409224171,2.77555756156289E-16));
#4401=CARTESIAN_POINT('Ctrl Pts',(25.5869929919473,71.1126409224171,-0.833333333333335));
#4402=CARTESIAN_POINT('Ctrl Pts',(25.5869929919473,71.1126409224171,-1.66666666666667));
#4403=CARTESIAN_POINT('Ctrl Pts',(25.5869929919473,71.1126409224171,-2.5));
#4404=CARTESIAN_POINT('Ctrl Pts',(26.1101842796,71.1329586483225,2.77555756156289E-16));
#4405=CARTESIAN_POINT('Ctrl Pts',(26.1101842796,71.1329586483225,-0.833333333333334));
#4406=CARTESIAN_POINT('Ctrl Pts',(26.1101842796,71.1329586483225,-1.66666666666667));
#4407=CARTESIAN_POINT('Ctrl Pts',(26.1101842796,71.1329586483225,-2.5));
#4408=CARTESIAN_POINT('Ctrl Pts',(26.6355308242034,71.3096103636876,2.77555756156289E-16));
#4409=CARTESIAN_POINT('Ctrl Pts',(26.6355308242034,71.3096103636876,-0.833333333333332));
#4410=CARTESIAN_POINT('Ctrl Pts',(26.6355308242034,71.3096103636876,-1.66666666666667));
#4411=CARTESIAN_POINT('Ctrl Pts',(26.6355308242034,71.3096103636876,-2.5));
#4412=CARTESIAN_POINT('Ctrl Pts',(27.0614335596475,71.609898108627,2.77555756156289E-16));
#4413=CARTESIAN_POINT('Ctrl Pts',(27.0614335596475,71.609898108627,-0.833333333333334));
#4414=CARTESIAN_POINT('Ctrl Pts',(27.0614335596475,71.609898108627,-1.66666666666667));
#4415=CARTESIAN_POINT('Ctrl Pts',(27.0614335596475,71.609898108627,-2.5));
#4416=CARTESIAN_POINT('Ctrl Pts',(27.3495718207195,71.996976368442,2.77555756156289E-16));
#4417=CARTESIAN_POINT('Ctrl Pts',(27.3495718207195,71.996976368442,-0.833333333333333));
#4418=CARTESIAN_POINT('Ctrl Pts',(27.3495718207195,71.996976368442,-1.66666666666667));
#4419=CARTESIAN_POINT('Ctrl Pts',(27.3495718207195,71.996976368442,-2.5));
#4420=CARTESIAN_POINT('Ctrl Pts',(27.4734993448016,72.2886465323274,2.77555756156289E-16));
#4421=CARTESIAN_POINT('Ctrl Pts',(27.4734993448016,72.2886465323274,-0.833333333333333));
#4422=CARTESIAN_POINT('Ctrl Pts',(27.4734993448016,72.2886465323274,-1.66666666666667));
#4423=CARTESIAN_POINT('Ctrl Pts',(27.4734993448016,72.2886465323274,-2.5));
#4424=CARTESIAN_POINT('Ctrl Pts',(27.5361637971473,72.4366666368329,2.77555756156289E-16));
#4425=CARTESIAN_POINT('Ctrl Pts',(27.5361637971473,72.4366666368329,-0.833333333333333));
#4426=CARTESIAN_POINT('Ctrl Pts',(27.5361637971473,72.4366666368329,-1.66666666666667));
#4427=CARTESIAN_POINT('Ctrl Pts',(27.5361637971473,72.4366666368329,-2.5));
#4428=CARTESIAN_POINT('',(27.5361637971473,72.4366666368329,-2.5));
#4429=CARTESIAN_POINT('',(24.7051169010328,71.4781864565141,0.));
#4430=CARTESIAN_POINT('Origin',(24.4538557262881,78.9660164859807,-2.5));
#4431=CARTESIAN_POINT('',(11.2340465807894,61.8883172798499,-2.5));
#4432=CARTESIAN_POINT('Origin',(14.7340465807894,61.8883172798499,-2.5));
#4433=CARTESIAN_POINT('Origin',(28.1723929708059,85.9203622989046,-1.));
#4434=CARTESIAN_POINT('',(30.8641958026514,82.6623818700845,-1.));
#4435=CARTESIAN_POINT('Origin',(31.6061659664299,83.9660230308578,-1.));
#4436=CARTESIAN_POINT('',(27.4304228070274,84.6167211381313,-1.));
#4437=CARTESIAN_POINT('Ctrl Pts',(31.8489586748236,81.6364393768191,-1.));
#4438=CARTESIAN_POINT('Ctrl Pts',(31.7790952725377,81.8210605792539,-1.));
#4439=CARTESIAN_POINT('Ctrl Pts',(31.6196645577767,82.0949676914408,-1.));
#4440=CARTESIAN_POINT('Ctrl Pts',(31.3530370760239,82.3514303685484,-1.));
#4441=CARTESIAN_POINT('Ctrl Pts',(31.1177483940149,82.5158700398108,-1.));
#4442=CARTESIAN_POINT('Ctrl Pts',(30.9674070645658,82.6036389589133,-1.));
#4443=CARTESIAN_POINT('Ctrl Pts',(30.8641958026514,82.6623818700845,-1.));
#4444=CARTESIAN_POINT('Ctrl Pts',(31.8489586748236,81.6364393768191,-1.44879895051283));
#4445=CARTESIAN_POINT('Ctrl Pts',(31.7792781457725,81.820577317984,-1.44879895051283));
#4446=CARTESIAN_POINT('Ctrl Pts',(31.6190734345311,82.0951231131034,-1.44879895051283));
#4447=CARTESIAN_POINT('Ctrl Pts',(31.3528960473845,82.3512415382802,-1.44879895051283));
#4448=CARTESIAN_POINT('Ctrl Pts',(31.1178166121194,82.5156842154557,-1.44879895051283));
#4449=CARTESIAN_POINT('Ctrl Pts',(30.9674070645658,82.6036389589133,-1.44879895051283));
#4450=CARTESIAN_POINT('Ctrl Pts',(30.8641958026514,82.6623818700845,-1.44879895051283));
#4451=CARTESIAN_POINT('Ctrl Pts',(32.2011385491719,81.7697094666793,-2.22583013261196));
#4452=CARTESIAN_POINT('Ctrl Pts',(32.1171087544853,81.9917668132699,-2.22583013261196));
#4453=CARTESIAN_POINT('Ctrl Pts',(31.9226262826608,82.3278243523208,-2.22583013261196));
#4454=CARTESIAN_POINT('Ctrl Pts',(31.5923680920197,82.6442548053375,-2.22583013261196));
#4455=CARTESIAN_POINT('Ctrl Pts',(31.3178196203124,82.8353708230387,-2.22583013261196));
#4456=CARTESIAN_POINT('Ctrl Pts',(31.1536674103065,82.9308982817017,-2.22583013261197));
#4457=CARTESIAN_POINT('Ctrl Pts',(31.0504561483921,82.9896411928729,-2.22583013261197));
#4458=CARTESIAN_POINT('Ctrl Pts',(32.9370583116638,82.048192423886,-2.5));
#4459=CARTESIAN_POINT('Ctrl Pts',(32.8235473342835,82.3481568179439,-2.5));
#4460=CARTESIAN_POINT('Ctrl Pts',(32.5553076980775,82.8145076577271,-2.5));
#4461=CARTESIAN_POINT('Ctrl Pts',(32.092383984972,83.2560196092867,-2.5));
#4462=CARTESIAN_POINT('Ctrl Pts',(31.7359362976083,83.5028808668256,-2.5));
#4463=CARTESIAN_POINT('Ctrl Pts',(31.5428795129365,83.6147437272864,-2.5));
#4464=CARTESIAN_POINT('Ctrl Pts',(31.4396682510221,83.6734866384576,-2.5));
#4465=CARTESIAN_POINT('Ctrl Pts',(33.2518711305622,82.1673222655369,-2.5));
#4466=CARTESIAN_POINT('Ctrl Pts',(33.1257723627619,82.5005511861896,-2.5));
#4467=CARTESIAN_POINT('Ctrl Pts',(32.8258804190009,83.022721897987,-2.5));
#4468=CARTESIAN_POINT('Ctrl Pts',(32.3062632191798,83.5176967557818,-2.5));
#4469=CARTESIAN_POINT('Ctrl Pts',(31.9148076993021,83.7884051822977,-2.5));
#4470=CARTESIAN_POINT('Ctrl Pts',(31.7093772283443,83.9072801196866,-2.5));
#4471=CARTESIAN_POINT('Ctrl Pts',(31.6061659664299,83.9660230308578,-2.5));
#4472=CARTESIAN_POINT('',(31.8489586748236,81.6364393768191,-1.));
#4473=CARTESIAN_POINT('Ctrl Pts',(30.8641958026514,82.6623818700845,-1.));
#4474=CARTESIAN_POINT('Ctrl Pts',(30.9674070645658,82.6036389589133,-1.));
#4475=CARTESIAN_POINT('Ctrl Pts',(31.1177483940149,82.5158700398108,-1.));
#4476=CARTESIAN_POINT('Ctrl Pts',(31.3530370760239,82.3514303685484,-1.));
#4477=CARTESIAN_POINT('Ctrl Pts',(31.6196645577767,82.0949676914408,-1.));
#4478=CARTESIAN_POINT('Ctrl Pts',(31.7790952725377,81.8210605792539,-1.));
#4479=CARTESIAN_POINT('Ctrl Pts',(31.8489586748236,81.6364393768191,-1.));
#4480=CARTESIAN_POINT('Origin',(33.2518711305622,82.1673222655369,-1.));
#4481=CARTESIAN_POINT('Ctrl Pts',(33.2518711305622,82.1673222655369,-2.5));
#4482=CARTESIAN_POINT('Ctrl Pts',(33.0931301514562,81.9615801361676,-2.5));
#4483=CARTESIAN_POINT('Ctrl Pts',(32.7723427854177,81.5413106127668,-2.5));
#4484=CARTESIAN_POINT('Ctrl Pts',(32.3014419890767,80.9006320482614,-2.5));
#4485=CARTESIAN_POINT('Ctrl Pts',(31.9964964746222,80.4745991117491,-2.5));
#4486=CARTESIAN_POINT('Ctrl Pts',(31.7456118815701,80.1158235379379,-2.5));
#4487=CARTESIAN_POINT('Ctrl Pts',(31.6157387974164,79.9271719961862,-2.5));
#4488=CARTESIAN_POINT('Ctrl Pts',(31.5393269851348,79.815096609903,-2.5));
#4489=CARTESIAN_POINT('Ctrl Pts',(31.5332074825158,79.8061132450238,-2.5));
#4490=CARTESIAN_POINT('Ctrl Pts',(31.5281728370639,79.7987175924118,-2.5));
#4491=CARTESIAN_POINT('Ctrl Pts',(32.8321207053643,82.008482476669,-2.5));
#4492=CARTESIAN_POINT('Ctrl Pts',(32.6890814057328,81.8809590553669,-2.43173311167283));
#4493=CARTESIAN_POINT('Ctrl Pts',(32.5042543484826,81.4860011284745,-2.33870748189608));
#4494=CARTESIAN_POINT('Ctrl Pts',(32.1890525788629,80.8531959479254,-2.37224316690419));
#4495=CARTESIAN_POINT('Ctrl Pts',(31.95401808329,80.4434890314783,-2.42487852217092));
#4496=CARTESIAN_POINT('Ctrl Pts',(31.7360063181147,80.10425174684,-2.47204340808516));
#4497=CARTESIAN_POINT('Ctrl Pts',(31.6148592342462,79.9259114365408,-2.49435396580791));
#4498=CARTESIAN_POINT('Ctrl Pts',(31.5392950789863,79.8150507306758,-2.49960791097159));
#4499=CARTESIAN_POINT('Ctrl Pts',(31.533206244194,79.8061114259884,-2.49993986563384));
#4500=CARTESIAN_POINT('Ctrl Pts',(31.5281728370639,79.7987175924118,-2.5));
#4501=CARTESIAN_POINT('Ctrl Pts',(32.1053824512329,81.7334739384549,-2.12344833403833));
#4502=CARTESIAN_POINT('Ctrl Pts',(32.0713571714262,81.6711433361941,-2.01814352272863));
#4503=CARTESIAN_POINT('Ctrl Pts',(32.1278018168333,81.3178468113794,-1.95050087672504));
#4504=CARTESIAN_POINT('Ctrl Pts',(32.0266055955175,80.7440015451594,-2.1312950904324));
#4505=CARTESIAN_POINT('Ctrl Pts',(31.8884544243604,80.3823012813288,-2.29251487745915));
#4506=CARTESIAN_POINT('Ctrl Pts',(31.7192497126048,80.083602530207,-2.42351883592487));
#4507=CARTESIAN_POINT('Ctrl Pts',(31.6132781206078,79.9236989167582,-2.48452483180242));
#4508=CARTESIAN_POINT('Ctrl Pts',(31.5392411227308,79.8149703642088,-2.49891986097694));
#4509=CARTESIAN_POINT('Ctrl Pts',(31.5332040771307,79.8061082426765,-2.49983463049306));
#4510=CARTESIAN_POINT('Ctrl Pts',(31.5281728370638,79.7987175924117,-2.5));
#4511=CARTESIAN_POINT('Ctrl Pts',(31.8489586748236,81.6364393768191,-1.33659921288462));
#4512=CARTESIAN_POINT('Ctrl Pts',(31.9181393233265,81.455206269773,-1.30532535242788));
#4513=CARTESIAN_POINT('Ctrl Pts',(32.0032101771446,81.0754009220615,-1.46723911726667));
#4514=CARTESIAN_POINT('Ctrl Pts',(31.9424157586839,80.5992082106766,-1.86955161811855));
#4515=CARTESIAN_POINT('Ctrl Pts',(31.8412106227788,80.3108717237104,-2.15729078397113));
#4516=CARTESIAN_POINT('Ctrl Pts',(31.70444636359,80.0626330092595,-2.37358384454569));
#4517=CARTESIAN_POINT('Ctrl Pts',(31.6117740459572,79.9215149167439,-2.47459070424761));
#4518=CARTESIAN_POINT('Ctrl Pts',(31.5391854908392,79.8148884939917,-2.4982351956609));
#4519=CARTESIAN_POINT('Ctrl Pts',(31.5332019100675,79.8061050593646,-2.49972939535228));
#4520=CARTESIAN_POINT('Ctrl Pts',(31.5281728370639,79.7987175924118,-2.5));
#4521=CARTESIAN_POINT('Ctrl Pts',(31.8489586748236,81.6364393768191,-1.));
#4522=CARTESIAN_POINT('Ctrl Pts',(31.9461477946364,81.379607164583,-1.));
#4523=CARTESIAN_POINT('Ctrl Pts',(31.9998004897206,80.9663583464159,-1.25991842498189));
#4524=CARTESIAN_POINT('Ctrl Pts',(31.9207065156035,80.53179373628,-1.75721993116024));
#4525=CARTESIAN_POINT('Ctrl Pts',(31.8241491885907,80.2783955541907,-2.09927506534252));
#4526=CARTESIAN_POINT('Ctrl Pts',(31.6982531061281,80.0535172116056,-2.35214505027947));
#4527=CARTESIAN_POINT('Ctrl Pts',(31.6111261088323,79.9205775368086,-2.47032952629967));
#4528=CARTESIAN_POINT('Ctrl Pts',(31.5391619292242,79.814853361384,-2.49794189473496));
#4529=CARTESIAN_POINT('Ctrl Pts',(31.5332009813262,79.8061036950881,-2.49968429457766));
#4530=CARTESIAN_POINT('Ctrl Pts',(31.5281728370639,79.7987175924118,-2.5));
#4531=CARTESIAN_POINT('Ctrl Pts',(31.8489586748236,81.6364393768191,-1.));
#4532=CARTESIAN_POINT('Ctrl Pts',(31.9461477946364,81.379607164583,-1.));
#4533=CARTESIAN_POINT('Ctrl Pts',(31.9998004897206,80.9663583464159,-1.25991842498189));
#4534=CARTESIAN_POINT('Ctrl Pts',(31.9207065156035,80.53179373628,-1.75721993116024));
#4535=CARTESIAN_POINT('Ctrl Pts',(31.8241491885907,80.2783955541907,-2.09927506534252));
#4536=CARTESIAN_POINT('Ctrl Pts',(31.6982531061281,80.0535172116056,-2.35214505027947));
#4537=CARTESIAN_POINT('Ctrl Pts',(31.6111261088323,79.9205775368086,-2.47032952629967));
#4538=CARTESIAN_POINT('Ctrl Pts',(31.5391619292242,79.814853361384,-2.49794189473496));
#4539=CARTESIAN_POINT('Ctrl Pts',(31.5332009813262,79.8061036950881,-2.49968429457766));
#4540=CARTESIAN_POINT('Ctrl Pts',(31.5281728370639,79.7987175924118,-2.5));
#4541=CARTESIAN_POINT('Origin',(27.2494896438243,84.7196996361829,0.));
#4542=CARTESIAN_POINT('',(29.4389523420059,83.4735622437481,0.));
#4543=CARTESIAN_POINT('',(30.8641958026514,82.6623818700845,-1.));
#4544=CARTESIAN_POINT('Ctrl Pts',(29.4389523420059,83.4735622437481,2.77555756156289E-16));
#4545=CARTESIAN_POINT('Ctrl Pts',(29.4389523420059,83.4735622437481,-0.833333333333333));
#4546=CARTESIAN_POINT('Ctrl Pts',(29.4389523420059,83.4735622437481,-1.66666666666667));
#4547=CARTESIAN_POINT('Ctrl Pts',(29.4389523420059,83.4735622437481,-2.5));
#4548=CARTESIAN_POINT('Ctrl Pts',(29.2909739589101,83.5577844579932,2.77555756156289E-16));
#4549=CARTESIAN_POINT('Ctrl Pts',(29.2909739589101,83.5577844579932,-0.833333333333335));
#4550=CARTESIAN_POINT('Ctrl Pts',(29.2909739589101,83.5577844579932,-1.66666666666667));
#4551=CARTESIAN_POINT('Ctrl Pts',(29.2909739589101,83.5577844579932,-2.5));
#4552=CARTESIAN_POINT('Ctrl Pts',(28.9992791280468,83.7212361290665,2.77555756156289E-16));
#4553=CARTESIAN_POINT('Ctrl Pts',(28.9992791280468,83.7212361290665,-0.833333333333331));
#4554=CARTESIAN_POINT('Ctrl Pts',(28.9992791280468,83.7212361290665,-1.66666666666667));
#4555=CARTESIAN_POINT('Ctrl Pts',(28.9992791280468,83.7212361290665,-2.5));
#4556=CARTESIAN_POINT('Ctrl Pts',(28.5060772577107,83.848099617838,2.77555756156289E-16));
#4557=CARTESIAN_POINT('Ctrl Pts',(28.5060772577107,83.848099617838,-0.833333333333335));
#4558=CARTESIAN_POINT('Ctrl Pts',(28.5060772577107,83.848099617838,-1.66666666666666));
#4559=CARTESIAN_POINT('Ctrl Pts',(28.5060772577107,83.848099617838,-2.5));
#4560=CARTESIAN_POINT('Ctrl Pts',(27.9508722786262,83.8025079991982,2.77555756156289E-16));
#4561=CARTESIAN_POINT('Ctrl Pts',(27.9508722786262,83.8025079991982,-0.833333333333334));
#4562=CARTESIAN_POINT('Ctrl Pts',(27.9508722786262,83.8025079991982,-1.66666666666667));
#4563=CARTESIAN_POINT('Ctrl Pts',(27.9508722786262,83.8025079991982,-2.5));
#4564=CARTESIAN_POINT('Ctrl Pts',(27.3974257661646,83.5842688226935,2.77555756156289E-16));
#4565=CARTESIAN_POINT('Ctrl Pts',(27.3974257661646,83.5842688226935,-0.833333333333332));
#4566=CARTESIAN_POINT('Ctrl Pts',(27.3974257661646,83.5842688226935,-1.66666666666667));
#4567=CARTESIAN_POINT('Ctrl Pts',(27.3974257661646,83.5842688226935,-2.5));
#4568=CARTESIAN_POINT('Ctrl Pts',(26.9625113880141,83.2385669602663,2.77555756156289E-16));
#4569=CARTESIAN_POINT('Ctrl Pts',(26.9625113880141,83.2385669602663,-0.833333333333334));
#4570=CARTESIAN_POINT('Ctrl Pts',(26.9625113880141,83.2385669602663,-1.66666666666667));
#4571=CARTESIAN_POINT('Ctrl Pts',(26.9625113880141,83.2385669602663,-2.5));
#4572=CARTESIAN_POINT('Ctrl Pts',(26.690121387665,82.8087716642979,2.77555756156289E-16));
#4573=CARTESIAN_POINT('Ctrl Pts',(26.690121387665,82.8087716642979,-0.833333333333333));
#4574=CARTESIAN_POINT('Ctrl Pts',(26.690121387665,82.8087716642979,-1.66666666666667));
#4575=CARTESIAN_POINT('Ctrl Pts',(26.690121387665,82.8087716642979,-2.5));
#4576=CARTESIAN_POINT('Ctrl Pts',(26.5896178082599,82.4898530074624,2.77555756156289E-16));
#4577=CARTESIAN_POINT('Ctrl Pts',(26.5896178082599,82.4898530074624,-0.833333333333333));
#4578=CARTESIAN_POINT('Ctrl Pts',(26.5896178082599,82.4898530074624,-1.66666666666667));
#4579=CARTESIAN_POINT('Ctrl Pts',(26.5896178082599,82.4898530074624,-2.5));
#4580=CARTESIAN_POINT('Ctrl Pts',(26.5392325100764,82.3272113616181,2.77555756156289E-16));
#4581=CARTESIAN_POINT('Ctrl Pts',(26.5392325100764,82.3272113616181,-0.833333333333333));
#4582=CARTESIAN_POINT('Ctrl Pts',(26.5392325100764,82.3272113616181,-1.66666666666667));
#4583=CARTESIAN_POINT('Ctrl Pts',(26.5392325100764,82.3272113616181,-2.5));
#4584=CARTESIAN_POINT('',(26.5392325100764,82.3272113616181,-2.5));
#4585=CARTESIAN_POINT('Origin',(26.7014798619359,70.3419521938709,0.));
#4586=CARTESIAN_POINT('',(24.3697949935473,71.6690356396343,-1.));
#4587=CARTESIAN_POINT('Ctrl Pts',(23.5694104614519,74.3000017414745,2.77555756156289E-16));
#4588=CARTESIAN_POINT('Ctrl Pts',(23.5694104614519,74.3000017414745,-0.833333333333333));
#4589=CARTESIAN_POINT('Ctrl Pts',(23.5694104614519,74.3000017414745,-1.66666666666667));
#4590=CARTESIAN_POINT('Ctrl Pts',(23.5694104614519,74.3000017414745,-2.5));
#4591=CARTESIAN_POINT('Ctrl Pts',(23.4405023640777,74.0415903270215,2.77555756156289E-16));
#4592=CARTESIAN_POINT('Ctrl Pts',(23.4405023640777,74.0415903270215,-0.833333333333333));
#4593=CARTESIAN_POINT('Ctrl Pts',(23.4405023640777,74.0415903270215,-1.66666666666666));
#4594=CARTESIAN_POINT('Ctrl Pts',(23.4405023640777,74.0415903270215,-2.5));
#4595=CARTESIAN_POINT('Ctrl Pts',(23.2581135425362,73.6472554111277,2.77555756156289E-16));
#4596=CARTESIAN_POINT('Ctrl Pts',(23.2581135425362,73.6472554111277,-0.833333333333334));
#4597=CARTESIAN_POINT('Ctrl Pts',(23.2581135425362,73.6472554111277,-1.66666666666667));
#4598=CARTESIAN_POINT('Ctrl Pts',(23.2581135425362,73.6472554111277,-2.5));
#4599=CARTESIAN_POINT('Ctrl Pts',(23.2742569363802,73.0311597602115,2.77555756156289E-16));
#4600=CARTESIAN_POINT('Ctrl Pts',(23.2742569363802,73.0311597602115,-0.833333333333333));
#4601=CARTESIAN_POINT('Ctrl Pts',(23.2742569363802,73.0311597602115,-1.66666666666667));
#4602=CARTESIAN_POINT('Ctrl Pts',(23.2742569363802,73.0311597602115,-2.5));
#4603=CARTESIAN_POINT('Ctrl Pts',(23.4650832680652,72.4068597931285,2.77555756156289E-16));
#4604=CARTESIAN_POINT('Ctrl Pts',(23.4650832680652,72.4068597931285,-0.833333333333334));
#4605=CARTESIAN_POINT('Ctrl Pts',(23.4650832680652,72.4068597931285,-1.66666666666667));
#4606=CARTESIAN_POINT('Ctrl Pts',(23.4650832680652,72.4068597931285,-2.5));
#4607=CARTESIAN_POINT('Ctrl Pts',(23.8722402437317,71.9487582162157,2.77555756156289E-16));
#4608=CARTESIAN_POINT('Ctrl Pts',(23.8722402437317,71.9487582162157,-0.833333333333332));
#4609=CARTESIAN_POINT('Ctrl Pts',(23.8722402437317,71.9487582162157,-1.66666666666667));
#4610=CARTESIAN_POINT('Ctrl Pts',(23.8722402437317,71.9487582162157,-2.5));
#4611=CARTESIAN_POINT('Ctrl Pts',(24.2443065945091,71.7404576311979,2.77555756156289E-16));
#4612=CARTESIAN_POINT('Ctrl Pts',(24.2443065945091,71.7404576311979,-0.833333333333334));
#4613=CARTESIAN_POINT('Ctrl Pts',(24.2443065945091,71.7404576311979,-1.66666666666667));
#4614=CARTESIAN_POINT('Ctrl Pts',(24.2443065945091,71.7404576311979,-2.5));
#4615=CARTESIAN_POINT('Ctrl Pts',(24.3697949935473,71.6690356396343,2.77555756156289E-16));
#4616=CARTESIAN_POINT('Ctrl Pts',(24.3697949935473,71.6690356396343,-0.833333333333333));
#4617=CARTESIAN_POINT('Ctrl Pts',(24.3697949935473,71.6690356396343,-1.66666666666667));
#4618=CARTESIAN_POINT('Ctrl Pts',(24.3697949935473,71.6690356396343,-2.5));
#4619=CARTESIAN_POINT('',(23.5694104614519,74.3000017414745,0.));
#4620=CARTESIAN_POINT('Ctrl Pts',(22.6360035077351,72.6558267838498,7.15));
#4621=CARTESIAN_POINT('Ctrl Pts',(22.6360035077351,72.6558267838498,-7.15));
#4622=CARTESIAN_POINT('Ctrl Pts',(22.8775415428209,73.0247759825088,7.15));
#4623=CARTESIAN_POINT('Ctrl Pts',(22.8775415428209,73.0247759825088,-7.15));
#4624=CARTESIAN_POINT('Ctrl Pts',(23.357592042868,73.8298371161219,7.15));
#4625=CARTESIAN_POINT('Ctrl Pts',(23.357592042868,73.8298371161219,-7.15));
#4626=CARTESIAN_POINT('Ctrl Pts',(24.0321928930848,75.1774608326579,7.15));
#4627=CARTESIAN_POINT('Ctrl Pts',(24.0321928930848,75.1774608326579,-7.15));
#4628=CARTESIAN_POINT('Ctrl Pts',(24.8464210440267,77.1834300682897,7.15));
#4629=CARTESIAN_POINT('Ctrl Pts',(24.8464210440267,77.1834300682897,-7.15));
#4630=CARTESIAN_POINT('Ctrl Pts',(25.7385458310106,79.7799129161516,7.15));
#4631=CARTESIAN_POINT('Ctrl Pts',(25.7385458310106,79.7799129161516,-7.15));
#4632=CARTESIAN_POINT('Ctrl Pts',(26.3996938169024,81.8539215976463,7.15));
#4633=CARTESIAN_POINT('Ctrl Pts',(26.3996938169024,81.8539215976463,-7.15));
#4634=CARTESIAN_POINT('Ctrl Pts',(26.8540246547227,83.3414295700904,7.15));
#4635=CARTESIAN_POINT('Ctrl Pts',(26.8540246547227,83.3414295700904,-7.15));
#4636=CARTESIAN_POINT('Ctrl Pts',(27.1279260214629,84.2863307326693,7.15));
#4637=CARTESIAN_POINT('Ctrl Pts',(27.1279260214629,84.2863307326693,-7.15));
#4638=CARTESIAN_POINT('Ctrl Pts',(27.2494896438243,84.7196996361829,7.15));
#4639=CARTESIAN_POINT('Ctrl Pts',(27.2494896438243,84.7196996361829,-7.15));
#4640=CARTESIAN_POINT('Ctrl Pts',(31.5281727619226,79.7987174820329,2.77555756156289E-16));
#4641=CARTESIAN_POINT('Ctrl Pts',(31.5281727619226,79.7987174820329,-0.833333333333333));
#4642=CARTESIAN_POINT('Ctrl Pts',(31.5281727619226,79.7987174820329,-1.66666666666667));
#4643=CARTESIAN_POINT('Ctrl Pts',(31.5281727619226,79.7987174820329,-2.5));
#4644=CARTESIAN_POINT('Ctrl Pts',(31.6166599698979,79.9287009458897,2.77555756156289E-16));
#4645=CARTESIAN_POINT('Ctrl Pts',(31.6166599698979,79.9287009458897,-0.833333333333335));
#4646=CARTESIAN_POINT('Ctrl Pts',(31.6166599698979,79.9287009458897,-1.66666666666666));
#4647=CARTESIAN_POINT('Ctrl Pts',(31.6166599698979,79.9287009458897,-2.5));
#4648=CARTESIAN_POINT('Ctrl Pts',(31.7912343961068,80.1853471975637,2.77555756156289E-16));
#4649=CARTESIAN_POINT('Ctrl Pts',(31.7912343961068,80.1853471975637,-0.833333333333331));
#4650=CARTESIAN_POINT('Ctrl Pts',(31.7912343961068,80.1853471975637,-1.66666666666667));
#4651=CARTESIAN_POINT('Ctrl Pts',(31.7912343961068,80.1853471975637,-2.5));
#4652=CARTESIAN_POINT('Ctrl Pts',(31.9609407851798,80.6263484640587,2.77555756156289E-16));
#4653=CARTESIAN_POINT('Ctrl Pts',(31.9609407851798,80.6263484640587,-0.833333333333335));
#4654=CARTESIAN_POINT('Ctrl Pts',(31.9609407851798,80.6263484640587,-1.66666666666667));
#4655=CARTESIAN_POINT('Ctrl Pts',(31.9609407851798,80.6263484640587,-2.5));
#4656=CARTESIAN_POINT('Ctrl Pts',(31.9893777786749,81.1346536874803,2.77555756156289E-16));
#4657=CARTESIAN_POINT('Ctrl Pts',(31.9893777786749,81.1346536874803,-0.833333333333334));
#4658=CARTESIAN_POINT('Ctrl Pts',(31.9893777786749,81.1346536874803,-1.66666666666667));
#4659=CARTESIAN_POINT('Ctrl Pts',(31.9893777786749,81.1346536874803,-2.5));
#4660=CARTESIAN_POINT('Ctrl Pts',(31.8664434713522,81.6599440268907,2.77555756156289E-16));
#4661=CARTESIAN_POINT('Ctrl Pts',(31.8664434713522,81.6599440268907,-0.833333333333332));
#4662=CARTESIAN_POINT('Ctrl Pts',(31.8664434713522,81.6599440268907,-1.66666666666667));
#4663=CARTESIAN_POINT('Ctrl Pts',(31.8664434713522,81.6599440268907,-2.5));
#4664=CARTESIAN_POINT('Ctrl Pts',(31.6157203395954,82.1047975626063,2.77555756156289E-16));
#4665=CARTESIAN_POINT('Ctrl Pts',(31.6157203395954,82.1047975626063,-0.833333333333334));
#4666=CARTESIAN_POINT('Ctrl Pts',(31.6157203395954,82.1047975626063,-1.66666666666667));
#4667=CARTESIAN_POINT('Ctrl Pts',(31.6157203395954,82.1047975626063,-2.5));
#4668=CARTESIAN_POINT('Ctrl Pts',(31.2697725707102,82.4294735488289,2.77555756156289E-16));
#4669=CARTESIAN_POINT('Ctrl Pts',(31.2697725707102,82.4294735488289,-0.833333333333333));
#4670=CARTESIAN_POINT('Ctrl Pts',(31.2697725707102,82.4294735488289,-1.66666666666667));
#4671=CARTESIAN_POINT('Ctrl Pts',(31.2697725707102,82.4294735488289,-2.5));
#4672=CARTESIAN_POINT('Ctrl Pts',(31.0008556677117,82.5846016146647,2.77555756156289E-16));
#4673=CARTESIAN_POINT('Ctrl Pts',(31.0008556677117,82.5846016146647,-0.833333333333333));
#4674=CARTESIAN_POINT('Ctrl Pts',(31.0008556677117,82.5846016146647,-1.66666666666667));
#4675=CARTESIAN_POINT('Ctrl Pts',(31.0008556677117,82.5846016146647,-2.5));
#4676=CARTESIAN_POINT('Ctrl Pts',(30.8641958026514,82.6623818700845,2.77555756156289E-16));
#4677=CARTESIAN_POINT('Ctrl Pts',(30.8641958026514,82.6623818700845,-0.833333333333333));
#4678=CARTESIAN_POINT('Ctrl Pts',(30.8641958026514,82.6623818700845,-1.66666666666667));
#4679=CARTESIAN_POINT('Ctrl Pts',(30.8641958026514,82.6623818700845,-2.5));
#4680=CARTESIAN_POINT('',(31.5281727619226,79.7987174820329,0.));
#4681=CARTESIAN_POINT('Ctrl Pts',(32.7930257595069,81.5645841615954,7.15));
#4682=CARTESIAN_POINT('Ctrl Pts',(32.7930257595069,81.5645841615954,-7.15));
#4683=CARTESIAN_POINT('Ctrl Pts',(32.5175394932355,81.1975524489959,7.15));
#4684=CARTESIAN_POINT('Ctrl Pts',(32.5175394932355,81.1975524489959,-7.15));
#4685=CARTESIAN_POINT('Ctrl Pts',(31.8696434874009,80.3149363913043,7.15));
#4686=CARTESIAN_POINT('Ctrl Pts',(31.8696434874009,80.3149363913043,-7.15));
#4687=CARTESIAN_POINT('Ctrl Pts',(30.8637802969846,78.8601526427046,7.15));
#4688=CARTESIAN_POINT('Ctrl Pts',(30.8637802969846,78.8601526427046,-7.15));
#4689=CARTESIAN_POINT('Ctrl Pts',(29.5541187877615,76.7303597316188,7.15));
#4690=CARTESIAN_POINT('Ctrl Pts',(29.5541187877615,76.7303597316188,-7.15));
#4691=CARTESIAN_POINT('Ctrl Pts',(28.3597456760956,74.3846955976598,7.15));
#4692=CARTESIAN_POINT('Ctrl Pts',(28.3597456760956,74.3846955976598,-7.15));
#4693=CARTESIAN_POINT('Ctrl Pts',(27.508225590323,72.421624633595,7.15));
#4694=CARTESIAN_POINT('Ctrl Pts',(27.508225590323,72.421624633595,-7.15));
#4695=CARTESIAN_POINT('Ctrl Pts',(26.9813424752466,71.0842076523211,7.15));
#4696=CARTESIAN_POINT('Ctrl Pts',(26.9813424752466,71.0842076523211,-7.15));
#4697=CARTESIAN_POINT('Ctrl Pts',(26.7197784980013,70.3906243294782,7.15));
#4698=CARTESIAN_POINT('Ctrl Pts',(26.7197784980013,70.3906243294782,-7.15));
#4699=CARTESIAN_POINT('Ctrl Pts',(26.7014798619359,70.3419521938709,7.15));
#4700=CARTESIAN_POINT('Ctrl Pts',(26.7014798619359,70.3419521938709,-7.15));
#4701=CARTESIAN_POINT('Origin',(14.7340465807894,61.8883172798499,-2.5));
#4702=CARTESIAN_POINT('Origin',(34.1736648717868,96.0437156921115,-2.5));
#4703=CARTESIAN_POINT('Origin',(34.1736648717868,96.0437156921115,-2.5));
#4704=UNCERTAINTY_MEASURE_WITH_UNIT(LENGTH_MEASURE(0.01),#4710,
'DISTANCE_ACCURACY_VALUE',
'Maximum model space distance between geometric entities at asserted c
onnectivities');
#4705=UNCERTAINTY_MEASURE_WITH_UNIT(LENGTH_MEASURE(0.01),#4710,
'DISTANCE_ACCURACY_VALUE',
'Maximum model space distance between geometric entities at asserted c
onnectivities');
#4706=(
GEOMETRIC_REPRESENTATION_CONTEXT(3)
GLOBAL_UNCERTAINTY_ASSIGNED_CONTEXT((#4704))
GLOBAL_UNIT_ASSIGNED_CONTEXT((#4710,#4709,#4708))
REPRESENTATION_CONTEXT('','3D')
);
#4707=(
GEOMETRIC_REPRESENTATION_CONTEXT(3)
GLOBAL_UNCERTAINTY_ASSIGNED_CONTEXT((#4705))
GLOBAL_UNIT_ASSIGNED_CONTEXT((#4710,#4709,#4708))
REPRESENTATION_CONTEXT('','3D')
);
#4708=(
NAMED_UNIT(*)
SI_UNIT($,.STERADIAN.)
SOLID_ANGLE_UNIT()
);
#4709=(
NAMED_UNIT(*)
PLANE_ANGLE_UNIT()
SI_UNIT($,.RADIAN.)
);
#4710=(
LENGTH_UNIT()
NAMED_UNIT(*)
SI_UNIT(.MILLI.,.METRE.)
);
#4711=SHAPE_DEFINITION_REPRESENTATION(#4712,#4713);
#4712=PRODUCT_DEFINITION_SHAPE('',$,#4715);
#4713=SHAPE_REPRESENTATION('',(#1232),#4706);
#4714=PRODUCT_DEFINITION_CONTEXT('part definition',#4719,'design');
#4715=PRODUCT_DEFINITION('fibula','fibula',#4716,#4714);
#4716=PRODUCT_DEFINITION_FORMATION('',$,#4721);
#4717=PRODUCT_RELATED_PRODUCT_CATEGORY('fibula','fibula',(#4721));
#4718=APPLICATION_PROTOCOL_DEFINITION('international standard',
'automotive_design',2009,#4719);
#4719=APPLICATION_CONTEXT(
'Core Data for Automotive Mechanical Design Process');
#4720=PRODUCT_CONTEXT('part definition',#4719,'mechanical');
#4721=PRODUCT('fibula','fibula',$,(#4720));
#4722=PRESENTATION_STYLE_ASSIGNMENT((#4723));
#4723=SURFACE_STYLE_USAGE(.BOTH.,#4724);
#4724=SURFACE_SIDE_STYLE('',(#4725));
#4725=SURFACE_STYLE_FILL_AREA(#4726);
#4726=FILL_AREA_STYLE('Steel - Satin',(#4727));
#4727=FILL_AREA_STYLE_COLOUR('Steel - Satin',#4728);
#4728=COLOUR_RGB('Steel - Satin',0.627450980392157,0.627450980392157,0.627450980392157);
ENDSEC;
END-ISO-10303-21;
