ISO-10303-21;
HEADER;
/* Generated by software containing ST-Developer
 * from STEP Tools, Inc. (www.steptools.com) 
 */

FILE_DESCRIPTION(
/* description */ (''),
/* implementation_level */ '2;1');

FILE_NAME(
/* name */ 
'/var/folders/lj/0c1qyxjj0xv8qkf4ldmpkq2r0000gn/T/com.autodesk.mas.fus
ion360/Neutron/505302be-c15d-44c9-882f-4110b88cff56.stp',
/* time_stamp */ '2017-08-24T18:29:10-07:00',
/* author */ (''),
/* organization */ (''),
/* preprocessor_version */ 'ST-DEVELOPER v16.13',
/* originating_system */ 'Autodesk Translation Framework v6.1.1.50',
/* authorisation */ '');

FILE_SCHEMA (('AUTOMOTIVE_DESIGN { 1 0 10303 214 3 1 1 }'));
ENDSEC;

DATA;
#10=MECHANICAL_DESIGN_GEOMETRIC_PRESENTATION_REPRESENTATION('',(#13),#7435);
#11=SHAPE_REPRESENTATION_RELATIONSHIP('SRR','None',#7441,#12);
#12=ADVANCED_BREP_SHAPE_REPRESENTATION('',(#14),#7434);
#13=STYLED_ITEM('',(#7450),#14);
#14=MANIFOLD_SOLID_BREP('Body5',#1019);
#15=LINE('',#5042,#31);
#16=LINE('',#5045,#32);
#17=LINE('',#5048,#33);
#18=LINE('',#5052,#34);
#19=LINE('',#5056,#35);
#20=LINE('',#5556,#36);
#21=LINE('',#6483,#37);
#22=LINE('',#6486,#38);
#23=LINE('',#6489,#39);
#24=LINE('',#6493,#40);
#25=LINE('',#6497,#41);
#26=LINE('',#7415,#42);
#27=LINE('',#7417,#43);
#28=LINE('',#7420,#44);
#29=LINE('',#7422,#45);
#30=LINE('',#7430,#46);
#31=VECTOR('',#1263,10.);
#32=VECTOR('',#1266,10.);
#33=VECTOR('',#1269,10.);
#34=VECTOR('',#1274,10.);
#35=VECTOR('',#1279,10.);
#36=VECTOR('',#1292,10.);
#37=VECTOR('',#1311,10.);
#38=VECTOR('',#1314,10.);
#39=VECTOR('',#1317,10.);
#40=VECTOR('',#1322,10.);
#41=VECTOR('',#1327,10.);
#42=VECTOR('',#1340,10.);
#43=VECTOR('',#1343,10.);
#44=VECTOR('',#1348,10.);
#45=VECTOR('',#1351,10.);
#46=VECTOR('',#1366,10.);
#47=FACE_BOUND('',#181,.T.);
#48=FACE_BOUND('',#186,.T.);
#49=FACE_BOUND('',#189,.T.);
#50=FACE_BOUND('',#190,.T.);
#51=FACE_BOUND('',#191,.T.);
#52=FACE_BOUND('',#193,.T.);
#53=FACE_BOUND('',#196,.T.);
#54=FACE_BOUND('',#199,.T.);
#55=FACE_BOUND('',#200,.T.);
#56=FACE_BOUND('',#201,.T.);
#57=FACE_BOUND('',#203,.T.);
#58=FACE_BOUND('',#206,.T.);
#59=FACE_BOUND('',#254,.T.);
#60=FACE_BOUND('',#256,.T.);
#61=PLANE('',#1024);
#62=PLANE('',#1030);
#63=PLANE('',#1035);
#64=PLANE('',#1058);
#65=PLANE('',#1123);
#66=PLANE('',#1125);
#67=B_SPLINE_SURFACE_WITH_KNOTS('',3,3,((#1509,#1510,#1511,#1512,#1513,
#1514,#1515,#1516,#1517,#1518,#1519,#1520,#1521,#1522,#1523,#1524,#1525,
#1526,#1527,#1528,#1529,#1530,#1531,#1532,#1533,#1534,#1535,#1536,#1537,
#1538,#1539,#1540,#1541,#1542,#1543,#1544,#1545,#1546,#1547,#1548,#1549,
#1550,#1551,#1552,#1553,#1554,#1555,#1556,#1557,#1558,#1559,#1560,#1561,
#1562,#1563,#1564,#1565,#1566,#1567,#1568,#1569,#1570,#1571,#1572,#1573,
#1574,#1575,#1576),(#1577,#1578,#1579,#1580,#1581,#1582,#1583,#1584,#1585,
#1586,#1587,#1588,#1589,#1590,#1591,#1592,#1593,#1594,#1595,#1596,#1597,
#1598,#1599,#1600,#1601,#1602,#1603,#1604,#1605,#1606,#1607,#1608,#1609,
#1610,#1611,#1612,#1613,#1614,#1615,#1616,#1617,#1618,#1619,#1620,#1621,
#1622,#1623,#1624,#1625,#1626,#1627,#1628,#1629,#1630,#1631,#1632,#1633,
#1634,#1635,#1636,#1637,#1638,#1639,#1640,#1641,#1642,#1643,#1644),(#1645,
#1646,#1647,#1648,#1649,#1650,#1651,#1652,#1653,#1654,#1655,#1656,#1657,
#1658,#1659,#1660,#1661,#1662,#1663,#1664,#1665,#1666,#1667,#1668,#1669,
#1670,#1671,#1672,#1673,#1674,#1675,#1676,#1677,#1678,#1679,#1680,#1681,
#1682,#1683,#1684,#1685,#1686,#1687,#1688,#1689,#1690,#1691,#1692,#1693,
#1694,#1695,#1696,#1697,#1698,#1699,#1700,#1701,#1702,#1703,#1704,#1705,
#1706,#1707,#1708,#1709,#1710,#1711,#1712),(#1713,#1714,#1715,#1716,#1717,
#1718,#1719,#1720,#1721,#1722,#1723,#1724,#1725,#1726,#1727,#1728,#1729,
#1730,#1731,#1732,#1733,#1734,#1735,#1736,#1737,#1738,#1739,#1740,#1741,
#1742,#1743,#1744,#1745,#1746,#1747,#1748,#1749,#1750,#1751,#1752,#1753,
#1754,#1755,#1756,#1757,#1758,#1759,#1760,#1761,#1762,#1763,#1764,#1765,
#1766,#1767,#1768,#1769,#1770,#1771,#1772,#1773,#1774,#1775,#1776,#1777,
#1778,#1779,#1780)),.UNSPECIFIED.,.F.,.F.,.F.,(4,4),(4,1,1,1,1,1,1,1,1,
1,1,1,1,1,1,1,1,1,1,1,1,1,1,1,1,1,1,1,1,1,1,1,1,1,1,1,1,1,1,1,1,1,1,1,1,
1,1,1,1,1,1,1,1,1,1,1,1,1,1,1,1,1,1,1,1,4),(0.,0.0321584099938623),(10.2101761241668,
11.2079057482215,12.2056353722761,13.2033649963308,14.2010946203854,15.1988242444401,
16.1965538684948,17.1942834925494,18.1920131166041,19.1897427406587,20.1874723647134,
21.185201988768,22.1829316128227,23.1806612368774,24.178390860932,25.1761204849867,
26.1738501090413,27.171579733096,28.1693093571507,29.1670389812053,30.16476860526,
31.1624982293146,32.1602278533693,33.1579574774239,34.1556871014786,35.1534167255333,
36.1511463495879,37.1488759736426,38.1466055976972,39.1443352217519,40.1420648458066,
41.1397944698612,42.1375240939159,43.1352537179705,44.1329833420252,45.1307129660798,
46.1284425901345,47.1261722141892,48.1239018382438,49.1216314622985,50.1193610863531,
51.1170907104078,52.1148203344625,53.1125499585171,54.1102795825718,55.1080092066264,
56.1057388306811,57.1034684547357,58.1011980787904,59.0989277028451,60.0966573268997,
61.0943869509544,62.092116575009,63.0898461990637,64.0875758231184,65.085305447173,
66.0830350712277,67.0807646952823,68.078494319337,69.0762239433916,70.0739535674463,
71.071683191501,72.0694128155556,73.0671424396103,74.0648720636649,75.0626016877196),
 .UNSPECIFIED.);
#68=B_SPLINE_SURFACE_WITH_KNOTS('',3,3,((#2131,#2132,#2133,#2134,#2135,
#2136,#2137,#2138,#2139,#2140,#2141,#2142,#2143,#2144,#2145,#2146,#2147,
#2148,#2149,#2150,#2151,#2152,#2153,#2154,#2155,#2156,#2157,#2158,#2159,
#2160,#2161,#2162,#2163,#2164,#2165,#2166,#2167,#2168,#2169,#2170,#2171,
#2172,#2173,#2174,#2175,#2176,#2177,#2178,#2179,#2180,#2181,#2182,#2183,
#2184,#2185,#2186,#2187,#2188,#2189,#2190,#2191,#2192,#2193,#2194,#2195,
#2196,#2197,#2198),(#2199,#2200,#2201,#2202,#2203,#2204,#2205,#2206,#2207,
#2208,#2209,#2210,#2211,#2212,#2213,#2214,#2215,#2216,#2217,#2218,#2219,
#2220,#2221,#2222,#2223,#2224,#2225,#2226,#2227,#2228,#2229,#2230,#2231,
#2232,#2233,#2234,#2235,#2236,#2237,#2238,#2239,#2240,#2241,#2242,#2243,
#2244,#2245,#2246,#2247,#2248,#2249,#2250,#2251,#2252,#2253,#2254,#2255,
#2256,#2257,#2258,#2259,#2260,#2261,#2262,#2263,#2264,#2265,#2266),(#2267,
#2268,#2269,#2270,#2271,#2272,#2273,#2274,#2275,#2276,#2277,#2278,#2279,
#2280,#2281,#2282,#2283,#2284,#2285,#2286,#2287,#2288,#2289,#2290,#2291,
#2292,#2293,#2294,#2295,#2296,#2297,#2298,#2299,#2300,#2301,#2302,#2303,
#2304,#2305,#2306,#2307,#2308,#2309,#2310,#2311,#2312,#2313,#2314,#2315,
#2316,#2317,#2318,#2319,#2320,#2321,#2322,#2323,#2324,#2325,#2326,#2327,
#2328,#2329,#2330,#2331,#2332,#2333,#2334),(#2335,#2336,#2337,#2338,#2339,
#2340,#2341,#2342,#2343,#2344,#2345,#2346,#2347,#2348,#2349,#2350,#2351,
#2352,#2353,#2354,#2355,#2356,#2357,#2358,#2359,#2360,#2361,#2362,#2363,
#2364,#2365,#2366,#2367,#2368,#2369,#2370,#2371,#2372,#2373,#2374,#2375,
#2376,#2377,#2378,#2379,#2380,#2381,#2382,#2383,#2384,#2385,#2386,#2387,
#2388,#2389,#2390,#2391,#2392,#2393,#2394,#2395,#2396,#2397,#2398,#2399,
#2400,#2401,#2402)),.UNSPECIFIED.,.F.,.F.,.F.,(4,4),(4,1,1,1,1,1,1,1,1,
1,1,1,1,1,1,1,1,1,1,1,1,1,1,1,1,1,1,1,1,1,1,1,1,1,1,1,1,1,1,1,1,1,1,1,1,
1,1,1,1,1,1,1,1,1,1,1,1,1,1,1,1,1,1,1,1,4),(0.,0.0321584099938623),(13.687390776192,
14.6851204002467,15.6828500243013,16.680579648356,17.6783092724107,18.6760388964653,
19.67376852052,20.6714981445746,21.6692277686293,22.666957392684,23.6646870167386,
24.6624166407933,25.6601462648479,26.6578758889026,27.6556055129572,28.6533351370119,
29.6510647610666,30.6487943851212,31.6465240091759,32.6442536332305,33.6419832572852,
34.6397128813399,35.6374425053945,36.6351721294492,37.6329017535038,38.6306313775585,
39.6283610016131,40.6260906256678,41.6238202497225,42.6215498737771,43.6192794978318,
44.6170091218864,45.6147387459411,46.6124683699958,47.6101979940504,48.6079276181051,
49.6056572421597,50.6033868662144,51.601116490269,52.5988461143237,53.5965757383784,
54.594305362433,55.5920349864877,56.5897646105423,57.587494234597,58.5852238586517,
59.5829534827063,60.580683106761,61.5784127308156,62.5761423548703,63.5738719789249,
64.5716016029796,65.5693312270343,66.5670608510889,67.5647904751436,68.5625200991982,
69.5602497232529,70.5579793473076,71.5557089713622,72.5534385954169,73.5511682194715,
74.5488978435262,75.5466274675808,76.5443570916355,77.5420867156902,78.5398163397448),
 .UNSPECIFIED.);
#69=B_SPLINE_SURFACE_WITH_KNOTS('',3,3,((#2896,#2897,#2898,#2899,#2900,
#2901,#2902,#2903,#2904,#2905,#2906,#2907,#2908,#2909,#2910,#2911,#2912,
#2913,#2914,#2915,#2916,#2917,#2918,#2919,#2920,#2921,#2922,#2923,#2924,
#2925,#2926,#2927,#2928,#2929,#2930,#2931,#2932,#2933,#2934,#2935,#2936,
#2937,#2938,#2939,#2940,#2941,#2942,#2943,#2944,#2945,#2946,#2947,#2948,
#2949,#2950,#2951,#2952,#2953,#2954,#2955,#2956,#2957,#2958,#2959,#2960,
#2961,#2962,#2963),(#2964,#2965,#2966,#2967,#2968,#2969,#2970,#2971,#2972,
#2973,#2974,#2975,#2976,#2977,#2978,#2979,#2980,#2981,#2982,#2983,#2984,
#2985,#2986,#2987,#2988,#2989,#2990,#2991,#2992,#2993,#2994,#2995,#2996,
#2997,#2998,#2999,#3000,#3001,#3002,#3003,#3004,#3005,#3006,#3007,#3008,
#3009,#3010,#3011,#3012,#3013,#3014,#3015,#3016,#3017,#3018,#3019,#3020,
#3021,#3022,#3023,#3024,#3025,#3026,#3027,#3028,#3029,#3030,#3031),(#3032,
#3033,#3034,#3035,#3036,#3037,#3038,#3039,#3040,#3041,#3042,#3043,#3044,
#3045,#3046,#3047,#3048,#3049,#3050,#3051,#3052,#3053,#3054,#3055,#3056,
#3057,#3058,#3059,#3060,#3061,#3062,#3063,#3064,#3065,#3066,#3067,#3068,
#3069,#3070,#3071,#3072,#3073,#3074,#3075,#3076,#3077,#3078,#3079,#3080,
#3081,#3082,#3083,#3084,#3085,#3086,#3087,#3088,#3089,#3090,#3091,#3092,
#3093,#3094,#3095,#3096,#3097,#3098,#3099),(#3100,#3101,#3102,#3103,#3104,
#3105,#3106,#3107,#3108,#3109,#3110,#3111,#3112,#3113,#3114,#3115,#3116,
#3117,#3118,#3119,#3120,#3121,#3122,#3123,#3124,#3125,#3126,#3127,#3128,
#3129,#3130,#3131,#3132,#3133,#3134,#3135,#3136,#3137,#3138,#3139,#3140,
#3141,#3142,#3143,#3144,#3145,#3146,#3147,#3148,#3149,#3150,#3151,#3152,
#3153,#3154,#3155,#3156,#3157,#3158,#3159,#3160,#3161,#3162,#3163,#3164,
#3165,#3166,#3167)),.UNSPECIFIED.,.F.,.F.,.F.,(4,4),(4,1,1,1,1,1,1,1,1,
1,1,1,1,1,1,1,1,1,1,1,1,1,1,1,1,1,1,1,1,1,1,1,1,1,1,1,1,1,1,1,1,1,1,1,1,
1,1,1,1,1,1,1,1,1,1,1,1,1,1,1,1,1,1,1,1,4),(0.,0.0321584099938623),(10.2101761241668,
11.2079057482214,12.2056353722761,13.2033649963308,14.2010946203854,15.1988242444401,
16.1965538684947,17.1942834925494,18.1920131166041,19.1897427406587,20.1874723647134,
21.185201988768,22.1829316128227,23.1806612368774,24.178390860932,25.1761204849867,
26.1738501090413,27.171579733096,28.1693093571506,29.1670389812053,30.16476860526,
31.1624982293146,32.1602278533693,33.1579574774239,34.1556871014786,35.1534167255333,
36.1511463495879,37.1488759736426,38.1466055976972,39.1443352217519,40.1420648458065,
41.1397944698612,42.1375240939159,43.1352537179705,44.1329833420252,45.1307129660798,
46.1284425901345,47.1261722141892,48.1239018382438,49.1216314622985,50.1193610863531,
51.1170907104078,52.1148203344625,53.1125499585171,54.1102795825718,55.1080092066264,
56.1057388306811,57.1034684547357,58.1011980787904,59.0989277028451,60.0966573268997,
61.0943869509544,62.092116575009,63.0898461990637,64.0875758231183,65.085305447173,
66.0830350712277,67.0807646952823,68.078494319337,69.0762239433916,70.0739535674463,
71.071683191501,72.0694128155556,73.0671424396103,74.0648720636649,75.0626016877196),
 .UNSPECIFIED.);
#70=B_SPLINE_SURFACE_WITH_KNOTS('',3,3,((#3518,#3519,#3520,#3521,#3522,
#3523,#3524,#3525,#3526,#3527,#3528,#3529,#3530,#3531,#3532,#3533,#3534,
#3535,#3536,#3537,#3538,#3539,#3540,#3541,#3542,#3543,#3544,#3545,#3546,
#3547,#3548,#3549,#3550,#3551,#3552,#3553,#3554,#3555,#3556,#3557,#3558,
#3559,#3560,#3561,#3562,#3563,#3564,#3565,#3566,#3567,#3568,#3569,#3570,
#3571,#3572,#3573,#3574,#3575,#3576,#3577,#3578,#3579,#3580,#3581,#3582,
#3583,#3584,#3585),(#3586,#3587,#3588,#3589,#3590,#3591,#3592,#3593,#3594,
#3595,#3596,#3597,#3598,#3599,#3600,#3601,#3602,#3603,#3604,#3605,#3606,
#3607,#3608,#3609,#3610,#3611,#3612,#3613,#3614,#3615,#3616,#3617,#3618,
#3619,#3620,#3621,#3622,#3623,#3624,#3625,#3626,#3627,#3628,#3629,#3630,
#3631,#3632,#3633,#3634,#3635,#3636,#3637,#3638,#3639,#3640,#3641,#3642,
#3643,#3644,#3645,#3646,#3647,#3648,#3649,#3650,#3651,#3652,#3653),(#3654,
#3655,#3656,#3657,#3658,#3659,#3660,#3661,#3662,#3663,#3664,#3665,#3666,
#3667,#3668,#3669,#3670,#3671,#3672,#3673,#3674,#3675,#3676,#3677,#3678,
#3679,#3680,#3681,#3682,#3683,#3684,#3685,#3686,#3687,#3688,#3689,#3690,
#3691,#3692,#3693,#3694,#3695,#3696,#3697,#3698,#3699,#3700,#3701,#3702,
#3703,#3704,#3705,#3706,#3707,#3708,#3709,#3710,#3711,#3712,#3713,#3714,
#3715,#3716,#3717,#3718,#3719,#3720,#3721),(#3722,#3723,#3724,#3725,#3726,
#3727,#3728,#3729,#3730,#3731,#3732,#3733,#3734,#3735,#3736,#3737,#3738,
#3739,#3740,#3741,#3742,#3743,#3744,#3745,#3746,#3747,#3748,#3749,#3750,
#3751,#3752,#3753,#3754,#3755,#3756,#3757,#3758,#3759,#3760,#3761,#3762,
#3763,#3764,#3765,#3766,#3767,#3768,#3769,#3770,#3771,#3772,#3773,#3774,
#3775,#3776,#3777,#3778,#3779,#3780,#3781,#3782,#3783,#3784,#3785,#3786,
#3787,#3788,#3789)),.UNSPECIFIED.,.F.,.F.,.F.,(4,4),(4,1,1,1,1,1,1,1,1,
1,1,1,1,1,1,1,1,1,1,1,1,1,1,1,1,1,1,1,1,1,1,1,1,1,1,1,1,1,1,1,1,1,1,1,1,
1,1,1,1,1,1,1,1,1,1,1,1,1,1,1,1,1,1,1,1,4),(0.,0.0321584099938623),(13.687390776192,
14.6851204002467,15.6828500243013,16.680579648356,17.6783092724106,18.6760388964653,
19.67376852052,20.6714981445746,21.6692277686293,22.6669573926839,23.6646870167386,
24.6624166407933,25.6601462648479,26.6578758889026,27.6556055129572,28.6533351370119,
29.6510647610665,30.6487943851212,31.6465240091759,32.6442536332305,33.6419832572852,
34.6397128813398,35.6374425053945,36.6351721294492,37.6329017535038,38.6306313775585,
39.6283610016131,40.6260906256678,41.6238202497224,42.6215498737771,43.6192794978318,
44.6170091218864,45.6147387459411,46.6124683699957,47.6101979940504,48.6079276181051,
49.6056572421597,50.6033868662144,51.601116490269,52.5988461143237,53.5965757383783,
54.594305362433,55.5920349864877,56.5897646105423,57.587494234597,58.5852238586516,
59.5829534827063,60.580683106761,61.5784127308156,62.5761423548703,63.5738719789249,
64.5716016029796,65.5693312270342,66.5670608510889,67.5647904751436,68.5625200991982,
69.5602497232529,70.5579793473075,71.5557089713622,72.5534385954168,73.5511682194715,
74.5488978435262,75.5466274675808,76.5443570916355,77.5420867156901,78.5398163397448),
 .UNSPECIFIED.);
#71=B_SPLINE_SURFACE_WITH_KNOTS('',3,3,((#4144,#4145,#4146,#4147,#4148,
#4149,#4150,#4151,#4152,#4153),(#4154,#4155,#4156,#4157,#4158,#4159,#4160,
#4161,#4162,#4163),(#4164,#4165,#4166,#4167,#4168,#4169,#4170,#4171,#4172,
#4173),(#4174,#4175,#4176,#4177,#4178,#4179,#4180,#4181,#4182,#4183),(#4184,
#4185,#4186,#4187,#4188,#4189,#4190,#4191,#4192,#4193),(#4194,#4195,#4196,
#4197,#4198,#4199,#4200,#4201,#4202,#4203),(#4204,#4205,#4206,#4207,#4208,
#4209,#4210,#4211,#4212,#4213)),.UNSPECIFIED.,.F.,.T.,.F.,(4,1,1,1,4),(4,
1,1,1,1,1,1,4),(0.,0.285714285714286,0.571428571428571,0.785714285714286,
1.),(-3.14159265358979,-2.24399475256414,-1.34639685153848,-0.448798950512828,
0.448798950512828,1.34639685153848,2.24399475256414,3.14159265358979),
 .UNSPECIFIED.);
#72=B_SPLINE_SURFACE_WITH_KNOTS('',3,3,((#4259,#4260,#4261,#4262,#4263,
#4264,#4265,#4266,#4267,#4268),(#4269,#4270,#4271,#4272,#4273,#4274,#4275,
#4276,#4277,#4278),(#4279,#4280,#4281,#4282,#4283,#4284,#4285,#4286,#4287,
#4288),(#4289,#4290,#4291,#4292,#4293,#4294,#4295,#4296,#4297,#4298),(#4299,
#4300,#4301,#4302,#4303,#4304,#4305,#4306,#4307,#4308),(#4309,#4310,#4311,
#4312,#4313,#4314,#4315,#4316,#4317,#4318),(#4319,#4320,#4321,#4322,#4323,
#4324,#4325,#4326,#4327,#4328)),.UNSPECIFIED.,.F.,.T.,.F.,(4,1,1,1,4),(4,
1,1,1,1,1,1,4),(0.,0.285714285714286,0.571428571428571,0.785714285714286,
1.),(-3.14159265358979,-2.24399475256414,-1.34639685153848,-0.448798950512828,
0.448798950512828,1.34639685153848,2.24399475256414,3.14159265358979),
 .UNSPECIFIED.);
#73=B_SPLINE_SURFACE_WITH_KNOTS('',3,3,((#4341,#4342,#4343,#4344,#4345,
#4346,#4347,#4348,#4349,#4350),(#4351,#4352,#4353,#4354,#4355,#4356,#4357,
#4358,#4359,#4360),(#4361,#4362,#4363,#4364,#4365,#4366,#4367,#4368,#4369,
#4370),(#4371,#4372,#4373,#4374,#4375,#4376,#4377,#4378,#4379,#4380),(#4381,
#4382,#4383,#4384,#4385,#4386,#4387,#4388,#4389,#4390),(#4391,#4392,#4393,
#4394,#4395,#4396,#4397,#4398,#4399,#4400),(#4401,#4402,#4403,#4404,#4405,
#4406,#4407,#4408,#4409,#4410)),.UNSPECIFIED.,.F.,.T.,.F.,(4,1,1,1,4),(4,
1,1,1,1,1,1,4),(0.,0.285714285714286,0.571428571428571,0.785714285714286,
1.),(-3.14159265358979,-2.24399475256414,-1.34639685153848,-0.448798950512828,
0.448798950512828,1.34639685153848,2.24399475256414,3.14159265358979),
 .UNSPECIFIED.);
#74=B_SPLINE_SURFACE_WITH_KNOTS('',3,3,((#4454,#4455,#4456,#4457,#4458,
#4459,#4460,#4461,#4462,#4463),(#4464,#4465,#4466,#4467,#4468,#4469,#4470,
#4471,#4472,#4473),(#4474,#4475,#4476,#4477,#4478,#4479,#4480,#4481,#4482,
#4483),(#4484,#4485,#4486,#4487,#4488,#4489,#4490,#4491,#4492,#4493),(#4494,
#4495,#4496,#4497,#4498,#4499,#4500,#4501,#4502,#4503),(#4504,#4505,#4506,
#4507,#4508,#4509,#4510,#4511,#4512,#4513),(#4514,#4515,#4516,#4517,#4518,
#4519,#4520,#4521,#4522,#4523)),.UNSPECIFIED.,.F.,.T.,.F.,(4,1,1,1,4),(4,
1,1,1,1,1,1,4),(0.,0.285714285714286,0.571428571428571,0.785714285714286,
1.),(-3.14159265358979,-2.24399475256414,-1.34639685153848,-0.448798950512828,
0.448798950512828,1.34639685153848,2.24399475256414,3.14159265358979),
 .UNSPECIFIED.);
#75=B_SPLINE_SURFACE_WITH_KNOTS('',3,3,((#4534,#4535,#4536,#4537,#4538),
(#4539,#4540,#4541,#4542,#4543),(#4544,#4545,#4546,#4547,#4548),(#4549,
#4550,#4551,#4552,#4553),(#4554,#4555,#4556,#4557,#4558),(#4559,#4560,#4561,
#4562,#4563),(#4564,#4565,#4566,#4567,#4568),(#4569,#4570,#4571,#4572,#4573),
(#4574,#4575,#4576,#4577,#4578),(#4579,#4580,#4581,#4582,#4583)),
 .UNSPECIFIED.,.F.,.F.,.F.,(4,1,1,1,1,1,1,4),(4,1,4),(0.,0.142857142857143,
0.285714285714286,0.428571428571429,0.571428571428571,0.714285714285714,
0.857142857142857,1.),(-0.749653438454687,-0.107093348350667,0.749653438454693),
 .UNSPECIFIED.);
#76=B_SPLINE_SURFACE_WITH_KNOTS('',3,3,((#4607,#4608,#4609,#4610,#4611),
(#4612,#4613,#4614,#4615,#4616),(#4617,#4618,#4619,#4620,#4621),(#4622,
#4623,#4624,#4625,#4626),(#4627,#4628,#4629,#4630,#4631),(#4632,#4633,#4634,
#4635,#4636),(#4637,#4638,#4639,#4640,#4641),(#4642,#4643,#4644,#4645,#4646),
(#4647,#4648,#4649,#4650,#4651),(#4652,#4653,#4654,#4655,#4656)),
 .UNSPECIFIED.,.F.,.F.,.F.,(4,1,1,1,1,1,1,4),(4,1,4),(0.,0.142857142857143,
0.285714285714286,0.428571428571429,0.571428571428571,0.714285714285714,
0.857142857142857,1.),(-0.439486541986186,-0.0627837917123122,0.439486541986187),
 .UNSPECIFIED.);
#77=B_SPLINE_SURFACE_WITH_KNOTS('',3,3,((#4669,#4670,#4671,#4672,#4673),
(#4674,#4675,#4676,#4677,#4678),(#4679,#4680,#4681,#4682,#4683),(#4684,
#4685,#4686,#4687,#4688),(#4689,#4690,#4691,#4692,#4693),(#4694,#4695,#4696,
#4697,#4698),(#4699,#4700,#4701,#4702,#4703),(#4704,#4705,#4706,#4707,#4708),
(#4709,#4710,#4711,#4712,#4713),(#4714,#4715,#4716,#4717,#4718)),
 .UNSPECIFIED.,.F.,.F.,.F.,(4,1,1,1,1,1,1,4),(4,1,4),(0.,0.142857142857143,
0.285714285714286,0.428571428571429,0.571428571428571,0.714285714285714,
0.857142857142857,1.),(-0.684719203002284,-0.0978170290003267,0.684719203002283),
 .UNSPECIFIED.);
#78=B_SPLINE_SURFACE_WITH_KNOTS('',3,3,((#4731,#4732,#4733,#4734),(#4735,
#4736,#4737,#4738),(#4739,#4740,#4741,#4742),(#4743,#4744,#4745,#4746),
(#4747,#4748,#4749,#4750),(#4751,#4752,#4753,#4754),(#4755,#4756,#4757,
#4758),(#4759,#4760,#4761,#4762),(#4763,#4764,#4765,#4766),(#4767,#4768,
#4769,#4770)),.UNSPECIFIED.,.F.,.F.,.F.,(4,1,1,1,1,1,1,4),(4,4),(0.,0.142857142857143,
0.285714285714286,0.428571428571429,0.571428571428571,0.714285714285714,
0.857142857142857,1.),(-0.136827036366702,0.136827036366702),
 .UNSPECIFIED.);
#79=B_SPLINE_SURFACE_WITH_KNOTS('',3,3,((#4783,#4784,#4785,#4786,#4787,
#4788,#4789),(#4790,#4791,#4792,#4793,#4794,#4795,#4796),(#4797,#4798,#4799,
#4800,#4801,#4802,#4803),(#4804,#4805,#4806,#4807,#4808,#4809,#4810),(#4811,
#4812,#4813,#4814,#4815,#4816,#4817),(#4818,#4819,#4820,#4821,#4822,#4823,
#4824),(#4825,#4826,#4827,#4828,#4829,#4830,#4831),(#4832,#4833,#4834,#4835,
#4836,#4837,#4838),(#4839,#4840,#4841,#4842,#4843,#4844,#4845),(#4846,#4847,
#4848,#4849,#4850,#4851,#4852)),.UNSPECIFIED.,.F.,.F.,.F.,(4,1,1,1,1,1,
1,4),(4,1,1,1,4),(0.,0.142857142857143,0.285714285714286,0.428571428571429,
0.571428571428571,0.714285714285714,0.857142857142857,1.),(-1.31221841370188,
-0.562379320157949,0.187459773385986,0.562379320157954,1.31221841370189),
 .UNSPECIFIED.);
#80=B_SPLINE_SURFACE_WITH_KNOTS('',3,3,((#4865,#4866,#4867,#4868),(#4869,
#4870,#4871,#4872),(#4873,#4874,#4875,#4876),(#4877,#4878,#4879,#4880),
(#4881,#4882,#4883,#4884),(#4885,#4886,#4887,#4888),(#4889,#4890,#4891,
#4892),(#4893,#4894,#4895,#4896),(#4897,#4898,#4899,#4900),(#4901,#4902,
#4903,#4904)),.UNSPECIFIED.,.F.,.F.,.F.,(4,1,1,1,1,1,1,4),(4,4),(0.,0.142857142857143,
0.285714285714286,0.428571428571429,0.571428571428571,0.714285714285714,
0.857142857142857,1.),(-0.173167538540641,0.173167538540641),
 .UNSPECIFIED.);
#81=B_SPLINE_SURFACE_WITH_KNOTS('',3,3,((#4917,#4918,#4919,#4920,#4921,
#4922,#4923),(#4924,#4925,#4926,#4927,#4928,#4929,#4930),(#4931,#4932,#4933,
#4934,#4935,#4936,#4937),(#4938,#4939,#4940,#4941,#4942,#4943,#4944),(#4945,
#4946,#4947,#4948,#4949,#4950,#4951),(#4952,#4953,#4954,#4955,#4956,#4957,
#4958),(#4959,#4960,#4961,#4962,#4963,#4964,#4965),(#4966,#4967,#4968,#4969,
#4970,#4971,#4972),(#4973,#4974,#4975,#4976,#4977,#4978,#4979),(#4980,#4981,
#4982,#4983,#4984,#4985,#4986)),.UNSPECIFIED.,.F.,.F.,.F.,(4,1,1,1,1,1,
1,4),(4,1,1,1,4),(0.,0.142857142857143,0.285714285714286,0.428571428571429,
0.571428571428571,0.714285714285714,0.857142857142857,1.),(-1.20514478085407,
-0.688654160488042,-0.172163540122011,0.51649062036603,1.20514478085407),
 .UNSPECIFIED.);
#82=B_SPLINE_SURFACE_WITH_KNOTS('',3,3,((#4999,#5000,#5001,#5002),(#5003,
#5004,#5005,#5006),(#5007,#5008,#5009,#5010),(#5011,#5012,#5013,#5014),
(#5015,#5016,#5017,#5018),(#5019,#5020,#5021,#5022),(#5023,#5024,#5025,
#5026),(#5027,#5028,#5029,#5030),(#5031,#5032,#5033,#5034),(#5035,#5036,
#5037,#5038)),.UNSPECIFIED.,.F.,.F.,.F.,(4,1,1,1,1,1,1,4),(4,4),(0.,0.142857142857143,
0.285714285714286,0.428571428571429,0.571428571428571,0.714285714285714,
0.857142857142857,1.),(-0.0606620655296048,0.0606620655296042),
 .UNSPECIFIED.);
#83=B_SPLINE_SURFACE_WITH_KNOTS('',3,3,((#5058,#5059,#5060,#5061,#5062,
#5063,#5064),(#5065,#5066,#5067,#5068,#5069,#5070,#5071),(#5072,#5073,#5074,
#5075,#5076,#5077,#5078),(#5079,#5080,#5081,#5082,#5083,#5084,#5085),(#5086,
#5087,#5088,#5089,#5090,#5091,#5092),(#5093,#5094,#5095,#5096,#5097,#5098,
#5099),(#5100,#5101,#5102,#5103,#5104,#5105,#5106),(#5107,#5108,#5109,#5110,
#5111,#5112,#5113),(#5114,#5115,#5116,#5117,#5118,#5119,#5120),(#5121,#5122,
#5123,#5124,#5125,#5126,#5127)),.UNSPECIFIED.,.F.,.F.,.F.,(4,1,1,1,1,1,
1,4),(4,1,1,1,4),(0.,0.142857142857143,0.285714285714286,0.428571428571429,
0.571428571428571,0.714285714285714,0.857142857142857,1.),(-1.20514478085407,
-0.516490620366029,0.172163540122013,0.688654160488044,1.20514478085408),
 .UNSPECIFIED.);
#84=B_SPLINE_SURFACE_WITH_KNOTS('',3,3,((#5148,#5149,#5150,#5151),(#5152,
#5153,#5154,#5155),(#5156,#5157,#5158,#5159),(#5160,#5161,#5162,#5163),
(#5164,#5165,#5166,#5167),(#5168,#5169,#5170,#5171),(#5172,#5173,#5174,
#5175),(#5176,#5177,#5178,#5179),(#5180,#5181,#5182,#5183),(#5184,#5185,
#5186,#5187)),.UNSPECIFIED.,.F.,.F.,.F.,(4,1,1,1,1,1,1,4),(4,4),(0.,0.142857142857143,
0.285714285714286,0.428571428571429,0.571428571428571,0.714285714285714,
0.857142857142857,1.),(-0.173167538540641,0.173167538540641),
 .UNSPECIFIED.);
#85=B_SPLINE_SURFACE_WITH_KNOTS('',3,3,((#5198,#5199,#5200,#5201,#5202,
#5203,#5204),(#5205,#5206,#5207,#5208,#5209,#5210,#5211),(#5212,#5213,#5214,
#5215,#5216,#5217,#5218),(#5219,#5220,#5221,#5222,#5223,#5224,#5225),(#5226,
#5227,#5228,#5229,#5230,#5231,#5232),(#5233,#5234,#5235,#5236,#5237,#5238,
#5239),(#5240,#5241,#5242,#5243,#5244,#5245,#5246),(#5247,#5248,#5249,#5250,
#5251,#5252,#5253),(#5254,#5255,#5256,#5257,#5258,#5259,#5260),(#5261,#5262,
#5263,#5264,#5265,#5266,#5267)),.UNSPECIFIED.,.F.,.F.,.F.,(4,1,1,1,1,1,
1,4),(4,1,1,1,4),(0.,0.142857142857143,0.285714285714286,0.428571428571429,
0.571428571428571,0.714285714285714,0.857142857142857,1.),(-1.31221841370189,
-0.562379320157953,-0.187459773385986,0.562379320157949,1.31221841370188),
 .UNSPECIFIED.);
#86=B_SPLINE_SURFACE_WITH_KNOTS('',3,3,((#5280,#5281,#5282,#5283),(#5284,
#5285,#5286,#5287),(#5288,#5289,#5290,#5291),(#5292,#5293,#5294,#5295),
(#5296,#5297,#5298,#5299),(#5300,#5301,#5302,#5303),(#5304,#5305,#5306,
#5307),(#5308,#5309,#5310,#5311),(#5312,#5313,#5314,#5315),(#5316,#5317,
#5318,#5319)),.UNSPECIFIED.,.F.,.F.,.F.,(4,1,1,1,1,1,1,4),(4,4),(0.,0.142857142857143,
0.285714285714286,0.428571428571429,0.571428571428571,0.714285714285714,
0.857142857142857,1.),(-0.136827036366703,0.136827036366702),
 .UNSPECIFIED.);
#87=B_SPLINE_SURFACE_WITH_KNOTS('',3,3,((#5332,#5333,#5334,#5335,#5336),
(#5337,#5338,#5339,#5340,#5341),(#5342,#5343,#5344,#5345,#5346),(#5347,
#5348,#5349,#5350,#5351),(#5352,#5353,#5354,#5355,#5356),(#5357,#5358,#5359,
#5360,#5361),(#5362,#5363,#5364,#5365,#5366),(#5367,#5368,#5369,#5370,#5371),
(#5372,#5373,#5374,#5375,#5376),(#5377,#5378,#5379,#5380,#5381)),
 .UNSPECIFIED.,.F.,.F.,.F.,(4,1,1,1,1,1,1,4),(4,1,4),(0.,0.142857142857143,
0.285714285714286,0.428571428571429,0.571428571428571,0.714285714285714,
0.857142857142857,1.),(-0.684719203002282,-0.0978170290003249,0.684719203002285),
 .UNSPECIFIED.);
#88=B_SPLINE_SURFACE_WITH_KNOTS('',3,3,((#5394,#5395,#5396,#5397,#5398),
(#5399,#5400,#5401,#5402,#5403),(#5404,#5405,#5406,#5407,#5408),(#5409,
#5410,#5411,#5412,#5413),(#5414,#5415,#5416,#5417,#5418),(#5419,#5420,#5421,
#5422,#5423),(#5424,#5425,#5426,#5427,#5428),(#5429,#5430,#5431,#5432,#5433),
(#5434,#5435,#5436,#5437,#5438),(#5439,#5440,#5441,#5442,#5443)),
 .UNSPECIFIED.,.F.,.F.,.F.,(4,1,1,1,1,1,1,4),(4,1,4),(0.,0.142857142857143,
0.285714285714286,0.428571428571429,0.571428571428571,0.714285714285714,
0.857142857142857,1.),(-0.439486541986186,0.0627837917123122,0.439486541986186),
 .UNSPECIFIED.);
#89=B_SPLINE_SURFACE_WITH_KNOTS('',3,3,((#5455,#5456,#5457,#5458,#5459),
(#5460,#5461,#5462,#5463,#5464),(#5465,#5466,#5467,#5468,#5469),(#5470,
#5471,#5472,#5473,#5474),(#5475,#5476,#5477,#5478,#5479),(#5480,#5481,#5482,
#5483,#5484),(#5485,#5486,#5487,#5488,#5489),(#5490,#5491,#5492,#5493,#5494),
(#5495,#5496,#5497,#5498,#5499),(#5500,#5501,#5502,#5503,#5504)),
 .UNSPECIFIED.,.F.,.F.,.F.,(4,1,1,1,1,1,1,4),(4,1,4),(0.,0.142857142857143,
0.285714285714286,0.428571428571429,0.571428571428571,0.714285714285714,
0.857142857142857,1.),(-0.749653438454694,-0.107093348350674,0.749653438454687),
 .UNSPECIFIED.);
#90=B_SPLINE_SURFACE_WITH_KNOTS('',3,3,((#5515,#5516,#5517,#5518),(#5519,
#5520,#5521,#5522),(#5523,#5524,#5525,#5526),(#5527,#5528,#5529,#5530),
(#5531,#5532,#5533,#5534),(#5535,#5536,#5537,#5538),(#5539,#5540,#5541,
#5542),(#5543,#5544,#5545,#5546),(#5547,#5548,#5549,#5550),(#5551,#5552,
#5553,#5554)),.UNSPECIFIED.,.F.,.F.,.F.,(4,1,1,1,1,1,1,4),(4,4),(0.,0.142857142857143,
0.285714285714286,0.428571428571429,0.571428571428571,0.714285714285714,
0.857142857142857,1.),(-0.0606620655296042,0.0606620655296048),
 .UNSPECIFIED.);
#91=B_SPLINE_SURFACE_WITH_KNOTS('',3,3,((#5557,#5558,#5559,#5560,#5561,
#5562,#5563,#5564,#5565,#5566,#5567,#5568,#5569,#5570,#5571,#5572,#5573,
#5574,#5575,#5576,#5577,#5578,#5579,#5580,#5581,#5582,#5583,#5584,#5585,
#5586,#5587,#5588,#5589,#5590,#5591),(#5592,#5593,#5594,#5595,#5596,#5597,
#5598,#5599,#5600,#5601,#5602,#5603,#5604,#5605,#5606,#5607,#5608,#5609,
#5610,#5611,#5612,#5613,#5614,#5615,#5616,#5617,#5618,#5619,#5620,#5621,
#5622,#5623,#5624,#5625,#5626),(#5627,#5628,#5629,#5630,#5631,#5632,#5633,
#5634,#5635,#5636,#5637,#5638,#5639,#5640,#5641,#5642,#5643,#5644,#5645,
#5646,#5647,#5648,#5649,#5650,#5651,#5652,#5653,#5654,#5655,#5656,#5657,
#5658,#5659,#5660,#5661),(#5662,#5663,#5664,#5665,#5666,#5667,#5668,#5669,
#5670,#5671,#5672,#5673,#5674,#5675,#5676,#5677,#5678,#5679,#5680,#5681,
#5682,#5683,#5684,#5685,#5686,#5687,#5688,#5689,#5690,#5691,#5692,#5693,
#5694,#5695,#5696),(#5697,#5698,#5699,#5700,#5701,#5702,#5703,#5704,#5705,
#5706,#5707,#5708,#5709,#5710,#5711,#5712,#5713,#5714,#5715,#5716,#5717,
#5718,#5719,#5720,#5721,#5722,#5723,#5724,#5725,#5726,#5727,#5728,#5729,
#5730,#5731)),.UNSPECIFIED.,.F.,.F.,.F.,(4,1,4),(4,1,1,1,1,1,1,1,1,1,1,
1,1,1,1,1,1,1,1,1,1,1,1,1,1,1,1,1,1,1,2,4),(0.,0.5,1.),(0.,0.00933851610495734,
0.0186770322099147,0.028015548314872,0.0326848063673507,0.0373540644198294,
0.0374999787339693,0.0376458930481093,0.0379377216763892,0.0382295503046691,
0.038521378932949,0.0396886934460687,0.0408560079591884,0.0420233224723081,
0.0426069797288679,0.0431906369854277,0.0443579514985474,0.0466925805247867,
0.0490272095510261,0.0513618385772654,0.0525291530903851,0.0536964676035047,
0.0548637821166244,0.0554474393731842,0.0557392680014641,0.0558851823156041,
0.0560310966297441,0.0653696127347014,0.0747081288396588,0.0840466449446161,
0.0933851610495735,0.0946971514043618),.UNSPECIFIED.);
#92=B_SPLINE_SURFACE_WITH_KNOTS('',3,3,((#5805,#5806,#5807,#5808,#5809,
#5810,#5811,#5812,#5813,#5814,#5815,#5816,#5817,#5818,#5819,#5820,#5821,
#5822,#5823,#5824,#5825,#5826,#5827,#5828,#5829,#5830,#5831,#5832,#5833),
(#5834,#5835,#5836,#5837,#5838,#5839,#5840,#5841,#5842,#5843,#5844,#5845,
#5846,#5847,#5848,#5849,#5850,#5851,#5852,#5853,#5854,#5855,#5856,#5857,
#5858,#5859,#5860,#5861,#5862),(#5863,#5864,#5865,#5866,#5867,#5868,#5869,
#5870,#5871,#5872,#5873,#5874,#5875,#5876,#5877,#5878,#5879,#5880,#5881,
#5882,#5883,#5884,#5885,#5886,#5887,#5888,#5889,#5890,#5891),(#5892,#5893,
#5894,#5895,#5896,#5897,#5898,#5899,#5900,#5901,#5902,#5903,#5904,#5905,
#5906,#5907,#5908,#5909,#5910,#5911,#5912,#5913,#5914,#5915,#5916,#5917,
#5918,#5919,#5920),(#5921,#5922,#5923,#5924,#5925,#5926,#5927,#5928,#5929,
#5930,#5931,#5932,#5933,#5934,#5935,#5936,#5937,#5938,#5939,#5940,#5941,
#5942,#5943,#5944,#5945,#5946,#5947,#5948,#5949)),.UNSPECIFIED.,.F.,.F.,
 .F.,(4,1,4),(4,1,1,1,1,1,1,1,1,1,1,1,1,1,1,1,1,1,1,1,1,1,1,1,2,4),(0.,
0.5,1.),(-0.0936625334308139,-0.0842962800877325,-0.0749300267446511,-0.0655637734015697,
-0.0632222100657994,-0.0561975200584884,-0.0559048246415171,-0.0556121292245458,
-0.0550267383906032,-0.0544413475566606,-0.053855956722718,-0.0515143933869477,
-0.0503436117190625,-0.0491728300511773,-0.046831266715407,-0.0444897033796366,
-0.0421481400438663,-0.0398065767080959,-0.0386357950402108,-0.0380504042062682,
-0.0377577087892969,-0.0374650133723256,-0.0280987600292442,-0.0187325066861628,
0.,0.00131913792230522),.UNSPECIFIED.);
#93=B_SPLINE_SURFACE_WITH_KNOTS('',3,3,((#6011,#6012,#6013,#6014,#6015,
#6016,#6017),(#6018,#6019,#6020,#6021,#6022,#6023,#6024),(#6025,#6026,#6027,
#6028,#6029,#6030,#6031),(#6032,#6033,#6034,#6035,#6036,#6037,#6038),(#6039,
#6040,#6041,#6042,#6043,#6044,#6045),(#6046,#6047,#6048,#6049,#6050,#6051,
#6052),(#6053,#6054,#6055,#6056,#6057,#6058,#6059),(#6060,#6061,#6062,#6063,
#6064,#6065,#6066),(#6067,#6068,#6069,#6070,#6071,#6072,#6073),(#6074,#6075,
#6076,#6077,#6078,#6079,#6080)),.UNSPECIFIED.,.F.,.F.,.F.,(4,1,1,1,1,1,
1,4),(4,1,1,1,4),(0.,0.142857142857143,0.285714285714286,0.428571428571429,
0.571428571428571,0.714285714285714,0.857142857142857,1.),(-0.764883330025085,
-0.327807141439322,-0.109269047146441,0.327807141439322,0.764883330025085),
 .UNSPECIFIED.);
#94=B_SPLINE_SURFACE_WITH_KNOTS('',3,3,((#6104,#6105,#6106,#6107,#6108,
#6109,#6110),(#6111,#6112,#6113,#6114,#6115,#6116,#6117),(#6118,#6119,#6120,
#6121,#6122,#6123,#6124),(#6125,#6126,#6127,#6128,#6129,#6130,#6131),(#6132,
#6133,#6134,#6135,#6136,#6137,#6138),(#6139,#6140,#6141,#6142,#6143,#6144,
#6145),(#6146,#6147,#6148,#6149,#6150,#6151,#6152),(#6153,#6154,#6155,#6156,
#6157,#6158,#6159),(#6160,#6161,#6162,#6163,#6164,#6165,#6166),(#6167,#6168,
#6169,#6170,#6171,#6172,#6173)),.UNSPECIFIED.,.F.,.F.,.F.,(4,1,1,1,1,1,
1,4),(4,1,1,1,4),(0.,0.142857142857143,0.285714285714286,0.428571428571429,
0.571428571428571,0.714285714285714,0.857142857142857,1.),(-1.34635787573154,
-0.577010518170658,-0.192336839390219,0.577010518170658,1.34635787573154),
 .UNSPECIFIED.);
#95=B_SPLINE_SURFACE_WITH_KNOTS('',3,3,((#6186,#6187,#6188,#6189,#6190,
#6191),(#6192,#6193,#6194,#6195,#6196,#6197),(#6198,#6199,#6200,#6201,#6202,
#6203),(#6204,#6205,#6206,#6207,#6208,#6209),(#6210,#6211,#6212,#6213,#6214,
#6215),(#6216,#6217,#6218,#6219,#6220,#6221),(#6222,#6223,#6224,#6225,#6226,
#6227),(#6228,#6229,#6230,#6231,#6232,#6233),(#6234,#6235,#6236,#6237,#6238,
#6239),(#6240,#6241,#6242,#6243,#6244,#6245)),.UNSPECIFIED.,.F.,.F.,.F.,
(4,1,1,1,1,1,1,4),(4,1,1,4),(0.,0.142857142857143,0.285714285714286,0.428571428571429,
0.571428571428571,0.714285714285714,0.857142857142857,1.),(-0.449453413099975,
-0.19259225521976,0.0642689026604542,0.449560639480776),.UNSPECIFIED.);
#96=B_SPLINE_SURFACE_WITH_KNOTS('',3,3,((#6247,#6248,#6249,#6250,#6251,
#6252,#6253),(#6254,#6255,#6256,#6257,#6258,#6259,#6260),(#6261,#6262,#6263,
#6264,#6265,#6266,#6267),(#6268,#6269,#6270,#6271,#6272,#6273,#6274),(#6275,
#6276,#6277,#6278,#6279,#6280,#6281),(#6282,#6283,#6284,#6285,#6286,#6287,
#6288),(#6289,#6290,#6291,#6292,#6293,#6294,#6295),(#6296,#6297,#6298,#6299,
#6300,#6301,#6302),(#6303,#6304,#6305,#6306,#6307,#6308,#6309),(#6310,#6311,
#6312,#6313,#6314,#6315,#6316)),.UNSPECIFIED.,.F.,.F.,.F.,(4,1,1,1,1,1,
1,4),(4,1,1,1,4),(0.,0.142857142857143,0.285714285714286,0.428571428571429,
0.571428571428571,0.714285714285714,0.857142857142857,1.),(-0.62790826441629,
-0.269133737513069,-0.0897464740614589,0.269028052841762,0.627802579744982),
 .UNSPECIFIED.);
#97=B_SPLINE_SURFACE_WITH_KNOTS('',3,3,((#6329,#6330,#6331,#6332,#6333,
#6334,#6335,#6336,#6337,#6338),(#6339,#6340,#6341,#6342,#6343,#6344,#6345,
#6346,#6347,#6348),(#6349,#6350,#6351,#6352,#6353,#6354,#6355,#6356,#6357,
#6358),(#6359,#6360,#6361,#6362,#6363,#6364,#6365,#6366,#6367,#6368),(#6369,
#6370,#6371,#6372,#6373,#6374,#6375,#6376,#6377,#6378),(#6379,#6380,#6381,
#6382,#6383,#6384,#6385,#6386,#6387,#6388),(#6389,#6390,#6391,#6392,#6393,
#6394,#6395,#6396,#6397,#6398),(#6399,#6400,#6401,#6402,#6403,#6404,#6405,
#6406,#6407,#6408),(#6409,#6410,#6411,#6412,#6413,#6414,#6415,#6416,#6417,
#6418),(#6419,#6420,#6421,#6422,#6423,#6424,#6425,#6426,#6427,#6428)),
 .UNSPECIFIED.,.F.,.F.,.F.,(4,1,1,1,1,1,1,4),(4,1,1,1,1,1,1,4),(0.,0.142857142857143,
0.285714285714286,0.428571428571429,0.571428571428571,0.714285714285714,
0.857142857142857,1.),(-1.87747098782121,-1.34105100478094,-0.804631021740663,
-0.268211038700388,0.268208944339886,0.80462892738016,1.34104891042043,
1.87746889346071),.UNSPECIFIED.);
#98=B_SPLINE_SURFACE_WITH_KNOTS('',3,3,((#6430,#6431,#6432,#6433,#6434),
(#6435,#6436,#6437,#6438,#6439),(#6440,#6441,#6442,#6443,#6444),(#6445,
#6446,#6447,#6448,#6449),(#6450,#6451,#6452,#6453,#6454),(#6455,#6456,#6457,
#6458,#6459),(#6460,#6461,#6462,#6463,#6464),(#6465,#6466,#6467,#6468,#6469),
(#6470,#6471,#6472,#6473,#6474),(#6475,#6476,#6477,#6478,#6479)),
 .UNSPECIFIED.,.F.,.F.,.F.,(4,1,1,1,1,1,1,4),(4,1,4),(0.,0.142857142857143,
0.285714285714286,0.428571428571429,0.571428571428571,0.714285714285714,
0.857142857142857,1.),(-0.607449529936584,-0.0867873094165585,0.607428984610142),
 .UNSPECIFIED.);
#99=B_SPLINE_SURFACE_WITH_KNOTS('',3,3,((#6499,#6500,#6501,#6502,#6503,
#6504,#6505,#6506,#6507,#6508,#6509,#6510,#6511,#6512,#6513,#6514,#6515,
#6516,#6517,#6518,#6519,#6520,#6521,#6522,#6523,#6524,#6525,#6526,#6527,
#6528,#6529,#6530,#6531,#6532,#6533),(#6534,#6535,#6536,#6537,#6538,#6539,
#6540,#6541,#6542,#6543,#6544,#6545,#6546,#6547,#6548,#6549,#6550,#6551,
#6552,#6553,#6554,#6555,#6556,#6557,#6558,#6559,#6560,#6561,#6562,#6563,
#6564,#6565,#6566,#6567,#6568),(#6569,#6570,#6571,#6572,#6573,#6574,#6575,
#6576,#6577,#6578,#6579,#6580,#6581,#6582,#6583,#6584,#6585,#6586,#6587,
#6588,#6589,#6590,#6591,#6592,#6593,#6594,#6595,#6596,#6597,#6598,#6599,
#6600,#6601,#6602,#6603),(#6604,#6605,#6606,#6607,#6608,#6609,#6610,#6611,
#6612,#6613,#6614,#6615,#6616,#6617,#6618,#6619,#6620,#6621,#6622,#6623,
#6624,#6625,#6626,#6627,#6628,#6629,#6630,#6631,#6632,#6633,#6634,#6635,
#6636,#6637,#6638),(#6639,#6640,#6641,#6642,#6643,#6644,#6645,#6646,#6647,
#6648,#6649,#6650,#6651,#6652,#6653,#6654,#6655,#6656,#6657,#6658,#6659,
#6660,#6661,#6662,#6663,#6664,#6665,#6666,#6667,#6668,#6669,#6670,#6671,
#6672,#6673)),.UNSPECIFIED.,.F.,.F.,.F.,(4,1,4),(4,1,1,1,1,1,1,1,1,1,1,
1,1,1,1,1,1,1,1,1,1,1,1,1,1,1,1,1,1,1,2,4),(0.,0.5,1.),(-0.0933851610520546,
-0.0840466449468491,-0.0747081288416437,-0.0653696127364382,-0.0607003546838355,
-0.0560310966312327,-0.0558851823170889,-0.0557392680029451,-0.0554474393746574,
-0.0551556107463697,-0.0548637821180821,-0.0536964676049314,-0.0525291530917807,
-0.05136183857863,-0.0507781813220547,-0.0501945240654793,-0.0490272095523287,
-0.0466925805260273,-0.0443579514997259,-0.0420233224734246,-0.0408560079602739,
-0.0396886934471232,-0.0385213789339725,-0.0379377216773972,-0.0376458930491095,
-0.0374999787349657,-0.0373540644208218,-0.0280155483156164,-0.0186770322104109,
-0.00933851610520546,0.,0.00131199035322371),.UNSPECIFIED.);
#100=B_SPLINE_SURFACE_WITH_KNOTS('',3,3,((#6747,#6748,#6749,#6750,#6751,
#6752,#6753,#6754,#6755,#6756,#6757,#6758,#6759,#6760,#6761,#6762,#6763,
#6764,#6765,#6766,#6767,#6768,#6769,#6770,#6771,#6772,#6773,#6774,#6775),
(#6776,#6777,#6778,#6779,#6780,#6781,#6782,#6783,#6784,#6785,#6786,#6787,
#6788,#6789,#6790,#6791,#6792,#6793,#6794,#6795,#6796,#6797,#6798,#6799,
#6800,#6801,#6802,#6803,#6804),(#6805,#6806,#6807,#6808,#6809,#6810,#6811,
#6812,#6813,#6814,#6815,#6816,#6817,#6818,#6819,#6820,#6821,#6822,#6823,
#6824,#6825,#6826,#6827,#6828,#6829,#6830,#6831,#6832,#6833),(#6834,#6835,
#6836,#6837,#6838,#6839,#6840,#6841,#6842,#6843,#6844,#6845,#6846,#6847,
#6848,#6849,#6850,#6851,#6852,#6853,#6854,#6855,#6856,#6857,#6858,#6859,
#6860,#6861,#6862),(#6863,#6864,#6865,#6866,#6867,#6868,#6869,#6870,#6871,
#6872,#6873,#6874,#6875,#6876,#6877,#6878,#6879,#6880,#6881,#6882,#6883,
#6884,#6885,#6886,#6887,#6888,#6889,#6890,#6891)),.UNSPECIFIED.,.F.,.F.,
 .F.,(4,1,4),(4,1,1,1,1,1,1,1,1,1,1,1,1,1,1,1,1,1,1,1,1,1,1,1,2,4),(0.,
0.5,1.),(0.,0.0093662533434187,0.0187325066868374,0.0280987600302561,0.0304403233661108,
0.0374650133736748,0.0377577087906566,0.0380504042076385,0.0386357950416021,
0.0392211858755658,0.0398065767095295,0.0421481400453841,0.0433189217133115,
0.0444897033812388,0.0468312667170935,0.0491728300529482,0.0515143933888028,
0.0538559567246575,0.0550267383925848,0.0556121292265485,0.0559048246435303,
0.0561975200605122,0.0655637734039309,0.0749300267473496,0.093662533434187,
0.0949816713543892),.UNSPECIFIED.);
#101=B_SPLINE_SURFACE_WITH_KNOTS('',3,3,((#6950,#6951,#6952,#6953,#6954),
(#6955,#6956,#6957,#6958,#6959),(#6960,#6961,#6962,#6963,#6964),(#6965,
#6966,#6967,#6968,#6969),(#6970,#6971,#6972,#6973,#6974),(#6975,#6976,#6977,
#6978,#6979),(#6980,#6981,#6982,#6983,#6984),(#6985,#6986,#6987,#6988,#6989),
(#6990,#6991,#6992,#6993,#6994),(#6995,#6996,#6997,#6998,#6999)),
 .UNSPECIFIED.,.F.,.F.,.F.,(4,1,1,1,1,1,1,4),(4,1,4),(0.,0.142857142857143,
0.285714285714286,0.428571428571429,0.571428571428571,0.714285714285714,
0.857142857142857,1.),(-0.607428984610143,-0.0867667640901179,0.607449529936582),
 .UNSPECIFIED.);
#102=B_SPLINE_SURFACE_WITH_KNOTS('',3,3,((#7001,#7002,#7003,#7004,#7005,
#7006),(#7007,#7008,#7009,#7010,#7011,#7012),(#7013,#7014,#7015,#7016,#7017,
#7018),(#7019,#7020,#7021,#7022,#7023,#7024),(#7025,#7026,#7027,#7028,#7029,
#7030),(#7031,#7032,#7033,#7034,#7035,#7036),(#7037,#7038,#7039,#7040,#7041,
#7042),(#7043,#7044,#7045,#7046,#7047,#7048),(#7049,#7050,#7051,#7052,#7053,
#7054),(#7055,#7056,#7057,#7058,#7059,#7060)),.UNSPECIFIED.,.F.,.F.,.F.,
(4,1,1,1,1,1,1,4),(4,1,1,4),(0.,0.142857142857143,0.285714285714286,0.428571428571429,
0.571428571428571,0.714285714285714,0.857142857142857,1.),(-0.449560639480776,
-0.192699481607794,0.0641616762651873,0.44945341307466),.UNSPECIFIED.);
#103=B_SPLINE_SURFACE_WITH_KNOTS('',3,3,((#7071,#7072,#7073,#7074,#7075,
#7076,#7077),(#7078,#7079,#7080,#7081,#7082,#7083,#7084),(#7085,#7086,#7087,
#7088,#7089,#7090,#7091),(#7092,#7093,#7094,#7095,#7096,#7097,#7098),(#7099,
#7100,#7101,#7102,#7103,#7104,#7105),(#7106,#7107,#7108,#7109,#7110,#7111,
#7112),(#7113,#7114,#7115,#7116,#7117,#7118,#7119),(#7120,#7121,#7122,#7123,
#7124,#7125,#7126),(#7127,#7128,#7129,#7130,#7131,#7132,#7133),(#7134,#7135,
#7136,#7137,#7138,#7139,#7140)),.UNSPECIFIED.,.F.,.F.,.F.,(4,1,1,1,1,1,
1,4),(4,1,1,1,4),(0.,0.142857142857143,0.285714285714286,0.428571428571429,
0.571428571428571,0.714285714285714,0.857142857142857,1.),(-1.34635787677451,
-0.961684197845072,-0.192336839986202,0.577010517872667,1.34635787573154),
 .UNSPECIFIED.);
#104=B_SPLINE_SURFACE_WITH_KNOTS('',3,3,((#7151,#7152,#7153,#7154,#7155,
#7156,#7157),(#7158,#7159,#7160,#7161,#7162,#7163,#7164),(#7165,#7166,#7167,
#7168,#7169,#7170,#7171),(#7172,#7173,#7174,#7175,#7176,#7177,#7178),(#7179,
#7180,#7181,#7182,#7183,#7184,#7185),(#7186,#7187,#7188,#7189,#7190,#7191,
#7192),(#7193,#7194,#7195,#7196,#7197,#7198,#7199),(#7200,#7201,#7202,#7203,
#7204,#7205,#7206),(#7207,#7208,#7209,#7210,#7211,#7212,#7213),(#7214,#7215,
#7216,#7217,#7218,#7219,#7220)),.UNSPECIFIED.,.F.,.F.,.F.,(4,1,1,1,1,1,
1,4),(4,1,1,1,4),(0.,0.142857142857143,0.285714285714286,0.428571428571429,
0.571428571428571,0.714285714285714,0.857142857142857,1.),(-0.764883330025085,
-0.327807141439322,0.109269047146441,0.327807141439322,0.764883330025085),
 .UNSPECIFIED.);
#105=B_SPLINE_SURFACE_WITH_KNOTS('',3,3,((#7231,#7232,#7233,#7234,#7235,
#7236,#7237,#7238,#7239,#7240),(#7241,#7242,#7243,#7244,#7245,#7246,#7247,
#7248,#7249,#7250),(#7251,#7252,#7253,#7254,#7255,#7256,#7257,#7258,#7259,
#7260),(#7261,#7262,#7263,#7264,#7265,#7266,#7267,#7268,#7269,#7270),(#7271,
#7272,#7273,#7274,#7275,#7276,#7277,#7278,#7279,#7280),(#7281,#7282,#7283,
#7284,#7285,#7286,#7287,#7288,#7289,#7290),(#7291,#7292,#7293,#7294,#7295,
#7296,#7297,#7298,#7299,#7300),(#7301,#7302,#7303,#7304,#7305,#7306,#7307,
#7308,#7309,#7310),(#7311,#7312,#7313,#7314,#7315,#7316,#7317,#7318,#7319,
#7320),(#7321,#7322,#7323,#7324,#7325,#7326,#7327,#7328,#7329,#7330)),
 .UNSPECIFIED.,.F.,.F.,.F.,(4,1,1,1,1,1,1,4),(4,1,1,1,1,1,1,4),(0.,0.142857142857143,
0.285714285714286,0.428571428571429,0.571428571428571,0.714285714285714,
0.857142857142857,1.),(-1.87746889346071,-1.34104920961479,-0.804629525768875,
-0.268209841922958,0.268209841922959,0.804629525768875,1.34104920961479,
1.87746889346071),.UNSPECIFIED.);
#106=B_SPLINE_SURFACE_WITH_KNOTS('',3,3,((#7343,#7344,#7345,#7346,#7347,
#7348,#7349),(#7350,#7351,#7352,#7353,#7354,#7355,#7356),(#7357,#7358,#7359,
#7360,#7361,#7362,#7363),(#7364,#7365,#7366,#7367,#7368,#7369,#7370),(#7371,
#7372,#7373,#7374,#7375,#7376,#7377),(#7378,#7379,#7380,#7381,#7382,#7383,
#7384),(#7385,#7386,#7387,#7388,#7389,#7390,#7391),(#7392,#7393,#7394,#7395,
#7396,#7397,#7398),(#7399,#7400,#7401,#7402,#7403,#7404,#7405),(#7406,#7407,
#7408,#7409,#7410,#7411,#7412)),.UNSPECIFIED.,.F.,.F.,.F.,(4,1,1,1,1,1,
1,4),(4,1,1,1,4),(0.,0.142857142857143,0.285714285714286,0.428571428571429,
0.571428571428571,0.714285714285714,0.857142857142857,1.),(-0.627802986416924,
-0.26902834332172,-0.0896410217741184,0.269133621321086,0.62790826441629),
 .UNSPECIFIED.);
#107=FACE_OUTER_BOUND('',#177,.T.);
#108=FACE_OUTER_BOUND('',#178,.T.);
#109=FACE_OUTER_BOUND('',#179,.T.);
#110=FACE_OUTER_BOUND('',#180,.T.);
#111=FACE_OUTER_BOUND('',#182,.T.);
#112=FACE_OUTER_BOUND('',#183,.T.);
#113=FACE_OUTER_BOUND('',#184,.T.);
#114=FACE_OUTER_BOUND('',#185,.T.);
#115=FACE_OUTER_BOUND('',#187,.T.);
#116=FACE_OUTER_BOUND('',#188,.T.);
#117=FACE_OUTER_BOUND('',#192,.T.);
#118=FACE_OUTER_BOUND('',#194,.T.);
#119=FACE_OUTER_BOUND('',#195,.T.);
#120=FACE_OUTER_BOUND('',#197,.T.);
#121=FACE_OUTER_BOUND('',#198,.T.);
#122=FACE_OUTER_BOUND('',#202,.T.);
#123=FACE_OUTER_BOUND('',#204,.T.);
#124=FACE_OUTER_BOUND('',#205,.T.);
#125=FACE_OUTER_BOUND('',#207,.T.);
#126=FACE_OUTER_BOUND('',#208,.T.);
#127=FACE_OUTER_BOUND('',#209,.T.);
#128=FACE_OUTER_BOUND('',#210,.T.);
#129=FACE_OUTER_BOUND('',#211,.T.);
#130=FACE_OUTER_BOUND('',#212,.T.);
#131=FACE_OUTER_BOUND('',#213,.T.);
#132=FACE_OUTER_BOUND('',#214,.T.);
#133=FACE_OUTER_BOUND('',#215,.T.);
#134=FACE_OUTER_BOUND('',#216,.T.);
#135=FACE_OUTER_BOUND('',#217,.T.);
#136=FACE_OUTER_BOUND('',#218,.T.);
#137=FACE_OUTER_BOUND('',#219,.T.);
#138=FACE_OUTER_BOUND('',#220,.T.);
#139=FACE_OUTER_BOUND('',#221,.T.);
#140=FACE_OUTER_BOUND('',#222,.T.);
#141=FACE_OUTER_BOUND('',#223,.T.);
#142=FACE_OUTER_BOUND('',#224,.T.);
#143=FACE_OUTER_BOUND('',#225,.T.);
#144=FACE_OUTER_BOUND('',#226,.T.);
#145=FACE_OUTER_BOUND('',#227,.T.);
#146=FACE_OUTER_BOUND('',#228,.T.);
#147=FACE_OUTER_BOUND('',#229,.T.);
#148=FACE_OUTER_BOUND('',#230,.T.);
#149=FACE_OUTER_BOUND('',#231,.T.);
#150=FACE_OUTER_BOUND('',#232,.T.);
#151=FACE_OUTER_BOUND('',#233,.T.);
#152=FACE_OUTER_BOUND('',#234,.T.);
#153=FACE_OUTER_BOUND('',#235,.T.);
#154=FACE_OUTER_BOUND('',#236,.T.);
#155=FACE_OUTER_BOUND('',#237,.T.);
#156=FACE_OUTER_BOUND('',#238,.T.);
#157=FACE_OUTER_BOUND('',#239,.T.);
#158=FACE_OUTER_BOUND('',#240,.T.);
#159=FACE_OUTER_BOUND('',#241,.T.);
#160=FACE_OUTER_BOUND('',#242,.T.);
#161=FACE_OUTER_BOUND('',#243,.T.);
#162=FACE_OUTER_BOUND('',#244,.T.);
#163=FACE_OUTER_BOUND('',#245,.T.);
#164=FACE_OUTER_BOUND('',#246,.T.);
#165=FACE_OUTER_BOUND('',#247,.T.);
#166=FACE_OUTER_BOUND('',#248,.T.);
#167=FACE_OUTER_BOUND('',#249,.T.);
#168=FACE_OUTER_BOUND('',#250,.T.);
#169=FACE_OUTER_BOUND('',#251,.T.);
#170=FACE_OUTER_BOUND('',#252,.T.);
#171=FACE_OUTER_BOUND('',#253,.T.);
#172=FACE_OUTER_BOUND('',#255,.T.);
#173=FACE_OUTER_BOUND('',#257,.T.);
#174=FACE_OUTER_BOUND('',#258,.T.);
#175=FACE_OUTER_BOUND('',#259,.T.);
#176=FACE_OUTER_BOUND('',#260,.T.);
#177=EDGE_LOOP('',(#629,#630,#631,#632));
#178=EDGE_LOOP('',(#633,#634,#635,#636));
#179=EDGE_LOOP('',(#637,#638,#639,#640));
#180=EDGE_LOOP('',(#641));
#181=EDGE_LOOP('',(#642,#643,#644,#645));
#182=EDGE_LOOP('',(#646,#647,#648,#649));
#183=EDGE_LOOP('',(#650,#651,#652,#653));
#184=EDGE_LOOP('',(#654,#655,#656,#657));
#185=EDGE_LOOP('',(#658));
#186=EDGE_LOOP('',(#659,#660,#661,#662));
#187=EDGE_LOOP('',(#663,#664,#665,#666));
#188=EDGE_LOOP('',(#667,#668,#669,#670,#671,#672));
#189=EDGE_LOOP('',(#673));
#190=EDGE_LOOP('',(#674,#675,#676,#677,#678,#679,#680,#681));
#191=EDGE_LOOP('',(#682));
#192=EDGE_LOOP('',(#683));
#193=EDGE_LOOP('',(#684));
#194=EDGE_LOOP('',(#685,#686,#687,#688));
#195=EDGE_LOOP('',(#689));
#196=EDGE_LOOP('',(#690));
#197=EDGE_LOOP('',(#691,#692,#693,#694));
#198=EDGE_LOOP('',(#695,#696,#697,#698,#699,#700));
#199=EDGE_LOOP('',(#701));
#200=EDGE_LOOP('',(#702,#703,#704,#705,#706,#707,#708,#709));
#201=EDGE_LOOP('',(#710));
#202=EDGE_LOOP('',(#711));
#203=EDGE_LOOP('',(#712));
#204=EDGE_LOOP('',(#713,#714,#715,#716));
#205=EDGE_LOOP('',(#717));
#206=EDGE_LOOP('',(#718));
#207=EDGE_LOOP('',(#719,#720,#721,#722));
#208=EDGE_LOOP('',(#723,#724,#725,#726));
#209=EDGE_LOOP('',(#727,#728,#729,#730));
#210=EDGE_LOOP('',(#731,#732,#733,#734));
#211=EDGE_LOOP('',(#735,#736,#737,#738));
#212=EDGE_LOOP('',(#739,#740,#741,#742));
#213=EDGE_LOOP('',(#743,#744,#745,#746));
#214=EDGE_LOOP('',(#747,#748,#749,#750));
#215=EDGE_LOOP('',(#751,#752,#753,#754));
#216=EDGE_LOOP('',(#755,#756,#757,#758));
#217=EDGE_LOOP('',(#759,#760,#761,#762));
#218=EDGE_LOOP('',(#763,#764,#765,#766));
#219=EDGE_LOOP('',(#767,#768,#769,#770));
#220=EDGE_LOOP('',(#771,#772,#773,#774));
#221=EDGE_LOOP('',(#775,#776,#777,#778));
#222=EDGE_LOOP('',(#779,#780,#781,#782));
#223=EDGE_LOOP('',(#783,#784,#785,#786));
#224=EDGE_LOOP('',(#787,#788,#789,#790));
#225=EDGE_LOOP('',(#791,#792,#793,#794));
#226=EDGE_LOOP('',(#795,#796,#797,#798));
#227=EDGE_LOOP('',(#799,#800,#801,#802));
#228=EDGE_LOOP('',(#803,#804,#805));
#229=EDGE_LOOP('',(#806,#807,#808));
#230=EDGE_LOOP('',(#809,#810,#811,#812));
#231=EDGE_LOOP('',(#813,#814,#815,#816));
#232=EDGE_LOOP('',(#817,#818,#819,#820));
#233=EDGE_LOOP('',(#821,#822,#823,#824));
#234=EDGE_LOOP('',(#825,#826,#827,#828));
#235=EDGE_LOOP('',(#829,#830,#831,#832));
#236=EDGE_LOOP('',(#833,#834,#835,#836));
#237=EDGE_LOOP('',(#837,#838,#839,#840));
#238=EDGE_LOOP('',(#841,#842,#843,#844));
#239=EDGE_LOOP('',(#845,#846,#847,#848));
#240=EDGE_LOOP('',(#849,#850,#851));
#241=EDGE_LOOP('',(#852,#853,#854));
#242=EDGE_LOOP('',(#855,#856,#857,#858));
#243=EDGE_LOOP('',(#859,#860,#861,#862));
#244=EDGE_LOOP('',(#863,#864,#865,#866));
#245=EDGE_LOOP('',(#867,#868,#869,#870));
#246=EDGE_LOOP('',(#871,#872,#873,#874));
#247=EDGE_LOOP('',(#875,#876,#877,#878));
#248=EDGE_LOOP('',(#879,#880,#881,#882));
#249=EDGE_LOOP('',(#883,#884,#885,#886));
#250=EDGE_LOOP('',(#887,#888,#889,#890));
#251=EDGE_LOOP('',(#891,#892,#893,#894));
#252=EDGE_LOOP('',(#895,#896,#897,#898));
#253=EDGE_LOOP('',(#899));
#254=EDGE_LOOP('',(#900,#901,#902,#903));
#255=EDGE_LOOP('',(#904));
#256=EDGE_LOOP('',(#905,#906,#907,#908));
#257=EDGE_LOOP('',(#909,#910,#911,#912));
#258=EDGE_LOOP('',(#913,#914,#915,#916));
#259=EDGE_LOOP('',(#917,#918,#919,#920));
#260=EDGE_LOOP('',(#921,#922,#923,#924));
#261=B_SPLINE_CURVE_WITH_KNOTS('',3,(#1375,#1376,#1377,#1378,#1379,#1380,
#1381,#1382,#1383,#1384,#1385,#1386,#1387,#1388,#1389,#1390,#1391,#1392,
#1393,#1394,#1395,#1396,#1397,#1398,#1399,#1400,#1401,#1402,#1403,#1404,
#1405,#1406,#1407,#1408,#1409,#1410,#1411,#1412,#1413,#1414,#1415,#1416,
#1417,#1418,#1419,#1420,#1421,#1422,#1423,#1424,#1425,#1426,#1427,#1428,
#1429,#1430,#1431,#1432,#1433,#1434,#1435,#1436,#1437,#1438,#1439,#1440),
 .UNSPECIFIED.,.F.,.F.,(4,1,1,1,1,1,1,1,1,1,1,1,1,1,1,1,1,1,1,1,1,1,1,1,
1,1,1,1,1,1,1,1,1,1,1,1,1,1,1,1,1,1,1,1,1,1,1,1,1,1,1,1,1,1,1,1,1,1,1,1,
1,1,1,4),(13.687390776192,14.6851204002467,15.6828500243013,16.680579648356,
17.6783092724107,18.6760388964653,19.67376852052,20.6714981445746,21.6692277686293,
22.666957392684,23.6646870167386,24.6624166407933,25.6601462648479,26.6578758889026,
27.6556055129572,28.6533351370119,29.6510647610666,30.6487943851212,31.6465240091759,
32.6442536332305,33.6419832572852,34.6397128813399,35.6374425053945,36.6351721294492,
37.6329017535038,38.6306313775585,39.6283610016131,40.6260906256678,41.6238202497225,
42.6215498737771,43.6192794978318,44.6170091218864,45.6147387459411,46.6124683699958,
47.6101979940504,48.6079276181051,49.6056572421597,50.6033868662144,51.601116490269,
52.5988461143237,53.5965757383784,54.594305362433,55.5920349864877,56.5897646105423,
57.587494234597,58.5852238586517,59.5829534827063,60.580683106761,61.5784127308156,
62.5761423548703,63.5738719789249,64.5716016029796,65.5693312270343,66.5670608510889,
67.5647904751436,68.5625200991982,69.5602497232529,70.5579793473076,71.5557089713622,
72.5534385954169,73.5511682194715,74.5488978435262,75.5466274675808,76.5192438479879),
 .UNSPECIFIED.);
#262=B_SPLINE_CURVE_WITH_KNOTS('',3,(#1443,#1444,#1445,#1446,#1447,#1448,
#1449,#1450,#1451,#1452,#1453,#1454,#1455,#1456,#1457,#1458,#1459,#1460,
#1461,#1462,#1463,#1464,#1465,#1466,#1467,#1468,#1469,#1470,#1471,#1472,
#1473,#1474,#1475,#1476,#1477,#1478,#1479,#1480,#1481,#1482,#1483,#1484,
#1485,#1486,#1487,#1488,#1489,#1490,#1491,#1492,#1493,#1494,#1495,#1496,
#1497,#1498,#1499,#1500,#1501,#1502,#1503,#1504,#1505,#1506,#1507,#1508),
 .UNSPECIFIED.,.F.,.F.,(4,1,1,1,1,1,1,1,1,1,1,1,1,1,1,1,1,1,1,1,1,1,1,1,
1,1,1,1,1,1,1,1,1,1,1,1,1,1,1,1,1,1,1,1,1,1,1,1,1,1,1,1,1,1,1,1,1,1,1,1,
1,1,1,4),(12.2307486159237,13.2033649963308,14.2010946203854,15.1988242444401,
16.1965538684948,17.1942834925494,18.1920131166041,19.1897427406587,20.1874723647134,
21.185201988768,22.1829316128227,23.1806612368774,24.178390860932,25.1761204849867,
26.1738501090413,27.171579733096,28.1693093571507,29.1670389812053,30.16476860526,
31.1624982293146,32.1602278533693,33.1579574774239,34.1556871014786,35.1534167255333,
36.1511463495879,37.1488759736426,38.1466055976972,39.1443352217519,40.1420648458066,
41.1397944698612,42.1375240939159,43.1352537179705,44.1329833420252,45.1307129660798,
46.1284425901345,47.1261722141892,48.1239018382438,49.1216314622985,50.1193610863531,
51.1170907104078,52.1148203344625,53.1125499585171,54.1102795825718,55.1080092066264,
56.1057388306811,57.1034684547357,58.1011980787904,59.0989277028451,60.0966573268997,
61.0943869509544,62.092116575009,63.0898461990637,64.0875758231184,65.085305447173,
66.0830350712277,67.0807646952823,68.078494319337,69.0762239433916,70.0739535674463,
71.071683191501,72.0694128155556,73.0671424396103,74.0648720636649,75.0626016877196),
 .UNSPECIFIED.);
#263=B_SPLINE_CURVE_WITH_KNOTS('',3,(#1782,#1783,#1784,#1785,#1786,#1787,
#1788,#1789,#1790,#1791,#1792,#1793,#1794,#1795,#1796,#1797,#1798,#1799,
#1800,#1801,#1802,#1803,#1804,#1805,#1806,#1807,#1808,#1809,#1810,#1811,
#1812,#1813,#1814,#1815,#1816,#1817,#1818,#1819,#1820,#1821,#1822,#1823,
#1824,#1825,#1826,#1827,#1828,#1829,#1830,#1831,#1832,#1833,#1834,#1835,
#1836,#1837,#1838,#1839,#1840,#1841,#1842,#1843,#1844,#1845,#1846,#1847,
#1848,#1849,#1850,#1851,#1852,#1853,#1854,#1855,#1856,#1857,#1858,#1859,
#1860),.UNSPECIFIED.,.F.,.F.,(4,3,3,3,3,3,3,3,3,3,3,3,3,3,3,3,3,3,3,3,3,
3,3,3,3,3,4),(0.,0.0185446662744516,0.0367875696909559,0.0507337897540381,
0.0583006635035878,0.0610577129317396,0.0788137348312525,0.0962065831986326,
0.109244269947878,0.11585155301103,0.118955984510812,0.135792053823775,
0.148357330195613,0.165204664660841,0.169987220800525,0.173022369895043,
0.189791326036312,0.206553649505173,0.216707465748115,0.221978013464176,
0.226241975877965,0.242337003016076,0.253617916623191,0.258177695174113,
0.273632981480255,0.283136005917437,0.286347380332198),.UNSPECIFIED.);
#264=B_SPLINE_CURVE_WITH_KNOTS('',3,(#1862,#1863,#1864,#1865,#1866,#1867,
#1868,#1869,#1870,#1871,#1872,#1873,#1874,#1875,#1876,#1877,#1878,#1879,
#1880,#1881,#1882,#1883,#1884,#1885,#1886,#1887,#1888,#1889,#1890,#1891,
#1892,#1893,#1894,#1895,#1896,#1897,#1898,#1899,#1900,#1901,#1902,#1903,
#1904,#1905,#1906,#1907,#1908,#1909,#1910,#1911,#1912,#1913,#1914,#1915,
#1916,#1917,#1918,#1919,#1920,#1921,#1922,#1923,#1924,#1925,#1926,#1927,
#1928,#1929,#1930,#1931,#1932,#1933,#1934,#1935,#1936,#1937,#1938,#1939,
#1940),.UNSPECIFIED.,.F.,.F.,(4,3,3,3,3,3,3,3,3,3,3,3,3,3,3,3,3,3,3,3,3,
3,3,3,3,3,4),(0.,0.0151346573908978,0.0309520054906639,0.0438345562221708,
0.0499471725810422,0.0529462751458778,0.0692713908571423,0.0858467161310933,
0.0978881399339998,0.101550593268568,0.104481915159977,0.121561169706797,
0.134012411342719,0.150659726730305,0.155442658307173,0.158497030636292,
0.175518597151101,0.192950265978507,0.2039901939054,0.212545330542855,0.215900519351312,
0.232242811861898,0.24462066771798,0.248846782330929,0.267054566147248,
0.281269689393653,0.285142803995214),.UNSPECIFIED.);
#265=B_SPLINE_CURVE_WITH_KNOTS('',3,(#1941,#1942,#1943,#1944,#1945,#1946,
#1947,#1948,#1949,#1950,#1951,#1952,#1953,#1954,#1955,#1956,#1957,#1958,
#1959,#1960,#1961,#1962,#1963,#1964,#1965,#1966,#1967,#1968,#1969,#1970,
#1971,#1972,#1973,#1974,#1975,#1976,#1977,#1978,#1979,#1980,#1981,#1982,
#1983,#1984,#1985,#1986,#1987,#1988,#1989,#1990,#1991,#1992,#1993,#1994,
#1995,#1996,#1997,#1998,#1999,#2000,#2001,#2002,#2003,#2004,#2005,#2006,
#2007,#2008,#2009,#2010,#2011,#2012,#2013,#2014,#2015,#2016,#2017,#2018,
#2019,#2020,#2021,#2022,#2023,#2024,#2025,#2026,#2027,#2028,#2029,#2030,
#2031,#2032,#2033,#2034,#2035,#2036,#2037,#2038,#2039,#2040,#2041,#2042,
#2043,#2044,#2045,#2046,#2047,#2048,#2049,#2050,#2051,#2052,#2053,#2054,
#2055,#2056,#2057,#2058,#2059,#2060,#2061,#2062,#2063,#2064,#2065,#2066,
#2067,#2068,#2069,#2070,#2071,#2072,#2073,#2074,#2075,#2076,#2077,#2078,
#2079,#2080,#2081,#2082,#2083,#2084,#2085,#2086,#2087,#2088,#2089,#2090,
#2091,#2092,#2093,#2094,#2095,#2096,#2097,#2098,#2099,#2100,#2101,#2102,
#2103,#2104,#2105,#2106,#2107,#2108,#2109,#2110,#2111,#2112,#2113,#2114,
#2115,#2116,#2117,#2118,#2119,#2120,#2121,#2122,#2123,#2124,#2125,#2126,
#2127,#2128,#2129,#2130),.UNSPECIFIED.,.F.,.F.,(4,3,3,3,3,3,3,3,3,3,3,3,
3,3,3,3,3,3,3,3,3,3,3,3,3,3,3,3,3,3,3,3,3,3,3,3,3,3,3,3,3,3,3,3,3,3,3,3,
3,3,3,3,3,3,3,3,3,3,3,3,3,3,3,4),(-62.8318530717959,-61.8592366913888,-60.8615070673341,
-59.8637774432795,-58.8660478192248,-57.8683181951702,-56.8705885711155,
-55.8728589470609,-54.8751293230062,-53.8773996989515,-52.8796700748969,
-51.8819404508422,-50.8842108267876,-49.8864812027329,-48.8887515786783,
-47.8910219546236,-46.8932923305689,-45.8955627065143,-44.8978330824596,
-43.900103458405,-42.9023738343503,-41.9046442102956,-40.906914586241,-39.9091849621863,
-38.9114553381317,-37.913725714077,-36.9159960900224,-35.9182664659677,
-34.920536841913,-33.9228072178584,-32.9250775938037,-31.9273479697491,
-30.9296183456944,-29.9318887216397,-28.9341590975851,-27.9364294735304,
-26.9386998494758,-25.9409702254211,-24.9432406013665,-23.9455109773118,
-22.9477813532571,-21.9500517292025,-20.9523221051478,-19.9545924810932,
-18.9568628570385,-17.9591332329838,-16.9614036089292,-15.9636739848745,
-14.9659443608199,-13.9682147367652,-12.9704851127106,-11.9727554886559,
-10.9750258646012,-9.97729624054658,-8.97956661649192,-7.98183699243727,
-6.9841073683826,-5.98637774432795,-4.98864812027329,-3.99091849621863,
-2.99318887216397,-1.99545924810931,-0.997729624054656,0.),
 .UNSPECIFIED.);
#266=B_SPLINE_CURVE_WITH_KNOTS('',3,(#2404,#2405,#2406,#2407,#2408,#2409,
#2410,#2411,#2412,#2413,#2414,#2415,#2416,#2417,#2418,#2419,#2420,#2421,
#2422,#2423,#2424,#2425,#2426,#2427,#2428,#2429,#2430,#2431,#2432,#2433,
#2434,#2435,#2436,#2437,#2438,#2439,#2440,#2441,#2442,#2443,#2444,#2445,
#2446,#2447,#2448,#2449,#2450,#2451,#2452,#2453,#2454,#2455,#2456,#2457,
#2458,#2459,#2460,#2461,#2462,#2463,#2464,#2465,#2466,#2467,#2468,#2469,
#2470,#2471,#2472,#2473,#2474,#2475,#2476,#2477,#2478,#2479,#2480,#2481,
#2482),.UNSPECIFIED.,.F.,.F.,(4,3,3,3,3,3,3,3,3,3,3,3,3,3,3,3,3,3,3,3,3,
3,3,3,3,3,4),(0.,0.0151346554848085,0.0309520022343169,0.0438345533728647,
0.0499471605416074,0.0529462728322722,0.069271387225989,0.0858467111324412,
0.0978881361850056,0.101550710739681,0.104482049603113,0.121561304029035,
0.134012411342699,0.150659727644932,0.155442659949239,0.158497031384914,
0.175518598978906,0.192950268314491,0.203990195949379,0.212545330261217,
0.215900519473486,0.232242811953514,0.24462066802007,0.24884678242848,0.267054566232733,
0.281269689393596,0.285142803995155),.UNSPECIFIED.);
#267=B_SPLINE_CURVE_WITH_KNOTS('',3,(#2484,#2485,#2486,#2487,#2488,#2489,
#2490,#2491,#2492,#2493,#2494,#2495,#2496,#2497,#2498,#2499,#2500,#2501,
#2502,#2503,#2504,#2505,#2506,#2507,#2508,#2509,#2510,#2511,#2512,#2513,
#2514,#2515,#2516,#2517,#2518,#2519,#2520,#2521,#2522,#2523,#2524,#2525,
#2526,#2527,#2528,#2529,#2530,#2531,#2532,#2533,#2534,#2535,#2536,#2537,
#2538,#2539,#2540,#2541,#2542,#2543,#2544,#2545,#2546,#2547,#2548,#2549,
#2550,#2551,#2552,#2553,#2554,#2555,#2556,#2557,#2558,#2559,#2560,#2561,
#2562,#2563,#2564,#2565,#2566,#2567,#2568,#2569,#2570,#2571,#2572,#2573,
#2574,#2575,#2576,#2577,#2578,#2579,#2580,#2581,#2582,#2583,#2584,#2585,
#2586,#2587,#2588,#2589,#2590,#2591,#2592,#2593,#2594,#2595,#2596,#2597,
#2598,#2599,#2600,#2601,#2602,#2603,#2604,#2605,#2606,#2607,#2608,#2609,
#2610,#2611,#2612,#2613,#2614,#2615,#2616,#2617,#2618,#2619,#2620,#2621,
#2622,#2623,#2624,#2625,#2626,#2627,#2628,#2629,#2630,#2631,#2632,#2633,
#2634,#2635,#2636,#2637,#2638,#2639,#2640,#2641,#2642,#2643,#2644,#2645,
#2646,#2647,#2648,#2649,#2650,#2651,#2652,#2653,#2654,#2655,#2656,#2657,
#2658,#2659,#2660,#2661,#2662,#2663,#2664,#2665,#2666,#2667,#2668,#2669,
#2670,#2671,#2672,#2673),.UNSPECIFIED.,.F.,.F.,(4,3,3,3,3,3,3,3,3,3,3,3,
3,3,3,3,3,3,3,3,3,3,3,3,3,3,3,3,3,3,3,3,3,3,3,3,3,3,3,3,3,3,3,3,3,3,3,3,
3,3,3,3,3,3,3,3,3,3,3,3,3,3,3,4),(2.02057249175695,2.99318887216397,3.99091849621863,
4.98864812027329,5.98637774432794,6.9841073683826,7.98183699243726,8.97956661649192,
9.97729624054658,10.9750258646012,11.9727554886559,12.9704851127106,13.9682147367652,
14.9659443608199,15.9636739848745,16.9614036089292,17.9591332329838,18.9568628570385,
19.9545924810932,20.9523221051478,21.9500517292025,22.9477813532571,23.9455109773118,
24.9432406013665,25.9409702254211,26.9386998494758,27.9364294735304,28.9341590975851,
29.9318887216398,30.9296183456944,31.9273479697491,32.9250775938037,33.9228072178584,
34.920536841913,35.9182664659677,36.9159960900224,37.913725714077,38.9114553381317,
39.9091849621863,40.906914586241,41.9046442102957,42.9023738343503,43.900103458405,
44.8978330824596,45.8955627065143,46.8932923305689,47.8910219546236,48.8887515786783,
49.8864812027329,50.8842108267876,51.8819404508422,52.8796700748969,53.8773996989516,
54.8751293230062,55.8728589470609,56.8705885711155,57.8683181951702,58.8660478192248,
59.8637774432795,60.8615070673342,61.8592366913888,62.8569663154435,63.8546959394981,
64.8524255635528),.UNSPECIFIED.);
#268=B_SPLINE_CURVE_WITH_KNOTS('',3,(#2674,#2675,#2676,#2677,#2678,#2679,
#2680,#2681,#2682,#2683,#2684,#2685,#2686,#2687,#2688,#2689,#2690,#2691,
#2692,#2693,#2694,#2695,#2696,#2697,#2698,#2699,#2700,#2701,#2702,#2703,
#2704,#2705,#2706,#2707,#2708,#2709,#2710,#2711,#2712,#2713,#2714,#2715,
#2716,#2717,#2718,#2719,#2720,#2721,#2722,#2723,#2724,#2725,#2726,#2727,
#2728,#2729,#2730,#2731,#2732,#2733,#2734,#2735,#2736,#2737,#2738,#2739,
#2740,#2741,#2742,#2743,#2744,#2745,#2746,#2747,#2748,#2749,#2750,#2751,
#2752),.UNSPECIFIED.,.F.,.F.,(4,3,3,3,3,3,3,3,3,3,3,3,3,3,3,3,3,3,3,3,3,
3,3,3,3,3,4),(0.,0.0185446662744588,0.0367875696075834,0.0507337896810943,
0.058300663231571,0.0610577125572547,0.0788137344656262,0.0962065833667857,
0.109244270074007,0.115851553137583,0.118955984445074,0.135792054249701,
0.14835733019567,0.165204664660902,0.169987220979262,0.173022370065344,
0.189791326158527,0.206553649692035,0.216707465110639,0.22197801349246,
0.226241976043657,0.242337003700176,0.25361791791703,0.258177695821259,
0.273632983035443,0.283136005917524,0.286347380332284),.UNSPECIFIED.);
#269=B_SPLINE_CURVE_WITH_KNOTS('',3,(#2762,#2763,#2764,#2765,#2766,#2767,
#2768,#2769,#2770,#2771,#2772,#2773,#2774,#2775,#2776,#2777,#2778,#2779,
#2780,#2781,#2782,#2783,#2784,#2785,#2786,#2787,#2788,#2789,#2790,#2791,
#2792,#2793,#2794,#2795,#2796,#2797,#2798,#2799,#2800,#2801,#2802,#2803,
#2804,#2805,#2806,#2807,#2808,#2809,#2810,#2811,#2812,#2813,#2814,#2815,
#2816,#2817,#2818,#2819,#2820,#2821,#2822,#2823,#2824,#2825,#2826,#2827),
 .UNSPECIFIED.,.F.,.F.,(4,1,1,1,1,1,1,1,1,1,1,1,1,1,1,1,1,1,1,1,1,1,1,1,
1,1,1,1,1,1,1,1,1,1,1,1,1,1,1,1,1,1,1,1,1,1,1,1,1,1,1,1,1,1,1,1,1,1,1,1,
1,1,1,4),(13.687390776192,14.6851204002467,15.6828500243013,16.680579648356,
17.6783092724106,18.6760388964653,19.67376852052,20.6714981445746,21.6692277686293,
22.6669573926839,23.6646870167386,24.6624166407933,25.6601462648479,26.6578758889026,
27.6556055129572,28.6533351370119,29.6510647610665,30.6487943851212,31.6465240091759,
32.6442536332305,33.6419832572852,34.6397128813398,35.6374425053945,36.6351721294492,
37.6329017535038,38.6306313775585,39.6283610016131,40.6260906256678,41.6238202497224,
42.6215498737771,43.6192794978318,44.6170091218864,45.6147387459411,46.6124683699957,
47.6101979940504,48.6079276181051,49.6056572421597,50.6033868662144,51.601116490269,
52.5988461143237,53.5965757383783,54.594305362433,55.5920349864877,56.5897646105423,
57.587494234597,58.5852238586516,59.5829534827063,60.580683106761,61.5784127308156,
62.5761423548703,63.5738719789249,64.5716016029796,65.5693312270342,66.5670608510889,
67.5647904751436,68.5625200991982,69.5602497232529,70.5579793473075,71.5557089713622,
72.5534385954168,73.5511682194715,74.5488978435262,75.5466274675808,76.5192438479879),
 .UNSPECIFIED.);
#270=B_SPLINE_CURVE_WITH_KNOTS('',3,(#2830,#2831,#2832,#2833,#2834,#2835,
#2836,#2837,#2838,#2839,#2840,#2841,#2842,#2843,#2844,#2845,#2846,#2847,
#2848,#2849,#2850,#2851,#2852,#2853,#2854,#2855,#2856,#2857,#2858,#2859,
#2860,#2861,#2862,#2863,#2864,#2865,#2866,#2867,#2868,#2869,#2870,#2871,
#2872,#2873,#2874,#2875,#2876,#2877,#2878,#2879,#2880,#2881,#2882,#2883,
#2884,#2885,#2886,#2887,#2888,#2889,#2890,#2891,#2892,#2893,#2894,#2895),
 .UNSPECIFIED.,.F.,.F.,(4,1,1,1,1,1,1,1,1,1,1,1,1,1,1,1,1,1,1,1,1,1,1,1,
1,1,1,1,1,1,1,1,1,1,1,1,1,1,1,1,1,1,1,1,1,1,1,1,1,1,1,1,1,1,1,1,1,1,1,1,
1,1,1,4),(12.2307486159237,13.2033649963308,14.2010946203854,15.1988242444401,
16.1965538684947,17.1942834925494,18.1920131166041,19.1897427406587,20.1874723647134,
21.185201988768,22.1829316128227,23.1806612368774,24.178390860932,25.1761204849867,
26.1738501090413,27.171579733096,28.1693093571506,29.1670389812053,30.16476860526,
31.1624982293146,32.1602278533693,33.1579574774239,34.1556871014786,35.1534167255333,
36.1511463495879,37.1488759736426,38.1466055976972,39.1443352217519,40.1420648458065,
41.1397944698612,42.1375240939159,43.1352537179705,44.1329833420252,45.1307129660798,
46.1284425901345,47.1261722141892,48.1239018382438,49.1216314622985,50.1193610863531,
51.1170907104078,52.1148203344625,53.1125499585171,54.1102795825718,55.1080092066264,
56.1057388306811,57.1034684547357,58.1011980787904,59.0989277028451,60.0966573268997,
61.0943869509544,62.092116575009,63.0898461990637,64.0875758231183,65.085305447173,
66.0830350712277,67.0807646952823,68.078494319337,69.0762239433916,70.0739535674463,
71.071683191501,72.0694128155556,73.0671424396103,74.0648720636649,75.0626016877196),
 .UNSPECIFIED.);
#271=B_SPLINE_CURVE_WITH_KNOTS('',3,(#3169,#3170,#3171,#3172,#3173,#3174,
#3175,#3176,#3177,#3178,#3179,#3180,#3181,#3182,#3183,#3184,#3185,#3186,
#3187,#3188,#3189,#3190,#3191,#3192,#3193,#3194,#3195,#3196,#3197,#3198,
#3199,#3200,#3201,#3202,#3203,#3204,#3205,#3206,#3207,#3208,#3209,#3210,
#3211,#3212,#3213,#3214,#3215,#3216,#3217,#3218,#3219,#3220,#3221,#3222,
#3223,#3224,#3225,#3226,#3227,#3228,#3229,#3230,#3231,#3232,#3233,#3234,
#3235,#3236,#3237,#3238,#3239,#3240,#3241,#3242,#3243,#3244,#3245,#3246,
#3247),.UNSPECIFIED.,.F.,.F.,(4,3,3,3,3,3,3,3,3,3,3,3,3,3,3,3,3,3,3,3,3,
3,3,3,3,3,4),(0.,0.0185446662744545,0.0367876033699598,0.0507338192231693,
0.0583007751557816,0.0610578606324587,0.0788138770214295,0.0962065004386113,
0.109244207877867,0.115851484254102,0.118956009187667,0.135791871153503,
0.148357330195636,0.165204664660863,0.169987143087911,0.173022300706279,
0.189791276541838,0.206553570623156,0.216707735513129,0.221978001167158,
0.226241907450432,0.242336712304188,0.253617368985982,0.258177427108458,
0.273632325743724,0.283136005917458,0.286347380332217),.UNSPECIFIED.);
#272=B_SPLINE_CURVE_WITH_KNOTS('',3,(#3249,#3250,#3251,#3252,#3253,#3254,
#3255,#3256,#3257,#3258,#3259,#3260,#3261,#3262,#3263,#3264,#3265,#3266,
#3267,#3268,#3269,#3270,#3271,#3272,#3273,#3274,#3275,#3276,#3277,#3278,
#3279,#3280,#3281,#3282,#3283,#3284,#3285,#3286,#3287,#3288,#3289,#3290,
#3291,#3292,#3293,#3294,#3295,#3296,#3297,#3298,#3299,#3300,#3301,#3302,
#3303,#3304,#3305,#3306,#3307,#3308,#3309,#3310,#3311,#3312,#3313,#3314,
#3315,#3316,#3317,#3318,#3319,#3320,#3321,#3322,#3323,#3324,#3325,#3326,
#3327),.UNSPECIFIED.,.F.,.F.,(4,3,3,3,3,3,3,3,3,3,3,3,3,3,3,3,3,3,3,3,3,
3,3,3,3,3,4),(0.,0.0151354560621573,0.0309533692339013,0.0438357494975015,
0.0499522192100675,0.0529472503042066,0.0692729178248125,0.0858488126045825,
0.0978897122891128,0.101503322984363,0.104431303025453,0.121510591117227,
0.134012411342704,0.15065933986753,0.155441961501091,0.158496720541061,
0.175517831892665,0.192949286974146,0.203989337276579,0.212545444441469,
0.215900466509516,0.23224277223054,0.244620539796269,0.248846730857964,
0.267054519251783,0.281269689393611,0.285142803995171),.UNSPECIFIED.);
#273=B_SPLINE_CURVE_WITH_KNOTS('',3,(#3328,#3329,#3330,#3331,#3332,#3333,
#3334,#3335,#3336,#3337,#3338,#3339,#3340,#3341,#3342,#3343,#3344,#3345,
#3346,#3347,#3348,#3349,#3350,#3351,#3352,#3353,#3354,#3355,#3356,#3357,
#3358,#3359,#3360,#3361,#3362,#3363,#3364,#3365,#3366,#3367,#3368,#3369,
#3370,#3371,#3372,#3373,#3374,#3375,#3376,#3377,#3378,#3379,#3380,#3381,
#3382,#3383,#3384,#3385,#3386,#3387,#3388,#3389,#3390,#3391,#3392,#3393,
#3394,#3395,#3396,#3397,#3398,#3399,#3400,#3401,#3402,#3403,#3404,#3405,
#3406,#3407,#3408,#3409,#3410,#3411,#3412,#3413,#3414,#3415,#3416,#3417,
#3418,#3419,#3420,#3421,#3422,#3423,#3424,#3425,#3426,#3427,#3428,#3429,
#3430,#3431,#3432,#3433,#3434,#3435,#3436,#3437,#3438,#3439,#3440,#3441,
#3442,#3443,#3444,#3445,#3446,#3447,#3448,#3449,#3450,#3451,#3452,#3453,
#3454,#3455,#3456,#3457,#3458,#3459,#3460,#3461,#3462,#3463,#3464,#3465,
#3466,#3467,#3468,#3469,#3470,#3471,#3472,#3473,#3474,#3475,#3476,#3477,
#3478,#3479,#3480,#3481,#3482,#3483,#3484,#3485,#3486,#3487,#3488,#3489,
#3490,#3491,#3492,#3493,#3494,#3495,#3496,#3497,#3498,#3499,#3500,#3501,
#3502,#3503,#3504,#3505,#3506,#3507,#3508,#3509,#3510,#3511,#3512,#3513,
#3514,#3515,#3516,#3517),.UNSPECIFIED.,.F.,.F.,(4,3,3,3,3,3,3,3,3,3,3,3,
3,3,3,3,3,3,3,3,3,3,3,3,3,3,3,3,3,3,3,3,3,3,3,3,3,3,3,3,3,3,3,3,3,3,3,3,
3,3,3,3,3,3,3,3,3,3,3,3,3,3,3,4),(-62.8318530717958,-61.8592366913888,-60.8615070673342,
-59.8637774432795,-58.8660478192248,-57.8683181951702,-56.8705885711155,
-55.8728589470609,-54.8751293230062,-53.8773996989515,-52.8796700748969,
-51.8819404508422,-50.8842108267876,-49.8864812027329,-48.8887515786783,
-47.8910219546236,-46.8932923305689,-45.8955627065143,-44.8978330824596,
-43.900103458405,-42.9023738343503,-41.9046442102957,-40.906914586241,-39.9091849621863,
-38.9114553381317,-37.913725714077,-36.9159960900224,-35.9182664659677,
-34.920536841913,-33.9228072178584,-32.9250775938037,-31.9273479697491,
-30.9296183456944,-29.9318887216398,-28.9341590975851,-27.9364294735304,
-26.9386998494758,-25.9409702254211,-24.9432406013665,-23.9455109773118,
-22.9477813532571,-21.9500517292025,-20.9523221051478,-19.9545924810932,
-18.9568628570385,-17.9591332329839,-16.9614036089292,-15.9636739848745,
-14.9659443608199,-13.9682147367652,-12.9704851127106,-11.9727554886559,
-10.9750258646012,-9.97729624054658,-8.97956661649192,-7.98183699243727,
-6.98410736838261,-5.98637774432795,-4.98864812027329,-3.99091849621863,
-2.99318887216397,-1.99545924810931,-0.997729624054656,0.),
 .UNSPECIFIED.);
#274=B_SPLINE_CURVE_WITH_KNOTS('',3,(#3791,#3792,#3793,#3794,#3795,#3796,
#3797,#3798,#3799,#3800,#3801,#3802,#3803,#3804,#3805,#3806,#3807,#3808,
#3809,#3810,#3811,#3812,#3813,#3814,#3815,#3816,#3817,#3818,#3819,#3820,
#3821,#3822,#3823,#3824,#3825,#3826,#3827,#3828,#3829,#3830,#3831,#3832,
#3833,#3834,#3835,#3836,#3837,#3838,#3839,#3840,#3841,#3842,#3843,#3844,
#3845,#3846,#3847,#3848,#3849,#3850,#3851,#3852,#3853,#3854,#3855,#3856,
#3857,#3858,#3859,#3860,#3861,#3862,#3863,#3864,#3865,#3866,#3867,#3868,
#3869),.UNSPECIFIED.,.F.,.F.,(4,3,3,3,3,3,3,3,3,3,3,3,3,3,3,3,3,3,3,3,3,
3,3,3,3,3,4),(0.,0.0151354423450598,0.0309533458272546,0.0438357290166849,
0.0499521325237208,0.0529472334644002,0.0692728915242795,0.0858487765730312,
0.0978896852654475,0.101504103016725,0.10443208350312,0.121511371285858,
0.134012411342696,0.150659346550947,0.155441973579536,0.158496725914552,
0.175517845130382,0.19294930389564,0.203989352082881,0.212545442508309,
0.215900467435141,0.232242772924748,0.244620542010607,0.248846731704169,
0.267054520033265,0.28126968939357,0.285142803995127),.UNSPECIFIED.);
#275=B_SPLINE_CURVE_WITH_KNOTS('',3,(#3871,#3872,#3873,#3874,#3875,#3876,
#3877,#3878,#3879,#3880,#3881,#3882,#3883,#3884,#3885,#3886,#3887,#3888,
#3889,#3890,#3891,#3892,#3893,#3894,#3895,#3896,#3897,#3898,#3899,#3900,
#3901,#3902,#3903,#3904,#3905,#3906,#3907,#3908,#3909,#3910,#3911,#3912,
#3913,#3914,#3915,#3916,#3917,#3918,#3919,#3920,#3921,#3922,#3923,#3924,
#3925,#3926,#3927,#3928,#3929,#3930,#3931,#3932,#3933,#3934,#3935,#3936,
#3937,#3938,#3939,#3940,#3941,#3942,#3943,#3944,#3945,#3946,#3947,#3948,
#3949,#3950,#3951,#3952,#3953,#3954,#3955,#3956,#3957,#3958,#3959,#3960,
#3961,#3962,#3963,#3964,#3965,#3966,#3967,#3968,#3969,#3970,#3971,#3972,
#3973,#3974,#3975,#3976,#3977,#3978,#3979,#3980,#3981,#3982,#3983,#3984,
#3985,#3986,#3987,#3988,#3989,#3990,#3991,#3992,#3993,#3994,#3995,#3996,
#3997,#3998,#3999,#4000,#4001,#4002,#4003,#4004,#4005,#4006,#4007,#4008,
#4009,#4010,#4011,#4012,#4013,#4014,#4015,#4016,#4017,#4018,#4019,#4020,
#4021,#4022,#4023,#4024,#4025,#4026,#4027,#4028,#4029,#4030,#4031,#4032,
#4033,#4034,#4035,#4036,#4037,#4038,#4039,#4040,#4041,#4042,#4043,#4044,
#4045,#4046,#4047,#4048,#4049,#4050,#4051,#4052,#4053,#4054,#4055,#4056,
#4057,#4058,#4059,#4060),.UNSPECIFIED.,.F.,.F.,(4,3,3,3,3,3,3,3,3,3,3,3,
3,3,3,3,3,3,3,3,3,3,3,3,3,3,3,3,3,3,3,3,3,3,3,3,3,3,3,3,3,3,3,3,3,3,3,3,
3,3,3,3,3,3,3,3,3,3,3,3,3,3,3,4),(2.0205724917569,2.99318887216397,3.99091849621863,
4.98864812027329,5.98637774432795,6.98410736838261,7.98183699243726,8.97956661649193,
9.97729624054658,10.9750258646012,11.9727554886559,12.9704851127106,13.9682147367652,
14.9659443608199,15.9636739848745,16.9614036089292,17.9591332329839,18.9568628570385,
19.9545924810932,20.9523221051478,21.9500517292025,22.9477813532571,23.9455109773118,
24.9432406013665,25.9409702254211,26.9386998494758,27.9364294735304,28.9341590975851,
29.9318887216398,30.9296183456944,31.9273479697491,32.9250775938037,33.9228072178584,
34.920536841913,35.9182664659677,36.9159960900224,37.913725714077,38.9114553381317,
39.9091849621863,40.906914586241,41.9046442102957,42.9023738343503,43.900103458405,
44.8978330824596,45.8955627065143,46.8932923305689,47.8910219546236,48.8887515786783,
49.8864812027329,50.8842108267876,51.8819404508422,52.8796700748969,53.8773996989515,
54.8751293230062,55.8728589470609,56.8705885711155,57.8683181951702,58.8660478192248,
59.8637774432795,60.8615070673342,61.8592366913888,62.8569663154435,63.8546959394981,
64.8524255635528),.UNSPECIFIED.);
#276=B_SPLINE_CURVE_WITH_KNOTS('',3,(#4061,#4062,#4063,#4064,#4065,#4066,
#4067,#4068,#4069,#4070,#4071,#4072,#4073,#4074,#4075,#4076,#4077,#4078,
#4079,#4080,#4081,#4082,#4083,#4084,#4085,#4086,#4087,#4088,#4089,#4090,
#4091,#4092,#4093,#4094,#4095,#4096,#4097,#4098,#4099,#4100,#4101,#4102,
#4103,#4104,#4105,#4106,#4107,#4108,#4109,#4110,#4111,#4112,#4113,#4114,
#4115,#4116,#4117,#4118,#4119,#4120,#4121,#4122,#4123,#4124,#4125,#4126,
#4127,#4128,#4129,#4130,#4131,#4132,#4133,#4134,#4135,#4136,#4137,#4138,
#4139),.UNSPECIFIED.,.F.,.F.,(4,3,3,3,3,3,3,3,3,3,3,3,3,3,3,3,3,3,3,3,3,
3,3,3,3,3,4),(0.,0.0185446662744572,0.0367876028142852,0.0507338187369567,
0.0583007732781604,0.0610578581596258,0.0788138746666773,0.0962065019677782,
0.109244209024748,0.115851485579047,0.118956008794145,0.135791874342072,
0.148357330195657,0.165204664660889,0.169987144468085,0.173022301933769,
0.189791277441333,0.206553572068831,0.216707730826693,0.221978001382616,
0.226241908638666,0.242336717395367,0.25361737854024,0.258177431771461,
0.27363233718096,0.283136005917511,0.286347380332271),.UNSPECIFIED.);
#277=B_SPLINE_CURVE_WITH_KNOTS('',3,(#4216,#4217,#4218,#4219,#4220,#4221,
#4222),.UNSPECIFIED.,.F.,.F.,(4,1,1,1,4),(0.00356602079010869,0.285714285714286,
0.571428571428571,0.785714285714286,1.),.UNSPECIFIED.);
#278=B_SPLINE_CURVE_WITH_KNOTS('',3,(#4330,#4331,#4332,#4333,#4334,#4335,
#4336),.UNSPECIFIED.,.F.,.F.,(4,1,1,1,4),(0.00355500189808548,0.285714285714286,
0.571428571428571,0.785714285714286,1.),.UNSPECIFIED.);
#279=B_SPLINE_CURVE_WITH_KNOTS('',3,(#4413,#4414,#4415,#4416,#4417,#4418,
#4419),.UNSPECIFIED.,.F.,.F.,(4,1,1,1,4),(0.00356602079010876,0.285714285714286,
0.571428571428571,0.785714285714286,1.),.UNSPECIFIED.);
#280=B_SPLINE_CURVE_WITH_KNOTS('',3,(#4525,#4526,#4527,#4528,#4529,#4530,
#4531),.UNSPECIFIED.,.F.,.F.,(4,1,1,1,4),(0.00355500189808552,0.285714285714286,
0.571428571428571,0.785714285714286,1.),.UNSPECIFIED.);
#281=B_SPLINE_CURVE_WITH_KNOTS('',3,(#4585,#4586,#4587,#4588,#4589,#4590,
#4591,#4592,#4593,#4594),.UNSPECIFIED.,.F.,.F.,(4,1,1,1,1,1,1,4),(-1.,-0.857142857142857,
-0.714285714285714,-0.571428571428571,-0.428571428571429,-0.285714285714286,
-0.142857142857143,0.),.UNSPECIFIED.);
#282=B_SPLINE_CURVE_WITH_KNOTS('',3,(#4596,#4597,#4598,#4599,#4600,#4601,
#4602,#4603,#4604,#4605),.UNSPECIFIED.,.F.,.F.,(4,1,1,1,1,1,1,4),(0.,0.142857142857143,
0.285714285714286,0.428571428571429,0.571428571428571,0.714285714285714,
0.857142857142857,1.),.UNSPECIFIED.);
#283=B_SPLINE_CURVE_WITH_KNOTS('',3,(#4658,#4659,#4660,#4661,#4662,#4663,
#4664,#4665,#4666,#4667),.UNSPECIFIED.,.F.,.F.,(4,1,1,1,1,1,1,4),(-1.,-0.857142857142857,
-0.714285714285714,-0.571428571428571,-0.428571428571429,-0.285714285714286,
-0.142857142857143,0.),.UNSPECIFIED.);
#284=B_SPLINE_CURVE_WITH_KNOTS('',3,(#4720,#4721,#4722,#4723,#4724,#4725,
#4726,#4727,#4728,#4729),.UNSPECIFIED.,.F.,.F.,(4,1,1,1,1,1,1,4),(0.,0.142857142857143,
0.285714285714286,0.428571428571429,0.571428571428571,0.714285714285714,
0.857142857142857,1.),.UNSPECIFIED.);
#285=B_SPLINE_CURVE_WITH_KNOTS('',3,(#4772,#4773,#4774,#4775,#4776,#4777,
#4778,#4779,#4780,#4781),.UNSPECIFIED.,.F.,.F.,(4,1,1,1,1,1,1,4),(-1.,-0.857142857142857,
-0.714285714285714,-0.571428571428571,-0.428571428571429,-0.285714285714286,
-0.142857142857143,0.),.UNSPECIFIED.);
#286=B_SPLINE_CURVE_WITH_KNOTS('',3,(#4854,#4855,#4856,#4857,#4858,#4859,
#4860,#4861,#4862,#4863),.UNSPECIFIED.,.F.,.F.,(4,1,1,1,1,1,1,4),(0.,0.142857142857143,
0.285714285714286,0.428571428571429,0.571428571428571,0.714285714285714,
0.857142857142857,1.),.UNSPECIFIED.);
#287=B_SPLINE_CURVE_WITH_KNOTS('',3,(#4906,#4907,#4908,#4909,#4910,#4911,
#4912,#4913,#4914,#4915),.UNSPECIFIED.,.F.,.F.,(4,1,1,1,1,1,1,4),(-1.,-0.857142857142857,
-0.714285714285714,-0.571428571428571,-0.428571428571429,-0.285714285714286,
-0.142857142857143,0.),.UNSPECIFIED.);
#288=B_SPLINE_CURVE_WITH_KNOTS('',3,(#4988,#4989,#4990,#4991,#4992,#4993,
#4994,#4995,#4996,#4997),.UNSPECIFIED.,.F.,.F.,(4,1,1,1,1,1,1,4),(0.,0.142857142857143,
0.285714285714286,0.428571428571429,0.571428571428571,0.714285714285714,
0.857142857142857,1.),.UNSPECIFIED.);
#289=B_SPLINE_CURVE_WITH_KNOTS('',3,(#5128,#5129,#5130,#5131,#5132,#5133,
#5134,#5135,#5136,#5137),.UNSPECIFIED.,.F.,.F.,(4,1,1,1,1,1,1,4),(-1.,-0.857142857142857,
-0.714285714285714,-0.571428571428571,-0.428571428571429,-0.285714285714286,
-0.142857142857143,0.),.UNSPECIFIED.);
#290=B_SPLINE_CURVE_WITH_KNOTS('',3,(#5138,#5139,#5140,#5141,#5142,#5143,
#5144,#5145,#5146,#5147),.UNSPECIFIED.,.F.,.F.,(4,1,1,1,1,1,1,4),(0.,0.142857142857143,
0.285714285714286,0.428571428571429,0.571428571428571,0.714285714285714,
0.857142857142857,1.),.UNSPECIFIED.);
#291=B_SPLINE_CURVE_WITH_KNOTS('',3,(#5188,#5189,#5190,#5191,#5192,#5193,
#5194,#5195,#5196,#5197),.UNSPECIFIED.,.F.,.F.,(4,1,1,1,1,1,1,4),(-1.,-0.857142857142857,
-0.714285714285714,-0.571428571428571,-0.428571428571429,-0.285714285714286,
-0.142857142857143,0.),.UNSPECIFIED.);
#292=B_SPLINE_CURVE_WITH_KNOTS('',3,(#5269,#5270,#5271,#5272,#5273,#5274,
#5275,#5276,#5277,#5278),.UNSPECIFIED.,.F.,.F.,(4,1,1,1,1,1,1,4),(0.,0.142857142857143,
0.285714285714286,0.428571428571429,0.571428571428571,0.714285714285714,
0.857142857142857,1.),.UNSPECIFIED.);
#293=B_SPLINE_CURVE_WITH_KNOTS('',3,(#5321,#5322,#5323,#5324,#5325,#5326,
#5327,#5328,#5329,#5330),.UNSPECIFIED.,.F.,.F.,(4,1,1,1,1,1,1,4),(-1.,-0.857142857142857,
-0.714285714285714,-0.571428571428571,-0.428571428571429,-0.285714285714286,
-0.142857142857143,0.),.UNSPECIFIED.);
#294=B_SPLINE_CURVE_WITH_KNOTS('',3,(#5383,#5384,#5385,#5386,#5387,#5388,
#5389,#5390,#5391,#5392),.UNSPECIFIED.,.F.,.F.,(4,1,1,1,1,1,1,4),(0.,0.142857142857143,
0.285714285714286,0.428571428571429,0.571428571428571,0.714285714285714,
0.857142857142857,1.),.UNSPECIFIED.);
#295=B_SPLINE_CURVE_WITH_KNOTS('',3,(#5444,#5445,#5446,#5447,#5448,#5449,
#5450,#5451,#5452,#5453),.UNSPECIFIED.,.F.,.F.,(4,1,1,1,1,1,1,4),(-1.,-0.857142857142857,
-0.714285714285714,-0.571428571428571,-0.428571428571429,-0.285714285714286,
-0.142857142857143,0.),.UNSPECIFIED.);
#296=B_SPLINE_CURVE_WITH_KNOTS('',3,(#5505,#5506,#5507,#5508,#5509,#5510,
#5511,#5512,#5513,#5514),.UNSPECIFIED.,.F.,.F.,(4,1,1,1,1,1,1,4),(0.,0.142857142857143,
0.285714285714286,0.428571428571429,0.571428571428571,0.714285714285714,
0.857142857142857,1.),.UNSPECIFIED.);
#297=B_SPLINE_CURVE_WITH_KNOTS('',3,(#5733,#5734,#5735,#5736,#5737,#5738,
#5739,#5740,#5741,#5742,#5743,#5744,#5745,#5746,#5747,#5748,#5749,#5750,
#5751,#5752,#5753,#5754,#5755,#5756,#5757,#5758,#5759,#5760,#5761,#5762,
#5763,#5764,#5765,#5766,#5767),.UNSPECIFIED.,.F.,.F.,(4,1,1,1,1,1,1,1,1,
1,1,1,1,1,1,1,1,1,1,1,1,1,1,1,1,1,1,1,1,1,2,4),(0.,0.00933851610495734,
0.0186770322099147,0.028015548314872,0.0326848063673507,0.0373540644198294,
0.0374999787339693,0.0376458930481093,0.0379377216763892,0.0382295503046691,
0.038521378932949,0.0396886934460687,0.0408560079591884,0.0420233224723081,
0.0426069797288679,0.0431906369854277,0.0443579514985474,0.0466925805247867,
0.0490272095510261,0.0513618385772654,0.0525291530903851,0.0536964676035047,
0.0548637821166244,0.0554474393731842,0.0557392680014641,0.0558851823156041,
0.0560310966297441,0.0653696127347014,0.0747081288396588,0.0840466449446161,
0.0933851610495735,0.0946971514043618),.UNSPECIFIED.);
#298=B_SPLINE_CURVE_WITH_KNOTS('',3,(#5769,#5770,#5771,#5772,#5773,#5774,
#5775,#5776,#5777,#5778,#5779,#5780,#5781,#5782,#5783,#5784,#5785,#5786,
#5787,#5788,#5789,#5790,#5791,#5792,#5793,#5794,#5795,#5796,#5797,#5798,
#5799,#5800,#5801,#5802,#5803),.UNSPECIFIED.,.F.,.F.,(4,2,1,1,1,1,1,1,1,
1,1,1,1,1,1,1,1,1,1,1,1,1,1,1,1,1,1,1,1,1,1,4),(-0.0946971514043618,-0.0933851610495735,
-0.0840466449446161,-0.0747081288396588,-0.0653696127347014,-0.0560310966297441,
-0.0558851823156041,-0.0557392680014641,-0.0554474393731842,-0.0548637821166244,
-0.0536964676035047,-0.0525291530903851,-0.0513618385772654,-0.0490272095510261,
-0.0466925805247867,-0.0443579514985474,-0.0431906369854277,-0.0426069797288679,
-0.0420233224723081,-0.0408560079591884,-0.0396886934460687,-0.038521378932949,
-0.0382295503046691,-0.0379377216763892,-0.0376458930481093,-0.0374999787339693,
-0.0373540644198294,-0.0326848063673507,-0.028015548314872,-0.0186770322099147,
-0.00933851610495734,0.),.UNSPECIFIED.);
#299=B_SPLINE_CURVE_WITH_KNOTS('',3,(#5951,#5952,#5953,#5954,#5955,#5956,
#5957,#5958,#5959,#5960,#5961,#5962,#5963,#5964,#5965,#5966,#5967,#5968,
#5969,#5970,#5971,#5972,#5973,#5974,#5975,#5976,#5977,#5978,#5979),
 .UNSPECIFIED.,.F.,.F.,(4,1,1,1,1,1,1,1,1,1,1,1,1,1,1,1,1,1,1,1,1,1,1,1,
2,4),(-0.0936625334308139,-0.0842962800877325,-0.0749300267446511,-0.0655637734015697,
-0.0632222100657994,-0.0561975200584884,-0.0559048246415171,-0.0556121292245458,
-0.0550267383906032,-0.0544413475566606,-0.053855956722718,-0.0515143933869477,
-0.0503436117190625,-0.0491728300511773,-0.046831266715407,-0.0444897033796366,
-0.0421481400438663,-0.0398065767080959,-0.0386357950402108,-0.0380504042062682,
-0.0377577087892969,-0.0374650133723256,-0.0280987600292442,-0.0187325066861628,
0.,0.00131913792230522),.UNSPECIFIED.);
#300=B_SPLINE_CURVE_WITH_KNOTS('',3,(#5981,#5982,#5983,#5984,#5985,#5986,
#5987,#5988,#5989,#5990,#5991,#5992,#5993,#5994,#5995,#5996,#5997,#5998,
#5999,#6000,#6001,#6002,#6003,#6004,#6005,#6006,#6007,#6008,#6009),
 .UNSPECIFIED.,.F.,.F.,(4,2,1,1,1,1,1,1,1,1,1,1,1,1,1,1,1,1,1,1,1,1,1,1,
1,4),(-0.00131913792230522,0.,0.0187325066861628,0.0280987600292442,0.0374650133723256,
0.0377577087892969,0.0380504042062682,0.0386357950402108,0.0398065767080959,
0.0421481400438663,0.0444897033796366,0.046831266715407,0.0491728300511773,
0.0503436117190625,0.0515143933869477,0.053855956722718,0.0544413475566606,
0.0550267383906032,0.0556121292245458,0.0559048246415171,0.0561975200584884,
0.0632222100657994,0.0655637734015697,0.0749300267446511,0.0842962800877325,
0.0936625334308139),.UNSPECIFIED.);
#301=B_SPLINE_CURVE_WITH_KNOTS('',3,(#6082,#6083,#6084,#6085,#6086,#6087,
#6088,#6089,#6090,#6091),.UNSPECIFIED.,.F.,.F.,(4,1,1,1,1,1,1,4),(-1.,-0.857142857142857,
-0.714285714285714,-0.571428571428571,-0.428571428571429,-0.285714285714286,
-0.142857142857143,0.),.UNSPECIFIED.);
#302=B_SPLINE_CURVE_WITH_KNOTS('',3,(#6094,#6095,#6096,#6097,#6098,#6099,
#6100,#6101,#6102,#6103),.UNSPECIFIED.,.F.,.F.,(4,1,1,1,1,1,1,4),(0.,0.142857142857143,
0.285714285714286,0.428571428571429,0.571428571428571,0.714285714285714,
0.857142857142857,1.),.UNSPECIFIED.);
#303=B_SPLINE_CURVE_WITH_KNOTS('',3,(#6175,#6176,#6177,#6178,#6179,#6180,
#6181,#6182,#6183,#6184),.UNSPECIFIED.,.F.,.F.,(4,1,1,1,1,1,1,4),(0.,0.142857142857143,
0.285714285714286,0.428571428571429,0.571428571428571,0.714285714285714,
0.857142857142857,1.),.UNSPECIFIED.);
#304=B_SPLINE_CURVE_WITH_KNOTS('',3,(#6319,#6320,#6321,#6322,#6323,#6324,
#6325,#6326,#6327,#6328),.UNSPECIFIED.,.F.,.F.,(4,1,1,1,1,1,1,4),(0.,0.142857142857143,
0.285714285714286,0.428571428571429,0.571428571428571,0.714285714285714,
0.857142857142857,1.),.UNSPECIFIED.);
#305=B_SPLINE_CURVE_WITH_KNOTS('',3,(#6675,#6676,#6677,#6678,#6679,#6680,
#6681,#6682,#6683,#6684,#6685,#6686,#6687,#6688,#6689,#6690,#6691,#6692,
#6693,#6694,#6695,#6696,#6697,#6698,#6699,#6700,#6701,#6702,#6703,#6704,
#6705,#6706,#6707,#6708,#6709),.UNSPECIFIED.,.F.,.F.,(4,1,1,1,1,1,1,1,1,
1,1,1,1,1,1,1,1,1,1,1,1,1,1,1,1,1,1,1,1,1,2,4),(-0.0933851610520546,-0.0840466449468491,
-0.0747081288416437,-0.0653696127364382,-0.0607003546838355,-0.0560310966312327,
-0.0558851823170889,-0.0557392680029451,-0.0554474393746574,-0.0551556107463697,
-0.0548637821180821,-0.0536964676049314,-0.0525291530917807,-0.05136183857863,
-0.0507781813220547,-0.0501945240654793,-0.0490272095523287,-0.0466925805260273,
-0.0443579514997259,-0.0420233224734246,-0.0408560079602739,-0.0396886934471232,
-0.0385213789339725,-0.0379377216773972,-0.0376458930491095,-0.0374999787349657,
-0.0373540644208218,-0.0280155483156164,-0.0186770322104109,-0.00933851610520546,
0.,0.00131199035322371),.UNSPECIFIED.);
#306=B_SPLINE_CURVE_WITH_KNOTS('',3,(#6711,#6712,#6713,#6714,#6715,#6716,
#6717,#6718,#6719,#6720,#6721,#6722,#6723,#6724,#6725,#6726,#6727,#6728,
#6729,#6730,#6731,#6732,#6733,#6734,#6735,#6736,#6737,#6738,#6739,#6740,
#6741,#6742,#6743,#6744,#6745),.UNSPECIFIED.,.F.,.F.,(4,2,1,1,1,1,1,1,1,
1,1,1,1,1,1,1,1,1,1,1,1,1,1,1,1,1,1,1,1,1,1,4),(-0.00131199035322371,0.,
0.00933851610520546,0.0186770322104109,0.0280155483156164,0.0373540644208218,
0.0374999787349657,0.0376458930491095,0.0379377216773972,0.0385213789339725,
0.0396886934471232,0.0408560079602739,0.0420233224734246,0.0443579514997259,
0.0466925805260273,0.0490272095523287,0.0501945240654793,0.0507781813220547,
0.05136183857863,0.0525291530917807,0.0536964676049314,0.0548637821180821,
0.0551556107463697,0.0554474393746574,0.0557392680029451,0.0558851823170889,
0.0560310966312327,0.0607003546838355,0.0653696127364382,0.0747081288416437,
0.0840466449468491,0.0933851610520546),.UNSPECIFIED.);
#307=B_SPLINE_CURVE_WITH_KNOTS('',3,(#6892,#6893,#6894,#6895,#6896,#6897,
#6898,#6899,#6900,#6901,#6902,#6903,#6904,#6905,#6906,#6907,#6908,#6909,
#6910,#6911,#6912,#6913,#6914,#6915,#6916,#6917,#6918,#6919,#6920),
 .UNSPECIFIED.,.F.,.F.,(4,1,1,1,1,1,1,1,1,1,1,1,1,1,1,1,1,1,1,1,1,1,1,1,
2,4),(0.,0.0093662533434187,0.0187325066868374,0.0280987600302561,0.0304403233661108,
0.0374650133736748,0.0377577087906566,0.0380504042076385,0.0386357950416021,
0.0392211858755658,0.0398065767095295,0.0421481400453841,0.0433189217133115,
0.0444897033812388,0.0468312667170935,0.0491728300529482,0.0515143933888028,
0.0538559567246575,0.0550267383925848,0.0556121292265485,0.0559048246435303,
0.0561975200605122,0.0655637734039309,0.0749300267473496,0.093662533434187,
0.0949816713543892),.UNSPECIFIED.);
#308=B_SPLINE_CURVE_WITH_KNOTS('',3,(#6921,#6922,#6923,#6924,#6925,#6926,
#6927,#6928,#6929,#6930,#6931,#6932,#6933,#6934,#6935,#6936,#6937,#6938,
#6939,#6940,#6941,#6942,#6943,#6944,#6945,#6946,#6947,#6948,#6949),
 .UNSPECIFIED.,.F.,.F.,(4,2,1,1,1,1,1,1,1,1,1,1,1,1,1,1,1,1,1,1,1,1,1,1,
1,4),(-0.0949816713543892,-0.093662533434187,-0.0749300267473496,-0.0655637734039309,
-0.0561975200605122,-0.0559048246435303,-0.0556121292265485,-0.0550267383925848,
-0.0538559567246575,-0.0515143933888028,-0.0491728300529482,-0.0468312667170935,
-0.0444897033812388,-0.0433189217133115,-0.0421481400453841,-0.0398065767095295,
-0.0392211858755658,-0.0386357950416021,-0.0380504042076385,-0.0377577087906566,
-0.0374650133736748,-0.0304403233661108,-0.0280987600302561,-0.0187325066868374,
-0.0093662533434187,0.),.UNSPECIFIED.);
#309=B_SPLINE_CURVE_WITH_KNOTS('',3,(#7061,#7062,#7063,#7064,#7065,#7066,
#7067,#7068,#7069,#7070),.UNSPECIFIED.,.F.,.F.,(4,1,1,1,1,1,1,4),(0.,0.142857142857143,
0.285714285714286,0.428571428571429,0.571428571428571,0.714285714285714,
0.857142857142857,1.),.UNSPECIFIED.);
#310=B_SPLINE_CURVE_WITH_KNOTS('',3,(#7141,#7142,#7143,#7144,#7145,#7146,
#7147,#7148,#7149,#7150),.UNSPECIFIED.,.F.,.F.,(4,1,1,1,1,1,1,4),(0.,0.142857142857143,
0.285714285714286,0.428571428571429,0.571428571428571,0.714285714285714,
0.857142857142857,1.),.UNSPECIFIED.);
#311=B_SPLINE_CURVE_WITH_KNOTS('',3,(#7221,#7222,#7223,#7224,#7225,#7226,
#7227,#7228,#7229,#7230),.UNSPECIFIED.,.F.,.F.,(4,1,1,1,1,1,1,4),(0.,0.142857142857143,
0.285714285714286,0.428571428571429,0.571428571428571,0.714285714285714,
0.857142857142857,1.),.UNSPECIFIED.);
#312=B_SPLINE_CURVE_WITH_KNOTS('',3,(#7332,#7333,#7334,#7335,#7336,#7337,
#7338,#7339,#7340,#7341),.UNSPECIFIED.,.F.,.F.,(4,1,1,1,1,1,1,4),(0.,0.142857142857143,
0.285714285714286,0.428571428571429,0.571428571428571,0.714285714285714,
0.857142857142857,1.),.UNSPECIFIED.);
#313=CIRCLE('',#1022,1.543);
#314=CIRCLE('',#1023,1.543);
#315=CIRCLE('',#1025,2.);
#316=CIRCLE('',#1026,1.2645);
#317=CIRCLE('',#1028,1.543);
#318=CIRCLE('',#1029,1.543);
#319=CIRCLE('',#1031,2.);
#320=CIRCLE('',#1032,1.2645);
#321=CIRCLE('',#1033,2.);
#322=CIRCLE('',#1034,2.3);
#323=CIRCLE('',#1036,3.375);
#324=CIRCLE('',#1037,51.5);
#325=CIRCLE('',#1038,5.);
#326=CIRCLE('',#1039,21.5);
#327=CIRCLE('',#1040,5.);
#328=CIRCLE('',#1041,51.5);
#329=CIRCLE('',#1042,2.3);
#330=CIRCLE('',#1043,2.5);
#331=CIRCLE('',#1044,53.5);
#332=CIRCLE('',#1045,2.5);
#333=CIRCLE('',#1046,53.5);
#334=CIRCLE('',#1047,2.5);
#335=CIRCLE('',#1048,23.5);
#336=CIRCLE('',#1049,2.5);
#337=CIRCLE('',#1050,10.);
#338=CIRCLE('',#1052,2.);
#339=CIRCLE('',#1053,2.);
#340=CIRCLE('',#1055,2.);
#341=CIRCLE('',#1056,2.);
#342=CIRCLE('',#1057,2.3);
#343=CIRCLE('',#1059,51.5);
#344=CIRCLE('',#1060,5.);
#345=CIRCLE('',#1061,21.5);
#346=CIRCLE('',#1062,5.);
#347=CIRCLE('',#1063,51.5);
#348=CIRCLE('',#1064,3.375);
#349=CIRCLE('',#1065,2.3);
#350=CIRCLE('',#1066,2.5);
#351=CIRCLE('',#1067,53.5);
#352=CIRCLE('',#1068,2.5);
#353=CIRCLE('',#1069,10.);
#354=CIRCLE('',#1070,2.5);
#355=CIRCLE('',#1071,23.5);
#356=CIRCLE('',#1072,2.5);
#357=CIRCLE('',#1073,53.5);
#358=CIRCLE('',#1075,2.);
#359=CIRCLE('',#1077,1.);
#360=CIRCLE('',#1078,11.5);
#361=CIRCLE('',#1079,1.);
#362=CIRCLE('',#1080,25.);
#363=CIRCLE('',#1081,1.);
#364=CIRCLE('',#1082,55.);
#365=CIRCLE('',#1083,1.);
#366=CIRCLE('',#1084,55.);
#367=CIRCLE('',#1086,55.);
#368=CIRCLE('',#1088,1.);
#369=CIRCLE('',#1090,55.);
#370=CIRCLE('',#1092,1.);
#371=CIRCLE('',#1093,1.);
#372=CIRCLE('',#1094,25.);
#373=CIRCLE('',#1095,1.);
#374=CIRCLE('',#1096,11.5);
#375=CIRCLE('',#1098,1.00000000000001);
#376=CIRCLE('',#1099,1.);
#377=CIRCLE('',#1100,20.);
#378=CIRCLE('',#1101,6.5);
#379=CIRCLE('',#1102,50.);
#380=CIRCLE('',#1103,50.);
#381=CIRCLE('',#1104,6.5);
#382=CIRCLE('',#1105,4.875);
#383=CIRCLE('',#1107,1.00000000000001);
#384=CIRCLE('',#1109,50.);
#385=CIRCLE('',#1111,6.5);
#386=CIRCLE('',#1113,20.);
#387=CIRCLE('',#1114,1.);
#388=CIRCLE('',#1115,4.875);
#389=CIRCLE('',#1116,6.5);
#390=CIRCLE('',#1117,50.);
#391=CIRCLE('',#1124,1.2645);
#392=CIRCLE('',#1126,1.2645);
#393=VERTEX_POINT('',#1371);
#394=VERTEX_POINT('',#1372);
#395=VERTEX_POINT('',#1374);
#396=VERTEX_POINT('',#1441);
#397=VERTEX_POINT('',#1781);
#398=VERTEX_POINT('',#1861);
#399=VERTEX_POINT('',#2403);
#400=VERTEX_POINT('',#2483);
#401=VERTEX_POINT('',#2754);
#402=VERTEX_POINT('',#2758);
#403=VERTEX_POINT('',#2759);
#404=VERTEX_POINT('',#2761);
#405=VERTEX_POINT('',#2828);
#406=VERTEX_POINT('',#3168);
#407=VERTEX_POINT('',#3248);
#408=VERTEX_POINT('',#3790);
#409=VERTEX_POINT('',#3870);
#410=VERTEX_POINT('',#4141);
#411=VERTEX_POINT('',#4214);
#412=VERTEX_POINT('',#4215);
#413=VERTEX_POINT('',#4226);
#414=VERTEX_POINT('',#4227);
#415=VERTEX_POINT('',#4229);
#416=VERTEX_POINT('',#4231);
#417=VERTEX_POINT('',#4233);
#418=VERTEX_POINT('',#4235);
#419=VERTEX_POINT('',#4238);
#420=VERTEX_POINT('',#4240);
#421=VERTEX_POINT('',#4241);
#422=VERTEX_POINT('',#4243);
#423=VERTEX_POINT('',#4245);
#424=VERTEX_POINT('',#4247);
#425=VERTEX_POINT('',#4249);
#426=VERTEX_POINT('',#4251);
#427=VERTEX_POINT('',#4253);
#428=VERTEX_POINT('',#4257);
#429=VERTEX_POINT('',#4329);
#430=VERTEX_POINT('',#4339);
#431=VERTEX_POINT('',#4411);
#432=VERTEX_POINT('',#4412);
#433=VERTEX_POINT('',#4423);
#434=VERTEX_POINT('',#4424);
#435=VERTEX_POINT('',#4426);
#436=VERTEX_POINT('',#4428);
#437=VERTEX_POINT('',#4430);
#438=VERTEX_POINT('',#4432);
#439=VERTEX_POINT('',#4435);
#440=VERTEX_POINT('',#4437);
#441=VERTEX_POINT('',#4438);
#442=VERTEX_POINT('',#4440);
#443=VERTEX_POINT('',#4442);
#444=VERTEX_POINT('',#4444);
#445=VERTEX_POINT('',#4446);
#446=VERTEX_POINT('',#4448);
#447=VERTEX_POINT('',#4450);
#448=VERTEX_POINT('',#4524);
#449=VERTEX_POINT('',#4584);
#450=VERTEX_POINT('',#4595);
#451=VERTEX_POINT('',#4657);
#452=VERTEX_POINT('',#4719);
#453=VERTEX_POINT('',#4771);
#454=VERTEX_POINT('',#4853);
#455=VERTEX_POINT('',#4905);
#456=VERTEX_POINT('',#4987);
#457=VERTEX_POINT('',#5041);
#458=VERTEX_POINT('',#5043);
#459=VERTEX_POINT('',#5047);
#460=VERTEX_POINT('',#5051);
#461=VERTEX_POINT('',#5055);
#462=VERTEX_POINT('',#5268);
#463=VERTEX_POINT('',#5320);
#464=VERTEX_POINT('',#5382);
#465=VERTEX_POINT('',#5732);
#466=VERTEX_POINT('',#5768);
#467=VERTEX_POINT('',#5950);
#468=VERTEX_POINT('',#5980);
#469=VERTEX_POINT('',#6081);
#470=VERTEX_POINT('',#6092);
#471=VERTEX_POINT('',#6174);
#472=VERTEX_POINT('',#6317);
#473=VERTEX_POINT('',#6482);
#474=VERTEX_POINT('',#6484);
#475=VERTEX_POINT('',#6488);
#476=VERTEX_POINT('',#6492);
#477=VERTEX_POINT('',#6496);
#478=VERTEX_POINT('',#6674);
#479=VERTEX_POINT('',#6710);
#480=VERTEX_POINT('',#7331);
#481=EDGE_CURVE('',#393,#394,#313,.T.);
#482=EDGE_CURVE('',#395,#393,#261,.T.);
#483=EDGE_CURVE('',#396,#395,#314,.T.);
#484=EDGE_CURVE('',#396,#394,#262,.T.);
#485=EDGE_CURVE('',#394,#397,#263,.T.);
#486=EDGE_CURVE('',#398,#396,#264,.T.);
#487=EDGE_CURVE('',#397,#398,#265,.T.);
#488=EDGE_CURVE('',#399,#393,#266,.T.);
#489=EDGE_CURVE('',#400,#399,#267,.T.);
#490=EDGE_CURVE('',#395,#400,#268,.T.);
#491=EDGE_CURVE('',#401,#401,#315,.T.);
#492=EDGE_CURVE('',#400,#398,#316,.T.);
#493=EDGE_CURVE('',#402,#403,#317,.T.);
#494=EDGE_CURVE('',#404,#402,#269,.T.);
#495=EDGE_CURVE('',#405,#404,#318,.T.);
#496=EDGE_CURVE('',#405,#403,#270,.T.);
#497=EDGE_CURVE('',#403,#406,#271,.T.);
#498=EDGE_CURVE('',#407,#405,#272,.T.);
#499=EDGE_CURVE('',#406,#407,#273,.T.);
#500=EDGE_CURVE('',#408,#402,#274,.T.);
#501=EDGE_CURVE('',#409,#408,#275,.T.);
#502=EDGE_CURVE('',#404,#409,#276,.T.);
#503=EDGE_CURVE('',#410,#410,#319,.T.);
#504=EDGE_CURVE('',#409,#407,#320,.T.);
#505=EDGE_CURVE('',#411,#412,#277,.T.);
#506=EDGE_CURVE('',#412,#412,#321,.T.);
#507=EDGE_CURVE('',#411,#411,#322,.T.);
#508=EDGE_CURVE('',#413,#414,#323,.T.);
#509=EDGE_CURVE('',#415,#413,#324,.T.);
#510=EDGE_CURVE('',#416,#415,#325,.T.);
#511=EDGE_CURVE('',#417,#416,#326,.T.);
#512=EDGE_CURVE('',#418,#417,#327,.T.);
#513=EDGE_CURVE('',#414,#418,#328,.T.);
#514=EDGE_CURVE('',#419,#419,#329,.T.);
#515=EDGE_CURVE('',#420,#421,#330,.T.);
#516=EDGE_CURVE('',#422,#420,#331,.T.);
#517=EDGE_CURVE('',#423,#422,#332,.T.);
#518=EDGE_CURVE('',#424,#423,#333,.T.);
#519=EDGE_CURVE('',#425,#424,#334,.T.);
#520=EDGE_CURVE('',#426,#425,#335,.T.);
#521=EDGE_CURVE('',#427,#426,#336,.T.);
#522=EDGE_CURVE('',#421,#427,#337,.T.);
#523=EDGE_CURVE('',#428,#428,#338,.T.);
#524=EDGE_CURVE('',#419,#429,#278,.T.);
#525=EDGE_CURVE('',#429,#429,#339,.T.);
#526=EDGE_CURVE('',#430,#430,#340,.T.);
#527=EDGE_CURVE('',#431,#432,#279,.T.);
#528=EDGE_CURVE('',#432,#432,#341,.T.);
#529=EDGE_CURVE('',#431,#431,#342,.T.);
#530=EDGE_CURVE('',#433,#434,#343,.T.);
#531=EDGE_CURVE('',#435,#433,#344,.T.);
#532=EDGE_CURVE('',#436,#435,#345,.T.);
#533=EDGE_CURVE('',#437,#436,#346,.T.);
#534=EDGE_CURVE('',#438,#437,#347,.T.);
#535=EDGE_CURVE('',#434,#438,#348,.T.);
#536=EDGE_CURVE('',#439,#439,#349,.T.);
#537=EDGE_CURVE('',#440,#441,#350,.T.);
#538=EDGE_CURVE('',#442,#440,#351,.T.);
#539=EDGE_CURVE('',#443,#442,#352,.T.);
#540=EDGE_CURVE('',#444,#443,#353,.T.);
#541=EDGE_CURVE('',#445,#444,#354,.T.);
#542=EDGE_CURVE('',#446,#445,#355,.T.);
#543=EDGE_CURVE('',#447,#446,#356,.T.);
#544=EDGE_CURVE('',#441,#447,#357,.T.);
#545=EDGE_CURVE('',#439,#448,#280,.T.);
#546=EDGE_CURVE('',#448,#448,#358,.T.);
#547=EDGE_CURVE('',#449,#420,#281,.T.);
#548=EDGE_CURVE('',#421,#450,#282,.T.);
#549=EDGE_CURVE('',#450,#449,#359,.T.);
#550=EDGE_CURVE('',#427,#451,#283,.T.);
#551=EDGE_CURVE('',#451,#450,#360,.T.);
#552=EDGE_CURVE('',#426,#452,#284,.T.);
#553=EDGE_CURVE('',#452,#451,#361,.T.);
#554=EDGE_CURVE('',#425,#453,#285,.T.);
#555=EDGE_CURVE('',#453,#452,#362,.T.);
#556=EDGE_CURVE('',#424,#454,#286,.T.);
#557=EDGE_CURVE('',#454,#453,#363,.T.);
#558=EDGE_CURVE('',#423,#455,#287,.T.);
#559=EDGE_CURVE('',#455,#454,#364,.T.);
#560=EDGE_CURVE('',#422,#456,#288,.T.);
#561=EDGE_CURVE('',#456,#455,#365,.T.);
#562=EDGE_CURVE('',#449,#456,#366,.T.);
#563=EDGE_CURVE('',#457,#455,#15,.T.);
#564=EDGE_CURVE('',#458,#457,#367,.T.);
#565=EDGE_CURVE('',#454,#458,#16,.T.);
#566=EDGE_CURVE('',#456,#459,#17,.T.);
#567=EDGE_CURVE('',#457,#459,#368,.T.);
#568=EDGE_CURVE('',#460,#449,#18,.T.);
#569=EDGE_CURVE('',#459,#460,#369,.T.);
#570=EDGE_CURVE('',#450,#461,#19,.T.);
#571=EDGE_CURVE('',#460,#461,#370,.T.);
#572=EDGE_CURVE('',#459,#440,#289,.T.);
#573=EDGE_CURVE('',#441,#457,#290,.T.);
#574=EDGE_CURVE('',#447,#458,#291,.T.);
#575=EDGE_CURVE('',#446,#462,#292,.T.);
#576=EDGE_CURVE('',#462,#458,#371,.T.);
#577=EDGE_CURVE('',#445,#463,#293,.T.);
#578=EDGE_CURVE('',#463,#462,#372,.T.);
#579=EDGE_CURVE('',#444,#464,#294,.T.);
#580=EDGE_CURVE('',#464,#463,#373,.T.);
#581=EDGE_CURVE('',#443,#461,#295,.T.);
#582=EDGE_CURVE('',#461,#464,#374,.T.);
#583=EDGE_CURVE('',#442,#460,#296,.T.);
#584=EDGE_CURVE('',#464,#451,#20,.T.);
#585=EDGE_CURVE('',#465,#434,#297,.T.);
#586=EDGE_CURVE('',#434,#466,#298,.T.);
#587=EDGE_CURVE('',#466,#465,#375,.T.);
#588=EDGE_CURVE('',#467,#438,#299,.T.);
#589=EDGE_CURVE('',#438,#468,#300,.T.);
#590=EDGE_CURVE('',#468,#467,#376,.T.);
#591=EDGE_CURVE('',#435,#469,#301,.T.);
#592=EDGE_CURVE('',#469,#470,#377,.T.);
#593=EDGE_CURVE('',#470,#436,#302,.T.);
#594=EDGE_CURVE('',#471,#437,#303,.T.);
#595=EDGE_CURVE('',#470,#471,#378,.T.);
#596=EDGE_CURVE('',#471,#468,#379,.T.);
#597=EDGE_CURVE('',#465,#472,#380,.T.);
#598=EDGE_CURVE('',#472,#433,#304,.T.);
#599=EDGE_CURVE('',#472,#469,#381,.T.);
#600=EDGE_CURVE('',#467,#466,#382,.T.);
#601=EDGE_CURVE('',#468,#473,#21,.T.);
#602=EDGE_CURVE('',#474,#473,#383,.T.);
#603=EDGE_CURVE('',#474,#467,#22,.T.);
#604=EDGE_CURVE('',#471,#475,#23,.T.);
#605=EDGE_CURVE('',#473,#475,#384,.T.);
#606=EDGE_CURVE('',#470,#476,#24,.T.);
#607=EDGE_CURVE('',#475,#476,#385,.T.);
#608=EDGE_CURVE('',#469,#477,#25,.T.);
#609=EDGE_CURVE('',#476,#477,#386,.T.);
#610=EDGE_CURVE('',#478,#414,#305,.T.);
#611=EDGE_CURVE('',#414,#479,#306,.T.);
#612=EDGE_CURVE('',#479,#478,#387,.T.);
#613=EDGE_CURVE('',#473,#413,#307,.T.);
#614=EDGE_CURVE('',#413,#474,#308,.T.);
#615=EDGE_CURVE('',#478,#474,#388,.T.);
#616=EDGE_CURVE('',#475,#415,#309,.T.);
#617=EDGE_CURVE('',#476,#416,#310,.T.);
#618=EDGE_CURVE('',#477,#417,#311,.T.);
#619=EDGE_CURVE('',#480,#418,#312,.T.);
#620=EDGE_CURVE('',#477,#480,#389,.T.);
#621=EDGE_CURVE('',#480,#479,#390,.T.);
#622=EDGE_CURVE('',#462,#453,#26,.T.);
#623=EDGE_CURVE('',#452,#463,#27,.T.);
#624=EDGE_CURVE('',#466,#478,#28,.T.);
#625=EDGE_CURVE('',#479,#465,#29,.T.);
#626=EDGE_CURVE('',#397,#399,#391,.F.);
#627=EDGE_CURVE('',#406,#408,#392,.F.);
#628=EDGE_CURVE('',#472,#480,#30,.T.);
#629=ORIENTED_EDGE('',*,*,#481,.F.);
#630=ORIENTED_EDGE('',*,*,#482,.F.);
#631=ORIENTED_EDGE('',*,*,#483,.F.);
#632=ORIENTED_EDGE('',*,*,#484,.T.);
#633=ORIENTED_EDGE('',*,*,#485,.F.);
#634=ORIENTED_EDGE('',*,*,#484,.F.);
#635=ORIENTED_EDGE('',*,*,#486,.F.);
#636=ORIENTED_EDGE('',*,*,#487,.F.);
#637=ORIENTED_EDGE('',*,*,#488,.F.);
#638=ORIENTED_EDGE('',*,*,#489,.F.);
#639=ORIENTED_EDGE('',*,*,#490,.F.);
#640=ORIENTED_EDGE('',*,*,#482,.T.);
#641=ORIENTED_EDGE('',*,*,#491,.T.);
#642=ORIENTED_EDGE('',*,*,#486,.T.);
#643=ORIENTED_EDGE('',*,*,#483,.T.);
#644=ORIENTED_EDGE('',*,*,#490,.T.);
#645=ORIENTED_EDGE('',*,*,#492,.T.);
#646=ORIENTED_EDGE('',*,*,#493,.F.);
#647=ORIENTED_EDGE('',*,*,#494,.F.);
#648=ORIENTED_EDGE('',*,*,#495,.F.);
#649=ORIENTED_EDGE('',*,*,#496,.T.);
#650=ORIENTED_EDGE('',*,*,#497,.F.);
#651=ORIENTED_EDGE('',*,*,#496,.F.);
#652=ORIENTED_EDGE('',*,*,#498,.F.);
#653=ORIENTED_EDGE('',*,*,#499,.F.);
#654=ORIENTED_EDGE('',*,*,#500,.F.);
#655=ORIENTED_EDGE('',*,*,#501,.F.);
#656=ORIENTED_EDGE('',*,*,#502,.F.);
#657=ORIENTED_EDGE('',*,*,#494,.T.);
#658=ORIENTED_EDGE('',*,*,#503,.T.);
#659=ORIENTED_EDGE('',*,*,#498,.T.);
#660=ORIENTED_EDGE('',*,*,#495,.T.);
#661=ORIENTED_EDGE('',*,*,#502,.T.);
#662=ORIENTED_EDGE('',*,*,#504,.T.);
#663=ORIENTED_EDGE('',*,*,#505,.T.);
#664=ORIENTED_EDGE('',*,*,#506,.T.);
#665=ORIENTED_EDGE('',*,*,#505,.F.);
#666=ORIENTED_EDGE('',*,*,#507,.T.);
#667=ORIENTED_EDGE('',*,*,#508,.F.);
#668=ORIENTED_EDGE('',*,*,#509,.F.);
#669=ORIENTED_EDGE('',*,*,#510,.F.);
#670=ORIENTED_EDGE('',*,*,#511,.F.);
#671=ORIENTED_EDGE('',*,*,#512,.F.);
#672=ORIENTED_EDGE('',*,*,#513,.F.);
#673=ORIENTED_EDGE('',*,*,#514,.F.);
#674=ORIENTED_EDGE('',*,*,#515,.F.);
#675=ORIENTED_EDGE('',*,*,#516,.F.);
#676=ORIENTED_EDGE('',*,*,#517,.F.);
#677=ORIENTED_EDGE('',*,*,#518,.F.);
#678=ORIENTED_EDGE('',*,*,#519,.F.);
#679=ORIENTED_EDGE('',*,*,#520,.F.);
#680=ORIENTED_EDGE('',*,*,#521,.F.);
#681=ORIENTED_EDGE('',*,*,#522,.F.);
#682=ORIENTED_EDGE('',*,*,#507,.F.);
#683=ORIENTED_EDGE('',*,*,#523,.F.);
#684=ORIENTED_EDGE('',*,*,#506,.F.);
#685=ORIENTED_EDGE('',*,*,#524,.T.);
#686=ORIENTED_EDGE('',*,*,#525,.T.);
#687=ORIENTED_EDGE('',*,*,#524,.F.);
#688=ORIENTED_EDGE('',*,*,#514,.T.);
#689=ORIENTED_EDGE('',*,*,#526,.F.);
#690=ORIENTED_EDGE('',*,*,#525,.F.);
#691=ORIENTED_EDGE('',*,*,#527,.T.);
#692=ORIENTED_EDGE('',*,*,#528,.T.);
#693=ORIENTED_EDGE('',*,*,#527,.F.);
#694=ORIENTED_EDGE('',*,*,#529,.T.);
#695=ORIENTED_EDGE('',*,*,#530,.F.);
#696=ORIENTED_EDGE('',*,*,#531,.F.);
#697=ORIENTED_EDGE('',*,*,#532,.F.);
#698=ORIENTED_EDGE('',*,*,#533,.F.);
#699=ORIENTED_EDGE('',*,*,#534,.F.);
#700=ORIENTED_EDGE('',*,*,#535,.F.);
#701=ORIENTED_EDGE('',*,*,#536,.F.);
#702=ORIENTED_EDGE('',*,*,#537,.F.);
#703=ORIENTED_EDGE('',*,*,#538,.F.);
#704=ORIENTED_EDGE('',*,*,#539,.F.);
#705=ORIENTED_EDGE('',*,*,#540,.F.);
#706=ORIENTED_EDGE('',*,*,#541,.F.);
#707=ORIENTED_EDGE('',*,*,#542,.F.);
#708=ORIENTED_EDGE('',*,*,#543,.F.);
#709=ORIENTED_EDGE('',*,*,#544,.F.);
#710=ORIENTED_EDGE('',*,*,#529,.F.);
#711=ORIENTED_EDGE('',*,*,#491,.F.);
#712=ORIENTED_EDGE('',*,*,#528,.F.);
#713=ORIENTED_EDGE('',*,*,#545,.T.);
#714=ORIENTED_EDGE('',*,*,#546,.T.);
#715=ORIENTED_EDGE('',*,*,#545,.F.);
#716=ORIENTED_EDGE('',*,*,#536,.T.);
#717=ORIENTED_EDGE('',*,*,#503,.F.);
#718=ORIENTED_EDGE('',*,*,#546,.F.);
#719=ORIENTED_EDGE('',*,*,#547,.T.);
#720=ORIENTED_EDGE('',*,*,#515,.T.);
#721=ORIENTED_EDGE('',*,*,#548,.T.);
#722=ORIENTED_EDGE('',*,*,#549,.T.);
#723=ORIENTED_EDGE('',*,*,#550,.T.);
#724=ORIENTED_EDGE('',*,*,#551,.T.);
#725=ORIENTED_EDGE('',*,*,#548,.F.);
#726=ORIENTED_EDGE('',*,*,#522,.T.);
#727=ORIENTED_EDGE('',*,*,#552,.T.);
#728=ORIENTED_EDGE('',*,*,#553,.T.);
#729=ORIENTED_EDGE('',*,*,#550,.F.);
#730=ORIENTED_EDGE('',*,*,#521,.T.);
#731=ORIENTED_EDGE('',*,*,#554,.T.);
#732=ORIENTED_EDGE('',*,*,#555,.T.);
#733=ORIENTED_EDGE('',*,*,#552,.F.);
#734=ORIENTED_EDGE('',*,*,#520,.T.);
#735=ORIENTED_EDGE('',*,*,#556,.T.);
#736=ORIENTED_EDGE('',*,*,#557,.T.);
#737=ORIENTED_EDGE('',*,*,#554,.F.);
#738=ORIENTED_EDGE('',*,*,#519,.T.);
#739=ORIENTED_EDGE('',*,*,#558,.T.);
#740=ORIENTED_EDGE('',*,*,#559,.T.);
#741=ORIENTED_EDGE('',*,*,#556,.F.);
#742=ORIENTED_EDGE('',*,*,#518,.T.);
#743=ORIENTED_EDGE('',*,*,#560,.T.);
#744=ORIENTED_EDGE('',*,*,#561,.T.);
#745=ORIENTED_EDGE('',*,*,#558,.F.);
#746=ORIENTED_EDGE('',*,*,#517,.T.);
#747=ORIENTED_EDGE('',*,*,#560,.F.);
#748=ORIENTED_EDGE('',*,*,#516,.T.);
#749=ORIENTED_EDGE('',*,*,#547,.F.);
#750=ORIENTED_EDGE('',*,*,#562,.T.);
#751=ORIENTED_EDGE('',*,*,#559,.F.);
#752=ORIENTED_EDGE('',*,*,#563,.F.);
#753=ORIENTED_EDGE('',*,*,#564,.F.);
#754=ORIENTED_EDGE('',*,*,#565,.F.);
#755=ORIENTED_EDGE('',*,*,#561,.F.);
#756=ORIENTED_EDGE('',*,*,#566,.T.);
#757=ORIENTED_EDGE('',*,*,#567,.F.);
#758=ORIENTED_EDGE('',*,*,#563,.T.);
#759=ORIENTED_EDGE('',*,*,#562,.F.);
#760=ORIENTED_EDGE('',*,*,#568,.F.);
#761=ORIENTED_EDGE('',*,*,#569,.F.);
#762=ORIENTED_EDGE('',*,*,#566,.F.);
#763=ORIENTED_EDGE('',*,*,#549,.F.);
#764=ORIENTED_EDGE('',*,*,#570,.T.);
#765=ORIENTED_EDGE('',*,*,#571,.F.);
#766=ORIENTED_EDGE('',*,*,#568,.T.);
#767=ORIENTED_EDGE('',*,*,#572,.T.);
#768=ORIENTED_EDGE('',*,*,#537,.T.);
#769=ORIENTED_EDGE('',*,*,#573,.T.);
#770=ORIENTED_EDGE('',*,*,#567,.T.);
#771=ORIENTED_EDGE('',*,*,#574,.T.);
#772=ORIENTED_EDGE('',*,*,#564,.T.);
#773=ORIENTED_EDGE('',*,*,#573,.F.);
#774=ORIENTED_EDGE('',*,*,#544,.T.);
#775=ORIENTED_EDGE('',*,*,#575,.T.);
#776=ORIENTED_EDGE('',*,*,#576,.T.);
#777=ORIENTED_EDGE('',*,*,#574,.F.);
#778=ORIENTED_EDGE('',*,*,#543,.T.);
#779=ORIENTED_EDGE('',*,*,#577,.T.);
#780=ORIENTED_EDGE('',*,*,#578,.T.);
#781=ORIENTED_EDGE('',*,*,#575,.F.);
#782=ORIENTED_EDGE('',*,*,#542,.T.);
#783=ORIENTED_EDGE('',*,*,#579,.T.);
#784=ORIENTED_EDGE('',*,*,#580,.T.);
#785=ORIENTED_EDGE('',*,*,#577,.F.);
#786=ORIENTED_EDGE('',*,*,#541,.T.);
#787=ORIENTED_EDGE('',*,*,#581,.T.);
#788=ORIENTED_EDGE('',*,*,#582,.T.);
#789=ORIENTED_EDGE('',*,*,#579,.F.);
#790=ORIENTED_EDGE('',*,*,#540,.T.);
#791=ORIENTED_EDGE('',*,*,#583,.T.);
#792=ORIENTED_EDGE('',*,*,#571,.T.);
#793=ORIENTED_EDGE('',*,*,#581,.F.);
#794=ORIENTED_EDGE('',*,*,#539,.T.);
#795=ORIENTED_EDGE('',*,*,#583,.F.);
#796=ORIENTED_EDGE('',*,*,#538,.T.);
#797=ORIENTED_EDGE('',*,*,#572,.F.);
#798=ORIENTED_EDGE('',*,*,#569,.T.);
#799=ORIENTED_EDGE('',*,*,#551,.F.);
#800=ORIENTED_EDGE('',*,*,#584,.F.);
#801=ORIENTED_EDGE('',*,*,#582,.F.);
#802=ORIENTED_EDGE('',*,*,#570,.F.);
#803=ORIENTED_EDGE('',*,*,#585,.T.);
#804=ORIENTED_EDGE('',*,*,#586,.T.);
#805=ORIENTED_EDGE('',*,*,#587,.T.);
#806=ORIENTED_EDGE('',*,*,#588,.T.);
#807=ORIENTED_EDGE('',*,*,#589,.T.);
#808=ORIENTED_EDGE('',*,*,#590,.T.);
#809=ORIENTED_EDGE('',*,*,#591,.T.);
#810=ORIENTED_EDGE('',*,*,#592,.T.);
#811=ORIENTED_EDGE('',*,*,#593,.T.);
#812=ORIENTED_EDGE('',*,*,#532,.T.);
#813=ORIENTED_EDGE('',*,*,#594,.T.);
#814=ORIENTED_EDGE('',*,*,#533,.T.);
#815=ORIENTED_EDGE('',*,*,#593,.F.);
#816=ORIENTED_EDGE('',*,*,#595,.T.);
#817=ORIENTED_EDGE('',*,*,#589,.F.);
#818=ORIENTED_EDGE('',*,*,#534,.T.);
#819=ORIENTED_EDGE('',*,*,#594,.F.);
#820=ORIENTED_EDGE('',*,*,#596,.T.);
#821=ORIENTED_EDGE('',*,*,#585,.F.);
#822=ORIENTED_EDGE('',*,*,#597,.T.);
#823=ORIENTED_EDGE('',*,*,#598,.T.);
#824=ORIENTED_EDGE('',*,*,#530,.T.);
#825=ORIENTED_EDGE('',*,*,#598,.F.);
#826=ORIENTED_EDGE('',*,*,#599,.T.);
#827=ORIENTED_EDGE('',*,*,#591,.F.);
#828=ORIENTED_EDGE('',*,*,#531,.T.);
#829=ORIENTED_EDGE('',*,*,#586,.F.);
#830=ORIENTED_EDGE('',*,*,#535,.T.);
#831=ORIENTED_EDGE('',*,*,#588,.F.);
#832=ORIENTED_EDGE('',*,*,#600,.T.);
#833=ORIENTED_EDGE('',*,*,#590,.F.);
#834=ORIENTED_EDGE('',*,*,#601,.T.);
#835=ORIENTED_EDGE('',*,*,#602,.F.);
#836=ORIENTED_EDGE('',*,*,#603,.T.);
#837=ORIENTED_EDGE('',*,*,#596,.F.);
#838=ORIENTED_EDGE('',*,*,#604,.T.);
#839=ORIENTED_EDGE('',*,*,#605,.F.);
#840=ORIENTED_EDGE('',*,*,#601,.F.);
#841=ORIENTED_EDGE('',*,*,#595,.F.);
#842=ORIENTED_EDGE('',*,*,#606,.T.);
#843=ORIENTED_EDGE('',*,*,#607,.F.);
#844=ORIENTED_EDGE('',*,*,#604,.F.);
#845=ORIENTED_EDGE('',*,*,#592,.F.);
#846=ORIENTED_EDGE('',*,*,#608,.T.);
#847=ORIENTED_EDGE('',*,*,#609,.F.);
#848=ORIENTED_EDGE('',*,*,#606,.F.);
#849=ORIENTED_EDGE('',*,*,#610,.T.);
#850=ORIENTED_EDGE('',*,*,#611,.T.);
#851=ORIENTED_EDGE('',*,*,#612,.T.);
#852=ORIENTED_EDGE('',*,*,#613,.T.);
#853=ORIENTED_EDGE('',*,*,#614,.T.);
#854=ORIENTED_EDGE('',*,*,#602,.T.);
#855=ORIENTED_EDGE('',*,*,#610,.F.);
#856=ORIENTED_EDGE('',*,*,#615,.T.);
#857=ORIENTED_EDGE('',*,*,#614,.F.);
#858=ORIENTED_EDGE('',*,*,#508,.T.);
#859=ORIENTED_EDGE('',*,*,#613,.F.);
#860=ORIENTED_EDGE('',*,*,#605,.T.);
#861=ORIENTED_EDGE('',*,*,#616,.T.);
#862=ORIENTED_EDGE('',*,*,#509,.T.);
#863=ORIENTED_EDGE('',*,*,#617,.T.);
#864=ORIENTED_EDGE('',*,*,#510,.T.);
#865=ORIENTED_EDGE('',*,*,#616,.F.);
#866=ORIENTED_EDGE('',*,*,#607,.T.);
#867=ORIENTED_EDGE('',*,*,#618,.T.);
#868=ORIENTED_EDGE('',*,*,#511,.T.);
#869=ORIENTED_EDGE('',*,*,#617,.F.);
#870=ORIENTED_EDGE('',*,*,#609,.T.);
#871=ORIENTED_EDGE('',*,*,#619,.T.);
#872=ORIENTED_EDGE('',*,*,#512,.T.);
#873=ORIENTED_EDGE('',*,*,#618,.F.);
#874=ORIENTED_EDGE('',*,*,#620,.T.);
#875=ORIENTED_EDGE('',*,*,#611,.F.);
#876=ORIENTED_EDGE('',*,*,#513,.T.);
#877=ORIENTED_EDGE('',*,*,#619,.F.);
#878=ORIENTED_EDGE('',*,*,#621,.T.);
#879=ORIENTED_EDGE('',*,*,#557,.F.);
#880=ORIENTED_EDGE('',*,*,#565,.T.);
#881=ORIENTED_EDGE('',*,*,#576,.F.);
#882=ORIENTED_EDGE('',*,*,#622,.T.);
#883=ORIENTED_EDGE('',*,*,#553,.F.);
#884=ORIENTED_EDGE('',*,*,#623,.T.);
#885=ORIENTED_EDGE('',*,*,#580,.F.);
#886=ORIENTED_EDGE('',*,*,#584,.T.);
#887=ORIENTED_EDGE('',*,*,#555,.F.);
#888=ORIENTED_EDGE('',*,*,#622,.F.);
#889=ORIENTED_EDGE('',*,*,#578,.F.);
#890=ORIENTED_EDGE('',*,*,#623,.F.);
#891=ORIENTED_EDGE('',*,*,#600,.F.);
#892=ORIENTED_EDGE('',*,*,#603,.F.);
#893=ORIENTED_EDGE('',*,*,#615,.F.);
#894=ORIENTED_EDGE('',*,*,#624,.F.);
#895=ORIENTED_EDGE('',*,*,#587,.F.);
#896=ORIENTED_EDGE('',*,*,#624,.T.);
#897=ORIENTED_EDGE('',*,*,#612,.F.);
#898=ORIENTED_EDGE('',*,*,#625,.T.);
#899=ORIENTED_EDGE('',*,*,#523,.T.);
#900=ORIENTED_EDGE('',*,*,#485,.T.);
#901=ORIENTED_EDGE('',*,*,#626,.T.);
#902=ORIENTED_EDGE('',*,*,#488,.T.);
#903=ORIENTED_EDGE('',*,*,#481,.T.);
#904=ORIENTED_EDGE('',*,*,#526,.T.);
#905=ORIENTED_EDGE('',*,*,#497,.T.);
#906=ORIENTED_EDGE('',*,*,#627,.T.);
#907=ORIENTED_EDGE('',*,*,#500,.T.);
#908=ORIENTED_EDGE('',*,*,#493,.T.);
#909=ORIENTED_EDGE('',*,*,#499,.T.);
#910=ORIENTED_EDGE('',*,*,#504,.F.);
#911=ORIENTED_EDGE('',*,*,#501,.T.);
#912=ORIENTED_EDGE('',*,*,#627,.F.);
#913=ORIENTED_EDGE('',*,*,#487,.T.);
#914=ORIENTED_EDGE('',*,*,#492,.F.);
#915=ORIENTED_EDGE('',*,*,#489,.T.);
#916=ORIENTED_EDGE('',*,*,#626,.F.);
#917=ORIENTED_EDGE('',*,*,#597,.F.);
#918=ORIENTED_EDGE('',*,*,#625,.F.);
#919=ORIENTED_EDGE('',*,*,#621,.F.);
#920=ORIENTED_EDGE('',*,*,#628,.F.);
#921=ORIENTED_EDGE('',*,*,#599,.F.);
#922=ORIENTED_EDGE('',*,*,#628,.T.);
#923=ORIENTED_EDGE('',*,*,#620,.F.);
#924=ORIENTED_EDGE('',*,*,#608,.F.);
#925=CYLINDRICAL_SURFACE('',#1021,1.543);
#926=CYLINDRICAL_SURFACE('',#1027,1.543);
#927=CYLINDRICAL_SURFACE('',#1051,2.);
#928=CYLINDRICAL_SURFACE('',#1054,2.);
#929=CYLINDRICAL_SURFACE('',#1074,2.);
#930=CYLINDRICAL_SURFACE('',#1076,2.);
#931=CYLINDRICAL_SURFACE('',#1085,55.);
#932=CYLINDRICAL_SURFACE('',#1087,1.);
#933=CYLINDRICAL_SURFACE('',#1089,55.);
#934=CYLINDRICAL_SURFACE('',#1091,1.);
#935=CYLINDRICAL_SURFACE('',#1097,11.5);
#936=CYLINDRICAL_SURFACE('',#1106,1.);
#937=CYLINDRICAL_SURFACE('',#1108,50.);
#938=CYLINDRICAL_SURFACE('',#1110,6.5);
#939=CYLINDRICAL_SURFACE('',#1112,20.);
#940=CYLINDRICAL_SURFACE('',#1118,1.);
#941=CYLINDRICAL_SURFACE('',#1119,1.);
#942=CYLINDRICAL_SURFACE('',#1120,25.);
#943=CYLINDRICAL_SURFACE('',#1121,4.875);
#944=CYLINDRICAL_SURFACE('',#1122,1.);
#945=CYLINDRICAL_SURFACE('',#1127,1.2645);
#946=CYLINDRICAL_SURFACE('',#1128,1.2645);
#947=CYLINDRICAL_SURFACE('',#1129,50.);
#948=CYLINDRICAL_SURFACE('',#1130,6.5);
#949=ADVANCED_FACE('',(#107),#925,.F.);
#950=ADVANCED_FACE('',(#108),#67,.F.);
#951=ADVANCED_FACE('',(#109),#68,.F.);
#952=ADVANCED_FACE('',(#110,#47),#61,.F.);
#953=ADVANCED_FACE('',(#111),#926,.F.);
#954=ADVANCED_FACE('',(#112),#69,.F.);
#955=ADVANCED_FACE('',(#113),#70,.F.);
#956=ADVANCED_FACE('',(#114,#48),#62,.F.);
#957=ADVANCED_FACE('',(#115),#71,.T.);
#958=ADVANCED_FACE('',(#116,#49,#50,#51),#63,.T.);
#959=ADVANCED_FACE('',(#117,#52),#927,.T.);
#960=ADVANCED_FACE('',(#118),#72,.T.);
#961=ADVANCED_FACE('',(#119,#53),#928,.T.);
#962=ADVANCED_FACE('',(#120),#73,.T.);
#963=ADVANCED_FACE('',(#121,#54,#55,#56),#64,.F.);
#964=ADVANCED_FACE('',(#122,#57),#929,.T.);
#965=ADVANCED_FACE('',(#123),#74,.T.);
#966=ADVANCED_FACE('',(#124,#58),#930,.T.);
#967=ADVANCED_FACE('',(#125),#75,.F.);
#968=ADVANCED_FACE('',(#126),#76,.F.);
#969=ADVANCED_FACE('',(#127),#77,.F.);
#970=ADVANCED_FACE('',(#128),#78,.F.);
#971=ADVANCED_FACE('',(#129),#79,.F.);
#972=ADVANCED_FACE('',(#130),#80,.F.);
#973=ADVANCED_FACE('',(#131),#81,.F.);
#974=ADVANCED_FACE('',(#132),#82,.F.);
#975=ADVANCED_FACE('',(#133),#931,.T.);
#976=ADVANCED_FACE('',(#134),#932,.F.);
#977=ADVANCED_FACE('',(#135),#933,.T.);
#978=ADVANCED_FACE('',(#136),#934,.F.);
#979=ADVANCED_FACE('',(#137),#83,.F.);
#980=ADVANCED_FACE('',(#138),#84,.F.);
#981=ADVANCED_FACE('',(#139),#85,.F.);
#982=ADVANCED_FACE('',(#140),#86,.F.);
#983=ADVANCED_FACE('',(#141),#87,.F.);
#984=ADVANCED_FACE('',(#142),#88,.F.);
#985=ADVANCED_FACE('',(#143),#89,.F.);
#986=ADVANCED_FACE('',(#144),#90,.F.);
#987=ADVANCED_FACE('',(#145),#935,.T.);
#988=ADVANCED_FACE('',(#146),#91,.F.);
#989=ADVANCED_FACE('',(#147),#92,.F.);
#990=ADVANCED_FACE('',(#148),#93,.F.);
#991=ADVANCED_FACE('',(#149),#94,.F.);
#992=ADVANCED_FACE('',(#150),#95,.F.);
#993=ADVANCED_FACE('',(#151),#96,.F.);
#994=ADVANCED_FACE('',(#152),#97,.F.);
#995=ADVANCED_FACE('',(#153),#98,.F.);
#996=ADVANCED_FACE('',(#154),#936,.T.);
#997=ADVANCED_FACE('',(#155),#937,.F.);
#998=ADVANCED_FACE('',(#156),#938,.T.);
#999=ADVANCED_FACE('',(#157),#939,.F.);
#1000=ADVANCED_FACE('',(#158),#99,.F.);
#1001=ADVANCED_FACE('',(#159),#100,.F.);
#1002=ADVANCED_FACE('',(#160),#101,.F.);
#1003=ADVANCED_FACE('',(#161),#102,.F.);
#1004=ADVANCED_FACE('',(#162),#103,.F.);
#1005=ADVANCED_FACE('',(#163),#104,.F.);
#1006=ADVANCED_FACE('',(#164),#105,.F.);
#1007=ADVANCED_FACE('',(#165),#106,.F.);
#1008=ADVANCED_FACE('',(#166),#940,.F.);
#1009=ADVANCED_FACE('',(#167),#941,.F.);
#1010=ADVANCED_FACE('',(#168),#942,.T.);
#1011=ADVANCED_FACE('',(#169),#943,.T.);
#1012=ADVANCED_FACE('',(#170),#944,.T.);
#1013=ADVANCED_FACE('',(#171,#59),#65,.T.);
#1014=ADVANCED_FACE('',(#172,#60),#66,.T.);
#1015=ADVANCED_FACE('',(#173),#945,.F.);
#1016=ADVANCED_FACE('',(#174),#946,.F.);
#1017=ADVANCED_FACE('',(#175),#947,.F.);
#1018=ADVANCED_FACE('',(#176),#948,.T.);
#1019=CLOSED_SHELL('',(#949,#950,#951,#952,#953,#954,#955,#956,#957,#958,
#959,#960,#961,#962,#963,#964,#965,#966,#967,#968,#969,#970,#971,#972,#973,
#974,#975,#976,#977,#978,#979,#980,#981,#982,#983,#984,#985,#986,#987,#988,
#989,#990,#991,#992,#993,#994,#995,#996,#997,#998,#999,#1000,#1001,#1002,
#1003,#1004,#1005,#1006,#1007,#1008,#1009,#1010,#1011,#1012,#1013,#1014,
#1015,#1016,#1017,#1018));
#1020=AXIS2_PLACEMENT_3D('placement',#1369,#1131,#1132);
#1021=AXIS2_PLACEMENT_3D('',#1370,#1133,#1134);
#1022=AXIS2_PLACEMENT_3D('',#1373,#1135,#1136);
#1023=AXIS2_PLACEMENT_3D('',#1442,#1137,#1138);
#1024=AXIS2_PLACEMENT_3D('',#2753,#1139,#1140);
#1025=AXIS2_PLACEMENT_3D('',#2755,#1141,#1142);
#1026=AXIS2_PLACEMENT_3D('',#2756,#1143,#1144);
#1027=AXIS2_PLACEMENT_3D('',#2757,#1145,#1146);
#1028=AXIS2_PLACEMENT_3D('',#2760,#1147,#1148);
#1029=AXIS2_PLACEMENT_3D('',#2829,#1149,#1150);
#1030=AXIS2_PLACEMENT_3D('',#4140,#1151,#1152);
#1031=AXIS2_PLACEMENT_3D('',#4142,#1153,#1154);
#1032=AXIS2_PLACEMENT_3D('',#4143,#1155,#1156);
#1033=AXIS2_PLACEMENT_3D('',#4223,#1157,#1158);
#1034=AXIS2_PLACEMENT_3D('',#4224,#1159,#1160);
#1035=AXIS2_PLACEMENT_3D('',#4225,#1161,#1162);
#1036=AXIS2_PLACEMENT_3D('',#4228,#1163,#1164);
#1037=AXIS2_PLACEMENT_3D('',#4230,#1165,#1166);
#1038=AXIS2_PLACEMENT_3D('',#4232,#1167,#1168);
#1039=AXIS2_PLACEMENT_3D('',#4234,#1169,#1170);
#1040=AXIS2_PLACEMENT_3D('',#4236,#1171,#1172);
#1041=AXIS2_PLACEMENT_3D('',#4237,#1173,#1174);
#1042=AXIS2_PLACEMENT_3D('',#4239,#1175,#1176);
#1043=AXIS2_PLACEMENT_3D('',#4242,#1177,#1178);
#1044=AXIS2_PLACEMENT_3D('',#4244,#1179,#1180);
#1045=AXIS2_PLACEMENT_3D('',#4246,#1181,#1182);
#1046=AXIS2_PLACEMENT_3D('',#4248,#1183,#1184);
#1047=AXIS2_PLACEMENT_3D('',#4250,#1185,#1186);
#1048=AXIS2_PLACEMENT_3D('',#4252,#1187,#1188);
#1049=AXIS2_PLACEMENT_3D('',#4254,#1189,#1190);
#1050=AXIS2_PLACEMENT_3D('',#4255,#1191,#1192);
#1051=AXIS2_PLACEMENT_3D('',#4256,#1193,#1194);
#1052=AXIS2_PLACEMENT_3D('',#4258,#1195,#1196);
#1053=AXIS2_PLACEMENT_3D('',#4337,#1197,#1198);
#1054=AXIS2_PLACEMENT_3D('',#4338,#1199,#1200);
#1055=AXIS2_PLACEMENT_3D('',#4340,#1201,#1202);
#1056=AXIS2_PLACEMENT_3D('',#4420,#1203,#1204);
#1057=AXIS2_PLACEMENT_3D('',#4421,#1205,#1206);
#1058=AXIS2_PLACEMENT_3D('',#4422,#1207,#1208);
#1059=AXIS2_PLACEMENT_3D('',#4425,#1209,#1210);
#1060=AXIS2_PLACEMENT_3D('',#4427,#1211,#1212);
#1061=AXIS2_PLACEMENT_3D('',#4429,#1213,#1214);
#1062=AXIS2_PLACEMENT_3D('',#4431,#1215,#1216);
#1063=AXIS2_PLACEMENT_3D('',#4433,#1217,#1218);
#1064=AXIS2_PLACEMENT_3D('',#4434,#1219,#1220);
#1065=AXIS2_PLACEMENT_3D('',#4436,#1221,#1222);
#1066=AXIS2_PLACEMENT_3D('',#4439,#1223,#1224);
#1067=AXIS2_PLACEMENT_3D('',#4441,#1225,#1226);
#1068=AXIS2_PLACEMENT_3D('',#4443,#1227,#1228);
#1069=AXIS2_PLACEMENT_3D('',#4445,#1229,#1230);
#1070=AXIS2_PLACEMENT_3D('',#4447,#1231,#1232);
#1071=AXIS2_PLACEMENT_3D('',#4449,#1233,#1234);
#1072=AXIS2_PLACEMENT_3D('',#4451,#1235,#1236);
#1073=AXIS2_PLACEMENT_3D('',#4452,#1237,#1238);
#1074=AXIS2_PLACEMENT_3D('',#4453,#1239,#1240);
#1075=AXIS2_PLACEMENT_3D('',#4532,#1241,#1242);
#1076=AXIS2_PLACEMENT_3D('',#4533,#1243,#1244);
#1077=AXIS2_PLACEMENT_3D('',#4606,#1245,#1246);
#1078=AXIS2_PLACEMENT_3D('',#4668,#1247,#1248);
#1079=AXIS2_PLACEMENT_3D('',#4730,#1249,#1250);
#1080=AXIS2_PLACEMENT_3D('',#4782,#1251,#1252);
#1081=AXIS2_PLACEMENT_3D('',#4864,#1253,#1254);
#1082=AXIS2_PLACEMENT_3D('',#4916,#1255,#1256);
#1083=AXIS2_PLACEMENT_3D('',#4998,#1257,#1258);
#1084=AXIS2_PLACEMENT_3D('',#5039,#1259,#1260);
#1085=AXIS2_PLACEMENT_3D('',#5040,#1261,#1262);
#1086=AXIS2_PLACEMENT_3D('',#5044,#1264,#1265);
#1087=AXIS2_PLACEMENT_3D('',#5046,#1267,#1268);
#1088=AXIS2_PLACEMENT_3D('',#5049,#1270,#1271);
#1089=AXIS2_PLACEMENT_3D('',#5050,#1272,#1273);
#1090=AXIS2_PLACEMENT_3D('',#5053,#1275,#1276);
#1091=AXIS2_PLACEMENT_3D('',#5054,#1277,#1278);
#1092=AXIS2_PLACEMENT_3D('',#5057,#1280,#1281);
#1093=AXIS2_PLACEMENT_3D('',#5279,#1282,#1283);
#1094=AXIS2_PLACEMENT_3D('',#5331,#1284,#1285);
#1095=AXIS2_PLACEMENT_3D('',#5393,#1286,#1287);
#1096=AXIS2_PLACEMENT_3D('',#5454,#1288,#1289);
#1097=AXIS2_PLACEMENT_3D('',#5555,#1290,#1291);
#1098=AXIS2_PLACEMENT_3D('',#5804,#1293,#1294);
#1099=AXIS2_PLACEMENT_3D('',#6010,#1295,#1296);
#1100=AXIS2_PLACEMENT_3D('',#6093,#1297,#1298);
#1101=AXIS2_PLACEMENT_3D('',#6185,#1299,#1300);
#1102=AXIS2_PLACEMENT_3D('',#6246,#1301,#1302);
#1103=AXIS2_PLACEMENT_3D('',#6318,#1303,#1304);
#1104=AXIS2_PLACEMENT_3D('',#6429,#1305,#1306);
#1105=AXIS2_PLACEMENT_3D('',#6480,#1307,#1308);
#1106=AXIS2_PLACEMENT_3D('',#6481,#1309,#1310);
#1107=AXIS2_PLACEMENT_3D('',#6485,#1312,#1313);
#1108=AXIS2_PLACEMENT_3D('',#6487,#1315,#1316);
#1109=AXIS2_PLACEMENT_3D('',#6490,#1318,#1319);
#1110=AXIS2_PLACEMENT_3D('',#6491,#1320,#1321);
#1111=AXIS2_PLACEMENT_3D('',#6494,#1323,#1324);
#1112=AXIS2_PLACEMENT_3D('',#6495,#1325,#1326);
#1113=AXIS2_PLACEMENT_3D('',#6498,#1328,#1329);
#1114=AXIS2_PLACEMENT_3D('',#6746,#1330,#1331);
#1115=AXIS2_PLACEMENT_3D('',#7000,#1332,#1333);
#1116=AXIS2_PLACEMENT_3D('',#7342,#1334,#1335);
#1117=AXIS2_PLACEMENT_3D('',#7413,#1336,#1337);
#1118=AXIS2_PLACEMENT_3D('',#7414,#1338,#1339);
#1119=AXIS2_PLACEMENT_3D('',#7416,#1341,#1342);
#1120=AXIS2_PLACEMENT_3D('',#7418,#1344,#1345);
#1121=AXIS2_PLACEMENT_3D('',#7419,#1346,#1347);
#1122=AXIS2_PLACEMENT_3D('',#7421,#1349,#1350);
#1123=AXIS2_PLACEMENT_3D('',#7423,#1352,#1353);
#1124=AXIS2_PLACEMENT_3D('',#7424,#1354,#1355);
#1125=AXIS2_PLACEMENT_3D('',#7425,#1356,#1357);
#1126=AXIS2_PLACEMENT_3D('',#7426,#1358,#1359);
#1127=AXIS2_PLACEMENT_3D('',#7427,#1360,#1361);
#1128=AXIS2_PLACEMENT_3D('',#7428,#1362,#1363);
#1129=AXIS2_PLACEMENT_3D('',#7429,#1364,#1365);
#1130=AXIS2_PLACEMENT_3D('',#7431,#1367,#1368);
#1131=DIRECTION('axis',(0.,0.,1.));
#1132=DIRECTION('refdir',(1.,0.,0.));
#1133=DIRECTION('center_axis',(0.,0.,1.));
#1134=DIRECTION('ref_axis',(1.,1.72685370000024E-14,0.));
#1135=DIRECTION('center_axis',(0.,0.,-1.));
#1136=DIRECTION('ref_axis',(1.,1.72685370000024E-14,0.));
#1137=DIRECTION('center_axis',(0.,0.,1.));
#1138=DIRECTION('ref_axis',(1.,1.72685370000024E-14,0.));
#1139=DIRECTION('center_axis',(0.,0.,1.));
#1140=DIRECTION('ref_axis',(1.,0.,0.));
#1141=DIRECTION('center_axis',(0.,0.,-1.));
#1142=DIRECTION('ref_axis',(1.,0.,0.));
#1143=DIRECTION('center_axis',(0.,0.,1.));
#1144=DIRECTION('ref_axis',(1.,0.,0.));
#1145=DIRECTION('center_axis',(0.,0.,1.));
#1146=DIRECTION('ref_axis',(1.,2.8780895000004E-14,0.));
#1147=DIRECTION('center_axis',(0.,0.,-1.));
#1148=DIRECTION('ref_axis',(1.,2.8780895000004E-14,0.));
#1149=DIRECTION('center_axis',(0.,0.,1.));
#1150=DIRECTION('ref_axis',(1.,2.8780895000004E-14,0.));
#1151=DIRECTION('center_axis',(0.,0.,1.));
#1152=DIRECTION('ref_axis',(1.,0.,0.));
#1153=DIRECTION('center_axis',(0.,0.,-1.));
#1154=DIRECTION('ref_axis',(1.,0.,0.));
#1155=DIRECTION('center_axis',(0.,0.,1.));
#1156=DIRECTION('ref_axis',(1.,0.,0.));
#1157=DIRECTION('center_axis',(0.,0.,-1.));
#1158=DIRECTION('ref_axis',(1.,0.,0.));
#1159=DIRECTION('center_axis',(0.,0.,1.));
#1160=DIRECTION('ref_axis',(1.,0.,0.));
#1161=DIRECTION('center_axis',(0.,0.,1.));
#1162=DIRECTION('ref_axis',(1.,0.,0.));
#1163=DIRECTION('center_axis',(0.,0.,-1.));
#1164=DIRECTION('ref_axis',(0.776557032270412,-0.630046963036383,0.));
#1165=DIRECTION('center_axis',(0.,0.,1.));
#1166=DIRECTION('ref_axis',(-0.804317868174937,-0.594199265343306,0.));
#1167=DIRECTION('center_axis',(0.,0.,-1.));
#1168=DIRECTION('ref_axis',(0.0376132541517232,0.99929237118679,0.));
#1169=DIRECTION('center_axis',(0.,0.,1.));
#1170=DIRECTION('ref_axis',(0.517436419786818,-0.855721655375274,0.));
#1171=DIRECTION('center_axis',(0.,0.,-1.));
#1172=DIRECTION('ref_axis',(-0.996334994484987,-0.085537002312458,0.));
#1173=DIRECTION('center_axis',(0.,0.,1.));
#1174=DIRECTION('ref_axis',(0.233324682834179,0.972398885427338,0.));
#1175=DIRECTION('center_axis',(0.,0.,1.));
#1176=DIRECTION('ref_axis',(1.,0.,0.));
#1177=DIRECTION('center_axis',(0.,0.,1.));
#1178=DIRECTION('ref_axis',(0.40027900457303,0.916393320849745,0.));
#1179=DIRECTION('center_axis',(0.,0.,-1.));
#1180=DIRECTION('ref_axis',(-0.891575684331725,-0.452871724783537,0.));
#1181=DIRECTION('center_axis',(0.,0.,1.));
#1182=DIRECTION('ref_axis',(0.781019897532461,-0.624506140609029,0.));
#1183=DIRECTION('center_axis',(0.,0.,-1.));
#1184=DIRECTION('ref_axis',(0.135264055307572,0.990809585814424,0.));
#1185=DIRECTION('center_axis',(0.,0.,1.));
#1186=DIRECTION('ref_axis',(-0.956491819033083,-0.291759147453483,0.));
#1187=DIRECTION('center_axis',(0.,0.,-1.));
#1188=DIRECTION('ref_axis',(0.637670563779809,-0.770309192525145,0.));
#1189=DIRECTION('center_axis',(0.,0.,1.));
#1190=DIRECTION('ref_axis',(-0.143085476138246,0.989710334652666,0.));
#1191=DIRECTION('center_axis',(0.,0.,-1.));
#1192=DIRECTION('ref_axis',(-0.101479402996205,-0.994837640405475,0.));
#1193=DIRECTION('center_axis',(0.,0.,1.));
#1194=DIRECTION('ref_axis',(1.,0.,0.));
#1195=DIRECTION('center_axis',(0.,0.,1.));
#1196=DIRECTION('ref_axis',(1.,0.,0.));
#1197=DIRECTION('center_axis',(0.,0.,-1.));
#1198=DIRECTION('ref_axis',(1.,0.,0.));
#1199=DIRECTION('center_axis',(0.,0.,1.));
#1200=DIRECTION('ref_axis',(1.,0.,0.));
#1201=DIRECTION('center_axis',(0.,0.,1.));
#1202=DIRECTION('ref_axis',(1.,0.,0.));
#1203=DIRECTION('center_axis',(0.,0.,1.));
#1204=DIRECTION('ref_axis',(1.,0.,0.));
#1205=DIRECTION('center_axis',(0.,0.,-1.));
#1206=DIRECTION('ref_axis',(1.,0.,0.));
#1207=DIRECTION('center_axis',(0.,0.,1.));
#1208=DIRECTION('ref_axis',(1.,0.,0.));
#1209=DIRECTION('center_axis',(0.,0.,-1.));
#1210=DIRECTION('ref_axis',(0.233324682834179,0.972398885427338,0.));
#1211=DIRECTION('center_axis',(0.,0.,1.));
#1212=DIRECTION('ref_axis',(-0.996334994484987,-0.085537002312458,0.));
#1213=DIRECTION('center_axis',(0.,0.,-1.));
#1214=DIRECTION('ref_axis',(0.517436419786818,-0.855721655375274,0.));
#1215=DIRECTION('center_axis',(0.,0.,1.));
#1216=DIRECTION('ref_axis',(0.0376132541517232,0.99929237118679,0.));
#1217=DIRECTION('center_axis',(0.,0.,-1.));
#1218=DIRECTION('ref_axis',(-0.804317868174937,-0.594199265343306,0.));
#1219=DIRECTION('center_axis',(0.,0.,1.));
#1220=DIRECTION('ref_axis',(0.776557032270412,-0.630046963036383,0.));
#1221=DIRECTION('center_axis',(0.,0.,-1.));
#1222=DIRECTION('ref_axis',(1.,0.,0.));
#1223=DIRECTION('center_axis',(0.,0.,-1.));
#1224=DIRECTION('ref_axis',(0.781019897532461,-0.624506140609029,0.));
#1225=DIRECTION('center_axis',(0.,0.,1.));
#1226=DIRECTION('ref_axis',(-0.891575684331725,-0.452871724783537,0.));
#1227=DIRECTION('center_axis',(0.,0.,-1.));
#1228=DIRECTION('ref_axis',(0.40027900457303,0.916393320849745,0.));
#1229=DIRECTION('center_axis',(0.,0.,1.));
#1230=DIRECTION('ref_axis',(-0.101479402996205,-0.994837640405475,0.));
#1231=DIRECTION('center_axis',(0.,0.,-1.));
#1232=DIRECTION('ref_axis',(-0.143085476138246,0.989710334652666,0.));
#1233=DIRECTION('center_axis',(0.,0.,1.));
#1234=DIRECTION('ref_axis',(0.637670563779809,-0.770309192525145,0.));
#1235=DIRECTION('center_axis',(0.,0.,-1.));
#1236=DIRECTION('ref_axis',(-0.956491819033083,-0.291759147453483,0.));
#1237=DIRECTION('center_axis',(0.,0.,1.));
#1238=DIRECTION('ref_axis',(0.135264055307572,0.990809585814424,0.));
#1239=DIRECTION('center_axis',(0.,0.,1.));
#1240=DIRECTION('ref_axis',(1.,0.,0.));
#1241=DIRECTION('center_axis',(0.,0.,1.));
#1242=DIRECTION('ref_axis',(1.,0.,0.));
#1243=DIRECTION('center_axis',(0.,0.,1.));
#1244=DIRECTION('ref_axis',(1.,0.,0.));
#1245=DIRECTION('center_axis',(0.,0.,-1.));
#1246=DIRECTION('ref_axis',(0.40027900457303,0.916393320849745,0.));
#1247=DIRECTION('center_axis',(0.,0.,1.));
#1248=DIRECTION('ref_axis',(-0.101479402996205,-0.994837640405475,0.));
#1249=DIRECTION('center_axis',(0.,0.,-1.));
#1250=DIRECTION('ref_axis',(-0.143085476138246,0.989710334652666,0.));
#1251=DIRECTION('center_axis',(0.,0.,1.));
#1252=DIRECTION('ref_axis',(0.637670563779809,-0.770309192525145,0.));
#1253=DIRECTION('center_axis',(0.,0.,-1.));
#1254=DIRECTION('ref_axis',(-0.956491819033083,-0.291759147453483,0.));
#1255=DIRECTION('center_axis',(0.,0.,1.));
#1256=DIRECTION('ref_axis',(0.135264055307572,0.990809585814424,0.));
#1257=DIRECTION('center_axis',(0.,0.,-1.));
#1258=DIRECTION('ref_axis',(0.781019897532461,-0.624506140609029,0.));
#1259=DIRECTION('center_axis',(0.,0.,1.));
#1260=DIRECTION('ref_axis',(-0.891575684331725,-0.452871724783537,0.));
#1261=DIRECTION('center_axis',(0.,0.,-1.));
#1262=DIRECTION('ref_axis',(0.352030367230391,0.935988579282694,0.));
#1263=DIRECTION('',(0.,0.,1.));
#1264=DIRECTION('center_axis',(0.,0.,-1.));
#1265=DIRECTION('ref_axis',(0.135264055307572,0.990809585814424,0.));
#1266=DIRECTION('',(0.,0.,-1.));
#1267=DIRECTION('center_axis',(0.,0.,-1.));
#1268=DIRECTION('ref_axis',(0.781019897532453,-0.624506140609038,0.));
#1269=DIRECTION('',(0.,0.,-1.));
#1270=DIRECTION('center_axis',(0.,0.,1.));
#1271=DIRECTION('ref_axis',(0.781019897532461,-0.624506140609029,0.));
#1272=DIRECTION('center_axis',(0.,0.,-1.));
#1273=DIRECTION('ref_axis',(-0.924258037935767,-0.38176835818481,0.));
#1274=DIRECTION('',(0.,0.,1.));
#1275=DIRECTION('center_axis',(0.,0.,-1.));
#1276=DIRECTION('ref_axis',(-0.891575684331725,-0.452871724783537,0.));
#1277=DIRECTION('center_axis',(0.,0.,-1.));
#1278=DIRECTION('ref_axis',(0.400279004573025,0.916393320849747,0.));
#1279=DIRECTION('',(0.,0.,-1.));
#1280=DIRECTION('center_axis',(0.,0.,1.));
#1281=DIRECTION('ref_axis',(0.40027900457303,0.916393320849745,0.));
#1282=DIRECTION('center_axis',(0.,0.,1.));
#1283=DIRECTION('ref_axis',(-0.956491819033083,-0.291759147453483,0.));
#1284=DIRECTION('center_axis',(0.,0.,-1.));
#1285=DIRECTION('ref_axis',(0.637670563779809,-0.770309192525145,0.));
#1286=DIRECTION('center_axis',(0.,0.,1.));
#1287=DIRECTION('ref_axis',(-0.143085476138246,0.989710334652666,0.));
#1288=DIRECTION('center_axis',(0.,0.,-1.));
#1289=DIRECTION('ref_axis',(-0.101479402996205,-0.994837640405475,0.));
#1290=DIRECTION('center_axis',(0.,0.,-1.));
#1291=DIRECTION('ref_axis',(-0.575275256532104,-0.817959888516498,0.));
#1292=DIRECTION('',(0.,0.,1.));
#1293=DIRECTION('center_axis',(0.,0.,-1.));
#1294=DIRECTION('ref_axis',(0.279392096806291,-0.960177096291192,0.));
#1295=DIRECTION('center_axis',(0.,0.,-1.));
#1296=DIRECTION('ref_axis',(0.466273095689171,0.884640831205771,0.));
#1297=DIRECTION('center_axis',(0.,0.,1.));
#1298=DIRECTION('ref_axis',(0.517436419786818,-0.855721655375274,0.));
#1299=DIRECTION('center_axis',(0.,0.,-1.));
#1300=DIRECTION('ref_axis',(0.0376132541517232,0.99929237118679,0.));
#1301=DIRECTION('center_axis',(0.,0.,1.));
#1302=DIRECTION('ref_axis',(-0.804317868174937,-0.594199265343306,0.));
#1303=DIRECTION('center_axis',(0.,0.,1.));
#1304=DIRECTION('ref_axis',(0.233324682834179,0.972398885427338,0.));
#1305=DIRECTION('center_axis',(0.,0.,-1.));
#1306=DIRECTION('ref_axis',(-0.996334994484987,-0.085537002312458,0.));
#1307=DIRECTION('center_axis',(0.,0.,-1.));
#1308=DIRECTION('ref_axis',(0.776557032270412,-0.630046963036383,0.));
#1309=DIRECTION('center_axis',(0.,0.,1.));
#1310=DIRECTION('ref_axis',(0.875142742086462,0.483864837504637,0.));
#1311=DIRECTION('',(0.,0.,1.));
#1312=DIRECTION('center_axis',(0.,0.,1.));
#1313=DIRECTION('ref_axis',(0.997144286466332,-0.0755200103783685,0.));
#1314=DIRECTION('',(0.,0.,-1.));
#1315=DIRECTION('center_axis',(0.,0.,1.));
#1316=DIRECTION('ref_axis',(1.,0.,0.));
#1317=DIRECTION('',(0.,0.,1.));
#1318=DIRECTION('center_axis',(0.,0.,-1.));
#1319=DIRECTION('ref_axis',(-0.804317868174937,-0.594199265343306,0.));
#1320=DIRECTION('center_axis',(0.,0.,1.));
#1321=DIRECTION('ref_axis',(1.,0.,0.));
#1322=DIRECTION('',(0.,0.,1.));
#1323=DIRECTION('center_axis',(0.,0.,1.));
#1324=DIRECTION('ref_axis',(0.0376132541517232,0.99929237118679,0.));
#1325=DIRECTION('center_axis',(0.,0.,1.));
#1326=DIRECTION('ref_axis',(-0.219235572359771,-0.975671955019762,0.));
#1327=DIRECTION('',(0.,0.,1.));
#1328=DIRECTION('center_axis',(0.,0.,-1.));
#1329=DIRECTION('ref_axis',(0.517436419786818,-0.855721655375274,0.));
#1330=DIRECTION('center_axis',(0.,0.,1.));
#1331=DIRECTION('ref_axis',(-0.75999012459178,-0.649934620191117,0.));
#1332=DIRECTION('center_axis',(0.,0.,1.));
#1333=DIRECTION('ref_axis',(0.776557032270412,-0.630046963036383,0.));
#1334=DIRECTION('center_axis',(0.,0.,1.));
#1335=DIRECTION('ref_axis',(-0.996334994484987,-0.085537002312458,0.));
#1336=DIRECTION('center_axis',(0.,0.,-1.));
#1337=DIRECTION('ref_axis',(0.233324682834179,0.972398885427338,0.));
#1338=DIRECTION('center_axis',(0.,0.,-1.));
#1339=DIRECTION('ref_axis',(-0.956491819033083,-0.291759147453484,0.));
#1340=DIRECTION('',(0.,0.,1.));
#1341=DIRECTION('center_axis',(0.,0.,-1.));
#1342=DIRECTION('ref_axis',(-0.143085476138247,0.989710334652666,0.));
#1343=DIRECTION('',(0.,0.,-1.));
#1344=DIRECTION('center_axis',(0.,0.,-1.));
#1345=DIRECTION('ref_axis',(0.333196528500179,-0.942857398229143,0.));
#1346=DIRECTION('center_axis',(0.,0.,1.));
#1347=DIRECTION('ref_axis',(1.,0.,0.));
#1348=DIRECTION('',(0.,0.,1.));
#1349=DIRECTION('center_axis',(0.,0.,-1.));
#1350=DIRECTION('ref_axis',(-0.28601785708588,-0.958224287642513,0.));
#1351=DIRECTION('',(0.,0.,-1.));
#1352=DIRECTION('center_axis',(0.,0.,1.));
#1353=DIRECTION('ref_axis',(1.,0.,0.));
#1354=DIRECTION('center_axis',(0.,0.,1.));
#1355=DIRECTION('ref_axis',(1.,0.,0.));
#1356=DIRECTION('center_axis',(0.,0.,1.));
#1357=DIRECTION('ref_axis',(1.,0.,0.));
#1358=DIRECTION('center_axis',(0.,0.,1.));
#1359=DIRECTION('ref_axis',(1.,0.,0.));
#1360=DIRECTION('center_axis',(0.,0.,1.));
#1361=DIRECTION('ref_axis',(1.,0.,0.));
#1362=DIRECTION('center_axis',(0.,0.,1.));
#1363=DIRECTION('ref_axis',(1.,0.,0.));
#1364=DIRECTION('center_axis',(0.,0.,1.));
#1365=DIRECTION('ref_axis',(1.,0.,0.));
#1366=DIRECTION('',(0.,0.,1.));
#1367=DIRECTION('center_axis',(0.,0.,1.));
#1368=DIRECTION('ref_axis',(1.,0.,0.));
#1369=CARTESIAN_POINT('',(0.,0.,0.));
#1370=CARTESIAN_POINT('Origin',(14.7340465807894,61.8883172798499,-3.47329204996931));
#1371=CARTESIAN_POINT('',(15.4048873889763,63.2778573512661,2.5));
#1372=CARTESIAN_POINT('',(16.1909558725838,61.3801201571867,2.5));
#1373=CARTESIAN_POINT('Origin',(14.7340465807894,61.8883172798499,2.5));
#1374=CARTESIAN_POINT('',(15.4048873889763,63.2778573512661,-2.5));
#1375=CARTESIAN_POINT('Ctrl Pts',(15.4048873889763,63.2778573512661,-2.5));
#1376=CARTESIAN_POINT('Ctrl Pts',(14.9427589579553,63.5009632670504,-2.47353439974375));
#1377=CARTESIAN_POINT('Ctrl Pts',(13.7861827775434,63.445638777074,-2.42060319923124));
#1378=CARTESIAN_POINT('Ctrl Pts',(12.9096537487188,61.9339077659257,-2.34120639846249));
#1379=CARTESIAN_POINT('Ctrl Pts',(13.7074944246134,60.3812376513309,-2.26180959769372));
#1380=CARTESIAN_POINT('Ctrl Pts',(15.4432681345987,60.2080461455635,-2.18241279692497));
#1381=CARTESIAN_POINT('Ctrl Pts',(16.5306708223083,61.5734549526387,-2.10301599615621));
#1382=CARTESIAN_POINT('Ctrl Pts',(15.9726360926803,63.2270533805,-2.02361919538745));
#1383=CARTESIAN_POINT('Ctrl Pts',(14.28082217554,63.6549811639241,-1.94422239461869));
#1384=CARTESIAN_POINT('Ctrl Pts',(13.0038472747818,62.4653687497414,-1.86482559384993));
#1385=CARTESIAN_POINT('Ctrl Pts',(13.3110651673975,60.7474326151193,-1.78542879308117));
#1386=CARTESIAN_POINT('Ctrl Pts',(14.921101583755,60.0740587829858,-1.70603199231241));
#1387=CARTESIAN_POINT('Ctrl Pts',(16.35989018892,61.0617816721928,-1.62663519154366));
#1388=CARTESIAN_POINT('Ctrl Pts',(16.3100855789548,62.8062603251563,-1.5472383907749));
#1389=CARTESIAN_POINT('Ctrl Pts',(14.8172993883863,63.7102919206374,-1.46784159000614));
#1390=CARTESIAN_POINT('Ctrl Pts',(13.2482868665264,62.9461645924854,-1.38844478923738));
#1391=CARTESIAN_POINT('Ctrl Pts',(13.039603140628,61.2134964968788,-1.30904798846862));
#1392=CARTESIAN_POINT('Ctrl Pts',(14.382312815366,60.0986788770291,-1.22965118769986));
#1393=CARTESIAN_POINT('Ctrl Pts',(16.0470621754949,60.6224135383724,-1.1502543869311));
#1394=CARTESIAN_POINT('Ctrl Pts',(16.5096441842481,62.3051808628797,-1.07085758616235));
#1395=CARTESIAN_POINT('Ctrl Pts',(15.3465294562723,63.6062773794314,-0.991460785393585));
#1396=CARTESIAN_POINT('Ctrl Pts',(13.6226393008842,63.334448679771,-0.912063984624828));
#1397=CARTESIAN_POINT('Ctrl Pts',(12.9163283993892,61.7385749501348,-0.832667183856068));
#1398=CARTESIAN_POINT('Ctrl Pts',(13.8742789322969,60.2798018918337,-0.75327038308731));
#1399=CARTESIAN_POINT('Ctrl Pts',(15.6194131817969,60.2937489549386,-0.673873582318551));
#1400=CARTESIAN_POINT('Ctrl Pts',(16.5539258977086,61.767646524454,-0.594476781549793));
#1401=CARTESIAN_POINT('Ctrl Pts',(15.8221984858498,63.3520274944189,-0.515079980781034));
#1402=CARTESIAN_POINT('Ctrl Pts',(14.0941839276772,63.5962686683685,-0.435683180012276));
#1403=CARTESIAN_POINT('Ctrl Pts',(12.9520130680644,62.2767483802421,-0.356286379243517));
#1404=CARTESIAN_POINT('Ctrl Pts',(13.4414315791621,60.6015894073118,-0.276889578474758));
#1405=CARTESIAN_POINT('Ctrl Pts',(15.1143389990189,60.104529221536,-0.197492777706));
#1406=CARTESIAN_POINT('Ctrl Pts',(16.4390593264236,61.2406648286415,-0.118095976937241));
#1407=CARTESIAN_POINT('Ctrl Pts',(16.2027087463393,62.9697762961035,-0.038699176168482));
#1408=CARTESIAN_POINT('Ctrl Pts',(14.6216844765842,63.7087284745755,0.0406976246002766));
#1409=CARTESIAN_POINT('Ctrl Pts',(13.1435363949624,62.7809535490683,0.120094425369035));
#1410=CARTESIAN_POINT('Ctrl Pts',(13.1216232802259,61.035901148988,0.199491226137794));
#1411=CARTESIAN_POINT('Ctrl Pts',(14.5760082820564,60.0713015791844,0.278888026906552));
#1412=CARTESIAN_POINT('Ctrl Pts',(16.1750895572952,60.7703202761824,0.358284827675311));
#1413=CARTESIAN_POINT('Ctrl Pts',(16.4547846444744,62.4929516128019,0.437681628444069));
#1414=CARTESIAN_POINT('Ctrl Pts',(15.1590110804091,63.6619935001026,0.517078429212828));
#1415=CARTESIAN_POINT('Ctrl Pts',(13.4741496818686,63.2070977636605,0.596475229981587));
#1416=CARTESIAN_POINT('Ctrl Pts',(12.9428212408635,61.5447565976876,0.675872030750345));
#1417=CARTESIAN_POINT('Ctrl Pts',(14.0514979990047,60.1969717820697,0.755268831519105));
#1418=CARTESIAN_POINT('Ctrl Pts',(15.7851007207205,60.397744451732,0.834665632287863));
#1419=CARTESIAN_POINT('Ctrl Pts',(16.5563821681553,61.9632517171861,0.914062433056622));
#1420=CARTESIAN_POINT('Ctrl Pts',(15.6591745790998,63.460150712197,0.99345923382538));
#1421=CARTESIAN_POINT('Ctrl Pts',(13.9149408316985,63.5179147575941,1.07285603459414));
#1422=CARTESIAN_POINT('Ctrl Pts',(12.9206616769319,62.083656387495,1.1522528353629));
#1423=CARTESIAN_POINT('Ctrl Pts',(13.5866765326671,60.4705499967826,1.23164963613166));
#1424=CARTESIAN_POINT('Ctrl Pts',(15.3031972824256,60.1555190476677,1.31104643690041));
#1425=CARTESIAN_POINT('Ctrl Pts',(16.4986166634387,61.4269988670278,1.39044323766917));
#1426=CARTESIAN_POINT('Ctrl Pts',(16.0784356448125,63.1208511356003,1.46984003843793));
#1427=CARTESIAN_POINT('Ctrl Pts',(14.4273628589104,63.6862238291765,1.54923683920669));
#1428=CARTESIAN_POINT('Ctrl Pts',(13.0570821263433,62.6054733578201,1.62863363997545));
#1429=CARTESIAN_POINT('Ctrl Pts',(13.2221931005598,60.8681126864069,1.70803044074421));
#1430=CARTESIAN_POINT('Ctrl Pts',(14.771520402713,60.0648249542575,1.78742724151297));
#1431=CARTESIAN_POINT('Ctrl Pts',(16.2865422074486,60.9310917072797,1.86682404228172));
#1432=CARTESIAN_POINT('Ctrl Pts',(16.3801249734674,62.6737597323793,1.94622084305048));
#1433=CARTESIAN_POINT('Ctrl Pts',(14.9666144097477,63.6973198343939,2.02561764381924));
#1434=CARTESIAN_POINT('Ctrl Pts',(13.3401328845242,63.0645478049469,2.105014444588));
#1435=CARTESIAN_POINT('Ctrl Pts',(12.989961132913,61.3549466051258,2.18441124535676));
#1436=CARTESIAN_POINT('Ctrl Pts',(14.2364866083012,60.133486511916,2.26380804612552));
#1437=CARTESIAN_POINT('Ctrl Pts',(15.9388614295217,60.5191104008946,2.34320484689427));
#1438=CARTESIAN_POINT('Ctrl Pts',(16.5325236070127,62.1438024775771,2.42193549818577));
#1439=CARTESIAN_POINT('Ctrl Pts',(15.8540974128202,63.0631634428976,2.47420054922101));
#1440=CARTESIAN_POINT('Ctrl Pts',(15.4059287952882,63.2804561313865,2.5));
#1441=CARTESIAN_POINT('',(16.1909558725838,61.3801201571867,-2.5));
#1442=CARTESIAN_POINT('Origin',(14.7340465807894,61.8883172798499,-2.5));
#1443=CARTESIAN_POINT('Ctrl Pts',(16.1935298777652,61.3790189463408,-2.5));
#1444=CARTESIAN_POINT('Ctrl Pts',(16.3567838273647,61.8495711616657,-2.47420054922101));
#1445=CARTESIAN_POINT('Ctrl Pts',(16.1864171347177,62.9793772242702,-2.42193549818577));
#1446=CARTESIAN_POINT('Ctrl Pts',(14.6178038925319,63.7084254948546,-2.34320484689428));
#1447=CARTESIAN_POINT('Ctrl Pts',(13.1413658123121,62.7773419695612,-2.26380804612552));
#1448=CARTESIAN_POINT('Ctrl Pts',(13.1236419387738,61.032212665293,-2.18441124535676));
#1449=CARTESIAN_POINT('Ctrl Pts',(14.5801213299858,60.0709508887078,-2.105014444588));
#1450=CARTESIAN_POINT('Ctrl Pts',(16.1776548322843,60.7736096069676,-2.02561764381924));
#1451=CARTESIAN_POINT('Ctrl Pts',(16.4533914402796,62.4968787829442,-1.94622084305048));
#1452=CARTESIAN_POINT('Ctrl Pts',(15.154966069523,63.6629581413784,-1.86682404228172));
#1453=CARTESIAN_POINT('Ctrl Pts',(13.4711407974186,63.2042190492858,-1.78742724151297));
#1454=CARTESIAN_POINT('Ctrl Pts',(12.94361116447,61.5406690214958,-1.70803044074421));
#1455=CARTESIAN_POINT('Ctrl Pts',(14.0553595756711,60.1954184330642,-1.62863363997545));
#1456=CARTESIAN_POINT('Ctrl Pts',(15.7885003440348,60.4001472421279,-1.54923683920669));
#1457=CARTESIAN_POINT('Ctrl Pts',(16.55620623396,61.9674108553488,-1.46984003843793));
#1458=CARTESIAN_POINT('Ctrl Pts',(15.6555846650626,63.4622581136584,-1.39044323766917));
#1459=CARTESIAN_POINT('Ctrl Pts',(13.9112235291225,63.5160409648622,-1.31104643690041));
#1460=CARTESIAN_POINT('Ctrl Pts',(12.9202205971059,62.0795169964102,-1.23164963613166));
#1461=CARTESIAN_POINT('Ctrl Pts',(13.589915437285,60.467934923777,-1.1522528353629));
#1462=CARTESIAN_POINT('Ctrl Pts',(15.3071507725718,60.1568226400991,-1.07285603459414));
#1463=CARTESIAN_POINT('Ctrl Pts',(16.4996649233737,61.4310274865174,-0.993459233825379));
#1464=CARTESIAN_POINT('Ctrl Pts',(16.0756190677824,63.1239164703166,-0.914062433056621));
#1465=CARTESIAN_POINT('Ctrl Pts',(14.4232599389757,63.6855189264991,-0.834665632287862));
#1466=CARTESIAN_POINT('Ctrl Pts',(13.0554499958471,62.6016444129632,-0.755268831519104));
#1467=CARTESIAN_POINT('Ctrl Pts',(13.2245249230595,60.8646637935457,-0.675872030750345));
#1468=CARTESIAN_POINT('Ctrl Pts',(14.7756835625554,60.0649170339913,-0.596475229981587));
#1469=CARTESIAN_POINT('Ctrl Pts',(16.2887203278883,60.9346340857196,-0.517078429212828));
#1470=CARTESIAN_POINT('Ctrl Pts',(16.3783331550369,62.6775217885841,-0.437681628444069));
#1471=CARTESIAN_POINT('Ctrl Pts',(14.962474576568,63.6978317853317,-0.358284827675311));
#1472=CARTESIAN_POINT('Ctrl Pts',(13.3374725183633,63.0613914390352,-0.278888026906553));
#1473=CARTESIAN_POINT('Ctrl Pts',(12.9911419214626,61.3509110616977,-0.199491226137793));
#1474=CARTESIAN_POINT('Ctrl Pts',(14.2405752068036,60.1324676001057,-0.120094425369035));
#1475=CARTESIAN_POINT('Ctrl Pts',(15.9418196633975,60.5216401871434,-0.040697624600276));
#1476=CARTESIAN_POINT('Ctrl Pts',(16.5372545435259,62.1621112497169,0.0386991761684826));
#1477=CARTESIAN_POINT('Ctrl Pts',(15.4817132077697,63.5519027780103,0.118095976937241));
#1478=CARTESIAN_POINT('Ctrl Pts',(13.7416253060967,63.4185532447722,0.197492777706));
#1479=CARTESIAN_POINT('Ctrl Pts',(12.9101757614295,61.8841544509903,0.276889578474759));
#1480=CARTESIAN_POINT('Ctrl Pts',(13.7486208744589,60.3535670487087,0.356286379243517));
#1481=CARTESIAN_POINT('Ctrl Pts',(15.4892993610638,60.2281620664028,0.435683180012276));
#1482=CARTESIAN_POINT('Ctrl Pts',(16.5384855724562,61.6227574550816,0.515079980781034));
#1483=CARTESIAN_POINT('Ctrl Pts',(15.9355684654559,63.2604933816981,0.594476781549793));
#1484=CARTESIAN_POINT('Ctrl Pts',(14.2325652375284,63.6418960655933,0.673873582318552));
#1485=CARTESIAN_POINT('Ctrl Pts',(12.98870692498,62.4177618786492,0.753270383087309));
#1486=CARTESIAN_POINT('Ctrl Pts',(13.3428419253692,60.7088802558875,0.83266718385607));
#1487=CARTESIAN_POINT('Ctrl Pts',(14.970732273546,60.0798643540129,0.912063984624827));
#1488=CARTESIAN_POINT('Ctrl Pts',(16.3819185953953,61.1066268459448,0.991460785393587));
#1489=CARTESIAN_POINT('Ctrl Pts',(16.2843507379648,62.8490873100564,1.07085758616234));
#1490=CARTESIAN_POINT('Ctrl Pts',(14.7673596913646,63.7118886126385,1.1502543869311));
#1491=CARTESIAN_POINT('Ctrl Pts',(13.2198678144744,62.9050693896272,1.22965118769986));
#1492=CARTESIAN_POINT('Ctrl Pts',(13.058723798736,61.1673351918194,1.30904798846862));
#1493=CARTESIAN_POINT('Ctrl Pts',(14.4314668227465,60.0897155201435,1.38844478923738));
#1494=CARTESIAN_POINT('Ctrl Pts',(16.0812458161216,60.6588552931724,1.46784159000614));
#1495=CARTESIAN_POINT('Ctrl Pts',(16.4975581782343,62.3536613861033,1.54723839077489));
#1496=CARTESIAN_POINT('Ctrl Pts',(15.2992426831317,63.6224112364663,1.62663519154366));
#1497=CARTESIAN_POINT('Ctrl Pts',(13.5834399662564,63.3034596126188,1.70603199231241));
#1498=CARTESIAN_POINT('Ctrl Pts',(12.9211195105287,61.6888447583844,1.78542879308118));
#1499=CARTESIAN_POINT('Ctrl Pts',(13.9186479309445,60.2568446255899,1.86482559384993));
#1500=CARTESIAN_POINT('Ctrl Pts',(15.6627885397005,60.3186192336494,1.94422239461869));
#1501=CARTESIAN_POINT('Ctrl Pts',(16.5564909701589,61.8175029469312,2.02361919538745));
#1502=CARTESIAN_POINT('Ctrl Pts',(15.7818104870948,63.3813637378805,2.10301599615621));
#1503=CARTESIAN_POINT('Ctrl Pts',(14.047410811121,63.5779437464729,2.18241279692496));
#1504=CARTESIAN_POINT('Ctrl Pts',(12.9424984400739,62.2281015047463,2.26180959769373));
#1505=CARTESIAN_POINT('Ctrl Pts',(13.4762432910124,60.5660394313257,2.34120639846248));
#1506=CARTESIAN_POINT('Ctrl Pts',(15.1649984634325,60.1168837155413,2.42060319923124));
#1507=CARTESIAN_POINT('Ctrl Pts',(16.0219414312037,60.8955863038588,2.47353439974375));
#1508=CARTESIAN_POINT('Ctrl Pts',(16.1909558725838,61.3801201571867,2.5));
#1509=CARTESIAN_POINT('Ctrl Pts',(13.839910055979,60.9941807550395,-2.5));
#1510=CARTESIAN_POINT('Ctrl Pts',(14.1372788888965,60.696811922122,-2.47353439974375));
#1511=CARTESIAN_POINT('Ctrl Pts',(15.0471510155464,60.4274493626403,-2.42060319923124));
#1512=CARTESIAN_POINT('Ctrl Pts',(16.1334264676566,61.3606180646375,-2.34120639846248));
#1513=CARTESIAN_POINT('Ctrl Pts',(15.9351517612954,62.7773938511577,-2.26180959769373));
#1514=CARTESIAN_POINT('Ctrl Pts',(14.6387848314041,63.3799095273376,-2.18241279692497));
#1515=CARTESIAN_POINT('Ctrl Pts',(13.4288328207508,62.6168796389814,-2.10301599615621));
#1516=CARTESIAN_POINT('Ctrl Pts',(13.4143079742899,61.1867331676613,-2.02361919538745));
#1517=CARTESIAN_POINT('Ctrl Pts',(14.6079036905489,60.3989719774524,-1.94422239461869));
#1518=CARTESIAN_POINT('Ctrl Pts',(15.9170943021214,60.9748060339915,-1.86482559384993));
#1519=CARTESIAN_POINT('Ctrl Pts',(16.1430625074423,62.3870379672528,-1.78542879308117));
#1520=CARTESIAN_POINT('Ctrl Pts',(15.0789932389253,63.3426486922949,-1.70603199231241));
#1521=CARTESIAN_POINT('Ctrl Pts',(13.699085878863,62.9667085873365,-1.62663519154366));
#1522=CARTESIAN_POINT('Ctrl Pts',(13.2667714129761,61.6034169411015,-1.5472383907749));
#1523=CARTESIAN_POINT('Ctrl Pts',(14.1778575218315,60.5009740577109,-1.46784159000614));
#1524=CARTESIAN_POINT('Ctrl Pts',(15.5981792986273,60.6687508425851,-1.38844478923738));
#1525=CARTESIAN_POINT('Ctrl Pts',(16.2273199971434,61.9531350544568,-1.30904798846862));
#1526=CARTESIAN_POINT('Ctrl Pts',(15.4892539090872,63.1781735237584,-1.22965118769986));
#1527=CARTESIAN_POINT('Ctrl Pts',(14.059736957437,63.2222489711643,-1.1502543869311));
#1528=CARTESIAN_POINT('Ctrl Pts',(13.2476026686911,62.0450068725852,-1.07085758616234));
#1529=CARTESIAN_POINT('Ctrl Pts',(13.7964225814625,60.7243033529191,-0.991460785393587));
#1530=CARTESIAN_POINT('Ctrl Pts',(15.2037097373084,60.469344517721,-0.912063984624826));
#1531=CARTESIAN_POINT('Ctrl Pts',(16.1809839717147,61.5135648860269,-0.832667183856069));
#1532=CARTESIAN_POINT('Ctrl Pts',(15.8334752326382,62.900900025375,-0.75327038308731));
#1533=CARTESIAN_POINT('Ctrl Pts',(14.479354611526,63.3611374238472,-0.673873582318551));
#1534=CARTESIAN_POINT('Ctrl Pts',(13.358424168826,62.4728941818732,-0.594476781549793));
#1535=CARTESIAN_POINT('Ctrl Pts',(13.4969823317943,61.0494256185201,-0.515079980781034));
#1536=CARTESIAN_POINT('Ctrl Pts',(14.7681683976676,60.394027188542,-0.435683180012276));
#1537=CARTESIAN_POINT('Ctrl Pts',(16.0081133035415,61.1067667944463,-0.356286379243517));
#1538=CARTESIAN_POINT('Ctrl Pts',(16.0815516832754,62.5350762567095,-0.276889578474758));
#1539=CARTESIAN_POINT('Ctrl Pts',(14.921245025807,63.3712279034285,-0.197492777706));
#1540=CARTESIAN_POINT('Ctrl Pts',(13.5895437279457,62.84966029624,-0.118095976937241));
#1541=CARTESIAN_POINT('Ctrl Pts',(13.305723222579,61.4479088787783,-0.0386991761684822));
#1542=CARTESIAN_POINT('Ctrl Pts',(14.3296431119591,60.449385380928,0.0406976246002767));
#1543=CARTESIAN_POINT('Ctrl Pts',(15.723825623536,60.7683152165139,0.120094425369035));
#1544=CARTESIAN_POINT('Ctrl Pts',(16.2117889455855,62.1126934787461,0.199491226137794));
#1545=CARTESIAN_POINT('Ctrl Pts',(15.3467649539693,63.2516379943177,0.278888026906552));
#1546=CARTESIAN_POINT('Ctrl Pts',(13.9207499496495,63.1423570579732,0.358284827675311));
#1547=CARTESIAN_POINT('Ctrl Pts',(13.2393708509899,61.8849058105738,0.43768162844407));
#1548=CARTESIAN_POINT('Ctrl Pts',(13.9264828700603,60.6305780269153,0.517078429212828));
#1549=CARTESIAN_POINT('Ctrl Pts',(15.3529818631335,60.5278077092706,0.596475229981588));
#1550=CARTESIAN_POINT('Ctrl Pts',(16.2127977829687,61.6706890242312,0.675872030750344));
#1551=CARTESIAN_POINT('Ctrl Pts',(15.7187027202326,63.0128258221617,0.755268831519105));
#1552=CARTESIAN_POINT('Ctrl Pts',(14.3230788824397,63.3253881642132,0.834665632287863));
#1553=CARTESIAN_POINT('Ctrl Pts',(13.3037277248134,62.3222010745237,0.914062433056622));
#1554=CARTESIAN_POINT('Ctrl Pts',(13.5939439970053,60.9217598483526,0.99345923382538));
#1555=CARTESIAN_POINT('Ctrl Pts',(14.9280122700251,60.4062766287022,1.07285603459414));
#1556=CARTESIAN_POINT('Ctrl Pts',(16.0844899783715,61.2477161433152,1.1522528353629));
#1557=CARTESIAN_POINT('Ctrl Pts',(16.0045323920326,62.6756754802362,1.23164963613166));
#1558=CARTESIAN_POINT('Ctrl Pts',(14.7613469231889,63.382747578172,1.31104643690042));
#1559=CARTESIAN_POINT('Ctrl Pts',(13.4931657965993,62.7215532116797,1.39044323766917));
#1560=CARTESIAN_POINT('Ctrl Pts',(13.3611070746931,61.2974670852196,1.46984003843793));
#1561=CARTESIAN_POINT('Ctrl Pts',(14.4860802139422,60.4143497327671,1.54923683920669));
#1562=CARTESIAN_POINT('Ctrl Pts',(15.8380863948384,60.8807640185707,1.62863363997545));
#1563=CARTESIAN_POINT('Ctrl Pts',(16.1792574783715,62.2696702431406,1.70803044074421));
#1564=CARTESIAN_POINT('Ctrl Pts',(15.1972289990732,63.3094202015228,1.78742724151297));
#1565=CARTESIAN_POINT('Ctrl Pts',(13.7911158846929,63.0480369686292,1.86682404228172));
#1566=CARTESIAN_POINT('Ctrl Pts',(13.2483393349406,61.7248480618374,1.94622084305049));
#1567=CARTESIAN_POINT('Ctrl Pts',(14.0658213100642,60.551313280296,2.02561764381924));
#1568=CARTESIAN_POINT('Ctrl Pts',(15.4951575380435,60.6019380320076,2.105014444588));
#1569=CARTESIAN_POINT('Ctrl Pts',(16.2275533405805,61.8302844062429,2.18441124535676));
#1570=CARTESIAN_POINT('Ctrl Pts',(15.5926969110053,63.1118799799015,2.26380804612552));
#1571=CARTESIAN_POINT('Ctrl Pts',(14.1713434500404,63.2729787620565,2.34320484689428));
#1572=CARTESIAN_POINT('Ctrl Pts',(13.2658595270404,62.166772984569,2.42260164766304));
#1573=CARTESIAN_POINT('Ctrl Pts',(13.7032674103921,60.8047007280295,2.50199844843179));
#1574=CARTESIAN_POINT('Ctrl Pts',(15.0872148605056,60.4366142713806,2.58139524920056));
#1575=CARTESIAN_POINT('Ctrl Pts',(15.7894860094017,61.0747668461877,2.63432644971306));
#1576=CARTESIAN_POINT('Ctrl Pts',(15.9279946037797,61.4718459502273,2.66079204996931));
#1577=CARTESIAN_POINT('Ctrl Pts',(13.7742669764589,60.9285376755194,-2.55359734998977));
#1578=CARTESIAN_POINT('Ctrl Pts',(14.0934671577269,60.6093374942514,-2.52713174973352));
#1579=CARTESIAN_POINT('Ctrl Pts',(15.0701375939252,60.3201996684417,-2.47420054922101));
#1580=CARTESIAN_POINT('Ctrl Pts',(16.2361620149065,61.3218769992792,-2.39480374845225));
#1581=CARTESIAN_POINT('Ctrl Pts',(16.0233309606551,62.8426654539281,-2.3154069476835));
#1582=CARTESIAN_POINT('Ctrl Pts',(14.6317911851133,63.4894148498432,-2.23601014691474));
#1583=CARTESIAN_POINT('Ctrl Pts',(13.3330104846046,62.6703670825081,-2.15661334614598));
#1584=CARTESIAN_POINT('Ctrl Pts',(13.3174192957845,61.1352263335385,-2.07721654537722));
#1585=CARTESIAN_POINT('Ctrl Pts',(14.5986429036945,60.2896316145376,-1.99781974460846));
#1586=CARTESIAN_POINT('Ctrl Pts',(16.0039478121757,60.9077405583168,-1.9184229438397));
#1587=CARTESIAN_POINT('Ctrl Pts',(16.2465054850547,62.4236515724834,-1.83902614307094));
#1588=CARTESIAN_POINT('Ctrl Pts',(15.1043175157912,63.449418508656,-1.75962934230218));
#1589=CARTESIAN_POINT('Ctrl Pts',(13.6231041850482,63.0458787413196,-1.68023254153343));
#1590=CARTESIAN_POINT('Ctrl Pts',(13.1590513301408,61.5825009678996,-1.60083574076467));
#1591=CARTESIAN_POINT('Ctrl Pts',(14.1370248731114,60.3991221828287,-1.52143893999591));
#1592=CARTESIAN_POINT('Ctrl Pts',(15.6616196470965,60.5792163090994,-1.44204213922715));
#1593=CARTESIAN_POINT('Ctrl Pts',(16.336948742749,61.9578936547541,-1.36264533845839));
#1594=CARTESIAN_POINT('Ctrl Pts',(15.5446974944123,63.2728683870585,-1.28324853768963));
#1595=CARTESIAN_POINT('Ctrl Pts',(14.0102324813322,63.3201796357303,-1.20385173692087));
#1596=CARTESIAN_POINT('Ctrl Pts',(13.138475311496,62.0565102471935,-1.12445493615212));
#1597=CARTESIAN_POINT('Ctrl Pts',(13.7275868667367,60.6388472098718,-1.04505813538336));
#1598=CARTESIAN_POINT('Ctrl Pts',(15.2381900823962,60.3651705585137,-0.965661334614598));
#1599=CARTESIAN_POINT('Ctrl Pts',(16.287210955601,61.4860524195237,-0.886264533845839));
#1600=CARTESIAN_POINT('Ctrl Pts',(15.9141898443529,62.9752388403555,-0.80686773307708));
#1601=CARTESIAN_POINT('Ctrl Pts',(14.4606563873426,63.4692645913978,-0.727470932308321));
#1602=CARTESIAN_POINT('Ctrl Pts',(13.257432777833,62.5158109255698,-0.648074131539563));
#1603=CARTESIAN_POINT('Ctrl Pts',(13.4061631955494,60.9878383435287,-0.568677330770804));
#1604=CARTESIAN_POINT('Ctrl Pts',(14.7706734526302,60.2843238036917,-0.489280530002047));
#1605=CARTESIAN_POINT('Ctrl Pts',(16.1016489783238,61.0493892248708,-0.409883729233287));
#1606=CARTESIAN_POINT('Ctrl Pts',(16.1804788405292,62.5825581006677,-0.330486928464529));
#1607=CARTESIAN_POINT('Ctrl Pts',(14.934988209394,63.4800958640629,-0.25109012769577));
#1608=CARTESIAN_POINT('Ctrl Pts',(13.5055199914183,62.9202373438384,-0.171693326927012));
#1609=CARTESIAN_POINT('Ctrl Pts',(13.2008627888735,61.4155762730848,-0.0922965261582523));
#1610=CARTESIAN_POINT('Ctrl Pts',(14.2999538102406,60.3437461206539,-0.0128997253894938));
#1611=CARTESIAN_POINT('Ctrl Pts',(15.7964903034898,60.6860902067238,0.0664970753792647));
#1612=CARTESIAN_POINT('Ctrl Pts',(16.3202774782323,62.1291660690697,0.145893876148023));
#1613=CARTESIAN_POINT('Ctrl Pts',(15.3917477052361,63.3517262555485,0.225290676916782));
#1614=CARTESIAN_POINT('Ctrl Pts',(13.8610417351319,63.2344224535729,0.304687477685541));
#1615=CARTESIAN_POINT('Ctrl Pts',(13.1296391544697,61.8846553573793,0.384084278454299));
#1616=CARTESIAN_POINT('Ctrl Pts',(13.8671955381932,60.5382410341798,0.463481079223058));
#1617=CARTESIAN_POINT('Ctrl Pts',(15.3984210291102,60.4279258283147,0.542877879991816));
#1618=CARTESIAN_POINT('Ctrl Pts',(16.3213603794646,61.6547118345147,0.622274680760575));
#1619=CARTESIAN_POINT('Ctrl Pts',(15.7909913019737,63.0953816753405,0.701671481529335));
#1620=CARTESIAN_POINT('Ctrl Pts',(14.2929076674693,63.4308907980066,0.781068282298092));
#1621=CARTESIAN_POINT('Ctrl Pts',(13.1987207915356,62.3540546758988,0.860465083066852));
#1622=CARTESIAN_POINT('Ctrl Pts',(13.5102433064599,60.8507999841976,0.93986188383561));
#1623=CARTESIAN_POINT('Ctrl Pts',(14.9422522711987,60.2974725371392,1.01925868460437));
#1624=CARTESIAN_POINT('Ctrl Pts',(16.1836328507128,61.2006863775251,1.09865548537313));
#1625=CARTESIAN_POINT('Ctrl Pts',(16.09780517401,62.7334794235096,1.17805228614189));
#1626=CARTESIAN_POINT('Ctrl Pts',(14.7633511792474,63.4924612563275,1.25744908691064));
#1627=CARTESIAN_POINT('Ctrl Pts',(13.4020664692244,62.7827252709956,1.3368458876794));
#1628=CARTESIAN_POINT('Ctrl Pts',(13.2603126493741,61.2540897874195,1.41624268844816));
#1629=CARTESIAN_POINT('Ctrl Pts',(14.4678757502103,60.3061383285593,1.49563948921692));
#1630=CARTESIAN_POINT('Ctrl Pts',(15.9191395352661,60.806794443438,1.57503628998568));
#1631=CARTESIAN_POINT('Ctrl Pts',(16.2853577116591,62.2976672907948,1.65443309075444));
#1632=CARTESIAN_POINT('Ctrl Pts',(15.231233560426,63.413750546504,1.7338298915232));
#1633=CARTESIAN_POINT('Ctrl Pts',(13.7218905785474,63.1331778499591,1.81322669229196));
#1634=CARTESIAN_POINT('Ctrl Pts',(13.1392660601367,61.7128469606864,1.89262349306071));
#1635=CARTESIAN_POINT('Ctrl Pts',(14.0167635170243,60.4531570620607,1.97202029382947));
#1636=CARTESIAN_POINT('Ctrl Pts',(15.5510345385958,60.5074984325549,2.05141709459823));
#1637=CARTESIAN_POINT('Ctrl Pts',(16.3371992171067,61.8260239198057,2.13081389536699));
#1638=CARTESIAN_POINT('Ctrl Pts',(15.6557347697018,63.2017078992278,2.21021069613575));
#1639=CARTESIAN_POINT('Ctrl Pts',(14.1300325704006,63.374633756862,2.2896074969045));
#1640=CARTESIAN_POINT('Ctrl Pts',(13.1580724980516,62.1872158246281,2.36900429767327));
#1641=CARTESIAN_POINT('Ctrl Pts',(13.6275927039322,60.7251469624616,2.44840109844202));
#1642=CARTESIAN_POINT('Ctrl Pts',(15.1131427281479,60.3300374194341,2.52779789921078));
#1643=CARTESIAN_POINT('Ctrl Pts',(15.8669711500024,61.0150399987447,2.58072909972329));
#1644=CARTESIAN_POINT('Ctrl Pts',(16.0156483600477,61.4412706858805,2.60719469997954));
#1645=CARTESIAN_POINT('Ctrl Pts',(13.7086238969387,60.8628945959992,-2.60719469997954));
#1646=CARTESIAN_POINT('Ctrl Pts',(14.0496554265572,60.5218630663807,-2.58072909972329));
#1647=CARTESIAN_POINT('Ctrl Pts',(15.0931241723039,60.2129499742429,-2.52779789921078));
#1648=CARTESIAN_POINT('Ctrl Pts',(16.3388975621563,61.283135933921,-2.44840109844202));
#1649=CARTESIAN_POINT('Ctrl Pts',(16.1115101600148,62.9079370566984,-2.36900429767327));
#1650=CARTESIAN_POINT('Ctrl Pts',(14.6247975388226,63.5989201723489,-2.28960749690451));
#1651=CARTESIAN_POINT('Ctrl Pts',(13.2371881484583,62.7238545260346,-2.21021069613575));
#1652=CARTESIAN_POINT('Ctrl Pts',(13.2205306172791,61.0837194994158,-2.13081389536699));
#1653=CARTESIAN_POINT('Ctrl Pts',(14.5893821168402,60.1802912516226,-2.05141709459823));
#1654=CARTESIAN_POINT('Ctrl Pts',(16.09080132223,60.8406750826423,-1.97202029382947));
#1655=CARTESIAN_POINT('Ctrl Pts',(16.3499484626672,62.4602651777138,-1.89262349306071));
#1656=CARTESIAN_POINT('Ctrl Pts',(15.1296417926571,63.5561883250172,-1.81322669229195));
#1657=CARTESIAN_POINT('Ctrl Pts',(13.5471224912334,63.1250488953027,-1.7338298915232));
#1658=CARTESIAN_POINT('Ctrl Pts',(13.0513312473054,61.5615849946977,-1.65443309075444));
#1659=CARTESIAN_POINT('Ctrl Pts',(14.0961922243913,60.2972703079465,-1.57503628998568));
#1660=CARTESIAN_POINT('Ctrl Pts',(15.7250599955657,60.4896817756135,-1.49563948921692));
#1661=CARTESIAN_POINT('Ctrl Pts',(16.4465774883545,61.9626522550515,-1.41624268844816));
#1662=CARTESIAN_POINT('Ctrl Pts',(15.6001410797374,63.3675632503584,-1.3368458876794));
#1663=CARTESIAN_POINT('Ctrl Pts',(13.9607280052273,63.4181103002963,-1.25744908691064));
#1664=CARTESIAN_POINT('Ctrl Pts',(13.029347954301,62.0680136218019,-1.17805228614189));
#1665=CARTESIAN_POINT('Ctrl Pts',(13.6587511520108,60.5533910668244,-1.09865548537313));
#1666=CARTESIAN_POINT('Ctrl Pts',(15.272670427484,60.2609965993064,-1.01925868460437));
#1667=CARTESIAN_POINT('Ctrl Pts',(16.3934379394874,61.4585399530206,-0.939861883835609));
#1668=CARTESIAN_POINT('Ctrl Pts',(15.9949044560677,63.0495776553361,-0.860465083066851));
#1669=CARTESIAN_POINT('Ctrl Pts',(14.4419581631591,63.5773917589484,-0.781068282298091));
#1670=CARTESIAN_POINT('Ctrl Pts',(13.1564413868401,62.5587276692666,-0.701671481529334));
#1671=CARTESIAN_POINT('Ctrl Pts',(13.3153440593044,60.9262510685372,-0.622274680760575));
#1672=CARTESIAN_POINT('Ctrl Pts',(14.7731785075928,60.1746204188415,-0.542877879991816));
#1673=CARTESIAN_POINT('Ctrl Pts',(16.195184653106,60.9920116552951,-0.463481079223058));
#1674=CARTESIAN_POINT('Ctrl Pts',(16.2794059977831,62.630039944626,-0.384084278454299));
#1675=CARTESIAN_POINT('Ctrl Pts',(14.948731392981,63.5889638246972,-0.304687477685541));
#1676=CARTESIAN_POINT('Ctrl Pts',(13.4214962548908,62.9908143914368,-0.225290676916782));
#1677=CARTESIAN_POINT('Ctrl Pts',(13.096002355168,61.3832436673912,-0.145893876148023));
#1678=CARTESIAN_POINT('Ctrl Pts',(14.2702645085221,60.2381068603798,-0.066497075379264));
#1679=CARTESIAN_POINT('Ctrl Pts',(15.8691549834437,60.6038651969336,0.0128997253894942));
#1680=CARTESIAN_POINT('Ctrl Pts',(16.4287660108791,62.1456386593933,0.0922965261582531));
#1681=CARTESIAN_POINT('Ctrl Pts',(15.4367304565028,63.4518145167794,0.171693326927011));
#1682=CARTESIAN_POINT('Ctrl Pts',(13.8013335206143,63.3264878491726,0.25109012769577));
#1683=CARTESIAN_POINT('Ctrl Pts',(13.0199074579496,61.8844049041847,0.330486928464529));
#1684=CARTESIAN_POINT('Ctrl Pts',(13.807908206326,60.4459040414443,0.409883729233288));
#1685=CARTESIAN_POINT('Ctrl Pts',(15.443860195087,60.3280439473587,0.489280530002046));
#1686=CARTESIAN_POINT('Ctrl Pts',(16.4299229759604,61.6387346447981,0.568677330770804));
#1687=CARTESIAN_POINT('Ctrl Pts',(15.8632798837147,63.1779375285193,0.648074131539564));
#1688=CARTESIAN_POINT('Ctrl Pts',(14.2627364524988,63.5363934318,0.727470932308322));
#1689=CARTESIAN_POINT('Ctrl Pts',(13.0937138582578,62.3859082772741,0.806867733077081));
#1690=CARTESIAN_POINT('Ctrl Pts',(13.4265426159146,60.7798401200426,0.886264533845839));
#1691=CARTESIAN_POINT('Ctrl Pts',(14.9564922723724,60.188668445576,0.965661334614598));
#1692=CARTESIAN_POINT('Ctrl Pts',(16.2827757230541,61.1536566117349,1.04505813538336));
#1693=CARTESIAN_POINT('Ctrl Pts',(16.1910779559874,62.7912833667831,1.12445493615212));
#1694=CARTESIAN_POINT('Ctrl Pts',(14.765355435306,63.6021749344829,1.20385173692087));
#1695=CARTESIAN_POINT('Ctrl Pts',(13.3109671418494,62.8438973303114,1.28324853768963));
#1696=CARTESIAN_POINT('Ctrl Pts',(13.159518224055,61.2107124896194,1.36264533845839));
#1697=CARTESIAN_POINT('Ctrl Pts',(14.4496712864784,60.1979269243514,1.44204213922715));
#1698=CARTESIAN_POINT('Ctrl Pts',(16.0001926756938,60.7328248683052,1.52143893999591));
#1699=CARTESIAN_POINT('Ctrl Pts',(16.3914579449467,62.3256643384491,1.60083574076466));
#1700=CARTESIAN_POINT('Ctrl Pts',(15.2652381217788,63.5180808914851,1.68023254153343));
#1701=CARTESIAN_POINT('Ctrl Pts',(13.6526652724019,63.218318731289,1.75962934230218));
#1702=CARTESIAN_POINT('Ctrl Pts',(13.0301927853327,61.7008458595353,1.83902614307094));
#1703=CARTESIAN_POINT('Ctrl Pts',(13.9677057239844,60.3550008438253,1.9184229438397));
#1704=CARTESIAN_POINT('Ctrl Pts',(15.6069115391481,60.4130588331021,1.99781974460846));
#1705=CARTESIAN_POINT('Ctrl Pts',(16.4468450936328,61.8217634333683,2.07721654537722));
#1706=CARTESIAN_POINT('Ctrl Pts',(15.7187726283983,63.2915358185543,2.15661334614598));
#1707=CARTESIAN_POINT('Ctrl Pts',(14.0887216907608,63.4762887516673,2.23601014691473));
#1708=CARTESIAN_POINT('Ctrl Pts',(13.0502854690627,62.2076586646872,2.31540694768349));
#1709=CARTESIAN_POINT('Ctrl Pts',(13.5519179974723,60.6455931968936,2.39480374845225));
#1710=CARTESIAN_POINT('Ctrl Pts',(15.1390705957902,60.2234605674878,2.47420054922101));
#1711=CARTESIAN_POINT('Ctrl Pts',(15.944456290603,60.9553131513018,2.52713174973352));
#1712=CARTESIAN_POINT('Ctrl Pts',(16.1033021163158,61.4106954215336,2.55359734998977));
#1713=CARTESIAN_POINT('Ctrl Pts',(13.6429808174186,60.7972515164791,-2.66079204996931));
#1714=CARTESIAN_POINT('Ctrl Pts',(14.0058436953875,60.4343886385101,-2.63432644971306));
#1715=CARTESIAN_POINT('Ctrl Pts',(15.1161107506827,60.1057002800442,-2.58139524920055));
#1716=CARTESIAN_POINT('Ctrl Pts',(16.4416331094063,61.2443948685626,-2.5019984484318));
#1717=CARTESIAN_POINT('Ctrl Pts',(16.1996893593744,62.9732086594688,-2.42260164766304));
#1718=CARTESIAN_POINT('Ctrl Pts',(14.6178038925319,63.7084254948546,-2.34320484689428));
#1719=CARTESIAN_POINT('Ctrl Pts',(13.1413658123121,62.7773419695612,-2.26380804612552));
#1720=CARTESIAN_POINT('Ctrl Pts',(13.1236419387738,61.032212665293,-2.18441124535676));
#1721=CARTESIAN_POINT('Ctrl Pts',(14.5801213299858,60.0709508887078,-2.105014444588));
#1722=CARTESIAN_POINT('Ctrl Pts',(16.1776548322843,60.7736096069676,-2.02561764381924));
#1723=CARTESIAN_POINT('Ctrl Pts',(16.4533914402796,62.4968787829442,-1.94622084305048));
#1724=CARTESIAN_POINT('Ctrl Pts',(15.154966069523,63.6629581413784,-1.86682404228172));
#1725=CARTESIAN_POINT('Ctrl Pts',(13.4711407974186,63.2042190492858,-1.78742724151297));
#1726=CARTESIAN_POINT('Ctrl Pts',(12.94361116447,61.5406690214958,-1.70803044074421));
#1727=CARTESIAN_POINT('Ctrl Pts',(14.0553595756711,60.1954184330642,-1.62863363997545));
#1728=CARTESIAN_POINT('Ctrl Pts',(15.7885003440348,60.4001472421279,-1.54923683920669));
#1729=CARTESIAN_POINT('Ctrl Pts',(16.55620623396,61.9674108553488,-1.46984003843793));
#1730=CARTESIAN_POINT('Ctrl Pts',(15.6555846650626,63.4622581136584,-1.39044323766917));
#1731=CARTESIAN_POINT('Ctrl Pts',(13.9112235291225,63.5160409648622,-1.31104643690041));
#1732=CARTESIAN_POINT('Ctrl Pts',(12.9202205971059,62.0795169964102,-1.23164963613166));
#1733=CARTESIAN_POINT('Ctrl Pts',(13.589915437285,60.467934923777,-1.1522528353629));
#1734=CARTESIAN_POINT('Ctrl Pts',(15.3071507725718,60.1568226400991,-1.07285603459414));
#1735=CARTESIAN_POINT('Ctrl Pts',(16.4996649233737,61.4310274865174,-0.993459233825379));
#1736=CARTESIAN_POINT('Ctrl Pts',(16.0756190677824,63.1239164703166,-0.914062433056621));
#1737=CARTESIAN_POINT('Ctrl Pts',(14.4232599389757,63.6855189264991,-0.834665632287862));
#1738=CARTESIAN_POINT('Ctrl Pts',(13.0554499958471,62.6016444129632,-0.755268831519104));
#1739=CARTESIAN_POINT('Ctrl Pts',(13.2245249230595,60.8646637935457,-0.675872030750345));
#1740=CARTESIAN_POINT('Ctrl Pts',(14.7756835625554,60.0649170339913,-0.596475229981587));
#1741=CARTESIAN_POINT('Ctrl Pts',(16.2887203278883,60.9346340857196,-0.517078429212828));
#1742=CARTESIAN_POINT('Ctrl Pts',(16.3783331550369,62.6775217885841,-0.437681628444069));
#1743=CARTESIAN_POINT('Ctrl Pts',(14.962474576568,63.6978317853317,-0.358284827675311));
#1744=CARTESIAN_POINT('Ctrl Pts',(13.3374725183633,63.0613914390352,-0.278888026906553));
#1745=CARTESIAN_POINT('Ctrl Pts',(12.9911419214626,61.3509110616977,-0.199491226137793));
#1746=CARTESIAN_POINT('Ctrl Pts',(14.2405752068036,60.1324676001057,-0.120094425369035));
#1747=CARTESIAN_POINT('Ctrl Pts',(15.9418196633975,60.5216401871434,-0.040697624600276));
#1748=CARTESIAN_POINT('Ctrl Pts',(16.5372545435259,62.1621112497169,0.0386991761684826));
#1749=CARTESIAN_POINT('Ctrl Pts',(15.4817132077697,63.5519027780103,0.118095976937241));
#1750=CARTESIAN_POINT('Ctrl Pts',(13.7416253060967,63.4185532447722,0.197492777706));
#1751=CARTESIAN_POINT('Ctrl Pts',(12.9101757614295,61.8841544509903,0.276889578474759));
#1752=CARTESIAN_POINT('Ctrl Pts',(13.7486208744589,60.3535670487087,0.356286379243517));
#1753=CARTESIAN_POINT('Ctrl Pts',(15.4892993610638,60.2281620664028,0.435683180012276));
#1754=CARTESIAN_POINT('Ctrl Pts',(16.5384855724562,61.6227574550816,0.515079980781034));
#1755=CARTESIAN_POINT('Ctrl Pts',(15.9355684654559,63.2604933816981,0.594476781549793));
#1756=CARTESIAN_POINT('Ctrl Pts',(14.2325652375284,63.6418960655933,0.673873582318552));
#1757=CARTESIAN_POINT('Ctrl Pts',(12.98870692498,62.4177618786492,0.753270383087309));
#1758=CARTESIAN_POINT('Ctrl Pts',(13.3428419253692,60.7088802558875,0.83266718385607));
#1759=CARTESIAN_POINT('Ctrl Pts',(14.970732273546,60.0798643540129,0.912063984624827));
#1760=CARTESIAN_POINT('Ctrl Pts',(16.3819185953953,61.1066268459448,0.991460785393587));
#1761=CARTESIAN_POINT('Ctrl Pts',(16.2843507379648,62.8490873100564,1.07085758616234));
#1762=CARTESIAN_POINT('Ctrl Pts',(14.7673596913646,63.7118886126385,1.1502543869311));
#1763=CARTESIAN_POINT('Ctrl Pts',(13.2198678144744,62.9050693896272,1.22965118769986));
#1764=CARTESIAN_POINT('Ctrl Pts',(13.058723798736,61.1673351918194,1.30904798846862));
#1765=CARTESIAN_POINT('Ctrl Pts',(14.4314668227465,60.0897155201435,1.38844478923738));
#1766=CARTESIAN_POINT('Ctrl Pts',(16.0812458161216,60.6588552931724,1.46784159000614));
#1767=CARTESIAN_POINT('Ctrl Pts',(16.4975581782343,62.3536613861033,1.54723839077489));
#1768=CARTESIAN_POINT('Ctrl Pts',(15.2992426831317,63.6224112364663,1.62663519154366));
#1769=CARTESIAN_POINT('Ctrl Pts',(13.5834399662564,63.3034596126188,1.70603199231241));
#1770=CARTESIAN_POINT('Ctrl Pts',(12.9211195105287,61.6888447583844,1.78542879308118));
#1771=CARTESIAN_POINT('Ctrl Pts',(13.9186479309445,60.2568446255899,1.86482559384993));
#1772=CARTESIAN_POINT('Ctrl Pts',(15.6627885397005,60.3186192336494,1.94422239461869));
#1773=CARTESIAN_POINT('Ctrl Pts',(16.5564909701589,61.8175029469312,2.02361919538745));
#1774=CARTESIAN_POINT('Ctrl Pts',(15.7818104870948,63.3813637378805,2.10301599615621));
#1775=CARTESIAN_POINT('Ctrl Pts',(14.047410811121,63.5779437464729,2.18241279692496));
#1776=CARTESIAN_POINT('Ctrl Pts',(12.9424984400739,62.2281015047463,2.26180959769373));
#1777=CARTESIAN_POINT('Ctrl Pts',(13.4762432910124,60.5660394313257,2.34120639846248));
#1778=CARTESIAN_POINT('Ctrl Pts',(15.1649984634325,60.1168837155413,2.42060319923124));
#1779=CARTESIAN_POINT('Ctrl Pts',(16.0219414312037,60.8955863038588,2.47353439974375));
#1780=CARTESIAN_POINT('Ctrl Pts',(16.1909558725838,61.3801201571867,2.5));
#1781=CARTESIAN_POINT('',(13.839910055979,60.9941807550395,2.5));
#1782=CARTESIAN_POINT('Ctrl Pts',(16.1909558725838,61.3801201571867,2.5));
#1783=CARTESIAN_POINT('Ctrl Pts',(16.1654842006765,61.3237964794192,2.5));
#1784=CARTESIAN_POINT('Ctrl Pts',(16.1364453437459,61.269343561495,2.5));
#1785=CARTESIAN_POINT('Ctrl Pts',(16.104164894572,61.2169406899818,2.5));
#1786=CARTESIAN_POINT('Ctrl Pts',(16.072409719914,61.1653905294335,2.5));
#1787=CARTESIAN_POINT('Ctrl Pts',(16.0375164164106,61.1158236872309,2.5));
#1788=CARTESIAN_POINT('Ctrl Pts',(15.9997525311593,61.0684463209767,2.5));
#1789=CARTESIAN_POINT('Ctrl Pts',(15.9708830336826,61.032227570008,2.5));
#1790=CARTESIAN_POINT('Ctrl Pts',(15.940334947639,60.9972890321056,2.5));
#1791=CARTESIAN_POINT('Ctrl Pts',(15.9082168148135,60.963740167905,2.5));
#1792=CARTESIAN_POINT('Ctrl Pts',(15.8907903110682,60.9455373847352,2.5));
#1793=CARTESIAN_POINT('Ctrl Pts',(15.8729014690217,60.9277439834805,2.5));
#1794=CARTESIAN_POINT('Ctrl Pts',(15.8545669066295,60.9103795895567,2.5));
#1795=CARTESIAN_POINT('Ctrl Pts',(15.8478865659191,60.9040527372896,2.5));
#1796=CARTESIAN_POINT('Ctrl Pts',(15.8411478983398,60.8977837381142,2.5));
#1797=CARTESIAN_POINT('Ctrl Pts',(15.8343590886394,60.8915800240365,2.5));
#1798=CARTESIAN_POINT('Ctrl Pts',(15.7906376186936,60.851626702236,2.5));
#1799=CARTESIAN_POINT('Ctrl Pts',(15.7447580701309,60.8143005584491,2.5));
#1800=CARTESIAN_POINT('Ctrl Pts',(15.6969769819846,60.7797890036277,2.5));
#1801=CARTESIAN_POINT('Ctrl Pts',(15.6501731863113,60.7459833323276,2.5));
#1802=CARTESIAN_POINT('Ctrl Pts',(15.6015438673872,60.7148779206163,2.5));
#1803=CARTESIAN_POINT('Ctrl Pts',(15.551310291674,60.6866934426791,2.5));
#1804=CARTESIAN_POINT('Ctrl Pts',(15.5136551813316,60.6655663456807,2.5));
#1805=CARTESIAN_POINT('Ctrl Pts',(15.4750981619377,60.6460813832217,2.5));
#1806=CARTESIAN_POINT('Ctrl Pts',(15.4357296391537,60.6283503471515,2.5));
#1807=CARTESIAN_POINT('Ctrl Pts',(15.4157783257946,60.6193645526181,2.5));
#1808=CARTESIAN_POINT('Ctrl Pts',(15.395618580095,60.6108294887725,2.5));
#1809=CARTESIAN_POINT('Ctrl Pts',(15.3752622151192,60.60276145641,2.5));
#1810=CARTESIAN_POINT('Ctrl Pts',(15.3656977784139,60.5989706919508,2.5));
#1811=CARTESIAN_POINT('Ctrl Pts',(15.3560978346207,60.5952862043268,2.5));
#1812=CARTESIAN_POINT('Ctrl Pts',(15.3464670889694,60.591710389199,2.5));
#1813=CARTESIAN_POINT('Ctrl Pts',(15.2942372680404,60.5723178945196,2.5));
#1814=CARTESIAN_POINT('Ctrl Pts',(15.2410702963751,60.5561049684818,2.5));
#1815=CARTESIAN_POINT('Ctrl Pts',(15.1871724818773,60.5432687460132,2.5));
#1816=CARTESIAN_POINT('Ctrl Pts',(15.1469468851294,60.5336886783686,2.5));
#1817=CARTESIAN_POINT('Ctrl Pts',(15.1063138326319,60.5259903834325,2.5));
#1818=CARTESIAN_POINT('Ctrl Pts',(15.0653578509407,60.520274797492,2.5));
#1819=CARTESIAN_POINT('Ctrl Pts',(15.010444683774,60.5126114254217,2.5));
#1820=CARTESIAN_POINT('Ctrl Pts',(14.954949827527,60.5085112421682,2.5));
#1821=CARTESIAN_POINT('Ctrl Pts',(14.89918842148,60.5078922409519,2.5));
#1822=CARTESIAN_POINT('Ctrl Pts',(14.8833590892258,60.507716521281,2.5));
#1823=CARTESIAN_POINT('Ctrl Pts',(14.8675083873917,60.5078216041703,2.5));
#1824=CARTESIAN_POINT('Ctrl Pts',(14.8516438401133,60.5082062306771,2.5));
#1825=CARTESIAN_POINT('Ctrl Pts',(14.8415757374291,60.5084503258346,2.5));
#1826=CARTESIAN_POINT('Ctrl Pts',(14.8315021979214,60.5088071160038,2.5));
#1827=CARTESIAN_POINT('Ctrl Pts',(14.821439447556,60.5092753419049,2.5));
#1828=CARTESIAN_POINT('Ctrl Pts',(14.765843556124,60.5118622525819,2.5));
#1829=CARTESIAN_POINT('Ctrl Pts',(14.7104653445586,60.5178483226031,2.5));
#1830=CARTESIAN_POINT('Ctrl Pts',(14.6556128074567,60.5270990785767,2.5));
#1831=CARTESIAN_POINT('Ctrl Pts',(14.6007819663333,60.5363461755728,2.5));
#1832=CARTESIAN_POINT('Ctrl Pts',(14.5464752772847,60.5488559293145,2.5));
#1833=CARTESIAN_POINT('Ctrl Pts',(14.493019177409,60.5645421343973,2.5));
#1834=CARTESIAN_POINT('Ctrl Pts',(14.4606380211683,60.5740440894369,2.5));
#1835=CARTESIAN_POINT('Ctrl Pts',(14.4285694154467,60.5847124918985,2.5));
#1836=CARTESIAN_POINT('Ctrl Pts',(14.3968918540879,60.596535493733,2.5));
#1837=CARTESIAN_POINT('Ctrl Pts',(14.3804489626,60.6026724666528,2.5));
#1838=CARTESIAN_POINT('Ctrl Pts',(14.3641115177117,60.6091206127223,2.5));
#1839=CARTESIAN_POINT('Ctrl Pts',(14.3478911196888,60.6158787894937,2.5));
#1840=CARTESIAN_POINT('Ctrl Pts',(14.3347685428273,60.6213462690217,2.5));
#1841=CARTESIAN_POINT('Ctrl Pts',(14.3217196894166,60.6270181615072,2.5));
#1842=CARTESIAN_POINT('Ctrl Pts',(14.3087740433641,60.6328830128473,2.5));
#1843=CARTESIAN_POINT('Ctrl Pts',(14.2599085740386,60.6550208584286,2.5));
#1844=CARTESIAN_POINT('Ctrl Pts',(14.2124425831887,60.6799320171916,2.5));
#1845=CARTESIAN_POINT('Ctrl Pts',(14.1666852706499,60.7075459131018,2.5));
#1846=CARTESIAN_POINT('Ctrl Pts',(14.1346142287551,60.726900336766,2.5));
#1847=CARTESIAN_POINT('Ctrl Pts',(14.1033831448957,60.7475833241627,2.5));
#1848=CARTESIAN_POINT('Ctrl Pts',(14.0731103520645,60.769580247902,2.5));
#1849=CARTESIAN_POINT('Ctrl Pts',(14.0608739999182,60.7784714693533,2.5));
#1850=CARTESIAN_POINT('Ctrl Pts',(14.0487927304594,60.7875789509683,2.5));
#1851=CARTESIAN_POINT('Ctrl Pts',(14.0368926203254,60.7968874505989,2.5));
#1852=CARTESIAN_POINT('Ctrl Pts',(13.9965574138803,60.828438440469,2.5));
#1853=CARTESIAN_POINT('Ctrl Pts',(13.9582527766463,60.8623298977608,2.5));
#1854=CARTESIAN_POINT('Ctrl Pts',(13.9222762957556,60.8985132359393,2.5));
#1855=CARTESIAN_POINT('Ctrl Pts',(13.9001553611902,60.9207613612809,2.5));
#1856=CARTESIAN_POINT('Ctrl Pts',(13.8789153799266,60.9438765538354,2.5));
#1857=CARTESIAN_POINT('Ctrl Pts',(13.8586342122396,60.9678522459014,2.5));
#1858=CARTESIAN_POINT('Ctrl Pts',(13.8517805601794,60.9759543953367,2.5));
#1859=CARTESIAN_POINT('Ctrl Pts',(13.8450364663237,60.9841548407486,2.5));
#1860=CARTESIAN_POINT('Ctrl Pts',(13.8384027857021,60.9924509599982,2.5));
#1861=CARTESIAN_POINT('',(13.839910055979,60.9941807550395,-2.5));
#1862=CARTESIAN_POINT('Ctrl Pts',(13.839910055979,60.9941807550395,-2.5));
#1863=CARTESIAN_POINT('Ctrl Pts',(13.871507255802,60.9548525942156,-2.5));
#1864=CARTESIAN_POINT('Ctrl Pts',(13.905514634512,60.9177332802018,-2.5));
#1865=CARTESIAN_POINT('Ctrl Pts',(13.9416129185769,60.8828467955716,-2.5));
#1866=CARTESIAN_POINT('Ctrl Pts',(13.97933951589,60.8463866592685,-2.5));
#1867=CARTESIAN_POINT('Ctrl Pts',(14.0193503133437,60.8123646814186,-2.5));
#1868=CARTESIAN_POINT('Ctrl Pts',(14.0613325608567,60.7808326050934,-2.5));
#1869=CARTESIAN_POINT('Ctrl Pts',(14.095525298476,60.7551510831109,-2.5));
#1870=CARTESIAN_POINT('Ctrl Pts',(14.131026965881,60.7311215521647,-2.5));
#1871=CARTESIAN_POINT('Ctrl Pts',(14.1676887271542,60.7087876842119,-2.5));
#1872=CARTESIAN_POINT('Ctrl Pts',(14.1850842947227,60.6981905307871,-2.5));
#1873=CARTESIAN_POINT('Ctrl Pts',(14.2027412741412,60.6879753623785,-2.5));
#1874=CARTESIAN_POINT('Ctrl Pts',(14.2206448555779,60.6781481594179,-2.5));
#1875=CARTESIAN_POINT('Ctrl Pts',(14.2294290935955,60.6733265269329,-2.5));
#1876=CARTESIAN_POINT('Ctrl Pts',(14.2382649267423,60.6686026022177,-2.5));
#1877=CARTESIAN_POINT('Ctrl Pts',(14.2471470990353,60.6639782752695,-2.5));
#1878=CARTESIAN_POINT('Ctrl Pts',(14.2954957257713,60.6388065210922,-2.5));
#1879=CARTESIAN_POINT('Ctrl Pts',(14.3452432144202,60.6165671713896,-2.5));
#1880=CARTESIAN_POINT('Ctrl Pts',(14.3960612484229,60.5973123220275,-2.5));
#1881=CARTESIAN_POINT('Ctrl Pts',(14.4476581533562,60.5777623600595,-2.5));
#1882=CARTESIAN_POINT('Ctrl Pts',(14.5003595690806,60.5612884452687,-2.5));
#1883=CARTESIAN_POINT('Ctrl Pts',(14.5538583961118,60.5479834216296,-2.5));
#1884=CARTESIAN_POINT('Ctrl Pts',(14.5927235187319,60.5383177634481,-2.5));
#1885=CARTESIAN_POINT('Ctrl Pts',(14.6320103043787,60.5303252670117,-2.5));
#1886=CARTESIAN_POINT('Ctrl Pts',(14.6716085533521,60.524056867879,-2.5));
#1887=CARTESIAN_POINT('Ctrl Pts',(14.6836525392934,60.5221503060237,-2.5));
#1888=CARTESIAN_POINT('Ctrl Pts',(14.6957253684528,60.5204033388205,-2.5));
#1889=CARTESIAN_POINT('Ctrl Pts',(14.7078240036016,60.5188176659017,-2.5));
#1890=CARTESIAN_POINT('Ctrl Pts',(14.7175074018127,60.5175485390857,-2.5));
#1891=CARTESIAN_POINT('Ctrl Pts',(14.7272052473829,60.5163830950953,-2.5));
#1892=CARTESIAN_POINT('Ctrl Pts',(14.7369045428037,60.5153231316743,-2.5));
#1893=CARTESIAN_POINT('Ctrl Pts',(14.7934171816584,60.5091472882334,-2.5));
#1894=CARTESIAN_POINT('Ctrl Pts',(14.8500836359582,60.5065342518204,-2.5));
#1895=CARTESIAN_POINT('Ctrl Pts',(14.9065755848986,60.5075653427947,-2.5));
#1896=CARTESIAN_POINT('Ctrl Pts',(14.9477597539625,60.5083170361917,-2.5));
#1897=CARTESIAN_POINT('Ctrl Pts',(14.9888519656328,60.5110063243961,-2.5));
#1898=CARTESIAN_POINT('Ctrl Pts',(15.0297316311551,60.5156808960004,-2.5));
#1899=CARTESIAN_POINT('Ctrl Pts',(15.0843877614261,60.5219308002328,-2.5));
#1900=CARTESIAN_POINT('Ctrl Pts',(15.1386644501896,60.5317273350896,-2.5));
#1901=CARTESIAN_POINT('Ctrl Pts',(15.1923437096787,60.5448590905877,-2.5));
#1902=CARTESIAN_POINT('Ctrl Pts',(15.2077662699688,60.5486319684704,-2.5));
#1903=CARTESIAN_POINT('Ctrl Pts',(15.2231394999756,60.5526804865972,-2.5));
#1904=CARTESIAN_POINT('Ctrl Pts',(15.2384581495183,60.557000403971,-2.5));
#1905=CARTESIAN_POINT('Ctrl Pts',(15.248240614212,60.5597590961827,-2.5));
#1906=CARTESIAN_POINT('Ctrl Pts',(15.2580007414649,60.5626285614227,-2.5));
#1907=CARTESIAN_POINT('Ctrl Pts',(15.267723453187,60.5656032405047,-2.5));
#1908=CARTESIAN_POINT('Ctrl Pts',(15.3219066916561,60.5821806883066,-2.5));
#1909=CARTESIAN_POINT('Ctrl Pts',(15.3750346853845,60.6020506592892,-2.5));
#1910=CARTESIAN_POINT('Ctrl Pts',(15.4268809807598,60.6249411186143,-2.5));
#1911=CARTESIAN_POINT('Ctrl Pts',(15.4799764141397,60.6483830800762,-2.5));
#1912=CARTESIAN_POINT('Ctrl Pts',(15.5317285621669,60.6749931113849,-2.5));
#1913=CARTESIAN_POINT('Ctrl Pts',(15.581892690476,60.70453490586,-2.5));
#1914=CARTESIAN_POINT('Ctrl Pts',(15.6136629338492,60.7232444904136,-2.5));
#1915=CARTESIAN_POINT('Ctrl Pts',(15.6447961474435,60.7431311181796,-2.5));
#1916=CARTESIAN_POINT('Ctrl Pts',(15.6752272210183,60.7641450567475,-2.5));
#1917=CARTESIAN_POINT('Ctrl Pts',(15.6988090771845,60.7804293220914,-2.5));
#1918=CARTESIAN_POINT('Ctrl Pts',(15.7219692540824,60.7973907152215,-2.5));
#1919=CARTESIAN_POINT('Ctrl Pts',(15.7446758250232,60.8150090227444,-2.5));
#1920=CARTESIAN_POINT('Ctrl Pts',(15.7535809817645,60.8219186433303,-2.5));
#1921=CARTESIAN_POINT('Ctrl Pts',(15.7624092843615,60.8289238684479,-2.5));
#1922=CARTESIAN_POINT('Ctrl Pts',(15.7711571688486,60.8360214890196,-2.5));
#1923=CARTESIAN_POINT('Ctrl Pts',(15.8137659444787,60.8705922384269,-2.5));
#1924=CARTESIAN_POINT('Ctrl Pts',(15.8544824222199,60.9073636070304,-2.5));
#1925=CARTESIAN_POINT('Ctrl Pts',(15.893106496319,60.946154769749,-2.5));
#1926=CARTESIAN_POINT('Ctrl Pts',(15.9223608510225,60.9755356794536,-2.5));
#1927=CARTESIAN_POINT('Ctrl Pts',(15.9504147577533,61.0060760722996,-2.5));
#1928=CARTESIAN_POINT('Ctrl Pts',(15.9771748413545,61.0377092771881,-2.5));
#1929=CARTESIAN_POINT('Ctrl Pts',(15.986311414091,61.0485096573984,-2.5));
#1930=CARTESIAN_POINT('Ctrl Pts',(15.9952981268615,61.0594387926593,-2.5));
#1931=CARTESIAN_POINT('Ctrl Pts',(16.0041278526575,61.0704902496199,-2.5));
#1932=CARTESIAN_POINT('Ctrl Pts',(16.0421698257643,61.1181043248695,-2.5));
#1933=CARTESIAN_POINT('Ctrl Pts',(16.0772016612892,61.1678612219866,-2.5));
#1934=CARTESIAN_POINT('Ctrl Pts',(16.1089472798099,61.2195336078243,-2.5));
#1935=CARTESIAN_POINT('Ctrl Pts',(16.1337316184399,61.2598751090485,-2.5));
#1936=CARTESIAN_POINT('Ctrl Pts',(16.1565126971403,61.3013851714253,-2.5));
#1937=CARTESIAN_POINT('Ctrl Pts',(16.1771441763662,61.3439719451917,-2.5));
#1938=CARTESIAN_POINT('Ctrl Pts',(16.1827655193582,61.3555753236816,-2.5));
#1939=CARTESIAN_POINT('Ctrl Pts',(16.1882271907924,61.3672587057315,-2.5));
#1940=CARTESIAN_POINT('Ctrl Pts',(16.1935298777652,61.3790189463408,-2.5));
#1941=CARTESIAN_POINT('Ctrl Pts',(13.8384027857021,60.9924509599982,2.5));
#1942=CARTESIAN_POINT('Ctrl Pts',(13.5502667624844,61.281553722746,2.47420054922101));
#1943=CARTESIAN_POINT('Ctrl Pts',(13.4136257642274,61.7231034858036,2.44840109844202));
#1944=CARTESIAN_POINT('Ctrl Pts',(13.489674828099,62.1241285713936,2.42260164766304));
#1945=CARTESIAN_POINT('Ctrl Pts',(13.5676875013737,62.5355082437315,2.39613604740678));
#1946=CARTESIAN_POINT('Ctrl Pts',(13.8695154757071,62.904243502894,2.36967044715053));
#1947=CARTESIAN_POINT('Ctrl Pts',(14.2573217063679,63.0617613354494,2.34320484689428));
#1948=CARTESIAN_POINT('Ctrl Pts',(14.6451279370287,63.2192791680048,2.31673924663802));
#1949=CARTESIAN_POINT('Ctrl Pts',(15.118912424017,63.1655795739532,2.29027364638177));
#1950=CARTESIAN_POINT('Ctrl Pts',(15.4616140724404,62.9251305146509,2.26380804612552));
#1951=CARTESIAN_POINT('Ctrl Pts',(15.8043157208637,62.6846814553486,2.23734244586927));
#1952=CARTESIAN_POINT('Ctrl Pts',(16.0159345307221,62.2574829307958,2.21087684561301));
#1953=CARTESIAN_POINT('Ctrl Pts',(15.9996779685618,61.8391592728135,2.18441124535676));
#1954=CARTESIAN_POINT('Ctrl Pts',(15.9834214064015,61.4208356148311,2.1579456451005));
#1955=CARTESIAN_POINT('Ctrl Pts',(15.7392894722225,61.0113868234194,2.13148004484425));
#1956=CARTESIAN_POINT('Ctrl Pts',(15.3790008004698,60.7982249690949,2.105014444588));
#1957=CARTESIAN_POINT('Ctrl Pts',(15.0187121287171,60.5850631147704,2.07854884433175));
#1958=CARTESIAN_POINT('Ctrl Pts',(14.5422667193906,60.5681881975332,2.05208324407549));
#1959=CARTESIAN_POINT('Ctrl Pts',(14.1677970188735,60.7553398691715,2.02561764381924));
#1960=CARTESIAN_POINT('Ctrl Pts',(13.7933273183564,60.9424915408098,1.99915204356299));
#1961=CARTESIAN_POINT('Ctrl Pts',(13.5208333266485,61.3336698013236,1.97268644330674));
#1962=CARTESIAN_POINT('Ctrl Pts',(13.4750490890866,61.7497904160458,1.94622084305048));
#1963=CARTESIAN_POINT('Ctrl Pts',(13.4292648515247,62.165911030768,1.91975524279423));
#1964=CARTESIAN_POINT('Ctrl Pts',(13.6101903681088,62.6069739996986,1.89328964253798));
#1965=CARTESIAN_POINT('Ctrl Pts',(13.9350053121309,62.8710693563129,1.86682404228172));
#1966=CARTESIAN_POINT('Ctrl Pts',(14.259820256153,63.1351647129271,1.84035844202547));
#1967=CARTESIAN_POINT('Ctrl Pts',(14.7285246276131,63.2222924572249,1.81389284176922));
#1968=CARTESIAN_POINT('Ctrl Pts',(15.1265482265595,63.0925646696435,1.78742724151297));
#1969=CARTESIAN_POINT('Ctrl Pts',(15.5245718255059,62.962836882062,1.76096164125671));
#1970=CARTESIAN_POINT('Ctrl Pts',(15.8519146519387,62.6162535626013,1.73449604100046));
#1971=CARTESIAN_POINT('Ctrl Pts',(15.9587242178996,62.2114775321093,1.70803044074421));
#1972=CARTESIAN_POINT('Ctrl Pts',(16.0655337838604,61.8067015016173,1.68156484048795));
#1973=CARTESIAN_POINT('Ctrl Pts',(15.9518100893494,61.343732760094,1.6550992402317));
#1974=CARTESIAN_POINT('Ctrl Pts',(15.6696138786112,61.0345126750317,1.62863363997545));
#1975=CARTESIAN_POINT('Ctrl Pts',(15.387417667873,60.7252925899695,1.6021680397192));
#1976=CARTESIAN_POINT('Ctrl Pts',(14.9367489409076,60.5698211613683,1.57570243946294));
#1977=CARTESIAN_POINT('Ctrl Pts',(14.5239190542167,60.6392716724765,1.54923683920669));
#1978=CARTESIAN_POINT('Ctrl Pts',(14.1110891675258,60.7087221835846,1.52277123895044));
#1979=CARTESIAN_POINT('Ctrl Pts',(13.7360981211095,61.0030946344021,1.49630563869419));
#1980=CARTESIAN_POINT('Ctrl Pts',(13.5706123848857,61.3876285475542,1.46984003843793));
#1981=CARTESIAN_POINT('Ctrl Pts',(13.4051266486619,61.7721624607063,1.44337443818168));
#1982=CARTESIAN_POINT('Ctrl Pts',(13.4491462226306,62.246857836193,1.41690883792542));
#1983=CARTESIAN_POINT('Ctrl Pts',(13.6825195307132,62.5944045850184,1.39044323766917));
#1984=CARTESIAN_POINT('Ctrl Pts',(13.9158928387959,62.9419513338438,1.36397763741292));
#1985=CARTESIAN_POINT('Ctrl Pts',(14.3386198809924,63.1623494560079,1.33751203715667));
#1986=CARTESIAN_POINT('Ctrl Pts',(14.7571809802312,63.154703167434,1.31104643690041));
#1987=CARTESIAN_POINT('Ctrl Pts',(15.1757420794701,63.1470568788601,1.28458083664416));
#1988=CARTESIAN_POINT('Ctrl Pts',(15.5901372357514,62.9113661795482,1.25811523638791));
#1989=CARTESIAN_POINT('Ctrl Pts',(15.8106610782818,62.555527607072,1.23164963613166));
#1990=CARTESIAN_POINT('Ctrl Pts',(16.0311849208122,62.1996890345959,1.2051840358754));
#1991=CARTESIAN_POINT('Ctrl Pts',(16.0578374495919,61.7237025889556,1.17871843561915));
#1992=CARTESIAN_POINT('Ctrl Pts',(15.8784174292573,61.3454694470332,1.1522528353629));
#1993=CARTESIAN_POINT('Ctrl Pts',(15.6989974089227,60.9672363051109,1.12578723510664));
#1994=CARTESIAN_POINT('Ctrl Pts',(15.3135048394739,60.6867564669066,1.09932163485039));
#1995=CARTESIAN_POINT('Ctrl Pts',(14.8984138425795,60.6324304177461,1.07285603459414));
#1996=CARTESIAN_POINT('Ctrl Pts',(14.4833228456852,60.5781043685857,1.04639043433789));
#1997=CARTESIAN_POINT('Ctrl Pts',(14.0386334213452,60.7499321084691,1.01992483408163));
#1998=CARTESIAN_POINT('Ctrl Pts',(13.7679193304766,61.0692528494394,0.99345923382538));
#1999=CARTESIAN_POINT('Ctrl Pts',(13.497205239608,61.3885735904096,0.966993633569127));
#2000=CARTESIAN_POINT('Ctrl Pts',(13.4004664822107,61.8553873324667,0.940528033312875));
#2001=CARTESIAN_POINT('Ctrl Pts',(13.5219889631164,62.2559920517768,0.914062433056622));
#2002=CARTESIAN_POINT('Ctrl Pts',(13.6435114440222,62.6565967710869,0.887596832800369));
#2003=CARTESIAN_POINT('Ctrl Pts',(13.9832951632309,62.9909924676501,0.861131232544114));
#2004=CARTESIAN_POINT('Ctrl Pts',(14.3857909958008,63.1060965922564,0.834665632287862));
#2005=CARTESIAN_POINT('Ctrl Pts',(14.7882868283707,63.2212007168627,0.808200032031609));
#2006=CARTESIAN_POINT('Ctrl Pts',(15.2534947743016,63.1170132695122,0.781734431775356));
#2007=CARTESIAN_POINT('Ctrl Pts',(15.5684479243898,62.8412300795152,0.755268831519104));
#2008=CARTESIAN_POINT('Ctrl Pts',(15.8834010744779,62.5654468895182,0.72880323126285));
#2009=CARTESIAN_POINT('Ctrl Pts',(16.0480994287233,62.1180679568747,0.702337631006597));
#2010=CARTESIAN_POINT('Ctrl Pts',(15.9871459525401,61.7038982713928,0.675872030750344));
#2011=CARTESIAN_POINT('Ctrl Pts',(15.926192476357,61.289728585911,0.649406430494091));
#2012=CARTESIAN_POINT('Ctrl Pts',(15.6395871697452,60.9087681475908,0.622940830237839));
#2013=CARTESIAN_POINT('Ctrl Pts',(15.2585346842605,60.7354163147048,0.596475229981586));
#2014=CARTESIAN_POINT('Ctrl Pts',(14.8774821987758,60.5620644818189,0.570009629725333));
#2015=CARTESIAN_POINT('Ctrl Pts',(14.401982534418,60.5963212543671,0.543544029469081));
#2016=CARTESIAN_POINT('Ctrl Pts',(14.0497140323941,60.822504271251,0.517078429212828));
#2017=CARTESIAN_POINT('Ctrl Pts',(13.6974455303702,61.0486872881348,0.490612828956575));
#2018=CARTESIAN_POINT('Ctrl Pts',(13.46840819068,61.4667965493543,0.464147228700322));
#2019=CARTESIAN_POINT('Ctrl Pts',(13.4674527039449,61.885426387864,0.437681628444069));
#2020=CARTESIAN_POINT('Ctrl Pts',(13.4664972172098,62.3040562263736,0.411216028187816));
#2021=CARTESIAN_POINT('Ctrl Pts',(13.6936235834296,62.7232066421734,0.384750427931563));
#2022=CARTESIAN_POINT('Ctrl Pts',(14.0448559339262,62.9509953394641,0.35828482767531));
#2023=CARTESIAN_POINT('Ctrl Pts',(14.3960882844227,63.1787840367547,0.331819227419057));
#2024=CARTESIAN_POINT('Ctrl Pts',(14.871426619196,63.2152110155362,0.305353627162805));
#2025=CARTESIAN_POINT('Ctrl Pts',(15.253266451852,63.0436004189984,0.278888026906552));
#2026=CARTESIAN_POINT('Ctrl Pts',(15.635106284508,62.8719898224605,0.252422426650299));
#2027=CARTESIAN_POINT('Ctrl Pts',(15.9234476150467,62.4923416506033,0.225956826394046));
#2028=CARTESIAN_POINT('Ctrl Pts',(15.9862910599745,62.0784545209693,0.199491226137793));
#2029=CARTESIAN_POINT('Ctrl Pts',(16.0491345049023,61.6645673913354,0.17302562588154));
#2030=CARTESIAN_POINT('Ctrl Pts',(15.8864800642191,61.2164413039246,0.146560025625287));
#2031=CARTESIAN_POINT('Ctrl Pts',(15.5727890919481,60.9392232876216,0.120094425369034));
#2032=CARTESIAN_POINT('Ctrl Pts',(15.259098119677,60.6620052713186,0.0936288251127816));
#2033=CARTESIAN_POINT('Ctrl Pts',(14.7943706158181,60.5556953261233,0.0671632248565289));
#2034=CARTESIAN_POINT('Ctrl Pts',(14.3913535489919,60.6689609365007,0.040697624600276));
#2035=CARTESIAN_POINT('Ctrl Pts',(13.9883364821657,60.7822265468781,0.0142320243440232));
#2036=CARTESIAN_POINT('Ctrl Pts',(13.6470298523724,61.1150677128282,-0.0122335759122297));
#2037=CARTESIAN_POINT('Ctrl Pts',(13.5236799550368,61.5151135320468,-0.0386991761684826));
#2038=CARTESIAN_POINT('Ctrl Pts',(13.4003300577012,61.9151593512655,-0.0651647764247358));
#2039=CARTESIAN_POINT('Ctrl Pts',(13.4949368928235,62.3824098237527,-0.0916303766809889));
#2040=CARTESIAN_POINT('Ctrl Pts',(13.7641905266948,62.7029629945278,-0.118095976937242));
#2041=CARTESIAN_POINT('Ctrl Pts',(14.0334441605662,63.0235161653028,-0.144561577193495));
#2042=CARTESIAN_POINT('Ctrl Pts',(14.4773445931866,63.1973720343656,-0.171027177449748));
#2043=CARTESIAN_POINT('Ctrl Pts',(14.8926792524082,63.1449413611106,-0.197492777706001));
#2044=CARTESIAN_POINT('Ctrl Pts',(15.3080139116298,63.0925106878555,-0.223958377962253));
#2045=CARTESIAN_POINT('Ctrl Pts',(15.6947827974526,62.8137934722825,-0.250423978218506));
#2046=CARTESIAN_POINT('Ctrl Pts',(15.8759275104084,62.4363832874521,-0.276889578474759));
#2047=CARTESIAN_POINT('Ctrl Pts',(16.0570722233641,62.0589731026218,-0.303355178731012));
#2048=CARTESIAN_POINT('Ctrl Pts',(16.0325927634528,61.582869948534,-0.329820778987264));
#2049=CARTESIAN_POINT('Ctrl Pts',(15.8136955491849,61.2260284371728,-0.356286379243517));
#2050=CARTESIAN_POINT('Ctrl Pts',(15.5947983349169,60.8691869258115,-0.38275197949977));
#2051=CARTESIAN_POINT('Ctrl Pts',(15.1814833662922,60.6316070571767,-0.409217579756024));
#2052=CARTESIAN_POINT('Ctrl Pts',(14.7629615376677,60.6220501945224,-0.435683180012277));
#2053=CARTESIAN_POINT('Ctrl Pts',(14.3444397090432,60.612493331868,-0.462148780268529));
#2054=CARTESIAN_POINT('Ctrl Pts',(13.9207110204187,60.8309594751941,-0.488614380524782));
#2055=CARTESIAN_POINT('Ctrl Pts',(13.6857536489451,61.177437307416,-0.515079980781035));
#2056=CARTESIAN_POINT('Ctrl Pts',(13.4507962774715,61.5239151396378,-0.541545581037288));
#2057=CARTESIAN_POINT('Ctrl Pts',(13.4046102231488,61.9984046607555,-0.568011181293541));
#2058=CARTESIAN_POINT('Ctrl Pts',(13.5683389364374,62.3836899616433,-0.594476781549794));
#2059=CARTESIAN_POINT('Ctrl Pts',(13.732067649726,62.7689752625312,-0.620942381806046));
#2060=CARTESIAN_POINT('Ctrl Pts',(14.105711130626,63.0650563431892,-0.647407982062299));
#2061=CARTESIAN_POINT('Ctrl Pts',(14.5182196412614,63.1363906504395,-0.673873582318552));
#2062=CARTESIAN_POINT('Ctrl Pts',(14.9307281518967,63.2077249576898,-0.700339182574804));
#2063=CARTESIAN_POINT('Ctrl Pts',(15.3821016922675,63.0543124915324,-0.726804782831057));
#2064=CARTESIAN_POINT('Ctrl Pts',(15.6657065856323,62.746383735229,-0.753270383087311));
#2065=CARTESIAN_POINT('Ctrl Pts',(15.949311478997,62.4384549789256,-0.779735983343564));
#2066=CARTESIAN_POINT('Ctrl Pts',(16.0651477253559,61.9760099324762,-0.806201583599817));
#2067=CARTESIAN_POINT('Ctrl Pts',(15.9601868094676,61.5707506812006,-0.83266718385607));
#2068=CARTESIAN_POINT('Ctrl Pts',(15.8552258935793,61.1654914299249,-0.859132784112323));
#2069=CARTESIAN_POINT('Ctrl Pts',(15.5294678154439,60.817417973823,-0.885598384368574));
#2070=CARTESIAN_POINT('Ctrl Pts',(15.1320409170685,60.6858743849717,-0.912063984624827));
#2071=CARTESIAN_POINT('Ctrl Pts',(14.7346140186931,60.5543307961204,-0.93852958488108));
#2072=CARTESIAN_POINT('Ctrl Pts',(14.2655183000778,60.6393170745198,-0.964995185137334));
#2073=CARTESIAN_POINT('Ctrl Pts',(13.9395004553083,60.9019274669971,-0.991460785393587));
#2074=CARTESIAN_POINT('Ctrl Pts',(13.6134826105387,61.1645378594745,-1.01792638564984));
#2075=CARTESIAN_POINT('Ctrl Pts',(13.4305426396149,61.6047723660299,-1.04439198590609));
#2076=CARTESIAN_POINT('Ctrl Pts',(13.474428368944,62.0210966357374,-1.07085758616235));
#2077=CARTESIAN_POINT('Ctrl Pts',(13.518314098273,62.4374209054449,-1.0973231864186));
#2078=CARTESIAN_POINT('Ctrl Pts',(13.789025527855,62.8298349383046,-1.12378878667485));
#2079=CARTESIAN_POINT('Ctrl Pts',(14.162634067921,63.0186960468335,-1.1502543869311));
#2080=CARTESIAN_POINT('Ctrl Pts',(14.5362426079871,63.2075571553624,-1.17671998718736));
#2081=CARTESIAN_POINT('Ctrl Pts',(15.0127482585371,63.1928653395604,-1.20318558744361));
#2082=CARTESIAN_POINT('Ctrl Pts',(15.3740120984882,62.9813463534425,-1.22965118769986));
#2083=CARTESIAN_POINT('Ctrl Pts',(15.7352759384393,62.7698273673246,-1.25611678795612));
#2084=CARTESIAN_POINT('Ctrl Pts',(15.9812979677913,62.3614812108907,-1.28258238821237));
#2085=CARTESIAN_POINT('Ctrl Pts',(15.9994521993814,61.9432440973618,-1.30904798846862));
#2086=CARTESIAN_POINT('Ctrl Pts',(16.0176064309714,61.5250069838329,-1.33551358872487));
#2087=CARTESIAN_POINT('Ctrl Pts',(15.8078928647993,61.096878913209,-1.36197918898113));
#2088=CARTESIAN_POINT('Ctrl Pts',(15.4663157855807,60.854852080418,-1.38844478923738));
#2089=CARTESIAN_POINT('Ctrl Pts',(15.124738706362,60.612825247627,-1.41491038949363));
#2090=CARTESIAN_POINT('Ctrl Pts',(14.6512981140968,60.556899652669,-1.44137598974989));
#2091=CARTESIAN_POINT('Ctrl Pts',(14.2627301331549,60.712677335755,-1.46784159000614));
#2092=CARTESIAN_POINT('Ctrl Pts',(13.874162152213,60.8684550188411,-1.49430719026239));
#2093=CARTESIAN_POINT('Ctrl Pts',(13.5704667825946,61.2359359799713,-1.52077279051864));
#2094=CARTESIAN_POINT('Ctrl Pts',(13.4906715087665,61.6468917349089,-1.5472383907749));
#2095=CARTESIAN_POINT('Ctrl Pts',(13.4108762349384,62.0578474898465,-1.57370399103115));
#2096=CARTESIAN_POINT('Ctrl Pts',(13.5549810569007,62.5122780385915,-1.6001695912874));
#2097=CARTESIAN_POINT('Ctrl Pts',(13.8570180278923,62.8021499971237,-1.62663519154366));
#2098=CARTESIAN_POINT('Ctrl Pts',(14.1590549988838,63.092021955656,-1.65310079179991));
#2099=CARTESIAN_POINT('Ctrl Pts',(14.6190241189045,63.2173353239754,-1.67956639205616));
#2100=CARTESIAN_POINT('Ctrl Pts',(15.0263535570011,63.1207235539615,-1.70603199231241));
#2101=CARTESIAN_POINT('Ctrl Pts',(15.4336829950976,63.0241117839476,-1.73249759256867));
#2102=CARTESIAN_POINT('Ctrl Pts',(15.78837275127,62.7055748756002,-1.75896319282492));
#2103=CARTESIAN_POINT('Ctrl Pts',(15.9280562618027,62.3109344325496,-1.78542879308117));
#2104=CARTESIAN_POINT('Ctrl Pts',(16.0677397723353,61.9162939894991,-1.81189439333743));
#2105=CARTESIAN_POINT('Ctrl Pts',(15.9924170372284,61.4455500117453,-1.83835999359368));
#2106=CARTESIAN_POINT('Ctrl Pts',(15.7365572344128,61.1142056801119,-1.86482559384993));
#2107=CARTESIAN_POINT('Ctrl Pts',(15.4806974315972,60.7828613484785,-1.89129119410618));
#2108=CARTESIAN_POINT('Ctrl Pts',(15.0443005610731,60.5909166629654,-1.91775679436244));
#2109=CARTESIAN_POINT('Ctrl Pts',(14.6271695064345,60.6262378519104,-1.94422239461869));
#2110=CARTESIAN_POINT('Ctrl Pts',(14.2100384517959,60.6615590408554,-1.97068799487494));
#2111=CARTESIAN_POINT('Ctrl Pts',(13.8121732130429,60.9241461042583,-1.9971535951312));
#2112=CARTESIAN_POINT('Ctrl Pts',(13.6156614014099,61.2937973811798,-2.02361919538745));
#2113=CARTESIAN_POINT('Ctrl Pts',(13.4191495897768,61.6634486581014,-2.0500847956437));
#2114=CARTESIAN_POINT('Ctrl Pts',(13.4239912052638,62.1401641485414,-2.07655039589996));
#2115=CARTESIAN_POINT('Ctrl Pts',(13.6280706814495,62.5056935418208,-2.10301599615621));
#2116=CARTESIAN_POINT('Ctrl Pts',(13.8321501576352,62.8712229351001,-2.12948159641246));
#2117=CARTESIAN_POINT('Ctrl Pts',(14.2354674945196,63.1255662312189,-2.15594719666871));
#2118=CARTESIAN_POINT('Ctrl Pts',(14.6531873179438,63.1523185999149,-2.18241279692497));
#2119=CARTESIAN_POINT('Ctrl Pts',(15.0709071413679,63.179070968611,-2.20887839718122));
#2120=CARTESIAN_POINT('Ctrl Pts',(15.5030294513316,62.9782324098844,-2.23534399743747));
#2121=CARTESIAN_POINT('Ctrl Pts',(15.7521363907071,62.6416838327677,-2.26180959769373));
#2122=CARTESIAN_POINT('Ctrl Pts',(16.0012433300825,62.305135255651,-2.28827519794998));
#2123=CARTESIAN_POINT('Ctrl Pts',(16.0673348988695,61.8328766601443,-2.31474079820623));
#2124=CARTESIAN_POINT('Ctrl Pts',(15.919334774578,61.4412192453914,-2.34120639846248));
#2125=CARTESIAN_POINT('Ctrl Pts',(15.7713346502865,61.0495618306385,-2.36767199871874));
#2126=CARTESIAN_POINT('Ctrl Pts',(15.4092428329164,60.7385055966394,-2.39413759897499));
#2127=CARTESIAN_POINT('Ctrl Pts',(15.000728892569,60.6503181195103,-2.42060319923124));
#2128=CARTESIAN_POINT('Ctrl Pts',(14.5922149522215,60.5621306423812,-2.4470687994875));
#2129=CARTESIAN_POINT('Ctrl Pts',(14.1372788888965,60.696811922122,-2.47353439974375));
#2130=CARTESIAN_POINT('Ctrl Pts',(13.839910055979,60.9941807550395,-2.5));
#2131=CARTESIAN_POINT('Ctrl Pts',(15.4048873889763,63.2778573512661,-2.5));
#2132=CARTESIAN_POINT('Ctrl Pts',(14.9427589579553,63.5009632670504,-2.47353439974375));
#2133=CARTESIAN_POINT('Ctrl Pts',(13.7861827775434,63.445638777074,-2.42060319923124));
#2134=CARTESIAN_POINT('Ctrl Pts',(12.9096537487188,61.9339077659257,-2.34120639846249));
#2135=CARTESIAN_POINT('Ctrl Pts',(13.7074944246134,60.3812376513309,-2.26180959769372));
#2136=CARTESIAN_POINT('Ctrl Pts',(15.4432681345987,60.2080461455635,-2.18241279692497));
#2137=CARTESIAN_POINT('Ctrl Pts',(16.5306708223083,61.5734549526387,-2.10301599615621));
#2138=CARTESIAN_POINT('Ctrl Pts',(15.9726360926803,63.2270533805,-2.02361919538745));
#2139=CARTESIAN_POINT('Ctrl Pts',(14.28082217554,63.6549811639241,-1.94422239461869));
#2140=CARTESIAN_POINT('Ctrl Pts',(13.0038472747818,62.4653687497414,-1.86482559384993));
#2141=CARTESIAN_POINT('Ctrl Pts',(13.3110651673975,60.7474326151193,-1.78542879308117));
#2142=CARTESIAN_POINT('Ctrl Pts',(14.921101583755,60.0740587829858,-1.70603199231241));
#2143=CARTESIAN_POINT('Ctrl Pts',(16.35989018892,61.0617816721928,-1.62663519154366));
#2144=CARTESIAN_POINT('Ctrl Pts',(16.3100855789548,62.8062603251563,-1.5472383907749));
#2145=CARTESIAN_POINT('Ctrl Pts',(14.8172993883863,63.7102919206374,-1.46784159000614));
#2146=CARTESIAN_POINT('Ctrl Pts',(13.2482868665264,62.9461645924854,-1.38844478923738));
#2147=CARTESIAN_POINT('Ctrl Pts',(13.039603140628,61.2134964968788,-1.30904798846862));
#2148=CARTESIAN_POINT('Ctrl Pts',(14.382312815366,60.0986788770291,-1.22965118769986));
#2149=CARTESIAN_POINT('Ctrl Pts',(16.0470621754949,60.6224135383724,-1.1502543869311));
#2150=CARTESIAN_POINT('Ctrl Pts',(16.5096441842481,62.3051808628797,-1.07085758616235));
#2151=CARTESIAN_POINT('Ctrl Pts',(15.3465294562723,63.6062773794314,-0.991460785393585));
#2152=CARTESIAN_POINT('Ctrl Pts',(13.6226393008842,63.334448679771,-0.912063984624828));
#2153=CARTESIAN_POINT('Ctrl Pts',(12.9163283993892,61.7385749501348,-0.832667183856068));
#2154=CARTESIAN_POINT('Ctrl Pts',(13.8742789322969,60.2798018918337,-0.75327038308731));
#2155=CARTESIAN_POINT('Ctrl Pts',(15.6194131817969,60.2937489549386,-0.673873582318551));
#2156=CARTESIAN_POINT('Ctrl Pts',(16.5539258977086,61.767646524454,-0.594476781549793));
#2157=CARTESIAN_POINT('Ctrl Pts',(15.8221984858498,63.3520274944189,-0.515079980781034));
#2158=CARTESIAN_POINT('Ctrl Pts',(14.0941839276772,63.5962686683685,-0.435683180012276));
#2159=CARTESIAN_POINT('Ctrl Pts',(12.9520130680644,62.2767483802421,-0.356286379243517));
#2160=CARTESIAN_POINT('Ctrl Pts',(13.4414315791621,60.6015894073118,-0.276889578474758));
#2161=CARTESIAN_POINT('Ctrl Pts',(15.1143389990189,60.104529221536,-0.197492777706));
#2162=CARTESIAN_POINT('Ctrl Pts',(16.4390593264236,61.2406648286415,-0.118095976937241));
#2163=CARTESIAN_POINT('Ctrl Pts',(16.2027087463393,62.9697762961035,-0.038699176168482));
#2164=CARTESIAN_POINT('Ctrl Pts',(14.6216844765842,63.7087284745755,0.0406976246002766));
#2165=CARTESIAN_POINT('Ctrl Pts',(13.1435363949624,62.7809535490683,0.120094425369035));
#2166=CARTESIAN_POINT('Ctrl Pts',(13.1216232802259,61.035901148988,0.199491226137794));
#2167=CARTESIAN_POINT('Ctrl Pts',(14.5760082820564,60.0713015791844,0.278888026906552));
#2168=CARTESIAN_POINT('Ctrl Pts',(16.1750895572952,60.7703202761824,0.358284827675311));
#2169=CARTESIAN_POINT('Ctrl Pts',(16.4547846444744,62.4929516128019,0.437681628444069));
#2170=CARTESIAN_POINT('Ctrl Pts',(15.1590110804091,63.6619935001026,0.517078429212828));
#2171=CARTESIAN_POINT('Ctrl Pts',(13.4741496818686,63.2070977636605,0.596475229981587));
#2172=CARTESIAN_POINT('Ctrl Pts',(12.9428212408635,61.5447565976876,0.675872030750345));
#2173=CARTESIAN_POINT('Ctrl Pts',(14.0514979990047,60.1969717820697,0.755268831519105));
#2174=CARTESIAN_POINT('Ctrl Pts',(15.7851007207205,60.397744451732,0.834665632287863));
#2175=CARTESIAN_POINT('Ctrl Pts',(16.5563821681553,61.9632517171861,0.914062433056622));
#2176=CARTESIAN_POINT('Ctrl Pts',(15.6591745790998,63.460150712197,0.99345923382538));
#2177=CARTESIAN_POINT('Ctrl Pts',(13.9149408316985,63.5179147575941,1.07285603459414));
#2178=CARTESIAN_POINT('Ctrl Pts',(12.9206616769319,62.083656387495,1.1522528353629));
#2179=CARTESIAN_POINT('Ctrl Pts',(13.5866765326671,60.4705499967826,1.23164963613166));
#2180=CARTESIAN_POINT('Ctrl Pts',(15.3031972824256,60.1555190476677,1.31104643690041));
#2181=CARTESIAN_POINT('Ctrl Pts',(16.4986166634387,61.4269988670278,1.39044323766917));
#2182=CARTESIAN_POINT('Ctrl Pts',(16.0784356448125,63.1208511356003,1.46984003843793));
#2183=CARTESIAN_POINT('Ctrl Pts',(14.4273628589104,63.6862238291765,1.54923683920669));
#2184=CARTESIAN_POINT('Ctrl Pts',(13.0570821263433,62.6054733578201,1.62863363997545));
#2185=CARTESIAN_POINT('Ctrl Pts',(13.2221931005598,60.8681126864069,1.70803044074421));
#2186=CARTESIAN_POINT('Ctrl Pts',(14.771520402713,60.0648249542575,1.78742724151297));
#2187=CARTESIAN_POINT('Ctrl Pts',(16.2865422074486,60.9310917072797,1.86682404228172));
#2188=CARTESIAN_POINT('Ctrl Pts',(16.3801249734674,62.6737597323793,1.94622084305048));
#2189=CARTESIAN_POINT('Ctrl Pts',(14.9666144097477,63.6973198343939,2.02561764381924));
#2190=CARTESIAN_POINT('Ctrl Pts',(13.3401328845242,63.0645478049469,2.105014444588));
#2191=CARTESIAN_POINT('Ctrl Pts',(12.989961132913,61.3549466051258,2.18441124535676));
#2192=CARTESIAN_POINT('Ctrl Pts',(14.2364866083012,60.133486511916,2.26380804612552));
#2193=CARTESIAN_POINT('Ctrl Pts',(15.9388614295217,60.5191104008946,2.34320484689427));
#2194=CARTESIAN_POINT('Ctrl Pts',(16.5375466538531,62.1575491919742,2.42260164766304));
#2195=CARTESIAN_POINT('Ctrl Pts',(15.4861705954614,63.5510852025272,2.50199844843179));
#2196=CARTESIAN_POINT('Ctrl Pts',(13.7437063963111,63.4189780372445,2.58139524920055));
#2197=CARTESIAN_POINT('Ctrl Pts',(13.1910465807894,62.4014828831554,2.63432644971306));
#2198=CARTESIAN_POINT('Ctrl Pts',(13.1910465807894,61.8883172798499,2.66079204996931));
#2199=CARTESIAN_POINT('Ctrl Pts',(15.3645268002789,63.1942568090562,-2.55359734998977));
#2200=CARTESIAN_POINT('Ctrl Pts',(14.9302019484412,63.4039397398446,-2.52713174973352));
#2201=CARTESIAN_POINT('Ctrl Pts',(13.8432102282248,63.3519438025704,-2.47420054922101));
#2202=CARTESIAN_POINT('Ctrl Pts',(13.0194168517068,61.9311648516089,-2.39480374845225));
#2203=CARTESIAN_POINT('Ctrl Pts',(13.7692560957076,60.4719098648851,-2.31540694768349));
#2204=CARTESIAN_POINT('Ctrl Pts',(15.4005983997238,60.3091382844485,-2.23601014691474));
#2205=CARTESIAN_POINT('Ctrl Pts',(16.4225783938653,61.5923983871015,-2.15661334614598));
#2206=CARTESIAN_POINT('Ctrl Pts',(15.8981173674564,63.1465094176503,-2.07721654537721));
#2207=CARTESIAN_POINT('Ctrl Pts',(14.3080900512933,63.548691275889,-1.99781974460846));
#2208=CARTESIAN_POINT('Ctrl Pts',(13.1079433012936,62.4306509198937,-1.9184229438397));
#2209=CARTESIAN_POINT('Ctrl Pts',(13.3966776806033,60.8160730081044,-1.83902614307094));
#2210=CARTESIAN_POINT('Ctrl Pts',(14.9098475724511,60.1832121619827,-1.75962934230218));
#2211=CARTESIAN_POINT('Ctrl Pts',(16.2620726376424,61.1115095111932,-1.68023254153343));
#2212=CARTESIAN_POINT('Ctrl Pts',(16.2152644813119,62.751033032411,-1.60083574076466));
#2213=CARTESIAN_POINT('Ctrl Pts',(14.8122905512907,63.6006743061506,-1.52143893999591));
#2214=CARTESIAN_POINT('Ctrl Pts',(13.3376763848721,62.882520073892,-1.44204213922715));
#2215=CARTESIAN_POINT('Ctrl Pts',(13.1415479447078,61.2540965375047,-1.36264533845839));
#2216=CARTESIAN_POINT('Ctrl Pts',(14.4034745897601,60.2063510081991,-1.28324853768963));
#2217=CARTESIAN_POINT('Ctrl Pts',(15.9680656658545,60.6985756018853,-1.20385173692087));
#2218=CARTESIAN_POINT('Ctrl Pts',(16.402816806291,62.280100606264,-1.12445493615212));
#2219=CARTESIAN_POINT('Ctrl Pts',(15.3096799248785,63.5029177147666,-1.04505813538336));
#2220=CARTESIAN_POINT('Ctrl Pts',(13.689506211114,63.2474433665547,-0.965661334614598));
#2221=CARTESIAN_POINT('Ctrl Pts',(13.0256899274773,61.7475840749622,-0.886264533845838));
#2222=CARTESIAN_POINT('Ctrl Pts',(13.9260061498612,60.3765769049169,-0.806867733077081));
#2223=CARTESIAN_POINT('Ctrl Pts',(15.5661458241861,60.3896848543744,-0.727470932308321));
#2224=CARTESIAN_POINT('Ctrl Pts',(16.444434346669,61.7749065817833,-0.648074131539563));
#2225=CARTESIAN_POINT('Ctrl Pts',(15.7567307162323,63.2639645661932,-0.568677330770804));
#2226=CARTESIAN_POINT('Ctrl Pts',(14.1326807410044,63.4935111696208,-0.489280530002046));
#2227=CARTESIAN_POINT('Ctrl Pts',(13.05922765724,62.253378740696,-0.409883729233287));
#2228=CARTESIAN_POINT('Ctrl Pts',(13.5192007038009,60.6790043376427,-0.330486928464529));
#2229=CARTESIAN_POINT('Ctrl Pts',(15.0914590166303,60.2118493715123,-0.25109012769577));
#2230=CARTESIAN_POINT('Ctrl Pts',(16.3364786287224,61.2796303088017,-0.171693326927011));
#2231=CARTESIAN_POINT('Ctrl Pts',(16.1143478880317,62.9047111986685,-0.0922965261582522));
#2232=CARTESIAN_POINT('Ctrl Pts',(14.6284446507084,63.5992049235426,-0.0128997253894936));
#2233=CARTESIAN_POINT('Ctrl Pts',(13.2392281397783,62.7272488178137,0.0664970753792649));
#2234=CARTESIAN_POINT('Ctrl Pts',(13.2186334096722,61.0871860685052,0.145893876148024));
#2235=CARTESIAN_POINT('Ctrl Pts',(14.5855165270763,60.1806208430935,0.225290676916782));
#2236=CARTESIAN_POINT('Ctrl Pts',(16.0883903849131,60.8375836517542,0.304687477685541));
#2237=CARTESIAN_POINT('Ctrl Pts',(16.3512578458708,62.4565742825518,0.384084278454299));
#2238=CARTESIAN_POINT('Ctrl Pts',(15.1334434387707,63.5552817205952,0.463481079223058));
#2239=CARTESIAN_POINT('Ctrl Pts',(13.5499503486108,63.1277544141808,0.542877879991817));
#2240=CARTESIAN_POINT('Ctrl Pts',(13.0505888488068,61.5654266452103,0.622274680760575));
#2241=CARTESIAN_POINT('Ctrl Pts',(14.0925629763275,60.2987302009791,0.701671481529334));
#2242=CARTESIAN_POINT('Ctrl Pts',(15.7218649078083,60.4874235471372,0.781068282298093));
#2243=CARTESIAN_POINT('Ctrl Pts',(16.4467428376128,61.9587433480356,0.860465083066851));
#2244=CARTESIAN_POINT('Ctrl Pts',(15.603515009532,63.3655826389827,0.93986188383561));
#2245=CARTESIAN_POINT('Ctrl Pts',(13.9642216593334,63.4198713578205,1.01925868460437));
#2246=CARTESIAN_POINT('Ctrl Pts',(13.0297624969199,62.0719039698068,1.09865548537313));
#2247=CARTESIAN_POINT('Ctrl Pts',(13.6557071134409,60.5558488061008,1.17805228614189));
#2248=CARTESIAN_POINT('Ctrl Pts',(15.2689547958398,60.2597714364478,1.25744908691064));
#2249=CARTESIAN_POINT('Ctrl Pts',(16.3924527472543,61.4547537121284,1.3368458876794));
#2250=CARTESIAN_POINT('Ctrl Pts',(15.9975515760438,63.0466967439765,1.41624268844816));
#2251=CARTESIAN_POINT('Ctrl Pts',(14.4458142342708,63.5780542517326,1.49563948921692));
#2252=CARTESIAN_POINT('Ctrl Pts',(13.1579753215395,62.5623262487869,1.57503628998568));
#2253=CARTESIAN_POINT('Ctrl Pts',(13.3131525289988,60.9294924615794,1.65443309075444));
#2254=CARTESIAN_POINT('Ctrl Pts',(14.7692658208582,60.1745338790096,1.7338298915232));
#2255=CARTESIAN_POINT('Ctrl Pts',(16.1931375775016,60.9886824011576,1.81322669229195));
#2256=CARTESIAN_POINT('Ctrl Pts',(16.2810900129228,62.6265042294565,1.89262349306071));
#2257=CARTESIAN_POINT('Ctrl Pts',(14.9526221564824,63.5884826748691,1.97202029382947));
#2258=CARTESIAN_POINT('Ctrl Pts',(13.4239965622969,62.9937808571743,2.05141709459823));
#2259=CARTESIAN_POINT('Ctrl Pts',(13.0948926077961,61.3870364156488,2.13081389536699));
#2260=CARTESIAN_POINT('Ctrl Pts',(14.2664218972055,60.2390644701941,2.21021069613575));
#2261=CARTESIAN_POINT('Ctrl Pts',(15.8663747292901,60.601487613206,2.2896074969045));
#2262=CARTESIAN_POINT('Ctrl Pts',(16.4290405466273,62.1413510741243,2.36900429767327));
#2263=CARTESIAN_POINT('Ctrl Pts',(15.4409196691088,63.4510461300569,2.44840109844202));
#2264=CARTESIAN_POINT('Ctrl Pts',(13.8032894037376,63.326887084353,2.52779789921078));
#2265=CARTESIAN_POINT('Ctrl Pts',(13.2838799141227,62.3706086942332,2.58072909972329));
#2266=CARTESIAN_POINT('Ctrl Pts',(13.2838799141227,61.8883172798499,2.60719469997954));
#2267=CARTESIAN_POINT('Ctrl Pts',(15.3241662115816,63.1106562668464,-2.60719469997954));
#2268=CARTESIAN_POINT('Ctrl Pts',(14.9176449389271,63.3069162126389,-2.58072909972329));
#2269=CARTESIAN_POINT('Ctrl Pts',(13.9002376789061,63.2582488280669,-2.52779789921078));
#2270=CARTESIAN_POINT('Ctrl Pts',(13.1291799546949,61.9284219372922,-2.44840109844202));
#2271=CARTESIAN_POINT('Ctrl Pts',(13.8310177668018,60.5625820784394,-2.36900429767326));
#2272=CARTESIAN_POINT('Ctrl Pts',(15.357928664849,60.4102304233335,-2.28960749690451));
#2273=CARTESIAN_POINT('Ctrl Pts',(16.3144859654222,61.6113418215643,-2.21021069613575));
#2274=CARTESIAN_POINT('Ctrl Pts',(15.8235986422324,63.0659654548006,-2.13081389536699));
#2275=CARTESIAN_POINT('Ctrl Pts',(14.3353579270466,63.4424013878538,-2.05141709459823));
#2276=CARTESIAN_POINT('Ctrl Pts',(13.2120393278054,62.3959330900461,-1.97202029382947));
#2277=CARTESIAN_POINT('Ctrl Pts',(13.4822901938091,60.8847134010893,-1.89262349306071));
#2278=CARTESIAN_POINT('Ctrl Pts',(14.8985935611471,60.2923655409796,-1.81322669229195));
#2279=CARTESIAN_POINT('Ctrl Pts',(16.1642550863647,61.1612373501935,-1.7338298915232));
#2280=CARTESIAN_POINT('Ctrl Pts',(16.1204433836689,62.6958057396658,-1.65443309075444));
#2281=CARTESIAN_POINT('Ctrl Pts',(14.8072817141951,63.4910566916638,-1.57503628998568));
#2282=CARTESIAN_POINT('Ctrl Pts',(13.4270659032178,62.8188755552985,-1.49563948921692));
#2283=CARTESIAN_POINT('Ctrl Pts',(13.2434927487875,61.2946965781307,-1.41624268844816));
#2284=CARTESIAN_POINT('Ctrl Pts',(14.4246363641542,60.314023139369,-1.3368458876794));
#2285=CARTESIAN_POINT('Ctrl Pts',(15.8890691562141,60.7747376653983,-1.25744908691064));
#2286=CARTESIAN_POINT('Ctrl Pts',(16.2959894283339,62.2550203496484,-1.17805228614189));
#2287=CARTESIAN_POINT('Ctrl Pts',(15.2728303934847,63.3995580501017,-1.09865548537313));
#2288=CARTESIAN_POINT('Ctrl Pts',(13.7563731213438,63.1604380533386,-1.01925868460437));
#2289=CARTESIAN_POINT('Ctrl Pts',(13.1350514555654,61.7565931997894,-0.939861883835609));
#2290=CARTESIAN_POINT('Ctrl Pts',(13.9777333674255,60.4733519180003,-0.86046508306685));
#2291=CARTESIAN_POINT('Ctrl Pts',(15.5128784665752,60.48562075381,-0.781068282298091));
#2292=CARTESIAN_POINT('Ctrl Pts',(16.3349427956295,61.7821666391128,-0.701671481529334));
#2293=CARTESIAN_POINT('Ctrl Pts',(15.6912629466149,63.1759016379673,-0.622274680760574));
#2294=CARTESIAN_POINT('Ctrl Pts',(14.1711775543316,63.3907536708733,-0.542877879991816));
#2295=CARTESIAN_POINT('Ctrl Pts',(13.1664422464156,62.2300091011499,-0.463481079223057));
#2296=CARTESIAN_POINT('Ctrl Pts',(13.5969698284397,60.7564192679736,-0.384084278454298));
#2297=CARTESIAN_POINT('Ctrl Pts',(15.0685790342417,60.3191695214887,-0.304687477685541));
#2298=CARTESIAN_POINT('Ctrl Pts',(16.2338979310211,61.3185957889618,-0.225290676916781));
#2299=CARTESIAN_POINT('Ctrl Pts',(16.0259870297242,62.8396461012335,-0.145893876148022));
#2300=CARTESIAN_POINT('Ctrl Pts',(14.6352048248327,63.4896813725097,-0.0664970753792638));
#2301=CARTESIAN_POINT('Ctrl Pts',(13.3349198845942,62.6735440865592,0.0128997253894947));
#2302=CARTESIAN_POINT('Ctrl Pts',(13.3156435391185,61.1384709880224,0.0922965261582533));
#2303=CARTESIAN_POINT('Ctrl Pts',(14.5950247720962,60.2899401070027,0.171693326927012));
#2304=CARTESIAN_POINT('Ctrl Pts',(16.001691212531,60.9048470273259,0.251090127695771));
#2305=CARTESIAN_POINT('Ctrl Pts',(16.2477310472671,62.4201969523019,0.330486928464529));
#2306=CARTESIAN_POINT('Ctrl Pts',(15.1078757971323,63.4485699410876,0.409883729233288));
#2307=CARTESIAN_POINT('Ctrl Pts',(13.6257510153529,63.0484110647012,0.489280530002046));
#2308=CARTESIAN_POINT('Ctrl Pts',(13.1583564567501,61.5860966927329,0.568677330770806));
#2309=CARTESIAN_POINT('Ctrl Pts',(14.1336279536502,60.4004886198885,0.648074131539563));
#2310=CARTESIAN_POINT('Ctrl Pts',(15.658629094896,60.5771026425425,0.727470932308323));
#2311=CARTESIAN_POINT('Ctrl Pts',(16.3371035070702,61.9542349788849,0.80686773307708));
#2312=CARTESIAN_POINT('Ctrl Pts',(15.5478554399642,63.2710145657685,0.88626453384584));
#2313=CARTESIAN_POINT('Ctrl Pts',(14.0135024869683,63.321827958047,0.965661334614599));
#2314=CARTESIAN_POINT('Ctrl Pts',(13.1388633169079,62.0601515521184,1.04505813538336));
#2315=CARTESIAN_POINT('Ctrl Pts',(13.7247376942148,60.6411476154191,1.12445493615212));
#2316=CARTESIAN_POINT('Ctrl Pts',(15.234712309254,60.3640238252277,1.20385173692087));
#2317=CARTESIAN_POINT('Ctrl Pts',(16.2862888310698,61.4825085572291,1.28324853768963));
#2318=CARTESIAN_POINT('Ctrl Pts',(15.9166675072751,62.9725423523527,1.36264533845839));
#2319=CARTESIAN_POINT('Ctrl Pts',(14.4642656096312,63.4698846742889,1.44204213922715));
#2320=CARTESIAN_POINT('Ctrl Pts',(13.2588685167357,62.5191791397537,1.52143893999591));
#2321=CARTESIAN_POINT('Ctrl Pts',(13.4041119574377,60.990872236752,1.60083574076467));
#2322=CARTESIAN_POINT('Ctrl Pts',(14.7670112390035,60.2842428037617,1.68023254153343));
#2323=CARTESIAN_POINT('Ctrl Pts',(16.0997329475546,61.0462730950355,1.75962934230218));
#2324=CARTESIAN_POINT('Ctrl Pts',(16.1820550523782,62.5792487265337,1.83902614307095));
#2325=CARTESIAN_POINT('Ctrl Pts',(14.9386299032171,63.4796455153443,1.9184229438397));
#2326=CARTESIAN_POINT('Ctrl Pts',(13.5078602400696,62.9230139094015,1.99781974460846));
#2327=CARTESIAN_POINT('Ctrl Pts',(13.1998240826791,61.4191262261718,2.07721654537722));
#2328=CARTESIAN_POINT('Ctrl Pts',(14.2963571861098,60.3446424284722,2.15661334614598));
#2329=CARTESIAN_POINT('Ctrl Pts',(15.7938880290586,60.6838648255173,2.23601014691474));
#2330=CARTESIAN_POINT('Ctrl Pts',(16.3205344394015,62.1251529562746,2.3154069476835));
#2331=CARTESIAN_POINT('Ctrl Pts',(15.3956687427563,63.3510070575864,2.39480374845225));
#2332=CARTESIAN_POINT('Ctrl Pts',(13.8628724111641,63.2347961314617,2.47420054922101));
#2333=CARTESIAN_POINT('Ctrl Pts',(13.3767132474561,62.3397345053111,2.52713174973352));
#2334=CARTESIAN_POINT('Ctrl Pts',(13.3767132474561,61.8883172798499,2.55359734998977));
#2335=CARTESIAN_POINT('Ctrl Pts',(15.2838056228842,63.0270557246365,-2.66079204996931));
#2336=CARTESIAN_POINT('Ctrl Pts',(14.905087929413,63.2098926854332,-2.63432644971306));
#2337=CARTESIAN_POINT('Ctrl Pts',(13.9572651295875,63.1645538535633,-2.58139524920055));
#2338=CARTESIAN_POINT('Ctrl Pts',(13.2389430576829,61.9256790229755,-2.50199844843179));
#2339=CARTESIAN_POINT('Ctrl Pts',(13.892779437896,60.6532542919936,-2.42260164766303));
#2340=CARTESIAN_POINT('Ctrl Pts',(15.3152589299741,60.5113225622185,-2.34320484689428));
#2341=CARTESIAN_POINT('Ctrl Pts',(16.2063935369791,61.6302852560272,-2.26380804612552));
#2342=CARTESIAN_POINT('Ctrl Pts',(15.7490799170085,62.985421491951,-2.18441124535676));
#2343=CARTESIAN_POINT('Ctrl Pts',(14.3626258027999,63.3361114998187,-2.105014444588));
#2344=CARTESIAN_POINT('Ctrl Pts',(13.3161353543172,62.3612152601985,-2.02561764381924));
#2345=CARTESIAN_POINT('Ctrl Pts',(13.5679027070149,60.9533537940742,-1.94622084305048));
#2346=CARTESIAN_POINT('Ctrl Pts',(14.8873395498432,60.4015189199765,-1.86682404228172));
#2347=CARTESIAN_POINT('Ctrl Pts',(16.066437535087,61.2109651891938,-1.78742724151297));
#2348=CARTESIAN_POINT('Ctrl Pts',(16.025622286026,62.6405784469205,-1.70803044074421));
#2349=CARTESIAN_POINT('Ctrl Pts',(14.8022728770994,63.381439077177,-1.62863363997545));
#2350=CARTESIAN_POINT('Ctrl Pts',(13.5164554215635,62.7552310367052,-1.54923683920669));
#2351=CARTESIAN_POINT('Ctrl Pts',(13.3454375528671,61.3352966187565,-1.46984003843793));
#2352=CARTESIAN_POINT('Ctrl Pts',(14.4457981385484,60.4216952705389,-1.39044323766917));
#2353=CARTESIAN_POINT('Ctrl Pts',(15.8100726465737,60.8508997289113,-1.31104643690041));
#2354=CARTESIAN_POINT('Ctrl Pts',(16.1891620503769,62.2299400930327,-1.23164963613166));
#2355=CARTESIAN_POINT('Ctrl Pts',(15.2359808620908,63.2961983854369,-1.1522528353629));
#2356=CARTESIAN_POINT('Ctrl Pts',(13.8232400315735,63.0734327401223,-1.07285603459414));
#2357=CARTESIAN_POINT('Ctrl Pts',(13.2444129836536,61.7656023246167,-0.993459233825378));
#2358=CARTESIAN_POINT('Ctrl Pts',(14.0294605849898,60.5701269310836,-0.914062433056621));
#2359=CARTESIAN_POINT('Ctrl Pts',(15.4596111089644,60.5815566532457,-0.834665632287861));
#2360=CARTESIAN_POINT('Ctrl Pts',(16.22545124459,61.7894266964421,-0.755268831519104));
#2361=CARTESIAN_POINT('Ctrl Pts',(15.6257951769974,63.0878387097414,-0.675872030750344));
#2362=CARTESIAN_POINT('Ctrl Pts',(14.2096743676589,63.2879961721257,-0.596475229981587));
#2363=CARTESIAN_POINT('Ctrl Pts',(13.2736568355912,62.2066394616037,-0.517078429212827));
#2364=CARTESIAN_POINT('Ctrl Pts',(13.6747389530786,60.8338341983045,-0.437681628444069));
#2365=CARTESIAN_POINT('Ctrl Pts',(15.045699051853,60.426489671465,-0.358284827675311));
#2366=CARTESIAN_POINT('Ctrl Pts',(16.1313172333198,61.3575612691221,-0.278888026906551));
#2367=CARTESIAN_POINT('Ctrl Pts',(15.9376261714166,62.7745810037985,-0.199491226137793));
#2368=CARTESIAN_POINT('Ctrl Pts',(14.6419649989569,63.3801578214769,-0.120094425369034));
#2369=CARTESIAN_POINT('Ctrl Pts',(13.4306116294101,62.6198393553046,-0.0406976246002756));
#2370=CARTESIAN_POINT('Ctrl Pts',(13.4126536685648,61.1897559075397,0.0386991761684833));
#2371=CARTESIAN_POINT('Ctrl Pts',(14.6045330171161,60.3992593709117,0.118095976937242));
#2372=CARTESIAN_POINT('Ctrl Pts',(15.9149920401488,60.9721104028976,0.197492777706001));
#2373=CARTESIAN_POINT('Ctrl Pts',(16.1442042486635,62.383819622052,0.276889578474759));
#2374=CARTESIAN_POINT('Ctrl Pts',(15.0823081554939,63.3418581615801,0.356286379243518));
#2375=CARTESIAN_POINT('Ctrl Pts',(13.7015516820951,62.9690677152216,0.435683180012277));
#2376=CARTESIAN_POINT('Ctrl Pts',(13.2661240646933,61.6067667402554,0.515079980781035));
#2377=CARTESIAN_POINT('Ctrl Pts',(14.174692930973,60.502247038798,0.594476781549794));
#2378=CARTESIAN_POINT('Ctrl Pts',(15.5953932819838,60.6667817379477,0.673873582318552));
#2379=CARTESIAN_POINT('Ctrl Pts',(16.2274641765277,61.9497266097343,0.753270383087311));
#2380=CARTESIAN_POINT('Ctrl Pts',(15.4921958703963,63.1764464925543,0.83266718385607));
#2381=CARTESIAN_POINT('Ctrl Pts',(14.0627833146031,63.2237845582735,0.912063984624828));
#2382=CARTESIAN_POINT('Ctrl Pts',(13.2479641368959,62.04839913443,0.991460785393587));
#2383=CARTESIAN_POINT('Ctrl Pts',(13.7937682749886,60.7264464247374,1.07085758616235));
#2384=CARTESIAN_POINT('Ctrl Pts',(15.2004698226682,60.4682762140078,1.1502543869311));
#2385=CARTESIAN_POINT('Ctrl Pts',(16.1801249148854,61.5102634023298,1.22965118769986));
#2386=CARTESIAN_POINT('Ctrl Pts',(15.8357834385063,62.898387960729,1.30904798846862));
#2387=CARTESIAN_POINT('Ctrl Pts',(14.4827169849916,63.361715096845,1.38844478923738));
#2388=CARTESIAN_POINT('Ctrl Pts',(13.3597617119319,62.4760320307206,1.46784159000614));
#2389=CARTESIAN_POINT('Ctrl Pts',(13.4950713858767,61.0522520119246,1.5472383907749));
#2390=CARTESIAN_POINT('Ctrl Pts',(14.7647566571487,60.3939517285139,1.62663519154366));
#2391=CARTESIAN_POINT('Ctrl Pts',(16.0063283176076,61.1038637889134,1.70603199231241));
#2392=CARTESIAN_POINT('Ctrl Pts',(16.0830200918337,62.531993223611,1.78542879308117));
#2393=CARTESIAN_POINT('Ctrl Pts',(14.9246376499519,63.3708083558193,1.86482559384993));
#2394=CARTESIAN_POINT('Ctrl Pts',(13.5917239178423,62.8522469616291,1.94422239461869));
#2395=CARTESIAN_POINT('Ctrl Pts',(13.3047555575621,61.4512160366946,2.02361919538745));
#2396=CARTESIAN_POINT('Ctrl Pts',(14.3262924750141,60.4502203867505,2.10301599615621));
#2397=CARTESIAN_POINT('Ctrl Pts',(15.721401328827,60.7662420378286,2.18241279692497));
#2398=CARTESIAN_POINT('Ctrl Pts',(16.2120283321757,62.1089548384248,2.26180959769372));
#2399=CARTESIAN_POINT('Ctrl Pts',(15.3504178164036,63.2509679851159,2.34120639846248));
#2400=CARTESIAN_POINT('Ctrl Pts',(13.9224554185906,63.1427051785702,2.42060319923124));
#2401=CARTESIAN_POINT('Ctrl Pts',(13.4695465807894,62.308860316389,2.47353439974375));
#2402=CARTESIAN_POINT('Ctrl Pts',(13.4695465807894,61.8883172798499,2.5));
#2403=CARTESIAN_POINT('',(13.4695465807894,61.8883172798499,2.5));
#2404=CARTESIAN_POINT('Ctrl Pts',(13.4695465807894,61.8883172798499,2.5));
#2405=CARTESIAN_POINT('Ctrl Pts',(13.464079966529,61.9384690770052,2.5));
#2406=CARTESIAN_POINT('Ctrl Pts',(13.4618794971134,61.9887632375369,2.5));
#2407=CARTESIAN_POINT('Ctrl Pts',(13.4627363700733,62.0389570427864,2.5));
#2408=CARTESIAN_POINT('Ctrl Pts',(13.4636318947016,62.0914149810001,2.5));
#2409=CARTESIAN_POINT('Ctrl Pts',(13.4678666316283,62.1437640544134,2.5));
#2410=CARTESIAN_POINT('Ctrl Pts',(13.4752560207435,62.1957465274799,2.5));
#2411=CARTESIAN_POINT('Ctrl Pts',(13.4812743615352,62.2380840242923,2.5));
#2412=CARTESIAN_POINT('Ctrl Pts',(13.4893863901611,62.280178940244,2.5));
#2413=CARTESIAN_POINT('Ctrl Pts',(13.4995177442939,62.321895151683,2.5));
#2414=CARTESIAN_POINT('Ctrl Pts',(13.5043249433677,62.3416889650631,2.5));
#2415=CARTESIAN_POINT('Ctrl Pts',(13.5095870914369,62.3613975206122,2.5));
#2416=CARTESIAN_POINT('Ctrl Pts',(13.5152979451822,62.3810061174588,2.5));
#2417=CARTESIAN_POINT('Ctrl Pts',(13.5180999396806,62.390626952265,2.5));
#2418=CARTESIAN_POINT('Ctrl Pts',(13.5210075080182,62.4002151804597,2.5));
#2419=CARTESIAN_POINT('Ctrl Pts',(13.524018269997,62.4097657488116,2.5));
#2420=CARTESIAN_POINT('Ctrl Pts',(13.5404067973187,62.4617525054781,2.5));
#2421=CARTESIAN_POINT('Ctrl Pts',(13.559857992308,62.5126548840585,2.5));
#2422=CARTESIAN_POINT('Ctrl Pts',(13.5821765371444,62.5622038923806,2.5));
#2423=CARTESIAN_POINT('Ctrl Pts',(13.604837150777,62.6125123216127,2.5));
#2424=CARTESIAN_POINT('Ctrl Pts',(13.6304538648126,62.661426664402,2.5));
#2425=CARTESIAN_POINT('Ctrl Pts',(13.6588751774149,62.7086641180579,2.5));
#2426=CARTESIAN_POINT('Ctrl Pts',(13.6795223217801,62.7429805670806,2.5));
#2427=CARTESIAN_POINT('Ctrl Pts',(13.7016507310771,62.7764120727263,2.5));
#2428=CARTESIAN_POINT('Ctrl Pts',(13.7252184990825,62.8088446951158,2.5));
#2429=CARTESIAN_POINT('Ctrl Pts',(13.7323869784801,62.8187095489007,2.5));
#2430=CARTESIAN_POINT('Ctrl Pts',(13.7396887123641,62.8284819413415,2.5));
#2431=CARTESIAN_POINT('Ctrl Pts',(13.7471227548154,62.8381585226377,2.5));
#2432=CARTESIAN_POINT('Ctrl Pts',(13.7530725852487,62.8459031673938,2.5));
#2433=CARTESIAN_POINT('Ctrl Pts',(13.7591059465914,62.853584711487,2.5));
#2434=CARTESIAN_POINT('Ctrl Pts',(13.765214920099,62.8611926940216,2.5));
#2435=CARTESIAN_POINT('Ctrl Pts',(13.8008084552303,62.9055201073407,2.5));
#2436=CARTESIAN_POINT('Ctrl Pts',(13.8390300368751,62.9474369973371,2.5));
#2437=CARTESIAN_POINT('Ctrl Pts',(13.8797050093981,62.986653703839,2.5));
#2438=CARTESIAN_POINT('Ctrl Pts',(13.9093578522702,63.0152434425341,2.5));
#2439=CARTESIAN_POINT('Ctrl Pts',(13.9403157284883,63.0423981007633,2.5));
#2440=CARTESIAN_POINT('Ctrl Pts',(13.9725270914562,63.0679986922709,2.5));
#2441=CARTESIAN_POINT('Ctrl Pts',(14.0155941644758,63.1022270651871,2.5));
#2442=CARTESIAN_POINT('Ctrl Pts',(14.0609007772849,63.133679285461,2.5));
#2443=CARTESIAN_POINT('Ctrl Pts',(14.1081433000409,63.1623507019148,2.5));
#2444=CARTESIAN_POINT('Ctrl Pts',(14.1217165261467,63.1705882725525,2.5));
#2445=CARTESIAN_POINT('Ctrl Pts',(14.1354497775178,63.1785960542491,2.5));
#2446=CARTESIAN_POINT('Ctrl Pts',(14.1493363428807,63.1863733334042,2.5));
#2447=CARTESIAN_POINT('Ctrl Pts',(14.1582042770026,63.1913398890205,2.5));
#2448=CARTESIAN_POINT('Ctrl Pts',(14.1671347444479,63.196212321369,2.5));
#2449=CARTESIAN_POINT('Ctrl Pts',(14.1761131524782,63.2009838995773,2.5));
#2450=CARTESIAN_POINT('Ctrl Pts',(14.2261485140552,63.2275752106584,2.5));
#2451=CARTESIAN_POINT('Ctrl Pts',(14.2777658695776,63.251092185087,2.5));
#2452=CARTESIAN_POINT('Ctrl Pts',(14.3306127347105,63.2715670536819,2.5));
#2453=CARTESIAN_POINT('Ctrl Pts',(14.3847328428224,63.2925352246254,2.5));
#2454=CARTESIAN_POINT('Ctrl Pts',(14.4401432677254,63.3103133854643,2.5));
#2455=CARTESIAN_POINT('Ctrl Pts',(14.4965038623023,63.3248955769414,2.5));
#2456=CARTESIAN_POINT('Ctrl Pts',(14.5321984864722,63.3341308564529,2.5));
#2457=CARTESIAN_POINT('Ctrl Pts',(14.5682749575875,63.3420833926989,2.5));
#2458=CARTESIAN_POINT('Ctrl Pts',(14.6046520697101,63.3487423119162,2.5));
#2459=CARTESIAN_POINT('Ctrl Pts',(14.6328416639156,63.3539024859826,2.5));
#2460=CARTESIAN_POINT('Ctrl Pts',(14.6612118873299,63.3582856865426,2.5));
#2461=CARTESIAN_POINT('Ctrl Pts',(14.689725871411,63.3618836310544,2.5));
#2462=CARTESIAN_POINT('Ctrl Pts',(14.7009086078007,63.3632946883415,2.5));
#2463=CARTESIAN_POINT('Ctrl Pts',(14.7121046027196,63.3645837988996,2.5));
#2464=CARTESIAN_POINT('Ctrl Pts',(14.7233090668988,63.3657507117845,2.5));
#2465=CARTESIAN_POINT('Ctrl Pts',(14.7778832262426,63.3714344543268,2.5));
#2466=CARTESIAN_POINT('Ctrl Pts',(14.8326754016384,63.37422406744,2.5));
#2467=CARTESIAN_POINT('Ctrl Pts',(14.8874162345436,63.374105917647,2.5));
#2468=CARTESIAN_POINT('Ctrl Pts',(14.9288776238495,63.3740164295208,2.5));
#2469=CARTESIAN_POINT('Ctrl Pts',(14.9703100467576,63.3722582180454,2.5));
#2470=CARTESIAN_POINT('Ctrl Pts',(15.0116003335695,63.3688124006066,2.5));
#2471=CARTESIAN_POINT('Ctrl Pts',(15.0256978860928,63.3676359110232,2.5));
#2472=CARTESIAN_POINT('Ctrl Pts',(15.0397805152136,63.3662624108922,2.5));
#2473=CARTESIAN_POINT('Ctrl Pts',(15.0538386323141,63.3646914097242,2.5));
#2474=CARTESIAN_POINT('Ctrl Pts',(15.114406599038,63.3579229110847,2.5));
#2475=CARTESIAN_POINT('Ctrl Pts',(15.1743612814965,63.3475107199058,2.5));
#2476=CARTESIAN_POINT('Ctrl Pts',(15.2333467135567,63.3334203673878,2.5));
#2477=CARTESIAN_POINT('Ctrl Pts',(15.2793976327924,63.3224197921077,2.5));
#2478=CARTESIAN_POINT('Ctrl Pts',(15.3248583313967,63.3091764006879,2.5));
#2479=CARTESIAN_POINT('Ctrl Pts',(15.3695603842461,63.2936516630451,2.5));
#2480=CARTESIAN_POINT('Ctrl Pts',(15.3817401009923,63.2894217251565,2.5));
#2481=CARTESIAN_POINT('Ctrl Pts',(15.3938634840072,63.2850223113698,2.5));
#2482=CARTESIAN_POINT('Ctrl Pts',(15.4059287952882,63.2804561313865,2.5));
#2483=CARTESIAN_POINT('',(13.4695465807894,61.8883172798499,-2.5));
#2484=CARTESIAN_POINT('Ctrl Pts',(13.4672576285087,61.8884746443772,-2.5));
#2485=CARTESIAN_POINT('Ctrl Pts',(13.4679412242844,61.4803051986167,-2.47420054922101));
#2486=CARTESIAN_POINT('Ctrl Pts',(13.6835442578336,61.0714625517262,-2.44840109844202));
#2487=CARTESIAN_POINT('Ctrl Pts',(14.0208866232068,60.8416697921948,-2.42260164766303));
#2488=CARTESIAN_POINT('Ctrl Pts',(14.3669392685887,60.6059437154019,-2.39613604740678));
#2489=CARTESIAN_POINT('Ctrl Pts',(14.8410990992814,60.5586331388102,-2.36967044715053));
#2490=CARTESIAN_POINT('Ctrl Pts',(15.2267014491286,60.7214716328158,-2.34320484689428));
#2491=CARTESIAN_POINT('Ctrl Pts',(15.6123037989757,60.8843101268214,-2.31673924663802));
#2492=CARTESIAN_POINT('Ctrl Pts',(15.9093486679774,61.2572976914243,-2.29027364638177));
#2493=CARTESIAN_POINT('Ctrl Pts',(15.9816521658165,61.6696475130463,-2.26380804612552));
#2494=CARTESIAN_POINT('Ctrl Pts',(16.0539556636555,62.0819973346684,-2.23734244586926));
#2495=CARTESIAN_POINT('Ctrl Pts',(15.901517790332,62.5337094133097,-2.21087684561301));
#2496=CARTESIAN_POINT('Ctrl Pts',(15.5942231679688,62.818013787275,-2.18441124535676));
#2497=CARTESIAN_POINT('Ctrl Pts',(15.2869285456056,63.1023181612402,-2.15794564510051));
#2498=CARTESIAN_POINT('Ctrl Pts',(14.8247771742028,63.2192148305295,-2.13148004484425));
#2499=CARTESIAN_POINT('Ctrl Pts',(14.4192864137542,63.1151804585707,-2.105014444588));
#2500=CARTESIAN_POINT('Ctrl Pts',(14.0137956533057,63.011146086612,-2.07854884433175));
#2501=CARTESIAN_POINT('Ctrl Pts',(13.6649655038114,62.6861806734052,-2.05208324407549));
#2502=CARTESIAN_POINT('Ctrl Pts',(13.5325116545139,62.2890543891145,-2.02561764381924));
#2503=CARTESIAN_POINT('Ctrl Pts',(13.4000578052164,61.8919281048237,-1.99915204356299));
#2504=CARTESIAN_POINT('Ctrl Pts',(13.4839802561157,61.422640949449,-1.97268644330674));
#2505=CARTESIAN_POINT('Ctrl Pts',(13.7458476220367,61.0960248927453,-1.94622084305048));
#2506=CARTESIAN_POINT('Ctrl Pts',(14.0077149879577,60.7694088360417,-1.91975524279423));
#2507=CARTESIAN_POINT('Ctrl Pts',(14.4475272689004,60.5854638780091,-1.89328964253798));
#2508=CARTESIAN_POINT('Ctrl Pts',(14.8639497402458,60.628399110529,-1.86682404228172));
#2509=CARTESIAN_POINT('Ctrl Pts',(15.2803722115911,60.671334343049,-1.84035844202547));
#2510=CARTESIAN_POINT('Ctrl Pts',(15.6734048733391,60.9411497661214,-1.81389284176922));
#2511=CARTESIAN_POINT('Ctrl Pts',(15.8631186627029,61.3143263539454,-1.78742724151297));
#2512=CARTESIAN_POINT('Ctrl Pts',(16.0528324520667,61.6875029417694,-1.76096164125671));
#2513=CARTESIAN_POINT('Ctrl Pts',(16.0392273690464,62.1640406943449,-1.73449604100046));
#2514=CARTESIAN_POINT('Ctrl Pts',(15.8285332593818,62.5257863423422,-1.70803044074421));
#2515=CARTESIAN_POINT('Ctrl Pts',(15.6178391497172,62.8875319903393,-1.68156484048795));
#2516=CARTESIAN_POINT('Ctrl Pts',(15.2100560134083,63.1344855337582,-1.6550992402317));
#2517=CARTESIAN_POINT('Ctrl Pts',(14.7918615359979,63.1535942987223,-1.62863363997545));
#2518=CARTESIAN_POINT('Ctrl Pts',(14.3736670585874,63.1727030636864,-1.6021680397192));
#2519=CARTESIAN_POINT('Ctrl Pts',(13.9450612400755,62.9639670501958,-1.57570243946294));
#2520=CARTESIAN_POINT('Ctrl Pts',(13.7022553527035,62.6229433071257,-1.54923683920669));
#2521=CARTESIAN_POINT('Ctrl Pts',(13.4594494653314,62.2819195640556,-1.52277123895044));
#2522=CARTESIAN_POINT('Ctrl Pts',(13.4024435090993,61.8086080914061,-1.49630563869418));
#2523=CARTESIAN_POINT('Ctrl Pts',(13.5573339619301,61.4196854637117,-1.46984003843793));
#2524=CARTESIAN_POINT('Ctrl Pts',(13.7122244147609,61.0307628360173,-1.44337443818168));
#2525=CARTESIAN_POINT('Ctrl Pts',(14.0790112766546,60.7262290532781,-1.41690883792543));
#2526=CARTESIAN_POINT('Ctrl Pts',(14.4897837922724,60.6454962383039,-1.39044323766917));
#2527=CARTESIAN_POINT('Ctrl Pts',(14.9005563078901,60.5647634233297,-1.36397763741292));
#2528=CARTESIAN_POINT('Ctrl Pts',(15.3553144772319,60.7078315761205,-1.33751203715667));
#2529=CARTESIAN_POINT('Ctrl Pts',(15.6458751292033,61.0092057132028,-1.31104643690041));
#2530=CARTESIAN_POINT('Ctrl Pts',(15.9364357811747,61.3105798502851,-1.28458083664416));
#2531=CARTESIAN_POINT('Ctrl Pts',(16.0627989157758,61.7702599716589,-1.25811523638791));
#2532=CARTESIAN_POINT('Ctrl Pts',(15.9671169516953,62.1778097477465,-1.23164963613166));
#2533=CARTESIAN_POINT('Ctrl Pts',(15.8714349876149,62.5853595238341,-1.2051840358754));
#2534=CARTESIAN_POINT('Ctrl Pts',(15.5537079248529,62.9407789546355,-1.17871843561915));
#2535=CARTESIAN_POINT('Ctrl Pts',(15.1593875883856,63.0813610624838,-1.1522528353629));
#2536=CARTESIAN_POINT('Ctrl Pts',(14.7650672519184,63.2219431703321,-1.12578723510664));
#2537=CARTESIAN_POINT('Ctrl Pts',(14.294153641746,63.1476879552272,-1.09932163485039));
#2538=CARTESIAN_POINT('Ctrl Pts',(13.9622256620064,62.8925886117571,-1.07285603459414));
#2539=CARTESIAN_POINT('Ctrl Pts',(13.6302976822669,62.6374892682871,-1.04639043433789));
#2540=CARTESIAN_POINT('Ctrl Pts',(13.4373553329602,62.2015457964519,-1.01992483408163));
#2541=CARTESIAN_POINT('Ctrl Pts',(13.4717254251963,61.7843281616121,-0.993459233825379));
#2542=CARTESIAN_POINT('Ctrl Pts',(13.5060955174323,61.3671105267724,-0.966993633569126));
#2543=CARTESIAN_POINT('Ctrl Pts',(13.7677780512111,60.968618728928,-0.940528033312873));
#2544=CARTESIAN_POINT('Ctrl Pts',(14.1369777387629,60.7712777836995,-0.91406243305662));
#2545=CARTESIAN_POINT('Ctrl Pts',(14.5061774263147,60.573936838471,-0.887596832800367));
#2546=CARTESIAN_POINT('Ctrl Pts',(14.9828942676395,60.5777467458583,-0.861131232544114));
#2547=CARTESIAN_POINT('Ctrl Pts',(15.3488927109062,60.7809633734181,-0.834665632287861));
#2548=CARTESIAN_POINT('Ctrl Pts',(15.7148911541729,60.9841800009778,-0.808200032031609));
#2549=CARTESIAN_POINT('Ctrl Pts',(15.9701711993814,61.38680334871,-0.781734431775356));
#2550=CARTESIAN_POINT('Ctrl Pts',(15.9978685440536,61.8045170247926,-0.755268831519103));
#2551=CARTESIAN_POINT('Ctrl Pts',(16.0255658887258,62.2222307008752,-0.728803231262851));
#2552=CARTESIAN_POINT('Ctrl Pts',(15.8256805328616,62.6550347053083,-0.702337631006597));
#2553=CARTESIAN_POINT('Ctrl Pts',(15.4897177200397,62.9047962845889,-0.675872030750345));
#2554=CARTESIAN_POINT('Ctrl Pts',(15.1537549072179,63.1545578638695,-0.649406430494092));
#2555=CARTESIAN_POINT('Ctrl Pts',(14.6817146374384,63.2212770179976,-0.622940830237839));
#2556=CARTESIAN_POINT('Ctrl Pts',(14.2896915805373,63.0744104766413,-0.596475229981586));
#2557=CARTESIAN_POINT('Ctrl Pts',(13.8976685236363,62.927543935285,-0.570009629725333));
#2558=CARTESIAN_POINT('Ctrl Pts',(13.5856626796138,62.5670916984444,-0.54354402946908));
#2559=CARTESIAN_POINT('Ctrl Pts',(13.4965067771837,62.1580647028075,-0.517078429212827));
#2560=CARTESIAN_POINT('Ctrl Pts',(13.4073508747537,61.7490377071706,-0.490612828956574));
#2561=CARTESIAN_POINT('Ctrl Pts',(13.5410449139161,61.2914359527376,-0.464147228700322));
#2562=CARTESIAN_POINT('Ctrl Pts',(13.8363852832931,60.9947443210478,-0.437681628444069));
#2563=CARTESIAN_POINT('Ctrl Pts',(14.1317256526701,60.6980526893581,-0.411216028187817));
#2564=CARTESIAN_POINT('Ctrl Pts',(14.5887123522615,60.5622711804115,-0.384750427931564));
#2565=CARTESIAN_POINT('Ctrl Pts',(14.9981420656351,60.6495590255478,-0.358284827675311));
#2566=CARTESIAN_POINT('Ctrl Pts',(15.4075717790086,60.736846870684,-0.331819227419058));
#2567=CARTESIAN_POINT('Ctrl Pts',(15.7694445061642,61.047204069903,-0.305353627162804));
#2568=CARTESIAN_POINT('Ctrl Pts',(15.9180990260915,61.4385526252919,-0.278888026906551));
#2569=CARTESIAN_POINT('Ctrl Pts',(16.0667535460188,61.8299011806809,-0.252422426650298));
#2570=CARTESIAN_POINT('Ctrl Pts',(16.0021898587177,62.3022410922397,-0.225956826394045));
#2571=CARTESIAN_POINT('Ctrl Pts',(15.7539644863239,62.6393405176321,-0.199491226137792));
#2572=CARTESIAN_POINT('Ctrl Pts',(15.5057391139301,62.9764399430246,-0.17302562588154));
#2573=CARTESIAN_POINT('Ctrl Pts',(15.0738520564435,63.1782988822508,-0.146560025625287));
#2574=CARTESIAN_POINT('Ctrl Pts',(14.6560162994424,63.1525086075018,-0.120094425369034));
#2575=CARTESIAN_POINT('Ctrl Pts',(14.2381805424413,63.1267183327528,-0.0936288251127811));
#2576=CARTESIAN_POINT('Ctrl Pts',(13.8343960859257,62.8732788440287,-0.0671632248565283));
#2577=CARTESIAN_POINT('Ctrl Pts',(13.6295108641937,62.5082118583725,-0.0406976246002755));
#2578=CARTESIAN_POINT('Ctrl Pts',(13.4246256424617,62.1431448727163,-0.0142320243440225));
#2579=CARTESIAN_POINT('Ctrl Pts',(13.4186396555132,61.666450390128,0.0122335759122305));
#2580=CARTESIAN_POINT('Ctrl Pts',(13.6142932201309,61.2963537260625,0.0386991761684835));
#2581=CARTESIAN_POINT('Ctrl Pts',(13.8099467847486,60.926257061997,0.0651647764247363));
#2582=CARTESIAN_POINT('Ctrl Pts',(14.2072399009324,60.6627582164544,0.0916303766809896));
#2583=CARTESIAN_POINT('Ctrl Pts',(14.6242962961964,60.6264839656807,0.118095976937242));
#2584=CARTESIAN_POINT('Ctrl Pts',(15.0413526914604,60.590209714907,0.144561577193495));
#2585=CARTESIAN_POINT('Ctrl Pts',(15.4781723658046,60.7811600589023,0.171027177449748));
#2586=CARTESIAN_POINT('Ctrl Pts',(15.7347842377292,61.111920100759,0.197492777706));
#2587=CARTESIAN_POINT('Ctrl Pts',(15.9913961096537,61.4426801426157,0.223958377962253));
#2588=CARTESIAN_POINT('Ctrl Pts',(16.0678001791586,61.9132498823338,0.250423978218506));
#2589=CARTESIAN_POINT('Ctrl Pts',(15.9290195317161,62.3082078421142,0.276889578474758));
#2590=CARTESIAN_POINT('Ctrl Pts',(15.7902388842737,62.7031658018946,0.303355178731011));
#2591=CARTESIAN_POINT('Ctrl Pts',(15.4362735198838,63.0225119817374,0.329820778987265));
#2592=CARTESIAN_POINT('Ctrl Pts',(15.029164758789,63.120053330599,0.356286379243518));
#2593=CARTESIAN_POINT('Ctrl Pts',(14.6220559976943,63.2175946794606,0.382751979499771));
#2594=CARTESIAN_POINT('Ctrl Pts',(14.1618038398947,63.0933311973411,0.409217579756024));
#2595=CARTESIAN_POINT('Ctrl Pts',(13.8591064914279,62.804149293787,0.435683180012277));
#2596=CARTESIAN_POINT('Ctrl Pts',(13.5564091429612,62.5149673902329,0.46214878026853));
#2597=CARTESIAN_POINT('Ctrl Pts',(13.4112666038272,62.0608670652442,0.488614380524782));
#2598=CARTESIAN_POINT('Ctrl Pts',(13.4901234786402,61.6497302858402,0.515079980781035));
#2599=CARTESIAN_POINT('Ctrl Pts',(13.5689803534532,61.2385935064363,0.541545581037288));
#2600=CARTESIAN_POINT('Ctrl Pts',(13.8718366422131,60.8704202726171,0.568011181293541));
#2601=CARTESIAN_POINT('Ctrl Pts',(14.2600481784282,60.7137561055658,0.594476781549794));
#2602=CARTESIAN_POINT('Ctrl Pts',(14.6482597146433,60.5570919385145,0.620942381806047));
#2603=CARTESIAN_POINT('Ctrl Pts',(15.1218264983135,60.6119368382311,0.647407982062299));
#2604=CARTESIAN_POINT('Ctrl Pts',(15.4639550392393,60.8531834333872,0.673873582318552));
#2605=CARTESIAN_POINT('Ctrl Pts',(15.8060835801651,61.0944300285432,0.700339182574805));
#2606=CARTESIAN_POINT('Ctrl Pts',(16.0167738783464,61.5220783191388,0.726804782831058));
#2607=CARTESIAN_POINT('Ctrl Pts',(15.9995743097485,61.9403557782399,0.753270383087311));
#2608=CARTESIAN_POINT('Ctrl Pts',(15.9823747411506,62.358633237341,0.779735983343564));
#2609=CARTESIAN_POINT('Ctrl Pts',(15.7372853057735,62.7675398649476,0.806201583599817));
#2610=CARTESIAN_POINT('Ctrl Pts',(15.3765051621194,62.9798828563708,0.83266718385607));
#2611=CARTESIAN_POINT('Ctrl Pts',(15.0157250184653,63.192225847794,0.859132784112323));
#2612=CARTESIAN_POINT('Ctrl Pts',(14.5392541665342,63.2080052030338,0.885598384368575));
#2613=CARTESIAN_POINT('Ctrl Pts',(14.1652155442841,63.0199973100131,0.912063984624828));
#2614=CARTESIAN_POINT('Ctrl Pts',(13.791176922034,62.8319894169923,0.938529584881081));
#2615=CARTESIAN_POINT('Ctrl Pts',(13.5195705294649,62.4401942757112,0.964995185137334));
#2616=CARTESIAN_POINT('Ctrl Pts',(13.4747346895292,62.0239712534552,0.991460785393587));
#2617=CARTESIAN_POINT('Ctrl Pts',(13.4298988495934,61.6077482311991,1.01792638564984));
#2618=CARTESIAN_POINT('Ctrl Pts',(13.611833562291,61.1670973279683,1.04439198590609));
#2619=CARTESIAN_POINT('Ctrl Pts',(13.9372511765864,60.9037435078979,1.07085758616235));
#2620=CARTESIAN_POINT('Ctrl Pts',(14.2626687908818,60.6403896878275,1.0973231864186));
#2621=CARTESIAN_POINT('Ctrl Pts',(14.731569306775,60.5543329509177,1.12378878667485));
#2622=CARTESIAN_POINT('Ctrl Pts',(15.1292954134244,60.6849691138497,1.1502543869311));
#2623=CARTESIAN_POINT('Ctrl Pts',(15.5270215200739,60.8156052767818,1.17671998718736));
#2624=CARTESIAN_POINT('Ctrl Pts',(15.8535732174796,61.1629343395558,1.20318558744361));
#2625=CARTESIAN_POINT('Ctrl Pts',(15.9594588201193,61.5679529640093,1.22965118769986));
#2626=CARTESIAN_POINT('Ctrl Pts',(16.065344422759,61.9729715884628,1.25611678795611));
#2627=CARTESIAN_POINT('Ctrl Pts',(15.9505639306327,62.4356797745959,1.28258238821237));
#2628=CARTESIAN_POINT('Ctrl Pts',(15.6676626089837,62.7442550570151,1.30904798846862));
#2629=CARTESIAN_POINT('Ctrl Pts',(15.3847612873348,63.0528303394343,1.33551358872487));
#2630=CARTESIAN_POINT('Ctrl Pts',(14.9337391361632,63.2072727181396,1.36197918898113));
#2631=CARTESIAN_POINT('Ctrl Pts',(14.5210688484008,63.1368800631382,1.38844478923738));
#2632=CARTESIAN_POINT('Ctrl Pts',(14.1083985606384,63.0664874081368,1.41491038949363));
#2633=CARTESIAN_POINT('Ctrl Pts',(13.7340801362852,62.7712597194287,1.44137598974989));
#2634=CARTESIAN_POINT('Ctrl Pts',(13.5694725364327,62.3863492052753,1.46784159000614));
#2635=CARTESIAN_POINT('Ctrl Pts',(13.4048649365802,62.0014386911219,1.49430719026239));
#2636=CARTESIAN_POINT('Ctrl Pts',(13.4499681612284,61.5268453515233,1.52077279051864));
#2637=CARTESIAN_POINT('Ctrl Pts',(13.6841339854312,61.1798319678222,1.5472383907749));
#2638=CARTESIAN_POINT('Ctrl Pts',(13.918299809634,60.832818584121,1.57370399103115));
#2639=CARTESIAN_POINT('Ctrl Pts',(14.3415282333913,60.6133851563174,1.6001695912874));
#2640=CARTESIAN_POINT('Ctrl Pts',(14.7600710553465,60.6219871191489,1.62663519154366));
#2641=CARTESIAN_POINT('Ctrl Pts',(15.1786138773017,60.6305890819804,1.65310079179991));
#2642=CARTESIAN_POINT('Ctrl Pts',(15.5924710974547,60.8672264354469,1.67956639205616));
#2643=CARTESIAN_POINT('Ctrl Pts',(15.8121816699022,61.2235666846298,1.70603199231241));
#2644=CARTESIAN_POINT('Ctrl Pts',(16.0318922423496,61.5799069338126,1.73249759256867));
#2645=CARTESIAN_POINT('Ctrl Pts',(16.0574561670917,62.0559500787118,1.75896319282492));
#2646=CARTESIAN_POINT('Ctrl Pts',(15.877174389149,62.4337741731961,1.78542879308117));
#2647=CARTESIAN_POINT('Ctrl Pts',(15.6968926112064,62.8115982676805,1.81189439333743));
#2648=CARTESIAN_POINT('Ctrl Pts',(15.3107651305791,63.0912033117499,1.83835999359368));
#2649=CARTESIAN_POINT('Ctrl Pts',(14.8955491015806,63.1445789347529,1.86482559384993));
#2650=CARTESIAN_POINT('Ctrl Pts',(14.480333072582,63.1979545577559,1.89129119410618));
#2651=CARTESIAN_POINT('Ctrl Pts',(14.0360284952122,63.0251007596925,1.91775679436244));
#2652=CARTESIAN_POINT('Ctrl Pts',(13.7660481464805,62.705168706505,1.94422239461869));
#2653=CARTESIAN_POINT('Ctrl Pts',(13.4960677977489,62.3852366533176,1.97068799487494));
#2654=CARTESIAN_POINT('Ctrl Pts',(13.4004116776555,61.9182263450061,1.9971535951312));
#2655=CARTESIAN_POINT('Ctrl Pts',(13.5228397705175,61.5178885825264,2.02361919538745));
#2656=CARTESIAN_POINT('Ctrl Pts',(13.6452678633794,61.1175508200466,2.0500847956437));
#2657=CARTESIAN_POINT('Ctrl Pts',(13.9857801691968,60.7838856033985,2.07655039589995));
#2658=CARTESIAN_POINT('Ctrl Pts',(14.3885544644076,60.6697232702542,2.10301599615621));
#2659=CARTESIAN_POINT('Ctrl Pts',(14.7913287596184,60.5555609371099,2.12948159641246));
#2660=CARTESIAN_POINT('Ctrl Pts',(15.2563650442227,60.6609014874693,2.15594719666871));
#2661=CARTESIAN_POINT('Ctrl Pts',(15.5706543537496,60.937357229415,2.18241279692497));
#2662=CARTESIAN_POINT('Ctrl Pts',(15.8849436632765,61.2138129713607,2.20887839718122));
#2663=CARTESIAN_POINT('Ctrl Pts',(16.0484859977261,61.6613839048927,2.23534399743747));
#2664=CARTESIAN_POINT('Ctrl Pts',(15.9866554123222,62.0755048961073,2.26180959769373));
#2665=CARTESIAN_POINT('Ctrl Pts',(15.9248248269183,62.4896258873218,2.28827519794998));
#2666=CARTESIAN_POINT('Ctrl Pts',(15.637621321661,62.8702969362189,2.31474079820623));
#2667=CARTESIAN_POINT('Ctrl Pts',(15.2560258360635,63.0425886595765,2.34120639846248));
#2668=CARTESIAN_POINT('Ctrl Pts',(14.874430350466,63.214880382934,2.36767199871874));
#2669=CARTESIAN_POINT('Ctrl Pts',(14.3984428845283,63.1787927807521,2.39413759897499));
#2670=CARTESIAN_POINT('Ctrl Pts',(14.0472219421091,62.9522877641159,2.42060319923124));
#2671=CARTESIAN_POINT('Ctrl Pts',(13.69600099969,62.7257827474796,2.4470687994875));
#2672=CARTESIAN_POINT('Ctrl Pts',(13.4695465807894,62.308860316389,2.47353439974375));
#2673=CARTESIAN_POINT('Ctrl Pts',(13.4695465807894,61.8883172798499,2.5));
#2674=CARTESIAN_POINT('Ctrl Pts',(15.4048873889763,63.2778573512661,-2.5));
#2675=CARTESIAN_POINT('Ctrl Pts',(15.3470493425517,63.2996730138231,-2.5));
#2676=CARTESIAN_POINT('Ctrl Pts',(15.288011741544,63.3176434673442,-2.5));
#2677=CARTESIAN_POINT('Ctrl Pts',(15.2281315897675,63.3318721662808,-2.5));
#2678=CARTESIAN_POINT('Ctrl Pts',(15.1692258211618,63.3458693326582,-2.5));
#2679=CARTESIAN_POINT('Ctrl Pts',(15.1095034776173,63.3562450880535,-2.5));
#2680=CARTESIAN_POINT('Ctrl Pts',(15.049299519121,63.363042841702,-2.5));
#2681=CARTESIAN_POINT('Ctrl Pts',(15.0032751753445,63.3682395456837,-2.5));
#2682=CARTESIAN_POINT('Ctrl Pts',(14.9569691373003,63.3713440605718,-2.5));
#2683=CARTESIAN_POINT('Ctrl Pts',(14.910535556061,63.3723557367783,-2.5));
#2684=CARTESIAN_POINT('Ctrl Pts',(14.8853418450854,63.3729046472277,-2.5));
#2685=CARTESIAN_POINT('Ctrl Pts',(14.860110688243,63.3728371583586,-2.5));
#2686=CARTESIAN_POINT('Ctrl Pts',(14.8348677134789,63.3721511435976,-2.5));
#2687=CARTESIAN_POINT('Ctrl Pts',(14.8256702389754,63.3719011887753,-2.5));
#2688=CARTESIAN_POINT('Ctrl Pts',(14.8164724294539,63.371569082314,-2.5));
#2689=CARTESIAN_POINT('Ctrl Pts',(14.8072853276298,63.3711553564847,-2.5));
#2690=CARTESIAN_POINT('Ctrl Pts',(14.7481183117392,63.3684908684684,-2.5));
#2691=CARTESIAN_POINT('Ctrl Pts',(14.6892829990585,63.3624426928205,-2.5));
#2692=CARTESIAN_POINT('Ctrl Pts',(14.6310933098115,63.3530597107726,-2.5));
#2693=CARTESIAN_POINT('Ctrl Pts',(14.5740938040719,63.3438686436606,-2.5));
#2694=CARTESIAN_POINT('Ctrl Pts',(14.5177128303883,63.3314773646935,-2.5));
#2695=CARTESIAN_POINT('Ctrl Pts',(14.4622628881881,63.3158862929561,-2.5));
#2696=CARTESIAN_POINT('Ctrl Pts',(14.4206975886533,63.3041992191537,-2.5));
#2697=CARTESIAN_POINT('Ctrl Pts',(14.3796557076904,63.2907132350899,-2.5));
#2698=CARTESIAN_POINT('Ctrl Pts',(14.3392802206039,63.2754132185701,-2.5));
#2699=CARTESIAN_POINT('Ctrl Pts',(14.3188185943966,63.2676594243355,-2.5));
#2700=CARTESIAN_POINT('Ctrl Pts',(14.298528299042,63.2594395315372,-2.5));
#2701=CARTESIAN_POINT('Ctrl Pts',(14.2784292140509,63.2507503668872,-2.5));
#2702=CARTESIAN_POINT('Ctrl Pts',(14.2689856609145,63.2466677637179,-2.5));
#2703=CARTESIAN_POINT('Ctrl Pts',(14.2595921495546,63.2424849042109,-2.5));
#2704=CARTESIAN_POINT('Ctrl Pts',(14.2502537010579,63.2382034214787,-2.5));
#2705=CARTESIAN_POINT('Ctrl Pts',(14.1996090724012,63.2149839216714,-2.5));
#2706=CARTESIAN_POINT('Ctrl Pts',(14.1505500731606,63.1888534622247,-2.5));
#2707=CARTESIAN_POINT('Ctrl Pts',(14.1033619806827,63.1598185296765,-2.5));
#2708=CARTESIAN_POINT('Ctrl Pts',(14.0681440580778,63.1381488678269,-2.5));
#2709=CARTESIAN_POINT('Ctrl Pts',(14.0339686352472,63.114860477668,-2.5));
#2710=CARTESIAN_POINT('Ctrl Pts',(14.0009668542817,63.0899417558844,-2.5));
#2711=CARTESIAN_POINT('Ctrl Pts',(13.9567185588789,63.0565311056018,-2.5));
#2712=CARTESIAN_POINT('Ctrl Pts',(13.9145785028614,63.0201895852442,-2.5));
#2713=CARTESIAN_POINT('Ctrl Pts',(13.8747115356616,62.9811980192409,-2.5));
#2714=CARTESIAN_POINT('Ctrl Pts',(13.8633942548022,62.9701292438962,-2.5));
#2715=CARTESIAN_POINT('Ctrl Pts',(13.8522604208216,62.9588468006428,-2.5));
#2716=CARTESIAN_POINT('Ctrl Pts',(13.8413144638774,62.9473569000501,-2.5));
#2717=CARTESIAN_POINT('Ctrl Pts',(13.8343678418192,62.940065075561,-2.5));
#2718=CARTESIAN_POINT('Ctrl Pts',(13.8274970627709,62.9326897192801,-2.5));
#2719=CARTESIAN_POINT('Ctrl Pts',(13.8207127097752,62.92524319514,-2.5));
#2720=CARTESIAN_POINT('Ctrl Pts',(13.7832297017647,62.8841017444865,-2.5));
#2721=CARTESIAN_POINT('Ctrl Pts',(13.7483041857563,62.8407106489447,-2.5));
#2722=CARTESIAN_POINT('Ctrl Pts',(13.7160588596202,62.7953827803675,-2.5));
#2723=CARTESIAN_POINT('Ctrl Pts',(13.6838262873519,62.750072840145,-2.5));
#2724=CARTESIAN_POINT('Ctrl Pts',(13.6542713936349,62.7028264852359,-2.5));
#2725=CARTESIAN_POINT('Ctrl Pts',(13.6275640477844,62.6539354977007,-2.5));
#2726=CARTESIAN_POINT('Ctrl Pts',(13.6113860125886,62.6243196713462,-2.5));
#2727=CARTESIAN_POINT('Ctrl Pts',(13.5962537867662,62.5941000489086,-2.5));
#2728=CARTESIAN_POINT('Ctrl Pts',(13.5822144959655,62.5633405116799,-2.5));
#2729=CARTESIAN_POINT('Ctrl Pts',(13.5749271110406,62.5473741362355,-2.5));
#2730=CARTESIAN_POINT('Ctrl Pts',(13.5679343208487,62.5312622901283,-2.5));
#2731=CARTESIAN_POINT('Ctrl Pts',(13.561243520182,62.5150139838128,-2.5));
#2732=CARTESIAN_POINT('Ctrl Pts',(13.5558305495736,62.5018688299064,-2.5));
#2733=CARTESIAN_POINT('Ctrl Pts',(13.5506142511219,62.488631264562,-2.5));
#2734=CARTESIAN_POINT('Ctrl Pts',(13.5456073738207,62.475330235319,-2.5));
#2735=CARTESIAN_POINT('Ctrl Pts',(13.5267080923033,62.4251233137163,-2.5));
#2736=CARTESIAN_POINT('Ctrl Pts',(13.5107594202501,62.3739449441801,-2.5));
#2737=CARTESIAN_POINT('Ctrl Pts',(13.4979300900495,62.3220636685919,-2.5));
#2738=CARTESIAN_POINT('Ctrl Pts',(13.4889380847829,62.2857003747932,-2.5));
#2739=CARTESIAN_POINT('Ctrl Pts',(13.4814794560638,62.2489915844262,-2.5));
#2740=CARTESIAN_POINT('Ctrl Pts',(13.4756275347914,62.2120313146094,-2.5));
#2741=CARTESIAN_POINT('Ctrl Pts',(13.4732621714172,62.1970918674684,-2.5));
#2742=CARTESIAN_POINT('Ctrl Pts',(13.4711593869998,62.1821091613026,-2.5));
#2743=CARTESIAN_POINT('Ctrl Pts',(13.4693268426718,62.1671124128852,-2.5));
#2744=CARTESIAN_POINT('Ctrl Pts',(13.4631154658203,62.1162811972123,-2.5));
#2745=CARTESIAN_POINT('Ctrl Pts',(13.4599948787136,62.0652308499046,-2.5));
#2746=CARTESIAN_POINT('Ctrl Pts',(13.4601411512693,62.0142061525316,-2.5));
#2747=CARTESIAN_POINT('Ctrl Pts',(13.4602310901636,61.9828324963862,-2.5));
#2748=CARTESIAN_POINT('Ctrl Pts',(13.4615570656712,61.9514686589245,-2.5));
#2749=CARTESIAN_POINT('Ctrl Pts',(13.4641694891984,61.9201743396571,-2.5));
#2750=CARTESIAN_POINT('Ctrl Pts',(13.4650523103997,61.9095989914263,-2.5));
#2751=CARTESIAN_POINT('Ctrl Pts',(13.4660821066811,61.8990316067561,-2.5));
#2752=CARTESIAN_POINT('Ctrl Pts',(13.4672576285087,61.8884746443772,-2.5));
#2753=CARTESIAN_POINT('Origin',(14.7340465807894,61.88831727985,-2.5));
#2754=CARTESIAN_POINT('',(12.7340465807894,61.88831727985,-2.5));
#2755=CARTESIAN_POINT('Origin',(14.7340465807894,61.88831727985,-2.5));
#2756=CARTESIAN_POINT('Origin',(14.7340465807894,61.8883172798499,-2.5));
#2757=CARTESIAN_POINT('Origin',(-16.6709381714831,42.8984006736736,-3.47329204996931));
#2758=CARTESIAN_POINT('',(-16.0000973632963,44.2879407450897,2.5));
#2759=CARTESIAN_POINT('',(-15.2140288796888,42.3902035510103,2.5));
#2760=CARTESIAN_POINT('Origin',(-16.6709381714831,42.8984006736736,2.5));
#2761=CARTESIAN_POINT('',(-16.0000973632963,44.2879407450897,-2.5));
#2762=CARTESIAN_POINT('Ctrl Pts',(-16.0000973632963,44.2879407450897,-2.5));
#2763=CARTESIAN_POINT('Ctrl Pts',(-16.4622257943173,44.511046660874,-2.47353439974375));
#2764=CARTESIAN_POINT('Ctrl Pts',(-17.6187541694414,44.455799429689,-2.42060319923124));
#2765=CARTESIAN_POINT('Ctrl Pts',(-18.495347167058,42.9439534014536,-2.34120639846248));
#2766=CARTESIAN_POINT('Ctrl Pts',(-17.6974707141888,41.391346325784,-2.26180959769372));
#2767=CARTESIAN_POINT('Ctrl Pts',(-15.9617294978637,41.2181260216015,-2.18241279692497));
#2768=CARTESIAN_POINT('Ctrl Pts',(-14.8743147665123,42.5835449261562,-2.10301599615621));
#2769=CARTESIAN_POINT('Ctrl Pts',(-15.4323572828134,44.237128688689,-2.02361919538745));
#2770=CARTESIAN_POINT('Ctrl Pts',(-17.1241586075429,44.6650590650987,-1.94422239461869));
#2771=CARTESIAN_POINT('Ctrl Pts',(-18.401131904571,43.475449095892,-1.86482559384993));
#2772=CARTESIAN_POINT('Ctrl Pts',(-18.0939132688615,41.7575209117388,-1.78542879308117));
#2773=CARTESIAN_POINT('Ctrl Pts',(-16.4838842993256,41.0841491194316,-1.70603199231241));
#2774=CARTESIAN_POINT('Ctrl Pts',(-15.0451007569878,42.0718684353674,-1.62663519154366));
#2775=CARTESIAN_POINT('Ctrl Pts',(-15.0949055069047,43.8163400419695,-1.54723839077489));
#2776=CARTESIAN_POINT('Ctrl Pts',(-16.5876856273163,44.7203681601233,-1.46784159000614));
#2777=CARTESIAN_POINT('Ctrl Pts',(-18.1566920623367,43.9562437995377,-1.38844478923738));
#2778=CARTESIAN_POINT('Ctrl Pts',(-18.3653749113442,42.2235825596818,-1.30904798846862));
#2779=CARTESIAN_POINT('Ctrl Pts',(-17.0226705601294,41.1087693234039,-1.22965118769986));
#2780=CARTESIAN_POINT('Ctrl Pts',(-15.357927748723,41.6325019259749,-1.1502543869311));
#2781=CARTESIAN_POINT('Ctrl Pts',(-14.8953475722972,43.3152626118349,-1.07085758616235));
#2782=CARTESIAN_POINT('Ctrl Pts',(-16.0584577095552,44.616353999727,-0.991460785393586));
#2783=CARTESIAN_POINT('Ctrl Pts',(-17.7823410697959,44.344526371032,-0.912063984624828));
#2784=CARTESIAN_POINT('Ctrl Pts',(-18.4886491849844,42.7486589345657,-0.832667183856069));
#2785=CARTESIAN_POINT('Ctrl Pts',(-17.5307024300405,41.2898916281357,-0.753270383087309));
#2786=CARTESIAN_POINT('Ctrl Pts',(-15.7855750614577,41.3038386363681,-0.673873582318552));
#2787=CARTESIAN_POINT('Ctrl Pts',(-14.8510660306176,42.7777303940746,-0.594476781549793));
#2788=CARTESIAN_POINT('Ctrl Pts',(-15.5827905570966,44.3621051166779,-0.515079980781035));
#2789=CARTESIAN_POINT('Ctrl Pts',(-17.3107983015614,44.6063453275398,-0.435683180012275));
#2790=CARTESIAN_POINT('Ctrl Pts',(-18.4529646574384,43.2868302424408,-0.356286379243517));
#2791=CARTESIAN_POINT('Ctrl Pts',(-17.9635480761873,41.6116778748482,-0.276889578474759));
#2792=CARTESIAN_POINT('Ctrl Pts',(-16.2906472527875,41.1146196490396,-0.197492777706));
#2793=CARTESIAN_POINT('Ctrl Pts',(-14.9659321489094,42.2507507762319,-0.118095976937241));
#2794=CARTESIAN_POINT('Ctrl Pts',(-15.2022817970344,43.9798554256116,-0.0386991761684822));
#2795=CARTESIAN_POINT('Ctrl Pts',(-16.7832998326323,44.7188046903105,0.0406976246002759));
#2796=CARTESIAN_POINT('Ctrl Pts',(-18.2614420857472,43.791033423126,0.120094425369035));
#2797=CARTESIAN_POINT('Ctrl Pts',(-18.2833551140789,42.0459879039849,0.199491226137793));
#2798=CARTESIAN_POINT('Ctrl Pts',(-16.8289758470522,41.0813921377085,0.278888026906552));
#2799=CARTESIAN_POINT('Ctrl Pts',(-15.2299008771755,41.7804080783935,0.35828482767531));
#2800=CARTESIAN_POINT('Ctrl Pts',(-14.9502068928605,43.5030326224871,0.437681628444069));
#2801=CARTESIAN_POINT('Ctrl Pts',(-16.2459753475534,44.6720699001125,0.517078429212827));
#2802=CARTESIAN_POINT('Ctrl Pts',(-17.9308301024746,44.2171759573957,0.596475229981586));
#2803=CARTESIAN_POINT('Ctrl Pts',(-18.4621564484281,42.5548413461854,0.675872030750345));
#2804=CARTESIAN_POINT('Ctrl Pts',(-17.3534840618546,41.2070618451079,0.755268831519104));
#2805=CARTESIAN_POINT('Ctrl Pts',(-15.6198881760674,41.4078337229645,0.834665632287862));
#2806=CARTESIAN_POINT('Ctrl Pts',(-14.8486097696224,42.9733348157037,0.914062433056621));
#2807=CARTESIAN_POINT('Ctrl Pts',(-15.7458138213851,44.4702279077837,0.993459233825379));
#2808=CARTESIAN_POINT('Ctrl Pts',(-17.4900406901214,44.5279917263304,1.07285603459414));
#2809=CARTESIAN_POINT('Ctrl Pts',(-18.4843159261509,43.0937390099462,1.1522528353629));
#2810=CARTESIAN_POINT('Ctrl Pts',(-17.8183036931229,41.4806389831356,1.23164963613166));
#2811=CARTESIAN_POINT('Ctrl Pts',(-16.1017897183913,41.1656092701731,1.31104643690041));
#2812=CARTESIAN_POINT('Ctrl Pts',(-14.9063750385426,42.4370840871975,1.39044323766917));
#2813=CARTESIAN_POINT('Ctrl Pts',(-15.3265544240438,44.1309296558818,1.46984003843793));
#2814=CARTESIAN_POINT('Ctrl Pts',(-16.977620654797,44.6963001585038,1.54923683920669));
#2815=CARTESIAN_POINT('Ctrl Pts',(-18.3478960686003,43.6155538784261,1.62863363997545));
#2816=CARTESIAN_POINT('Ctrl Pts',(-18.182785586786,41.8782001852754,1.7080304407442));
#2817=CARTESIAN_POINT('Ctrl Pts',(-16.6334646910404,41.0749153905973,1.78742724151297));
#2818=CARTESIAN_POINT('Ctrl Pts',(-15.1184483053291,41.9411791378483,1.86682404228172));
#2819=CARTESIAN_POINT('Ctrl Pts',(-15.0248669399658,43.6838395699108,1.94622084305049));
#2820=CARTESIAN_POINT('Ctrl Pts',(-16.4383700208645,44.7073968845372,2.02561764381924));
#2821=CARTESIAN_POINT('Ctrl Pts',(-18.0648486470344,44.074625236333,2.105014444588));
#2822=CARTESIAN_POINT('Ctrl Pts',(-18.4150125888204,42.3650342492008,2.18441124535676));
#2823=CARTESIAN_POINT('Ctrl Pts',(-17.1685037055771,41.1435735197021,2.26380804612552));
#2824=CARTESIAN_POINT('Ctrl Pts',(-15.466114554986,41.5292038644953,2.34320484689428));
#2825=CARTESIAN_POINT('Ctrl Pts',(-14.8724921027007,43.153879340169,2.42193549818577));
#2826=CARTESIAN_POINT('Ctrl Pts',(-15.5508716188309,44.0732432943621,2.47420054922101));
#2827=CARTESIAN_POINT('Ctrl Pts',(-15.9990481991956,44.2905356276257,2.5));
#2828=CARTESIAN_POINT('',(-15.2140288796888,42.3902035510103,-2.5));
#2829=CARTESIAN_POINT('Origin',(-16.6709381714831,42.8984006736736,-2.5));
#2830=CARTESIAN_POINT('Ctrl Pts',(-15.2114520880224,42.3891107154812,-2.5));
#2831=CARTESIAN_POINT('Ctrl Pts',(-15.0481921710784,42.8596683892686,-2.47420054922101));
#2832=CARTESIAN_POINT('Ctrl Pts',(-15.2185945347727,43.9894430783149,-2.42193549818577));
#2833=CARTESIAN_POINT('Ctrl Pts',(-16.7871673296841,44.7185079654438,-2.34320484689428));
#2834=CARTESIAN_POINT('Ctrl Pts',(-18.2636203487113,43.7874187762702,-2.26380804612552));
#2835=CARTESIAN_POINT('Ctrl Pts',(-18.2813318456776,42.0423009254852,-2.18441124535676));
#2836=CARTESIAN_POINT('Ctrl Pts',(-16.8248653932872,41.0810408677586,-2.105014444588));
#2837=CARTESIAN_POINT('Ctrl Pts',(-15.2273342367876,41.7836977825131,-2.02561764381924));
#2838=CARTESIAN_POINT('Ctrl Pts',(-14.9516010008917,43.5069595906472,-1.94622084305048));
#2839=CARTESIAN_POINT('Ctrl Pts',(-16.2500199182616,44.6730345081182,-1.86682404228172));
#2840=CARTESIAN_POINT('Ctrl Pts',(-17.933839148889,44.214297146641,-1.78742724151296));
#2841=CARTESIAN_POINT('Ctrl Pts',(-18.4613662928536,42.5507538211532,-1.70803044074421));
#2842=CARTESIAN_POINT('Ctrl Pts',(-17.3496225342486,41.2055085911431,-1.62863363997545));
#2843=CARTESIAN_POINT('Ctrl Pts',(-15.6164885869349,41.4102365915383,-1.54923683920669));
#2844=CARTESIAN_POINT('Ctrl Pts',(-14.848785827477,42.977493931382,-1.46984003843793));
#2845=CARTESIAN_POINT('Ctrl Pts',(-15.7494037620368,44.4723352126495,-1.39044323766917));
#2846=CARTESIAN_POINT('Ctrl Pts',(-17.4937579379519,44.5261178478249,-1.31104643690041));
#2847=CARTESIAN_POINT('Ctrl Pts',(-18.4847568970531,43.0895996255871,-1.23164963613166));
#2848=CARTESIAN_POINT('Ctrl Pts',(-17.8150647403493,41.4780239988141,-1.1522528353629));
#2849=CARTESIAN_POINT('Ctrl Pts',(-16.097836271127,41.1669129595916,-1.07285603459414));
#2850=CARTESIAN_POINT('Ctrl Pts',(-14.905326891503,42.4411127094074,-0.99345923382538));
#2851=CARTESIAN_POINT('Ctrl Pts',(-15.3293710502815,44.1339949219792,-0.91406243305662));
#2852=CARTESIAN_POINT('Ctrl Pts',(-16.9817235703376,44.6955951318563,-0.834665632287863));
#2853=CARTESIAN_POINT('Ctrl Pts',(-18.3495280422896,43.611724953613,-0.755268831519103));
#2854=CARTESIAN_POINT('Ctrl Pts',(-18.1804537914475,41.8747512817898,-0.675872030750345));
#2855=CARTESIAN_POINT('Ctrl Pts',(-16.6293013562388,41.0750077210705,-0.596475229981586));
#2856=CARTESIAN_POINT('Ctrl Pts',(-15.1162706427946,41.9447212940957,-0.517078429212828));
#2857=CARTESIAN_POINT('Ctrl Pts',(-15.0266581740656,43.687602025739,-0.437681628444069));
#2858=CARTESIAN_POINT('Ctrl Pts',(-16.4425110893759,44.7079079414399,-0.358284827675311));
#2859=CARTESIAN_POINT('Ctrl Pts',(-18.067506647876,44.0714701407843,-0.278888026906552));
#2860=CARTESIAN_POINT('Ctrl Pts',(-18.4138358595221,42.3609966050445,-0.199491226137794));
#2861=CARTESIAN_POINT('Ctrl Pts',(-17.1644075716764,41.1425580169957,-0.120094425369034));
#2862=CARTESIAN_POINT('Ctrl Pts',(-15.4631699197392,41.5317290474166,-0.0406976246002754));
#2863=CARTESIAN_POINT('Ctrl Pts',(-14.8677374212364,43.1721935484168,0.0386991761684834));
#2864=CARTESIAN_POINT('Ctrl Pts',(-15.9232745350291,44.5619795178063,0.118095976937242));
#2865=CARTESIAN_POINT('Ctrl Pts',(-17.6633554766763,44.4286305179428,0.197492777706));
#2866=CARTESIAN_POINT('Ctrl Pts',(-18.4948016957096,42.8942378614622,0.276889578474759));
#2867=CARTESIAN_POINT('Ctrl Pts',(-17.6563599362888,41.3636565812471,0.356286379243518));
#2868=CARTESIAN_POINT('Ctrl Pts',(-15.9156884120934,41.2382521005247,0.435683180012277));
#2869=CARTESIAN_POINT('Ctrl Pts',(-14.8665063971991,42.6328419111099,0.515079980781035));
#2870=CARTESIAN_POINT('Ctrl Pts',(-15.4694210927373,44.2705712870476,0.594476781549795));
#2871=CARTESIAN_POINT('Ctrl Pts',(-17.172417508798,44.6519724454895,0.673873582318553));
#2872=CARTESIAN_POINT('Ctrl Pts',(-18.4162708464854,43.4278431546899,0.753270383087311));
#2873=CARTESIAN_POINT('Ctrl Pts',(-18.0621372619267,41.7189683674326,0.83266718385607));
#2874=CARTESIAN_POINT('Ctrl Pts',(-16.4342534262267,41.0899549809386,0.912063984624828));
#2875=CARTESIAN_POINT('Ctrl Pts',(-15.0230727465292,42.1167133670657,0.991460785393588));
#2876=CARTESIAN_POINT('Ctrl Pts',(-15.1206402181207,43.8591668597154,1.07085758616235));
#2877=CARTESIAN_POINT('Ctrl Pts',(-16.6376251886871,44.7219647148567,1.15025438693111));
#2878=CARTESIAN_POINT('Ctrl Pts',(-18.1851108916869,43.9151487123567,1.22965118769986));
#2879=CARTESIAN_POINT('Ctrl Pts',(-18.3462542331453,42.17742147722,1.30904798846862));
#2880=CARTESIAN_POINT('Ctrl Pts',(-16.9735167556981,41.0998060939847,1.38844478923738));
#2881=CARTESIAN_POINT('Ctrl Pts',(-15.3237442565616,41.6689436297086,1.46784159000614));
#2882=CARTESIAN_POINT('Ctrl Pts',(-14.9074337546697,43.3637428743617,1.5472383907749));
#2883=CARTESIAN_POINT('Ctrl Pts',(-16.1057440944123,44.6324877711243,1.62663519154366));
#2884=CARTESIAN_POINT('Ctrl Pts',(-17.8215406182598,44.3135372153975,1.70603199231241));
#2885=CARTESIAN_POINT('Ctrl Pts',(-18.4838571931967,42.6989291661475,1.78542879308117));
#2886=CARTESIAN_POINT('Ctrl Pts',(-17.4863350127788,41.2669342023554,1.86482559384993));
#2887=CARTESIAN_POINT('Ctrl Pts',(-15.7421973006181,41.3287094146827,1.94422239461869));
#2888=CARTESIAN_POINT('Ctrl Pts',(-14.8485057748457,42.8275859547225,2.02361919538745));
#2889=CARTESIAN_POINT('Ctrl Pts',(-15.6231701326949,44.3914418121887,2.10301599615621));
#2890=CARTESIAN_POINT('Ctrl Pts',(-17.3575857241796,44.5880204265018,2.18241279692496));
#2891=CARTESIAN_POINT('Ctrl Pts',(-18.4624540770658,43.2381808280334,2.26180959769372));
#2892=CARTESIAN_POINT('Ctrl Pts',(-17.928780193349,41.5761383285445,2.34120639846248));
#2893=CARTESIAN_POINT('Ctrl Pts',(-16.2398965298461,41.1269459682782,2.42060319923124));
#2894=CARTESIAN_POINT('Ctrl Pts',(-15.3830433210689,41.9056696976824,2.47353439974375));
#2895=CARTESIAN_POINT('Ctrl Pts',(-15.2140288796887,42.3902035510104,2.5));
#2896=CARTESIAN_POINT('Ctrl Pts',(-17.5650746962935,42.0042641488632,-2.5));
#2897=CARTESIAN_POINT('Ctrl Pts',(-17.267705863376,41.7068953159457,-2.47353439974375));
#2898=CARTESIAN_POINT('Ctrl Pts',(-16.3578924467155,41.4374851738413,-2.42060319923124));
#2899=CARTESIAN_POINT('Ctrl Pts',(-15.2715352239634,42.3707266999571,-2.34120639846248));
#2900=CARTESIAN_POINT('Ctrl Pts',(-15.4698553302972,43.7874627557836,-2.26180959769372));
#2901=CARTESIAN_POINT('Ctrl Pts',(-16.7661888328863,44.3899921645637,-2.18241279692497));
#2902=CARTESIAN_POINT('Ctrl Pts',(-17.9761530860036,43.6269576346156,-2.10301599615621));
#2903=CARTESIAN_POINT('Ctrl Pts',(-17.9906677897715,42.19682054951,-2.02361919538745));
#2904=CARTESIAN_POINT('Ctrl Pts',(-16.7970826769732,41.4090607679189,-1.94422239461869));
#2905=CARTESIAN_POINT('Ctrl Pts',(-15.4878939878004,41.9848933464717,-1.86482559384993));
#2906=CARTESIAN_POINT('Ctrl Pts',(-15.2619285459401,43.3971192417314,-1.78542879308117));
#2907=CARTESIAN_POINT('Ctrl Pts',(-16.3259925258586,44.352726327371,-1.70603199231241));
#2908=CARTESIAN_POINT('Ctrl Pts',(-17.7058949348854,43.9767876406648,-1.62663519154365));
#2909=CARTESIAN_POINT('Ctrl Pts',(-18.1382073610314,42.6135014870163,-1.5472383907749));
#2910=CARTESIAN_POINT('Ctrl Pts',(-17.2271250650132,41.5110629948922,-1.46784159000614));
#2911=CARTESIAN_POINT('Ctrl Pts',(-15.8068088781187,41.6788391170565,-1.38844478923738));
#2912=CARTESIAN_POINT('Ctrl Pts',(-15.1776707450439,42.9632181878488,-1.30904798846862));
#2913=CARTESIAN_POINT('Ctrl Pts',(-15.9157338547334,44.1882517589199,-1.22965118769986));
#2914=CARTESIAN_POINT('Ctrl Pts',(-17.3452451025912,44.2323270292888,-1.1502543869311));
#2915=CARTESIAN_POINT('Ctrl Pts',(-18.1573761355033,43.0550896397752,-1.07085758616234));
#2916=CARTESIAN_POINT('Ctrl Pts',(-17.6085584218599,41.7343914025395,-0.991460785393587));
#2917=CARTESIAN_POINT('Ctrl Pts',(-16.201276892805,41.479433587182,-0.912063984624826));
#2918=CARTESIAN_POINT('Ctrl Pts',(-15.2240065684145,42.523649778784,-0.83266718385607));
#2919=CARTESIAN_POINT('Ctrl Pts',(-15.5715139169404,43.9109793690608,-0.753270383087309));
#2920=CARTESIAN_POINT('Ctrl Pts',(-16.9256291221322,44.371214926669,-0.673873582318552));
#2921=CARTESIAN_POINT('Ctrl Pts',(-18.0465550811621,43.4829752374996,-0.594476781549791));
#2922=CARTESIAN_POINT('Ctrl Pts',(-17.9079974724844,42.059512367752,-0.515079980781034));
#2923=CARTESIAN_POINT('Ctrl Pts',(-16.6368164910706,41.4041165592428,-0.435683180012275));
#2924=CARTESIAN_POINT('Ctrl Pts',(-15.3968765447646,42.1168533143242,-0.356286379243517));
#2925=CARTESIAN_POINT('Ctrl Pts',(-15.3234384587583,43.5451570636196,-0.276889578474757));
#2926=CARTESIAN_POINT('Ctrl Pts',(-16.4837404752261,44.3813053658904,-0.197492777706));
#2927=CARTESIAN_POINT('Ctrl Pts',(-17.8154364465309,43.8597398448735,-0.118095976937241));
#2928=CARTESIAN_POINT('Ctrl Pts',(-18.0992558166712,42.4579940341522,-0.0386991761684823));
#2929=CARTESIAN_POINT('Ctrl Pts',(-17.0753400227756,41.4594745302069,0.0406976246002772));
#2930=CARTESIAN_POINT('Ctrl Pts',(-15.6811630876658,41.7784030901336,0.120094425369036));
#2931=CARTESIAN_POINT('Ctrl Pts',(-15.1932017173762,43.1227759751077,0.199491226137795));
#2932=CARTESIAN_POINT('Ctrl Pts',(-16.0582222490618,44.2617159351161,0.278888026906553));
#2933=CARTESIAN_POINT('Ctrl Pts',(-17.4842315495886,44.1524354358761,0.358284827675312));
#2934=CARTESIAN_POINT('Ctrl Pts',(-18.1656079228664,42.8949892180408,0.43768162844407));
#2935=CARTESIAN_POINT('Ctrl Pts',(-17.4784986521032,41.6406664514615,0.517078429212829));
#2936=CARTESIAN_POINT('Ctrl Pts',(-16.0520053647765,41.5378965448682,0.596475229981588));
#2937=CARTESIAN_POINT('Ctrl Pts',(-15.1921928840028,42.6807732885396,0.675872030750346));
#2938=CARTESIAN_POINT('Ctrl Pts',(-15.6862859705278,44.0229047181398,0.755268831519105));
#2939=CARTESIAN_POINT('Ctrl Pts',(-17.081904225945,44.335465810071,0.834665632287864));
#2940=CARTESIAN_POINT('Ctrl Pts',(-18.1012513066357,43.3322827328085,0.914062433056622));
#2941=CARTESIAN_POINT('Ctrl Pts',(-17.8110361947274,41.9318471083841,0.993459233825381));
#2942=CARTESIAN_POINT('Ctrl Pts',(-16.4769732587309,41.4163659501069,1.07285603459414));
#2943=CARTESIAN_POINT('Ctrl Pts',(-15.3205001741699,42.2578020999824,1.1522528353629));
#2944=CARTESIAN_POINT('Ctrl Pts',(-15.4004574443109,43.6857557237383,1.23164963613166));
#2945=CARTESIAN_POINT('Ctrl Pts',(-16.6436379337996,44.3928249964707,1.31104643690041));
#2946=CARTESIAN_POINT('Ctrl Pts',(-17.91181400084,43.7316332692114,1.39044323766917));
#2947=CARTESIAN_POINT('Ctrl Pts',(-18.0438721701686,42.3075528487121,1.46984003843793));
#2948=CARTESIAN_POINT('Ctrl Pts',(-16.9189035763696,41.4244390106687,1.54923683920669));
#2949=CARTESIAN_POINT('Ctrl Pts',(-15.5669027175503,41.8908514629842,1.62863363997545));
#2950=CARTESIAN_POINT('Ctrl Pts',(-15.2257331584822,43.2797520753392,1.70803044074421));
#2951=CARTESIAN_POINT('Ctrl Pts',(-16.2077574129244,44.3194979742092,1.78742724151297));
#2952=CARTESIAN_POINT('Ctrl Pts',(-17.6138654520723,44.0581156166482,1.86682404228172));
#2953=CARTESIAN_POINT('Ctrl Pts',(-18.1566388214875,42.7349322865921,1.94622084305049));
#2954=CARTESIAN_POINT('Ctrl Pts',(-17.3391619600887,41.5614017410866,2.02561764381924));
#2955=CARTESIAN_POINT('Ctrl Pts',(-15.9098281058909,41.6120269880002,2.105014444588));
#2956=CARTESIAN_POINT('Ctrl Pts',(-15.1774412398253,42.8403674837101,2.18441124535676));
#2957=CARTESIAN_POINT('Ctrl Pts',(-15.8122844546667,44.1219590143426,2.26380804612552));
#2958=CARTESIAN_POINT('Ctrl Pts',(-17.2336509585115,44.2830566538753,2.34320484689428));
#2959=CARTESIAN_POINT('Ctrl Pts',(-18.1390988083005,43.1768530425576,2.42260164766304));
#2960=CARTESIAN_POINT('Ctrl Pts',(-17.7017490831159,41.814796827001,2.50199844843179));
#2961=CARTESIAN_POINT('Ctrl Pts',(-16.3176963336024,41.4466803399261,2.58139524920056));
#2962=CARTESIAN_POINT('Ctrl Pts',(-15.6154987428708,42.0848502400114,2.63432644971306));
#2963=CARTESIAN_POINT('Ctrl Pts',(-15.4769901484929,42.481929344051,2.66079204996931));
#2964=CARTESIAN_POINT('Ctrl Pts',(-17.6307177758137,41.938621069343,-2.55359734998977));
#2965=CARTESIAN_POINT('Ctrl Pts',(-17.3115175945457,41.619420888075,-2.52713174973352));
#2966=CARTESIAN_POINT('Ctrl Pts',(-16.3349101785336,41.3302319863618,-2.47420054922101));
#2967=CARTESIAN_POINT('Ctrl Pts',(-15.1687979837145,42.3319874877045,-2.39480374845225));
#2968=CARTESIAN_POINT('Ctrl Pts',(-15.3816777709798,43.8527332948286,-2.31540694768349));
#2969=CARTESIAN_POINT('Ctrl Pts',(-16.7731816651523,44.4994974315238,-2.23601014691474));
#2970=CARTESIAN_POINT('Ctrl Pts',(-18.0719755069061,43.6804446818337,-2.15661334614598));
#2971=CARTESIAN_POINT('Ctrl Pts',(-18.0875558084069,42.1453140081684,-2.07721654537722));
#2972=CARTESIAN_POINT('Ctrl Pts',(-16.8063435824112,41.2997208011988,-1.99781974460846));
#2973=CARTESIAN_POINT('Ctrl Pts',(-15.4010407374628,41.9178281584855,-1.9184229438397));
#2974=CARTESIAN_POINT('Ctrl Pts',(-15.158486030924,43.43373269137,-1.83902614307094));
#2975=CARTESIAN_POINT('Ctrl Pts',(-16.3006683233262,44.4594957209535,-1.75962934230218));
#2976=CARTESIAN_POINT('Ctrl Pts',(-17.7818763395533,44.0559574759901,-1.68023254153343));
#2977=CARTESIAN_POINT('Ctrl Pts',(-18.2459270049721,42.5925855983954,-1.60083574076467));
#2978=CARTESIAN_POINT('Ctrl Pts',(-17.2679575547584,41.4092115269757,-1.52143893999591));
#2979=CARTESIAN_POINT('Ctrl Pts',(-15.7433687810574,41.5893049418838,-1.44204213922715));
#2980=CARTESIAN_POINT('Ctrl Pts',(-15.0680424391883,42.9679767690265,-1.36264533845839));
#2981=CARTESIAN_POINT('Ctrl Pts',(-15.8602904905012,44.2829462434965,-1.28324853768963));
#2982=CARTESIAN_POINT('Ctrl Pts',(-17.3947493810447,44.3302573021341,-1.20385173692087));
#2983=CARTESIAN_POINT('Ctrl Pts',(-18.2665030560199,43.0665929683792,-1.12445493615211));
#2984=CARTESIAN_POINT('Ctrl Pts',(-17.6773938613563,41.6489356012977,-1.04505813538336));
#2985=CARTESIAN_POINT('Ctrl Pts',(-16.166796685579,41.3752600446519,-0.965661334614597));
#2986=CARTESIAN_POINT('Ctrl Pts',(-15.117780009444,42.4961374223251,-0.88626453384584));
#2987=CARTESIAN_POINT('Ctrl Pts',(-15.4907996280541,43.9853178867003,-0.80686773307708));
#2988=CARTESIAN_POINT('Ctrl Pts',(-16.944327271534,44.4793416617314,-0.727470932308321));
#2989=CARTESIAN_POINT('Ctrl Pts',(-18.1475460682046,43.5258918095374,-0.648074131539562));
#2990=CARTESIAN_POINT('Ctrl Pts',(-17.9988162454721,41.997925339098,-0.568677330770804));
#2991=CARTESIAN_POINT('Ctrl Pts',(-16.6343114461267,41.2944136131853,-0.489280530002045));
#2992=CARTESIAN_POINT('Ctrl Pts',(-15.3033412441079,42.0594759742479,-0.409883729233287));
#2993=CARTESIAN_POINT('Ctrl Pts',(-15.2245116971941,43.5926387176595,-0.330486928464528));
#2994=CARTESIAN_POINT('Ctrl Pts',(-16.4699973466094,44.4901728910736,-0.25109012769577));
#2995=CARTESIAN_POINT('Ctrl Pts',(-17.8994598469792,43.9303166101771,-0.171693326927011));
#2996=CARTESIAN_POINT('Ctrl Pts',(-18.2041158309548,42.425661557783,-0.0922965261582525));
#2997=CARTESIAN_POINT('Ctrl Pts',(-17.1050292057425,41.3538356924698,-0.0128997253894933));
#2998=CARTESIAN_POINT('Ctrl Pts',(-15.6084986983569,41.696178409228,0.0664970753792654));
#2999=CARTESIAN_POINT('Ctrl Pts',(-15.0847136186629,43.1392484995441,0.145893876148024));
#3000=CARTESIAN_POINT('Ctrl Pts',(-16.0132396777176,44.3618037960128,0.225290676916783));
#3001=CARTESIAN_POINT('Ctrl Pts',(-17.5439395252845,44.2445004632317,0.304687477685541));
#3002=CARTESIAN_POINT('Ctrl Pts',(-18.2753391804808,42.8947387658479,0.3840842784543));
#3003=CARTESIAN_POINT('Ctrl Pts',(-17.5377857468317,41.5483298280567,0.463481079223058));
#3004=CARTESIAN_POINT('Ctrl Pts',(-16.0065663805488,41.4380150634204,0.542877879991817));
#3005=CARTESIAN_POINT('Ctrl Pts',(-15.0836307217349,42.6647961627297,0.622274680760576));
#3006=CARTESIAN_POINT('Ctrl Pts',(-15.6139976779309,44.1054602411091,0.701671481529335));
#3007=CARTESIAN_POINT('Ctrl Pts',(-17.1120753202294,44.4409680218772,0.781068282298094));
#3008=CARTESIAN_POINT('Ctrl Pts',(-18.2062578199189,43.3641362067689,0.860465083066851));
#3009=CARTESIAN_POINT('Ctrl Pts',(-17.8947365504605,41.8608875280668,0.939861883835611));
#3010=CARTESIAN_POINT('Ctrl Pts',(-16.4627333145628,41.3075622937175,1.01925868460437));
#3011=CARTESIAN_POINT('Ctrl Pts',(-15.2213576982897,42.2107725223434,1.09865548537313));
#3012=CARTESIAN_POINT('Ctrl Pts',(-15.3071850355808,43.7435594357307,1.17805228614189));
#3013=CARTESIAN_POINT('Ctrl Pts',(-16.6416336854288,44.5025382359327,1.25744908691065));
#3014=CARTESIAN_POINT('Ctrl Pts',(-18.0029129644556,43.7928050835932,1.3368458876794));
#3015=CARTESIAN_POINT('Ctrl Pts',(-18.1446661911608,42.2641757248814,1.41624268844817));
#3016=CARTESIAN_POINT('Ctrl Pts',(-16.9371079694791,41.3162280384407,1.49563948921692));
#3017=CARTESIAN_POINT('Ctrl Pts',(-15.4858498972207,41.8168821852257,1.57503628998568));
#3018=CARTESIAN_POINT('Ctrl Pts',(-15.1196333572113,43.3077490083467,1.65443309075444));
#3019=CARTESIAN_POINT('Ctrl Pts',(-16.1737529734204,44.4238279065142,1.7338298915232));
#3020=CARTESIAN_POINT('Ctrl Pts',(-17.6830905074681,44.1432561495646,1.81322669229195));
#3021=CARTESIAN_POINT('Ctrl Pts',(-18.2657116120572,42.7229312464439,1.89262349306072));
#3022=CARTESIAN_POINT('Ctrl Pts',(-17.3882196443187,41.4632458948429,1.97202029382947));
#3023=CARTESIAN_POINT('Ctrl Pts',(-15.8539511708,41.5175877968944,2.05141709459823));
#3024=CARTESIAN_POINT('Ctrl Pts',(-15.0677960848321,42.8361069740476,2.13081389536699));
#3025=CARTESIAN_POINT('Ctrl Pts',(-15.7492463473428,44.2117866136246,2.21021069613575));
#3026=CARTESIAN_POINT('Ctrl Pts',(-17.2749625470675,44.3847112447509,2.28960749690451));
#3027=CARTESIAN_POINT('Ctrl Pts',(-18.246883897889,43.1972956377162,2.36900429767327));
#3028=CARTESIAN_POINT('Ctrl Pts',(-17.7774261198603,41.7352439941822,2.44840109844202));
#3029=CARTESIAN_POINT('Ctrl Pts',(-16.2917630656836,41.3401022160434,2.52779789921078));
#3030=CARTESIAN_POINT('Ctrl Pts',(-15.5380136022702,42.0251233925684,2.58072909972329));
#3031=CARTESIAN_POINT('Ctrl Pts',(-15.3893363922248,42.4513540797041,2.60719469997954));
#3032=CARTESIAN_POINT('Ctrl Pts',(-17.6963608553338,41.8729779898229,-2.60719469997954));
#3033=CARTESIAN_POINT('Ctrl Pts',(-17.3553293257154,41.5319464602044,-2.58072909972329));
#3034=CARTESIAN_POINT('Ctrl Pts',(-16.3119279103518,41.2229787988824,-2.52779789921078));
#3035=CARTESIAN_POINT('Ctrl Pts',(-15.0660607434656,42.293248275452,-2.44840109844202));
#3036=CARTESIAN_POINT('Ctrl Pts',(-15.2935002116625,43.9180038338738,-2.36900429767326));
#3037=CARTESIAN_POINT('Ctrl Pts',(-16.7801744974182,44.6090026984838,-2.28960749690451));
#3038=CARTESIAN_POINT('Ctrl Pts',(-18.1677979278087,43.7339317290519,-2.21021069613575));
#3039=CARTESIAN_POINT('Ctrl Pts',(-18.1844438270423,42.0938074668268,-2.13081389536699));
#3040=CARTESIAN_POINT('Ctrl Pts',(-16.8156044878492,41.1903808344788,-2.05141709459823));
#3041=CARTESIAN_POINT('Ctrl Pts',(-15.3141874871252,41.8507629704992,-1.97202029382947));
#3042=CARTESIAN_POINT('Ctrl Pts',(-15.0550435159079,43.4703461410086,-1.89262349306071));
#3043=CARTESIAN_POINT('Ctrl Pts',(-16.2753441207939,44.5662651145358,-1.81322669229196));
#3044=CARTESIAN_POINT('Ctrl Pts',(-17.8578577442211,44.1351273113156,-1.73382989152319));
#3045=CARTESIAN_POINT('Ctrl Pts',(-18.3536466489129,42.5716697097742,-1.65443309075444));
#3046=CARTESIAN_POINT('Ctrl Pts',(-17.3087900445035,41.3073600590595,-1.57503628998568));
#3047=CARTESIAN_POINT('Ctrl Pts',(-15.6799286839961,41.4997707667111,-1.49563948921692));
#3048=CARTESIAN_POINT('Ctrl Pts',(-14.9584141333327,42.9727353502042,-1.41624268844816));
#3049=CARTESIAN_POINT('Ctrl Pts',(-15.804847126269,44.3776407280731,-1.3368458876794));
#3050=CARTESIAN_POINT('Ctrl Pts',(-17.4442536594983,44.4281875749794,-1.25744908691064));
#3051=CARTESIAN_POINT('Ctrl Pts',(-18.3756299765365,43.0780962969832,-1.17805228614189));
#3052=CARTESIAN_POINT('Ctrl Pts',(-17.7462293008528,41.5634798000558,-1.09865548537313));
#3053=CARTESIAN_POINT('Ctrl Pts',(-16.132316478353,41.2710865021217,-1.01925868460437));
#3054=CARTESIAN_POINT('Ctrl Pts',(-15.0115534504735,42.4686250658662,-0.93986188383561));
#3055=CARTESIAN_POINT('Ctrl Pts',(-15.4100853391678,44.0596564043398,-0.86046508306685));
#3056=CARTESIAN_POINT('Ctrl Pts',(-16.9630254209358,44.5874683967938,-0.781068282298091));
#3057=CARTESIAN_POINT('Ctrl Pts',(-18.2485370552471,43.5688083815752,-0.701671481529333));
#3058=CARTESIAN_POINT('Ctrl Pts',(-18.0896350184598,41.9363383104438,-0.622274680760575));
#3059=CARTESIAN_POINT('Ctrl Pts',(-16.6318064011827,41.1847106671279,-0.542877879991816));
#3060=CARTESIAN_POINT('Ctrl Pts',(-15.2098059434513,42.0020986341718,-0.463481079223057));
#3061=CARTESIAN_POINT('Ctrl Pts',(-15.1255849356299,43.6401203716993,-0.384084278454299));
#3062=CARTESIAN_POINT('Ctrl Pts',(-16.4562542179927,44.5990404162568,-0.30468747768554));
#3063=CARTESIAN_POINT('Ctrl Pts',(-17.9834832474276,44.0008933754807,-0.225290676916781));
#3064=CARTESIAN_POINT('Ctrl Pts',(-18.3089758452385,42.3933290814137,-0.145893876148023));
#3065=CARTESIAN_POINT('Ctrl Pts',(-17.1347183887094,41.2481968547327,-0.0664970753792635));
#3066=CARTESIAN_POINT('Ctrl Pts',(-15.5358343090481,41.6139537283223,0.0128997253894949));
#3067=CARTESIAN_POINT('Ctrl Pts',(-14.9762255199497,43.1557210239804,0.0922965261582539));
#3068=CARTESIAN_POINT('Ctrl Pts',(-15.9682571063734,44.4618916569096,0.171693326927012));
#3069=CARTESIAN_POINT('Ctrl Pts',(-17.6036475009804,44.3365654905873,0.251090127695771));
#3070=CARTESIAN_POINT('Ctrl Pts',(-18.3850704380952,42.894488313655,0.330486928464529));
#3071=CARTESIAN_POINT('Ctrl Pts',(-17.5970728415603,41.4559932046519,0.409883729233288));
#3072=CARTESIAN_POINT('Ctrl Pts',(-15.9611273963211,41.3381335819725,0.489280530002047));
#3073=CARTESIAN_POINT('Ctrl Pts',(-14.975068559467,42.6488190369198,0.568677330770805));
#3074=CARTESIAN_POINT('Ctrl Pts',(-15.5417093853341,44.1880157640783,0.648074131539565));
#3075=CARTESIAN_POINT('Ctrl Pts',(-17.1422464145137,44.5464702336834,0.727470932308323));
#3076=CARTESIAN_POINT('Ctrl Pts',(-18.3112643332022,43.3959896807294,0.806867733077081));
#3077=CARTESIAN_POINT('Ctrl Pts',(-17.9784369061936,41.7899279477497,0.88626453384584));
#3078=CARTESIAN_POINT('Ctrl Pts',(-16.4484933703948,41.1987586373281,0.965661334614599));
#3079=CARTESIAN_POINT('Ctrl Pts',(-15.1222152224094,42.1637429447045,1.04505813538336));
#3080=CARTESIAN_POINT('Ctrl Pts',(-15.2139126268508,43.801363147723,1.12445493615212));
#3081=CARTESIAN_POINT('Ctrl Pts',(-16.6396294370579,44.6122514753947,1.20385173692087));
#3082=CARTESIAN_POINT('Ctrl Pts',(-18.0940119280713,43.853976897975,1.28324853768963));
#3083=CARTESIAN_POINT('Ctrl Pts',(-18.2454602121531,42.2207986010507,1.36264533845839));
#3084=CARTESIAN_POINT('Ctrl Pts',(-16.9553123625886,41.2080170662128,1.44204213922715));
#3085=CARTESIAN_POINT('Ctrl Pts',(-15.4047970768911,41.7429129074672,1.52143893999591));
#3086=CARTESIAN_POINT('Ctrl Pts',(-15.0135335559405,43.3357459413542,1.60083574076467));
#3087=CARTESIAN_POINT('Ctrl Pts',(-16.1397485339164,44.5281578388192,1.68023254153343));
#3088=CARTESIAN_POINT('Ctrl Pts',(-17.7523155628639,44.228396682481,1.75962934230218));
#3089=CARTESIAN_POINT('Ctrl Pts',(-18.374784402627,42.7109302062957,1.83902614307094));
#3090=CARTESIAN_POINT('Ctrl Pts',(-17.4372773285487,41.3650900485991,1.9184229438397));
#3091=CARTESIAN_POINT('Ctrl Pts',(-15.798074235709,41.4231486057885,1.99781974460846));
#3092=CARTESIAN_POINT('Ctrl Pts',(-14.9581509298389,42.8318464643851,2.07721654537722));
#3093=CARTESIAN_POINT('Ctrl Pts',(-15.6862082400188,44.3016142129066,2.15661334614597));
#3094=CARTESIAN_POINT('Ctrl Pts',(-17.3162741356236,44.4863658356264,2.23601014691474));
#3095=CARTESIAN_POINT('Ctrl Pts',(-18.3546689874774,43.2177382328748,2.31540694768349));
#3096=CARTESIAN_POINT('Ctrl Pts',(-17.8531031566046,41.6556911613634,2.39480374845225));
#3097=CARTESIAN_POINT('Ctrl Pts',(-16.2658297977649,41.2335240921608,2.47420054922102));
#3098=CARTESIAN_POINT('Ctrl Pts',(-15.4605284616695,41.9653965451254,2.52713174973352));
#3099=CARTESIAN_POINT('Ctrl Pts',(-15.3016826359568,42.4207788153572,2.55359734998977));
#3100=CARTESIAN_POINT('Ctrl Pts',(-17.762003934854,41.8073349103027,-2.66079204996931));
#3101=CARTESIAN_POINT('Ctrl Pts',(-17.399141056885,41.4444720323338,-2.63432644971306));
#3102=CARTESIAN_POINT('Ctrl Pts',(-16.28894564217,41.1157256114029,-2.58139524920055));
#3103=CARTESIAN_POINT('Ctrl Pts',(-14.9633235032167,42.2545090631994,-2.50199844843179));
#3104=CARTESIAN_POINT('Ctrl Pts',(-15.2053226523452,43.9832743729189,-2.42260164766304));
#3105=CARTESIAN_POINT('Ctrl Pts',(-16.7871673296841,44.7185079654438,-2.34320484689428));
#3106=CARTESIAN_POINT('Ctrl Pts',(-18.2636203487113,43.7874187762702,-2.26380804612552));
#3107=CARTESIAN_POINT('Ctrl Pts',(-18.2813318456776,42.0423009254852,-2.18441124535676));
#3108=CARTESIAN_POINT('Ctrl Pts',(-16.8248653932872,41.0810408677586,-2.105014444588));
#3109=CARTESIAN_POINT('Ctrl Pts',(-15.2273342367876,41.7836977825131,-2.02561764381924));
#3110=CARTESIAN_POINT('Ctrl Pts',(-14.9516010008917,43.5069595906472,-1.94622084305048));
#3111=CARTESIAN_POINT('Ctrl Pts',(-16.2500199182616,44.6730345081182,-1.86682404228172));
#3112=CARTESIAN_POINT('Ctrl Pts',(-17.933839148889,44.214297146641,-1.78742724151296));
#3113=CARTESIAN_POINT('Ctrl Pts',(-18.4613662928536,42.5507538211532,-1.70803044074421));
#3114=CARTESIAN_POINT('Ctrl Pts',(-17.3496225342486,41.2055085911431,-1.62863363997545));
#3115=CARTESIAN_POINT('Ctrl Pts',(-15.6164885869349,41.4102365915383,-1.54923683920669));
#3116=CARTESIAN_POINT('Ctrl Pts',(-14.848785827477,42.977493931382,-1.46984003843793));
#3117=CARTESIAN_POINT('Ctrl Pts',(-15.7494037620368,44.4723352126495,-1.39044323766917));
#3118=CARTESIAN_POINT('Ctrl Pts',(-17.4937579379519,44.5261178478249,-1.31104643690041));
#3119=CARTESIAN_POINT('Ctrl Pts',(-18.4847568970531,43.0895996255871,-1.23164963613166));
#3120=CARTESIAN_POINT('Ctrl Pts',(-17.8150647403493,41.4780239988141,-1.1522528353629));
#3121=CARTESIAN_POINT('Ctrl Pts',(-16.097836271127,41.1669129595916,-1.07285603459414));
#3122=CARTESIAN_POINT('Ctrl Pts',(-14.905326891503,42.4411127094074,-0.99345923382538));
#3123=CARTESIAN_POINT('Ctrl Pts',(-15.3293710502815,44.1339949219792,-0.91406243305662));
#3124=CARTESIAN_POINT('Ctrl Pts',(-16.9817235703376,44.6955951318563,-0.834665632287863));
#3125=CARTESIAN_POINT('Ctrl Pts',(-18.3495280422896,43.611724953613,-0.755268831519103));
#3126=CARTESIAN_POINT('Ctrl Pts',(-18.1804537914475,41.8747512817898,-0.675872030750345));
#3127=CARTESIAN_POINT('Ctrl Pts',(-16.6293013562388,41.0750077210705,-0.596475229981586));
#3128=CARTESIAN_POINT('Ctrl Pts',(-15.1162706427946,41.9447212940957,-0.517078429212828));
#3129=CARTESIAN_POINT('Ctrl Pts',(-15.0266581740656,43.687602025739,-0.437681628444069));
#3130=CARTESIAN_POINT('Ctrl Pts',(-16.4425110893759,44.7079079414399,-0.358284827675311));
#3131=CARTESIAN_POINT('Ctrl Pts',(-18.067506647876,44.0714701407843,-0.278888026906552));
#3132=CARTESIAN_POINT('Ctrl Pts',(-18.4138358595221,42.3609966050445,-0.199491226137794));
#3133=CARTESIAN_POINT('Ctrl Pts',(-17.1644075716764,41.1425580169957,-0.120094425369034));
#3134=CARTESIAN_POINT('Ctrl Pts',(-15.4631699197392,41.5317290474166,-0.0406976246002754));
#3135=CARTESIAN_POINT('Ctrl Pts',(-14.8677374212364,43.1721935484168,0.0386991761684834));
#3136=CARTESIAN_POINT('Ctrl Pts',(-15.9232745350291,44.5619795178063,0.118095976937242));
#3137=CARTESIAN_POINT('Ctrl Pts',(-17.6633554766763,44.4286305179428,0.197492777706));
#3138=CARTESIAN_POINT('Ctrl Pts',(-18.4948016957096,42.8942378614622,0.276889578474759));
#3139=CARTESIAN_POINT('Ctrl Pts',(-17.6563599362888,41.3636565812471,0.356286379243518));
#3140=CARTESIAN_POINT('Ctrl Pts',(-15.9156884120934,41.2382521005247,0.435683180012277));
#3141=CARTESIAN_POINT('Ctrl Pts',(-14.8665063971991,42.6328419111099,0.515079980781035));
#3142=CARTESIAN_POINT('Ctrl Pts',(-15.4694210927373,44.2705712870476,0.594476781549795));
#3143=CARTESIAN_POINT('Ctrl Pts',(-17.172417508798,44.6519724454895,0.673873582318553));
#3144=CARTESIAN_POINT('Ctrl Pts',(-18.4162708464854,43.4278431546899,0.753270383087311));
#3145=CARTESIAN_POINT('Ctrl Pts',(-18.0621372619267,41.7189683674326,0.83266718385607));
#3146=CARTESIAN_POINT('Ctrl Pts',(-16.4342534262267,41.0899549809386,0.912063984624828));
#3147=CARTESIAN_POINT('Ctrl Pts',(-15.0230727465292,42.1167133670657,0.991460785393588));
#3148=CARTESIAN_POINT('Ctrl Pts',(-15.1206402181207,43.8591668597154,1.07085758616235));
#3149=CARTESIAN_POINT('Ctrl Pts',(-16.6376251886871,44.7219647148567,1.15025438693111));
#3150=CARTESIAN_POINT('Ctrl Pts',(-18.1851108916869,43.9151487123567,1.22965118769986));
#3151=CARTESIAN_POINT('Ctrl Pts',(-18.3462542331453,42.17742147722,1.30904798846862));
#3152=CARTESIAN_POINT('Ctrl Pts',(-16.9735167556981,41.0998060939847,1.38844478923738));
#3153=CARTESIAN_POINT('Ctrl Pts',(-15.3237442565616,41.6689436297086,1.46784159000614));
#3154=CARTESIAN_POINT('Ctrl Pts',(-14.9074337546697,43.3637428743617,1.5472383907749));
#3155=CARTESIAN_POINT('Ctrl Pts',(-16.1057440944123,44.6324877711243,1.62663519154366));
#3156=CARTESIAN_POINT('Ctrl Pts',(-17.8215406182598,44.3135372153975,1.70603199231241));
#3157=CARTESIAN_POINT('Ctrl Pts',(-18.4838571931967,42.6989291661475,1.78542879308117));
#3158=CARTESIAN_POINT('Ctrl Pts',(-17.4863350127788,41.2669342023554,1.86482559384993));
#3159=CARTESIAN_POINT('Ctrl Pts',(-15.7421973006181,41.3287094146827,1.94422239461869));
#3160=CARTESIAN_POINT('Ctrl Pts',(-14.8485057748457,42.8275859547225,2.02361919538745));
#3161=CARTESIAN_POINT('Ctrl Pts',(-15.6231701326949,44.3914418121887,2.10301599615621));
#3162=CARTESIAN_POINT('Ctrl Pts',(-17.3575857241796,44.5880204265018,2.18241279692496));
#3163=CARTESIAN_POINT('Ctrl Pts',(-18.4624540770658,43.2381808280334,2.26180959769372));
#3164=CARTESIAN_POINT('Ctrl Pts',(-17.928780193349,41.5761383285445,2.34120639846248));
#3165=CARTESIAN_POINT('Ctrl Pts',(-16.2398965298461,41.1269459682782,2.42060319923124));
#3166=CARTESIAN_POINT('Ctrl Pts',(-15.3830433210689,41.9056696976824,2.47353439974375));
#3167=CARTESIAN_POINT('Ctrl Pts',(-15.2140288796887,42.3902035510104,2.5));
#3168=CARTESIAN_POINT('',(-17.5650746962935,42.0042641488632,2.5));
#3169=CARTESIAN_POINT('Ctrl Pts',(-15.2140288796887,42.3902035510104,2.5));
#3170=CARTESIAN_POINT('Ctrl Pts',(-15.239500551596,42.3338798732429,2.5));
#3171=CARTESIAN_POINT('Ctrl Pts',(-15.2685387633197,42.2794268033522,2.5));
#3172=CARTESIAN_POINT('Ctrl Pts',(-15.3008180824192,42.2270236675029,2.5));
#3173=CARTESIAN_POINT('Ctrl Pts',(-15.3325722040142,42.1754731517503,2.5));
#3174=CARTESIAN_POINT('Ctrl Pts',(-15.3674639963832,42.1259058528053,2.5));
#3175=CARTESIAN_POINT('Ctrl Pts',(-15.4052260576216,42.0785279657708,2.5));
#3176=CARTESIAN_POINT('Ctrl Pts',(-15.4340940986797,42.0423088944779,2.5));
#3177=CARTESIAN_POINT('Ctrl Pts',(-15.4646405380869,42.0073699932987,2.5));
#3178=CARTESIAN_POINT('Ctrl Pts',(-15.4967568995377,41.9738207390361,2.5));
#3179=CARTESIAN_POINT('Ctrl Pts',(-15.5141826366963,41.9556175410325,2.5));
#3180=CARTESIAN_POINT('Ctrl Pts',(-15.5320706857639,41.9378237261979,2.5));
#3181=CARTESIAN_POINT('Ctrl Pts',(-15.5504044388504,41.9204589232392,2.5));
#3182=CARTESIAN_POINT('Ctrl Pts',(-15.5570844994742,41.9141319079283,2.5));
#3183=CARTESIAN_POINT('Ctrl Pts',(-15.563822884443,41.9078627472029,2.5));
#3184=CARTESIAN_POINT('Ctrl Pts',(-15.5706114104506,41.9016588727712,2.5));
#3185=CARTESIAN_POINT('Ctrl Pts',(-15.6143304681543,41.8617050530525,2.5));
#3186=CARTESIAN_POINT('Ctrl Pts',(-15.660207495209,41.8243783918463,2.5));
#3187=CARTESIAN_POINT('Ctrl Pts',(-15.7079860937073,41.7898663351127,2.5));
#3188=CARTESIAN_POINT('Ctrl Pts',(-15.7547868598746,41.7560605989064,2.5));
#3189=CARTESIAN_POINT('Ctrl Pts',(-15.8034131334575,41.7249550690166,2.5));
#3190=CARTESIAN_POINT('Ctrl Pts',(-15.8536437907588,41.6967704444503,2.5));
#3191=CARTESIAN_POINT('Ctrl Pts',(-15.891297260202,41.6756429307585,2.5));
#3192=CARTESIAN_POINT('Ctrl Pts',(-15.9298527361966,41.6561575832293,2.5));
#3193=CARTESIAN_POINT('Ctrl Pts',(-15.9692198715687,41.6384262088066,2.5));
#3194=CARTESIAN_POINT('Ctrl Pts',(-15.9891704299591,41.6294402661562,2.5));
#3195=CARTESIAN_POINT('Ctrl Pts',(-16.0093294597109,41.6209050638621,2.5));
#3196=CARTESIAN_POINT('Ctrl Pts',(-16.029685155776,41.6128369046449,2.5));
#3197=CARTESIAN_POINT('Ctrl Pts',(-16.0392495757239,41.6090459626543,2.5));
#3198=CARTESIAN_POINT('Ctrl Pts',(-16.0488495163854,41.6053613064282,2.5));
#3199=CARTESIAN_POINT('Ctrl Pts',(-16.0584802719859,41.6017853324542,2.5));
#3200=CARTESIAN_POINT('Ctrl Pts',(-16.1107079317362,41.5823927988111,2.5));
#3201=CARTESIAN_POINT('Ctrl Pts',(-16.1638730579194,41.566179845798,2.5));
#3202=CARTESIAN_POINT('Ctrl Pts',(-16.2177694759764,41.5533436320375,2.5));
#3203=CARTESIAN_POINT('Ctrl Pts',(-16.2579951106951,41.5437633136321,2.5));
#3204=CARTESIAN_POINT('Ctrl Pts',(-16.298628473217,41.5360648887713,2.5));
#3205=CARTESIAN_POINT('Ctrl Pts',(-16.3395850884493,41.5303493117368,2.5));
#3206=CARTESIAN_POINT('Ctrl Pts',(-16.3944983067464,41.5226860630135,2.5));
#3207=CARTESIAN_POINT('Ctrl Pts',(-16.4499937790714,41.5185861491882,2.5));
#3208=CARTESIAN_POINT('Ctrl Pts',(-16.5057562514398,41.5179675326991,2.5));
#3209=CARTESIAN_POINT('Ctrl Pts',(-16.5215856291786,41.5177919250966,2.5));
#3210=CARTESIAN_POINT('Ctrl Pts',(-16.5374364120958,41.5178971202231,2.5));
#3211=CARTESIAN_POINT('Ctrl Pts',(-16.553301073812,41.5182818584928,2.5));
#3212=CARTESIAN_POINT('Ctrl Pts',(-16.5633694409996,41.5185260292315,2.5));
#3213=CARTESIAN_POINT('Ctrl Pts',(-16.5734432592108,41.5188828991024,2.5));
#3214=CARTESIAN_POINT('Ctrl Pts',(-16.5835063007461,41.5193512085075,2.5));
#3215=CARTESIAN_POINT('Ctrl Pts',(-16.6391037100266,41.5219385763103,2.5));
#3216=CARTESIAN_POINT('Ctrl Pts',(-16.6944838236722,41.5279252089685,2.5));
#3217=CARTESIAN_POINT('Ctrl Pts',(-16.7493385233425,41.5371765996127,2.5));
#3218=CARTESIAN_POINT('Ctrl Pts',(-16.804171365648,41.5464243039543,2.5));
#3219=CARTESIAN_POINT('Ctrl Pts',(-16.85848031957,41.5589347180319,2.5));
#3220=CARTESIAN_POINT('Ctrl Pts',(-16.91193882962,41.5746216044732,2.5));
#3221=CARTESIAN_POINT('Ctrl Pts',(-16.9443226145117,41.5841243151859,2.5));
#3222=CARTESIAN_POINT('Ctrl Pts',(-16.976393879703,41.5947935651982,2.5));
#3223=CARTESIAN_POINT('Ctrl Pts',(-17.0080740960956,41.606617497994,2.5));
#3224=CARTESIAN_POINT('Ctrl Pts',(-17.0245169211015,41.6127544149718,2.5));
#3225=CARTESIAN_POINT('Ctrl Pts',(-17.0408543168116,41.619202472912,2.5));
#3226=CARTESIAN_POINT('Ctrl Pts',(-17.0570746809426,41.6259605285165,2.5));
#3227=CARTESIAN_POINT('Ctrl Pts',(-17.0701977599438,41.6314281306539,2.5));
#3228=CARTESIAN_POINT('Ctrl Pts',(-17.0832471195839,41.6371001405796,2.5));
#3229=CARTESIAN_POINT('Ctrl Pts',(-17.0961932734119,41.6429651035741,2.5));
#3230=CARTESIAN_POINT('Ctrl Pts',(-17.1450606278111,41.6651033562936,2.5));
#3231=CARTESIAN_POINT('Ctrl Pts',(-17.1925285279702,41.6900148360759,2.5));
#3232=CARTESIAN_POINT('Ctrl Pts',(-17.2382876748472,41.7176289392321,2.5));
#3233=CARTESIAN_POINT('Ctrl Pts',(-17.2703597149038,41.736983334648,2.5));
#3234=CARTESIAN_POINT('Ctrl Pts',(-17.3015917751538,41.7576662140445,2.5));
#3235=CARTESIAN_POINT('Ctrl Pts',(-17.3318654909241,41.7796629399494,2.5));
#3236=CARTESIAN_POINT('Ctrl Pts',(-17.3441032451073,41.7885548290885,2.5));
#3237=CARTESIAN_POINT('Ctrl Pts',(-17.3561858836207,41.7976630013887,2.5));
#3238=CARTESIAN_POINT('Ctrl Pts',(-17.3680873211826,41.8069722109735,2.5));
#3239=CARTESIAN_POINT('Ctrl Pts',(-17.4084235419484,41.8385228813035,2.5));
#3240=CARTESIAN_POINT('Ctrl Pts',(-17.4467290688811,41.8724138352836,2.5));
#3241=CARTESIAN_POINT('Ctrl Pts',(-17.4827062336714,41.9085964610318,2.5));
#3242=CARTESIAN_POINT('Ctrl Pts',(-17.5048296701167,41.9308462415752,2.5));
#3243=CARTESIAN_POINT('Ctrl Pts',(-17.526071909755,41.9539631732931,2.5));
#3244=CARTESIAN_POINT('Ctrl Pts',(-17.5463550506541,41.9779406800644,2.5));
#3245=CARTESIAN_POINT('Ctrl Pts',(-17.55320889659,41.9860428836705,2.5));
#3246=CARTESIAN_POINT('Ctrl Pts',(-17.5599531668485,41.9942433783197,2.5));
#3247=CARTESIAN_POINT('Ctrl Pts',(-17.5665870070654,42.0025395420265,2.5));
#3248=CARTESIAN_POINT('',(-17.5650746962935,42.0042641488632,-2.5));
#3249=CARTESIAN_POINT('Ctrl Pts',(-17.5650746962935,42.0042641488632,-2.5));
#3250=CARTESIAN_POINT('Ctrl Pts',(-17.5334758290542,41.9649339126522,-2.5));
#3251=CARTESIAN_POINT('Ctrl Pts',(-17.4994669457065,41.9278124184786,-2.5));
#3252=CARTESIAN_POINT('Ctrl Pts',(-17.4633672696545,41.8929237355648,-2.5));
#3253=CARTESIAN_POINT('Ctrl Pts',(-17.4256398606506,41.8564619233312,-2.5));
#3254=CARTESIAN_POINT('Ctrl Pts',(-17.3856284523195,41.8224381664158,-2.5));
#3255=CARTESIAN_POINT('Ctrl Pts',(-17.3436457205523,41.7909043021474,-2.5));
#3256=CARTESIAN_POINT('Ctrl Pts',(-17.3094542624719,41.765222581286,-2.5));
#3257=CARTESIAN_POINT('Ctrl Pts',(-17.2739540866905,41.7411926838199,-2.5));
#3258=CARTESIAN_POINT('Ctrl Pts',(-17.2372939679587,41.7188583261728,-2.5));
#3259=CARTESIAN_POINT('Ctrl Pts',(-17.2198879838708,41.7082541195509,-2.5));
#3260=CARTESIAN_POINT('Ctrl Pts',(-17.2022202854472,41.6980323619274,-2.5));
#3261=CARTESIAN_POINT('Ctrl Pts',(-17.1843057045834,41.6881990502213,-2.5));
#3262=CARTESIAN_POINT('Ctrl Pts',(-17.1755335321952,41.6833840056447,-2.5));
#3263=CARTESIAN_POINT('Ctrl Pts',(-17.1667099706639,41.678666433037,-2.5));
#3264=CARTESIAN_POINT('Ctrl Pts',(-17.1578401732377,41.6740481709338,-2.5));
#3265=CARTESIAN_POINT('Ctrl Pts',(-17.1094916388807,41.6488744050365,-2.5));
#3266=CARTESIAN_POINT('Ctrl Pts',(-17.0597442687962,41.6266331701947,-2.5));
#3267=CARTESIAN_POINT('Ctrl Pts',(-17.0089263015332,41.6073766597617,-2.5));
#3268=CARTESIAN_POINT('Ctrl Pts',(-16.9573294356036,41.5878250003665,-2.5));
#3269=CARTESIAN_POINT('Ctrl Pts',(-16.9046280043505,41.57134962222,-2.5));
#3270=CARTESIAN_POINT('Ctrl Pts',(-16.8511290264337,41.5580434743857,-2.5));
#3271=CARTESIAN_POINT('Ctrl Pts',(-16.8122668211121,41.5483777523606,-2.5));
#3272=CARTESIAN_POINT('Ctrl Pts',(-16.7729829469769,41.5403851106609,-2.5));
#3273=CARTESIAN_POINT('Ctrl Pts',(-16.7333875466794,41.5341165152592,-2.5));
#3274=CARTESIAN_POINT('Ctrl Pts',(-16.7215045175248,41.532235238612,-2.5));
#3275=CARTESIAN_POINT('Ctrl Pts',(-16.7095934011909,41.5305093374789,-2.5));
#3276=CARTESIAN_POINT('Ctrl Pts',(-16.6976571139664,41.528940444573,-2.5));
#3277=CARTESIAN_POINT('Ctrl Pts',(-16.6879855655608,41.5276692265302,-2.5));
#3278=CARTESIAN_POINT('Ctrl Pts',(-16.6782991517557,41.5265013957613,-2.5));
#3279=CARTESIAN_POINT('Ctrl Pts',(-16.6686113356336,41.5254388205089,-2.5));
#3280=CARTESIAN_POINT('Ctrl Pts',(-16.612101045192,41.5192406809719,-2.5));
#3281=CARTESIAN_POINT('Ctrl Pts',(-16.5554356603193,41.5166054170991,-2.5));
#3282=CARTESIAN_POINT('Ctrl Pts',(-16.4989434701563,41.5176143105675,-2.5));
#3283=CARTESIAN_POINT('Ctrl Pts',(-16.4575919101987,41.51835280767,-2.5));
#3284=CARTESIAN_POINT('Ctrl Pts',(-16.4163323548606,41.521044670735,-2.5));
#3285=CARTESIAN_POINT('Ctrl Pts',(-16.375286831728,41.525738179098,-2.5));
#3286=CARTESIAN_POINT('Ctrl Pts',(-16.3206322392343,41.5319878688905,-2.5));
#3287=CARTESIAN_POINT('Ctrl Pts',(-16.2663566333088,41.5417843968752,-2.5));
#3288=CARTESIAN_POINT('Ctrl Pts',(-16.2126780724053,41.5549162931444,-2.5));
#3289=CARTESIAN_POINT('Ctrl Pts',(-16.197256353843,41.5586890546537,-2.5));
#3290=CARTESIAN_POINT('Ctrl Pts',(-16.1818839297075,41.562737445685,-2.5));
#3291=CARTESIAN_POINT('Ctrl Pts',(-16.1665660511077,41.5670572243408,-2.5));
#3292=CARTESIAN_POINT('Ctrl Pts',(-16.1567822062395,41.5698163560285,-2.5));
#3293=CARTESIAN_POINT('Ctrl Pts',(-16.1470206891981,41.572686299554,-2.5));
#3294=CARTESIAN_POINT('Ctrl Pts',(-16.137296586759,41.5756614924683,-2.5));
#3295=CARTESIAN_POINT('Ctrl Pts',(-16.083113907129,41.5922392615245,-2.5));
#3296=CARTESIAN_POINT('Ctrl Pts',(-16.0299860908212,41.6121096540149,-2.5));
#3297=CARTESIAN_POINT('Ctrl Pts',(-15.9781396677382,41.6350005739415,-2.5));
#3298=CARTESIAN_POINT('Ctrl Pts',(-15.9250433348115,41.6584433465215,-2.5));
#3299=CARTESIAN_POINT('Ctrl Pts',(-15.873290006025,41.6850543216895,-2.5));
#3300=CARTESIAN_POINT('Ctrl Pts',(-15.823124500987,41.7145971171971,-2.5));
#3301=CARTESIAN_POINT('Ctrl Pts',(-15.7913526439345,41.7333077725586,-2.5));
#3302=CARTESIAN_POINT('Ctrl Pts',(-15.7602177676454,41.7531955490571,-2.5));
#3303=CARTESIAN_POINT('Ctrl Pts',(-15.7297850075535,41.7742106919053,-2.5));
#3304=CARTESIAN_POINT('Ctrl Pts',(-15.7061994305374,41.7904975573968,-2.5));
#3305=CARTESIAN_POINT('Ctrl Pts',(-15.6830356047656,41.8074617226438,-2.5));
#3306=CARTESIAN_POINT('Ctrl Pts',(-15.6603254784941,41.8250829579671,-2.5));
#3307=CARTESIAN_POINT('Ctrl Pts',(-15.6514203802595,41.8319925994941,-2.5));
#3308=CARTESIAN_POINT('Ctrl Pts',(-15.6425921283951,41.8389978359967,-2.5));
#3309=CARTESIAN_POINT('Ctrl Pts',(-15.633844285696,41.8460954592992,-2.5));
#3310=CARTESIAN_POINT('Ctrl Pts',(-15.5912335615675,41.8806679680787,-2.5));
#3311=CARTESIAN_POINT('Ctrl Pts',(-15.5505151264963,41.9174411039658,-2.5));
#3312=CARTESIAN_POINT('Ctrl Pts',(-15.5118891613316,41.9562339769674,-2.5));
#3313=CARTESIAN_POINT('Ctrl Pts',(-15.4826336066399,41.9856159487294,-2.5));
#3314=CARTESIAN_POINT('Ctrl Pts',(-15.4545785187969,42.0161573526019,-2.5));
#3315=CARTESIAN_POINT('Ctrl Pts',(-15.4278173030071,42.0477914911469,-2.5));
#3316=CARTESIAN_POINT('Ctrl Pts',(-15.4186801132538,42.0585924625541,-2.5));
#3317=CARTESIAN_POINT('Ctrl Pts',(-15.409692796849,42.0695221863138,-2.5));
#3318=CARTESIAN_POINT('Ctrl Pts',(-15.4008624820518,42.0805742281963,-2.5));
#3319=CARTESIAN_POINT('Ctrl Pts',(-15.3628186499269,42.1281899741431,-2.5));
#3320=CARTESIAN_POINT('Ctrl Pts',(-15.3277851346922,42.1779483819107,-2.5));
#3321=CARTESIAN_POINT('Ctrl Pts',(-15.2960381149344,42.2296220326221,-2.5));
#3322=CARTESIAN_POINT('Ctrl Pts',(-15.2712526067994,42.2699646443014,-2.5));
#3323=CARTESIAN_POINT('Ctrl Pts',(-15.2484705404457,42.3114756745162,-2.5));
#3324=CARTESIAN_POINT('Ctrl Pts',(-15.2278383045845,42.3540632313397,-2.5));
#3325=CARTESIAN_POINT('Ctrl Pts',(-15.2222167739817,42.3656667849048,-2.5));
#3326=CARTESIAN_POINT('Ctrl Pts',(-15.2167549310417,42.3773503277791,-2.5));
#3327=CARTESIAN_POINT('Ctrl Pts',(-15.2114520880224,42.3891107154812,-2.5));
#3328=CARTESIAN_POINT('Ctrl Pts',(-17.5665870070655,42.0025395420265,2.5));
#3329=CARTESIAN_POINT('Ctrl Pts',(-17.8547293790088,42.2916442070164,2.47420054922101));
#3330=CARTESIAN_POINT('Ctrl Pts',(-17.9913518645214,42.7331888144064,2.44840109844202));
#3331=CARTESIAN_POINT('Ctrl Pts',(-17.9152992124716,43.1342109418512,2.42260164766303));
#3332=CARTESIAN_POINT('Ctrl Pts',(-17.8372828583708,43.5455875796635,2.39613604740678));
#3333=CARTESIAN_POINT('Ctrl Pts',(-17.5354669084411,43.9143221167694,2.36967044715053));
#3334=CARTESIAN_POINT('Ctrl Pts',(-17.1476645161689,44.0718397787336,2.34320484689428));
#3335=CARTESIAN_POINT('Ctrl Pts',(-16.7598621238966,44.2293574406977,2.31673924663802));
#3336=CARTESIAN_POINT('Ctrl Pts',(-16.2860732892816,44.1756582275202,2.29027364638177));
#3337=CARTESIAN_POINT('Ctrl Pts',(-15.9433716695006,43.9352100324927,2.26380804612552));
#3338=CARTESIAN_POINT('Ctrl Pts',(-15.6006700497196,43.6947618374651,2.23734244586927));
#3339=CARTESIAN_POINT('Ctrl Pts',(-15.3890556447724,43.2675646605876,2.21087684561301));
#3340=CARTESIAN_POINT('Ctrl Pts',(-15.4053129199764,42.8492426561972,2.18441124535676));
#3341=CARTESIAN_POINT('Ctrl Pts',(-15.4215701951805,42.4309206518068,2.15794564510051));
#3342=CARTESIAN_POINT('Ctrl Pts',(-15.6656991505357,42.0214738199035,2.13148004484425));
#3343=CARTESIAN_POINT('Ctrl Pts',(-16.0259859372462,41.8083128627996,2.105014444588));
#3344=CARTESIAN_POINT('Ctrl Pts',(-16.3862727239568,41.5951519056957,2.07854884433175));
#3345=CARTESIAN_POINT('Ctrl Pts',(-16.8627173420227,41.5782768233911,2.0520832440755));
#3346=CARTESIAN_POINT('Ctrl Pts',(-17.2371857946222,41.7654277064898,2.02561764381924));
#3347=CARTESIAN_POINT('Ctrl Pts',(-17.6116542472216,41.9525785895884,1.99915204356299));
#3348=CARTESIAN_POINT('Ctrl Pts',(-17.8841465343546,42.3437554380902,1.97268644330674));
#3349=CARTESIAN_POINT('Ctrl Pts',(-17.9299304496852,42.7598744173505,1.94622084305049));
#3350=CARTESIAN_POINT('Ctrl Pts',(-17.9757143650158,43.1759933966108,1.91975524279423));
#3351=CARTESIAN_POINT('Ctrl Pts',(-17.794789908544,43.6170545066295,1.89328964253798));
#3352=CARTESIAN_POINT('Ctrl Pts',(-17.4699763404502,43.881148787899,1.86682404228172));
#3353=CARTESIAN_POINT('Ctrl Pts',(-17.1451627723564,44.1452430691685,1.84035844202547));
#3354=CARTESIAN_POINT('Ctrl Pts',(-16.6764600926404,44.2323705216888,1.81389284176922));
#3355=CARTESIAN_POINT('Ctrl Pts',(-16.2784380437087,44.102643264804,1.78742724151297));
#3356=CARTESIAN_POINT('Ctrl Pts',(-15.880415994777,43.9729160079192,1.76096164125671));
#3357=CARTESIAN_POINT('Ctrl Pts',(-15.5530745766296,43.6263340416292,1.73449604100046));
#3358=CARTESIAN_POINT('Ctrl Pts',(-15.4462654607339,43.2215596230917,1.70803044074421));
#3359=CARTESIAN_POINT('Ctrl Pts',(-15.3394563448382,42.8167852045542,1.68156484048795));
#3360=CARTESIAN_POINT('Ctrl Pts',(-15.4531795311942,42.3538183337692,1.6550992402317));
#3361=CARTESIAN_POINT('Ctrl Pts',(-15.7353746008422,42.0445994896575,1.62863363997545));
#3362=CARTESIAN_POINT('Ctrl Pts',(-16.0175696704901,41.7353806455457,1.6021680397192));
#3363=CARTESIAN_POINT('Ctrl Pts',(-16.4682366234298,41.5799098281072,1.57570243946294));
#3364=CARTESIAN_POINT('Ctrl Pts',(-16.8810648655329,41.6493600590619,1.54923683920669));
#3365=CARTESIAN_POINT('Ctrl Pts',(-17.293893107636,41.7188102900165,1.52277123895044));
#3366=CARTESIAN_POINT('Ctrl Pts',(-17.6688826389023,42.0131815693643,1.49630563869419));
#3367=CARTESIAN_POINT('Ctrl Pts',(-17.8343677096474,42.3977139457881,1.46984003843793));
#3368=CARTESIAN_POINT('Ctrl Pts',(-17.9998527803924,42.7822463222119,1.44337443818168));
#3369=CARTESIAN_POINT('Ctrl Pts',(-17.9558333906162,43.2569397957116,1.41690883792543));
#3370=CARTESIAN_POINT('Ctrl Pts',(-17.7224610178881,43.6044851536714,1.39044323766917));
#3371=CARTESIAN_POINT('Ctrl Pts',(-17.4890886451599,43.9520305116312,1.36397763741292));
#3372=CARTESIAN_POINT('Ctrl Pts',(-17.0663632894798,44.1724277540509,1.33751203715667));
#3373=CARTESIAN_POINT('Ctrl Pts',(-16.6478038633916,44.1647814964721,1.31104643690042));
#3374=CARTESIAN_POINT('Ctrl Pts',(-16.2292444373034,44.1571352388932,1.28458083664416));
#3375=CARTESIAN_POINT('Ctrl Pts',(-15.8148509408072,43.9214454813157,1.25811523638791));
#3376=CARTESIAN_POINT('Ctrl Pts',(-15.5943279808689,43.565608331901,1.23164963613166));
#3377=CARTESIAN_POINT('Ctrl Pts',(-15.3738050209306,43.2097711824863,1.2051840358754));
#3378=CARTESIAN_POINT('Ctrl Pts',(-15.3471525975502,42.7337866412343,1.17871843561915));
#3379=CARTESIAN_POINT('Ctrl Pts',(-15.5265718999536,42.3555550122958,1.1522528353629));
#3380=CARTESIAN_POINT('Ctrl Pts',(-15.7059912023569,41.9773233833572,1.12578723510665));
#3381=CARTESIAN_POINT('Ctrl Pts',(-16.0914822305439,41.696844666732,1.09932163485039));
#3382=CARTESIAN_POINT('Ctrl Pts',(-16.5065715673035,41.642518834799,1.07285603459414));
#3383=CARTESIAN_POINT('Ctrl Pts',(-16.921660904063,41.5881930028659,1.04639043433789));
#3384=CARTESIAN_POINT('Ctrl Pts',(-17.3663485493952,41.760020055625,1.01992483408163));
#3385=CARTESIAN_POINT('Ctrl Pts',(-17.6370615573793,42.0793395194086,0.993459233825381));
#3386=CARTESIAN_POINT('Ctrl Pts',(-17.9077745653635,42.3986589831922,0.966993633569128));
#3387=CARTESIAN_POINT('Ctrl Pts',(-18.0045129359996,42.8654708580003,0.940528033312875));
#3388=CARTESIAN_POINT('Ctrl Pts',(-17.8829909412025,43.2660739749481,0.914062433056622));
#3389=CARTESIAN_POINT('Ctrl Pts',(-17.7614689464055,43.666677091896,0.887596832800369));
#3390=CARTESIAN_POINT('Ctrl Pts',(-17.4216865861752,44.0010714509835,0.861131232544117));
#3391=CARTESIAN_POINT('Ctrl Pts',(-17.0191923634906,44.1161751152054,0.834665632287864));
#3392=CARTESIAN_POINT('Ctrl Pts',(-16.6166981408059,44.2312787794273,0.808200032031611));
#3393=CARTESIAN_POINT('Ctrl Pts',(-16.1514920556668,44.1270917487836,0.781734431775358));
#3394=CARTESIAN_POINT('Ctrl Pts',(-15.8365401653431,43.8513096618617,0.755268831519105));
#3395=CARTESIAN_POINT('Ctrl Pts',(-15.5215882750194,43.5755275749398,0.728803231262852));
#3396=CARTESIAN_POINT('Ctrl Pts',(-15.3568905795111,43.1281504317397,0.702337631006599));
#3397=CARTESIAN_POINT('Ctrl Pts',(-15.4178438118859,42.7139824028611,0.675872030750346));
#3398=CARTESIAN_POINT('Ctrl Pts',(-15.4787970442607,42.2998143739825,0.649406430494094));
#3399=CARTESIAN_POINT('Ctrl Pts',(-15.7654012045186,41.9188554594253,0.622940830237841));
#3400=CARTESIAN_POINT('Ctrl Pts',(-16.1464521658687,41.7455043199123,0.596475229981588));
#3401=CARTESIAN_POINT('Ctrl Pts',(-16.5275031272188,41.5721531803993,0.570009629725335));
#3402=CARTESIAN_POINT('Ctrl Pts',(-17.003000889661,41.6064098159304,0.543544029469082));
#3403=CARTESIAN_POINT('Ctrl Pts',(-17.355267982676,41.8325919281258,0.517078429212828));
#3404=CARTESIAN_POINT('Ctrl Pts',(-17.7075350756909,42.0587740403213,0.490612828956575));
#3405=CARTESIAN_POINT('Ctrl Pts',(-17.9365714992787,42.476881629181,0.464147228700323));
#3406=CARTESIAN_POINT('Ctrl Pts',(-17.9375269821929,42.8955097932501,0.43768162844407));
#3407=CARTESIAN_POINT('Ctrl Pts',(-17.9384824651071,43.3141379573193,0.411216028187817));
#3408=CARTESIAN_POINT('Ctrl Pts',(-17.7113570073479,43.7332866965977,0.384750427931564));
#3409=CARTESIAN_POINT('Ctrl Pts',(-17.3601260617138,43.9610744827769,0.358284827675312));
#3410=CARTESIAN_POINT('Ctrl Pts',(-17.0088951160797,44.1888622689561,0.331819227419059));
#3411=CARTESIAN_POINT('Ctrl Pts',(-16.5335586825707,44.2252891020361,0.305353627162806));
#3412=CARTESIAN_POINT('Ctrl Pts',(-16.151720377202,44.053679191908,0.278888026906553));
#3413=CARTESIAN_POINT('Ctrl Pts',(-15.7698820718333,43.8820692817799,0.2524224266503));
#3414=CARTESIAN_POINT('Ctrl Pts',(-15.4815418946047,43.5024226284438,0.225956826394047));
#3415=CARTESIAN_POINT('Ctrl Pts',(-15.4186987010387,43.0885371542801,0.199491226137795));
#3416=CARTESIAN_POINT('Ctrl Pts',(-15.3558555074727,42.6746516801164,0.173025625881542));
#3417=CARTESIAN_POINT('Ctrl Pts',(-15.5185092975692,42.226527385125,0.146560025625289));
#3418=CARTESIAN_POINT('Ctrl Pts',(-15.8321990151358,41.9493104776415,0.120094425369036));
#3419=CARTESIAN_POINT('Ctrl Pts',(-16.1458887327024,41.6720935701581,0.0936288251127827));
#3420=CARTESIAN_POINT('Ctrl Pts',(-16.610614377739,41.5657840501825,0.0671632248565301));
#3421=CARTESIAN_POINT('Ctrl Pts',(-17.0136298325733,41.6790492075189,0.0406976246002772));
#3422=CARTESIAN_POINT('Ctrl Pts',(-17.4166452874075,41.7923143648553,0.0142320243440239));
#3423=CARTESIAN_POINT('Ctrl Pts',(-17.7579505520394,42.1251541995038,-0.0122335759122295));
#3424=CARTESIAN_POINT('Ctrl Pts',(-17.8812999559986,42.5251984186149,-0.0386991761684828));
#3425=CARTESIAN_POINT('Ctrl Pts',(-18.0046493599578,42.925242637726,-0.0651647764247356));
#3426=CARTESIAN_POINT('Ctrl Pts',(-17.9100429032443,43.3924912412997,-0.0916303766809881));
#3427=CARTESIAN_POINT('Ctrl Pts',(-17.6407903463368,43.7130431299228,-0.118095976937241));
#3428=CARTESIAN_POINT('Ctrl Pts',(-17.3715377894293,44.0335950185458,-0.144561577193494));
#3429=CARTESIAN_POINT('Ctrl Pts',(-16.9276391323277,44.2074501922181,-0.171027177449747));
#3430=CARTESIAN_POINT('Ctrl Pts',(-16.5123061343656,44.1550197286758,-0.197492777705999));
#3431=CARTESIAN_POINT('Ctrl Pts',(-16.0969731364035,44.1025892651335,-0.223958377962252));
#3432=CARTESIAN_POINT('Ctrl Pts',(-15.7102057975809,43.8238731643766,-0.250423978218505));
#3433=CARTESIAN_POINT('Ctrl Pts',(-15.5290618091707,43.4464644891155,-0.276889578474758));
#3434=CARTESIAN_POINT('Ctrl Pts',(-15.3479178207604,43.0690558138545,-0.303355178731011));
#3435=CARTESIAN_POINT('Ctrl Pts',(-15.3723971827625,42.5929545640893,-0.329820778987264));
#3436=CARTESIAN_POINT('Ctrl Pts',(-15.5912935214812,42.2361144800265,-0.356286379243517));
#3437=CARTESIAN_POINT('Ctrl Pts',(-15.8101898602,41.8792743959637,-0.38275197949977));
#3438=CARTESIAN_POINT('Ctrl Pts',(-16.2235031756353,41.6416954776032,-0.409217579756022));
#3439=CARTESIAN_POINT('Ctrl Pts',(-16.6420233302553,41.6321386531746,-0.435683180012275));
#3440=CARTESIAN_POINT('Ctrl Pts',(-17.0605434848752,41.6225818287459,-0.462148780268528));
#3441=CARTESIAN_POINT('Ctrl Pts',(-17.4842704786798,41.8410470982489,-0.488614380524781));
#3442=CARTESIAN_POINT('Ctrl Pts',(-17.7192269103617,42.1875235446251,-0.515079980781034));
#3443=CARTESIAN_POINT('Ctrl Pts',(-17.9541833420436,42.5339999910012,-0.541545581037287));
#3444=CARTESIAN_POINT('Ctrl Pts',(-18.0003692116029,43.0084876142504,-0.568011181293539));
#3445=CARTESIAN_POINT('Ctrl Pts',(-17.8366411532109,43.3937713740699,-0.594476781549792));
#3446=CARTESIAN_POINT('Ctrl Pts',(-17.6729130948188,43.7790551338894,-0.620942381806045));
#3447=CARTESIAN_POINT('Ctrl Pts',(-17.2992711084755,44.0751350302792,-0.647407982062298));
#3448=CARTESIAN_POINT('Ctrl Pts',(-16.8867642477719,44.1464690522061,-0.673873582318551));
#3449=CARTESIAN_POINT('Ctrl Pts',(-16.4742573870682,44.217803074133,-0.700339182574804));
#3450=CARTESIAN_POINT('Ctrl Pts',(-16.0228856520043,44.0643912215969,-0.726804782831057));
#3451=CARTESIAN_POINT('Ctrl Pts',(-15.7392818930514,43.7564636969494,-0.753270383087309));
#3452=CARTESIAN_POINT('Ctrl Pts',(-15.4556781340984,43.4485361723019,-0.779735983343562));
#3453=CARTESIAN_POINT('Ctrl Pts',(-15.3398423512564,42.9860929755429,-0.806201583599816));
#3454=CARTESIAN_POINT('Ctrl Pts',(-15.4448028472339,42.5808353452298,-0.832667183856069));
#3455=CARTESIAN_POINT('Ctrl Pts',(-15.5497633432113,42.1755777149166,-0.859132784112322));
#3456=CARTESIAN_POINT('Ctrl Pts',(-15.8755201180082,41.8275056510493,-0.885598384368574));
#3457=CARTESIAN_POINT('Ctrl Pts',(-16.2729454269157,41.6959625883419,-0.912063984624827));
#3458=CARTESIAN_POINT('Ctrl Pts',(-16.6703707358233,41.5644195256345,-0.938529584881079));
#3459=CARTESIAN_POINT('Ctrl Pts',(-17.1394645788416,41.649405464087,-0.964995185137334));
#3460=CARTESIAN_POINT('Ctrl Pts',(-17.4654811192913,41.9120148061858,-0.991460785393586));
#3461=CARTESIAN_POINT('Ctrl Pts',(-17.791497659741,42.1746241482847,-1.01792638564984));
#3462=CARTESIAN_POINT('Ctrl Pts',(-17.9744368976222,42.6148568940299,-1.04439198590609));
#3463=CARTESIAN_POINT('Ctrl Pts',(-17.9305513444107,43.0311794984882,-1.07085758616234));
#3464=CARTESIAN_POINT('Ctrl Pts',(-17.8866657911993,43.4475021029464,-1.0973231864186));
#3465=CARTESIAN_POINT('Ctrl Pts',(-17.6159554468952,43.8399145661176,-1.12378878667485));
#3466=CARTESIAN_POINT('Ctrl Pts',(-17.2423484001002,44.0287749193084,-1.1502543869311));
#3467=CARTESIAN_POINT('Ctrl Pts',(-16.8687413533052,44.2176352724992,-1.17671998718736));
#3468=CARTESIAN_POINT('Ctrl Pts',(-16.3922376040193,44.2029435157095,-1.20318558744361));
#3469=CARTESIAN_POINT('Ctrl Pts',(-16.0309752110948,43.9914253754695,-1.22965118769986));
#3470=CARTESIAN_POINT('Ctrl Pts',(-15.6697128181702,43.7799072352295,-1.25611678795611));
#3471=CARTESIAN_POINT('Ctrl Pts',(-15.423691781607,43.3715627115392,-1.28258238821237));
#3472=CARTESIAN_POINT('Ctrl Pts',(-15.4055376188379,42.9533272712286,-1.30904798846862));
#3473=CARTESIAN_POINT('Ctrl Pts',(-15.3873834560688,42.535091830918,-1.33551358872487));
#3474=CARTESIAN_POINT('Ctrl Pts',(-15.5970961670938,42.1069654739873,-1.36197918898113));
#3475=CARTESIAN_POINT('Ctrl Pts',(-15.9386718870887,41.8649396084945,-1.38844478923738));
#3476=CARTESIAN_POINT('Ctrl Pts',(-16.2802476070836,41.6229137430017,-1.41491038949363));
#3477=CARTESIAN_POINT('Ctrl Pts',(-16.7536863360484,41.566988368947,-1.44137598974988));
#3478=CARTESIAN_POINT('Ctrl Pts',(-17.1422527498672,41.7227654306069,-1.46784159000614));
#3479=CARTESIAN_POINT('Ctrl Pts',(-17.530819163686,41.8785424922669,-1.49430719026239));
#3480=CARTESIAN_POINT('Ctrl Pts',(-17.8345132623587,42.2460219896416,-1.52077279051864));
#3481=CARTESIAN_POINT('Ctrl Pts',(-17.9143082406707,42.6569760972703,-1.5472383907749));
#3482=CARTESIAN_POINT('Ctrl Pts',(-17.9941032189827,43.0679302048991,-1.57370399103115));
#3483=CARTESIAN_POINT('Ctrl Pts',(-17.8499990769341,43.5223589227819,-1.6001695912874));
#3484=CARTESIAN_POINT('Ctrl Pts',(-17.5479632710719,43.8122297295077,-1.62663519154365));
#3485=CARTESIAN_POINT('Ctrl Pts',(-17.2459274652098,44.1021005362336,-1.65310079179991));
#3486=CARTESIAN_POINT('Ctrl Pts',(-16.7859599955342,44.2274134318023,-1.67956639205616));
#3487=CARTESIAN_POINT('Ctrl Pts',(-16.3786322640433,44.1308020319801,-1.70603199231241));
#3488=CARTESIAN_POINT('Ctrl Pts',(-15.9713045325524,44.0341906321578,-1.73249759256867));
#3489=CARTESIAN_POINT('Ctrl Pts',(-15.6166165392463,43.7156549369446,-1.75896319282492));
#3490=CARTESIAN_POINT('Ctrl Pts',(-15.4769334495699,43.3210161067947,-1.78542879308117));
#3491=CARTESIAN_POINT('Ctrl Pts',(-15.3372503598935,42.9263772766448,-1.81189439333742));
#3492=CARTESIAN_POINT('Ctrl Pts',(-15.412572173847,42.4556353115582,-1.83835999359368));
#3493=CARTESIAN_POINT('Ctrl Pts',(-15.6684311956858,42.1242922325895,-1.86482559384993));
#3494=CARTESIAN_POINT('Ctrl Pts',(-15.9242902175246,41.7929491536208,-1.89129119410618));
#3495=CARTESIAN_POINT('Ctrl Pts',(-16.3606864472489,41.6010049607699,-1.91775679436244));
#3496=CARTESIAN_POINT('Ctrl Pts',(-16.7778154142441,41.6363261612763,-1.94422239461869));
#3497=CARTESIAN_POINT('Ctrl Pts',(-17.1949443812393,41.6716473617826,-1.97068799487494));
#3498=CARTESIAN_POINT('Ctrl Pts',(-17.5928060855054,41.9342339556463,-1.99715359513119));
#3499=CARTESIAN_POINT('Ctrl Pts',(-17.7893178203438,42.3038834334291,-2.02361919538745));
#3500=CARTESIAN_POINT('Ctrl Pts',(-17.9858295551822,42.6735329112119,-2.0500847956437));
#3501=CARTESIAN_POINT('Ctrl Pts',(-17.9809913205929,43.1502452729137,-2.07655039589995));
#3502=CARTESIAN_POINT('Ctrl Pts',(-17.7769114944453,43.5157738754227,-2.10301599615621));
#3503=CARTESIAN_POINT('Ctrl Pts',(-17.5728316682978,43.8813024779316,-2.12948159641246));
#3504=CARTESIAN_POINT('Ctrl Pts',(-17.1695102505921,44.1356473212476,-2.15594719666871));
#3505=CARTESIAN_POINT('Ctrl Pts',(-16.7517939579743,44.1623981747756,-2.18241279692497));
#3506=CARTESIAN_POINT('Ctrl Pts',(-16.3340776653566,44.1891490283037,-2.20887839718122));
#3507=CARTESIAN_POINT('Ctrl Pts',(-15.9019664978269,43.9883058920436,-2.23534399743747));
#3508=CARTESIAN_POINT('Ctrl Pts',(-15.6528575630064,43.6517616479425,-2.26180959769372));
#3509=CARTESIAN_POINT('Ctrl Pts',(-15.4037486281859,43.3152174038414,-2.28827519794998));
#3510=CARTESIAN_POINT('Ctrl Pts',(-15.3376419260747,42.8429720518993,-2.31474079820623));
#3511=CARTESIAN_POINT('Ctrl Pts',(-15.4856481121444,42.4513091215755,-2.34120639846248));
#3512=CARTESIAN_POINT('Ctrl Pts',(-15.6336542982141,42.0596461912518,-2.36767199871874));
#3513=CARTESIAN_POINT('Ctrl Pts',(-15.9957733724648,41.7485656825465,-2.39413759897499));
#3514=CARTESIAN_POINT('Ctrl Pts',(-16.4042862637553,41.66037796372,-2.42060319923124));
#3515=CARTESIAN_POINT('Ctrl Pts',(-16.8127991550458,41.5721902448934,-2.44706879948749));
#3516=CARTESIAN_POINT('Ctrl Pts',(-17.267705863376,41.7068953159457,-2.47353439974375));
#3517=CARTESIAN_POINT('Ctrl Pts',(-17.5650746962935,42.0042641488632,-2.5));
#3518=CARTESIAN_POINT('Ctrl Pts',(-16.0000973632963,44.2879407450897,-2.5));
#3519=CARTESIAN_POINT('Ctrl Pts',(-16.4622257943173,44.511046660874,-2.47353439974375));
#3520=CARTESIAN_POINT('Ctrl Pts',(-17.6187541694414,44.455799429689,-2.42060319923124));
#3521=CARTESIAN_POINT('Ctrl Pts',(-18.495347167058,42.9439534014536,-2.34120639846248));
#3522=CARTESIAN_POINT('Ctrl Pts',(-17.6974707141888,41.391346325784,-2.26180959769372));
#3523=CARTESIAN_POINT('Ctrl Pts',(-15.9617294978637,41.2181260216015,-2.18241279692497));
#3524=CARTESIAN_POINT('Ctrl Pts',(-14.8743147665123,42.5835449261562,-2.10301599615621));
#3525=CARTESIAN_POINT('Ctrl Pts',(-15.4323572828134,44.237128688689,-2.02361919538745));
#3526=CARTESIAN_POINT('Ctrl Pts',(-17.1241586075429,44.6650590650987,-1.94422239461869));
#3527=CARTESIAN_POINT('Ctrl Pts',(-18.401131904571,43.475449095892,-1.86482559384993));
#3528=CARTESIAN_POINT('Ctrl Pts',(-18.0939132688615,41.7575209117388,-1.78542879308117));
#3529=CARTESIAN_POINT('Ctrl Pts',(-16.4838842993256,41.0841491194316,-1.70603199231241));
#3530=CARTESIAN_POINT('Ctrl Pts',(-15.0451007569878,42.0718684353674,-1.62663519154366));
#3531=CARTESIAN_POINT('Ctrl Pts',(-15.0949055069047,43.8163400419695,-1.54723839077489));
#3532=CARTESIAN_POINT('Ctrl Pts',(-16.5876856273163,44.7203681601233,-1.46784159000614));
#3533=CARTESIAN_POINT('Ctrl Pts',(-18.1566920623367,43.9562437995377,-1.38844478923738));
#3534=CARTESIAN_POINT('Ctrl Pts',(-18.3653749113442,42.2235825596818,-1.30904798846862));
#3535=CARTESIAN_POINT('Ctrl Pts',(-17.0226705601294,41.1087693234039,-1.22965118769986));
#3536=CARTESIAN_POINT('Ctrl Pts',(-15.357927748723,41.6325019259749,-1.1502543869311));
#3537=CARTESIAN_POINT('Ctrl Pts',(-14.8953475722972,43.3152626118349,-1.07085758616235));
#3538=CARTESIAN_POINT('Ctrl Pts',(-16.0584577095552,44.616353999727,-0.991460785393586));
#3539=CARTESIAN_POINT('Ctrl Pts',(-17.7823410697959,44.344526371032,-0.912063984624828));
#3540=CARTESIAN_POINT('Ctrl Pts',(-18.4886491849844,42.7486589345657,-0.832667183856069));
#3541=CARTESIAN_POINT('Ctrl Pts',(-17.5307024300405,41.2898916281357,-0.753270383087309));
#3542=CARTESIAN_POINT('Ctrl Pts',(-15.7855750614577,41.3038386363681,-0.673873582318552));
#3543=CARTESIAN_POINT('Ctrl Pts',(-14.8510660306176,42.7777303940746,-0.594476781549793));
#3544=CARTESIAN_POINT('Ctrl Pts',(-15.5827905570966,44.3621051166779,-0.515079980781035));
#3545=CARTESIAN_POINT('Ctrl Pts',(-17.3107983015614,44.6063453275398,-0.435683180012275));
#3546=CARTESIAN_POINT('Ctrl Pts',(-18.4529646574384,43.2868302424408,-0.356286379243517));
#3547=CARTESIAN_POINT('Ctrl Pts',(-17.9635480761873,41.6116778748482,-0.276889578474759));
#3548=CARTESIAN_POINT('Ctrl Pts',(-16.2906472527875,41.1146196490396,-0.197492777706));
#3549=CARTESIAN_POINT('Ctrl Pts',(-14.9659321489094,42.2507507762319,-0.118095976937241));
#3550=CARTESIAN_POINT('Ctrl Pts',(-15.2022817970344,43.9798554256116,-0.0386991761684822));
#3551=CARTESIAN_POINT('Ctrl Pts',(-16.7832998326323,44.7188046903105,0.0406976246002759));
#3552=CARTESIAN_POINT('Ctrl Pts',(-18.2614420857472,43.791033423126,0.120094425369035));
#3553=CARTESIAN_POINT('Ctrl Pts',(-18.2833551140789,42.0459879039849,0.199491226137793));
#3554=CARTESIAN_POINT('Ctrl Pts',(-16.8289758470522,41.0813921377085,0.278888026906552));
#3555=CARTESIAN_POINT('Ctrl Pts',(-15.2299008771755,41.7804080783935,0.35828482767531));
#3556=CARTESIAN_POINT('Ctrl Pts',(-14.9502068928605,43.5030326224871,0.437681628444069));
#3557=CARTESIAN_POINT('Ctrl Pts',(-16.2459753475534,44.6720699001125,0.517078429212827));
#3558=CARTESIAN_POINT('Ctrl Pts',(-17.9308301024746,44.2171759573957,0.596475229981586));
#3559=CARTESIAN_POINT('Ctrl Pts',(-18.4621564484281,42.5548413461854,0.675872030750345));
#3560=CARTESIAN_POINT('Ctrl Pts',(-17.3534840618546,41.2070618451079,0.755268831519104));
#3561=CARTESIAN_POINT('Ctrl Pts',(-15.6198881760674,41.4078337229645,0.834665632287862));
#3562=CARTESIAN_POINT('Ctrl Pts',(-14.8486097696224,42.9733348157037,0.914062433056621));
#3563=CARTESIAN_POINT('Ctrl Pts',(-15.7458138213851,44.4702279077837,0.993459233825379));
#3564=CARTESIAN_POINT('Ctrl Pts',(-17.4900406901214,44.5279917263304,1.07285603459414));
#3565=CARTESIAN_POINT('Ctrl Pts',(-18.4843159261509,43.0937390099462,1.1522528353629));
#3566=CARTESIAN_POINT('Ctrl Pts',(-17.8183036931229,41.4806389831356,1.23164963613166));
#3567=CARTESIAN_POINT('Ctrl Pts',(-16.1017897183913,41.1656092701731,1.31104643690041));
#3568=CARTESIAN_POINT('Ctrl Pts',(-14.9063750385426,42.4370840871975,1.39044323766917));
#3569=CARTESIAN_POINT('Ctrl Pts',(-15.3265544240438,44.1309296558818,1.46984003843793));
#3570=CARTESIAN_POINT('Ctrl Pts',(-16.977620654797,44.6963001585038,1.54923683920669));
#3571=CARTESIAN_POINT('Ctrl Pts',(-18.3478960686003,43.6155538784261,1.62863363997545));
#3572=CARTESIAN_POINT('Ctrl Pts',(-18.182785586786,41.8782001852754,1.7080304407442));
#3573=CARTESIAN_POINT('Ctrl Pts',(-16.6334646910404,41.0749153905973,1.78742724151297));
#3574=CARTESIAN_POINT('Ctrl Pts',(-15.1184483053291,41.9411791378483,1.86682404228172));
#3575=CARTESIAN_POINT('Ctrl Pts',(-15.0248669399658,43.6838395699108,1.94622084305049));
#3576=CARTESIAN_POINT('Ctrl Pts',(-16.4383700208645,44.7073968845372,2.02561764381924));
#3577=CARTESIAN_POINT('Ctrl Pts',(-18.0648486470344,44.074625236333,2.105014444588));
#3578=CARTESIAN_POINT('Ctrl Pts',(-18.4150125888204,42.3650342492008,2.18441124535676));
#3579=CARTESIAN_POINT('Ctrl Pts',(-17.1685037055771,41.1435735197021,2.26380804612552));
#3580=CARTESIAN_POINT('Ctrl Pts',(-15.466114554986,41.5292038644953,2.34320484689428));
#3581=CARTESIAN_POINT('Ctrl Pts',(-14.8674693919801,43.1676259141029,2.42260164766304));
#3582=CARTESIAN_POINT('Ctrl Pts',(-15.9187731264785,44.5611667363582,2.50199844843179));
#3583=CARTESIAN_POINT('Ctrl Pts',(-17.6613687149532,44.429051969621,2.58139524920055));
#3584=CARTESIAN_POINT('Ctrl Pts',(-18.2139381714831,43.411566276979,2.63432644971306));
#3585=CARTESIAN_POINT('Ctrl Pts',(-18.2139381714831,42.8984006736736,2.66079204996931));
#3586=CARTESIAN_POINT('Ctrl Pts',(-16.0404579519936,44.2043402028799,-2.55359734998977));
#3587=CARTESIAN_POINT('Ctrl Pts',(-16.4747828038313,44.4140231336683,-2.52713174973352));
#3588=CARTESIAN_POINT('Ctrl Pts',(-17.5617295949261,44.3620998069734,-2.47420054922101));
#3589=CARTESIAN_POINT('Ctrl Pts',(-18.3855830916059,42.9412127588339,-2.39480374845225));
#3590=CARTESIAN_POINT('Ctrl Pts',(-17.635710223123,41.4820170183498,-2.31540694768349));
#3591=CARTESIAN_POINT('Ctrl Pts',(-16.0043984578125,41.3192183721313,-2.23601014691474));
#3592=CARTESIAN_POINT('Ctrl Pts',(-14.9824071446251,42.6024879647571,-2.15661334614598));
#3593=CARTESIAN_POINT('Ctrl Pts',(-15.5068754892283,44.1565852123049,-2.07721654537722));
#3594=CARTESIAN_POINT('Ctrl Pts',(-17.0968909705927,44.5587695075243,-1.99781974460846));
#3595=CARTESIAN_POINT('Ctrl Pts',(-18.2970362133493,43.4407314494051,-1.9184229438397));
#3596=CARTESIAN_POINT('Ctrl Pts',(-18.0083011356535,41.826161009751,-1.83902614307094));
#3597=CARTESIAN_POINT('Ctrl Pts',(-16.4951382425954,41.1933020807313,-1.75962934230218));
#3598=CARTESIAN_POINT('Ctrl Pts',(-15.1429179356304,42.1215960716535,-1.68023254153343));
#3599=CARTESIAN_POINT('Ctrl Pts',(-15.1897262234925,43.7611129704485,-1.60083574076467));
#3600=CARTESIAN_POINT('Ctrl Pts',(-16.5926944485629,44.6107509760714,-1.52143893999591));
#3601=CARTESIAN_POINT('Ctrl Pts',(-18.0673028943516,43.8925995328379,-1.44204213922715));
#3602=CARTESIAN_POINT('Ctrl Pts',(-18.2634305103826,42.2641824397308,-1.36264533845839));
#3603=CARTESIAN_POINT('Ctrl Pts',(-17.0015088685679,41.2164410302629,-1.28324853768963));
#3604=CARTESIAN_POINT('Ctrl Pts',(-15.4369239471976,41.7086636890412,-1.20385173692087));
#3605=CARTESIAN_POINT('Ctrl Pts',(-15.002174528848,43.2901824541814,-1.12445493615212));
#3606=CARTESIAN_POINT('Ctrl Pts',(-16.0953070957394,44.512994742586,-1.04505813538336));
#3607=CARTESIAN_POINT('Ctrl Pts',(-17.7154744231811,44.2575214009057,-0.965661334614598));
#3608=CARTESIAN_POINT('Ctrl Pts',(-18.3792880881471,42.7576680238597,-0.886264533845839));
#3609=CARTESIAN_POINT('Ctrl Pts',(-17.4789754164289,41.3866662596289,-0.80686773307708));
#3610=CARTESIAN_POINT('Ctrl Pts',(-15.8388422090365,41.3997741575152,-0.727470932308322));
#3611=CARTESIAN_POINT('Ctrl Pts',(-14.9605571499157,42.784990422778,-0.648074131539564));
#3612=CARTESIAN_POINT('Ctrl Pts',(-15.6482580685692,44.2740425356935,-0.568677330770804));
#3613=CARTESIAN_POINT('Ctrl Pts',(-17.2723016400304,44.5035882339771,-0.489280530002046));
#3614=CARTESIAN_POINT('Ctrl Pts',(-18.3457504910227,43.2634606950436,-0.409883729233287));
#3615=CARTESIAN_POINT('Ctrl Pts',(-17.8857792582007,41.6890924999233,-0.330486928464529));
#3616=CARTESIAN_POINT('Ctrl Pts',(-16.3135271449579,41.2219393758403,-0.25109012769577));
#3617=CARTESIAN_POINT('Ctrl Pts',(-15.0685124421232,42.2897161027468,-0.171693326927012));
#3618=CARTESIAN_POINT('Ctrl Pts',(-15.2906423069251,43.9147905847356,-0.0922965261582522));
#3619=CARTESIAN_POINT('Ctrl Pts',(-16.7765396851641,44.6092815711415,-0.0128997253894944));
#3620=CARTESIAN_POINT('Ctrl Pts',(-18.1657507182548,43.7373289036352,0.0664970753792645));
#3621=CARTESIAN_POINT('Ctrl Pts',(-18.1863453671545,42.0972726212799,0.145893876148023));
#3622=CARTESIAN_POINT('Ctrl Pts',(-16.8194676395245,41.1907109705593,0.225290676916782));
#3623=CARTESIAN_POINT('Ctrl Pts',(-15.3165997076928,41.8476711887382,0.30468747768554));
#3624=CARTESIAN_POINT('Ctrl Pts',(-15.0537332832464,43.4666554356769,0.384084278454299));
#3625=CARTESIAN_POINT('Ctrl Pts',(-16.2715428883752,44.565358541382,0.463481079223057));
#3626=CARTESIAN_POINT('Ctrl Pts',(-17.8550297346238,44.1378329207752,0.542877879991815));
#3627=CARTESIAN_POINT('Ctrl Pts',(-18.3543892654233,42.5755113122051,0.622274680760576));
#3628=CARTESIAN_POINT('Ctrl Pts',(-17.3124192464585,41.3088198627695,0.701671481529333));
#3629=CARTESIAN_POINT('Ctrl Pts',(-15.6831237396282,41.4975124647603,0.781068282298093));
#3630=CARTESIAN_POINT('Ctrl Pts',(-14.9582486678549,42.9688264643199,0.86046508306685));
#3631=CARTESIAN_POINT('Ctrl Pts',(-15.8014731714612,44.3756602074814,0.93986188383561));
#3632=CARTESIAN_POINT('Ctrl Pts',(-17.440760056844,44.429948713117,1.01925868460437));
#3633=CARTESIAN_POINT('Ctrl Pts',(-18.3752155362881,43.0819866386668,1.09865548537313));
#3634=CARTESIAN_POINT('Ctrl Pts',(-17.7492733846812,41.5659374559839,1.17805228614188));
#3635=CARTESIAN_POINT('Ctrl Pts',(-16.1360320696953,41.2698612481111,1.25744908691064));
#3636=CARTESIAN_POINT('Ctrl Pts',(-15.0125385366036,42.4648388224175,1.3368458876794));
#3637=CARTESIAN_POINT('Ctrl Pts',(-15.4074381729446,44.0567755574708,1.41624268844816));
#3638=CARTESIAN_POINT('Ctrl Pts',(-16.9591693539538,44.5881310060896,1.49563948921692));
#3639=CARTESIAN_POINT('Ctrl Pts',(-18.2470032679204,43.5724069422576,1.57503628998568));
#3640=CARTESIAN_POINT('Ctrl Pts',(-18.0918265232384,41.9395797134713,1.65443309075443));
#3641=CARTESIAN_POINT('Ctrl Pts',(-16.6357192523502,41.1846238916421,1.7338298915232));
#3642=CARTESIAN_POINT('Ctrl Pts',(-15.2118525887,41.9987695888587,1.81322669229195));
#3643=CARTESIAN_POINT('Ctrl Pts',(-15.123901469665,43.6365842809495,1.89262349306072));
#3644=CARTESIAN_POINT('Ctrl Pts',(-16.4523622934822,44.5985601066746,1.97202029382947));
#3645=CARTESIAN_POINT('Ctrl Pts',(-17.9809851630333,44.0038586472856,2.05141709459823));
#3646=CARTESIAN_POINT('Ctrl Pts',(-18.3100817775807,42.3971238040108,2.13081389536699));
#3647=CARTESIAN_POINT('Ctrl Pts',(-17.1385680820634,41.2491512605492,2.21021069613575));
#3648=CARTESIAN_POINT('Ctrl Pts',(-15.538601782723,41.6115804709667,2.28960749690451));
#3649=CARTESIAN_POINT('Ctrl Pts',(-14.9759736164544,43.1514281976502,2.36900429767327));
#3650=CARTESIAN_POINT('Ctrl Pts',(-15.9640265213875,44.4611277757927,2.44840109844202));
#3651=CARTESIAN_POINT('Ctrl Pts',(-17.6017802711518,44.3369615859698,2.52779789921079));
#3652=CARTESIAN_POINT('Ctrl Pts',(-18.1211048381498,43.3806920880569,2.58072909972329));
#3653=CARTESIAN_POINT('Ctrl Pts',(-18.1211048381498,42.8984006736736,2.60719469997954));
#3654=CARTESIAN_POINT('Ctrl Pts',(-16.080818540691,44.12073966067,-2.60719469997954));
#3655=CARTESIAN_POINT('Ctrl Pts',(-16.4873398133454,44.3169996064625,-2.58072909972329));
#3656=CARTESIAN_POINT('Ctrl Pts',(-17.5047050204108,44.2684001842578,-2.52779789921078));
#3657=CARTESIAN_POINT('Ctrl Pts',(-18.2758190161539,42.9384721162141,-2.44840109844202));
#3658=CARTESIAN_POINT('Ctrl Pts',(-17.5739497320572,41.5726877109157,-2.36900429767327));
#3659=CARTESIAN_POINT('Ctrl Pts',(-16.0470674177613,41.4203107226609,-2.28960749690451));
#3660=CARTESIAN_POINT('Ctrl Pts',(-15.090499522738,42.621431003358,-2.21021069613575));
#3661=CARTESIAN_POINT('Ctrl Pts',(-15.5813936956431,44.0760417359209,-2.13081389536699));
#3662=CARTESIAN_POINT('Ctrl Pts',(-17.0696233336425,44.4524799499499,-2.05141709459823));
#3663=CARTESIAN_POINT('Ctrl Pts',(-18.1929405221277,43.4060138029182,-1.97202029382947));
#3664=CARTESIAN_POINT('Ctrl Pts',(-17.9226890024455,41.8948011077633,-1.89262349306071));
#3665=CARTESIAN_POINT('Ctrl Pts',(-16.5063921858651,41.302455042031,-1.81322669229195));
#3666=CARTESIAN_POINT('Ctrl Pts',(-15.2407351142731,42.1713237079396,-1.7338298915232));
#3667=CARTESIAN_POINT('Ctrl Pts',(-15.2845469400803,43.7058858989276,-1.65443309075444));
#3668=CARTESIAN_POINT('Ctrl Pts',(-16.5977032698095,44.5011337920195,-1.57503628998568));
#3669=CARTESIAN_POINT('Ctrl Pts',(-17.9779137263666,43.8289552661381,-1.49563948921692));
#3670=CARTESIAN_POINT('Ctrl Pts',(-18.161486109421,42.3047823197798,-1.41624268844816));
#3671=CARTESIAN_POINT('Ctrl Pts',(-16.9803471770065,41.3241127371218,-1.3368458876794));
#3672=CARTESIAN_POINT('Ctrl Pts',(-15.5159201456721,41.7848254521075,-1.25744908691064));
#3673=CARTESIAN_POINT('Ctrl Pts',(-15.1090014853987,43.265102296528,-1.17805228614189));
#3674=CARTESIAN_POINT('Ctrl Pts',(-16.1321564819237,44.409635485445,-1.09865548537313));
#3675=CARTESIAN_POINT('Ctrl Pts',(-17.6486077765662,44.1705164307795,-1.01925868460437));
#3676=CARTESIAN_POINT('Ctrl Pts',(-18.2699269913097,42.7666771131535,-0.939861883835611));
#3677=CARTESIAN_POINT('Ctrl Pts',(-17.4272484028173,41.4834408911222,-0.860465083066849));
#3678=CARTESIAN_POINT('Ctrl Pts',(-15.8921093566152,41.4957096786622,-0.781068282298093));
#3679=CARTESIAN_POINT('Ctrl Pts',(-15.0700482692139,42.7922504514815,-0.701671481529333));
#3680=CARTESIAN_POINT('Ctrl Pts',(-15.7137255800418,44.1859799547091,-0.622274680760575));
#3681=CARTESIAN_POINT('Ctrl Pts',(-17.2338049784995,44.4008311404144,-0.542877879991816));
#3682=CARTESIAN_POINT('Ctrl Pts',(-18.2385363246069,43.2400911476464,-0.463481079223058));
#3683=CARTESIAN_POINT('Ctrl Pts',(-17.808010440214,41.7665071249985,-0.384084278454299));
#3684=CARTESIAN_POINT('Ctrl Pts',(-16.3364070371283,41.329259102641,-0.304687477685541));
#3685=CARTESIAN_POINT('Ctrl Pts',(-15.171092735337,42.3286814292617,-0.225290676916782));
#3686=CARTESIAN_POINT('Ctrl Pts',(-15.3790028168158,43.8497257438597,-0.145893876148022));
#3687=CARTESIAN_POINT('Ctrl Pts',(-16.769779537696,44.4997584519724,-0.0664970753792645));
#3688=CARTESIAN_POINT('Ctrl Pts',(-18.0700593507623,43.6836243841445,0.0128997253894942));
#3689=CARTESIAN_POINT('Ctrl Pts',(-18.0893356202301,42.1485573385748,0.0922965261582527));
#3690=CARTESIAN_POINT('Ctrl Pts',(-16.8099594319967,41.3000298034101,0.171693326927011));
#3691=CARTESIAN_POINT('Ctrl Pts',(-15.4032985382101,41.9149342990828,0.25109012769577));
#3692=CARTESIAN_POINT('Ctrl Pts',(-15.1572596736323,43.4302782488667,0.330486928464529));
#3693=CARTESIAN_POINT('Ctrl Pts',(-16.2971104291971,44.4586471826516,0.409883729233287));
#3694=CARTESIAN_POINT('Ctrl Pts',(-17.7792293667731,44.0584898841546,0.489280530002045));
#3695=CARTESIAN_POINT('Ctrl Pts',(-18.2466220824185,42.5961812782249,0.568677330770805));
#3696=CARTESIAN_POINT('Ctrl Pts',(-17.2713544310625,41.4105778804311,0.648074131539563));
#3697=CARTESIAN_POINT('Ctrl Pts',(-15.7463593031891,41.587191206556,0.727470932308322));
#3698=CARTESIAN_POINT('Ctrl Pts',(-15.0678875660874,42.9643181129361,0.806867733077081));
#3699=CARTESIAN_POINT('Ctrl Pts',(-15.8571325215373,44.281092507179,0.88626453384584));
#3700=CARTESIAN_POINT('Ctrl Pts',(-17.3914794235667,44.3319056999035,0.965661334614597));
#3701=CARTESIAN_POINT('Ctrl Pts',(-18.2661151464253,43.0702342673876,1.04505813538336));
#3702=CARTESIAN_POINT('Ctrl Pts',(-17.6802430762395,41.6512359288322,1.12445493615212));
#3703=CARTESIAN_POINT('Ctrl Pts',(-16.1702744209992,41.3741132260491,1.20385173692087));
#3704=CARTESIAN_POINT('Ctrl Pts',(-15.1187020346645,42.4925935576375,1.28324853768963));
#3705=CARTESIAN_POINT('Ctrl Pts',(-15.4883219218454,43.9826214590597,1.36264533845839));
#3706=CARTESIAN_POINT('Ctrl Pts',(-16.9407180531107,44.4799618536754,1.44204213922715));
#3707=CARTESIAN_POINT('Ctrl Pts',(-18.1461104672405,43.5292600060892,1.52143893999591));
#3708=CARTESIAN_POINT('Ctrl Pts',(-18.0008674596908,42.0009592416672,1.60083574076466));
#3709=CARTESIAN_POINT('Ctrl Pts',(-16.6379738136601,41.294332392687,1.68023254153343));
#3710=CARTESIAN_POINT('Ctrl Pts',(-15.3052568720709,42.0563600398691,1.75962934230218));
#3711=CARTESIAN_POINT('Ctrl Pts',(-15.2229359993643,43.5893289919882,1.83902614307094));
#3712=CARTESIAN_POINT('Ctrl Pts',(-16.4663545660998,44.4897233288122,1.9184229438397));
#3713=CARTESIAN_POINT('Ctrl Pts',(-17.8971216790323,43.9330920582381,1.99781974460846));
#3714=CARTESIAN_POINT('Ctrl Pts',(-18.205150966341,42.4292133588209,2.07721654537722));
#3715=CARTESIAN_POINT('Ctrl Pts',(-17.1086324585496,41.3547290013963,2.15661334614598));
#3716=CARTESIAN_POINT('Ctrl Pts',(-15.61108901046,41.6939570774381,2.23601014691473));
#3717=CARTESIAN_POINT('Ctrl Pts',(-15.0844778409287,43.1352304811975,2.3154069476835));
#3718=CARTESIAN_POINT('Ctrl Pts',(-16.0092799162965,44.3610888152272,2.39480374845225));
#3719=CARTESIAN_POINT('Ctrl Pts',(-17.5421918273505,44.2448712023186,2.47420054922101));
#3720=CARTESIAN_POINT('Ctrl Pts',(-18.0282715048165,43.3498178991348,2.52713174973352));
#3721=CARTESIAN_POINT('Ctrl Pts',(-18.0282715048165,42.8984006736736,2.55359734998977));
#3722=CARTESIAN_POINT('Ctrl Pts',(-16.1211791293883,44.0371391184602,-2.66079204996931));
#3723=CARTESIAN_POINT('Ctrl Pts',(-16.4998968228595,44.2199760792568,-2.63432644971306));
#3724=CARTESIAN_POINT('Ctrl Pts',(-17.4476804458955,44.1747005615423,-2.58139524920055));
#3725=CARTESIAN_POINT('Ctrl Pts',(-18.1660549407018,42.9357314735944,-2.50199844843179));
#3726=CARTESIAN_POINT('Ctrl Pts',(-17.5121892409914,41.6633584034815,-2.42260164766303));
#3727=CARTESIAN_POINT('Ctrl Pts',(-16.0897363777101,41.5214030731906,-2.34320484689428));
#3728=CARTESIAN_POINT('Ctrl Pts',(-15.1985919008508,42.6403740419589,-2.26380804612552));
#3729=CARTESIAN_POINT('Ctrl Pts',(-15.655911902058,43.9954982595368,-2.18441124535676));
#3730=CARTESIAN_POINT('Ctrl Pts',(-17.0423556966922,44.3461903923755,-2.105014444588));
#3731=CARTESIAN_POINT('Ctrl Pts',(-18.088844830906,43.3712961564313,-2.02561764381924));
#3732=CARTESIAN_POINT('Ctrl Pts',(-17.8370768692375,41.9634412057756,-1.94622084305048));
#3733=CARTESIAN_POINT('Ctrl Pts',(-16.517646129135,41.4116080033307,-1.86682404228172));
#3734=CARTESIAN_POINT('Ctrl Pts',(-15.3385522929158,42.2210513442257,-1.78742724151297));
#3735=CARTESIAN_POINT('Ctrl Pts',(-15.3793676566682,43.6506588274067,-1.70803044074421));
#3736=CARTESIAN_POINT('Ctrl Pts',(-16.6027120910561,44.3915166079676,-1.62863363997545));
#3737=CARTESIAN_POINT('Ctrl Pts',(-17.8885245583816,43.7653109994383,-1.54923683920669));
#3738=CARTESIAN_POINT('Ctrl Pts',(-18.0595417084594,42.3453821998288,-1.46984003843793));
#3739=CARTESIAN_POINT('Ctrl Pts',(-16.959185485445,41.4317844439807,-1.39044323766917));
#3740=CARTESIAN_POINT('Ctrl Pts',(-15.5949163441467,41.8609872151739,-1.31104643690041));
#3741=CARTESIAN_POINT('Ctrl Pts',(-15.2158284419494,43.2400221388745,-1.23164963613166));
#3742=CARTESIAN_POINT('Ctrl Pts',(-16.169005868108,44.3062762283039,-1.1522528353629));
#3743=CARTESIAN_POINT('Ctrl Pts',(-17.5817411299514,44.0835114606533,-1.07285603459414));
#3744=CARTESIAN_POINT('Ctrl Pts',(-18.1605658944724,42.7756862024474,-0.99345923382538));
#3745=CARTESIAN_POINT('Ctrl Pts',(-17.3755213892056,41.5802155226155,-0.91406243305662));
#3746=CARTESIAN_POINT('Ctrl Pts',(-15.945376504194,41.5916451998092,-0.834665632287862));
#3747=CARTESIAN_POINT('Ctrl Pts',(-15.179539388512,42.7995104801849,-0.755268831519104));
#3748=CARTESIAN_POINT('Ctrl Pts',(-15.7791930915144,44.0979173737247,-0.675872030750345));
#3749=CARTESIAN_POINT('Ctrl Pts',(-17.1953083169685,44.2980740468517,-0.596475229981587));
#3750=CARTESIAN_POINT('Ctrl Pts',(-18.1313221581911,43.2167216002492,-0.517078429212827));
#3751=CARTESIAN_POINT('Ctrl Pts',(-17.7302416222274,41.8439217500736,-0.43768162844407));
#3752=CARTESIAN_POINT('Ctrl Pts',(-16.3592869292986,41.4365788294418,-0.358284827675311));
#3753=CARTESIAN_POINT('Ctrl Pts',(-15.2736730285508,42.3676467557766,-0.278888026906552));
#3754=CARTESIAN_POINT('Ctrl Pts',(-15.4673633267065,43.7846609029837,-0.199491226137793));
#3755=CARTESIAN_POINT('Ctrl Pts',(-16.7630193902278,44.3902353328035,-0.120094425369035));
#3756=CARTESIAN_POINT('Ctrl Pts',(-17.9743679832698,43.6299198646537,-0.040697624600276));
#3757=CARTESIAN_POINT('Ctrl Pts',(-17.9923258733057,42.1998420558698,0.0386991761684827));
#3758=CARTESIAN_POINT('Ctrl Pts',(-16.8004512244689,41.4093486362608,0.118095976937241));
#3759=CARTESIAN_POINT('Ctrl Pts',(-15.4899973687274,41.9821974094275,0.197492777706));
#3760=CARTESIAN_POINT('Ctrl Pts',(-15.2607860640182,43.3939010620564,0.276889578474758));
#3761=CARTESIAN_POINT('Ctrl Pts',(-16.322677970019,44.3519358239212,0.356286379243517));
#3762=CARTESIAN_POINT('Ctrl Pts',(-17.7034289989224,43.979146847534,0.435683180012275));
#3763=CARTESIAN_POINT('Ctrl Pts',(-18.1388548994137,42.6168512442447,0.515079980781036));
#3764=CARTESIAN_POINT('Ctrl Pts',(-17.2302896156664,41.5123358980927,0.594476781549792));
#3765=CARTESIAN_POINT('Ctrl Pts',(-15.80959486675,41.6768699483517,0.673873582318553));
#3766=CARTESIAN_POINT('Ctrl Pts',(-15.1775264643199,42.9598097615524,0.753270383087309));
#3767=CARTESIAN_POINT('Ctrl Pts',(-15.9127918716134,44.1865248068766,0.83266718385607));
#3768=CARTESIAN_POINT('Ctrl Pts',(-17.3421987902894,44.2338626866901,0.912063984624826));
#3769=CARTESIAN_POINT('Ctrl Pts',(-18.1570147565624,43.0584818961083,0.991460785393587));
#3770=CARTESIAN_POINT('Ctrl Pts',(-17.6112127677978,41.7365344016805,1.07085758616234));
#3771=CARTESIAN_POINT('Ctrl Pts',(-16.2045167723032,41.4783652039871,1.1502543869311));
#3772=CARTESIAN_POINT('Ctrl Pts',(-15.2248655327254,42.5203482928576,1.22965118769986));
#3773=CARTESIAN_POINT('Ctrl Pts',(-15.5692056707462,43.9084673606485,1.30904798846862));
#3774=CARTESIAN_POINT('Ctrl Pts',(-16.9222667522675,44.3717927012613,1.38844478923738));
#3775=CARTESIAN_POINT('Ctrl Pts',(-18.0452176665607,43.4861130699208,1.46784159000614));
#3776=CARTESIAN_POINT('Ctrl Pts',(-17.9099083961432,42.0623387698632,1.54723839077489));
#3777=CARTESIAN_POINT('Ctrl Pts',(-16.64022837497,41.4040408937319,1.62663519154366));
#3778=CARTESIAN_POINT('Ctrl Pts',(-15.3986611554418,42.1139504908796,1.70603199231241));
#3779=CARTESIAN_POINT('Ctrl Pts',(-15.3219705290634,43.5420737030268,1.78542879308117));
#3780=CARTESIAN_POINT('Ctrl Pts',(-16.4803468387175,44.3808865509497,1.86482559384993));
#3781=CARTESIAN_POINT('Ctrl Pts',(-17.8132581950312,43.8623254691906,1.94422239461869));
#3782=CARTESIAN_POINT('Ctrl Pts',(-18.1002201551013,42.4613029136309,2.02361919538745));
#3783=CARTESIAN_POINT('Ctrl Pts',(-17.0786968350359,41.4603067422433,2.10301599615621));
#3784=CARTESIAN_POINT('Ctrl Pts',(-15.6835762381969,41.7763336839095,2.18241279692496));
#3785=CARTESIAN_POINT('Ctrl Pts',(-15.192982065403,43.1190327647448,2.26180959769373));
#3786=CARTESIAN_POINT('Ctrl Pts',(-16.0545333112055,44.2610498546617,2.34120639846248));
#3787=CARTESIAN_POINT('Ctrl Pts',(-17.4826033835492,44.1527808186675,2.42060319923124));
#3788=CARTESIAN_POINT('Ctrl Pts',(-17.9354381714831,43.3189437102126,2.47353439974375));
#3789=CARTESIAN_POINT('Ctrl Pts',(-17.9354381714831,42.8984006736736,2.5));
#3790=CARTESIAN_POINT('',(-17.9354381714831,42.8984006736736,2.5));
#3791=CARTESIAN_POINT('Ctrl Pts',(-17.9354381714831,42.8984006736736,2.5));
#3792=CARTESIAN_POINT('Ctrl Pts',(-17.9409050699562,42.9485550782523,2.5));
#3793=CARTESIAN_POINT('Ctrl Pts',(-17.9431060099813,42.9988518057846,2.5));
#3794=CARTESIAN_POINT('Ctrl Pts',(-17.9422496987476,43.0490481121712,2.5));
#3795=CARTESIAN_POINT('Ctrl Pts',(-17.9413547762117,43.1015077834173,2.5));
#3796=CARTESIAN_POINT('Ctrl Pts',(-17.9371208531298,43.1538585218025,2.5));
#3797=CARTESIAN_POINT('Ctrl Pts',(-17.9297323722694,43.2058425778015,2.5));
#3798=CARTESIAN_POINT('Ctrl Pts',(-17.9237150614584,43.2481793217242,2.5));
#3799=CARTESIAN_POINT('Ctrl Pts',(-17.9156043273635,43.2902734538171,2.5));
#3800=CARTESIAN_POINT('Ctrl Pts',(-17.9054744587255,43.3319888620632,2.5));
#3801=CARTESIAN_POINT('Ctrl Pts',(-17.9006649166437,43.3517948455945,2.5));
#3802=CARTESIAN_POINT('Ctrl Pts',(-17.8953998916179,43.3715154587884,2.5));
#3803=CARTESIAN_POINT('Ctrl Pts',(-17.8896856308525,43.3911359739176,2.5));
#3804=CARTESIAN_POINT('Ctrl Pts',(-17.8868874525155,43.4007438134351,2.5));
#3805=CARTESIAN_POINT('Ctrl Pts',(-17.8839840081215,43.4103190671143,2.5));
#3806=CARTESIAN_POINT('Ctrl Pts',(-17.880977642149,43.4198567891446,2.5));
#3807=CARTESIAN_POINT('Ctrl Pts',(-17.8645905807967,43.4718448829083,2.5));
#3808=CARTESIAN_POINT('Ctrl Pts',(-17.8451407818582,43.5227484921517,2.5));
#3809=CARTESIAN_POINT('Ctrl Pts',(-17.8228234409009,43.572298611134,2.5));
#3810=CARTESIAN_POINT('Ctrl Pts',(-17.8001640370995,43.6226081958006,2.5));
#3811=CARTESIAN_POINT('Ctrl Pts',(-17.7745483318546,43.6715235689323,2.5));
#3812=CARTESIAN_POINT('Ctrl Pts',(-17.7461276974944,43.7187619109328,2.5));
#3813=CARTESIAN_POINT('Ctrl Pts',(-17.7254826301387,43.7530763720391,2.5));
#3814=CARTESIAN_POINT('Ctrl Pts',(-17.7033563505617,43.7865059505167,2.5));
#3815=CARTESIAN_POINT('Ctrl Pts',(-17.6797907040588,43.8189367250418,2.5));
#3816=CARTESIAN_POINT('Ctrl Pts',(-17.672716811779,43.8286717350917,2.5));
#3817=CARTESIAN_POINT('Ctrl Pts',(-17.6655131340444,43.8383166985014,2.5));
#3818=CARTESIAN_POINT('Ctrl Pts',(-17.6581805791037,43.8478683964749,2.5));
#3819=CARTESIAN_POINT('Ctrl Pts',(-17.6522405967167,43.8556060702035,2.5));
#3820=CARTESIAN_POINT('Ctrl Pts',(-17.6462170014594,43.863281143737,2.5));
#3821=CARTESIAN_POINT('Ctrl Pts',(-17.6401179874498,43.8708827825446,2.5));
#3822=CARTESIAN_POINT('Ctrl Pts',(-17.604541652175,43.9152241220507,2.5));
#3823=CARTESIAN_POINT('Ctrl Pts',(-17.5663363303197,43.9571557830345,2.5));
#3824=CARTESIAN_POINT('Ctrl Pts',(-17.5256766827274,43.9963881543943,2.5));
#3825=CARTESIAN_POINT('Ctrl Pts',(-17.4959161979979,44.0251039563722,2.5));
#3826=CARTESIAN_POINT('Ctrl Pts',(-17.4648397044192,44.0523736357352,2.5));
#3827=CARTESIAN_POINT('Ctrl Pts',(-17.4324993406993,44.078076789518,2.5));
#3828=CARTESIAN_POINT('Ctrl Pts',(-17.3894334888176,44.112304240492,2.5));
#3829=CARTESIAN_POINT('Ctrl Pts',(-17.3441276356581,44.1437557111375,2.5));
#3830=CARTESIAN_POINT('Ctrl Pts',(-17.2968855020335,44.1724265427819,2.5));
#3831=CARTESIAN_POINT('Ctrl Pts',(-17.2833129433413,44.180663608202,2.5));
#3832=CARTESIAN_POINT('Ctrl Pts',(-17.2695803418714,44.1886709171221,2.5));
#3833=CARTESIAN_POINT('Ctrl Pts',(-17.2556944101707,44.1964477559223,2.5));
#3834=CARTESIAN_POINT('Ctrl Pts',(-17.2468252087814,44.201414966692,2.5));
#3835=CARTESIAN_POINT('Ctrl Pts',(-17.2378934403401,44.2062880338604,2.5));
#3836=CARTESIAN_POINT('Ctrl Pts',(-17.2289137059071,44.2110602227778,2.5));
#3837=CARTESIAN_POINT('Ctrl Pts',(-17.1788785103988,44.2376509206726,2.5));
#3838=CARTESIAN_POINT('Ctrl Pts',(-17.1272609854024,44.2611674777724,2.5));
#3839=CARTESIAN_POINT('Ctrl Pts',(-17.0744137109851,44.2816421143584,2.5));
#3840=CARTESIAN_POINT('Ctrl Pts',(-17.0202924118402,44.302610346756,2.5));
#3841=CARTESIAN_POINT('Ctrl Pts',(-16.9648805075212,44.3203886724826,2.5));
#3842=CARTESIAN_POINT('Ctrl Pts',(-16.9085182571495,44.3349711255436,2.5));
#3843=CARTESIAN_POINT('Ctrl Pts',(-16.8728217633319,44.3442067831354,2.5));
#3844=CARTESIAN_POINT('Ctrl Pts',(-16.836743334127,44.352159677329,2.5));
#3845=CARTESIAN_POINT('Ctrl Pts',(-16.8003642086056,44.3588189323999,2.5));
#3846=CARTESIAN_POINT('Ctrl Pts',(-16.7721702114165,44.3639798870975,2.5));
#3847=CARTESIAN_POINT('Ctrl Pts',(-16.7437955153507,44.3683636983581,2.5));
#3848=CARTESIAN_POINT('Ctrl Pts',(-16.7152770153169,44.3719620799612,2.5));
#3849=CARTESIAN_POINT('Ctrl Pts',(-16.7040943052552,44.3733730818762,2.5));
#3850=CARTESIAN_POINT('Ctrl Pts',(-16.6928983379042,44.3746621491365,2.5));
#3851=CARTESIAN_POINT('Ctrl Pts',(-16.6816939010879,44.375829030985,2.5));
#3852=CARTESIAN_POINT('Ctrl Pts',(-16.6271171592502,44.3815129051902,2.5));
#3853=CARTESIAN_POINT('Ctrl Pts',(-16.5723223896405,44.3843026506214,2.5));
#3854=CARTESIAN_POINT('Ctrl Pts',(-16.5175790483169,44.3841846267091,2.5));
#3855=CARTESIAN_POINT('Ctrl Pts',(-16.4761160834786,44.3840952346259,2.5));
#3856=CARTESIAN_POINT('Ctrl Pts',(-16.4346821336944,44.3823371416015,2.5));
#3857=CARTESIAN_POINT('Ctrl Pts',(-16.393390407936,44.378891462439,2.5));
#3858=CARTESIAN_POINT('Ctrl Pts',(-16.3792920139023,44.377714990842,2.5));
#3859=CARTESIAN_POINT('Ctrl Pts',(-16.3652085544674,44.3763415012583,2.5));
#3860=CARTESIAN_POINT('Ctrl Pts',(-16.3511496197317,44.3747705029395,2.5));
#3861=CARTESIAN_POINT('Ctrl Pts',(-16.2905791942749,44.3680021354673,2.5));
#3862=CARTESIAN_POINT('Ctrl Pts',(-16.2306222893725,44.3575900620522,2.5));
#3863=CARTESIAN_POINT('Ctrl Pts',(-16.1716349999375,44.3434998045391,2.5));
#3864=CARTESIAN_POINT('Ctrl Pts',(-16.1255824923914,44.3324992704128,2.5));
#3865=CARTESIAN_POINT('Ctrl Pts',(-16.0801204314257,44.3192558928297,2.5));
#3866=CARTESIAN_POINT('Ctrl Pts',(-16.0354173057751,44.3037311368303,2.5));
#3867=CARTESIAN_POINT('Ctrl Pts',(-16.023237336314,44.2995012076874,2.5));
#3868=CARTESIAN_POINT('Ctrl Pts',(-16.0111137217238,44.2951018013561,2.5));
#3869=CARTESIAN_POINT('Ctrl Pts',(-15.9990481991957,44.2905356276257,2.5));
#3870=CARTESIAN_POINT('',(-17.9354381714831,42.8984006736736,-2.5));
#3871=CARTESIAN_POINT('Ctrl Pts',(-17.9377270113758,42.8985509242511,-2.5));
#3872=CARTESIAN_POINT('Ctrl Pts',(-17.9370465148535,42.4903757284611,-2.47420054922101));
#3873=CARTESIAN_POINT('Ctrl Pts',(-17.721434182932,42.0815495606394,-2.44840109844202));
#3874=CARTESIAN_POINT('Ctrl Pts',(-17.3840913803963,41.8517613601185,-2.42260164766303));
#3875=CARTESIAN_POINT('Ctrl Pts',(-17.0380382865643,41.6160399600512,-2.39613604740678));
#3876=CARTESIAN_POINT('Ctrl Pts',(-16.5638873321372,41.5687215166209,-2.36967044715053));
#3877=CARTESIAN_POINT('Ctrl Pts',(-16.1782877754471,41.7315574563672,-2.34320484689428));
#3878=CARTESIAN_POINT('Ctrl Pts',(-15.792688218757,41.8943933961134,-2.31673924663802));
#3879=CARTESIAN_POINT('Ctrl Pts',(-15.4956400598039,42.2673837190362,-2.29027364638177));
#3880=CARTESIAN_POINT('Ctrl Pts',(-15.4233359805286,42.6797329167605,-2.26380804612552));
#3881=CARTESIAN_POINT('Ctrl Pts',(-15.3510319012532,43.0920821144849,-2.23734244586926));
#3882=CARTESIAN_POINT('Ctrl Pts',(-15.5034719016556,43.5437901870109,-2.21087684561301));
#3883=CARTESIAN_POINT('Ctrl Pts',(-15.8107658676292,43.8280929120803,-2.18441124535676));
#3884=CARTESIAN_POINT('Ctrl Pts',(-16.1180598336028,44.1123956371497,-2.15794564510051));
#3885=CARTESIAN_POINT('Ctrl Pts',(-16.5802077651475,44.2292930147626,-2.13148004484425));
#3886=CARTESIAN_POINT('Ctrl Pts',(-16.9856965866222,44.1252593309117,-2.105014444588));
#3887=CARTESIAN_POINT('Ctrl Pts',(-17.3911854080968,44.0212256470607,-2.07854884433175));
#3888=CARTESIAN_POINT('Ctrl Pts',(-17.7400151195014,43.696260901746,-2.05208324407549));
#3889=CARTESIAN_POINT('Ctrl Pts',(-17.872468648259,43.2991360373127,-2.02561764381924));
#3890=CARTESIAN_POINT('Ctrl Pts',(-18.0049221770165,42.9020111728794,-1.99915204356299));
#3891=CARTESIAN_POINT('Ctrl Pts',(-17.920999523127,42.4327261893275,-1.97268644330674));
#3892=CARTESIAN_POINT('Ctrl Pts',(-17.6591330728318,42.1061114971441,-1.94622084305048));
#3893=CARTESIAN_POINT('Ctrl Pts',(-17.3972666225366,41.7794968049606,-1.91975524279423));
#3894=CARTESIAN_POINT('Ctrl Pts',(-16.9574563758358,41.5955524041457,-1.89328964253798));
#3895=CARTESIAN_POINT('Ctrl Pts',(-16.5410356131155,41.6384874272207,-1.86682404228172));
#3896=CARTESIAN_POINT('Ctrl Pts',(-16.1246148503952,41.6814224502957,-1.84035844202547));
#3897=CARTESIAN_POINT('Ctrl Pts',(-15.7315835716555,41.9512368972607,-1.81389284176922));
#3898=CARTESIAN_POINT('Ctrl Pts',(-15.5418704929111,42.3244120346067,-1.78742724151296));
#3899=CARTESIAN_POINT('Ctrl Pts',(-15.3521574141666,42.6975871719527,-1.76096164125671));
#3900=CARTESIAN_POINT('Ctrl Pts',(-15.3657625354174,43.1741229996797,-1.73449604100046));
#3901=CARTESIAN_POINT('Ctrl Pts',(-15.5764558351074,43.5358672103034,-1.70803044074421));
#3902=CARTESIAN_POINT('Ctrl Pts',(-15.7871491347975,43.897611420927,-1.68156484048795));
#3903=CARTESIAN_POINT('Ctrl Pts',(-16.1949306129268,44.1445640144473,-1.6550992402317));
#3904=CARTESIAN_POINT('Ctrl Pts',(-16.613123429879,44.1636727097859,-1.62863363997545));
#3905=CARTESIAN_POINT('Ctrl Pts',(-17.0313162468313,44.1827814051245,-1.60216803971919));
#3906=CARTESIAN_POINT('Ctrl Pts',(-17.4599204026064,43.9740462022814,-1.57570243946294));
#3907=CARTESIAN_POINT('Ctrl Pts',(-17.7027253388403,43.633023800925,-1.54923683920669));
#3908=CARTESIAN_POINT('Ctrl Pts',(-17.9455302750742,43.2920013995685,-1.52277123895044));
#3909=CARTESIAN_POINT('Ctrl Pts',(-18.0025359917668,42.8186917996987,-1.49630563869418));
#3910=CARTESIAN_POINT('Ctrl Pts',(-17.8476461462773,42.4297707071224,-1.46984003843793));
#3911=CARTESIAN_POINT('Ctrl Pts',(-17.6927563007879,42.0408496145461,-1.44337443818168));
#3912=CARTESIAN_POINT('Ctrl Pts',(-17.3259708931164,41.7363170292634,-1.41690883792542));
#3913=CARTESIAN_POINT('Ctrl Pts',(-16.9151999990643,41.6555845318209,-1.39044323766917));
#3914=CARTESIAN_POINT('Ctrl Pts',(-16.5044291050122,41.5748520343785,-1.36397763741292));
#3915=CARTESIAN_POINT('Ctrl Pts',(-16.0496727245795,41.7179196247762,-1.33751203715667));
#3916=CARTESIAN_POINT('Ctrl Pts',(-15.7591132173302,42.0192925739251,-1.31104643690041));
#3917=CARTESIAN_POINT('Ctrl Pts',(-15.4685537100809,42.3206655230741,-1.28458083664416));
#3918=CARTESIAN_POINT('Ctrl Pts',(-15.3421910760152,42.7803438309743,-1.25811523638791));
#3919=CARTESIAN_POINT('Ctrl Pts',(-15.437872663342,43.1878919998293,-1.23164963613165));
#3920=CARTESIAN_POINT('Ctrl Pts',(-15.5335542506689,43.5954401686843,-1.2051840358754));
#3921=CARTESIAN_POINT('Ctrl Pts',(-15.8512800593884,43.9508581984941,-1.17871843561915));
#3922=CARTESIAN_POINT('Ctrl Pts',(-16.2455988407221,44.0914397521239,-1.1522528353629));
#3923=CARTESIAN_POINT('Ctrl Pts',(-16.6399176220558,44.2320213057537,-1.12578723510664));
#3924=CARTESIAN_POINT('Ctrl Pts',(-17.1108293760036,44.1577663832035,-1.09932163485039));
#3925=CARTESIAN_POINT('Ctrl Pts',(-17.4427560470643,43.9026680455608,-1.07285603459414));
#3926=CARTESIAN_POINT('Ctrl Pts',(-17.774682718125,43.647569707918,-1.04639043433788));
#3927=CARTESIAN_POINT('Ctrl Pts',(-17.9676243062987,43.2116279551827,-1.01992483408163));
#3928=CARTESIAN_POINT('Ctrl Pts',(-17.9332543495077,42.7944119655098,-0.993459233825379));
#3929=CARTESIAN_POINT('Ctrl Pts',(-17.8988843927168,42.3771959758368,-0.966993633569125));
#3930=CARTESIAN_POINT('Ctrl Pts',(-17.6372028909612,41.9787057492261,-0.940528033312872));
#3931=CARTESIAN_POINT('Ctrl Pts',(-17.2680046592481,41.7813655821198,-0.914062433056619));
#3932=CARTESIAN_POINT('Ctrl Pts',(-16.8988064275351,41.5840254150134,-0.887596832800366));
#3933=CARTESIAN_POINT('Ctrl Pts',(-16.4220914658645,41.5878353074113,-0.861131232544114));
#3934=CARTESIAN_POINT('Ctrl Pts',(-16.0560944657489,41.7910511336729,-0.834665632287861));
#3935=CARTESIAN_POINT('Ctrl Pts',(-15.6900974656333,41.9942669599345,-0.808200032031608));
#3936=CARTESIAN_POINT('Ctrl Pts',(-15.4348184270727,42.3968887200597,-0.781734431775355));
#3937=CARTESIAN_POINT('Ctrl Pts',(-15.4071211916261,42.8146007490456,-0.755268831519103));
#3938=CARTESIAN_POINT('Ctrl Pts',(-15.3794239561795,43.2323127780315,-0.72880323126285));
#3939=CARTESIAN_POINT('Ctrl Pts',(-15.5793085238469,43.6651150758781,-0.702337631006597));
#3940=CARTESIAN_POINT('Ctrl Pts',(-15.915270011923,43.9148756703226,-0.675872030750344));
#3941=CARTESIAN_POINT('Ctrl Pts',(-16.2512314999991,44.1646362647671,-0.649406430494091));
#3942=CARTESIAN_POINT('Ctrl Pts',(-16.7232699084838,44.2313551558094,-0.622940830237838));
#3943=CARTESIAN_POINT('Ctrl Pts',(-17.1152914195966,44.0844891935635,-0.596475229981585));
#3944=CARTESIAN_POINT('Ctrl Pts',(-17.5073129307094,43.9376232313175,-0.570009629725332));
#3945=CARTESIAN_POINT('Ctrl Pts',(-17.8193175444503,43.5771724157834,-0.543544029469079));
#3946=CARTESIAN_POINT('Ctrl Pts',(-17.9084730953267,43.168147032987,-0.517078429212826));
#3947=CARTESIAN_POINT('Ctrl Pts',(-17.9976286462032,42.7591216501907,-0.490612828956574));
#3948=CARTESIAN_POINT('Ctrl Pts',(-17.8639351342153,42.3015217001322,-0.464147228700321));
#3949=CARTESIAN_POINT('Ctrl Pts',(-17.5685959293999,42.0048312383309,-0.437681628444068));
#3950=CARTESIAN_POINT('Ctrl Pts',(-17.2732567245845,41.7081407765297,-0.411216028187815));
#3951=CARTESIAN_POINT('Ctrl Pts',(-16.8162718269416,41.5723598029857,-0.384750427931562));
#3952=CARTESIAN_POINT('Ctrl Pts',(-16.4068437279955,41.6596473039362,-0.35828482767531));
#3953=CARTESIAN_POINT('Ctrl Pts',(-15.9974156290494,41.7469348048867,-0.331819227419056));
#3954=CARTESIAN_POINT('Ctrl Pts',(-15.6355443288001,42.0572907803317,-0.305353627162803));
#3955=CARTESIAN_POINT('Ctrl Pts',(-15.4868903950347,42.4486377925887,-0.27888802690655));
#3956=CARTESIAN_POINT('Ctrl Pts',(-15.3382364612694,42.8399848048457,-0.252422426650297));
#3957=CARTESIAN_POINT('Ctrl Pts',(-15.4027998939879,43.3123228539147,-0.225956826394044));
#3958=CARTESIAN_POINT('Ctrl Pts',(-15.6510242876008,43.6494209500858,-0.199491226137792));
#3959=CARTESIAN_POINT('Ctrl Pts',(-15.8992486812136,43.986519046257,-0.173025625881539));
#3960=CARTESIAN_POINT('Ctrl Pts',(-16.3311340357207,44.1883771895302,-0.146560025625286));
#3961=CARTESIAN_POINT('Ctrl Pts',(-16.7489681451479,44.1625870164752,-0.120094425369033));
#3962=CARTESIAN_POINT('Ctrl Pts',(-17.1668022545752,44.1367968434202,-0.0936288251127804));
#3963=CARTESIAN_POINT('Ctrl Pts',(-17.5705851189225,43.883358354037,-0.0671632248565272));
#3964=CARTESIAN_POINT('Ctrl Pts',(-17.7754695327688,43.5182928078814,-0.0406976246002743));
#3965=CARTESIAN_POINT('Ctrl Pts',(-17.9803539466151,43.1532272617258,-0.0142320243440216));
#3966=CARTESIAN_POINT('Ctrl Pts',(-17.9863399099605,42.6765346587978,0.012233575912231));
#3967=CARTESIAN_POINT('Ctrl Pts',(-17.790687116827,42.3064394540656,0.0386991761684836));
#3968=CARTESIAN_POINT('Ctrl Pts',(-17.5950343236935,41.9363442493335,0.0651647764247368));
#3969=CARTESIAN_POINT('Ctrl Pts',(-17.1977427740812,41.6728464427971,0.0916303766809893));
#3970=CARTESIAN_POINT('Ctrl Pts',(-16.7806880233182,41.6365723350568,0.118095976937242));
#3971=CARTESIAN_POINT('Ctrl Pts',(-16.3636332725551,41.6002982273164,0.144561577193495));
#3972=CARTESIAN_POINT('Ctrl Pts',(-15.9268153206413,41.791247818372,0.171027177449748));
#3973=CARTESIAN_POINT('Ctrl Pts',(-15.6702044605662,42.1220065560046,0.197492777706001));
#3974=CARTESIAN_POINT('Ctrl Pts',(-15.413593600491,42.4527652936372,0.223958377962254));
#3975=CARTESIAN_POINT('Ctrl Pts',(-15.3371898322546,42.9233331778468,0.250423978218506));
#3976=CARTESIAN_POINT('Ctrl Pts',(-15.4759699324699,43.3182895802624,0.276889578474759));
#3977=CARTESIAN_POINT('Ctrl Pts',(-15.6147500326851,43.713245982678,0.303355178731012));
#3978=CARTESIAN_POINT('Ctrl Pts',(-15.9687140013521,44.0325909032996,0.329820778987265));
#3979=CARTESIAN_POINT('Ctrl Pts',(-16.3758211571694,44.1301318675459,0.356286379243518));
#3980=CARTESIAN_POINT('Ctrl Pts',(-16.7829283129868,44.2276728317921,0.382751979499771));
#3981=CARTESIAN_POINT('Ctrl Pts',(-17.2431786559546,44.1034098396631,0.409217579756024));
#3982=CARTESIAN_POINT('Ctrl Pts',(-17.5458748108537,43.8142290763836,0.435683180012277));
#3983=CARTESIAN_POINT('Ctrl Pts',(-17.8485709657528,43.5250483131042,0.46214878026853));
#3984=CARTESIAN_POINT('Ctrl Pts',(-17.9937129325833,43.0709497786745,0.488614380524783));
#3985=CARTESIAN_POINT('Ctrl Pts',(-17.9148563687073,42.6598146204342,0.515079980781036));
#3986=CARTESIAN_POINT('Ctrl Pts',(-17.8359998048313,42.248679462194,0.541545581037289));
#3987=CARTESIAN_POINT('Ctrl Pts',(-17.5331447102488,41.8805076801433,0.568011181293542));
#3988=CARTESIAN_POINT('Ctrl Pts',(-17.1449347048049,41.7238441308278,0.594476781549794));
#3989=CARTESIAN_POINT('Ctrl Pts',(-16.7567246993609,41.5671805815124,0.620942381806048));
#3990=CARTESIAN_POINT('Ctrl Pts',(-16.2831597830555,41.622025264932,0.6474079820623));
#3991=CARTESIAN_POINT('Ctrl Pts',(-15.9410325911644,41.863270908842,0.673873582318553));
#3992=CARTESIAN_POINT('Ctrl Pts',(-15.5989053992733,42.104516552752,0.700339182574806));
#3993=CARTESIAN_POINT('Ctrl Pts',(-15.3882159317966,42.5321631571522,0.726804782831058));
#3994=CARTESIAN_POINT('Ctrl Pts',(-15.4054154326072,42.9504389669063,0.753270383087311));
#3995=CARTESIAN_POINT('Ctrl Pts',(-15.4226149334177,43.3687147766605,0.779735983343564));
#3996=CARTESIAN_POINT('Ctrl Pts',(-15.6677034025156,43.7776197917685,0.806201583599817));
#3997=CARTESIAN_POINT('Ctrl Pts',(-16.0284821235105,43.9899619459582,0.83266718385607));
#3998=CARTESIAN_POINT('Ctrl Pts',(-16.3892608445054,44.2023041001478,0.859132784112323));
#3999=CARTESIAN_POINT('Ctrl Pts',(-16.8657298173974,44.218083393419,0.885598384368575));
#4000=CARTESIAN_POINT('Ctrl Pts',(-17.2397669648889,44.0300762416242,0.912063984624827));
#4001=CARTESIAN_POINT('Ctrl Pts',(-17.6138041123804,43.8420690898295,0.93852958488108));
#4002=CARTESIAN_POINT('Ctrl Pts',(-17.8854094344714,43.4502754929689,0.964995185137334));
#4003=CARTESIAN_POINT('Ctrl Pts',(-17.9302450973895,43.0340541121339,0.991460785393588));
#4004=CARTESIAN_POINT('Ctrl Pts',(-17.9750807603076,42.617832731299,1.01792638564984));
#4005=CARTESIAN_POINT('Ctrl Pts',(-17.7931467640527,42.1771835664898,1.04439198590609));
#4006=CARTESIAN_POINT('Ctrl Pts',(-17.4677304333428,41.9138307844696,1.07085758616235));
#4007=CARTESIAN_POINT('Ctrl Pts',(-17.1423141026329,41.6504780024494,1.0973231864186));
#4008=CARTESIAN_POINT('Ctrl Pts',(-16.6734154374681,41.5644216032182,1.12378878667485));
#4009=CARTESIAN_POINT('Ctrl Pts',(-16.2756908982893,41.6950572517477,1.1502543869311));
#4010=CARTESIAN_POINT('Ctrl Pts',(-15.8779663591106,41.8256929002773,1.17671998718736));
#4011=CARTESIAN_POINT('Ctrl Pts',(-15.551415945918,42.1730205965674,1.20318558744361));
#4012=CARTESIAN_POINT('Ctrl Pts',(-15.4455307623252,42.5780376226777,1.22965118769986));
#4013=CARTESIAN_POINT('Ctrl Pts',(-15.3396455787323,42.9830546487879,1.25611678795612));
#4014=CARTESIAN_POINT('Ctrl Pts',(-15.4544256247393,43.4457610047182,1.28258238821237));
#4015=CARTESIAN_POINT('Ctrl Pts',(-15.7373258279963,43.7543350727855,1.30904798846862));
#4016=CARTESIAN_POINT('Ctrl Pts',(-16.0202260312533,44.0629091408528,1.33551358872488));
#4017=CARTESIAN_POINT('Ctrl Pts',(-16.4712463917604,44.217350921057,1.36197918898113));
#4018=CARTESIAN_POINT('Ctrl Pts',(-16.8839150577295,44.1469585392691,1.38844478923738));
#4019=CARTESIAN_POINT('Ctrl Pts',(-17.2965837236986,44.0765661574811,1.41491038949363));
#4020=CARTESIAN_POINT('Ctrl Pts',(-17.6709006951296,43.781339613701,1.44137598974989));
#4021=CARTESIAN_POINT('Ctrl Pts',(-17.8355076357756,43.3964306251346,1.46784159000614));
#4022=CARTESIAN_POINT('Ctrl Pts',(-18.0001145764215,43.0115216365682,1.49430719026239));
#4023=CARTESIAN_POINT('Ctrl Pts',(-17.9550114862824,42.5369302032157,1.52077279051864));
#4024=CARTESIAN_POINT('Ctrl Pts',(-17.7208466043506,42.1899181738509,1.5472383907749));
#4025=CARTESIAN_POINT('Ctrl Pts',(-17.4866817224188,41.8429061444861,1.57370399103115));
#4026=CARTESIAN_POINT('Ctrl Pts',(-17.0634550486944,41.623473519109,1.6001695912874));
#4027=CARTESIAN_POINT('Ctrl Pts',(-16.6449138419108,41.6320754726117,1.62663519154366));
#4028=CARTESIAN_POINT('Ctrl Pts',(-16.2263726351273,41.6406774261145,1.65310079179991));
#4029=CARTESIAN_POINT('Ctrl Pts',(-15.8125168952845,41.877313958497,1.67956639205616));
#4030=CARTESIAN_POINT('Ctrl Pts',(-15.5928072543001,42.2336527600462,1.70603199231242));
#4031=CARTESIAN_POINT('Ctrl Pts',(-15.3730976133157,42.5899915615953,1.73249759256867));
#4032=CARTESIAN_POINT('Ctrl Pts',(-15.3475340711896,43.066032632311,1.75896319282492));
#4033=CARTESIAN_POINT('Ctrl Pts',(-15.5278150184022,43.4438553089894,1.78542879308117));
#4034=CARTESIAN_POINT('Ctrl Pts',(-15.7080959656148,43.8216779856677,1.81189439333743));
#4035=CARTESIAN_POINT('Ctrl Pts',(-16.0942214021661,44.1012822683087,1.83835999359368));
#4036=CARTESIAN_POINT('Ctrl Pts',(-16.5094360131608,44.1546575626694,1.86482559384993));
#4037=CARTESIAN_POINT('Ctrl Pts',(-16.9246506241554,44.20803285703,1.89129119410618));
#4038=CARTESIAN_POINT('Ctrl Pts',(-17.3689544095933,44.0351791631103,1.91775679436244));
#4039=CARTESIAN_POINT('Ctrl Pts',(-17.6389332956573,43.7152485568905,1.94422239461869));
#4040=CARTESIAN_POINT('Ctrl Pts',(-17.9089121817212,43.3953179506707,1.97068799487494));
#4041=CARTESIAN_POINT('Ctrl Pts',(-18.0045661684113,42.9283104321508,1.9971535951312));
#4042=CARTESIAN_POINT('Ctrl Pts',(-17.8821392750787,42.5279739776596,2.02361919538745));
#4043=CARTESIAN_POINT('Ctrl Pts',(-17.7597123817462,42.1276375231684,2.0500847956437));
#4044=CARTESIAN_POINT('Ctrl Pts',(-17.419204608391,41.7939721327059,2.07655039589996));
#4045=CARTESIAN_POINT('Ctrl Pts',(-17.0164306222403,41.679810594419,2.10301599615621));
#4046=CARTESIAN_POINT('Ctrl Pts',(-16.6136566360896,41.5656490561321,2.12948159641246));
#4047=CARTESIAN_POINT('Ctrl Pts',(-16.1486164371433,41.6709913700208,2.15594719666871));
#4048=CARTESIAN_POINT('Ctrl Pts',(-15.8343306422044,41.9474457071044,2.18241279692497));
#4049=CARTESIAN_POINT('Ctrl Pts',(-15.5200448472656,42.2239000441879,2.20887839718122));
#4050=CARTESIAN_POINT('Ctrl Pts',(-15.3565134563343,42.6714664044664,2.23534399743747));
#4051=CARTESIAN_POINT('Ctrl Pts',(-15.4183396351691,43.0855857662584,2.26180959769373));
#4052=CARTESIAN_POINT('Ctrl Pts',(-15.4801658140038,43.4997051280504,2.28827519794998));
#4053=CARTESIAN_POINT('Ctrl Pts',(-15.7673495626047,43.8803774913561,2.31474079820623));
#4054=CARTESIAN_POINT('Ctrl Pts',(-16.148953115629,44.0526688336765,2.34120639846248));
#4055=CARTESIAN_POINT('Ctrl Pts',(-16.5305566686534,44.224960175997,2.36767199871874));
#4056=CARTESIAN_POINT('Ctrl Pts',(-17.0065800261013,44.1888704973322,2.39413759897499));
#4057=CARTESIAN_POINT('Ctrl Pts',(-17.3578004018087,43.9623663808861,2.42060319923124));
#4058=CARTESIAN_POINT('Ctrl Pts',(-17.7090207775162,43.73586226444,2.4470687994875));
#4059=CARTESIAN_POINT('Ctrl Pts',(-17.9354381714831,43.3189437102126,2.47353439974375));
#4060=CARTESIAN_POINT('Ctrl Pts',(-17.9354381714831,42.8984006736736,2.5));
#4061=CARTESIAN_POINT('Ctrl Pts',(-16.0000973632963,44.2879407450897,-2.5));
#4062=CARTESIAN_POINT('Ctrl Pts',(-16.0579354097209,44.3097564076467,-2.5));
#4063=CARTESIAN_POINT('Ctrl Pts',(-16.1169726670936,44.3277274165205,-2.5));
#4064=CARTESIAN_POINT('Ctrl Pts',(-16.1768522157149,44.3419570868835,-2.5));
#4065=CARTESIAN_POINT('Ctrl Pts',(-16.2357574982023,44.3559552343601,-2.5));
#4066=CARTESIAN_POINT('Ctrl Pts',(-16.2954791072328,44.3663323607046,-2.5));
#4067=CARTESIAN_POINT('Ctrl Pts',(-16.3556821578407,44.373131747886,-2.5));
#4068=CARTESIAN_POINT('Ctrl Pts',(-16.4017057100878,44.3783296896519,-2.5));
#4069=CARTESIAN_POINT('Ctrl Pts',(-16.4480108539982,44.3814356047721,-2.5));
#4070=CARTESIAN_POINT('Ctrl Pts',(-16.4944434728516,44.3824487867822,-2.5));
#4071=CARTESIAN_POINT('Ctrl Pts',(-16.5196369388097,44.3829985202909,-2.5));
#4072=CARTESIAN_POINT('Ctrl Pts',(-16.5448678313714,44.3829318719932,-2.5));
#4073=CARTESIAN_POINT('Ctrl Pts',(-16.5701105273106,44.3822467060118,-2.5));
#4074=CARTESIAN_POINT('Ctrl Pts',(-16.5793079203916,44.3819970599014,-2.5));
#4075=CARTESIAN_POINT('Ctrl Pts',(-16.5885056456906,44.381665262868,-2.5));
#4076=CARTESIAN_POINT('Ctrl Pts',(-16.5976926617044,44.3812518463855,-2.5));
#4077=CARTESIAN_POINT('Ctrl Pts',(-16.6568583439389,44.3785893857779,-2.5));
#4078=CARTESIAN_POINT('Ctrl Pts',(-16.7156922604058,44.3725433272564,-2.5));
#4079=CARTESIAN_POINT('Ctrl Pts',(-16.7738805648053,44.3631624293549,-2.5));
#4080=CARTESIAN_POINT('Ctrl Pts',(-16.8308780051548,44.3539735180421,-2.5));
#4081=CARTESIAN_POINT('Ctrl Pts',(-16.887256939504,44.3415844430369,-2.5));
#4082=CARTESIAN_POINT('Ctrl Pts',(-16.9427049505882,44.325995506681,-2.5));
#4083=CARTESIAN_POINT('Ctrl Pts',(-16.9842693969994,44.314309866437,-2.5));
#4084=CARTESIAN_POINT('Ctrl Pts',(-17.0253104707205,44.3008252260066,-2.5));
#4085=CARTESIAN_POINT('Ctrl Pts',(-17.065685226677,44.2855264119367,-2.5));
#4086=CARTESIAN_POINT('Ctrl Pts',(-17.0861464302653,44.2777732468233,-2.5));
#4087=CARTESIAN_POINT('Ctrl Pts',(-17.1064363234414,44.2695539492214,-2.5));
#4088=CARTESIAN_POINT('Ctrl Pts',(-17.126535030937,44.2608653389171,-2.5));
#4089=CARTESIAN_POINT('Ctrl Pts',(-17.1359786955847,44.2567828713263,-2.5));
#4090=CARTESIAN_POINT('Ctrl Pts',(-17.1453723217293,44.2526001316963,-2.5));
#4091=CARTESIAN_POINT('Ctrl Pts',(-17.1547108873326,44.248318752942,-2.5));
#4092=CARTESIAN_POINT('Ctrl Pts',(-17.2053540373477,44.2251007861002,-2.5));
#4093=CARTESIAN_POINT('Ctrl Pts',(-17.2544117694985,44.1989716313673,-2.5));
#4094=CARTESIAN_POINT('Ctrl Pts',(-17.3015988828231,44.1699376658852,-2.5));
#4095=CARTESIAN_POINT('Ctrl Pts',(-17.3368170061594,44.1482681526379,-2.5));
#4096=CARTESIAN_POINT('Ctrl Pts',(-17.3709927350636,44.1249796374154,-2.5));
#4097=CARTESIAN_POINT('Ctrl Pts',(-17.4039949507625,44.1000604685173,-2.5));
#4098=CARTESIAN_POINT('Ctrl Pts',(-17.44824319551,44.0666496971204,-2.5));
#4099=CARTESIAN_POINT('Ctrl Pts',(-17.4903834926513,44.0303075603595,-2.5));
#4100=CARTESIAN_POINT('Ctrl Pts',(-17.5302509343034,43.9913149839961,-2.5));
#4101=CARTESIAN_POINT('Ctrl Pts',(-17.5415681687929,43.9802460989168,-2.5));
#4102=CARTESIAN_POINT('Ctrl Pts',(-17.5527019810809,43.968963521009,-2.5));
#4103=CARTESIAN_POINT('Ctrl Pts',(-17.5636479398947,43.9574734628532,-2.5));
#4104=CARTESIAN_POINT('Ctrl Pts',(-17.5705946934518,43.9501814015798,-2.5));
#4105=CARTESIAN_POINT('Ctrl Pts',(-17.5774656110215,43.9428057957539,-2.5));
#4106=CARTESIAN_POINT('Ctrl Pts',(-17.5842501085754,43.9353590107364,-2.5));
#4107=CARTESIAN_POINT('Ctrl Pts',(-17.6217338551683,43.8942161847114,-2.5));
#4108=CARTESIAN_POINT('Ctrl Pts',(-17.6566603039242,43.8508233726314,-2.5));
#4109=CARTESIAN_POINT('Ctrl Pts',(-17.6889066941025,43.8054935558561,-2.5));
#4110=CARTESIAN_POINT('Ctrl Pts',(-17.7211402370877,43.7601817988047,-2.5));
#4111=CARTESIAN_POINT('Ctrl Pts',(-17.7506962483027,43.7129334064338,-2.5));
#4112=CARTESIAN_POINT('Ctrl Pts',(-17.7774047982385,43.6640402655311,-2.5));
#4113=CARTESIAN_POINT('Ctrl Pts',(-17.7935841377781,43.6344220822257,-2.5));
#4114=CARTESIAN_POINT('Ctrl Pts',(-17.8087176254479,43.604200017369,-2.5));
#4115=CARTESIAN_POINT('Ctrl Pts',(-17.8227581169436,43.5734379827036,-2.5));
#4116=CARTESIAN_POINT('Ctrl Pts',(-17.8300454945279,43.5574716924965,-2.5));
#4117=CARTESIAN_POINT('Ctrl Pts',(-17.8370383118535,43.5413599419873,-2.5));
#4118=CARTESIAN_POINT('Ctrl Pts',(-17.8437291733154,43.5251117436277,-2.5));
#4119=CARTESIAN_POINT('Ctrl Pts',(-17.8491424082592,43.511966154583,-2.5));
#4120=CARTESIAN_POINT('Ctrl Pts',(-17.8543589774985,43.4987281548489,-2.5));
#4121=CARTESIAN_POINT('Ctrl Pts',(-17.8593661306975,43.4854266941659,-2.5));
#4122=CARTESIAN_POINT('Ctrl Pts',(-17.8782664416833,43.4352181757759,-2.5));
#4123=CARTESIAN_POINT('Ctrl Pts',(-17.8942162200884,43.3840382524988,-2.5));
#4124=CARTESIAN_POINT('Ctrl Pts',(-17.9070466836877,43.3321555545772,-2.5));
#4125=CARTESIAN_POINT('Ctrl Pts',(-17.916039403911,43.2957915850898,-2.5));
#4126=CARTESIAN_POINT('Ctrl Pts',(-17.9234987879905,43.2590821897211,-2.5));
#4127=CARTESIAN_POINT('Ctrl Pts',(-17.9293514899844,43.2221214146777,-2.5));
#4128=CARTESIAN_POINT('Ctrl Pts',(-17.9317173648473,43.207180526063,-2.5));
#4129=CARTESIAN_POINT('Ctrl Pts',(-17.9338206217728,43.1921963853753,-2.5));
#4130=CARTESIAN_POINT('Ctrl Pts',(-17.9356535962044,43.1771982180044,-2.5));
#4131=CARTESIAN_POINT('Ctrl Pts',(-17.9418659022945,43.1263665179607,-2.5));
#4132=CARTESIAN_POINT('Ctrl Pts',(-17.9449874598554,43.0753159010328,-2.5));
#4133=CARTESIAN_POINT('Ctrl Pts',(-17.9448421600834,43.0242912229873,-2.5));
#4134=CARTESIAN_POINT('Ctrl Pts',(-17.9447528110473,42.9929146713563,-2.5));
#4135=CARTESIAN_POINT('Ctrl Pts',(-17.9434271973445,42.9615480495143,-2.5));
#4136=CARTESIAN_POINT('Ctrl Pts',(-17.9408148844194,42.9302510918498,-2.5));
#4137=CARTESIAN_POINT('Ctrl Pts',(-17.9399321605868,42.9196755707653,-2.5));
#4138=CARTESIAN_POINT('Ctrl Pts',(-17.9389024529421,42.9091080288455,-2.5));
#4139=CARTESIAN_POINT('Ctrl Pts',(-17.9377270113758,42.8985509242511,-2.5));
#4140=CARTESIAN_POINT('Origin',(-16.6709381714832,42.8984006736737,-2.5));
#4141=CARTESIAN_POINT('',(-18.6709381714832,42.8984006736737,-2.5));
#4142=CARTESIAN_POINT('Origin',(-16.6709381714832,42.8984006736737,-2.5));
#4143=CARTESIAN_POINT('Origin',(-16.6709381714831,42.8984006736736,-2.5));
#4144=CARTESIAN_POINT('Ctrl Pts',(12.4323657530162,61.8885507906429,2.00000000000001));
#4145=CARTESIAN_POINT('Ctrl Pts',(12.4323342813266,62.5750217046368,2.00000000000001));
#4146=CARTESIAN_POINT('Ctrl Pts',(13.0927137344917,63.9500870117374,2.));
#4147=CARTESIAN_POINT('Ctrl Pts',(15.3187092328038,64.4521961255824,2.));
#4148=CARTESIAN_POINT('Ctrl Pts',(17.1094111777225,63.0321143511412,2.));
#4149=CARTESIAN_POINT('Ctrl Pts',(17.1034002238152,60.7471608583797,2.));
#4150=CARTESIAN_POINT('Ctrl Pts',(15.3209273455446,59.3180798735451,2.));
#4151=CARTESIAN_POINT('Ctrl Pts',(13.0929025646288,59.8312615277741,2.));
#4152=CARTESIAN_POINT('Ctrl Pts',(12.4323972247057,61.202079876649,2.00000000000001));
#4153=CARTESIAN_POINT('Ctrl Pts',(12.4323657530162,61.8885507906429,2.00000000000001));
#4154=CARTESIAN_POINT('Ctrl Pts',(12.4772605763458,61.8885465557044,2.00000000000001));
#4155=CARTESIAN_POINT('Ctrl Pts',(12.4772289982101,62.5616288811418,2.00000000000001));
#4156=CARTESIAN_POINT('Ctrl Pts',(13.1247178245563,63.9098811281031,2.));
#4157=CARTESIAN_POINT('Ctrl Pts',(15.3073037923185,64.4021800536793,2.));
#4158=CARTESIAN_POINT('Ctrl Pts',(17.0630911605101,63.0098104778437,2.));
#4159=CARTESIAN_POINT('Ctrl Pts',(17.0571781049742,60.7694215142934,2.));
#4160=CARTESIAN_POINT('Ctrl Pts',(15.3094852969827,59.3682026733385,2.));
#4161=CARTESIAN_POINT('Ctrl Pts',(13.1249072933708,59.8713871754789,2.));
#4162=CARTESIAN_POINT('Ctrl Pts',(12.4772921544816,61.2154642302671,2.00000000000001));
#4163=CARTESIAN_POINT('Ctrl Pts',(12.4772605763458,61.8885465557044,2.00000000000001));
#4164=CARTESIAN_POINT('Ctrl Pts',(12.5661888657599,61.8885370604107,2.00320929909617));
#4165=CARTESIAN_POINT('Ctrl Pts',(12.5661595698398,62.5350949743221,2.00320929909617));
#4166=CARTESIAN_POINT('Ctrl Pts',(13.1881482820743,63.8302081601881,2.00320929909616));
#4167=CARTESIAN_POINT('Ctrl Pts',(15.2847167858052,64.3031318031506,2.00320929909616));
#4168=CARTESIAN_POINT('Ctrl Pts',(16.9712982064792,62.9656093482439,2.00320929909616));
#4169=CARTESIAN_POINT('Ctrl Pts',(16.9656460303578,60.8135083488096,2.00320929909616));
#4170=CARTESIAN_POINT('Ctrl Pts',(15.2868027370256,59.4675221998291,2.00320929909616));
#4171=CARTESIAN_POINT('Ctrl Pts',(13.1883240575947,59.9508606767198,2.00320929909616));
#4172=CARTESIAN_POINT('Ctrl Pts',(12.5662181616799,61.2419791464994,2.00320929909617));
#4173=CARTESIAN_POINT('Ctrl Pts',(12.5661888657599,61.8885370604107,2.00320929909617));
#4174=CARTESIAN_POINT('Ctrl Pts',(12.6810273271651,61.8885260585152,2.09077394558234));
#4175=CARTESIAN_POINT('Ctrl Pts',(12.6809981400358,62.5008360793205,2.09077394558234));
#4176=CARTESIAN_POINT('Ctrl Pts',(13.2700185150155,63.7273587634433,2.09077394558233));
#4177=CARTESIAN_POINT('Ctrl Pts',(15.2555430749795,64.1751971838558,2.09077394558233));
#4178=CARTESIAN_POINT('Ctrl Pts',(16.8528078164879,62.9085540237439,2.09077394558233));
#4179=CARTESIAN_POINT('Ctrl Pts',(16.8474162941873,60.8704487403503,2.09077394558233));
#4180=CARTESIAN_POINT('Ctrl Pts',(15.2575318630786,59.5957389741584,2.09077394558233));
#4181=CARTESIAN_POINT('Ctrl Pts',(13.270193637791,60.0534986386117,2.09077394558233));
#4182=CARTESIAN_POINT('Ctrl Pts',(12.6810565142943,61.2762160377099,2.09077394558234));
#4183=CARTESIAN_POINT('Ctrl Pts',(12.6810273271651,61.8885260585152,2.09077394558234));
#4184=CARTESIAN_POINT('Ctrl Pts',(12.731762596749,61.8885197769054,2.20018513937066));
#4185=CARTESIAN_POINT('Ctrl Pts',(12.7317366588799,62.4856939100411,2.20018513937066));
#4186=CARTESIAN_POINT('Ctrl Pts',(13.306235150858,63.6818783710193,2.20018513937064));
#4187=CARTESIAN_POINT('Ctrl Pts',(15.2426607039709,64.1187072485016,2.20018513937065));
#4188=CARTESIAN_POINT('Ctrl Pts',(16.8004056936279,62.8833198016413,2.20018513937064));
#4189=CARTESIAN_POINT('Ctrl Pts',(16.7952153079256,60.8955953469773,2.20018513937064));
#4190=CARTESIAN_POINT('Ctrl Pts',(15.2445769818645,59.6524304374717,2.20018513937065));
#4191=CARTESIAN_POINT('Ctrl Pts',(13.3063907780728,60.0988335722047,2.20018513937064));
#4192=CARTESIAN_POINT('Ctrl Pts',(12.7317885346181,61.2913456437696,2.20018513937066));
#4193=CARTESIAN_POINT('Ctrl Pts',(12.731762596749,61.8885197769054,2.20018513937066));
#4194=CARTESIAN_POINT('Ctrl Pts',(12.7325536895215,61.8885208959766,2.26634007871155));
#4195=CARTESIAN_POINT('Ctrl Pts',(12.7325250606609,62.4854635410378,2.26634007871155));
#4196=CARTESIAN_POINT('Ctrl Pts',(13.3067599286933,63.6812050607591,2.26634007871154));
#4197=CARTESIAN_POINT('Ctrl Pts',(15.2424542830692,64.1177997256478,2.26634007871154));
#4198=CARTESIAN_POINT('Ctrl Pts',(16.7996343812441,62.8829497678277,2.26634007871154));
#4199=CARTESIAN_POINT('Ctrl Pts',(16.7943734939674,60.8959955648332,2.26634007871154));
#4200=CARTESIAN_POINT('Ctrl Pts',(15.2443947673432,59.6532752652093,2.26634007871154));
#4201=CARTESIAN_POINT('Ctrl Pts',(13.306931701857,60.0995491903918,2.26634007871153));
#4202=CARTESIAN_POINT('Ctrl Pts',(12.7325823183821,61.2915782509154,2.26634007871155));
#4203=CARTESIAN_POINT('Ctrl Pts',(12.7325536895215,61.8885208959766,2.26634007871155));
#4204=CARTESIAN_POINT('Ctrl Pts',(12.7325849914214,61.8885203327134,2.30000000000001));
#4205=CARTESIAN_POINT('Ctrl Pts',(12.7325576247349,62.4854515622733,2.30000000000001));
#4206=CARTESIAN_POINT('Ctrl Pts',(13.306800627487,63.6811605249695,2.3));
#4207=CARTESIAN_POINT('Ctrl Pts',(15.2424488868889,64.1177771457043,2.3));
#4208=CARTESIAN_POINT('Ctrl Pts',(16.7995810129051,62.8829234287989,2.3));
#4209=CARTESIAN_POINT('Ctrl Pts',(16.794354096464,60.8960073481367,2.3));
#4210=CARTESIAN_POINT('Ctrl Pts',(15.2443776805765,59.6533282308892,2.3));
#4211=CARTESIAN_POINT('Ctrl Pts',(13.3069648276063,60.0995731476101,2.3));
#4212=CARTESIAN_POINT('Ctrl Pts',(12.7326123581079,61.2915891031535,2.30000000000001));
#4213=CARTESIAN_POINT('Ctrl Pts',(12.7325849914214,61.8885203327134,2.30000000000001));
#4214=CARTESIAN_POINT('',(12.4340465807894,61.88831727985,2.));
#4215=CARTESIAN_POINT('',(12.7340465807894,61.88831727985,2.3));
#4216=CARTESIAN_POINT('Ctrl Pts',(12.4340465566248,61.8885506318353,2.00000077617791));
#4217=CARTESIAN_POINT('Ctrl Pts',(12.4783702861313,61.8885464372512,2.00004241061593));
#4218=CARTESIAN_POINT('Ctrl Pts',(12.5667100683755,61.8885370104778,2.00360671754143));
#4219=CARTESIAN_POINT('Ctrl Pts',(12.6810273271651,61.8885260585152,2.09077394558234));
#4220=CARTESIAN_POINT('Ctrl Pts',(12.731762596749,61.8885197769054,2.20018513937066));
#4221=CARTESIAN_POINT('Ctrl Pts',(12.7325536895215,61.8885208959766,2.26634007871155));
#4222=CARTESIAN_POINT('Ctrl Pts',(12.7325849914214,61.8885203327134,2.30000000000001));
#4223=CARTESIAN_POINT('Origin',(14.7340465807894,61.88831727985,2.3));
#4224=CARTESIAN_POINT('Origin',(14.7340465807894,61.88831727985,2.));
#4225=CARTESIAN_POINT('Origin',(12.1555879833576,45.5613708167292,2.));
#4226=CARTESIAN_POINT('',(45.9331166580424,26.9851052257169,1.99999999999999));
#4227=CARTESIAN_POINT('',(43.8482981945185,24.4196232036258,2.));
#4228=CARTESIAN_POINT('Origin',(42.6071141381984,27.5581080511868,2.));
#4229=CARTESIAN_POINT('',(19.6470491975353,62.8169750681917,2.));
#4230=CARTESIAN_POINT('Origin',(70.2509761284032,72.382150402465,2.));
#4231=CARTESIAN_POINT('',(9.90475562140475,63.183673921708,2.));
#4232=CARTESIAN_POINT('Origin',(14.7340465807894,61.88831727985,2.));
#4233=CARTESIAN_POINT('',(-15.5747603096843,47.7767604487725,2.));
#4234=CARTESIAN_POINT('Origin',(-10.8611955039493,68.7537074816974,2.));
#4235=CARTESIAN_POINT('',(-14.7592989792805,38.2782669527913,2.));
#4236=CARTESIAN_POINT('Origin',(-16.6709381714832,42.8984006736737,2.));
#4237=CARTESIAN_POINT('Origin',(4.93026215914201,-9.30924382668847,2.));
#4238=CARTESIAN_POINT('',(-18.9709381714832,42.8984006736737,2.));
#4239=CARTESIAN_POINT('Origin',(-16.6709381714832,42.8984006736737,2.));
#4240=CARTESIAN_POINT('',(21.1705561790904,51.0898424580664,2.));
#4241=CARTESIAN_POINT('',(18.0484722052503,52.4535632936605,2.));
#4242=CARTESIAN_POINT('Origin',(18.8770786113655,50.0948747971132,2.));
#4243=CARTESIAN_POINT('',(24.1082720261838,45.3063150850638,2.));
#4244=CARTESIAN_POINT('Origin',(70.2509761284032,72.3821504024649,2.));
#4245=CARTESIAN_POINT('',(21.1921687239847,41.6593778426909,2.));
#4246=CARTESIAN_POINT('Origin',(21.9520708999119,44.0410891356525,2.));
#4247=CARTESIAN_POINT('',(2.92514654047427,44.1531683089024,2.));
#4248=CARTESIAN_POINT('Origin',(4.93026215914202,-9.30924382668848,2.));
#4249=CARTESIAN_POINT('',(1.51484906309226,48.7766325988573,2.));
#4250=CARTESIAN_POINT('Origin',(2.83144954894774,46.6514118666402,2.));
#4251=CARTESIAN_POINT('',(6.45316526919486,52.8646259784321,2.));
#4252=CARTESIAN_POINT('Origin',(-10.8611955039493,68.7537074816974,2.));
#4253=CARTESIAN_POINT('',(9.58290415050476,53.3171019831186,2.));
#4254=CARTESIAN_POINT('Origin',(8.2951185429336,51.1742981589358,2.));
#4255=CARTESIAN_POINT('Origin',(14.7340465807894,61.88831727985,2.));
#4256=CARTESIAN_POINT('Origin',(14.7340465807894,61.88831727985,0.));
#4257=CARTESIAN_POINT('',(12.7340465807894,61.88831727985,2.5));
#4258=CARTESIAN_POINT('Origin',(14.7340465807894,61.88831727985,2.5));
#4259=CARTESIAN_POINT('Ctrl Pts',(-18.972613908376,42.8985605298638,2.00000000000001));
#4260=CARTESIAN_POINT('Ctrl Pts',(-18.9726427460258,43.5850040240133,2.00000000000001));
#4261=CARTESIAN_POINT('Ctrl Pts',(-18.3123204527963,44.9599794796263,2.));
#4262=CARTESIAN_POINT('Ctrl Pts',(-16.0862516044083,45.4624631459236,2.));
#4263=CARTESIAN_POINT('Ctrl Pts',(-14.2957121716039,44.0421375152824,2.));
#4264=CARTESIAN_POINT('Ctrl Pts',(-14.3014115038461,41.7571773072713,2.));
#4265=CARTESIAN_POINT('Ctrl Pts',(-16.0840735927621,40.3283503080931,2.));
#4266=CARTESIAN_POINT('Ctrl Pts',(-18.3121474268972,40.841318514729,2.));
#4267=CARTESIAN_POINT('Ctrl Pts',(-18.9725850707261,42.2121170357142,2.00000000000001));
#4268=CARTESIAN_POINT('Ctrl Pts',(-18.972613908376,42.8985605298638,2.00000000000001));
#4269=CARTESIAN_POINT('Ctrl Pts',(-18.9277159841221,42.8985576214604,2.00000000000001));
#4270=CARTESIAN_POINT('Ctrl Pts',(-18.927744935361,43.5716121095363,2.00000000000001));
#4271=CARTESIAN_POINT('Ctrl Pts',(-18.2803128984358,44.9197746013944,2.));
#4272=CARTESIAN_POINT('Ctrl Pts',(-16.0976582215122,45.4124401596298,2.));
#4273=CARTESIAN_POINT('Ctrl Pts',(-14.3420326201318,44.0198332885956,2.));
#4274=CARTESIAN_POINT('Ctrl Pts',(-14.3476401229543,41.7794407256514,2.));
#4275=CARTESIAN_POINT('Ctrl Pts',(-16.0955158566905,40.3784729896372,2.));
#4276=CARTESIAN_POINT('Ctrl Pts',(-18.2801391910025,40.881447672939,2.));
#4277=CARTESIAN_POINT('Ctrl Pts',(-18.9276870328832,42.2255031333845,2.00000000000001));
#4278=CARTESIAN_POINT('Ctrl Pts',(-18.9277159841221,42.8985576214604,2.00000000000001));
#4279=CARTESIAN_POINT('Ctrl Pts',(-18.8387939141448,42.8985511301524,2.00320186344262));
#4280=CARTESIAN_POINT('Ctrl Pts',(-18.83882073483,43.5450840317818,2.00320186344262));
#4281=CARTESIAN_POINT('Ctrl Pts',(-18.2168849113557,44.8401139651692,2.00320186344261));
#4282=CARTESIAN_POINT('Ctrl Pts',(-16.1202447429484,45.3133913364046,2.00320186344261));
#4283=CARTESIAN_POINT('Ctrl Pts',(-14.4338145338905,43.9756372434634,2.00320186344261));
#4284=CARTESIAN_POINT('Ctrl Pts',(-14.4391727676751,41.8235273067511,2.00320186344261));
#4285=CARTESIAN_POINT('Ctrl Pts',(-16.1181968039074,40.477778867052,2.00320186344261));
#4286=CARTESIAN_POINT('Ctrl Pts',(-18.2167239872443,40.9609165553928,2.0032018634426));
#4287=CARTESIAN_POINT('Ctrl Pts',(-18.8387670934596,42.252018228523,2.00320186344262));
#4288=CARTESIAN_POINT('Ctrl Pts',(-18.8387939141448,42.8985511301524,2.00320186344262));
#4289=CARTESIAN_POINT('Ctrl Pts',(-18.7239485413037,42.8985435822025,2.09076921643727));
#4290=CARTESIAN_POINT('Ctrl Pts',(-18.7239753030258,43.5108278403694,2.09076921643727));
#4291=CARTESIAN_POINT('Ctrl Pts',(-18.135006784036,44.7372680916122,2.09076921643726));
#4292=CARTESIAN_POINT('Ctrl Pts',(-16.1494212750016,45.1854399625779,2.09076921643726));
#4293=CARTESIAN_POINT('Ctrl Pts',(-14.5523049155548,43.9185815643917,2.09076921643726));
#4294=CARTESIAN_POINT('Ctrl Pts',(-14.5574182563841,41.8804743514967,2.09076921643726));
#4295=CARTESIAN_POINT('Ctrl Pts',(-16.1474680530551,40.6059940976145,2.09076921643726));
#4296=CARTESIAN_POINT('Ctrl Pts',(-18.1348462137032,41.0635625426104,2.09076921643725));
#4297=CARTESIAN_POINT('Ctrl Pts',(-18.7239217795815,42.2862593240355,2.09076921643727));
#4298=CARTESIAN_POINT('Ctrl Pts',(-18.7239485413037,42.8985435822025,2.09076921643727));
#4299=CARTESIAN_POINT('Ctrl Pts',(-18.673224019242,42.8985393174674,2.20018144688847));
#4300=CARTESIAN_POINT('Ctrl Pts',(-18.6732477554165,43.4956914721883,2.20018144688847));
#4301=CARTESIAN_POINT('Ctrl Pts',(-18.0987975484057,44.6918010328405,2.20018144688846));
#4302=CARTESIAN_POINT('Ctrl Pts',(-16.1623018536926,45.1289569155402,2.20018144688846));
#4303=CARTESIAN_POINT('Ctrl Pts',(-14.6046934462414,43.8933538148156,2.20018144688846));
#4304=CARTESIAN_POINT('Ctrl Pts',(-14.6096128002473,41.9056176477905,2.20018144688846));
#4305=CARTESIAN_POINT('Ctrl Pts',(-16.1604208057837,40.6626695832335,2.20018144688846));
#4306=CARTESIAN_POINT('Ctrl Pts',(-18.0986551313589,41.1088881045153,2.20018144688845));
#4307=CARTESIAN_POINT('Ctrl Pts',(-18.6732002830676,42.3013871627466,2.20018144688847));
#4308=CARTESIAN_POINT('Ctrl Pts',(-18.673224019242,42.8985393174674,2.20018144688847));
#4309=CARTESIAN_POINT('Ctrl Pts',(-18.6724210300831,42.898540048432,2.26634007871155));
#4310=CARTESIAN_POINT('Ctrl Pts',(-18.6724472909538,43.4954571815753,2.26634007871155));
#4311=CARTESIAN_POINT('Ctrl Pts',(-18.0982634319423,44.6911176672422,2.26634007871154));
#4312=CARTESIAN_POINT('Ctrl Pts',(-16.162510917124,45.128036959377,2.26634007871154));
#4313=CARTESIAN_POINT('Ctrl Pts',(-14.6054763830329,43.892978110317,2.26634007871154));
#4314=CARTESIAN_POINT('Ctrl Pts',(-14.6104662744169,41.9060232964071,2.26634007871154));
#4315=CARTESIAN_POINT('Ctrl Pts',(-16.1606049902385,40.6635274891344,2.26634007871154));
#4316=CARTESIAN_POINT('Ctrl Pts',(-18.0981058667183,41.1096148683824,2.26634007871153));
#4317=CARTESIAN_POINT('Ctrl Pts',(-18.6723947692124,42.3016229152887,2.26634007871155));
#4318=CARTESIAN_POINT('Ctrl Pts',(-18.6724210300831,42.898540048432,2.26634007871155));
#4319=CARTESIAN_POINT('Ctrl Pts',(-18.6723953339987,42.8985396790564,2.30000000000001));
#4320=CARTESIAN_POINT('Ctrl Pts',(-18.6724204102159,43.4954470652734,2.30000000000001));
#4321=CARTESIAN_POINT('Ctrl Pts',(-18.0982271117554,44.6910778962412,2.3));
#4322=CARTESIAN_POINT('Ctrl Pts',(-16.1625150696789,45.1280202147606,2.3));
#4323=CARTESIAN_POINT('Ctrl Pts',(-14.6055242585447,43.8929544489856,2.3));
#4324=CARTESIAN_POINT('Ctrl Pts',(-14.6104801996249,41.906032528976,2.3));
#4325=CARTESIAN_POINT('Ctrl Pts',(-16.1606211465083,40.663574268821,2.3));
#4326=CARTESIAN_POINT('Ctrl Pts',(-18.0980766544519,41.1096335789393,2.29999999999999));
#4327=CARTESIAN_POINT('Ctrl Pts',(-18.6723702577814,42.3016322928394,2.30000000000001));
#4328=CARTESIAN_POINT('Ctrl Pts',(-18.6723953339987,42.8985396790564,2.30000000000001));
#4329=CARTESIAN_POINT('',(-18.6709381714832,42.8984006736737,2.3));
#4330=CARTESIAN_POINT('Ctrl Pts',(-18.9709381848839,42.8985604211448,2.00000076959285));
#4331=CARTESIAN_POINT('Ctrl Pts',(-18.9266097796061,42.898557540731,2.00004218015951));
#4332=CARTESIAN_POINT('Ctrl Pts',(-18.8382742907577,42.8985510960013,2.00359806612312));
#4333=CARTESIAN_POINT('Ctrl Pts',(-18.7239485413037,42.8985435822025,2.09076921643727));
#4334=CARTESIAN_POINT('Ctrl Pts',(-18.673224019242,42.8985393174674,2.20018144688847));
#4335=CARTESIAN_POINT('Ctrl Pts',(-18.6724210300831,42.898540048432,2.26634007871155));
#4336=CARTESIAN_POINT('Ctrl Pts',(-18.6723953339987,42.8985396790564,2.30000000000001));
#4337=CARTESIAN_POINT('Origin',(-16.6709381714832,42.8984006736737,2.3));
#4338=CARTESIAN_POINT('Origin',(-16.6709381714832,42.8984006736737,0.));
#4339=CARTESIAN_POINT('',(-18.6709381714832,42.8984006736737,2.5));
#4340=CARTESIAN_POINT('Origin',(-16.6709381714832,42.8984006736737,2.5));
#4341=CARTESIAN_POINT('Ctrl Pts',(12.4323657530162,61.8880837690577,-2.00000000000001));
#4342=CARTESIAN_POINT('Ctrl Pts',(12.4323342813266,61.2016128550639,-2.00000000000001));
#4343=CARTESIAN_POINT('Ctrl Pts',(13.0927137344917,59.8265475479625,-2.));
#4344=CARTESIAN_POINT('Ctrl Pts',(15.3187092328038,59.3244384341175,-2.));
#4345=CARTESIAN_POINT('Ctrl Pts',(17.1094111777225,60.7445202085587,-2.));
#4346=CARTESIAN_POINT('Ctrl Pts',(17.1034002238152,63.0294737013202,-2.));
#4347=CARTESIAN_POINT('Ctrl Pts',(15.3209273455446,64.458554686155,-2.));
#4348=CARTESIAN_POINT('Ctrl Pts',(13.0929025646288,63.9453730319256,-2.));
#4349=CARTESIAN_POINT('Ctrl Pts',(12.4323972247057,62.5745546830516,-2.00000000000001));
#4350=CARTESIAN_POINT('Ctrl Pts',(12.4323657530162,61.8880837690577,-2.00000000000001));
#4351=CARTESIAN_POINT('Ctrl Pts',(12.4772605763458,61.8880880039961,-2.00000000000001));
#4352=CARTESIAN_POINT('Ctrl Pts',(12.4772289982101,61.2150056785588,-2.00000000000001));
#4353=CARTESIAN_POINT('Ctrl Pts',(13.1247178245563,59.8667534315968,-2.));
#4354=CARTESIAN_POINT('Ctrl Pts',(15.3073037923185,59.3744545060207,-2.));
#4355=CARTESIAN_POINT('Ctrl Pts',(17.0630911605101,60.7668240818562,-2.));
#4356=CARTESIAN_POINT('Ctrl Pts',(17.0571781049742,63.0072130454064,-2.));
#4357=CARTESIAN_POINT('Ctrl Pts',(15.3094852969827,64.4084318863616,-2.));
#4358=CARTESIAN_POINT('Ctrl Pts',(13.1249072933708,63.9052473842208,-2.));
#4359=CARTESIAN_POINT('Ctrl Pts',(12.4772921544816,62.5611703294335,-2.00000000000001));
#4360=CARTESIAN_POINT('Ctrl Pts',(12.4772605763458,61.8880880039961,-2.00000000000001));
#4361=CARTESIAN_POINT('Ctrl Pts',(12.5661888657599,61.8880974992899,-2.00320929909617));
#4362=CARTESIAN_POINT('Ctrl Pts',(12.5661595698398,61.2415395853785,-2.00320929909617));
#4363=CARTESIAN_POINT('Ctrl Pts',(13.1881482820743,59.9464263995117,-2.00320929909616));
#4364=CARTESIAN_POINT('Ctrl Pts',(15.2847167858052,59.4735027565494,-2.00320929909616));
#4365=CARTESIAN_POINT('Ctrl Pts',(16.9712982064792,60.811025211456,-2.00320929909616));
#4366=CARTESIAN_POINT('Ctrl Pts',(16.9656460303578,62.9631262108904,-2.00320929909616));
#4367=CARTESIAN_POINT('Ctrl Pts',(15.2868027370256,64.309112359871,-2.00320929909616));
#4368=CARTESIAN_POINT('Ctrl Pts',(13.1883240575947,63.82577388298,-2.00320929909616));
#4369=CARTESIAN_POINT('Ctrl Pts',(12.5662181616799,62.5346554132012,-2.00320929909617));
#4370=CARTESIAN_POINT('Ctrl Pts',(12.5661888657599,61.8880974992899,-2.00320929909617));
#4371=CARTESIAN_POINT('Ctrl Pts',(12.6810273271651,61.8881085011853,-2.09077394558234));
#4372=CARTESIAN_POINT('Ctrl Pts',(12.6809981400358,61.2757984803801,-2.09077394558234));
#4373=CARTESIAN_POINT('Ctrl Pts',(13.2700185150155,60.0492757962565,-2.09077394558233));
#4374=CARTESIAN_POINT('Ctrl Pts',(15.2555430749795,59.6014373758441,-2.09077394558233));
#4375=CARTESIAN_POINT('Ctrl Pts',(16.8528078164879,60.8680805359559,-2.09077394558233));
#4376=CARTESIAN_POINT('Ctrl Pts',(16.8474162941873,62.9061858193495,-2.09077394558233));
#4377=CARTESIAN_POINT('Ctrl Pts',(15.2575318630786,64.1808955855417,-2.09077394558233));
#4378=CARTESIAN_POINT('Ctrl Pts',(13.270193637791,63.723135921088,-2.09077394558233));
#4379=CARTESIAN_POINT('Ctrl Pts',(12.6810565142943,62.5004185219906,-2.09077394558234));
#4380=CARTESIAN_POINT('Ctrl Pts',(12.6810273271651,61.8881085011853,-2.09077394558234));
#4381=CARTESIAN_POINT('Ctrl Pts',(12.731762596749,61.8881147827951,-2.20018513937066));
#4382=CARTESIAN_POINT('Ctrl Pts',(12.7317366588799,61.2909406496594,-2.20018513937066));
#4383=CARTESIAN_POINT('Ctrl Pts',(13.306235150858,60.0947561886805,-2.20018513937064));
#4384=CARTESIAN_POINT('Ctrl Pts',(15.2426607039709,59.6579273111984,-2.20018513937065));
#4385=CARTESIAN_POINT('Ctrl Pts',(16.8004056936279,60.8933147580586,-2.20018513937064));
#4386=CARTESIAN_POINT('Ctrl Pts',(16.7952153079256,62.8810392127226,-2.20018513937064));
#4387=CARTESIAN_POINT('Ctrl Pts',(15.2445769818645,64.1242041222282,-2.20018513937065));
#4388=CARTESIAN_POINT('Ctrl Pts',(13.3063907780728,63.677800987495,-2.20018513937064));
#4389=CARTESIAN_POINT('Ctrl Pts',(12.7317885346181,62.4852889159309,-2.20018513937066));
#4390=CARTESIAN_POINT('Ctrl Pts',(12.731762596749,61.8881147827951,-2.20018513937066));
#4391=CARTESIAN_POINT('Ctrl Pts',(12.7325536895215,61.888113663724,-2.26634007871155));
#4392=CARTESIAN_POINT('Ctrl Pts',(12.7325250606609,61.2911710186628,-2.26634007871155));
#4393=CARTESIAN_POINT('Ctrl Pts',(13.3067599286933,60.0954294989408,-2.26634007871154));
#4394=CARTESIAN_POINT('Ctrl Pts',(15.2424542830692,59.6588348340522,-2.26634007871154));
#4395=CARTESIAN_POINT('Ctrl Pts',(16.7996343812441,60.8936847918722,-2.26634007871154));
#4396=CARTESIAN_POINT('Ctrl Pts',(16.7943734939674,62.8806389948666,-2.26634007871154));
#4397=CARTESIAN_POINT('Ctrl Pts',(15.2443947673432,64.1233592944908,-2.26634007871154));
#4398=CARTESIAN_POINT('Ctrl Pts',(13.306931701857,63.6770853693079,-2.26634007871153));
#4399=CARTESIAN_POINT('Ctrl Pts',(12.7325823183821,62.4850563087852,-2.26634007871155));
#4400=CARTESIAN_POINT('Ctrl Pts',(12.7325536895215,61.888113663724,-2.26634007871155));
#4401=CARTESIAN_POINT('Ctrl Pts',(12.7325849914214,61.8881142269872,-2.30000000000001));
#4402=CARTESIAN_POINT('Ctrl Pts',(12.7325576247349,61.2911829974273,-2.30000000000001));
#4403=CARTESIAN_POINT('Ctrl Pts',(13.306800627487,60.0954740347304,-2.3));
#4404=CARTESIAN_POINT('Ctrl Pts',(15.2424488868889,59.6588574139957,-2.3));
#4405=CARTESIAN_POINT('Ctrl Pts',(16.7995810129051,60.893711130901,-2.3));
#4406=CARTESIAN_POINT('Ctrl Pts',(16.794354096464,62.8806272115632,-2.3));
#4407=CARTESIAN_POINT('Ctrl Pts',(15.2443776805765,64.1233063288108,-2.3));
#4408=CARTESIAN_POINT('Ctrl Pts',(13.3069648276063,63.6770614120897,-2.3));
#4409=CARTESIAN_POINT('Ctrl Pts',(12.7326123581079,62.485045456547,-2.30000000000001));
#4410=CARTESIAN_POINT('Ctrl Pts',(12.7325849914214,61.8881142269872,-2.30000000000001));
#4411=CARTESIAN_POINT('',(12.4340465807894,61.88831727985,-2.));
#4412=CARTESIAN_POINT('',(12.7340465807894,61.88831727985,-2.3));
#4413=CARTESIAN_POINT('Ctrl Pts',(12.4340465566248,61.8880839278653,-2.00000077617791));
#4414=CARTESIAN_POINT('Ctrl Pts',(12.4783702861313,61.8880881224494,-2.00004241061593));
#4415=CARTESIAN_POINT('Ctrl Pts',(12.5667100683755,61.8880975492227,-2.00360671754143));
#4416=CARTESIAN_POINT('Ctrl Pts',(12.6810273271651,61.8881085011853,-2.09077394558234));
#4417=CARTESIAN_POINT('Ctrl Pts',(12.731762596749,61.8881147827951,-2.20018513937066));
#4418=CARTESIAN_POINT('Ctrl Pts',(12.7325536895215,61.888113663724,-2.26634007871155));
#4419=CARTESIAN_POINT('Ctrl Pts',(12.7325849914214,61.8881142269872,-2.30000000000001));
#4420=CARTESIAN_POINT('Origin',(14.7340465807894,61.88831727985,-2.3));
#4421=CARTESIAN_POINT('Origin',(14.7340465807894,61.88831727985,-2.));
#4422=CARTESIAN_POINT('Origin',(12.1555879833576,45.5613708167292,-2.));
#4423=CARTESIAN_POINT('',(-14.7592893029874,38.2782709562896,-2.));
#4424=CARTESIAN_POINT('',(43.8482981945165,24.4196232036174,-2.));
#4425=CARTESIAN_POINT('Origin',(4.93026215914201,-9.30924382668847,-2.));
#4426=CARTESIAN_POINT('',(-15.5747603096843,47.7767604487725,-2.));
#4427=CARTESIAN_POINT('Origin',(-16.6709381714832,42.8984006736737,-2.));
#4428=CARTESIAN_POINT('',(9.90475562140474,63.183673921708,-2.));
#4429=CARTESIAN_POINT('Origin',(-10.8611955039493,68.7537074816974,-2.));
#4430=CARTESIAN_POINT('',(19.647049197051,62.8169750707538,-2.));
#4431=CARTESIAN_POINT('Origin',(14.7340465807894,61.88831727985,-2.));
#4432=CARTESIAN_POINT('',(45.9331166580531,26.9851052257221,-1.99999999999999));
#4433=CARTESIAN_POINT('Origin',(70.2509761284032,72.382150402465,-2.));
#4434=CARTESIAN_POINT('Origin',(42.6071141381984,27.5581080511868,-2.));
#4435=CARTESIAN_POINT('',(-18.9709381714832,42.8984006736737,-2.));
#4436=CARTESIAN_POINT('Origin',(-16.6709381714832,42.8984006736737,-2.));
#4437=CARTESIAN_POINT('',(24.1082720261838,45.3063150850638,-2.));
#4438=CARTESIAN_POINT('',(21.1921687239847,41.6593778426908,-2.));
#4439=CARTESIAN_POINT('Origin',(21.9520708999119,44.0410891356525,-2.));
#4440=CARTESIAN_POINT('',(21.1705561790904,51.0898424580664,-2.));
#4441=CARTESIAN_POINT('Origin',(70.2509761284032,72.3821504024649,-2.));
#4442=CARTESIAN_POINT('',(18.0484722052503,52.4535632936605,-2.));
#4443=CARTESIAN_POINT('Origin',(18.8770786113655,50.0948747971132,-2.));
#4444=CARTESIAN_POINT('',(9.58290415050476,53.3171019831186,-2.));
#4445=CARTESIAN_POINT('Origin',(14.7340465807894,61.88831727985,-2.));
#4446=CARTESIAN_POINT('',(6.45316526919485,52.8646259784321,-2.));
#4447=CARTESIAN_POINT('Origin',(8.2951185429336,51.1742981589358,-2.));
#4448=CARTESIAN_POINT('',(1.51484906309226,48.7766325988573,-2.));
#4449=CARTESIAN_POINT('Origin',(-10.8611955039493,68.7537074816974,-2.));
#4450=CARTESIAN_POINT('',(2.92514654047427,44.1531683089024,-2.));
#4451=CARTESIAN_POINT('Origin',(2.83144954894774,46.6514118666402,-2.));
#4452=CARTESIAN_POINT('Origin',(4.93026215914202,-9.30924382668848,-2.));
#4453=CARTESIAN_POINT('Origin',(14.7340465807894,61.88831727985,0.));
#4454=CARTESIAN_POINT('Ctrl Pts',(-18.972613908376,42.8982408174842,-2.00000000000001));
#4455=CARTESIAN_POINT('Ctrl Pts',(-18.9726427460258,42.2117973233347,-2.00000000000001));
#4456=CARTESIAN_POINT('Ctrl Pts',(-18.3123204527963,40.8368218677212,-2.));
#4457=CARTESIAN_POINT('Ctrl Pts',(-16.0862516044083,40.3343382014238,-2.));
#4458=CARTESIAN_POINT('Ctrl Pts',(-14.2957121716039,41.7546638320651,-2.));
#4459=CARTESIAN_POINT('Ctrl Pts',(-14.3014115038461,44.0396240400761,-2.));
#4460=CARTESIAN_POINT('Ctrl Pts',(-16.0840735927621,45.4684510392544,-2.));
#4461=CARTESIAN_POINT('Ctrl Pts',(-18.3121474268972,44.9554828326182,-2.));
#4462=CARTESIAN_POINT('Ctrl Pts',(-18.9725850707261,43.5846843116337,-2.00000000000001));
#4463=CARTESIAN_POINT('Ctrl Pts',(-18.972613908376,42.8982408174842,-2.00000000000001));
#4464=CARTESIAN_POINT('Ctrl Pts',(-18.9277159841221,42.8982437258876,-2.00000000000001));
#4465=CARTESIAN_POINT('Ctrl Pts',(-18.927744935361,42.2251892378117,-2.00000000000001));
#4466=CARTESIAN_POINT('Ctrl Pts',(-18.2803128984358,40.8770267459531,-2.));
#4467=CARTESIAN_POINT('Ctrl Pts',(-16.0976582215122,40.3843611877177,-2.));
#4468=CARTESIAN_POINT('Ctrl Pts',(-14.3420326201318,41.7769680587518,-2.));
#4469=CARTESIAN_POINT('Ctrl Pts',(-14.3476401229543,44.017360621696,-2.));
#4470=CARTESIAN_POINT('Ctrl Pts',(-16.0955158566905,45.4183283577103,-2.));
#4471=CARTESIAN_POINT('Ctrl Pts',(-18.2801391910025,44.9153536744083,-2.));
#4472=CARTESIAN_POINT('Ctrl Pts',(-18.9276870328832,43.5712982139635,-2.00000000000001));
#4473=CARTESIAN_POINT('Ctrl Pts',(-18.9277159841221,42.8982437258876,-2.00000000000001));
#4474=CARTESIAN_POINT('Ctrl Pts',(-18.8387939141448,42.8982502171956,-2.00320186344262));
#4475=CARTESIAN_POINT('Ctrl Pts',(-18.83882073483,42.2517173155662,-2.00320186344262));
#4476=CARTESIAN_POINT('Ctrl Pts',(-18.2168849113557,40.9566873821783,-2.00320186344261));
#4477=CARTESIAN_POINT('Ctrl Pts',(-16.1202447429484,40.4834100109429,-2.00320186344261));
#4478=CARTESIAN_POINT('Ctrl Pts',(-14.4338145338905,41.8211641038841,-2.00320186344261));
#4479=CARTESIAN_POINT('Ctrl Pts',(-14.4391727676751,43.9732740405963,-2.00320186344261));
#4480=CARTESIAN_POINT('Ctrl Pts',(-16.1181968039074,45.3190224802956,-2.00320186344261));
#4481=CARTESIAN_POINT('Ctrl Pts',(-18.2167239872443,44.8358847919544,-2.0032018634426));
#4482=CARTESIAN_POINT('Ctrl Pts',(-18.8387670934596,43.5447831188249,-2.00320186344262));
#4483=CARTESIAN_POINT('Ctrl Pts',(-18.8387939141448,42.8982502171956,-2.00320186344262));
#4484=CARTESIAN_POINT('Ctrl Pts',(-18.7239485413037,42.8982577651455,-2.09076921643727));
#4485=CARTESIAN_POINT('Ctrl Pts',(-18.7239753030258,42.2859735069786,-2.09076921643727));
#4486=CARTESIAN_POINT('Ctrl Pts',(-18.135006784036,41.0595332557353,-2.09076921643726));
#4487=CARTESIAN_POINT('Ctrl Pts',(-16.1494212750016,40.6113613847696,-2.09076921643726));
#4488=CARTESIAN_POINT('Ctrl Pts',(-14.5523049155548,41.8782197829558,-2.09076921643726));
#4489=CARTESIAN_POINT('Ctrl Pts',(-14.5574182563841,43.9163269958508,-2.09076921643726));
#4490=CARTESIAN_POINT('Ctrl Pts',(-16.1474680530551,45.190807249733,-2.09076921643726));
#4491=CARTESIAN_POINT('Ctrl Pts',(-18.1348462137032,44.7332388047368,-2.09076921643725));
#4492=CARTESIAN_POINT('Ctrl Pts',(-18.7239217795815,43.5105420233124,-2.09076921643727));
#4493=CARTESIAN_POINT('Ctrl Pts',(-18.7239485413037,42.8982577651455,-2.09076921643727));
#4494=CARTESIAN_POINT('Ctrl Pts',(-18.673224019242,42.8982620298805,-2.20018144688847));
#4495=CARTESIAN_POINT('Ctrl Pts',(-18.6732477554165,42.3011098751597,-2.20018144688847));
#4496=CARTESIAN_POINT('Ctrl Pts',(-18.0987975484057,41.105000314507,-2.20018144688846));
#4497=CARTESIAN_POINT('Ctrl Pts',(-16.1623018536926,40.6678444318073,-2.20018144688846));
#4498=CARTESIAN_POINT('Ctrl Pts',(-14.6046934462414,41.9034475325319,-2.20018144688846));
#4499=CARTESIAN_POINT('Ctrl Pts',(-14.6096128002473,43.891183699557,-2.20018144688846));
#4500=CARTESIAN_POINT('Ctrl Pts',(-16.1604208057837,45.134131764114,-2.20018144688846));
#4501=CARTESIAN_POINT('Ctrl Pts',(-18.0986551313589,44.6879132428319,-2.20018144688845));
#4502=CARTESIAN_POINT('Ctrl Pts',(-18.6732002830676,43.4954141846014,-2.20018144688847));
#4503=CARTESIAN_POINT('Ctrl Pts',(-18.673224019242,42.8982620298805,-2.20018144688847));
#4504=CARTESIAN_POINT('Ctrl Pts',(-18.6724210300831,42.898261298916,-2.26634007871155));
#4505=CARTESIAN_POINT('Ctrl Pts',(-18.6724472909538,42.3013441657727,-2.26634007871155));
#4506=CARTESIAN_POINT('Ctrl Pts',(-18.0982634319423,41.1056836801054,-2.26634007871154));
#4507=CARTESIAN_POINT('Ctrl Pts',(-16.162510917124,40.6687643879705,-2.26634007871154));
#4508=CARTESIAN_POINT('Ctrl Pts',(-14.6054763830329,41.9038232370304,-2.26634007871154));
#4509=CARTESIAN_POINT('Ctrl Pts',(-14.6104662744169,43.8907780509403,-2.26634007871154));
#4510=CARTESIAN_POINT('Ctrl Pts',(-16.1606049902385,45.1332738582131,-2.26634007871154));
#4511=CARTESIAN_POINT('Ctrl Pts',(-18.0981058667183,44.6871864789649,-2.26634007871153));
#4512=CARTESIAN_POINT('Ctrl Pts',(-18.6723947692124,43.4951784320592,-2.26634007871155));
#4513=CARTESIAN_POINT('Ctrl Pts',(-18.6724210300831,42.898261298916,-2.26634007871155));
#4514=CARTESIAN_POINT('Ctrl Pts',(-18.6723953339987,42.8982616682916,-2.30000000000001));
#4515=CARTESIAN_POINT('Ctrl Pts',(-18.6724204102159,42.3013542820746,-2.30000000000001));
#4516=CARTESIAN_POINT('Ctrl Pts',(-18.0982271117554,41.1057234511063,-2.3));
#4517=CARTESIAN_POINT('Ctrl Pts',(-16.1625150696789,40.6687811325869,-2.3));
#4518=CARTESIAN_POINT('Ctrl Pts',(-14.6055242585447,41.9038468983619,-2.3));
#4519=CARTESIAN_POINT('Ctrl Pts',(-14.6104801996249,43.8907688183715,-2.3));
#4520=CARTESIAN_POINT('Ctrl Pts',(-16.1606211465083,45.1332270785265,-2.3));
#4521=CARTESIAN_POINT('Ctrl Pts',(-18.0980766544519,44.6871677684081,-2.29999999999999));
#4522=CARTESIAN_POINT('Ctrl Pts',(-18.6723702577814,43.4951690545085,-2.30000000000001));
#4523=CARTESIAN_POINT('Ctrl Pts',(-18.6723953339987,42.8982616682916,-2.30000000000001));
#4524=CARTESIAN_POINT('',(-18.6709381714832,42.8984006736737,-2.3));
#4525=CARTESIAN_POINT('Ctrl Pts',(-18.9709381848839,42.8982409262032,-2.00000076959285));
#4526=CARTESIAN_POINT('Ctrl Pts',(-18.9266097796061,42.898243806617,-2.00004218015951));
#4527=CARTESIAN_POINT('Ctrl Pts',(-18.8382742907577,42.8982502513466,-2.00359806612312));
#4528=CARTESIAN_POINT('Ctrl Pts',(-18.7239485413037,42.8982577651455,-2.09076921643727));
#4529=CARTESIAN_POINT('Ctrl Pts',(-18.673224019242,42.8982620298805,-2.20018144688847));
#4530=CARTESIAN_POINT('Ctrl Pts',(-18.6724210300831,42.898261298916,-2.26634007871155));
#4531=CARTESIAN_POINT('Ctrl Pts',(-18.6723953339987,42.8982616682916,-2.30000000000001));
#4532=CARTESIAN_POINT('Origin',(-16.6709381714832,42.8984006736737,-2.3));
#4533=CARTESIAN_POINT('Origin',(-16.6709381714832,42.8984006736737,0.));
#4534=CARTESIAN_POINT('Ctrl Pts',(21.1705561790904,51.0898424580664,2.));
#4535=CARTESIAN_POINT('Ctrl Pts',(20.9574473424662,51.581074842256,2.));
#4536=CARTESIAN_POINT('Ctrl Pts',(20.0789782559707,52.5639437900988,2.));
#4537=CARTESIAN_POINT('Ctrl Pts',(18.7220718020808,52.690198585649,2.));
#4538=CARTESIAN_POINT('Ctrl Pts',(18.0484722052503,52.4535632936605,2.));
#4539=CARTESIAN_POINT('Ctrl Pts',(21.0676251465484,51.0451884138634,2.));
#4540=CARTESIAN_POINT('Ctrl Pts',(20.8640734477787,51.5143908546274,2.));
#4541=CARTESIAN_POINT('Ctrl Pts',(20.0250349345829,52.4531530268247,2.));
#4542=CARTESIAN_POINT('Ctrl Pts',(18.7290511367214,52.5737286816837,2.));
#4543=CARTESIAN_POINT('Ctrl Pts',(18.0856599737955,52.3477056014768,2.));
#4544=CARTESIAN_POINT('Ctrl Pts',(20.8638851596333,50.9568009357924,1.99873253908304));
#4545=CARTESIAN_POINT('Ctrl Pts',(20.6792684501477,51.3823567588097,1.99873253908304));
#4546=CARTESIAN_POINT('Ctrl Pts',(19.9182658435379,52.2338041054339,1.99873253908304));
#4547=CARTESIAN_POINT('Ctrl Pts',(18.7428098170737,52.3431703684226,1.99873253908304));
#4548=CARTESIAN_POINT('Ctrl Pts',(18.1592688290621,52.138172632772,1.99873253908304));
#4549=CARTESIAN_POINT('Ctrl Pts',(20.5607227597303,50.8252815400218,1.92509078020391));
#4550=CARTESIAN_POINT('Ctrl Pts',(20.4042798382046,51.1858945983446,1.92509078020391));
#4551=CARTESIAN_POINT('Ctrl Pts',(19.7593944765728,51.9074193737053,1.92509078020391));
#4552=CARTESIAN_POINT('Ctrl Pts',(18.7632864234095,52.0001040147543,1.92509078020391));
#4553=CARTESIAN_POINT('Ctrl Pts',(18.2687978299941,51.8263903527533,1.92509078020391));
#4554=CARTESIAN_POINT('Ctrl Pts',(20.2713899808643,50.6997617781212,1.74856587446685));
#4555=CARTESIAN_POINT('Ctrl Pts',(20.1418312822079,50.9984046192237,1.74856587446685));
#4556=CARTESIAN_POINT('Ctrl Pts',(19.6077691553243,51.5959362041864,1.74856587446685));
#4557=CARTESIAN_POINT('Ctrl Pts',(18.7828426394302,51.6726924311159,1.74856587446685));
#4558=CARTESIAN_POINT('Ctrl Pts',(18.3733303518906,51.5288309142879,1.74856587446685));
#4559=CARTESIAN_POINT('Ctrl Pts',(20.0249570721237,50.5928530477974,1.48010011930148));
#4560=CARTESIAN_POINT('Ctrl Pts',(19.9182893942287,50.8387303120083,1.48010011930148));
#4561=CARTESIAN_POINT('Ctrl Pts',(19.4786234309692,51.3306575912841,1.48010011930148));
#4562=CARTESIAN_POINT('Ctrl Pts',(18.7995214485429,51.393834535986,1.48010011930148));
#4563=CARTESIAN_POINT('Ctrl Pts',(18.4623636564817,51.2753911269549,1.48010011930148));
#4564=CARTESIAN_POINT('Ctrl Pts',(19.8634254566319,50.5227766119527,1.16484189864753));
#4565=CARTESIAN_POINT('Ctrl Pts',(19.7717902146097,50.7340029464744,1.16484189864753));
#4566=CARTESIAN_POINT('Ctrl Pts',(19.3939796299374,51.1566921765378,1.16484189864753));
#4567=CARTESIAN_POINT('Ctrl Pts',(18.8103660277093,51.211018095014,1.16484189864753));
#4568=CARTESIAN_POINT('Ctrl Pts',(18.5207231247714,51.1092666491527,1.16484189864753));
#4569=CARTESIAN_POINT('Ctrl Pts',(19.7953961079578,50.4932637870274,0.834186844811625));
#4570=CARTESIAN_POINT('Ctrl Pts',(19.7100561554399,50.6899789913618,0.834186844811625));
#4571=CARTESIAN_POINT('Ctrl Pts',(19.3583208266204,51.0835297796631,0.834186844811625));
#4572=CARTESIAN_POINT('Ctrl Pts',(18.8150459250873,51.1340641865886,0.834186844811625));
#4573=CARTESIAN_POINT('Ctrl Pts',(18.5453013264109,51.0393030077362,0.834186844811625));
#4574=CARTESIAN_POINT('Ctrl Pts',(19.7944696384554,50.4928618614944,0.612199737628207));
#4575=CARTESIAN_POINT('Ctrl Pts',(19.7092401156128,50.6893225168691,0.612199737628207));
#4576=CARTESIAN_POINT('Ctrl Pts',(19.3578427552152,51.0824617261554,0.612199737628207));
#4577=CARTESIAN_POINT('Ctrl Pts',(18.8150315987909,51.1329887538669,0.612199737628207));
#4578=CARTESIAN_POINT('Ctrl Pts',(18.5456360489194,51.0383501957321,0.612199737628207));
#4579=CARTESIAN_POINT('Ctrl Pts',(19.7944696384554,50.4928618614944,0.5));
#4580=CARTESIAN_POINT('Ctrl Pts',(19.7092261038058,50.6893548151703,0.5));
#4581=CARTESIAN_POINT('Ctrl Pts',(19.3578384692076,51.0825023943074,0.5));
#4582=CARTESIAN_POINT('Ctrl Pts',(18.8150758876516,51.1330043125275,0.5));
#4583=CARTESIAN_POINT('Ctrl Pts',(18.5456360489194,51.0383501957321,0.5));
#4584=CARTESIAN_POINT('',(19.7944696384554,50.4928618614944,0.5));
#4585=CARTESIAN_POINT('Ctrl Pts',(19.7944696384554,50.4928618614944,0.5));
#4586=CARTESIAN_POINT('Ctrl Pts',(19.7944696384554,50.4928618614944,0.612199737628207));
#4587=CARTESIAN_POINT('Ctrl Pts',(19.7953961079578,50.4932637870274,0.834186844811625));
#4588=CARTESIAN_POINT('Ctrl Pts',(19.8634254566319,50.5227766119527,1.16484189864753));
#4589=CARTESIAN_POINT('Ctrl Pts',(20.0249570721237,50.5928530477974,1.48010011930148));
#4590=CARTESIAN_POINT('Ctrl Pts',(20.2713899808643,50.6997617781212,1.74856587446685));
#4591=CARTESIAN_POINT('Ctrl Pts',(20.5607227597303,50.8252815400218,1.92509078020391));
#4592=CARTESIAN_POINT('Ctrl Pts',(20.8638851596333,50.9568009357924,1.99873253908304));
#4593=CARTESIAN_POINT('Ctrl Pts',(21.0676251465484,51.0451884138634,2.));
#4594=CARTESIAN_POINT('Ctrl Pts',(21.1705561790904,51.0898424580664,2.));
#4595=CARTESIAN_POINT('',(18.5456360489194,51.0383501957321,0.5));
#4596=CARTESIAN_POINT('Ctrl Pts',(18.0484722052503,52.4535632936605,2.));
#4597=CARTESIAN_POINT('Ctrl Pts',(18.0856599737955,52.3477056014768,2.));
#4598=CARTESIAN_POINT('Ctrl Pts',(18.1592688290621,52.138172632772,1.99873253908304));
#4599=CARTESIAN_POINT('Ctrl Pts',(18.2687978299941,51.8263903527533,1.92509078020391));
#4600=CARTESIAN_POINT('Ctrl Pts',(18.3733303518906,51.5288309142879,1.74856587446685));
#4601=CARTESIAN_POINT('Ctrl Pts',(18.4623636564817,51.2753911269549,1.48010011930148));
#4602=CARTESIAN_POINT('Ctrl Pts',(18.5207231247714,51.1092666491527,1.16484189864753));
#4603=CARTESIAN_POINT('Ctrl Pts',(18.5453013264109,51.0393030077362,0.834186844811625));
#4604=CARTESIAN_POINT('Ctrl Pts',(18.5456360489194,51.0383501957321,0.612199737628207));
#4605=CARTESIAN_POINT('Ctrl Pts',(18.5456360489194,51.0383501957321,0.5));
#4606=CARTESIAN_POINT('Origin',(18.8770786113655,50.0948747971132,0.5));
#4607=CARTESIAN_POINT('Ctrl Pts',(8.81023278596206,52.0314196886089,0.5));
#4608=CARTESIAN_POINT('Ctrl Pts',(10.0479395965582,51.287580705735,0.5));
#4609=CARTESIAN_POINT('Ctrl Pts',(13.266785946789,50.1009412160053,0.5));
#4610=CARTESIAN_POINT('Ctrl Pts',(16.7290971862669,50.4002007577057,0.5));
#4611=CARTESIAN_POINT('Ctrl Pts',(18.5456360489194,51.0383501957321,0.5));
#4612=CARTESIAN_POINT('Ctrl Pts',(8.81023278596206,52.0314196886089,0.612199737628207));
#4613=CARTESIAN_POINT('Ctrl Pts',(10.0479565740021,51.2875705026041,0.612199737628207));
#4614=CARTESIAN_POINT('Ctrl Pts',(13.2667985488961,50.1009249597066,0.612199737628207));
#4615=CARTESIAN_POINT('Ctrl Pts',(16.7290722690682,50.4001920043029,0.612199737628207));
#4616=CARTESIAN_POINT('Ctrl Pts',(18.5456360489194,51.0383501957321,0.612199737628207));
#4617=CARTESIAN_POINT('Ctrl Pts',(8.81088552353273,52.0325058077225,0.834285944886361));
#4618=CARTESIAN_POINT('Ctrl Pts',(10.0484704908821,51.2887400503944,0.834285944886361));
#4619=CARTESIAN_POINT('Ctrl Pts',(13.2669584138099,50.1022261315316,0.834285944886361));
#4620=CARTESIAN_POINT('Ctrl Pts',(16.7288560170893,50.4014591230719,0.834285944886361));
#4621=CARTESIAN_POINT('Ctrl Pts',(18.5452160546832,51.0395457399206,0.834285944886361));
#4622=CARTESIAN_POINT('Ctrl Pts',(8.84881951546375,52.0956258662932,1.16474752129314));
#4623=CARTESIAN_POINT('Ctrl Pts',(10.0784577403571,51.3566359547268,1.16474752129314));
#4624=CARTESIAN_POINT('Ctrl Pts',(13.2763387072698,50.1777283071808,1.16474752129314));
#4625=CARTESIAN_POINT('Ctrl Pts',(16.7161111119221,50.4750357068053,1.16474752129314));
#4626=CARTESIAN_POINT('Ctrl Pts',(18.5208079944139,51.1090250615327,1.16474752129314));
#4627=CARTESIAN_POINT('Ctrl Pts',(8.93974994513109,52.2469290578184,1.48013405570041));
#4628=CARTESIAN_POINT('Ctrl Pts',(10.1504065837005,51.5193467298119,1.48013405570041));
#4629=CARTESIAN_POINT('Ctrl Pts',(13.2988738899762,50.3586478470993,1.48013405570042));
#4630=CARTESIAN_POINT('Ctrl Pts',(16.6854618940091,50.6513692151643,1.48013405570041));
#4631=CARTESIAN_POINT('Ctrl Pts',(18.4623001681964,51.2755718509839,1.48013405570041));
#4632=CARTESIAN_POINT('Ctrl Pts',(9.07804055039803,52.477036954717,1.74875776723101));
#4633=CARTESIAN_POINT('Ctrl Pts',(10.2597949092768,51.7668243641506,1.74875776723101));
#4634=CARTESIAN_POINT('Ctrl Pts',(13.3331208072457,50.6338303335699,1.74875776723101));
#4635=CARTESIAN_POINT('Ctrl Pts',(16.6388997323987,50.9195619112779,1.74875776723101));
#4636=CARTESIAN_POINT('Ctrl Pts',(18.3733191446813,51.5288628164257,1.74875776723101));
#4637=CARTESIAN_POINT('Ctrl Pts',(9.24043460424062,52.7472516531518,1.92483505945183));
#4638=CARTESIAN_POINT('Ctrl Pts',(10.3882482772996,52.0574367892538,1.92483505945183));
#4639=CARTESIAN_POINT('Ctrl Pts',(13.3733361705628,50.9569767539503,1.92483505945183));
#4640=CARTESIAN_POINT('Ctrl Pts',(16.5842232588846,51.2344998690963,1.92483505945183));
#4641=CARTESIAN_POINT('Ctrl Pts',(18.2688291173523,51.8263012910089,1.92483505945183));
#4642=CARTESIAN_POINT('Ctrl Pts',(9.41075973063858,53.030663216423,1.99899021803558));
#4643=CARTESIAN_POINT('Ctrl Pts',(10.5229998433655,52.3622274066824,1.99899021803558));
#4644=CARTESIAN_POINT('Ctrl Pts',(13.4155339505083,51.2958814569831,1.99899021803558));
#4645=CARTESIAN_POINT('Ctrl Pts',(16.5268401678814,51.5648061525716,1.99899021803558));
#4646=CARTESIAN_POINT('Ctrl Pts',(18.1592359598997,52.138266197237,1.99899021803558));
#4647=CARTESIAN_POINT('Ctrl Pts',(9.52510846758841,53.2209331723738,1.99999999999999));
#4648=CARTESIAN_POINT('Ctrl Pts',(10.6134418104665,52.5668648907229,1.99999999999999));
#4649=CARTESIAN_POINT('Ctrl Pts',(13.4438456617019,51.523430274658,1.99999999999999));
#4650=CARTESIAN_POINT('Ctrl Pts',(16.4883513091479,51.7865716518231,1.99999999999999));
#4651=CARTESIAN_POINT('Ctrl Pts',(18.0856599737955,52.3477056014768,1.99999999999999));
#4652=CARTESIAN_POINT('Ctrl Pts',(9.58290415050476,53.3171019831186,1.99999999999999));
#4653=CARTESIAN_POINT('Ctrl Pts',(10.6591709423275,52.6702854762717,1.99999999999999));
#4654=CARTESIAN_POINT('Ctrl Pts',(13.4581677686152,51.6384250504198,1.99999999999999));
#4655=CARTESIAN_POINT('Ctrl Pts',(16.4688731942481,51.8986507388549,1.99999999999999));
#4656=CARTESIAN_POINT('Ctrl Pts',(18.0484722052503,52.4535632936605,1.99999999999999));
#4657=CARTESIAN_POINT('',(8.81023278596206,52.0314196886089,0.5));
#4658=CARTESIAN_POINT('Ctrl Pts',(9.58290415050476,53.3171019831186,1.99999999999999));
#4659=CARTESIAN_POINT('Ctrl Pts',(9.52510846758841,53.2209331723738,1.99999999999999));
#4660=CARTESIAN_POINT('Ctrl Pts',(9.41075973063858,53.030663216423,1.99899021803558));
#4661=CARTESIAN_POINT('Ctrl Pts',(9.24043460424062,52.7472516531518,1.92483505945183));
#4662=CARTESIAN_POINT('Ctrl Pts',(9.07804055039803,52.477036954717,1.74875776723101));
#4663=CARTESIAN_POINT('Ctrl Pts',(8.93974994513109,52.2469290578184,1.48013405570041));
#4664=CARTESIAN_POINT('Ctrl Pts',(8.84881951546375,52.0956258662932,1.16474752129314));
#4665=CARTESIAN_POINT('Ctrl Pts',(8.81088552353273,52.0325058077225,0.834285944886361));
#4666=CARTESIAN_POINT('Ctrl Pts',(8.81023278596206,52.0314196886089,0.612199737628207));
#4667=CARTESIAN_POINT('Ctrl Pts',(8.81023278596206,52.0314196886089,0.5));
#4668=CARTESIAN_POINT('Origin',(14.7340465807894,61.88831727985,0.5));
#4669=CARTESIAN_POINT('Ctrl Pts',(9.58290415050476,53.3171019831186,2.));
#4670=CARTESIAN_POINT('Ctrl Pts',(9.16369874288055,53.5690367073626,2.));
#4671=CARTESIAN_POINT('Ctrl Pts',(8.00730625914709,53.8628368351388,2.));
#4672=CARTESIAN_POINT('Ctrl Pts',(6.89407952343413,53.3450910365509,2.));
#4673=CARTESIAN_POINT('Ctrl Pts',(6.45316526919486,52.8646259784321,2.));
#4674=CARTESIAN_POINT('Ctrl Pts',(9.52510846758841,53.2209331723738,2.));
#4675=CARTESIAN_POINT('Ctrl Pts',(9.12470286166882,53.4615695622639,2.));
#4676=CARTESIAN_POINT('Ctrl Pts',(8.02021130274743,53.7421894555591,2.));
#4677=CARTESIAN_POINT('Ctrl Pts',(6.95697283040213,53.2476822324684,2.));
#4678=CARTESIAN_POINT('Ctrl Pts',(6.53583193880962,52.7887642432908,2.));
#4679=CARTESIAN_POINT('Ctrl Pts',(9.41070892618592,53.0305786806317,1.9987340784163));
#4680=CARTESIAN_POINT('Ctrl Pts',(9.04755025017741,53.2488303520868,1.9987340784163));
#4681=CARTESIAN_POINT('Ctrl Pts',(8.04578493044325,53.503347948539,1.99873407841631));
#4682=CARTESIAN_POINT('Ctrl Pts',(7.0814256837772,53.0548332055955,1.9987340784163));
#4683=CARTESIAN_POINT('Ctrl Pts',(6.69946058053513,52.6386051436446,1.9987340784163));
#4684=CARTESIAN_POINT('Ctrl Pts',(9.24048325514923,52.7473326055653,1.92509155881152));
#4685=CARTESIAN_POINT('Ctrl Pts',(8.93274510722933,52.9322775610107,1.92509155881152));
#4686=CARTESIAN_POINT('Ctrl Pts',(8.08383607242053,53.1479561556263,1.92509155881152));
#4687=CARTESIAN_POINT('Ctrl Pts',(7.26661337271292,52.767878292737,1.92509155881152));
#4688=CARTESIAN_POINT('Ctrl Pts',(6.94293878855127,52.4151695145662,1.92509155881152));
#4689=CARTESIAN_POINT('Ctrl Pts',(9.07802316634722,52.4770080286207,1.74856730187729));
#4690=CARTESIAN_POINT('Ctrl Pts',(8.82316884898583,52.630170776522,1.74856730187729));
#4691=CARTESIAN_POINT('Ctrl Pts',(8.12014418672949,52.8087854671239,1.74856730187729));
#4692=CARTESIAN_POINT('Ctrl Pts',(7.44336180944557,52.4940237573005,1.74856730187729));
#4693=CARTESIAN_POINT('Ctrl Pts',(7.17530968217008,52.2019268707244,1.74856730187729));
#4694=CARTESIAN_POINT('Ctrl Pts',(8.93965108765634,52.2467645644635,1.48010081596456));
#4695=CARTESIAN_POINT('Ctrl Pts',(8.72982559144211,52.3728658207132,1.48010081596456));
#4696=CARTESIAN_POINT('Ctrl Pts',(8.15105710151806,52.5199174962984,1.48010081596456));
#4697=CARTESIAN_POINT('Ctrl Pts',(7.59391832493313,52.2607896616507,1.48010081596456));
#4698=CARTESIAN_POINT('Ctrl Pts',(7.37322686795026,52.0203017829167,1.48010081596456));
#4699=CARTESIAN_POINT('Ctrl Pts',(8.84895089322381,52.0958444715991,1.16484203715714));
#4700=CARTESIAN_POINT('Ctrl Pts',(8.66869563214162,52.2041745614985,1.16484203715714));
#4701=CARTESIAN_POINT('Ctrl Pts',(8.17136628158881,52.3305160015569,1.16484203715714));
#4702=CARTESIAN_POINT('Ctrl Pts',(7.69254762328943,52.1078465489868,1.16484203715714));
#4703=CARTESIAN_POINT('Ctrl Pts',(7.50295771684431,51.9012500859714,1.16484203715714));
#4704=CARTESIAN_POINT('Ctrl Pts',(8.81075268802926,52.0322847768124,0.834187002171846));
#4705=CARTESIAN_POINT('Ctrl Pts',(8.64288086183658,52.1331726505636,0.834187002171846));
#4706=CARTESIAN_POINT('Ctrl Pts',(8.1798601298141,52.250819261614,0.834187002171846));
#4707=CARTESIAN_POINT('Ctrl Pts',(7.73415879065693,52.0435151046797,0.834187002171846));
#4708=CARTESIAN_POINT('Ctrl Pts',(7.55759360397909,51.8511117022874,0.834187002171846));
#4709=CARTESIAN_POINT('Ctrl Pts',(8.81023278596206,52.0314196886089,0.612199737628207));
#4710=CARTESIAN_POINT('Ctrl Pts',(8.6425781854733,52.1321770137154,0.612199737628207));
#4711=CARTESIAN_POINT('Ctrl Pts',(8.18001698414739,52.2496863385995,0.612199737628207));
#4712=CARTESIAN_POINT('Ctrl Pts',(7.7346739452263,52.0425837196273,0.612199737628207));
#4713=CARTESIAN_POINT('Ctrl Pts',(7.5583372334381,51.8504292867343,0.612199737628207));
#4714=CARTESIAN_POINT('Ctrl Pts',(8.81023278596206,52.0314196886089,0.5));
#4715=CARTESIAN_POINT('Ctrl Pts',(8.64255062291238,52.1321935783065,0.5));
#4716=CARTESIAN_POINT('Ctrl Pts',(8.17999362941899,52.249713629417,0.5));
#4717=CARTESIAN_POINT('Ctrl Pts',(7.73470293513381,52.0426153099818,0.5));
#4718=CARTESIAN_POINT('Ctrl Pts',(7.5583372334381,51.8504292867343,0.5));
#4719=CARTESIAN_POINT('',(7.5583372334381,51.8504292867343,0.5));
#4720=CARTESIAN_POINT('Ctrl Pts',(6.45316526919486,52.8646259784321,2.));
#4721=CARTESIAN_POINT('Ctrl Pts',(6.53583193880962,52.7887642432908,2.));
#4722=CARTESIAN_POINT('Ctrl Pts',(6.69946058053513,52.6386051436446,1.9987340784163));
#4723=CARTESIAN_POINT('Ctrl Pts',(6.94293878855127,52.4151695145662,1.92509155881152));
#4724=CARTESIAN_POINT('Ctrl Pts',(7.17530968217008,52.2019268707244,1.74856730187729));
#4725=CARTESIAN_POINT('Ctrl Pts',(7.37322686795026,52.0203017829167,1.48010081596456));
#4726=CARTESIAN_POINT('Ctrl Pts',(7.50295771684431,51.9012500859714,1.16484203715714));
#4727=CARTESIAN_POINT('Ctrl Pts',(7.55759360397909,51.8511117022874,0.834187002171846));
#4728=CARTESIAN_POINT('Ctrl Pts',(7.5583372334381,51.8504292867343,0.612199737628207));
#4729=CARTESIAN_POINT('Ctrl Pts',(7.5583372334381,51.8504292867343,0.5));
#4730=CARTESIAN_POINT('Origin',(8.2951185429336,51.1742981589358,0.5));
#4731=CARTESIAN_POINT('Ctrl Pts',(2.30480935460554,47.5015001595271,0.5));
#4732=CARTESIAN_POINT('Ctrl Pts',(4.24339371736774,48.7024771099175,0.5));
#4733=CARTESIAN_POINT('Ctrl Pts',(6.01645359323896,50.1702359029235,0.5));
#4734=CARTESIAN_POINT('Ctrl Pts',(7.5583372334381,51.8504292867343,0.5));
#4735=CARTESIAN_POINT('Ctrl Pts',(2.30480935460554,47.5015001595271,0.612199737628207));
#4736=CARTESIAN_POINT('Ctrl Pts',(4.2434059493561,48.7024846877853,0.612199737628207));
#4737=CARTESIAN_POINT('Ctrl Pts',(6.01644386433414,50.1702253013184,0.612199737628207));
#4738=CARTESIAN_POINT('Ctrl Pts',(7.5583372334381,51.8504292867343,0.612199737628207));
#4739=CARTESIAN_POINT('Ctrl Pts',(2.30414302853782,47.5025757249615,0.834285260269384));
#4740=CARTESIAN_POINT('Ctrl Pts',(4.24263960510621,48.7034982907209,0.834285260269384));
#4741=CARTESIAN_POINT('Ctrl Pts',(6.01559121042868,50.1711674561559,0.834285260269384));
#4742=CARTESIAN_POINT('Ctrl Pts',(7.55740502849438,51.8512847546619,0.834285260269384));
#4743=CARTESIAN_POINT('Ctrl Pts',(2.26535973649549,47.5651786612337,1.16474745676234));
#4744=CARTESIAN_POINT('Ctrl Pts',(4.19813080679455,48.7625542051606,1.16474745676234));
#4745=CARTESIAN_POINT('Ctrl Pts',(5.96588639657891,50.2259220508272,1.16474745676234));
#4746=CARTESIAN_POINT('Ctrl Pts',(7.50314634295446,51.9010769871387,1.16474745676234));
#4747=CARTESIAN_POINT('Ctrl Pts',(2.17239511691299,47.715239624314,1.48013396717895));
#4748=CARTESIAN_POINT('Ctrl Pts',(4.09149024488713,48.9041427530999,1.48013396717895));
#4749=CARTESIAN_POINT('Ctrl Pts',(5.84670420877286,50.3571285005972,1.48013396717895));
#4750=CARTESIAN_POINT('Ctrl Pts',(7.3730867787803,52.0204303402609,1.48013396717895));
#4751=CARTESIAN_POINT('Ctrl Pts',(2.03100970412604,47.9434601161913,1.74875821610477));
#4752=CARTESIAN_POINT('Ctrl Pts',(3.92928118209734,49.1194627366699,1.74875821610477));
#4753=CARTESIAN_POINT('Ctrl Pts',(5.66546529960662,50.55669536453,1.74875821610477));
#4754=CARTESIAN_POINT('Ctrl Pts',(7.17528545124044,52.2019491070184,1.74875821610477));
#4755=CARTESIAN_POINT('Ctrl Pts',(1.86498162899666,48.2114581240804,1.92483633100637));
#4756=CARTESIAN_POINT('Ctrl Pts',(3.73879936249067,49.3723113479002,1.92483633100637));
#4757=CARTESIAN_POINT('Ctrl Pts',(5.45263801228101,50.7910461476978,1.92483633100637));
#4758=CARTESIAN_POINT('Ctrl Pts',(6.94300849266224,52.415105548341,1.92483633100637));
#4759=CARTESIAN_POINT('Ctrl Pts',(1.69084540348302,48.4925440880212,1.99899096932963));
#4760=CARTESIAN_POINT('Ctrl Pts',(3.53903293141409,49.6375190830127,1.99899096932963));
#4761=CARTESIAN_POINT('Ctrl Pts',(5.22940295965409,51.0368262954462,1.99899096932963));
#4762=CARTESIAN_POINT('Ctrl Pts',(6.699388051908,52.6386717018781,1.99899096932963));
#4763=CARTESIAN_POINT('Ctrl Pts',(1.57393795472191,48.6812529154346,2.));
#4764=CARTESIAN_POINT('Ctrl Pts',(3.40490102100637,49.8155571437482,2.));
#4765=CARTESIAN_POINT('Ctrl Pts',(5.07954659371878,51.2018474760527,2.));
#4766=CARTESIAN_POINT('Ctrl Pts',(6.53583193880961,52.7887642432908,2.));
#4767=CARTESIAN_POINT('Ctrl Pts',(1.51484906309225,48.7766325988573,2.));
#4768=CARTESIAN_POINT('Ctrl Pts',(3.33711836408872,49.9055509322243,2.));
#4769=CARTESIAN_POINT('Ctrl Pts',(5.00379464740766,51.28524419765,2.));
#4770=CARTESIAN_POINT('Ctrl Pts',(6.45316526919485,52.8646259784321,2.));
#4771=CARTESIAN_POINT('',(2.30480935460554,47.5015001595271,0.5));
#4772=CARTESIAN_POINT('Ctrl Pts',(1.51484906309225,48.7766325988573,2.));
#4773=CARTESIAN_POINT('Ctrl Pts',(1.57393795472191,48.6812529154346,2.));
#4774=CARTESIAN_POINT('Ctrl Pts',(1.69084540348302,48.4925440880212,1.99899096932963));
#4775=CARTESIAN_POINT('Ctrl Pts',(1.86498162899666,48.2114581240804,1.92483633100637));
#4776=CARTESIAN_POINT('Ctrl Pts',(2.03100970412604,47.9434601161913,1.74875821610477));
#4777=CARTESIAN_POINT('Ctrl Pts',(2.17239511691299,47.715239624314,1.48013396717895));
#4778=CARTESIAN_POINT('Ctrl Pts',(2.26535973649549,47.5651786612337,1.16474745676234));
#4779=CARTESIAN_POINT('Ctrl Pts',(2.30414302853782,47.5025757249615,0.834285260269384));
#4780=CARTESIAN_POINT('Ctrl Pts',(2.30480935460554,47.5015001595271,0.612199737628207));
#4781=CARTESIAN_POINT('Ctrl Pts',(2.30480935460554,47.5015001595271,0.5));
#4782=CARTESIAN_POINT('Origin',(-10.8611955039493,68.7537074816974,0.5));
#4783=CARTESIAN_POINT('Ctrl Pts',(1.51484906309226,48.7766325988573,2.));
#4784=CARTESIAN_POINT('Ctrl Pts',(0.983657867283456,48.4475530938995,2.));
#4785=CARTESIAN_POINT('Ctrl Pts',(0.181562692336149,47.3720043987674,2.));
#4786=CARTESIAN_POINT('Ctrl Pts',(0.365232929057288,45.7107693737675,2.));
#4787=CARTESIAN_POINT('Ctrl Pts',(1.35754520314298,44.4644809401382,2.));
#4788=CARTESIAN_POINT('Ctrl Pts',(2.30071964554555,44.1297490865043,2.));
#4789=CARTESIAN_POINT('Ctrl Pts',(2.92514654047427,44.1531683089024,2.));
#4790=CARTESIAN_POINT('Ctrl Pts',(1.57393795472192,48.6812529154346,2.));
#4791=CARTESIAN_POINT('Ctrl Pts',(1.06656870626117,48.3669314010125,2.));
#4792=CARTESIAN_POINT('Ctrl Pts',(0.300477304511557,47.3396748246359,2.));
#4793=CARTESIAN_POINT('Ctrl Pts',(0.475885868752425,45.752982746319,2.));
#4794=CARTESIAN_POINT('Ctrl Pts',(1.42369568784987,44.5626101487084,2.));
#4795=CARTESIAN_POINT('Ctrl Pts',(2.32451775570836,44.2429202601159,2.));
#4796=CARTESIAN_POINT('Ctrl Pts',(2.92094142932793,44.2652892175862,2.));
#4797=CARTESIAN_POINT('Ctrl Pts',(1.69089671850697,48.4924612567037,1.99873684636685));
#4798=CARTESIAN_POINT('Ctrl Pts',(1.23072447867214,48.2073788719146,1.99873684636685));
#4799=CARTESIAN_POINT('Ctrl Pts',(0.535883316392777,47.2756563320404,1.99873684636685));
#4800=CARTESIAN_POINT('Ctrl Pts',(0.694985324478002,45.8365450167813,1.99873684636685));
#4801=CARTESIAN_POINT('Ctrl Pts',(1.55462743223356,44.7568941022382,1.99873684636685));
#4802=CARTESIAN_POINT('Ctrl Pts',(2.37167540421825,44.4669298209485,1.99873684636685));
#4803=CARTESIAN_POINT('Ctrl Pts',(2.91261795959125,44.4872179509309,1.99873684636685));
#4804=CARTESIAN_POINT('Ctrl Pts',(1.86493175023825,48.211538637017,1.92509290353802));
#4805=CARTESIAN_POINT('Ctrl Pts',(1.47498497995208,47.9699617977581,1.92509290353802));
#4806=CARTESIAN_POINT('Ctrl Pts',(0.88616566416707,47.1803988663478,1.92509290353802));
#4807=CARTESIAN_POINT('Ctrl Pts',(1.02099947162291,45.9608854038454,1.92509290353802));
#4808=CARTESIAN_POINT('Ctrl Pts',(1.74945469526015,45.0459849727873,1.92509290353802));
#4809=CARTESIAN_POINT('Ctrl Pts',(2.44184163227734,44.8002566275911,1.92509290353802));
#4810=CARTESIAN_POINT('Ctrl Pts',(2.90023260878163,44.8174486484845,1.92509290353802));
#4811=CARTESIAN_POINT('Ctrl Pts',(2.03102694118642,47.9434322925968,1.74856978467001));
#4812=CARTESIAN_POINT('Ctrl Pts',(1.70809129404517,47.7433696715802,1.74856978467001));
#4813=CARTESIAN_POINT('Ctrl Pts',(1.22046031734146,47.0894934521998,1.74856978467001));
#4814=CARTESIAN_POINT('Ctrl Pts',(1.33212215565154,46.0795516138653,1.74856978467001));
#4815=CARTESIAN_POINT('Ctrl Pts',(1.93539459964901,45.3218751271157,1.74856978467001));
#4816=CARTESIAN_POINT('Ctrl Pts',(2.50879437118827,45.1183759072147,1.74856978467001));
#4817=CARTESIAN_POINT('Ctrl Pts',(2.8884123034832,45.1326135335163,1.74856978467001));
#4818=CARTESIAN_POINT('Ctrl Pts',(2.17249557527282,47.715077467159,1.48010198517496));
#4819=CARTESIAN_POINT('Ctrl Pts',(1.90661766859962,47.5503628209119,1.48010198517496));
#4820=CARTESIAN_POINT('Ctrl Pts',(1.50517787131656,47.0120768837901,1.48010198517496));
#4821=CARTESIAN_POINT('Ctrl Pts',(1.59708488887277,46.1806208994617,1.48010198517496));
#4822=CARTESIAN_POINT('Ctrl Pts',(2.09376742261013,45.5568397224617,1.48010198517496));
#4823=CARTESIAN_POINT('Ctrl Pts',(2.56579926040414,45.3893275789277,1.48010198517496));
#4824=CARTESIAN_POINT('Ctrl Pts',(2.87834456801472,45.4010496365903,1.48010198517496));
#4825=CARTESIAN_POINT('Ctrl Pts',(2.26522586366837,47.5653947551139,1.1648421974215));
#4826=CARTESIAN_POINT('Ctrl Pts',(2.03681753223075,47.4238929733999,1.1648421974215));
#4827=CARTESIAN_POINT('Ctrl Pts',(1.69185201592794,46.9612907851663,1.16484219742149));
#4828=CARTESIAN_POINT('Ctrl Pts',(1.77088204429292,46.2468800348326,1.1648421974215));
#4829=CARTESIAN_POINT('Ctrl Pts',(2.19757109743256,45.7109326068206,1.16484219742149));
#4830=CARTESIAN_POINT('Ctrl Pts',(2.60324633775232,45.5669348513502,1.1648421974215));
#4831=CARTESIAN_POINT('Ctrl Pts',(2.87174533830199,45.5770049457977,1.1648421974215));
#4832=CARTESIAN_POINT('Ctrl Pts',(2.30427837913519,47.5023572457047,0.834187225317642));
#4833=CARTESIAN_POINT('Ctrl Pts',(2.09156157139346,47.3705765566794,0.834187225317642));
#4834=CARTESIAN_POINT('Ctrl Pts',(1.7704085383474,46.9399549007565,0.83418722531764));
#4835=CARTESIAN_POINT('Ctrl Pts',(1.84392355872347,46.2747717674813,0.834187225317643));
#4836=CARTESIAN_POINT('Ctrl Pts',(2.24129604487429,45.7757282553046,0.834187225317641));
#4837=CARTESIAN_POINT('Ctrl Pts',(2.6189128624077,45.6417286353231,0.834187225317642));
#4838=CARTESIAN_POINT('Ctrl Pts',(2.86896613287856,45.6511069199551,0.834187225317642));
#4839=CARTESIAN_POINT('Ctrl Pts',(2.30480935460554,47.5015001595271,0.612199737628207));
#4840=CARTESIAN_POINT('Ctrl Pts',(2.09236780185652,47.3698899943686,0.612199737628207));
#4841=CARTESIAN_POINT('Ctrl Pts',(1.77151833774766,46.9396282597126,0.612199737628205));
#4842=CARTESIAN_POINT('Ctrl Pts',(1.84502275395655,46.2751598836956,0.612199737628208));
#4843=CARTESIAN_POINT('Ctrl Pts',(2.24188426609526,45.7766786541272,0.612199737628207));
#4844=CARTESIAN_POINT('Ctrl Pts',(2.61919864336529,45.6427482943889,0.612199737628207));
#4845=CARTESIAN_POINT('Ctrl Pts',(2.86892834555835,45.6521144435451,0.612199737628207));
#4846=CARTESIAN_POINT('Ctrl Pts',(2.30480935460554,47.5015001595271,0.5));
#4847=CARTESIAN_POINT('Ctrl Pts',(2.09233287628202,47.3698683575439,0.5));
#4848=CARTESIAN_POINT('Ctrl Pts',(1.7714948063031,46.9396488794911,0.499999999999998));
#4849=CARTESIAN_POINT('Ctrl Pts',(1.84496290099156,46.2751548694912,0.500000000000001));
#4850=CARTESIAN_POINT('Ctrl Pts',(2.24188781062584,45.7766394960394,0.5));
#4851=CARTESIAN_POINT('Ctrl Pts',(2.61915758758686,45.6427467545859,0.5));
#4852=CARTESIAN_POINT('Ctrl Pts',(2.86892834555835,45.6521144435451,0.5));
#4853=CARTESIAN_POINT('',(2.86892834555835,45.6521144435451,0.5));
#4854=CARTESIAN_POINT('Ctrl Pts',(2.92514654047427,44.1531683089024,2.));
#4855=CARTESIAN_POINT('Ctrl Pts',(2.92094142932793,44.2652892175862,2.));
#4856=CARTESIAN_POINT('Ctrl Pts',(2.91261795959125,44.4872179509309,1.99873684636685));
#4857=CARTESIAN_POINT('Ctrl Pts',(2.90023260878163,44.8174486484845,1.92509290353802));
#4858=CARTESIAN_POINT('Ctrl Pts',(2.8884123034832,45.1326135335163,1.74856978467001));
#4859=CARTESIAN_POINT('Ctrl Pts',(2.87834456801472,45.4010496365903,1.48010198517496));
#4860=CARTESIAN_POINT('Ctrl Pts',(2.87174533830199,45.5770049457977,1.1648421974215));
#4861=CARTESIAN_POINT('Ctrl Pts',(2.86896613287856,45.6511069199551,0.834187225317642));
#4862=CARTESIAN_POINT('Ctrl Pts',(2.86892834555835,45.6521144435451,0.612199737628207));
#4863=CARTESIAN_POINT('Ctrl Pts',(2.86892834555835,45.6521144435451,0.5));
#4864=CARTESIAN_POINT('Origin',(2.83144954894774,46.6514118666402,0.5));
#4865=CARTESIAN_POINT('Ctrl Pts',(21.648110029541,43.0884046184678,0.5));
#4866=CARTESIAN_POINT('Ctrl Pts',(15.5990621584973,45.0183969954104,0.5));
#4867=CARTESIAN_POINT('Ctrl Pts',(9.21394376322945,45.8900851786177,0.5));
#4868=CARTESIAN_POINT('Ctrl Pts',(2.86892834555835,45.6521144435451,0.5));
#4869=CARTESIAN_POINT('Ctrl Pts',(21.648110029541,43.0884046184678,0.612199737628205));
#4870=CARTESIAN_POINT('Ctrl Pts',(15.5990448094075,45.0184025307627,0.612199737628205));
#4871=CARTESIAN_POINT('Ctrl Pts',(9.21396196117472,45.8900858611343,0.612199737628206));
#4872=CARTESIAN_POINT('Ctrl Pts',(2.86892834555835,45.6521144435451,0.612199737628206));
#4873=CARTESIAN_POINT('Ctrl Pts',(21.6477251859276,43.0871984285013,0.83428556590799));
#4874=CARTESIAN_POINT('Ctrl Pts',(15.5988018253488,45.0171510794815,0.83428556590799));
#4875=CARTESIAN_POINT('Ctrl Pts',(9.21386061247292,45.8888150739756,0.834285565907993));
#4876=CARTESIAN_POINT('Ctrl Pts',(2.86897579730929,45.6508492371692,0.834285565907993));
#4877=CARTESIAN_POINT('Ctrl Pts',(21.6253407680973,43.0170404234034,1.16474748668434));
#4878=CARTESIAN_POINT('Ctrl Pts',(15.5845381086986,44.9444021060681,1.16474748668434));
#4879=CARTESIAN_POINT('Ctrl Pts',(9.20810261172833,45.8149049111236,1.16474748668434));
#4880=CARTESIAN_POINT('Ctrl Pts',(2.87173582705285,45.5772585443017,1.16474748668434));
#4881=CARTESIAN_POINT('Ctrl Pts',(21.5716842791654,42.8488684274832,1.48013400955139));
#4882=CARTESIAN_POINT('Ctrl Pts',(15.5502787238397,44.7700413241118,1.48013400955139));
#4883=CARTESIAN_POINT('Ctrl Pts',(9.19437236645937,45.6377415173309,1.4801340095514));
#4884=CARTESIAN_POINT('Ctrl Pts',(2.87835174650678,45.4008582364049,1.4801340095514));
#4885=CARTESIAN_POINT('Ctrl Pts',(21.4900809975957,42.5931046418087,1.74875801976744));
#4886=CARTESIAN_POINT('Ctrl Pts',(15.4982104093447,44.5048541940495,1.74875801976744));
#4887=CARTESIAN_POINT('Ctrl Pts',(9.17345411154292,45.3683018210419,1.74875801976745));
#4888=CARTESIAN_POINT('Ctrl Pts',(2.88841354422758,45.1325804515398,1.74875801976745));
#4889=CARTESIAN_POINT('Ctrl Pts',(21.3942546840449,42.2927625446587,1.92483576822223));
#4890=CARTESIAN_POINT('Ctrl Pts',(15.4370677625812,44.1934460227121,1.92483576822223));
#4891=CARTESIAN_POINT('Ctrl Pts',(9.1488889611189,45.0519001367644,1.92483576822224));
#4892=CARTESIAN_POINT('Ctrl Pts',(2.90022906150497,44.8175432295474,1.92483576822224));
#4893=CARTESIAN_POINT('Ctrl Pts',(21.2937484909891,41.9777526097004,1.99899063759263));
#4894=CARTESIAN_POINT('Ctrl Pts',(15.3729138553792,43.8668376286115,1.99899063759263));
#4895=CARTESIAN_POINT('Ctrl Pts',(9.12315058513778,44.7200473035566,1.99899063759264));
#4896=CARTESIAN_POINT('Ctrl Pts',(2.91262161441168,44.4871205024274,1.99899063759264));
#4897=CARTESIAN_POINT('Ctrl Pts',(21.2262730538895,41.7662687955614,1.99999999999998));
#4898=CARTESIAN_POINT('Ctrl Pts',(15.3298685209535,43.6475592139117,1.99999999999998));
#4899=CARTESIAN_POINT('Ctrl Pts',(9.10584498239734,44.4972549336628,1.99999999999999));
#4900=CARTESIAN_POINT('Ctrl Pts',(2.92094142932793,44.2652892175862,1.99999999999999));
#4901=CARTESIAN_POINT('Ctrl Pts',(21.1921687239847,41.6593778426909,1.99999999999998));
#4902=CARTESIAN_POINT('Ctrl Pts',(15.3080948857876,43.5367340638987,1.99999999999998));
#4903=CARTESIAN_POINT('Ctrl Pts',(9.09711608311797,44.3846489330184,1.99999999999999));
#4904=CARTESIAN_POINT('Ctrl Pts',(2.92514654047427,44.1531683089024,1.99999999999999));
#4905=CARTESIAN_POINT('',(21.648110029541,43.0884046184678,0.5));
#4906=CARTESIAN_POINT('Ctrl Pts',(21.1921687239847,41.6593778426909,1.99999999999998));
#4907=CARTESIAN_POINT('Ctrl Pts',(21.2262730538895,41.7662687955614,1.99999999999998));
#4908=CARTESIAN_POINT('Ctrl Pts',(21.2937484909891,41.9777526097004,1.99899063759263));
#4909=CARTESIAN_POINT('Ctrl Pts',(21.3942546840449,42.2927625446587,1.92483576822223));
#4910=CARTESIAN_POINT('Ctrl Pts',(21.4900809975957,42.5931046418087,1.74875801976744));
#4911=CARTESIAN_POINT('Ctrl Pts',(21.5716842791654,42.8488684274832,1.48013400955139));
#4912=CARTESIAN_POINT('Ctrl Pts',(21.6253407680973,43.0170404234034,1.16474748668434));
#4913=CARTESIAN_POINT('Ctrl Pts',(21.6477251859276,43.0871984285013,0.83428556590799));
#4914=CARTESIAN_POINT('Ctrl Pts',(21.648110029541,43.0884046184678,0.612199737628205));
#4915=CARTESIAN_POINT('Ctrl Pts',(21.648110029541,43.0884046184678,0.5));
#4916=CARTESIAN_POINT('Origin',(4.93026215914202,-9.30924382668848,0.5));
#4917=CARTESIAN_POINT('Ctrl Pts',(21.1921687239847,41.6593778426908,2.));
#4918=CARTESIAN_POINT('Ctrl Pts',(21.6022125717295,41.5285503939368,2.));
#4919=CARTESIAN_POINT('Ctrl Pts',(22.4902732469562,41.4839531033656,2.));
#4920=CARTESIAN_POINT('Ctrl Pts',(23.8176514595071,42.1486656609026,2.));
#4921=CARTESIAN_POINT('Ctrl Pts',(24.6241758916643,43.6145080074895,2.));
#4922=CARTESIAN_POINT('Ctrl Pts',(24.3987063975237,44.8113561262451,2.));
#4923=CARTESIAN_POINT('Ctrl Pts',(24.1082720261838,45.3063150850638,2.));
#4924=CARTESIAN_POINT('Ctrl Pts',(21.2262730538895,41.7662687955614,2.));
#4925=CARTESIAN_POINT('Ctrl Pts',(21.6179279617791,41.6413084707742,2.));
#4926=CARTESIAN_POINT('Ctrl Pts',(22.4661180648494,41.5987019926409,2.));
#4927=CARTESIAN_POINT('Ctrl Pts',(23.7339573767827,42.2335904944553,2.));
#4928=CARTESIAN_POINT('Ctrl Pts',(24.5042701852946,43.6336569417249,2.));
#4929=CARTESIAN_POINT('Ctrl Pts',(24.2889114170867,44.7767699848418,2.));
#4930=CARTESIAN_POINT('Ctrl Pts',(24.0115019459273,45.249531877238,2.));
#4931=CARTESIAN_POINT('Ctrl Pts',(21.2937785532677,41.9778468319184,1.99873299349898));
#4932=CARTESIAN_POINT('Ctrl Pts',(21.6490005474123,41.8645106911841,1.99873299349898));
#4933=CARTESIAN_POINT('Ctrl Pts',(22.418307508528,41.8258713419668,1.99873299349898));
#4934=CARTESIAN_POINT('Ctrl Pts',(23.5682130528572,42.4017063771772,1.99873299349898));
#4935=CARTESIAN_POINT('Ctrl Pts',(24.2668861422198,43.6715500375944,1.99873299349898));
#4936=CARTESIAN_POINT('Ctrl Pts',(24.0715609938871,44.7083520495788,1.99873299349898));
#4937=CARTESIAN_POINT('Ctrl Pts',(23.819956983431,45.1371362133658,1.99873299349898));
#4938=CARTESIAN_POINT('Ctrl Pts',(21.3942259575947,42.2926725092398,1.92509101237298));
#4939=CARTESIAN_POINT('Ctrl Pts',(21.6952386162484,42.1966322482021,1.92509101237298));
#4940=CARTESIAN_POINT('Ctrl Pts',(22.3471658263578,42.1638940611,1.92509101237298));
#4941=CARTESIAN_POINT('Ctrl Pts',(23.3215931997971,42.6518596541597,1.92509101237298));
#4942=CARTESIAN_POINT('Ctrl Pts',(23.9136645993491,43.7279352324406,1.92509101237298));
#4943=CARTESIAN_POINT('Ctrl Pts',(23.7481477855298,44.6065440301862,1.92509101237298));
#4944=CARTESIAN_POINT('Ctrl Pts',(23.5349402889115,44.9698927621276,1.92509101237298));
#4945=CARTESIAN_POINT('Ctrl Pts',(21.4900911226514,42.5931363761033,1.74856629941028));
#4946=CARTESIAN_POINT('Ctrl Pts',(21.7393757048745,42.5136003311527,1.74856629941028));
#4947=CARTESIAN_POINT('Ctrl Pts',(22.279269073407,42.4864876403106,1.74856629941028));
#4948=CARTESIAN_POINT('Ctrl Pts',(23.0862436311413,42.8905971797896,1.74856629941028));
#4949=CARTESIAN_POINT('Ctrl Pts',(23.5765673383994,43.7817506564053,1.74856629941028));
#4950=CARTESIAN_POINT('Ctrl Pts',(23.4394940303671,44.5093702740635,1.74856629941028));
#4951=CARTESIAN_POINT('Ctrl Pts',(23.2629255698943,44.8102786718978,1.74856629941028));
#4952=CARTESIAN_POINT('Ctrl Pts',(21.5717422336446,42.8490500703865,1.48010032852995));
#4953=CARTESIAN_POINT('Ctrl Pts',(21.7769820808838,42.7835668159867,1.48010032852995));
#4954=CARTESIAN_POINT('Ctrl Pts',(22.2214387561767,42.7612349937608,1.48010032852995));
#4955=CARTESIAN_POINT('Ctrl Pts',(22.8858220709826,43.0939299626426,1.48010032852995));
#4956=CARTESIAN_POINT('Ctrl Pts',(23.2894697104819,43.8275907466307,1.48010032852995));
#4957=CARTESIAN_POINT('Ctrl Pts',(23.1766143718596,44.4265882406178,1.48010032852995));
#4958=CARTESIAN_POINT('Ctrl Pts',(23.0312428309021,44.6743307726819,1.48010032852995));
#4959=CARTESIAN_POINT('Ctrl Pts',(21.6252628617233,43.0167962465912,1.16484194334974));
#4960=CARTESIAN_POINT('Ctrl Pts',(21.8015787190241,42.9605413999146,1.16484194334974));
#4961=CARTESIAN_POINT('Ctrl Pts',(22.1835349570159,42.9413849562544,1.16484194334974));
#4962=CARTESIAN_POINT('Ctrl Pts',(22.7543216984991,43.2272373739586,1.16484194334974));
#4963=CARTESIAN_POINT('Ctrl Pts',(23.1012128246788,43.857622371088,1.16484194334974));
#4964=CARTESIAN_POINT('Ctrl Pts',(23.0042642054978,44.372390979519,1.16484194334974));
#4965=CARTESIAN_POINT('Ctrl Pts',(22.8793795487616,44.5852197138916,1.16484194334974));
#4966=CARTESIAN_POINT('Ctrl Pts',(21.6478031148691,43.0874426760453,0.834186893840797));
#4967=CARTESIAN_POINT('Ctrl Pts',(21.8120061721009,43.0350525056443,0.834186893840797));
#4968=CARTESIAN_POINT('Ctrl Pts',(22.1675681759267,43.0171801120225,0.834186893840797));
#4969=CARTESIAN_POINT('Ctrl Pts',(22.6991042292574,43.2833454079529,0.834186893840797));
#4970=CARTESIAN_POINT('Ctrl Pts',(23.0220182419187,43.8702901960781,0.834186893840797));
#4971=CARTESIAN_POINT('Ctrl Pts',(22.9317273633724,44.3494830036145,0.834186893840797));
#4972=CARTESIAN_POINT('Ctrl Pts',(22.8154222122002,44.5476905238329,0.834186893840797));
#4973=CARTESIAN_POINT('Ctrl Pts',(21.648110029541,43.0884046184678,0.612199737628207));
#4974=CARTESIAN_POINT('Ctrl Pts',(21.8121006084463,43.0360822408102,0.612199737628207));
#4975=CARTESIAN_POINT('Ctrl Pts',(22.1673532415108,43.0182642694032,0.612199737628207));
#4976=CARTESIAN_POINT('Ctrl Pts',(22.6982386285447,43.2841333058156,0.612199737628207));
#4977=CARTESIAN_POINT('Ctrl Pts',(23.0208775261919,43.8704488261841,0.612199737628207));
#4978=CARTESIAN_POINT('Ctrl Pts',(22.9307060030315,44.3492284752113,0.612199737628207));
#4979=CARTESIAN_POINT('Ctrl Pts',(22.8145513504207,44.547179515417,0.612199737628207));
#4980=CARTESIAN_POINT('Ctrl Pts',(21.648110029541,43.0884046184678,0.5));
#4981=CARTESIAN_POINT('Ctrl Pts',(21.8121275686389,43.0360736389662,0.5));
#4982=CARTESIAN_POINT('Ctrl Pts',(22.1673518387296,43.0182347227378,0.5));
#4983=CARTESIAN_POINT('Ctrl Pts',(22.69830312375,43.2841197457525,0.5));
#4984=CARTESIAN_POINT('Ctrl Pts',(23.0209128966129,43.8704566843873,0.5));
#4985=CARTESIAN_POINT('Ctrl Pts',(22.9307250989566,44.3491959318895,0.5));
#4986=CARTESIAN_POINT('Ctrl Pts',(22.8145513504207,44.547179515417,0.5));
#4987=CARTESIAN_POINT('',(22.8145513504207,44.547179515417,0.5));
#4988=CARTESIAN_POINT('Ctrl Pts',(24.1082720261838,45.3063150850638,2.));
#4989=CARTESIAN_POINT('Ctrl Pts',(24.0115019459273,45.249531877238,2.));
#4990=CARTESIAN_POINT('Ctrl Pts',(23.819956983431,45.1371362133658,1.99873299349898));
#4991=CARTESIAN_POINT('Ctrl Pts',(23.5349402889115,44.9698927621276,1.92509101237298));
#4992=CARTESIAN_POINT('Ctrl Pts',(23.2629255698943,44.8102786718978,1.74856629941028));
#4993=CARTESIAN_POINT('Ctrl Pts',(23.0312428309021,44.6743307726819,1.48010032852995));
#4994=CARTESIAN_POINT('Ctrl Pts',(22.8793795487616,44.5852197138916,1.16484194334974));
#4995=CARTESIAN_POINT('Ctrl Pts',(22.8154222122002,44.5476905238329,0.834186893840797));
#4996=CARTESIAN_POINT('Ctrl Pts',(22.8145513504207,44.547179515417,0.612199737628207));
#4997=CARTESIAN_POINT('Ctrl Pts',(22.8145513504207,44.547179515417,0.5));
#4998=CARTESIAN_POINT('Origin',(21.9520708999119,44.0410891356525,0.5));
#4999=CARTESIAN_POINT('Ctrl Pts',(19.7944696384554,50.4928618614944,0.5));
#5000=CARTESIAN_POINT('Ctrl Pts',(20.6797026090346,48.4523312594357,0.5));
#5001=CARTESIAN_POINT('Ctrl Pts',(21.6888667984442,46.4655738543318,0.5));
#5002=CARTESIAN_POINT('Ctrl Pts',(22.8145513504207,44.547179515417,0.5));
#5003=CARTESIAN_POINT('Ctrl Pts',(19.7944696384554,50.4928618614944,0.612199737628208));
#5004=CARTESIAN_POINT('Ctrl Pts',(20.6797051479443,48.4523254070521,0.612199737628208));
#5005=CARTESIAN_POINT('Ctrl Pts',(21.6888635699026,46.4655793564201,0.612199737628207));
#5006=CARTESIAN_POINT('Ctrl Pts',(22.8145513504207,44.547179515417,0.612199737628207));
#5007=CARTESIAN_POINT('Ctrl Pts',(19.7956323641548,50.4933662808468,0.834286034398519));
#5008=CARTESIAN_POINT('Ctrl Pts',(20.6808471135576,48.452877680012,0.834286034398519));
#5009=CARTESIAN_POINT('Ctrl Pts',(21.6899830995308,46.4661757994565,0.834286034398517));
#5010=CARTESIAN_POINT('Ctrl Pts',(22.8156444810001,44.5478209477762,0.834286034398517));
#5011=CARTESIAN_POINT('Ctrl Pts',(19.8631906683487,50.5226747549508,1.16474752903707));
#5012=CARTESIAN_POINT('Ctrl Pts',(20.7472170137939,48.4849255173383,1.16474752903707));
#5013=CARTESIAN_POINT('Ctrl Pts',(21.755008895782,46.5008697954296,1.16474752903706));
#5014=CARTESIAN_POINT('Ctrl Pts',(22.879159072833,44.5850903419779,1.16474752903706));
#5015=CARTESIAN_POINT('Ctrl Pts',(20.0251330195015,50.5929293781498,1.48013406551422));
#5016=CARTESIAN_POINT('Ctrl Pts',(20.9063207436587,48.5617233825972,1.48013406551422));
#5017=CARTESIAN_POINT('Ctrl Pts',(21.9108678257426,46.5840557492724,1.48013406551422));
#5018=CARTESIAN_POINT('Ctrl Pts',(23.0314083404346,44.6744278911524,1.48013406551422));
#5019=CARTESIAN_POINT('Ctrl Pts',(20.2714211093588,50.699775282437,1.74875770605002));
#5020=CARTESIAN_POINT('Ctrl Pts',(21.1482866117057,48.6785323431259,1.74875770605002));
#5021=CARTESIAN_POINT('Ctrl Pts',(22.147910551462,46.7105569774998,1.74875770605001));
#5022=CARTESIAN_POINT('Ctrl Pts',(23.2629548199863,44.8102958354059,1.74875770605001));
#5023=CARTESIAN_POINT('Ctrl Pts',(20.5606361836277,50.8252439811534,1.92483489018957));
#5024=CARTESIAN_POINT('Ctrl Pts',(21.4324259904213,48.8157009134551,1.92483489018957));
#5025=CARTESIAN_POINT('Ctrl Pts',(22.4262689967447,46.8591065623624,1.92483489018956));
#5026=CARTESIAN_POINT('Ctrl Pts',(23.5348588829033,44.969844994323,1.92483489018956));
#5027=CARTESIAN_POINT('Ctrl Pts',(20.8639761628118,50.9568404152366,1.99899011755268));
#5028=CARTESIAN_POINT('Ctrl Pts',(21.730446084116,48.9595600958783,1.99899011755268));
#5029=CARTESIAN_POINT('Ctrl Pts',(22.7182174167309,47.0149191442705,1.99899011755268));
#5030=CARTESIAN_POINT('Ctrl Pts',(23.8200424024478,45.1371863359427,1.99899011755268));
#5031=CARTESIAN_POINT('Ctrl Pts',(21.0676251465484,51.0451884138634,2.00000000000001));
#5032=CARTESIAN_POINT('Ctrl Pts',(21.9305199048151,49.0561491223793,2.00000000000001));
#5033=CARTESIAN_POINT('Ctrl Pts',(22.914223227618,47.1195169256427,2.));
#5034=CARTESIAN_POINT('Ctrl Pts',(24.0115019459273,45.249531877238,2.));
#5035=CARTESIAN_POINT('Ctrl Pts',(21.1705561790904,51.0898424580664,2.00000000000001));
#5036=CARTESIAN_POINT('Ctrl Pts',(22.0316464322901,49.1049626906092,2.00000000000001));
#5037=CARTESIAN_POINT('Ctrl Pts',(23.0132879619885,47.1723895783718,2.));
#5038=CARTESIAN_POINT('Ctrl Pts',(24.1082720261838,45.3063150850638,2.));
#5039=CARTESIAN_POINT('Origin',(70.2509761284032,72.3821504024649,0.5));
#5040=CARTESIAN_POINT('Origin',(4.93026215914202,-9.30924382668848,2.));
#5041=CARTESIAN_POINT('',(21.648110029541,43.0884046184678,-0.5));
#5042=CARTESIAN_POINT('',(21.648110029541,43.0884046184678,2.));
#5043=CARTESIAN_POINT('',(2.86892834555835,45.6521144435451,-0.5));
#5044=CARTESIAN_POINT('Origin',(4.93026215914202,-9.30924382668848,-0.5));
#5045=CARTESIAN_POINT('',(2.86892834555835,45.6521144435451,2.));
#5046=CARTESIAN_POINT('Origin',(21.9520708999119,44.0410891356525,2.));
#5047=CARTESIAN_POINT('',(22.8145513504207,44.547179515417,-0.5));
#5048=CARTESIAN_POINT('',(22.8145513504207,44.547179515417,2.));
#5049=CARTESIAN_POINT('Origin',(21.9520708999119,44.0410891356525,-0.5));
#5050=CARTESIAN_POINT('Origin',(70.2509761284032,72.3821504024649,2.));
#5051=CARTESIAN_POINT('',(19.7944696384554,50.4928618614944,-0.5));
#5052=CARTESIAN_POINT('',(19.7944696384554,50.4928618614944,2.));
#5053=CARTESIAN_POINT('Origin',(70.2509761284032,72.3821504024649,-0.5));
#5054=CARTESIAN_POINT('Origin',(18.8770786113655,50.0948747971132,2.));
#5055=CARTESIAN_POINT('',(18.5456360489194,51.0383501957321,-0.5));
#5056=CARTESIAN_POINT('',(18.5456360489194,51.0383501957321,2.));
#5057=CARTESIAN_POINT('Origin',(18.8770786113655,50.0948747971132,-0.5));
#5058=CARTESIAN_POINT('Ctrl Pts',(24.1082720261838,45.3063150850638,-2.));
#5059=CARTESIAN_POINT('Ctrl Pts',(24.3987063975237,44.8113561262451,-2.));
#5060=CARTESIAN_POINT('Ctrl Pts',(24.6241758916643,43.6145080074895,-2.));
#5061=CARTESIAN_POINT('Ctrl Pts',(23.8176514595071,42.1486656609026,-2.));
#5062=CARTESIAN_POINT('Ctrl Pts',(22.4902732469562,41.4839531033656,-2.));
#5063=CARTESIAN_POINT('Ctrl Pts',(21.6022125717295,41.5285503939368,-2.));
#5064=CARTESIAN_POINT('Ctrl Pts',(21.1921687239847,41.6593778426908,-2.));
#5065=CARTESIAN_POINT('Ctrl Pts',(24.0115019459273,45.249531877238,-2.));
#5066=CARTESIAN_POINT('Ctrl Pts',(24.2889114170867,44.7767699848418,-2.));
#5067=CARTESIAN_POINT('Ctrl Pts',(24.5042701852946,43.6336569417249,-2.));
#5068=CARTESIAN_POINT('Ctrl Pts',(23.7339573767827,42.2335904944553,-2.));
#5069=CARTESIAN_POINT('Ctrl Pts',(22.4661180648494,41.5987019926408,-2.));
#5070=CARTESIAN_POINT('Ctrl Pts',(21.6179279617791,41.6413084707742,-2.));
#5071=CARTESIAN_POINT('Ctrl Pts',(21.2262730538895,41.7662687955614,-2.));
#5072=CARTESIAN_POINT('Ctrl Pts',(23.819956983431,45.1371362133658,-1.99873299349898));
#5073=CARTESIAN_POINT('Ctrl Pts',(24.0715609938871,44.7083520495788,-1.99873299349898));
#5074=CARTESIAN_POINT('Ctrl Pts',(24.2668861422197,43.6715500375943,-1.99873299349898));
#5075=CARTESIAN_POINT('Ctrl Pts',(23.5682130528572,42.4017063771773,-1.99873299349898));
#5076=CARTESIAN_POINT('Ctrl Pts',(22.418307508528,41.8258713419668,-1.99873299349898));
#5077=CARTESIAN_POINT('Ctrl Pts',(21.6490005474123,41.8645106911841,-1.99873299349898));
#5078=CARTESIAN_POINT('Ctrl Pts',(21.2937785532677,41.9778468319184,-1.99873299349898));
#5079=CARTESIAN_POINT('Ctrl Pts',(23.5349402889115,44.9698927621276,-1.92509101237298));
#5080=CARTESIAN_POINT('Ctrl Pts',(23.7481477855298,44.6065440301862,-1.92509101237298));
#5081=CARTESIAN_POINT('Ctrl Pts',(23.9136645993491,43.7279352324405,-1.92509101237298));
#5082=CARTESIAN_POINT('Ctrl Pts',(23.3215931997971,42.6518596541597,-1.92509101237298));
#5083=CARTESIAN_POINT('Ctrl Pts',(22.3471658263577,42.1638940611,-1.92509101237298));
#5084=CARTESIAN_POINT('Ctrl Pts',(21.6952386162483,42.1966322482021,-1.92509101237298));
#5085=CARTESIAN_POINT('Ctrl Pts',(21.3942259575947,42.2926725092398,-1.92509101237298));
#5086=CARTESIAN_POINT('Ctrl Pts',(23.2629255698943,44.8102786718978,-1.74856629941028));
#5087=CARTESIAN_POINT('Ctrl Pts',(23.4394940303671,44.5093702740635,-1.74856629941028));
#5088=CARTESIAN_POINT('Ctrl Pts',(23.5765673383994,43.7817506564053,-1.74856629941028));
#5089=CARTESIAN_POINT('Ctrl Pts',(23.0862436311413,42.8905971797896,-1.74856629941028));
#5090=CARTESIAN_POINT('Ctrl Pts',(22.279269073407,42.4864876403105,-1.74856629941028));
#5091=CARTESIAN_POINT('Ctrl Pts',(21.7393757048745,42.5136003311527,-1.74856629941028));
#5092=CARTESIAN_POINT('Ctrl Pts',(21.4900911226514,42.5931363761033,-1.74856629941028));
#5093=CARTESIAN_POINT('Ctrl Pts',(23.0312428309021,44.6743307726819,-1.48010032852995));
#5094=CARTESIAN_POINT('Ctrl Pts',(23.1766143718596,44.4265882406178,-1.48010032852995));
#5095=CARTESIAN_POINT('Ctrl Pts',(23.2894697104819,43.8275907466307,-1.48010032852995));
#5096=CARTESIAN_POINT('Ctrl Pts',(22.8858220709826,43.0939299626426,-1.48010032852995));
#5097=CARTESIAN_POINT('Ctrl Pts',(22.2214387561767,42.7612349937608,-1.48010032852995));
#5098=CARTESIAN_POINT('Ctrl Pts',(21.7769820808838,42.7835668159867,-1.48010032852995));
#5099=CARTESIAN_POINT('Ctrl Pts',(21.5717422336446,42.8490500703865,-1.48010032852995));
#5100=CARTESIAN_POINT('Ctrl Pts',(22.8793795487616,44.5852197138916,-1.16484194334974));
#5101=CARTESIAN_POINT('Ctrl Pts',(23.0042642054978,44.372390979519,-1.16484194334974));
#5102=CARTESIAN_POINT('Ctrl Pts',(23.1012128246788,43.857622371088,-1.16484194334974));
#5103=CARTESIAN_POINT('Ctrl Pts',(22.7543216984992,43.2272373739586,-1.16484194334974));
#5104=CARTESIAN_POINT('Ctrl Pts',(22.1835349570159,42.9413849562544,-1.16484194334974));
#5105=CARTESIAN_POINT('Ctrl Pts',(21.8015787190241,42.9605413999146,-1.16484194334974));
#5106=CARTESIAN_POINT('Ctrl Pts',(21.6252628617233,43.0167962465912,-1.16484194334974));
#5107=CARTESIAN_POINT('Ctrl Pts',(22.8154222122002,44.5476905238329,-0.834186893840797));
#5108=CARTESIAN_POINT('Ctrl Pts',(22.9317273633724,44.3494830036145,-0.834186893840797));
#5109=CARTESIAN_POINT('Ctrl Pts',(23.0220182419187,43.870290196078,-0.834186893840797));
#5110=CARTESIAN_POINT('Ctrl Pts',(22.6991042292574,43.2833454079529,-0.834186893840797));
#5111=CARTESIAN_POINT('Ctrl Pts',(22.1675681759267,43.0171801120224,-0.834186893840797));
#5112=CARTESIAN_POINT('Ctrl Pts',(21.8120061721009,43.0350525056443,-0.834186893840797));
#5113=CARTESIAN_POINT('Ctrl Pts',(21.6478031148691,43.0874426760453,-0.834186893840797));
#5114=CARTESIAN_POINT('Ctrl Pts',(22.8145513504207,44.547179515417,-0.612199737628207));
#5115=CARTESIAN_POINT('Ctrl Pts',(22.9307060030315,44.3492284752113,-0.612199737628207));
#5116=CARTESIAN_POINT('Ctrl Pts',(23.0208775261919,43.8704488261841,-0.612199737628207));
#5117=CARTESIAN_POINT('Ctrl Pts',(22.6982386285447,43.2841333058157,-0.612199737628207));
#5118=CARTESIAN_POINT('Ctrl Pts',(22.1673532415108,43.0182642694032,-0.612199737628207));
#5119=CARTESIAN_POINT('Ctrl Pts',(21.8121006084463,43.0360822408102,-0.612199737628207));
#5120=CARTESIAN_POINT('Ctrl Pts',(21.648110029541,43.0884046184678,-0.612199737628207));
#5121=CARTESIAN_POINT('Ctrl Pts',(22.8145513504207,44.547179515417,-0.5));
#5122=CARTESIAN_POINT('Ctrl Pts',(22.9307250989566,44.3491959318895,-0.5));
#5123=CARTESIAN_POINT('Ctrl Pts',(23.0209128966129,43.8704566843873,-0.5));
#5124=CARTESIAN_POINT('Ctrl Pts',(22.69830312375,43.2841197457525,-0.5));
#5125=CARTESIAN_POINT('Ctrl Pts',(22.1673518387296,43.0182347227377,-0.5));
#5126=CARTESIAN_POINT('Ctrl Pts',(21.8121275686389,43.0360736389662,-0.5));
#5127=CARTESIAN_POINT('Ctrl Pts',(21.648110029541,43.0884046184678,-0.5));
#5128=CARTESIAN_POINT('Ctrl Pts',(22.8145513504207,44.547179515417,-0.5));
#5129=CARTESIAN_POINT('Ctrl Pts',(22.8145513504207,44.547179515417,-0.612199737628207));
#5130=CARTESIAN_POINT('Ctrl Pts',(22.8154222122002,44.5476905238329,-0.834186893840797));
#5131=CARTESIAN_POINT('Ctrl Pts',(22.8793795487616,44.5852197138916,-1.16484194334974));
#5132=CARTESIAN_POINT('Ctrl Pts',(23.0312428309021,44.6743307726819,-1.48010032852995));
#5133=CARTESIAN_POINT('Ctrl Pts',(23.2629255698943,44.8102786718978,-1.74856629941028));
#5134=CARTESIAN_POINT('Ctrl Pts',(23.5349402889115,44.9698927621276,-1.92509101237298));
#5135=CARTESIAN_POINT('Ctrl Pts',(23.819956983431,45.1371362133658,-1.99873299349898));
#5136=CARTESIAN_POINT('Ctrl Pts',(24.0115019459273,45.249531877238,-2.));
#5137=CARTESIAN_POINT('Ctrl Pts',(24.1082720261838,45.3063150850638,-2.));
#5138=CARTESIAN_POINT('Ctrl Pts',(21.1921687239847,41.6593778426908,-2.));
#5139=CARTESIAN_POINT('Ctrl Pts',(21.2262730538895,41.7662687955614,-2.));
#5140=CARTESIAN_POINT('Ctrl Pts',(21.2937785532677,41.9778468319184,-1.99873299349898));
#5141=CARTESIAN_POINT('Ctrl Pts',(21.3942259575947,42.2926725092398,-1.92509101237298));
#5142=CARTESIAN_POINT('Ctrl Pts',(21.4900911226514,42.5931363761033,-1.74856629941028));
#5143=CARTESIAN_POINT('Ctrl Pts',(21.5717422336446,42.8490500703865,-1.48010032852995));
#5144=CARTESIAN_POINT('Ctrl Pts',(21.6252628617233,43.0167962465912,-1.16484194334974));
#5145=CARTESIAN_POINT('Ctrl Pts',(21.6478031148691,43.0874426760453,-0.834186893840797));
#5146=CARTESIAN_POINT('Ctrl Pts',(21.648110029541,43.0884046184678,-0.612199737628207));
#5147=CARTESIAN_POINT('Ctrl Pts',(21.648110029541,43.0884046184678,-0.5));
#5148=CARTESIAN_POINT('Ctrl Pts',(2.86892834555835,45.6521144435451,-0.5));
#5149=CARTESIAN_POINT('Ctrl Pts',(9.21394376322945,45.8900851786177,-0.5));
#5150=CARTESIAN_POINT('Ctrl Pts',(15.5990621584973,45.0183969954104,-0.5));
#5151=CARTESIAN_POINT('Ctrl Pts',(21.648110029541,43.0884046184678,-0.5));
#5152=CARTESIAN_POINT('Ctrl Pts',(2.86892834555835,45.6521144435451,-0.612199737628206));
#5153=CARTESIAN_POINT('Ctrl Pts',(9.21396196117472,45.8900858611343,-0.612199737628206));
#5154=CARTESIAN_POINT('Ctrl Pts',(15.5990448094075,45.0184025307627,-0.612199737628205));
#5155=CARTESIAN_POINT('Ctrl Pts',(21.648110029541,43.0884046184678,-0.612199737628205));
#5156=CARTESIAN_POINT('Ctrl Pts',(2.86897579730929,45.6508492371692,-0.834285565907993));
#5157=CARTESIAN_POINT('Ctrl Pts',(9.21386061247292,45.8888150739756,-0.834285565907993));
#5158=CARTESIAN_POINT('Ctrl Pts',(15.5988018253488,45.0171510794815,-0.83428556590799));
#5159=CARTESIAN_POINT('Ctrl Pts',(21.6477251859276,43.0871984285013,-0.83428556590799));
#5160=CARTESIAN_POINT('Ctrl Pts',(2.87173582705285,45.5772585443017,-1.16474748668434));
#5161=CARTESIAN_POINT('Ctrl Pts',(9.20810261172833,45.8149049111236,-1.16474748668434));
#5162=CARTESIAN_POINT('Ctrl Pts',(15.5845381086986,44.9444021060681,-1.16474748668434));
#5163=CARTESIAN_POINT('Ctrl Pts',(21.6253407680973,43.0170404234034,-1.16474748668434));
#5164=CARTESIAN_POINT('Ctrl Pts',(2.87835174650678,45.4008582364049,-1.4801340095514));
#5165=CARTESIAN_POINT('Ctrl Pts',(9.19437236645937,45.6377415173309,-1.4801340095514));
#5166=CARTESIAN_POINT('Ctrl Pts',(15.5502787238397,44.7700413241118,-1.48013400955139));
#5167=CARTESIAN_POINT('Ctrl Pts',(21.5716842791654,42.8488684274832,-1.48013400955139));
#5168=CARTESIAN_POINT('Ctrl Pts',(2.88841354422758,45.1325804515398,-1.74875801976745));
#5169=CARTESIAN_POINT('Ctrl Pts',(9.17345411154292,45.3683018210419,-1.74875801976745));
#5170=CARTESIAN_POINT('Ctrl Pts',(15.4982104093447,44.5048541940495,-1.74875801976744));
#5171=CARTESIAN_POINT('Ctrl Pts',(21.4900809975957,42.5931046418087,-1.74875801976744));
#5172=CARTESIAN_POINT('Ctrl Pts',(2.90022906150497,44.8175432295474,-1.92483576822224));
#5173=CARTESIAN_POINT('Ctrl Pts',(9.1488889611189,45.0519001367644,-1.92483576822224));
#5174=CARTESIAN_POINT('Ctrl Pts',(15.4370677625812,44.1934460227121,-1.92483576822223));
#5175=CARTESIAN_POINT('Ctrl Pts',(21.3942546840449,42.2927625446587,-1.92483576822223));
#5176=CARTESIAN_POINT('Ctrl Pts',(2.91262161441168,44.4871205024274,-1.99899063759264));
#5177=CARTESIAN_POINT('Ctrl Pts',(9.12315058513778,44.7200473035566,-1.99899063759264));
#5178=CARTESIAN_POINT('Ctrl Pts',(15.3729138553792,43.8668376286115,-1.99899063759263));
#5179=CARTESIAN_POINT('Ctrl Pts',(21.2937484909891,41.9777526097004,-1.99899063759263));
#5180=CARTESIAN_POINT('Ctrl Pts',(2.92094142932793,44.2652892175862,-1.99999999999999));
#5181=CARTESIAN_POINT('Ctrl Pts',(9.10584498239733,44.4972549336628,-1.99999999999999));
#5182=CARTESIAN_POINT('Ctrl Pts',(15.3298685209535,43.6475592139117,-1.99999999999998));
#5183=CARTESIAN_POINT('Ctrl Pts',(21.2262730538895,41.7662687955614,-1.99999999999998));
#5184=CARTESIAN_POINT('Ctrl Pts',(2.92514654047426,44.1531683089024,-1.99999999999999));
#5185=CARTESIAN_POINT('Ctrl Pts',(9.09711608311797,44.3846489330184,-1.99999999999999));
#5186=CARTESIAN_POINT('Ctrl Pts',(15.3080948857876,43.5367340638987,-1.99999999999998));
#5187=CARTESIAN_POINT('Ctrl Pts',(21.1921687239847,41.6593778426909,-1.99999999999998));
#5188=CARTESIAN_POINT('Ctrl Pts',(2.92514654047426,44.1531683089024,-1.99999999999999));
#5189=CARTESIAN_POINT('Ctrl Pts',(2.92094142932793,44.2652892175862,-1.99999999999999));
#5190=CARTESIAN_POINT('Ctrl Pts',(2.91262161441168,44.4871205024274,-1.99899063759264));
#5191=CARTESIAN_POINT('Ctrl Pts',(2.90022906150497,44.8175432295474,-1.92483576822224));
#5192=CARTESIAN_POINT('Ctrl Pts',(2.88841354422758,45.1325804515398,-1.74875801976745));
#5193=CARTESIAN_POINT('Ctrl Pts',(2.87835174650678,45.4008582364049,-1.4801340095514));
#5194=CARTESIAN_POINT('Ctrl Pts',(2.87173582705285,45.5772585443017,-1.16474748668434));
#5195=CARTESIAN_POINT('Ctrl Pts',(2.86897579730929,45.6508492371692,-0.834285565907993));
#5196=CARTESIAN_POINT('Ctrl Pts',(2.86892834555835,45.6521144435451,-0.612199737628206));
#5197=CARTESIAN_POINT('Ctrl Pts',(2.86892834555835,45.6521144435451,-0.5));
#5198=CARTESIAN_POINT('Ctrl Pts',(2.92514654047427,44.1531683089024,-2.));
#5199=CARTESIAN_POINT('Ctrl Pts',(2.30071964554555,44.1297490865043,-2.));
#5200=CARTESIAN_POINT('Ctrl Pts',(1.35754520314298,44.4644809401382,-2.));
#5201=CARTESIAN_POINT('Ctrl Pts',(0.365232929057287,45.7107693737675,-2.));
#5202=CARTESIAN_POINT('Ctrl Pts',(0.18156269233615,47.3720043987674,-2.));
#5203=CARTESIAN_POINT('Ctrl Pts',(0.983657867283458,48.4475530938995,-2.));
#5204=CARTESIAN_POINT('Ctrl Pts',(1.51484906309226,48.7766325988573,-2.));
#5205=CARTESIAN_POINT('Ctrl Pts',(2.92094142932793,44.2652892175862,-2.));
#5206=CARTESIAN_POINT('Ctrl Pts',(2.32451775570836,44.2429202601159,-2.));
#5207=CARTESIAN_POINT('Ctrl Pts',(1.42369568784987,44.5626101487084,-2.));
#5208=CARTESIAN_POINT('Ctrl Pts',(0.475885868752424,45.752982746319,-2.));
#5209=CARTESIAN_POINT('Ctrl Pts',(0.300477304511558,47.3396748246359,-2.));
#5210=CARTESIAN_POINT('Ctrl Pts',(1.06656870626117,48.3669314010126,-2.));
#5211=CARTESIAN_POINT('Ctrl Pts',(1.57393795472192,48.6812529154346,-2.));
#5212=CARTESIAN_POINT('Ctrl Pts',(2.91261795959125,44.4872179509309,-1.99873684636685));
#5213=CARTESIAN_POINT('Ctrl Pts',(2.37167540421825,44.4669298209485,-1.99873684636685));
#5214=CARTESIAN_POINT('Ctrl Pts',(1.55462743223356,44.7568941022382,-1.99873684636685));
#5215=CARTESIAN_POINT('Ctrl Pts',(0.694985324478002,45.8365450167813,-1.99873684636685));
#5216=CARTESIAN_POINT('Ctrl Pts',(0.535883316392778,47.2756563320404,-1.99873684636685));
#5217=CARTESIAN_POINT('Ctrl Pts',(1.23072447867215,48.2073788719146,-1.99873684636685));
#5218=CARTESIAN_POINT('Ctrl Pts',(1.69089671850697,48.4924612567037,-1.99873684636685));
#5219=CARTESIAN_POINT('Ctrl Pts',(2.90023260878163,44.8174486484845,-1.92509290353802));
#5220=CARTESIAN_POINT('Ctrl Pts',(2.44184163227734,44.8002566275911,-1.92509290353802));
#5221=CARTESIAN_POINT('Ctrl Pts',(1.74945469526015,45.0459849727874,-1.92509290353802));
#5222=CARTESIAN_POINT('Ctrl Pts',(1.02099947162291,45.9608854038454,-1.92509290353802));
#5223=CARTESIAN_POINT('Ctrl Pts',(0.88616566416707,47.1803988663478,-1.92509290353802));
#5224=CARTESIAN_POINT('Ctrl Pts',(1.47498497995208,47.9699617977581,-1.92509290353802));
#5225=CARTESIAN_POINT('Ctrl Pts',(1.86493175023825,48.211538637017,-1.92509290353802));
#5226=CARTESIAN_POINT('Ctrl Pts',(2.8884123034832,45.1326135335163,-1.74856978467001));
#5227=CARTESIAN_POINT('Ctrl Pts',(2.50879437118827,45.1183759072147,-1.74856978467001));
#5228=CARTESIAN_POINT('Ctrl Pts',(1.93539459964901,45.3218751271157,-1.74856978467001));
#5229=CARTESIAN_POINT('Ctrl Pts',(1.33212215565154,46.0795516138653,-1.74856978467001));
#5230=CARTESIAN_POINT('Ctrl Pts',(1.22046031734146,47.0894934521998,-1.74856978467001));
#5231=CARTESIAN_POINT('Ctrl Pts',(1.70809129404517,47.7433696715802,-1.74856978467001));
#5232=CARTESIAN_POINT('Ctrl Pts',(2.03102694118642,47.9434322925968,-1.74856978467001));
#5233=CARTESIAN_POINT('Ctrl Pts',(2.87834456801472,45.4010496365903,-1.48010198517496));
#5234=CARTESIAN_POINT('Ctrl Pts',(2.56579926040414,45.3893275789277,-1.48010198517496));
#5235=CARTESIAN_POINT('Ctrl Pts',(2.09376742261013,45.5568397224617,-1.48010198517496));
#5236=CARTESIAN_POINT('Ctrl Pts',(1.59708488887276,46.1806208994617,-1.48010198517496));
#5237=CARTESIAN_POINT('Ctrl Pts',(1.50517787131656,47.0120768837901,-1.48010198517496));
#5238=CARTESIAN_POINT('Ctrl Pts',(1.90661766859962,47.5503628209119,-1.48010198517496));
#5239=CARTESIAN_POINT('Ctrl Pts',(2.17249557527282,47.715077467159,-1.48010198517496));
#5240=CARTESIAN_POINT('Ctrl Pts',(2.87174533830199,45.5770049457977,-1.1648421974215));
#5241=CARTESIAN_POINT('Ctrl Pts',(2.60324633775232,45.5669348513502,-1.1648421974215));
#5242=CARTESIAN_POINT('Ctrl Pts',(2.19757109743256,45.7109326068206,-1.1648421974215));
#5243=CARTESIAN_POINT('Ctrl Pts',(1.77088204429292,46.2468800348326,-1.1648421974215));
#5244=CARTESIAN_POINT('Ctrl Pts',(1.69185201592795,46.9612907851663,-1.16484219742149));
#5245=CARTESIAN_POINT('Ctrl Pts',(2.03681753223075,47.4238929733999,-1.1648421974215));
#5246=CARTESIAN_POINT('Ctrl Pts',(2.26522586366838,47.5653947551139,-1.1648421974215));
#5247=CARTESIAN_POINT('Ctrl Pts',(2.86896613287856,45.6511069199551,-0.834187225317642));
#5248=CARTESIAN_POINT('Ctrl Pts',(2.6189128624077,45.6417286353231,-0.834187225317642));
#5249=CARTESIAN_POINT('Ctrl Pts',(2.24129604487429,45.7757282553046,-0.834187225317642));
#5250=CARTESIAN_POINT('Ctrl Pts',(1.84392355872347,46.2747717674813,-0.834187225317642));
#5251=CARTESIAN_POINT('Ctrl Pts',(1.7704085383474,46.9399549007565,-0.834187225317639));
#5252=CARTESIAN_POINT('Ctrl Pts',(2.09156157139346,47.3705765566794,-0.834187225317642));
#5253=CARTESIAN_POINT('Ctrl Pts',(2.3042783791352,47.5023572457047,-0.834187225317642));
#5254=CARTESIAN_POINT('Ctrl Pts',(2.86892834555835,45.6521144435451,-0.612199737628207));
#5255=CARTESIAN_POINT('Ctrl Pts',(2.61919864336529,45.6427482943889,-0.612199737628207));
#5256=CARTESIAN_POINT('Ctrl Pts',(2.24188426609525,45.7766786541272,-0.612199737628207));
#5257=CARTESIAN_POINT('Ctrl Pts',(1.84502275395654,46.2751598836956,-0.612199737628208));
#5258=CARTESIAN_POINT('Ctrl Pts',(1.77151833774767,46.9396282597125,-0.612199737628204));
#5259=CARTESIAN_POINT('Ctrl Pts',(2.09236780185652,47.3698899943686,-0.612199737628207));
#5260=CARTESIAN_POINT('Ctrl Pts',(2.30480935460554,47.5015001595271,-0.612199737628207));
#5261=CARTESIAN_POINT('Ctrl Pts',(2.86892834555835,45.6521144435451,-0.5));
#5262=CARTESIAN_POINT('Ctrl Pts',(2.61915758758686,45.6427467545859,-0.5));
#5263=CARTESIAN_POINT('Ctrl Pts',(2.24188781062583,45.7766394960394,-0.5));
#5264=CARTESIAN_POINT('Ctrl Pts',(1.84496290099156,46.2751548694912,-0.500000000000001));
#5265=CARTESIAN_POINT('Ctrl Pts',(1.77149480630311,46.9396488794911,-0.499999999999996));
#5266=CARTESIAN_POINT('Ctrl Pts',(2.09233287628202,47.369868357544,-0.5));
#5267=CARTESIAN_POINT('Ctrl Pts',(2.30480935460554,47.5015001595271,-0.5));
#5268=CARTESIAN_POINT('',(2.30480935460554,47.5015001595271,-0.5));
#5269=CARTESIAN_POINT('Ctrl Pts',(1.51484906309226,48.7766325988573,-2.));
#5270=CARTESIAN_POINT('Ctrl Pts',(1.57393795472192,48.6812529154346,-2.));
#5271=CARTESIAN_POINT('Ctrl Pts',(1.69089671850697,48.4924612567037,-1.99873684636685));
#5272=CARTESIAN_POINT('Ctrl Pts',(1.86493175023825,48.211538637017,-1.92509290353802));
#5273=CARTESIAN_POINT('Ctrl Pts',(2.03102694118642,47.9434322925968,-1.74856978467001));
#5274=CARTESIAN_POINT('Ctrl Pts',(2.17249557527282,47.715077467159,-1.48010198517496));
#5275=CARTESIAN_POINT('Ctrl Pts',(2.26522586366838,47.5653947551139,-1.1648421974215));
#5276=CARTESIAN_POINT('Ctrl Pts',(2.3042783791352,47.5023572457047,-0.834187225317642));
#5277=CARTESIAN_POINT('Ctrl Pts',(2.30480935460554,47.5015001595271,-0.612199737628207));
#5278=CARTESIAN_POINT('Ctrl Pts',(2.30480935460554,47.5015001595271,-0.5));
#5279=CARTESIAN_POINT('Origin',(2.83144954894774,46.6514118666402,-0.5));
#5280=CARTESIAN_POINT('Ctrl Pts',(7.5583372334381,51.8504292867343,-0.5));
#5281=CARTESIAN_POINT('Ctrl Pts',(6.01645359323896,50.1702359029235,-0.5));
#5282=CARTESIAN_POINT('Ctrl Pts',(4.24339371736775,48.7024771099175,-0.5));
#5283=CARTESIAN_POINT('Ctrl Pts',(2.30480935460555,47.5015001595271,-0.5));
#5284=CARTESIAN_POINT('Ctrl Pts',(7.5583372334381,51.8504292867343,-0.612199737628207));
#5285=CARTESIAN_POINT('Ctrl Pts',(6.01644386433414,50.1702253013184,-0.612199737628207));
#5286=CARTESIAN_POINT('Ctrl Pts',(4.24340594935611,48.7024846877853,-0.612199737628207));
#5287=CARTESIAN_POINT('Ctrl Pts',(2.30480935460555,47.5015001595271,-0.612199737628207));
#5288=CARTESIAN_POINT('Ctrl Pts',(7.55740502849438,51.8512847546619,-0.834285260269384));
#5289=CARTESIAN_POINT('Ctrl Pts',(6.01559121042869,50.1711674561559,-0.834285260269384));
#5290=CARTESIAN_POINT('Ctrl Pts',(4.24263960510622,48.7034982907208,-0.834285260269385));
#5291=CARTESIAN_POINT('Ctrl Pts',(2.30414302853783,47.5025757249615,-0.834285260269385));
#5292=CARTESIAN_POINT('Ctrl Pts',(7.50314634295447,51.9010769871387,-1.16474745676234));
#5293=CARTESIAN_POINT('Ctrl Pts',(5.96588639657891,50.2259220508272,-1.16474745676234));
#5294=CARTESIAN_POINT('Ctrl Pts',(4.19813080679456,48.7625542051607,-1.16474745676234));
#5295=CARTESIAN_POINT('Ctrl Pts',(2.2653597364955,47.5651786612337,-1.16474745676234));
#5296=CARTESIAN_POINT('Ctrl Pts',(7.3730867787803,52.0204303402609,-1.48013396717895));
#5297=CARTESIAN_POINT('Ctrl Pts',(5.84670420877287,50.3571285005972,-1.48013396717895));
#5298=CARTESIAN_POINT('Ctrl Pts',(4.09149024488714,48.9041427530999,-1.48013396717895));
#5299=CARTESIAN_POINT('Ctrl Pts',(2.172395116913,47.715239624314,-1.48013396717895));
#5300=CARTESIAN_POINT('Ctrl Pts',(7.17528545124045,52.2019491070184,-1.74875821610477));
#5301=CARTESIAN_POINT('Ctrl Pts',(5.66546529960662,50.55669536453,-1.74875821610477));
#5302=CARTESIAN_POINT('Ctrl Pts',(3.92928118209735,49.1194627366699,-1.74875821610477));
#5303=CARTESIAN_POINT('Ctrl Pts',(2.03100970412605,47.9434601161913,-1.74875821610477));
#5304=CARTESIAN_POINT('Ctrl Pts',(6.94300849266224,52.415105548341,-1.92483633100638));
#5305=CARTESIAN_POINT('Ctrl Pts',(5.45263801228101,50.7910461476978,-1.92483633100638));
#5306=CARTESIAN_POINT('Ctrl Pts',(3.73879936249068,49.3723113479002,-1.92483633100638));
#5307=CARTESIAN_POINT('Ctrl Pts',(1.86498162899667,48.2114581240804,-1.92483633100638));
#5308=CARTESIAN_POINT('Ctrl Pts',(6.699388051908,52.6386717018781,-1.99899096932963));
#5309=CARTESIAN_POINT('Ctrl Pts',(5.22940295965409,51.0368262954462,-1.99899096932963));
#5310=CARTESIAN_POINT('Ctrl Pts',(3.53903293141409,49.6375190830127,-1.99899096932963));
#5311=CARTESIAN_POINT('Ctrl Pts',(1.69084540348303,48.4925440880212,-1.99899096932963));
#5312=CARTESIAN_POINT('Ctrl Pts',(6.53583193880961,52.7887642432908,-2.));
#5313=CARTESIAN_POINT('Ctrl Pts',(5.07954659371878,51.2018474760527,-2.));
#5314=CARTESIAN_POINT('Ctrl Pts',(3.40490102100638,49.8155571437482,-2.));
#5315=CARTESIAN_POINT('Ctrl Pts',(1.57393795472192,48.6812529154346,-2.));
#5316=CARTESIAN_POINT('Ctrl Pts',(6.45316526919485,52.8646259784321,-2.));
#5317=CARTESIAN_POINT('Ctrl Pts',(5.00379464740766,51.28524419765,-2.));
#5318=CARTESIAN_POINT('Ctrl Pts',(3.33711836408873,49.9055509322243,-2.));
#5319=CARTESIAN_POINT('Ctrl Pts',(1.51484906309225,48.7766325988573,-2.));
#5320=CARTESIAN_POINT('',(7.5583372334381,51.8504292867343,-0.5));
#5321=CARTESIAN_POINT('Ctrl Pts',(6.45316526919485,52.8646259784321,-2.));
#5322=CARTESIAN_POINT('Ctrl Pts',(6.53583193880961,52.7887642432908,-2.));
#5323=CARTESIAN_POINT('Ctrl Pts',(6.699388051908,52.6386717018781,-1.99899096932963));
#5324=CARTESIAN_POINT('Ctrl Pts',(6.94300849266224,52.415105548341,-1.92483633100638));
#5325=CARTESIAN_POINT('Ctrl Pts',(7.17528545124045,52.2019491070184,-1.74875821610477));
#5326=CARTESIAN_POINT('Ctrl Pts',(7.3730867787803,52.0204303402609,-1.48013396717895));
#5327=CARTESIAN_POINT('Ctrl Pts',(7.50314634295447,51.9010769871387,-1.16474745676234));
#5328=CARTESIAN_POINT('Ctrl Pts',(7.55740502849438,51.8512847546619,-0.834285260269384));
#5329=CARTESIAN_POINT('Ctrl Pts',(7.5583372334381,51.8504292867343,-0.612199737628207));
#5330=CARTESIAN_POINT('Ctrl Pts',(7.5583372334381,51.8504292867343,-0.5));
#5331=CARTESIAN_POINT('Origin',(-10.8611955039493,68.7537074816974,-0.5));
#5332=CARTESIAN_POINT('Ctrl Pts',(6.45316526919486,52.8646259784321,-2.));
#5333=CARTESIAN_POINT('Ctrl Pts',(6.78385095987432,53.2249747720212,-2.));
#5334=CARTESIAN_POINT('Ctrl Pts',(7.80968081065339,53.8342655144153,-2.));
#5335=CARTESIAN_POINT('Ctrl Pts',(9.02396360700582,53.6530149487773,-2.));
#5336=CARTESIAN_POINT('Ctrl Pts',(9.58290415050476,53.3171019831186,-2.));
#5337=CARTESIAN_POINT('Ctrl Pts',(6.53583193880962,52.7887642432908,-2.));
#5338=CARTESIAN_POINT('Ctrl Pts',(6.85168760750401,53.132952735174,-2.));
#5339=CARTESIAN_POINT('Ctrl Pts',(7.83147470550092,53.7149032234807,-2.));
#5340=CARTESIAN_POINT('Ctrl Pts',(8.99123432636229,53.5417816922273,-2.));
#5341=CARTESIAN_POINT('Ctrl Pts',(9.52510846758841,53.2209331723738,-2.));
#5342=CARTESIAN_POINT('Ctrl Pts',(6.69946058053513,52.6386051436446,-1.9987340784163));
#5343=CARTESIAN_POINT('Ctrl Pts',(6.98593440796669,52.9507761901078,-1.9987340784163));
#5344=CARTESIAN_POINT('Ctrl Pts',(7.87459444676899,53.4785984122259,-1.99873407841631));
#5345=CARTESIAN_POINT('Ctrl Pts',(8.92649735817457,53.3215809092385,-1.9987340784163));
#5346=CARTESIAN_POINT('Ctrl Pts',(9.41070892618592,53.0305786806317,-1.9987340784163));
#5347=CARTESIAN_POINT('Ctrl Pts',(6.94293878855128,52.4151695145662,-1.92509155881152));
#5348=CARTESIAN_POINT('Ctrl Pts',(7.18569472667251,52.6797010981943,-1.92509155881152));
#5349=CARTESIAN_POINT('Ctrl Pts',(7.93875770131395,53.1269817279778,-1.92509155881152));
#5350=CARTESIAN_POINT('Ctrl Pts',(8.83016572458937,52.9939258794926,-1.92509155881152));
#5351=CARTESIAN_POINT('Ctrl Pts',(9.24048325514923,52.7473326055653,-1.92509155881152));
#5352=CARTESIAN_POINT('Ctrl Pts',(7.17530968217008,52.2019268707244,-1.74856730187729));
#5353=CARTESIAN_POINT('Ctrl Pts',(7.3763487776267,52.4209995356565,-1.74856730187729));
#5354=CARTESIAN_POINT('Ctrl Pts',(7.99999836775745,52.7914156154495,-1.74856730187729));
#5355=CARTESIAN_POINT('Ctrl Pts',(8.73821740986537,52.6812250258225,-1.74856730187729));
#5356=CARTESIAN_POINT('Ctrl Pts',(9.07802316634722,52.4770080286207,-1.74856730187729));
#5357=CARTESIAN_POINT('Ctrl Pts',(7.37322686795027,52.0203017829167,-1.48010081596456));
#5358=CARTESIAN_POINT('Ctrl Pts',(7.53874546068741,52.2006676919672,-1.48010081596456));
#5359=CARTESIAN_POINT('Ctrl Pts',(8.05216626191892,52.5056205425592,-1.48010081596456));
#5360=CARTESIAN_POINT('Ctrl Pts',(8.65988375937071,52.4148995727965,-1.48010081596456));
#5361=CARTESIAN_POINT('Ctrl Pts',(8.93965108765634,52.2467645644635,-1.48010081596456));
#5362=CARTESIAN_POINT('Ctrl Pts',(7.50295771684432,51.9012500859714,-1.16484203715714));
#5363=CARTESIAN_POINT('Ctrl Pts',(7.64515014667815,52.0561974332329,-1.16484203715714));
#5364=CARTESIAN_POINT('Ctrl Pts',(8.08633217379545,52.3182223582801,-1.16484203715714));
#5365=CARTESIAN_POINT('Ctrl Pts',(8.60861054511423,52.240284591465,-1.16484203715714));
#5366=CARTESIAN_POINT('Ctrl Pts',(8.84895089322381,52.0958444715991,-1.16484203715714));
#5367=CARTESIAN_POINT('Ctrl Pts',(7.55759360397909,51.8511117022874,-0.834187002171846));
#5368=CARTESIAN_POINT('Ctrl Pts',(7.69001749398747,51.9954142540816,-0.834187002171846));
#5369=CARTESIAN_POINT('Ctrl Pts',(8.10075833906008,52.2393832717116,-0.834187002171846));
#5370=CARTESIAN_POINT('Ctrl Pts',(8.58692358643903,52.166801941814,-0.834187002171846));
#5371=CARTESIAN_POINT('Ctrl Pts',(8.81075268802926,52.0322847768124,-0.834187002171846));
#5372=CARTESIAN_POINT('Ctrl Pts',(7.5583372334381,51.8504292867343,-0.612199737628207));
#5373=CARTESIAN_POINT('Ctrl Pts',(7.69058976727925,51.9945451114041,-0.612199737628207));
#5374=CARTESIAN_POINT('Ctrl Pts',(8.10092878107562,52.2382523131102,-0.612199737628207));
#5375=CARTESIAN_POINT('Ctrl Pts',(8.58669331864372,52.1657627887508,-0.612199737628207));
#5376=CARTESIAN_POINT('Ctrl Pts',(8.81023278596206,52.0314196886089,-0.612199737628207));
#5377=CARTESIAN_POINT('Ctrl Pts',(7.5583372334381,51.8504292867343,-0.5));
#5378=CARTESIAN_POINT('Ctrl Pts',(7.69061150970988,51.99456880417,-0.5));
#5379=CARTESIAN_POINT('Ctrl Pts',(8.10094345002151,52.2382851011276,-0.5));
#5380=CARTESIAN_POINT('Ctrl Pts',(8.58665656856249,52.1657848748724,-0.5));
#5381=CARTESIAN_POINT('Ctrl Pts',(8.81023278596206,52.0314196886089,-0.5));
#5382=CARTESIAN_POINT('',(8.81023278596206,52.0314196886089,-0.5));
#5383=CARTESIAN_POINT('Ctrl Pts',(9.58290415050476,53.3171019831186,-2.));
#5384=CARTESIAN_POINT('Ctrl Pts',(9.52510846758841,53.2209331723738,-2.));
#5385=CARTESIAN_POINT('Ctrl Pts',(9.41070892618592,53.0305786806317,-1.9987340784163));
#5386=CARTESIAN_POINT('Ctrl Pts',(9.24048325514923,52.7473326055653,-1.92509155881152));
#5387=CARTESIAN_POINT('Ctrl Pts',(9.07802316634722,52.4770080286207,-1.74856730187729));
#5388=CARTESIAN_POINT('Ctrl Pts',(8.93965108765634,52.2467645644635,-1.48010081596456));
#5389=CARTESIAN_POINT('Ctrl Pts',(8.84895089322381,52.0958444715991,-1.16484203715714));
#5390=CARTESIAN_POINT('Ctrl Pts',(8.81075268802926,52.0322847768124,-0.834187002171846));
#5391=CARTESIAN_POINT('Ctrl Pts',(8.81023278596206,52.0314196886089,-0.612199737628207));
#5392=CARTESIAN_POINT('Ctrl Pts',(8.81023278596206,52.0314196886089,-0.5));
#5393=CARTESIAN_POINT('Origin',(8.2951185429336,51.1742981589358,-0.5));
#5394=CARTESIAN_POINT('Ctrl Pts',(18.5456360489194,51.0383501957321,-0.5));
#5395=CARTESIAN_POINT('Ctrl Pts',(16.7290971862669,50.4002007577057,-0.5));
#5396=CARTESIAN_POINT('Ctrl Pts',(13.266785946789,50.1009412160053,-0.5));
#5397=CARTESIAN_POINT('Ctrl Pts',(10.0479395965582,51.287580705735,-0.5));
#5398=CARTESIAN_POINT('Ctrl Pts',(8.81023278596206,52.0314196886089,-0.5));
#5399=CARTESIAN_POINT('Ctrl Pts',(18.5456360489194,51.0383501957321,-0.612199737628207));
#5400=CARTESIAN_POINT('Ctrl Pts',(16.7290722690682,50.4001920043029,-0.612199737628207));
#5401=CARTESIAN_POINT('Ctrl Pts',(13.2667985488961,50.1009249597066,-0.612199737628207));
#5402=CARTESIAN_POINT('Ctrl Pts',(10.0479565740021,51.2875705026041,-0.612199737628207));
#5403=CARTESIAN_POINT('Ctrl Pts',(8.81023278596206,52.0314196886089,-0.612199737628207));
#5404=CARTESIAN_POINT('Ctrl Pts',(18.5452160546832,51.0395457399206,-0.834285944886361));
#5405=CARTESIAN_POINT('Ctrl Pts',(16.7288560170893,50.4014591230719,-0.834285944886361));
#5406=CARTESIAN_POINT('Ctrl Pts',(13.2669584138099,50.1022261315316,-0.834285944886361));
#5407=CARTESIAN_POINT('Ctrl Pts',(10.0484704908821,51.2887400503944,-0.834285944886361));
#5408=CARTESIAN_POINT('Ctrl Pts',(8.81088552353273,52.0325058077225,-0.834285944886361));
#5409=CARTESIAN_POINT('Ctrl Pts',(18.5208079944139,51.1090250615327,-1.16474752129314));
#5410=CARTESIAN_POINT('Ctrl Pts',(16.716111111922,50.4750357068053,-1.16474752129314));
#5411=CARTESIAN_POINT('Ctrl Pts',(13.2763387072698,50.1777283071808,-1.16474752129314));
#5412=CARTESIAN_POINT('Ctrl Pts',(10.0784577403571,51.3566359547268,-1.16474752129314));
#5413=CARTESIAN_POINT('Ctrl Pts',(8.84881951546375,52.0956258662932,-1.16474752129314));
#5414=CARTESIAN_POINT('Ctrl Pts',(18.4623001681964,51.2755718509839,-1.48013405570041));
#5415=CARTESIAN_POINT('Ctrl Pts',(16.6854618940091,50.6513692151643,-1.48013405570041));
#5416=CARTESIAN_POINT('Ctrl Pts',(13.2988738899762,50.3586478470993,-1.48013405570042));
#5417=CARTESIAN_POINT('Ctrl Pts',(10.1504065837005,51.5193467298119,-1.48013405570041));
#5418=CARTESIAN_POINT('Ctrl Pts',(8.93974994513109,52.2469290578184,-1.48013405570041));
#5419=CARTESIAN_POINT('Ctrl Pts',(18.3733191446813,51.5288628164257,-1.74875776723101));
#5420=CARTESIAN_POINT('Ctrl Pts',(16.6388997323987,50.9195619112779,-1.74875776723101));
#5421=CARTESIAN_POINT('Ctrl Pts',(13.3331208072457,50.6338303335698,-1.74875776723101));
#5422=CARTESIAN_POINT('Ctrl Pts',(10.2597949092768,51.7668243641506,-1.74875776723101));
#5423=CARTESIAN_POINT('Ctrl Pts',(9.07804055039803,52.477036954717,-1.74875776723101));
#5424=CARTESIAN_POINT('Ctrl Pts',(18.2688291173523,51.8263012910089,-1.92483505945183));
#5425=CARTESIAN_POINT('Ctrl Pts',(16.5842232588846,51.2344998690963,-1.92483505945183));
#5426=CARTESIAN_POINT('Ctrl Pts',(13.3733361705628,50.9569767539503,-1.92483505945183));
#5427=CARTESIAN_POINT('Ctrl Pts',(10.3882482772996,52.0574367892538,-1.92483505945183));
#5428=CARTESIAN_POINT('Ctrl Pts',(9.24043460424062,52.7472516531518,-1.92483505945183));
#5429=CARTESIAN_POINT('Ctrl Pts',(18.1592359598997,52.138266197237,-1.99899021803558));
#5430=CARTESIAN_POINT('Ctrl Pts',(16.5268401678814,51.5648061525716,-1.99899021803558));
#5431=CARTESIAN_POINT('Ctrl Pts',(13.4155339505083,51.2958814569831,-1.99899021803558));
#5432=CARTESIAN_POINT('Ctrl Pts',(10.5229998433655,52.3622274066824,-1.99899021803558));
#5433=CARTESIAN_POINT('Ctrl Pts',(9.41075973063858,53.030663216423,-1.99899021803558));
#5434=CARTESIAN_POINT('Ctrl Pts',(18.0856599737955,52.3477056014768,-1.99999999999999));
#5435=CARTESIAN_POINT('Ctrl Pts',(16.4883513091479,51.7865716518231,-1.99999999999999));
#5436=CARTESIAN_POINT('Ctrl Pts',(13.4438456617019,51.523430274658,-1.99999999999999));
#5437=CARTESIAN_POINT('Ctrl Pts',(10.6134418104665,52.5668648907229,-1.99999999999999));
#5438=CARTESIAN_POINT('Ctrl Pts',(9.52510846758841,53.2209331723738,-1.99999999999999));
#5439=CARTESIAN_POINT('Ctrl Pts',(18.0484722052503,52.4535632936605,-1.99999999999999));
#5440=CARTESIAN_POINT('Ctrl Pts',(16.4688731942481,51.8986507388549,-1.99999999999999));
#5441=CARTESIAN_POINT('Ctrl Pts',(13.4581677686152,51.6384250504198,-1.99999999999999));
#5442=CARTESIAN_POINT('Ctrl Pts',(10.6591709423275,52.6702854762717,-1.99999999999999));
#5443=CARTESIAN_POINT('Ctrl Pts',(9.58290415050476,53.3171019831186,-1.99999999999999));
#5444=CARTESIAN_POINT('Ctrl Pts',(18.0484722052503,52.4535632936605,-1.99999999999999));
#5445=CARTESIAN_POINT('Ctrl Pts',(18.0856599737955,52.3477056014768,-1.99999999999999));
#5446=CARTESIAN_POINT('Ctrl Pts',(18.1592359598997,52.138266197237,-1.99899021803558));
#5447=CARTESIAN_POINT('Ctrl Pts',(18.2688291173523,51.8263012910089,-1.92483505945183));
#5448=CARTESIAN_POINT('Ctrl Pts',(18.3733191446813,51.5288628164257,-1.74875776723101));
#5449=CARTESIAN_POINT('Ctrl Pts',(18.4623001681964,51.2755718509839,-1.48013405570041));
#5450=CARTESIAN_POINT('Ctrl Pts',(18.5208079944139,51.1090250615327,-1.16474752129314));
#5451=CARTESIAN_POINT('Ctrl Pts',(18.5452160546832,51.0395457399206,-0.834285944886361));
#5452=CARTESIAN_POINT('Ctrl Pts',(18.5456360489194,51.0383501957321,-0.612199737628207));
#5453=CARTESIAN_POINT('Ctrl Pts',(18.5456360489194,51.0383501957321,-0.5));
#5454=CARTESIAN_POINT('Origin',(14.7340465807894,61.88831727985,-0.5));
#5455=CARTESIAN_POINT('Ctrl Pts',(18.0484722052503,52.4535632936605,-2.));
#5456=CARTESIAN_POINT('Ctrl Pts',(18.5536719028732,52.6310397626519,-2.));
#5457=CARTESIAN_POINT('Ctrl Pts',(19.8716968169456,52.654483961215,-2.));
#5458=CARTESIAN_POINT('Ctrl Pts',(20.8864110635914,51.7448189703192,-2.));
#5459=CARTESIAN_POINT('Ctrl Pts',(21.1705561790904,51.0898424580664,-2.));
#5460=CARTESIAN_POINT('Ctrl Pts',(18.0856599737955,52.3477056014768,-2.));
#5461=CARTESIAN_POINT('Ctrl Pts',(18.5682033459899,52.517222911632,-2.));
#5462=CARTESIAN_POINT('Ctrl Pts',(19.8270752005113,52.5396214934721,-2.));
#5463=CARTESIAN_POINT('Ctrl Pts',(20.7962228815222,51.6707916682155,-2.));
#5464=CARTESIAN_POINT('Ctrl Pts',(21.0676251465484,51.0451884138634,-2.));
#5465=CARTESIAN_POINT('Ctrl Pts',(18.1592688290621,52.138172632772,-1.99873253908304));
#5466=CARTESIAN_POINT('Ctrl Pts',(18.5969245700708,52.2919209345099,-1.99873253908304));
#5467=CARTESIAN_POINT('Ctrl Pts',(19.7387104287422,52.3122335975143,-1.99873253908304));
#5468=CARTESIAN_POINT('Ctrl Pts',(20.6177295469858,51.5242086998154,-1.99873253908304));
#5469=CARTESIAN_POINT('Ctrl Pts',(20.8638851596333,50.9568009357924,-1.99873253908304));
#5470=CARTESIAN_POINT('Ctrl Pts',(18.2687978299941,51.8263903527533,-1.92509078020391));
#5471=CARTESIAN_POINT('Ctrl Pts',(18.6396642750556,51.956675599254,-1.92509078020391));
#5472=CARTESIAN_POINT('Ctrl Pts',(19.6072276829135,51.9738855638326,-1.92509078020391));
#5473=CARTESIAN_POINT('Ctrl Pts',(20.352132197696,51.3060989511188,-1.92509078020391));
#5474=CARTESIAN_POINT('Ctrl Pts',(20.5607227597303,50.8252815400218,-1.92509078020391));
#5475=CARTESIAN_POINT('Ctrl Pts',(18.3733303518906,51.5288309142879,-1.74856587446685));
#5476=CARTESIAN_POINT('Ctrl Pts',(18.6804645675453,51.6367270519089,-1.74856587446685));
#5477=CARTESIAN_POINT('Ctrl Pts',(19.4817530354778,51.6509798255929,-1.74856587446685));
#5478=CARTESIAN_POINT('Ctrl Pts',(20.0986450493224,51.0979522329246,-1.74856587446685));
#5479=CARTESIAN_POINT('Ctrl Pts',(20.2713899808643,50.6997617781212,-1.74856587446685));
#5480=CARTESIAN_POINT('Ctrl Pts',(18.4623636564817,51.2753911269549,-1.48010011930148));
#5481=CARTESIAN_POINT('Ctrl Pts',(18.7152320005276,51.3642236837282,-1.48010011930148));
#5482=CARTESIAN_POINT('Ctrl Pts',(19.3748991653426,51.3759641696391,-1.48010011930148));
#5483=CARTESIAN_POINT('Ctrl Pts',(19.882733501597,50.9206894000787,-1.48010011930148));
#5484=CARTESIAN_POINT('Ctrl Pts',(20.0249570721237,50.5928530477974,-1.48010011930148));
#5485=CARTESIAN_POINT('Ctrl Pts',(18.5207231247714,51.1092666491527,-1.16484189864753));
#5486=CARTESIAN_POINT('Ctrl Pts',(18.7379553019748,51.1855802335487,-1.16484189864753));
#5487=CARTESIAN_POINT('Ctrl Pts',(19.304793597715,51.1956484798931,-1.16484189864753));
#5488=CARTESIAN_POINT('Ctrl Pts',(19.7412451339357,50.8044117246482,-1.16484189864753));
#5489=CARTESIAN_POINT('Ctrl Pts',(19.8634254566319,50.5227766119527,-1.16484189864753));
#5490=CARTESIAN_POINT('Ctrl Pts',(18.5453013264109,51.0393030077362,-0.834186844811625));
#5491=CARTESIAN_POINT('Ctrl Pts',(18.7476097754182,51.1103738918755,-0.834186844811625));
#5492=CARTESIAN_POINT('Ctrl Pts',(19.2753518225816,51.1197704959488,-0.834186844811626));
#5493=CARTESIAN_POINT('Ctrl Pts',(19.6816095046006,50.75555072614,-0.834186844811625));
#5494=CARTESIAN_POINT('Ctrl Pts',(19.7953961079578,50.4932637870274,-0.834186844811625));
#5495=CARTESIAN_POINT('Ctrl Pts',(18.5456360489194,51.0383501957321,-0.612199737628207));
#5496=CARTESIAN_POINT('Ctrl Pts',(18.747682711323,51.1093291143332,-0.612199737628207));
#5497=CARTESIAN_POINT('Ctrl Pts',(19.2748931458121,51.1186939708981,-0.612199737628207));
#5498=CARTESIAN_POINT('Ctrl Pts',(19.6808302746653,50.754809401994,-0.612199737628207));
#5499=CARTESIAN_POINT('Ctrl Pts',(19.7944696384554,50.4928618614945,-0.612199737628207));
#5500=CARTESIAN_POINT('Ctrl Pts',(18.5456360489194,51.0383501957321,-0.5));
#5501=CARTESIAN_POINT('Ctrl Pts',(18.7477159279686,51.1093407833287,-0.5));
#5502=CARTESIAN_POINT('Ctrl Pts',(19.2749258935976,51.1187184627539,-0.5));
#5503=CARTESIAN_POINT('Ctrl Pts',(19.6808115922559,50.7548524663956,-0.5));
#5504=CARTESIAN_POINT('Ctrl Pts',(19.7944696384554,50.4928618614945,-0.5));
#5505=CARTESIAN_POINT('Ctrl Pts',(21.1705561790904,51.0898424580664,-2.));
#5506=CARTESIAN_POINT('Ctrl Pts',(21.0676251465484,51.0451884138634,-2.));
#5507=CARTESIAN_POINT('Ctrl Pts',(20.8638851596333,50.9568009357924,-1.99873253908304));
#5508=CARTESIAN_POINT('Ctrl Pts',(20.5607227597303,50.8252815400218,-1.92509078020391));
#5509=CARTESIAN_POINT('Ctrl Pts',(20.2713899808643,50.6997617781212,-1.74856587446685));
#5510=CARTESIAN_POINT('Ctrl Pts',(20.0249570721237,50.5928530477974,-1.48010011930148));
#5511=CARTESIAN_POINT('Ctrl Pts',(19.8634254566319,50.5227766119527,-1.16484189864753));
#5512=CARTESIAN_POINT('Ctrl Pts',(19.7953961079578,50.4932637870274,-0.834186844811625));
#5513=CARTESIAN_POINT('Ctrl Pts',(19.7944696384554,50.4928618614945,-0.612199737628207));
#5514=CARTESIAN_POINT('Ctrl Pts',(19.7944696384554,50.4928618614945,-0.5));
#5515=CARTESIAN_POINT('Ctrl Pts',(22.8145513504207,44.547179515417,-0.5));
#5516=CARTESIAN_POINT('Ctrl Pts',(21.6888667984442,46.4655738543318,-0.5));
#5517=CARTESIAN_POINT('Ctrl Pts',(20.6797026090346,48.4523312594357,-0.5));
#5518=CARTESIAN_POINT('Ctrl Pts',(19.7944696384554,50.4928618614944,-0.5));
#5519=CARTESIAN_POINT('Ctrl Pts',(22.8145513504207,44.547179515417,-0.612199737628207));
#5520=CARTESIAN_POINT('Ctrl Pts',(21.6888635699026,46.4655793564201,-0.612199737628207));
#5521=CARTESIAN_POINT('Ctrl Pts',(20.6797051479443,48.4523254070521,-0.612199737628208));
#5522=CARTESIAN_POINT('Ctrl Pts',(19.7944696384554,50.4928618614944,-0.612199737628208));
#5523=CARTESIAN_POINT('Ctrl Pts',(22.8156444810001,44.5478209477762,-0.834286034398517));
#5524=CARTESIAN_POINT('Ctrl Pts',(21.6899830995308,46.4661757994565,-0.834286034398517));
#5525=CARTESIAN_POINT('Ctrl Pts',(20.6808471135576,48.452877680012,-0.834286034398519));
#5526=CARTESIAN_POINT('Ctrl Pts',(19.7956323641548,50.4933662808468,-0.834286034398519));
#5527=CARTESIAN_POINT('Ctrl Pts',(22.879159072833,44.5850903419779,-1.16474752903706));
#5528=CARTESIAN_POINT('Ctrl Pts',(21.755008895782,46.5008697954296,-1.16474752903706));
#5529=CARTESIAN_POINT('Ctrl Pts',(20.7472170137939,48.4849255173383,-1.16474752903707));
#5530=CARTESIAN_POINT('Ctrl Pts',(19.8631906683487,50.5226747549508,-1.16474752903707));
#5531=CARTESIAN_POINT('Ctrl Pts',(23.0314083404346,44.6744278911524,-1.48013406551422));
#5532=CARTESIAN_POINT('Ctrl Pts',(21.9108678257426,46.5840557492724,-1.48013406551422));
#5533=CARTESIAN_POINT('Ctrl Pts',(20.9063207436587,48.5617233825972,-1.48013406551422));
#5534=CARTESIAN_POINT('Ctrl Pts',(20.0251330195015,50.5929293781498,-1.48013406551422));
#5535=CARTESIAN_POINT('Ctrl Pts',(23.2629548199863,44.8102958354059,-1.74875770605001));
#5536=CARTESIAN_POINT('Ctrl Pts',(22.147910551462,46.7105569774998,-1.74875770605001));
#5537=CARTESIAN_POINT('Ctrl Pts',(21.1482866117057,48.6785323431259,-1.74875770605002));
#5538=CARTESIAN_POINT('Ctrl Pts',(20.2714211093588,50.699775282437,-1.74875770605002));
#5539=CARTESIAN_POINT('Ctrl Pts',(23.5348588829033,44.969844994323,-1.92483489018956));
#5540=CARTESIAN_POINT('Ctrl Pts',(22.4262689967447,46.8591065623624,-1.92483489018956));
#5541=CARTESIAN_POINT('Ctrl Pts',(21.4324259904213,48.8157009134551,-1.92483489018957));
#5542=CARTESIAN_POINT('Ctrl Pts',(20.5606361836277,50.8252439811534,-1.92483489018957));
#5543=CARTESIAN_POINT('Ctrl Pts',(23.8200424024478,45.1371863359427,-1.99899011755268));
#5544=CARTESIAN_POINT('Ctrl Pts',(22.7182174167309,47.0149191442705,-1.99899011755268));
#5545=CARTESIAN_POINT('Ctrl Pts',(21.730446084116,48.9595600958783,-1.99899011755268));
#5546=CARTESIAN_POINT('Ctrl Pts',(20.8639761628118,50.9568404152366,-1.99899011755268));
#5547=CARTESIAN_POINT('Ctrl Pts',(24.0115019459273,45.249531877238,-2.));
#5548=CARTESIAN_POINT('Ctrl Pts',(22.914223227618,47.1195169256427,-2.));
#5549=CARTESIAN_POINT('Ctrl Pts',(21.9305199048151,49.0561491223793,-2.00000000000001));
#5550=CARTESIAN_POINT('Ctrl Pts',(21.0676251465484,51.0451884138634,-2.00000000000001));
#5551=CARTESIAN_POINT('Ctrl Pts',(24.1082720261838,45.3063150850638,-2.));
#5552=CARTESIAN_POINT('Ctrl Pts',(23.0132879619885,47.1723895783718,-2.));
#5553=CARTESIAN_POINT('Ctrl Pts',(22.0316464322901,49.1049626906092,-2.00000000000001));
#5554=CARTESIAN_POINT('Ctrl Pts',(21.1705561790904,51.0898424580664,-2.00000000000001));
#5555=CARTESIAN_POINT('Origin',(14.7340465807894,61.88831727985,2.));
#5556=CARTESIAN_POINT('',(8.81023278596206,52.0314196886089,2.));
#5557=CARTESIAN_POINT('Ctrl Pts',(42.929768388731,23.1874871828674,-0.5));
#5558=CARTESIAN_POINT('Ctrl Pts',(42.929768388731,23.1874871828674,-0.531128387016524));
#5559=CARTESIAN_POINT('Ctrl Pts',(42.9279384727824,23.1857358560048,-0.603237964256435));
#5560=CARTESIAN_POINT('Ctrl Pts',(42.9347646441762,23.19398803394,-0.743227934995979));
#5561=CARTESIAN_POINT('Ctrl Pts',(42.9357081654269,23.2014918052601,-0.947990817740281));
#5562=CARTESIAN_POINT('Ctrl Pts',(43.0242470993837,23.2956217674144,-1.29451070953336));
#5563=CARTESIAN_POINT('Ctrl Pts',(43.0750788503034,23.3530170830527,-1.40161366922254));
#5564=CARTESIAN_POINT('Ctrl Pts',(43.0988629564586,23.3810816069997,-1.4518611858394));
#5565=CARTESIAN_POINT('Ctrl Pts',(43.1016707852728,23.3843971065903,-1.45767794829524));
#5566=CARTESIAN_POINT('Ctrl Pts',(43.1051567070762,23.3885269297296,-1.46485533117005));
#5567=CARTESIAN_POINT('Ctrl Pts',(43.1093287041108,23.3934861683257,-1.47329841802977));
#5568=CARTESIAN_POINT('Ctrl Pts',(43.1176515961171,23.4034148347903,-1.48991552228573));
#5569=CARTESIAN_POINT('Ctrl Pts',(43.1300749122822,23.4183563798994,-1.51383611389374));
#5570=CARTESIAN_POINT('Ctrl Pts',(43.1465796895674,23.438426303253,-1.54394868592043));
#5571=CARTESIAN_POINT('Ctrl Pts',(43.160374943715,23.455339865847,-1.56782850891888));
#5572=CARTESIAN_POINT('Ctrl Pts',(43.1714873062305,23.4690222333071,-1.58632940803335));
#5573=CARTESIAN_POINT('Ctrl Pts',(43.1826779980567,23.4828273922656,-1.60447904064194));
#5574=CARTESIAN_POINT('Ctrl Pts',(43.2025206923279,23.507350530724,-1.63540776872088));
#5575=CARTESIAN_POINT('Ctrl Pts',(43.2320692973367,23.5437989687711,-1.67789633613621));
#5576=CARTESIAN_POINT('Ctrl Pts',(43.270726138299,23.5908502405101,-1.72732204411168));
#5577=CARTESIAN_POINT('Ctrl Pts',(43.3069672253654,23.6339664344656,-1.76792489206204));
#5578=CARTESIAN_POINT('Ctrl Pts',(43.3393845596273,23.671654522758,-1.80018405118281));
#5579=CARTESIAN_POINT('Ctrl Pts',(43.365739258481,23.7018062579692,-1.82426419694134));
#5580=CARTESIAN_POINT('Ctrl Pts',(43.3897650699084,23.7288448120965,-1.84423956469714));
#5581=CARTESIAN_POINT('Ctrl Pts',(43.4076979812422,23.7487981928158,-1.85800635818582));
#5582=CARTESIAN_POINT('Ctrl Pts',(43.4169577356057,23.7590446502927,-1.86482145033103));
#5583=CARTESIAN_POINT('Ctrl Pts',(43.4223005261022,23.7649487157627,-1.86867323087816));
#5584=CARTESIAN_POINT('Ctrl Pts',(43.5123760166954,23.8640762168956,-1.93256947539594));
#5585=CARTESIAN_POINT('Ctrl Pts',(43.6911032377212,24.0634068354176,-1.99048466646367));
#5586=CARTESIAN_POINT('Ctrl Pts',(43.7619202145435,24.1933743009987,-1.99399001966478));
#5587=CARTESIAN_POINT('Ctrl Pts',(43.8201147750484,24.3139593220131,-2.00060831691327));
#5588=CARTESIAN_POINT('Ctrl Pts',(43.8369083906707,24.3759409230202,-1.99982721859138));
#5589=CARTESIAN_POINT('Ctrl Pts',(43.8461994359737,24.4111135213701,-2.00001006857567));
#5590=CARTESIAN_POINT('Ctrl Pts',(43.8472647434776,24.4154010246342,-2.));
#5591=CARTESIAN_POINT('Ctrl Pts',(43.8482981945165,24.4196232036174,-2.));
#5592=CARTESIAN_POINT('Ctrl Pts',(43.0539556055393,23.0422709481219,-0.5));
#5593=CARTESIAN_POINT('Ctrl Pts',(43.0539556055393,23.0422709481219,-0.531128387016524));
#5594=CARTESIAN_POINT('Ctrl Pts',(43.0521505460055,23.0397381083592,-0.6049600245117));
#5595=CARTESIAN_POINT('Ctrl Pts',(43.0584932061728,23.0499029021327,-0.748841422544635));
#5596=CARTESIAN_POINT('Ctrl Pts',(43.0602483196982,23.0576899218733,-0.972632430060409));
#5597=CARTESIAN_POINT('Ctrl Pts',(43.1463430776461,23.1874853814288,-1.34012223203794));
#5598=CARTESIAN_POINT('Ctrl Pts',(43.1935111501366,23.2601403634175,-1.44572588491426));
#5599=CARTESIAN_POINT('Ctrl Pts',(43.2153883845558,23.2947115561959,-1.49549450680014));
#5600=CARTESIAN_POINT('Ctrl Pts',(43.2179687728917,23.2987901623756,-1.5012384503163));
#5601=CARTESIAN_POINT('Ctrl Pts',(43.2211686614673,23.3038576197901,-1.50832182186881));
#5602=CARTESIAN_POINT('Ctrl Pts',(43.2249924433782,23.3099243322381,-1.51663472375043));
#5603=CARTESIAN_POINT('Ctrl Pts',(43.2326091840531,23.322033321853,-1.53296762914499));
#5604=CARTESIAN_POINT('Ctrl Pts',(43.2439342402995,23.3401216907073,-1.55636831812713));
#5605=CARTESIAN_POINT('Ctrl Pts',(43.2588948189868,23.3641699256636,-1.58562540363989));
#5606=CARTESIAN_POINT('Ctrl Pts',(43.2713274115617,23.384251206755,-1.60867551140051));
#5607=CARTESIAN_POINT('Ctrl Pts',(43.2813003036945,23.4003994511188,-1.62644866038217));
#5608=CARTESIAN_POINT('Ctrl Pts',(43.2913137925451,23.4166309176817,-1.64382897002428));
#5609=CARTESIAN_POINT('Ctrl Pts',(43.3089914915283,23.4453130588143,-1.67330329048446));
#5610=CARTESIAN_POINT('Ctrl Pts',(43.3350696503541,23.4875528842417,-1.7133992572048));
#5611=CARTESIAN_POINT('Ctrl Pts',(43.36872537913,23.5415394090228,-1.75938353557332));
#5612=CARTESIAN_POINT('Ctrl Pts',(43.3997942008708,23.5905535845339,-1.79655851057558));
#5613=CARTESIAN_POINT('Ctrl Pts',(43.4272204508841,23.6330824798385,-1.8256870315168));
#5614=CARTESIAN_POINT('Ctrl Pts',(43.449316703346,23.666929589765,-1.84721826079197));
#5615=CARTESIAN_POINT('Ctrl Pts',(43.4692726009571,23.6971092299015,-1.86489491038579));
#5616=CARTESIAN_POINT('Ctrl Pts',(43.4840616272874,23.7192726010055,-1.87698108364017));
#5617=CARTESIAN_POINT('Ctrl Pts',(43.4916705621042,23.7306247961896,-1.88294012607684));
#5618=CARTESIAN_POINT('Ctrl Pts',(43.496054342933,23.7371575102565,-1.88630231677565));
#5619=CARTESIAN_POINT('Ctrl Pts',(43.5698326714344,23.846742654279,-1.94196785341293));
#5620=CARTESIAN_POINT('Ctrl Pts',(43.7113633236263,24.05827621971,-1.99041653280694));
#5621=CARTESIAN_POINT('Ctrl Pts',(43.7708911114046,24.1910246637883,-1.99464581069199));
#5622=CARTESIAN_POINT('Ctrl Pts',(43.8208141492563,24.3139065670942,-2.00030227404094));
#5623=CARTESIAN_POINT('Ctrl Pts',(43.8371132964772,24.3758926628977,-1.9998442145821));
#5624=CARTESIAN_POINT('Ctrl Pts',(43.8462037065019,24.411112581334,-2.00000862379323));
#5625=CARTESIAN_POINT('Ctrl Pts',(43.8472647434776,24.4154010246342,-2.));
#5626=CARTESIAN_POINT('Ctrl Pts',(43.8482981945165,24.4196232036174,-2.));
#5627=CARTESIAN_POINT('Ctrl Pts',(43.3876878818492,22.8254171030351,-0.5));
#5628=CARTESIAN_POINT('Ctrl Pts',(43.3876878818492,22.8254171030351,-0.531128387016524));
#5629=CARTESIAN_POINT('Ctrl Pts',(43.3866858870326,22.8220778886336,-0.606863695679771));
#5630=CARTESIAN_POINT('Ctrl Pts',(43.3907700269839,22.8350103754669,-0.754846314989587));
#5631=CARTESIAN_POINT('Ctrl Pts',(43.3941985324032,22.8435141851866,-0.999166699702723));
#5632=CARTESIAN_POINT('Ctrl Pts',(43.4489645608793,23.0214906872018,-1.38831560278411));
#5633=CARTESIAN_POINT('Ctrl Pts',(43.4778029156866,23.1151222614129,-1.49195052029103));
#5634=CARTESIAN_POINT('Ctrl Pts',(43.4912384797099,23.1586877072258,-1.54108363850502));
#5635=CARTESIAN_POINT('Ctrl Pts',(43.4928212398556,23.1638209974419,-1.54673513840444));
#5636=CARTESIAN_POINT('Ctrl Pts',(43.4947837289887,23.1701859840066,-1.55370050770901));
#5637=CARTESIAN_POINT('Ctrl Pts',(43.4971267732239,23.1777866382486,-1.56185394506399));
#5638=CARTESIAN_POINT('Ctrl Pts',(43.5017908454797,23.1929191499844,-1.57784408757474));
#5639=CARTESIAN_POINT('Ctrl Pts',(43.5087117720981,23.2153871358944,-1.60063641236608));
#5640=CARTESIAN_POINT('Ctrl Pts',(43.5178193769862,23.2449959677223,-1.62892024852681));
#5641=CARTESIAN_POINT('Ctrl Pts',(43.5253502744157,23.2695284635439,-1.6510433536341));
#5642=CARTESIAN_POINT('Ctrl Pts',(43.5313628707303,23.2891525133072,-1.6680115435837));
#5643=CARTESIAN_POINT('Ctrl Pts',(43.5373781595534,23.3088139307574,-1.68454575269639));
#5644=CARTESIAN_POINT('Ctrl Pts',(43.5479337492251,23.3433979095836,-1.7124324599446));
#5645=CARTESIAN_POINT('Ctrl Pts',(43.563272032076,23.393940653086,-1.74994776848195));
#5646=CARTESIAN_POINT('Ctrl Pts',(43.582524943067,23.4579987546173,-1.79226862544759));
#5647=CARTESIAN_POINT('Ctrl Pts',(43.5996807239271,23.5157326591216,-1.82583568423063));
#5648=CARTESIAN_POINT('Ctrl Pts',(43.6143369578456,23.5655382776298,-1.85169643394706));
#5649=CARTESIAN_POINT('Ctrl Pts',(43.6258782124911,23.6050188616238,-1.87058079815037));
#5650=CARTESIAN_POINT('Ctrl Pts',(43.63605472047,23.6400677931709,-1.88588257190144));
#5651=CARTESIAN_POINT('Ctrl Pts',(43.6434609670779,23.6657072779946,-1.89623911203836));
#5652=CARTESIAN_POINT('Ctrl Pts',(43.6472371050201,23.6788132085984,-1.90131882161587));
#5653=CARTESIAN_POINT('Ctrl Pts',(43.649405075696,23.6863464186581,-1.90417852652523));
#5654=CARTESIAN_POINT('Ctrl Pts',(43.6857176184914,23.8126530648981,-1.95140371605149));
#5655=CARTESIAN_POINT('Ctrl Pts',(43.7513742667409,24.0473858998408,-1.99037582265114));
#5656=CARTESIAN_POINT('Ctrl Pts',(43.7886628806142,24.186047747339,-1.99531396605549));
#5657=CARTESIAN_POINT('Ctrl Pts',(43.8220368667076,24.3135817608798,-2.0000054338726));
#5658=CARTESIAN_POINT('Ctrl Pts',(43.8375088832827,24.3757752457276,-1.99986211929437));
#5659=CARTESIAN_POINT('Ctrl Pts',(43.8462126812466,24.4111114097039,-2.00000714761305));
#5660=CARTESIAN_POINT('Ctrl Pts',(43.8472647434776,24.4154010246341,-2.));
#5661=CARTESIAN_POINT('Ctrl Pts',(43.8482981945165,24.4196232036174,-2.));
#5662=CARTESIAN_POINT('Ctrl Pts',(43.785683354305,22.823859449508,-0.5));
#5663=CARTESIAN_POINT('Ctrl Pts',(43.785683354305,22.823859449508,-0.531128387016524));
#5664=CARTESIAN_POINT('Ctrl Pts',(43.7857873960488,22.8207472959687,-0.6049600245117));
#5665=CARTESIAN_POINT('Ctrl Pts',(43.7864812957784,22.8327712794471,-0.748841422544636));
#5666=CARTESIAN_POINT('Ctrl Pts',(43.7908906150189,22.8403914968817,-0.972632430060409));
#5667=CARTESIAN_POINT('Ctrl Pts',(43.7931949453499,22.9965170307264,-1.34012223203794));
#5668=CARTESIAN_POINT('Ctrl Pts',(43.7953663515575,23.0834098577204,-1.44572588491426));
#5669=CARTESIAN_POINT('Ctrl Pts',(43.7968999833984,23.1244680122538,-1.49549450680014));
#5670=CARTESIAN_POINT('Ctrl Pts',(43.7970807778836,23.1293116394783,-1.5012384503163));
#5671=CARTESIAN_POINT('Ctrl Pts',(43.7973103543258,23.1353264988742,-1.50832182186881));
#5672=CARTESIAN_POINT('Ctrl Pts',(43.7975902250469,23.1425238575339,-1.51663472375043));
#5673=CARTESIAN_POINT('Ctrl Pts',(43.7981600145923,23.156881793494,-1.53296762914499));
#5674=CARTESIAN_POINT('Ctrl Pts',(43.7990470216606,23.1783029586306,-1.55636831812713));
#5675=CARTESIAN_POINT('Ctrl Pts',(43.8002808665998,23.2067336410118,-1.58562540363989));
#5676=CARTESIAN_POINT('Ctrl Pts',(43.8013318702409,23.2304440358949,-1.60867551140051));
#5677=CARTESIAN_POINT('Ctrl Pts',(43.8021754905194,23.249498071475,-1.62644866038217));
#5678=CARTESIAN_POINT('Ctrl Pts',(43.803015693383,23.26864478165,-1.64382897002428));
#5679=CARTESIAN_POINT('Ctrl Pts',(43.8044662236521,23.3024696095459,-1.67330329048446));
#5680=CARTESIAN_POINT('Ctrl Pts',(43.8063960684113,23.3523042037255,-1.7133992572048));
#5681=CARTESIAN_POINT('Ctrl Pts',(43.808228141082,23.4161566972957,-1.75938353557332));
#5682=CARTESIAN_POINT('Ctrl Pts',(43.8090766073329,23.4743781846463,-1.79655851057557));
#5683=CARTESIAN_POINT('Ctrl Pts',(43.8091336847321,23.5251227589565,-1.8256870315168));
#5684=CARTESIAN_POINT('Ctrl Pts',(43.808799602717,23.565637825878,-1.84721826079197));
#5685=CARTESIAN_POINT('Ctrl Pts',(43.8081482497065,23.6018844716764,-1.86489491038579));
#5686=CARTESIAN_POINT('Ctrl Pts',(43.807479486778,23.6285665724125,-1.87698108364017));
#5687=CARTESIAN_POINT('Ctrl Pts',(43.8070886797674,23.6422492549336,-1.88294012607684));
#5688=CARTESIAN_POINT('Ctrl Pts',(43.8068542920089,23.6501253203603,-1.88630231677565));
#5689=CARTESIAN_POINT('Ctrl Pts',(43.8026431911601,23.7823633481063,-1.94196785341293));
#5690=CARTESIAN_POINT('Ctrl Pts',(43.7914919882719,24.0368296175658,-1.99041653280693));
#5691=CARTESIAN_POINT('Ctrl Pts',(43.8065875216904,24.1816174002591,-1.99464581069199));
#5692=CARTESIAN_POINT('Ctrl Pts',(43.8232984140167,24.3133799394311,-2.00030227404094));
#5693=CARTESIAN_POINT('Ctrl Pts',(43.8379131678785,24.3756883868287,-1.99984421458211));
#5694=CARTESIAN_POINT('Ctrl Pts',(43.8462212659627,24.4111088433647,-2.00000862379323));
#5695=CARTESIAN_POINT('Ctrl Pts',(43.8472647434777,24.4154010246341,-2.));
#5696=CARTESIAN_POINT('Ctrl Pts',(43.8482981945165,24.4196232036174,-2.));
#5697=CARTESIAN_POINT('Ctrl Pts',(43.9691506101291,22.8772447067673,-0.5));
#5698=CARTESIAN_POINT('Ctrl Pts',(43.9691506101291,22.8772447067673,-0.531128387016524));
#5699=CARTESIAN_POINT('Ctrl Pts',(43.9696981251463,22.8747684667884,-0.60323796425644));
#5700=CARTESIAN_POINT('Ctrl Pts',(43.9689302936599,22.8855371414977,-0.743227934995989));
#5701=CARTESIAN_POINT('Ctrl Pts',(43.9737500453873,22.8927639407902,-0.947990817740297));
#5702=CARTESIAN_POINT('Ctrl Pts',(43.9544190914806,23.0210021845782,-1.29451070953337));
#5703=CARTESIAN_POINT('Ctrl Pts',(43.9452061696857,23.0975082500599,-1.40161366922256));
#5704=CARTESIAN_POINT('Ctrl Pts',(43.9416071331626,23.1343587596357,-1.45186118583941));
#5705=CARTESIAN_POINT('Ctrl Pts',(43.9411829167016,23.1387110584893,-1.45767794829526));
#5706=CARTESIAN_POINT('Ctrl Pts',(43.9406637870309,23.1441262235162,-1.46485533117007));
#5707=CARTESIAN_POINT('Ctrl Pts',(43.9400509697066,23.1506214110516,-1.47329841802978));
#5708=CARTESIAN_POINT('Ctrl Pts',(43.9388466526802,23.1636092273524,-1.48991552228574));
#5709=CARTESIAN_POINT('Ctrl Pts',(43.9371092389259,23.1830995357003,-1.51383611389376));
#5710=CARTESIAN_POINT('Ctrl Pts',(43.9348995823699,23.2091794091071,-1.54394868592044));
#5711=CARTESIAN_POINT('Ctrl Pts',(43.9331011562918,23.2310931326667,-1.56782850891889));
#5712=CARTESIAN_POINT('Ctrl Pts',(43.9316629869374,23.2487918863011,-1.58632940803337));
#5713=CARTESIAN_POINT('Ctrl Pts',(43.9302125820497,23.266635421863,-1.60447904064196));
#5714=CARTESIAN_POINT('Ctrl Pts',(43.9276172448748,23.2983050408049,-1.6354077687209));
#5715=CARTESIAN_POINT('Ctrl Pts',(43.9235414637243,23.3453748883684,-1.67789633613623));
#5716=CARTESIAN_POINT('Ctrl Pts',(43.9174855824067,23.4063362218158,-1.7273220441117));
#5717=CARTESIAN_POINT('Ctrl Pts',(43.9108606872389,23.4625459149342,-1.76792489206206));
#5718=CARTESIAN_POINT('Ctrl Pts',(43.904156599481,23.5119994384191,-1.80018405118283));
#5719=CARTESIAN_POINT('Ctrl Pts',(43.898282391885,23.5517461992874,-1.82426419694136));
#5720=CARTESIAN_POINT('Ctrl Pts',(43.8925401114665,23.5875588047366,-1.84423956469716));
#5721=CARTESIAN_POINT('Ctrl Pts',(43.88805090729,23.6140727204781,-1.85800635818584));
#5722=CARTESIAN_POINT('Ctrl Pts',(43.8856822985187,23.6277094814095,-1.86482145033105));
#5723=CARTESIAN_POINT('Ctrl Pts',(43.8843060018129,23.6355695042542,-1.86867323087818));
#5724=CARTESIAN_POINT('Ctrl Pts',(43.8608065446496,23.7677100637408,-1.93256947539596));
#5725=CARTESIAN_POINT('Ctrl Pts',(43.8115960192635,24.0311501841088,-1.99048466646366));
#5726=CARTESIAN_POINT('Ctrl Pts',(43.8155393543438,24.1792377134727,-1.99399001966479));
#5727=CARTESIAN_POINT('Ctrl Pts',(43.8239441004075,24.3131394838599,-2.00060831691327));
#5728=CARTESIAN_POINT('Ctrl Pts',(43.8381153140226,24.3756322465629,-1.9998272185914));
#5729=CARTESIAN_POINT('Ctrl Pts',(43.8462255851866,24.4111079799429,-2.00001006857566));
#5730=CARTESIAN_POINT('Ctrl Pts',(43.8472647434777,24.4154010246341,-2.));
#5731=CARTESIAN_POINT('Ctrl Pts',(43.8482981945165,24.4196232036174,-2.));
#5732=CARTESIAN_POINT('',(42.929768388731,23.1874871828674,-0.5));
#5733=CARTESIAN_POINT('Ctrl Pts',(42.929768388731,23.1874871828674,-0.5));
#5734=CARTESIAN_POINT('Ctrl Pts',(42.929768388731,23.1874871828674,-0.531128387016524));
#5735=CARTESIAN_POINT('Ctrl Pts',(42.9279384727824,23.1857358560048,-0.603237964256435));
#5736=CARTESIAN_POINT('Ctrl Pts',(42.9347646441762,23.19398803394,-0.743227934995979));
#5737=CARTESIAN_POINT('Ctrl Pts',(42.9357081654269,23.2014918052601,-0.947990817740281));
#5738=CARTESIAN_POINT('Ctrl Pts',(43.0242470993837,23.2956217674144,-1.29451070953336));
#5739=CARTESIAN_POINT('Ctrl Pts',(43.0750788503034,23.3530170830527,-1.40161366922254));
#5740=CARTESIAN_POINT('Ctrl Pts',(43.0988629564586,23.3810816069997,-1.4518611858394));
#5741=CARTESIAN_POINT('Ctrl Pts',(43.1016707852728,23.3843971065903,-1.45767794829524));
#5742=CARTESIAN_POINT('Ctrl Pts',(43.1051567070762,23.3885269297296,-1.46485533117005));
#5743=CARTESIAN_POINT('Ctrl Pts',(43.1093287041108,23.3934861683257,-1.47329841802977));
#5744=CARTESIAN_POINT('Ctrl Pts',(43.1176515961171,23.4034148347903,-1.48991552228573));
#5745=CARTESIAN_POINT('Ctrl Pts',(43.1300749122822,23.4183563798994,-1.51383611389374));
#5746=CARTESIAN_POINT('Ctrl Pts',(43.1465796895674,23.438426303253,-1.54394868592043));
#5747=CARTESIAN_POINT('Ctrl Pts',(43.160374943715,23.455339865847,-1.56782850891888));
#5748=CARTESIAN_POINT('Ctrl Pts',(43.1714873062305,23.4690222333071,-1.58632940803335));
#5749=CARTESIAN_POINT('Ctrl Pts',(43.1826779980567,23.4828273922656,-1.60447904064194));
#5750=CARTESIAN_POINT('Ctrl Pts',(43.2025206923279,23.507350530724,-1.63540776872088));
#5751=CARTESIAN_POINT('Ctrl Pts',(43.2320692973367,23.5437989687711,-1.67789633613621));
#5752=CARTESIAN_POINT('Ctrl Pts',(43.270726138299,23.5908502405101,-1.72732204411168));
#5753=CARTESIAN_POINT('Ctrl Pts',(43.3069672253654,23.6339664344656,-1.76792489206204));
#5754=CARTESIAN_POINT('Ctrl Pts',(43.3393845596273,23.671654522758,-1.80018405118281));
#5755=CARTESIAN_POINT('Ctrl Pts',(43.365739258481,23.7018062579692,-1.82426419694134));
#5756=CARTESIAN_POINT('Ctrl Pts',(43.3897650699084,23.7288448120965,-1.84423956469714));
#5757=CARTESIAN_POINT('Ctrl Pts',(43.4076979812422,23.7487981928158,-1.85800635818582));
#5758=CARTESIAN_POINT('Ctrl Pts',(43.4169577356057,23.7590446502927,-1.86482145033103));
#5759=CARTESIAN_POINT('Ctrl Pts',(43.4223005261022,23.7649487157627,-1.86867323087816));
#5760=CARTESIAN_POINT('Ctrl Pts',(43.5123760166954,23.8640762168956,-1.93256947539594));
#5761=CARTESIAN_POINT('Ctrl Pts',(43.6911032377212,24.0634068354176,-1.99048466646367));
#5762=CARTESIAN_POINT('Ctrl Pts',(43.7619202145435,24.1933743009987,-1.99399001966478));
#5763=CARTESIAN_POINT('Ctrl Pts',(43.8201147750484,24.3139593220131,-2.00060831691327));
#5764=CARTESIAN_POINT('Ctrl Pts',(43.8369083906707,24.3759409230202,-1.99982721859138));
#5765=CARTESIAN_POINT('Ctrl Pts',(43.8461994359737,24.4111135213701,-2.00001006857567));
#5766=CARTESIAN_POINT('Ctrl Pts',(43.8472647434776,24.4154010246342,-2.));
#5767=CARTESIAN_POINT('Ctrl Pts',(43.8482981945165,24.4196232036174,-2.));
#5768=CARTESIAN_POINT('',(43.9691506101291,22.8772447067673,-0.5));
#5769=CARTESIAN_POINT('Ctrl Pts',(43.8482981945165,24.4196232036174,-2.));
#5770=CARTESIAN_POINT('Ctrl Pts',(43.8472647434777,24.4154010246341,-2.));
#5771=CARTESIAN_POINT('Ctrl Pts',(43.8462255851866,24.4111079799429,-2.00001006857566));
#5772=CARTESIAN_POINT('Ctrl Pts',(43.8381153140226,24.3756322465629,-1.9998272185914));
#5773=CARTESIAN_POINT('Ctrl Pts',(43.8239441004075,24.3131394838599,-2.00060831691327));
#5774=CARTESIAN_POINT('Ctrl Pts',(43.8155393543438,24.1792377134727,-1.99399001966479));
#5775=CARTESIAN_POINT('Ctrl Pts',(43.8115960192635,24.0311501841088,-1.99048466646366));
#5776=CARTESIAN_POINT('Ctrl Pts',(43.8608065446496,23.7677100637408,-1.93256947539596));
#5777=CARTESIAN_POINT('Ctrl Pts',(43.8843060018129,23.6355695042542,-1.86867323087818));
#5778=CARTESIAN_POINT('Ctrl Pts',(43.8856822985187,23.6277094814095,-1.86482145033105));
#5779=CARTESIAN_POINT('Ctrl Pts',(43.88805090729,23.6140727204781,-1.85800635818584));
#5780=CARTESIAN_POINT('Ctrl Pts',(43.8925401114665,23.5875588047366,-1.84423956469716));
#5781=CARTESIAN_POINT('Ctrl Pts',(43.898282391885,23.5517461992874,-1.82426419694136));
#5782=CARTESIAN_POINT('Ctrl Pts',(43.904156599481,23.5119994384191,-1.80018405118283));
#5783=CARTESIAN_POINT('Ctrl Pts',(43.9108606872389,23.4625459149342,-1.76792489206206));
#5784=CARTESIAN_POINT('Ctrl Pts',(43.9174855824067,23.4063362218158,-1.7273220441117));
#5785=CARTESIAN_POINT('Ctrl Pts',(43.9235414637243,23.3453748883684,-1.67789633613623));
#5786=CARTESIAN_POINT('Ctrl Pts',(43.9276172448748,23.2983050408049,-1.6354077687209));
#5787=CARTESIAN_POINT('Ctrl Pts',(43.9302125820497,23.266635421863,-1.60447904064196));
#5788=CARTESIAN_POINT('Ctrl Pts',(43.9316629869374,23.2487918863011,-1.58632940803337));
#5789=CARTESIAN_POINT('Ctrl Pts',(43.9331011562918,23.2310931326667,-1.56782850891889));
#5790=CARTESIAN_POINT('Ctrl Pts',(43.9348995823699,23.2091794091071,-1.54394868592044));
#5791=CARTESIAN_POINT('Ctrl Pts',(43.9371092389259,23.1830995357003,-1.51383611389376));
#5792=CARTESIAN_POINT('Ctrl Pts',(43.9388466526802,23.1636092273524,-1.48991552228574));
#5793=CARTESIAN_POINT('Ctrl Pts',(43.9400509697066,23.1506214110516,-1.47329841802978));
#5794=CARTESIAN_POINT('Ctrl Pts',(43.9406637870309,23.1441262235162,-1.46485533117007));
#5795=CARTESIAN_POINT('Ctrl Pts',(43.9411829167016,23.1387110584893,-1.45767794829526));
#5796=CARTESIAN_POINT('Ctrl Pts',(43.9416071331626,23.1343587596357,-1.45186118583941));
#5797=CARTESIAN_POINT('Ctrl Pts',(43.9452061696857,23.0975082500599,-1.40161366922256));
#5798=CARTESIAN_POINT('Ctrl Pts',(43.9544190914806,23.0210021845782,-1.29451070953337));
#5799=CARTESIAN_POINT('Ctrl Pts',(43.9737500453873,22.8927639407902,-0.947990817740297));
#5800=CARTESIAN_POINT('Ctrl Pts',(43.9689302936599,22.8855371414977,-0.743227934995989));
#5801=CARTESIAN_POINT('Ctrl Pts',(43.9696981251463,22.8747684667884,-0.60323796425644));
#5802=CARTESIAN_POINT('Ctrl Pts',(43.9691506101291,22.8772447067673,-0.531128387016524));
#5803=CARTESIAN_POINT('Ctrl Pts',(43.9691506101291,22.8772447067673,-0.5));
#5804=CARTESIAN_POINT('Origin',(43.6897585133228,23.8374218030585,-0.5));
#5805=CARTESIAN_POINT('Ctrl Pts',(47.4681925347218,27.1899480005923,-0.5));
#5806=CARTESIAN_POINT('Ctrl Pts',(47.4681925347218,27.1899480005923,-0.531220844476938));
#5807=CARTESIAN_POINT('Ctrl Pts',(47.4706510594516,27.1898617561722,-0.600672857352429));
#5808=CARTESIAN_POINT('Ctrl Pts',(47.4626299121721,27.1882570481179,-0.74482715429445));
#5809=CARTESIAN_POINT('Ctrl Pts',(47.4541747843173,27.1824897193975,-0.922350531966319));
#5810=CARTESIAN_POINT('Ctrl Pts',(47.3476931768094,27.175047755492,-1.2506910155779));
#5811=CARTESIAN_POINT('Ctrl Pts',(47.2609196697755,27.1690399038187,-1.38693502016501));
#5812=CARTESIAN_POINT('Ctrl Pts',(47.2048111662968,27.1625684810761,-1.46216966938742));
#5813=CARTESIAN_POINT('Ctrl Pts',(47.196138227332,27.1615657564657,-1.47359470320684));
#5814=CARTESIAN_POINT('Ctrl Pts',(47.1853430145778,27.1602839883972,-1.4874668262207));
#5815=CARTESIAN_POINT('Ctrl Pts',(47.1723744699425,27.1587097967918,-1.50360598480153));
#5816=CARTESIAN_POINT('Ctrl Pts',(47.1464375332699,27.1554922723546,-1.53489442247807));
#5817=CARTESIAN_POINT('Ctrl Pts',(47.1160803358884,27.1515602335606,-1.56884090004153));
#5818=CARTESIAN_POINT('Ctrl Pts',(47.0806825813705,27.1469316903211,-1.60532218361541));
#5819=CARTESIAN_POINT('Ctrl Pts',(47.0445767902785,27.1422526222335,-1.64056779160917));
#5820=CARTESIAN_POINT('Ctrl Pts',(46.9975924585514,27.1363867804876,-1.68290089826447));
#5821=CARTESIAN_POINT('Ctrl Pts',(46.9365140217095,27.1295802680796,-1.73220081836649));
#5822=CARTESIAN_POINT('Ctrl Pts',(46.8686192879308,27.1232987264777,-1.78078604127356));
#5823=CARTESIAN_POINT('Ctrl Pts',(46.8041907420466,27.1188439147356,-1.82093562604179));
#5824=CARTESIAN_POINT('Ctrl Pts',(46.7532603033078,27.1163045246711,-1.84880667430483));
#5825=CARTESIAN_POINT('Ctrl Pts',(46.7262071862023,27.1152056513796,-1.86254729576246));
#5826=CARTESIAN_POINT('Ctrl Pts',(46.7104078202618,27.1146164869374,-1.87026666488018));
#5827=CARTESIAN_POINT('Ctrl Pts',(46.5718760619594,27.1100602367672,-1.93613296431153));
#5828=CARTESIAN_POINT('Ctrl Pts',(46.307418484413,27.1029528168205,-1.99153091100683));
#5829=CARTESIAN_POINT('Ctrl Pts',(46.1115908009004,27.0566342527589,-1.99720688045028));
#5830=CARTESIAN_POINT('Ctrl Pts',(46.0017130524501,27.0181967952914,-2.00027235071553));
#5831=CARTESIAN_POINT('Ctrl Pts',(45.941097337846,26.988955089242,-1.99998733703574));
#5832=CARTESIAN_POINT('Ctrl Pts',(45.9370439973698,26.987022735403,-1.99999999999999));
#5833=CARTESIAN_POINT('Ctrl Pts',(45.9331166580531,26.9851052257221,-1.99999999999999));
#5834=CARTESIAN_POINT('Ctrl Pts',(47.4828096231749,27.3829477918109,-0.5));
#5835=CARTESIAN_POINT('Ctrl Pts',(47.4828096231749,27.3829477918109,-0.531220844476938));
#5836=CARTESIAN_POINT('Ctrl Pts',(47.4858507128707,27.3834636667948,-0.601910809781469));
#5837=CARTESIAN_POINT('Ctrl Pts',(47.4770141746786,27.3806483176896,-0.751347385368985));
#5838=CARTESIAN_POINT('Ctrl Pts',(47.4680084877017,27.3746712545826,-0.944591639537586));
#5839=CARTESIAN_POINT('Ctrl Pts',(47.3416073679606,27.3446275511357,-1.29615740929128));
#5840=CARTESIAN_POINT('Ctrl Pts',(47.2435827198754,27.3220521784694,-1.43284430958505));
#5841=CARTESIAN_POINT('Ctrl Pts',(47.1828436464185,27.306527064194,-1.50712936476246));
#5842=CARTESIAN_POINT('Ctrl Pts',(47.1734654466926,27.3041300010666,-1.5183860050655));
#5843=CARTESIAN_POINT('Ctrl Pts',(47.161838819342,27.3011388131679,-1.53201406661345));
#5844=CARTESIAN_POINT('Ctrl Pts',(47.1479281757436,27.2975418890466,-1.54780967267818));
#5845=CARTESIAN_POINT('Ctrl Pts',(47.1202248823146,27.2903420898657,-1.57832058299553));
#5846=CARTESIAN_POINT('Ctrl Pts',(47.0881254757548,27.2819164455,-1.61112484246091));
#5847=CARTESIAN_POINT('Ctrl Pts',(47.0510599282199,27.2722025869001,-1.64604565312908));
#5848=CARTESIAN_POINT('Ctrl Pts',(47.0134893282972,27.262417427783,-1.67956215957655));
#5849=CARTESIAN_POINT('Ctrl Pts',(46.965038124185,27.2500170896509,-1.71941113651535));
#5850=CARTESIAN_POINT('Ctrl Pts',(46.9027768845748,27.2347736614063,-1.76514468159018));
#5851=CARTESIAN_POINT('Ctrl Pts',(46.8344130069674,27.2190800574255,-1.80947516603382));
#5852=CARTESIAN_POINT('Ctrl Pts',(46.7704202974438,27.2055969199669,-1.84541647108562));
#5853=CARTESIAN_POINT('Ctrl Pts',(46.7204338202995,27.1958563637636,-1.86997504552038));
#5854=CARTESIAN_POINT('Ctrl Pts',(46.6940505230692,27.1909198851968,-1.88198269123775));
#5855=CARTESIAN_POINT('Ctrl Pts',(46.6786869600839,27.1880901629803,-1.88870474704875));
#5856=CARTESIAN_POINT('Ctrl Pts',(46.5443188836119,27.1638285906991,-1.9458391396257));
#5857=CARTESIAN_POINT('Ctrl Pts',(46.2968283439276,27.1217524602603,-1.99187316115805));
#5858=CARTESIAN_POINT('Ctrl Pts',(46.1087673752733,27.0610500483538,-1.99807556616614));
#5859=CARTESIAN_POINT('Ctrl Pts',(46.0015839612999,27.0183083036805,-2.00022237271315));
#5860=CARTESIAN_POINT('Ctrl Pts',(45.9410928151921,26.9889692618323,-1.9999898038977));
#5861=CARTESIAN_POINT('Ctrl Pts',(45.9370439973698,26.987022735403,-1.99999999999999));
#5862=CARTESIAN_POINT('Ctrl Pts',(45.9331166580531,26.9851052257221,-1.99999999999999));
#5863=CARTESIAN_POINT('Ctrl Pts',(47.3966152043648,27.7772123051069,-0.5));
#5864=CARTESIAN_POINT('Ctrl Pts',(47.3966152043648,27.7772123051069,-0.531220844476938));
#5865=CARTESIAN_POINT('Ctrl Pts',(47.3997357080432,27.778937944798,-0.603289520782436));
#5866=CARTESIAN_POINT('Ctrl Pts',(47.3905863587928,27.7736195311703,-0.758346636192932));
#5867=CARTESIAN_POINT('Ctrl Pts',(47.3808240814664,27.7673168402077,-0.968558555217269));
#5868=CARTESIAN_POINT('Ctrl Pts',(47.2447816513038,27.6904215117514,-1.34438591761539));
#5869=CARTESIAN_POINT('Ctrl Pts',(47.1437196166695,27.6334976971052,-1.48101888671098));
#5870=CARTESIAN_POINT('Ctrl Pts',(47.0831362944149,27.5992741664744,-1.55409434715068));
#5871=CARTESIAN_POINT('Ctrl Pts',(47.0737934581852,27.5939979627788,-1.56514117591789));
#5872=CARTESIAN_POINT('Ctrl Pts',(47.0622468451903,27.5874777131853,-1.57847371771356));
#5873=CARTESIAN_POINT('Ctrl Pts',(47.0484795743361,27.5797062105604,-1.59386334667065));
#5874=CARTESIAN_POINT('Ctrl Pts',(47.0211591769637,27.5642900753226,-1.6234719716761));
#5875=CARTESIAN_POINT('Ctrl Pts',(46.9897654944419,27.5465974464331,-1.65498971253087));
#5876=CARTESIAN_POINT('Ctrl Pts',(46.9538429758344,27.526405535157,-1.68818784925943));
#5877=CARTESIAN_POINT('Ctrl Pts',(46.9176484844207,27.5061045233517,-1.71981489793446));
#5878=CARTESIAN_POINT('Ctrl Pts',(46.8713833636544,27.4802536721265,-1.75698221469072));
#5879=CARTESIAN_POINT('Ctrl Pts',(46.8126820819465,27.4476643802595,-1.79891636839814));
#5880=CARTESIAN_POINT('Ctrl Pts',(46.7491440530934,27.4126534982147,-1.83876602568721));
#5881=CARTESIAN_POINT('Ctrl Pts',(46.690648047754,27.3806881525876,-1.87032294995911));
#5882=CARTESIAN_POINT('Ctrl Pts',(46.6456232646815,27.3562496484081,-1.89145818939842));
#5883=CARTESIAN_POINT('Ctrl Pts',(46.622043172036,27.3434938722357,-1.90168200427567));
#5884=CARTESIAN_POINT('Ctrl Pts',(46.6083592766837,27.3361029673946,-1.90737924592819));
#5885=CARTESIAN_POINT('Ctrl Pts',(46.4890682888717,27.2717502640415,-1.95555604528187));
#5886=CARTESIAN_POINT('Ctrl Pts',(46.2771525111095,27.1594461741121,-1.99222440100616));
#5887=CARTESIAN_POINT('Ctrl Pts',(46.1042458164528,27.0700099560591,-1.99894238994568));
#5888=CARTESIAN_POINT('Ctrl Pts',(46.0014594373558,27.018539503905,-2.00017310233489));
#5889=CARTESIAN_POINT('Ctrl Pts',(45.9410793804139,26.9889973727645,-1.99999224315442));
#5890=CARTESIAN_POINT('Ctrl Pts',(45.9370439973698,26.987022735403,-1.99999999999999));
#5891=CARTESIAN_POINT('Ctrl Pts',(45.9331166580531,26.9851052257221,-1.99999999999999));
#5892=CARTESIAN_POINT('Ctrl Pts',(47.1085458076892,28.0598605086702,-0.5));
#5893=CARTESIAN_POINT('Ctrl Pts',(47.1085458076892,28.0598605086702,-0.531220844476938));
#5894=CARTESIAN_POINT('Ctrl Pts',(47.1105947822171,28.0621636913764,-0.601910809781467));
#5895=CARTESIAN_POINT('Ctrl Pts',(47.1038636341362,28.05589931769,-0.75134738536898));
#5896=CARTESIAN_POINT('Ctrl Pts',(47.0951887008473,28.0505032429697,-0.944591639537581));
#5897=CARTESIAN_POINT('Ctrl Pts',(47.0048694771628,27.9576318051528,-1.29615740929128));
#5898=CARTESIAN_POINT('Ctrl Pts',(46.9351901071345,27.8854770688396,-1.43284430958505));
#5899=CARTESIAN_POINT('Ctrl Pts',(46.8908873507472,27.8415157809308,-1.50712936476246));
#5900=CARTESIAN_POINT('Ctrl Pts',(46.884045184548,27.8347300451496,-1.5183860050655));
#5901=CARTESIAN_POINT('Ctrl Pts',(46.8755463133139,27.8263291220894,-1.53201406661344));
#5902=CARTESIAN_POINT('Ctrl Pts',(46.8653600536751,27.8162916296764,-1.54780967267818));
#5903=CARTESIAN_POINT('Ctrl Pts',(46.8450374816738,27.7963301266978,-1.57832058299553));
#5904=CARTESIAN_POINT('Ctrl Pts',(46.8213971489314,27.773276158993,-1.61112484246091));
#5905=CARTESIAN_POINT('Ctrl Pts',(46.7940488820842,27.7467147246275,-1.64604565312908));
#5906=CARTESIAN_POINT('Ctrl Pts',(46.7663251306829,27.7198127362508,-1.67956215957655));
#5907=CARTESIAN_POINT('Ctrl Pts',(46.7306307813267,27.6851221310629,-1.71941113651535));
#5908=CARTESIAN_POINT('Ctrl Pts',(46.6850632962635,27.6404225310725,-1.76514468159018));
#5909=CARTESIAN_POINT('Ctrl Pts',(46.635543048215,27.5910895550268,-1.80947516603382));
#5910=CARTESIAN_POINT('Ctrl Pts',(46.5898226799817,27.544570786963,-1.84541647108562));
#5911=CARTESIAN_POINT('Ctrl Pts',(46.5545320269106,27.5079973162298,-1.86997504552038));
#5912=CARTESIAN_POINT('Ctrl Pts',(46.5360139365354,27.4886322414861,-1.88198269123774));
#5913=CARTESIAN_POINT('Ctrl Pts',(46.5252514199736,27.4773445961427,-1.88870474704874));
#5914=CARTESIAN_POINT('Ctrl Pts',(46.4314154072605,27.3784474226593,-1.9458391396257));
#5915=CARTESIAN_POINT('Ctrl Pts',(46.2578571339534,27.1973469573395,-1.99187316115805));
#5916=CARTESIAN_POINT('Ctrl Pts',(46.0997665475474,27.0790101863931,-1.99807556616614));
#5917=CARTESIAN_POINT('Ctrl Pts',(46.0013708229052,27.0187901986007,-2.00022237271312));
#5918=CARTESIAN_POINT('Ctrl Pts',(45.9410646134722,26.9890247705562,-1.9999898038977));
#5919=CARTESIAN_POINT('Ctrl Pts',(45.9370439973698,26.987022735403,-1.99999999999999));
#5920=CARTESIAN_POINT('Ctrl Pts',(45.9331166580531,26.9851052257221,-1.99999999999999));
#5921=CARTESIAN_POINT('Ctrl Pts',(46.9373213439446,28.1501088421764,-0.5));
#5922=CARTESIAN_POINT('Ctrl Pts',(46.9373213439446,28.1501088421764,-0.531220844476938));
#5923=CARTESIAN_POINT('Ctrl Pts',(46.9385471207792,28.1522401797905,-0.600672857352425));
#5924=CARTESIAN_POINT('Ctrl Pts',(46.9333217868406,28.1460928569768,-0.744827154294442));
#5925=CARTESIAN_POINT('Ctrl Pts',(46.9252385066801,28.1413158548279,-0.922350531966308));
#5926=CARTESIAN_POINT('Ctrl Pts',(46.8649999515639,28.0537408870941,-1.25069101557789));
#5927=CARTESIAN_POINT('Ctrl Pts',(46.8156316875022,27.9825570107698,-1.386935020165));
#5928=CARTESIAN_POINT('Ctrl Pts',(46.7817001801275,27.9378828079702,-1.46216966938741));
#5929=CARTESIAN_POINT('Ctrl Pts',(46.7764511769585,27.9309802569107,-1.47359470320683));
#5930=CARTESIAN_POINT('Ctrl Pts',(46.7698890422248,27.922408210953,-1.48746682622069));
#5931=CARTESIAN_POINT('Ctrl Pts',(46.7619735552124,27.9121326573814,-1.50360598480153));
#5932=CARTESIAN_POINT('Ctrl Pts',(46.7460770160781,27.8916270287468,-1.53489442247806));
#5933=CARTESIAN_POINT('Ctrl Pts',(46.727303301159,27.8677436849937,-1.56884090004152));
#5934=CARTESIAN_POINT('Ctrl Pts',(46.7053008268986,27.8399762631491,-1.6053221836154));
#5935=CARTESIAN_POINT('Ctrl Pts',(46.682830034881,27.8116766233938,-1.64056779160917));
#5936=CARTESIAN_POINT('Ctrl Pts',(46.6536293025245,27.7748305702996,-1.68290089826446));
#5937=CARTESIAN_POINT('Ctrl Pts',(46.6160269911193,27.7266980938662,-1.73220081836648));
#5938=CARTESIAN_POINT('Ctrl Pts',(46.5748755183297,27.672756755953,-1.78078604127355));
#5939=CARTESIAN_POINT('Ctrl Pts',(46.536633680482,27.6210112929294,-1.82093562604178));
#5940=CARTESIAN_POINT('Ctrl Pts',(46.5069354578493,27.5797332396459,-1.84880667430482));
#5941=CARTESIAN_POINT('Ctrl Pts',(46.491293755167,27.5577126422958,-1.86254729576245));
#5942=CARTESIAN_POINT('Ctrl Pts',(46.4821827225051,27.5448350024665,-1.87026666488017));
#5943=CARTESIAN_POINT('Ctrl Pts',(46.4026662764302,27.4316605685213,-1.93613296431152));
#5944=CARTESIAN_POINT('Ctrl Pts',(46.248651333606,27.2169082333624,-1.99153091100682));
#5945=CARTESIAN_POINT('Ctrl Pts',(46.0978722489101,27.0839566588246,-1.99720688045028));
#5946=CARTESIAN_POINT('Ctrl Pts',(46.0013657158742,27.0189698597625,-2.0002723507155));
#5947=CARTESIAN_POINT('Ctrl Pts',(45.9410559515235,26.9890366793866,-1.99998733703575));
#5948=CARTESIAN_POINT('Ctrl Pts',(45.9370439973698,26.9870227354031,-1.99999999999999));
#5949=CARTESIAN_POINT('Ctrl Pts',(45.9331166580531,26.9851052257221,-1.99999999999999));
#5950=CARTESIAN_POINT('',(47.4681925347218,27.1899480005923,-0.5));
#5951=CARTESIAN_POINT('Ctrl Pts',(47.4681925347218,27.1899480005923,-0.5));
#5952=CARTESIAN_POINT('Ctrl Pts',(47.4681925347218,27.1899480005923,-0.531220844476938));
#5953=CARTESIAN_POINT('Ctrl Pts',(47.4706510594516,27.1898617561722,-0.600672857352429));
#5954=CARTESIAN_POINT('Ctrl Pts',(47.4626299121721,27.1882570481179,-0.74482715429445));
#5955=CARTESIAN_POINT('Ctrl Pts',(47.4541747843173,27.1824897193975,-0.922350531966319));
#5956=CARTESIAN_POINT('Ctrl Pts',(47.3476931768094,27.175047755492,-1.2506910155779));
#5957=CARTESIAN_POINT('Ctrl Pts',(47.2609196697755,27.1690399038187,-1.38693502016501));
#5958=CARTESIAN_POINT('Ctrl Pts',(47.2048111662968,27.1625684810761,-1.46216966938742));
#5959=CARTESIAN_POINT('Ctrl Pts',(47.196138227332,27.1615657564657,-1.47359470320684));
#5960=CARTESIAN_POINT('Ctrl Pts',(47.1853430145778,27.1602839883972,-1.4874668262207));
#5961=CARTESIAN_POINT('Ctrl Pts',(47.1723744699425,27.1587097967918,-1.50360598480153));
#5962=CARTESIAN_POINT('Ctrl Pts',(47.1464375332699,27.1554922723546,-1.53489442247807));
#5963=CARTESIAN_POINT('Ctrl Pts',(47.1160803358884,27.1515602335606,-1.56884090004153));
#5964=CARTESIAN_POINT('Ctrl Pts',(47.0806825813705,27.1469316903211,-1.60532218361541));
#5965=CARTESIAN_POINT('Ctrl Pts',(47.0445767902785,27.1422526222335,-1.64056779160917));
#5966=CARTESIAN_POINT('Ctrl Pts',(46.9975924585514,27.1363867804876,-1.68290089826447));
#5967=CARTESIAN_POINT('Ctrl Pts',(46.9365140217095,27.1295802680796,-1.73220081836649));
#5968=CARTESIAN_POINT('Ctrl Pts',(46.8686192879308,27.1232987264777,-1.78078604127356));
#5969=CARTESIAN_POINT('Ctrl Pts',(46.8041907420466,27.1188439147356,-1.82093562604179));
#5970=CARTESIAN_POINT('Ctrl Pts',(46.7532603033078,27.1163045246711,-1.84880667430483));
#5971=CARTESIAN_POINT('Ctrl Pts',(46.7262071862023,27.1152056513796,-1.86254729576246));
#5972=CARTESIAN_POINT('Ctrl Pts',(46.7104078202618,27.1146164869374,-1.87026666488018));
#5973=CARTESIAN_POINT('Ctrl Pts',(46.5718760619594,27.1100602367672,-1.93613296431153));
#5974=CARTESIAN_POINT('Ctrl Pts',(46.307418484413,27.1029528168205,-1.99153091100683));
#5975=CARTESIAN_POINT('Ctrl Pts',(46.1115908009004,27.0566342527589,-1.99720688045028));
#5976=CARTESIAN_POINT('Ctrl Pts',(46.0017130524501,27.0181967952914,-2.00027235071553));
#5977=CARTESIAN_POINT('Ctrl Pts',(45.941097337846,26.988955089242,-1.99998733703574));
#5978=CARTESIAN_POINT('Ctrl Pts',(45.9370439973698,26.987022735403,-1.99999999999999));
#5979=CARTESIAN_POINT('Ctrl Pts',(45.9331166580531,26.9851052257221,-1.99999999999999));
#5980=CARTESIAN_POINT('',(46.9373213439446,28.1501088421764,-0.5));
#5981=CARTESIAN_POINT('Ctrl Pts',(45.9331166580531,26.9851052257221,-1.99999999999999));
#5982=CARTESIAN_POINT('Ctrl Pts',(45.9370439973698,26.9870227354031,-1.99999999999999));
#5983=CARTESIAN_POINT('Ctrl Pts',(45.9410559515235,26.9890366793866,-1.99998733703575));
#5984=CARTESIAN_POINT('Ctrl Pts',(46.0013657158742,27.0189698597625,-2.0002723507155));
#5985=CARTESIAN_POINT('Ctrl Pts',(46.0978722489101,27.0839566588246,-1.99720688045028));
#5986=CARTESIAN_POINT('Ctrl Pts',(46.248651333606,27.2169082333624,-1.99153091100682));
#5987=CARTESIAN_POINT('Ctrl Pts',(46.4026662764302,27.4316605685213,-1.93613296431152));
#5988=CARTESIAN_POINT('Ctrl Pts',(46.4821827225051,27.5448350024665,-1.87026666488017));
#5989=CARTESIAN_POINT('Ctrl Pts',(46.491293755167,27.5577126422958,-1.86254729576245));
#5990=CARTESIAN_POINT('Ctrl Pts',(46.5069354578493,27.5797332396459,-1.84880667430482));
#5991=CARTESIAN_POINT('Ctrl Pts',(46.536633680482,27.6210112929294,-1.82093562604178));
#5992=CARTESIAN_POINT('Ctrl Pts',(46.5748755183297,27.672756755953,-1.78078604127355));
#5993=CARTESIAN_POINT('Ctrl Pts',(46.6160269911193,27.7266980938662,-1.73220081836648));
#5994=CARTESIAN_POINT('Ctrl Pts',(46.6536293025245,27.7748305702996,-1.68290089826446));
#5995=CARTESIAN_POINT('Ctrl Pts',(46.682830034881,27.8116766233938,-1.64056779160917));
#5996=CARTESIAN_POINT('Ctrl Pts',(46.7053008268986,27.8399762631491,-1.6053221836154));
#5997=CARTESIAN_POINT('Ctrl Pts',(46.727303301159,27.8677436849937,-1.56884090004152));
#5998=CARTESIAN_POINT('Ctrl Pts',(46.7460770160781,27.8916270287468,-1.53489442247806));
#5999=CARTESIAN_POINT('Ctrl Pts',(46.7619735552124,27.9121326573814,-1.50360598480153));
#6000=CARTESIAN_POINT('Ctrl Pts',(46.7698890422248,27.922408210953,-1.48746682622069));
#6001=CARTESIAN_POINT('Ctrl Pts',(46.7764511769585,27.9309802569107,-1.47359470320683));
#6002=CARTESIAN_POINT('Ctrl Pts',(46.7817001801275,27.9378828079702,-1.46216966938741));
#6003=CARTESIAN_POINT('Ctrl Pts',(46.8156316875022,27.9825570107698,-1.386935020165));
#6004=CARTESIAN_POINT('Ctrl Pts',(46.8649999515639,28.0537408870941,-1.25069101557789));
#6005=CARTESIAN_POINT('Ctrl Pts',(46.9252385066801,28.1413158548279,-0.922350531966308));
#6006=CARTESIAN_POINT('Ctrl Pts',(46.9333217868406,28.1460928569768,-0.744827154294442));
#6007=CARTESIAN_POINT('Ctrl Pts',(46.9385471207792,28.1522401797905,-0.600672857352425));
#6008=CARTESIAN_POINT('Ctrl Pts',(46.9373213439446,28.1501088421764,-0.531220844476938));
#6009=CARTESIAN_POINT('Ctrl Pts',(46.9373213439446,28.1501088421764,-0.5));
#6010=CARTESIAN_POINT('Origin',(46.4710482482554,27.2654680109707,-0.5));
#6011=CARTESIAN_POINT('Ctrl Pts',(-15.2459069511447,49.2402683813022,-0.5));
#6012=CARTESIAN_POINT('Ctrl Pts',(-12.4029537550776,48.601450725506,-0.5));
#6013=CARTESIAN_POINT('Ctrl Pts',(-7.9292012421316,48.5942493721057,-0.5));
#6014=CARTESIAN_POINT('Ctrl Pts',(-0.983273220807075,50.9352484879703,-0.5));
#6015=CARTESIAN_POINT('Ctrl Pts',(4.94201821955893,55.4644062230459,-0.5));
#6016=CARTESIAN_POINT('Ctrl Pts',(7.70107560841261,60.7579234661327,-0.5));
#6017=CARTESIAN_POINT('Ctrl Pts',(8.45596833358934,63.5722809142654,-0.5));
#6018=CARTESIAN_POINT('Ctrl Pts',(-15.2459069511447,49.2402683813022,-0.612199737628207));
#6019=CARTESIAN_POINT('Ctrl Pts',(-12.402976177993,48.601455763983,-0.612199737628207));
#6020=CARTESIAN_POINT('Ctrl Pts',(-7.92918741728176,48.5942655179098,-0.612199737628207));
#6021=CARTESIAN_POINT('Ctrl Pts',(-0.983293649506226,50.9352636733584,-0.612199737628207));
#6022=CARTESIAN_POINT('Ctrl Pts',(4.94200346927163,55.4644090016828,-0.612199737628207));
#6023=CARTESIAN_POINT('Ctrl Pts',(7.70108156239584,60.7579456635079,-0.612199737628207));
#6024=CARTESIAN_POINT('Ctrl Pts',(8.45596833358934,63.5722809142654,-0.612199737628207));
#6025=CARTESIAN_POINT('Ctrl Pts',(-15.2461848417271,49.2390316748457,-0.834286075139324));
#6026=CARTESIAN_POINT('Ctrl Pts',(-12.4030707215051,48.6001778590481,-0.834286075139324));
#6027=CARTESIAN_POINT('Ctrl Pts',(-7.92900354949298,48.5929855869114,-0.834286075139324));
#6028=CARTESIAN_POINT('Ctrl Pts',(-0.98266472785498,50.9341322439719,-0.834286075139325));
#6029=CARTESIAN_POINT('Ctrl Pts',(4.94300711663798,55.4635663707688,-0.834286075139324));
#6030=CARTESIAN_POINT('Ctrl Pts',(7.70225714511808,60.7574357764995,-0.834286075139324));
#6031=CARTESIAN_POINT('Ctrl Pts',(8.45719260067603,63.571952530137,-0.834286075139324));
#6032=CARTESIAN_POINT('Ctrl Pts',(-15.2623297260963,49.1671815150997,-1.16474753250477));
#6033=CARTESIAN_POINT('Ctrl Pts',(-12.408719966208,48.5259693066502,-1.16474753250477));
#6034=CARTESIAN_POINT('Ctrl Pts',(-7.91822473712343,48.5187368260393,-1.16474753250477));
#6035=CARTESIAN_POINT('Ctrl Pts',(-0.94626818578182,50.8685044269745,-1.16474753250477));
#6036=CARTESIAN_POINT('Ctrl Pts',(5.00121409099369,55.4146305961133,-1.16474753250477));
#6037=CARTESIAN_POINT('Ctrl Pts',(7.77059768286211,60.7279672489562,-1.16474753250477));
#6038=CARTESIAN_POINT('Ctrl Pts',(8.52832005803631,63.5528740722257,-1.16474753250477));
#6039=CARTESIAN_POINT('Ctrl Pts',(-15.301030272529,48.9949510809966,-1.48013406983873));
#6040=CARTESIAN_POINT('Ctrl Pts',(-12.4223506313083,48.3481056166615,-1.48013406983873));
#6041=CARTESIAN_POINT('Ctrl Pts',(-7.89233221979346,48.3408208325389,-1.48013406983873));
#6042=CARTESIAN_POINT('Ctrl Pts',(-0.859103908204424,50.7112496965981,-1.48013406983873));
#6043=CARTESIAN_POINT('Ctrl Pts',(5.1406822097487,55.2973387563959,-1.48013406983873));
#6044=CARTESIAN_POINT('Ctrl Pts',(7.93443890776121,60.657416981267,-1.48013406983873));
#6045=CARTESIAN_POINT('Ctrl Pts',(8.69881811818162,63.5071415213211,-1.48013406983873));
#6046=CARTESIAN_POINT('Ctrl Pts',(-15.3598875074474,48.7330166109572,-1.74875767800413));
#6047=CARTESIAN_POINT('Ctrl Pts',(-12.4430352546379,48.0775936792602,-1.74875767800413));
#6048=CARTESIAN_POINT('Ctrl Pts',(-7.8529819052082,48.070206860488,-1.74875767800413));
#6049=CARTESIAN_POINT('Ctrl Pts',(-0.726499859868302,50.4720600889691,-1.74875767800413));
#6050=CARTESIAN_POINT('Ctrl Pts',(5.35282039384307,55.1189513244033,-1.74875767800413));
#6051=CARTESIAN_POINT('Ctrl Pts',(8.18360270014048,60.5500765579117,-1.74875767800413));
#6052=CARTESIAN_POINT('Ctrl Pts',(8.9581179292717,63.4375897516404,-1.74875767800413));
#6053=CARTESIAN_POINT('Ctrl Pts',(-15.4290033173587,48.4254280355581,-1.92483481290863));
#6054=CARTESIAN_POINT('Ctrl Pts',(-12.4673239910201,47.7599323646871,-1.92483481290863));
#6055=CARTESIAN_POINT('Ctrl Pts',(-7.80677368993549,47.7524251662619,-1.92483481290863));
#6056=CARTESIAN_POINT('Ctrl Pts',(-0.570782437599403,50.1911799456722,-1.92483481290863));
#6057=CARTESIAN_POINT('Ctrl Pts',(5.60193413930676,54.9094715533242,-1.92483481290863));
#6058=CARTESIAN_POINT('Ctrl Pts',(8.47619442046408,60.424026017693,-1.92483481290863));
#6059=CARTESIAN_POINT('Ctrl Pts',(9.26261263545694,63.3559153933579,-1.92483481290863));
#6060=CARTESIAN_POINT('Ctrl Pts',(-15.5014946674874,48.1028171720892,-1.99899007163806));
#6061=CARTESIAN_POINT('Ctrl Pts',(-12.492831652806,47.4267641660889,-1.99899007163806));
#6062=CARTESIAN_POINT('Ctrl Pts',(-7.75828856105053,47.4191469020922,-1.99899007163805));
#6063=CARTESIAN_POINT('Ctrl Pts',(-0.407489730368185,49.8966040634513,-1.99899007163806));
#6064=CARTESIAN_POINT('Ctrl Pts',(5.8631928220569,54.6897650713389,-1.99899007163805));
#6065=CARTESIAN_POINT('Ctrl Pts',(8.78308467920177,60.2918516689756,-1.99899007163805));
#6066=CARTESIAN_POINT('Ctrl Pts',(9.58197852853889,63.2702521491537,-1.99899007163805));
#6067=CARTESIAN_POINT('Ctrl Pts',(-15.5501621359868,47.886230586137,-2.00000000000001));
#6068=CARTESIAN_POINT('Ctrl Pts',(-12.5099243164959,47.2030826540511,-2.00000000000001));
#6069=CARTESIAN_POINT('Ctrl Pts',(-7.72575755980988,47.1953756227409,-2.));
#6070=CARTESIAN_POINT('Ctrl Pts',(-0.297833073059409,49.6988172146837,-2.));
#6071=CARTESIAN_POINT('Ctrl Pts',(6.03861136301725,54.5422599394244,-2.));
#6072=CARTESIAN_POINT('Ctrl Pts',(8.98910864108101,60.2030839658899,-2.));
#6073=CARTESIAN_POINT('Ctrl Pts',(9.7963865856901,63.2127416567783,-2.));
#6074=CARTESIAN_POINT('Ctrl Pts',(-15.5747603096843,47.7767604487725,-2.00000000000001));
#6075=CARTESIAN_POINT('Ctrl Pts',(-12.5185856239123,47.0900314687916,-2.00000000000001));
#6076=CARTESIAN_POINT('Ctrl Pts',(-7.70930167249527,47.0822900138863,-2.));
#6077=CARTESIAN_POINT('Ctrl Pts',(-0.24242904957141,49.5988640634408,-2.));
#6078=CARTESIAN_POINT('Ctrl Pts',(6.12725924882205,54.4677086286471,-2.));
#6079=CARTESIAN_POINT('Ctrl Pts',(9.09324594183975,60.1582396649653,-2.));
#6080=CARTESIAN_POINT('Ctrl Pts',(9.90475562140474,63.183673921708,-2.));
#6081=CARTESIAN_POINT('',(-15.2459069511447,49.2402683813022,-0.5));
#6082=CARTESIAN_POINT('Ctrl Pts',(-15.5747603096843,47.7767604487725,-2.00000000000001));
#6083=CARTESIAN_POINT('Ctrl Pts',(-15.5501621359868,47.886230586137,-2.00000000000001));
#6084=CARTESIAN_POINT('Ctrl Pts',(-15.5014946674874,48.1028171720892,-1.99899007163806));
#6085=CARTESIAN_POINT('Ctrl Pts',(-15.4290033173587,48.4254280355581,-1.92483481290863));
#6086=CARTESIAN_POINT('Ctrl Pts',(-15.3598875074474,48.7330166109572,-1.74875767800413));
#6087=CARTESIAN_POINT('Ctrl Pts',(-15.301030272529,48.9949510809966,-1.48013406983873));
#6088=CARTESIAN_POINT('Ctrl Pts',(-15.2623297260963,49.1671815150997,-1.16474753250477));
#6089=CARTESIAN_POINT('Ctrl Pts',(-15.2461848417271,49.2390316748457,-0.834286075139324));
#6090=CARTESIAN_POINT('Ctrl Pts',(-15.2459069511447,49.2402683813022,-0.612199737628207));
#6091=CARTESIAN_POINT('Ctrl Pts',(-15.2459069511447,49.2402683813022,-0.5));
#6092=CARTESIAN_POINT('',(8.45596833358934,63.5722809142654,-0.5));
#6093=CARTESIAN_POINT('Origin',(-10.8611955039493,68.7537074816974,-0.5));
#6094=CARTESIAN_POINT('Ctrl Pts',(8.45596833358934,63.5722809142654,-0.5));
#6095=CARTESIAN_POINT('Ctrl Pts',(8.45596833358934,63.5722809142654,-0.612199737628207));
#6096=CARTESIAN_POINT('Ctrl Pts',(8.45719260067603,63.571952530137,-0.834286075139324));
#6097=CARTESIAN_POINT('Ctrl Pts',(8.52832005803631,63.5528740722257,-1.16474753250477));
#6098=CARTESIAN_POINT('Ctrl Pts',(8.69881811818162,63.5071415213211,-1.48013406983873));
#6099=CARTESIAN_POINT('Ctrl Pts',(8.9581179292717,63.4375897516404,-1.74875767800413));
#6100=CARTESIAN_POINT('Ctrl Pts',(9.26261263545694,63.3559153933579,-1.92483481290863));
#6101=CARTESIAN_POINT('Ctrl Pts',(9.58197852853889,63.2702521491537,-1.99899007163805));
#6102=CARTESIAN_POINT('Ctrl Pts',(9.7963865856901,63.2127416567783,-2.));
#6103=CARTESIAN_POINT('Ctrl Pts',(9.90475562140474,63.183673921708,-2.));
#6104=CARTESIAN_POINT('Ctrl Pts',(8.45596833358935,63.5722809142654,-0.5));
#6105=CARTESIAN_POINT('Ctrl Pts',(8.88781932437806,65.1822885509466,-0.5));
#6106=CARTESIAN_POINT('Ctrl Pts',(10.510412835733,67.3129439589731,-0.5));
#6107=CARTESIAN_POINT('Ctrl Pts',(14.5088000289374,68.7665261161105,-0.5));
#6108=CARTESIAN_POINT('Ctrl Pts',(18.8656622985746,67.7535622873302,-0.5));
#6109=CARTESIAN_POINT('Ctrl Pts',(20.8113504676751,64.7334881595795,-0.5));
#6110=CARTESIAN_POINT('Ctrl Pts',(21.1209499819295,63.0955724080249,-0.5));
#6111=CARTESIAN_POINT('Ctrl Pts',(8.45596833358935,63.5722809142654,-0.612199737628207));
#6112=CARTESIAN_POINT('Ctrl Pts',(8.88783008067746,65.1823286521031,-0.612199737628207));
#6113=CARTESIAN_POINT('Ctrl Pts',(10.5103706449008,67.3129670589351,-0.612199737628207));
#6114=CARTESIAN_POINT('Ctrl Pts',(14.508815392296,68.7665979520477,-0.612199737628207));
#6115=CARTESIAN_POINT('Ctrl Pts',(18.8656950798492,67.7535941112444,-0.612199737628207));
#6116=CARTESIAN_POINT('Ctrl Pts',(20.8113427563461,64.7335289558555,-0.612199737628207));
#6117=CARTESIAN_POINT('Ctrl Pts',(21.1209499819295,63.0955724080249,-0.612199737628207));
#6118=CARTESIAN_POINT('Ctrl Pts',(8.45707937400835,63.5719829008306,-0.83423020724075));
#6119=CARTESIAN_POINT('Ctrl Pts',(8.88885553805843,65.1817115717965,-0.834230207240751));
#6120=CARTESIAN_POINT('Ctrl Pts',(10.5111540280142,67.3119873880835,-0.83423020724075));
#6121=CARTESIAN_POINT('Ctrl Pts',(14.5088421743603,68.7653195456057,-0.834230207240751));
#6122=CARTESIAN_POINT('Ctrl Pts',(18.8649359924557,67.7525290360972,-0.83423020724075));
#6123=CARTESIAN_POINT('Ctrl Pts',(20.8102738125628,64.7329907085766,-0.834230207240751));
#6124=CARTESIAN_POINT('Ctrl Pts',(21.1198196825686,63.0953587583712,-0.834230207240751));
#6125=CARTESIAN_POINT('Ctrl Pts',(8.52828850126208,63.5528825366726,-1.16472494455962));
#6126=CARTESIAN_POINT('Ctrl Pts',(8.95515912373546,65.1443225859402,-1.16472494455962));
#6127=CARTESIAN_POINT('Ctrl Pts',(10.5590891265228,67.250442925705,-1.16472494455962));
#6128=CARTESIAN_POINT('Ctrl Pts',(14.5113866504116,68.6872548820099,-1.16472494455962));
#6129=CARTESIAN_POINT('Ctrl Pts',(18.8180509685548,67.6859809622124,-1.16472494455962));
#6130=CARTESIAN_POINT('Ctrl Pts',(20.741347181247,64.7006917731075,-1.16472494455962));
#6131=CARTESIAN_POINT('Ctrl Pts',(21.0473762055775,63.0816654623234,-1.16472494455962));
#6132=CARTESIAN_POINT('Ctrl Pts',(8.69882775100736,63.5071389375164,-1.48013672271674));
#6133=CARTESIAN_POINT('Ctrl Pts',(9.11397925057168,65.0548882745216,-1.48013672271674));
#6134=CARTESIAN_POINT('Ctrl Pts',(10.6737747271798,67.1031123471056,-1.48013672271674));
#6135=CARTESIAN_POINT('Ctrl Pts',(14.5175221322469,68.5004922299154,-1.48013672271674));
#6136=CARTESIAN_POINT('Ctrl Pts',(18.7058546605108,67.5266908763066,-1.48013672271674));
#6137=CARTESIAN_POINT('Ctrl Pts',(20.576253367984,64.6234495465116,-1.48013672271674));
#6138=CARTESIAN_POINT('Ctrl Pts',(20.8738808027905,63.048871289377,-1.48013672271674));
#6139=CARTESIAN_POINT('Ctrl Pts',(8.95810126184255,63.4375942223309,-1.74875618071075));
#6140=CARTESIAN_POINT('Ctrl Pts',(9.3554128568188,64.9188336213317,-1.74875618071075));
#6141=CARTESIAN_POINT('Ctrl Pts',(10.8482238085912,66.8790736561086,-1.74875618071075));
#6142=CARTESIAN_POINT('Ctrl Pts',(14.5268169548608,68.2163995027628,-1.74875618071075));
#6143=CARTESIAN_POINT('Ctrl Pts',(18.5352103302378,67.2844511921889,-1.74875618071075));
#6144=CARTESIAN_POINT('Ctrl Pts',(20.3252752274756,64.5059292169211,-1.74875618071075));
#6145=CARTESIAN_POINT('Ctrl Pts',(20.6101130058668,62.999013791074,-1.74875618071075));
#6146=CARTESIAN_POINT('Ctrl Pts',(9.26260976482249,63.3559161633457,-1.92483371888785));
#6147=CARTESIAN_POINT('Ctrl Pts',(9.63896897786839,64.7590418248907,-1.92483371888785));
#6148=CARTESIAN_POINT('Ctrl Pts',(11.0531086376694,66.6159473713866,-1.92483371888784));
#6149=CARTESIAN_POINT('Ctrl Pts',(14.5377334564151,67.8827417477735,-1.92483371888785));
#6150=CARTESIAN_POINT('Ctrl Pts',(18.3347940435946,66.9999484348691,-1.92483371888784));
#6151=CARTESIAN_POINT('Ctrl Pts',(20.0305093595829,64.3679053960784,-1.92483371888785));
#6152=CARTESIAN_POINT('Ctrl Pts',(20.3003261066312,62.9404577429777,-1.92483371888785));
#6153=CARTESIAN_POINT('Ctrl Pts',(9.58197137496958,63.2702540679496,-1.99898904998065));
#6154=CARTESIAN_POINT('Ctrl Pts',(9.93637115829173,64.5915115612919,-1.99898904998065));
#6155=CARTESIAN_POINT('Ctrl Pts',(11.2679285459471,66.3400186059849,-1.99898904998065));
#6156=CARTESIAN_POINT('Ctrl Pts',(14.5492037933631,67.5329089279027,-1.99898904998065));
#6157=CARTESIAN_POINT('Ctrl Pts',(18.124647560321,66.7016126377537,-1.99898904998065));
#6158=CARTESIAN_POINT('Ctrl Pts',(19.7213548840058,64.2232058578182,-1.99898904998065));
#6159=CARTESIAN_POINT('Ctrl Pts',(19.9754286342316,62.8790454880788,-1.99898904998065));
#6160=CARTESIAN_POINT('Ctrl Pts',(9.7963865856901,63.2127416567782,-2.));
#6161=CARTESIAN_POINT('Ctrl Pts',(10.1360283216736,64.4789788551007,-2.));
#6162=CARTESIAN_POINT('Ctrl Pts',(11.4122137715264,66.1547319128542,-1.99999999999999));
#6163=CARTESIAN_POINT('Ctrl Pts',(14.5568837268416,67.2979370821143,-2.));
#6164=CARTESIAN_POINT('Ctrl Pts',(17.9835129347707,66.5012701744882,-1.99999999999999));
#6165=CARTESIAN_POINT('Ctrl Pts',(19.5138032011526,64.1260004474896,-2.));
#6166=CARTESIAN_POINT('Ctrl Pts',(19.7572967179533,62.8378141028509,-2.));
#6167=CARTESIAN_POINT('Ctrl Pts',(9.90475562140475,63.183673921708,-1.99999999999999));
#6168=CARTESIAN_POINT('Ctrl Pts',(10.2369486912422,64.4221413345397,-2.));
#6169=CARTESIAN_POINT('Ctrl Pts',(11.4850975461306,66.0611070330216,-1.99999999999999));
#6170=CARTESIAN_POINT('Ctrl Pts',(14.5607800024417,67.1792471538966,-1.99999999999999));
#6171=CARTESIAN_POINT('Ctrl Pts',(17.9122125175473,66.4000442086809,-1.99999999999999));
#6172=CARTESIAN_POINT('Ctrl Pts',(19.4088957245476,64.0769102642573,-2.));
#6173=CARTESIAN_POINT('Ctrl Pts',(19.647049197051,62.8169750707538,-2.));
#6174=CARTESIAN_POINT('',(21.1209499819295,63.0955724080249,-0.5));
#6175=CARTESIAN_POINT('Ctrl Pts',(21.1209499819295,63.0955724080249,-0.5));
#6176=CARTESIAN_POINT('Ctrl Pts',(21.1209499819295,63.0955724080249,-0.612199737628207));
#6177=CARTESIAN_POINT('Ctrl Pts',(21.1198196825686,63.0953587583712,-0.834230207240751));
#6178=CARTESIAN_POINT('Ctrl Pts',(21.0473762055775,63.0816654623234,-1.16472494455962));
#6179=CARTESIAN_POINT('Ctrl Pts',(20.8738808027905,63.048871289377,-1.48013672271674));
#6180=CARTESIAN_POINT('Ctrl Pts',(20.6101130058668,62.999013791074,-1.74875618071075));
#6181=CARTESIAN_POINT('Ctrl Pts',(20.3003261066312,62.9404577429777,-1.92483371888785));
#6182=CARTESIAN_POINT('Ctrl Pts',(19.9754286342316,62.8790454880788,-1.99898904998065));
#6183=CARTESIAN_POINT('Ctrl Pts',(19.7572967179533,62.8378141028509,-2.));
#6184=CARTESIAN_POINT('Ctrl Pts',(19.647049197051,62.8169750707538,-2.));
#6185=CARTESIAN_POINT('Origin',(14.7340465807894,61.88831727985,-0.5));
#6186=CARTESIAN_POINT('Ctrl Pts',(21.1209499816945,63.0955724092686,-0.5));
#6187=CARTESIAN_POINT('Ctrl Pts',(21.9160703737202,58.889040608359,-0.5));
#6188=CARTESIAN_POINT('Ctrl Pts',(24.5940387980649,50.6833611041673,-0.5));
#6189=CARTESIAN_POINT('Ctrl Pts',(32.7704597451574,37.977520699492,-0.5));
#6190=CARTESIAN_POINT('Ctrl Pts',(41.2609965923552,31.1411862949571,-0.5));
#6191=CARTESIAN_POINT('Ctrl Pts',(46.9420643208116,28.1476092570443,-0.5));
#6192=CARTESIAN_POINT('Ctrl Pts',(21.1209499816945,63.0955724092686,-0.612199737628207));
#6193=CARTESIAN_POINT('Ctrl Pts',(21.9160677991473,58.8890542289669,-0.612199737628207));
#6194=CARTESIAN_POINT('Ctrl Pts',(24.5940537070734,50.6833542677272,-0.612199737628207));
#6195=CARTESIAN_POINT('Ctrl Pts',(32.7704512434326,37.9775457312543,-0.612199737628207));
#6196=CARTESIAN_POINT('Ctrl Pts',(41.2610149874606,31.1411766018558,-0.612199737628207));
#6197=CARTESIAN_POINT('Ctrl Pts',(46.9420643208116,28.1476092570443,-0.612199737628207));
#6198=CARTESIAN_POINT('Ctrl Pts',(21.1198197407362,63.0953587706522,-0.834230221824583));
#6199=CARTESIAN_POINT('Ctrl Pts',(21.9149580429085,58.8887322172977,-0.834230221824583));
#6200=CARTESIAN_POINT('Ctrl Pts',(24.592990666072,50.682860907955,-0.834230221824584));
#6201=CARTESIAN_POINT('Ctrl Pts',(32.7695962419271,37.9767329285878,-0.834230221824584));
#6202=CARTESIAN_POINT('Ctrl Pts',(41.2603324021285,31.140236105648,-0.834230221824584));
#6203=CARTESIAN_POINT('Ctrl Pts',(46.9415280970624,28.1465916371874,-0.834230221824584));
#6204=CARTESIAN_POINT('Ctrl Pts',(21.0473762439785,63.0816654707396,-1.16472498614081));
#6205=CARTESIAN_POINT('Ctrl Pts',(21.8436887115672,58.8688270729739,-1.16472498614081));
#6206=CARTESIAN_POINT('Ctrl Pts',(24.5256582538713,50.6508701006016,-1.16472498614081));
#6207=CARTESIAN_POINT('Ctrl Pts',(32.714335994336,37.9259854950377,-1.16472498614082));
#6208=CARTESIAN_POINT('Ctrl Pts',(41.2175734953557,31.0794317855198,-1.16472498614082));
#6209=CARTESIAN_POINT('Ctrl Pts',(46.9071585025518,28.0813666599306,-1.16472498614082));
#6210=CARTESIAN_POINT('Ctrl Pts',(20.8738809072991,63.0488713099811,-1.48013675905421));
#6211=CARTESIAN_POINT('Ctrl Pts',(21.6729984043866,58.8211930893317,-1.48013675905421));
#6212=CARTESIAN_POINT('Ctrl Pts',(24.3644439363423,50.5742365866674,-1.48013675905421));
#6213=CARTESIAN_POINT('Ctrl Pts',(32.5819698488905,37.8045181029583,-1.48013675905421));
#6214=CARTESIAN_POINT('Ctrl Pts',(41.1152198629644,30.9337848769825,-1.48013675905421));
#6215=CARTESIAN_POINT('Ctrl Pts',(46.8248465678988,27.9251589960884,-1.48013675905421));
#6216=CARTESIAN_POINT('Ctrl Pts',(20.6101130452666,62.9990137989032,-1.74875624446144));
#6217=CARTESIAN_POINT('Ctrl Pts',(21.4135006109429,58.7487450630418,-1.74875624446144));
#6218=CARTESIAN_POINT('Ctrl Pts',(24.1193150587738,50.4577440720881,-1.74875624446144));
#6219=CARTESIAN_POINT('Ctrl Pts',(32.380749662866,37.6197953770042,-1.74875624446145));
#6220=CARTESIAN_POINT('Ctrl Pts',(40.9595703743416,30.712376286169,-1.74875624446145));
#6221=CARTESIAN_POINT('Ctrl Pts',(46.6997063569932,27.6876738722035,-1.74875624446145));
#6222=CARTESIAN_POINT('Ctrl Pts',(20.3003260917833,62.9404577400034,-1.9248338461716));
#6223=CARTESIAN_POINT('Ctrl Pts',(21.1087287127535,58.6636571860827,-1.9248338461716));
#6224=CARTESIAN_POINT('Ctrl Pts',(23.8314190236618,50.3209273124254,-1.9248338461716));
#6225=CARTESIAN_POINT('Ctrl Pts',(32.1444229487337,37.4028444599417,-1.92483384617161));
#6226=CARTESIAN_POINT('Ctrl Pts',(40.7767650375915,30.4523389315957,-1.92483384617161));
#6227=CARTESIAN_POINT('Ctrl Pts',(46.5527331647478,27.4087551576226,-1.92483384617161));
#6228=CARTESIAN_POINT('Ctrl Pts',(19.9754286300304,62.8790454865405,-1.9989891276082));
#6229=CARTESIAN_POINT('Ctrl Pts',(20.7890873481188,58.574437898744,-1.9989891276082));
#6230=CARTESIAN_POINT('Ctrl Pts',(23.5295009755293,50.1774275274641,-1.9989891276082));
#6231=CARTESIAN_POINT('Ctrl Pts',(31.8965570882742,37.1753460948628,-1.9989891276082));
#6232=CARTESIAN_POINT('Ctrl Pts',(40.58506855181,30.179604238771,-1.9989891276082));
#6233=CARTESIAN_POINT('Ctrl Pts',(46.3985910468524,27.1162315978542,-1.9989891276082));
#6234=CARTESIAN_POINT('Ctrl Pts',(19.7572967181598,62.8378141017588,-1.99999999999999));
#6235=CARTESIAN_POINT('Ctrl Pts',(20.5744878472015,58.5145185276416,-1.99999999999999));
#6236=CARTESIAN_POINT('Ctrl Pts',(23.3267766652594,50.0810930356951,-2.));
#6237=CARTESIAN_POINT('Ctrl Pts',(31.7301548638486,37.0225722847605,-2.));
#6238=CARTESIAN_POINT('Ctrl Pts',(40.4563407708178,29.9965070414198,-2.));
#6239=CARTESIAN_POINT('Ctrl Pts',(46.295102042368,26.919835100894,-2.));
#6240=CARTESIAN_POINT('Ctrl Pts',(19.6470491972932,62.8169750694728,-1.99999999999999));
#6241=CARTESIAN_POINT('Ctrl Pts',(20.4660232010798,58.4842473145359,-1.99999999999999));
#6242=CARTESIAN_POINT('Ctrl Pts',(23.2243306781547,50.0323974252184,-1.99999999999999));
#6243=CARTESIAN_POINT('Ctrl Pts',(31.64604425366,36.9453818084028,-2.));
#6244=CARTESIAN_POINT('Ctrl Pts',(40.3912972062738,29.9039573717319,-2.));
#6245=CARTESIAN_POINT('Ctrl Pts',(46.2427969665838,26.8205730226816,-2.));
#6246=CARTESIAN_POINT('Origin',(70.2509761284032,72.382150402465,-0.5));
#6247=CARTESIAN_POINT('Ctrl Pts',(42.933202582847,23.183471036067,-0.5));
#6248=CARTESIAN_POINT('Ctrl Pts',(39.0473497819515,27.728300026549,-0.5));
#6249=CARTESIAN_POINT('Ctrl Pts',(31.9822047000173,33.4833982946639,-0.5));
#6250=CARTESIAN_POINT('Ctrl Pts',(18.2459599403754,39.5362534140655,-0.5));
#6251=CARTESIAN_POINT('Ctrl Pts',(3.21873045956086,41.7482864882683,-0.5));
#6252=CARTESIAN_POINT('Ctrl Pts',(-8.66050362843895,39.178346419168,-0.5));
#6253=CARTESIAN_POINT('Ctrl Pts',(-14.1858072215661,36.8922268363971,-0.5));
#6254=CARTESIAN_POINT('Ctrl Pts',(42.933202582847,23.183471036067,-0.612199737628207));
#6255=CARTESIAN_POINT('Ctrl Pts',(39.047362041337,27.728285688175,-0.612199737628207));
#6256=CARTESIAN_POINT('Ctrl Pts',(31.9821897972743,33.4834009322999,-0.612199737628207));
#6257=CARTESIAN_POINT('Ctrl Pts',(18.2459644204043,39.5362390668373,-0.612199737628207));
#6258=CARTESIAN_POINT('Ctrl Pts',(3.21873748685334,41.7482824153318,-0.612199737628206));
#6259=CARTESIAN_POINT('Ctrl Pts',(-8.66052106008921,39.1783392067431,-0.612199737628207));
#6260=CARTESIAN_POINT('Ctrl Pts',(-14.1858072215661,36.8922268363971,-0.612199737628207));
#6261=CARTESIAN_POINT('Ctrl Pts',(42.9341654427611,23.1842942863813,-0.83428582287407));
#6262=CARTESIAN_POINT('Ctrl Pts',(39.0482246590485,27.7292261801071,-0.83428582287407));
#6263=CARTESIAN_POINT('Ctrl Pts',(31.9828773717681,33.4844847615008,-0.83428582287407));
#6264=CARTESIAN_POINT('Ctrl Pts',(18.2463011394583,39.5374787317793,-0.83428582287407));
#6265=CARTESIAN_POINT('Ctrl Pts',(3.21869309752819,41.7495766264966,-0.83428582287407));
#6266=CARTESIAN_POINT('Ctrl Pts',(-8.66086285895039,39.1795687627316,-0.834285822874071));
#6267=CARTESIAN_POINT('Ctrl Pts',(-14.1862915550603,36.8933974180305,-0.834285822874071));
#6268=CARTESIAN_POINT('Ctrl Pts',(42.9901377478554,23.2321509029841,-1.16474751046681));
#6269=CARTESIAN_POINT('Ctrl Pts',(39.0984586338951,27.7837942525995,-1.16474751046681));
#6270=CARTESIAN_POINT('Ctrl Pts',(32.0227389314102,33.5475082920614,-1.16474751046681));
#6271=CARTESIAN_POINT('Ctrl Pts',(18.2659075381068,39.6094380581122,-1.16474751046681));
#6272=CARTESIAN_POINT('Ctrl Pts',(3.21616363560402,41.8247812842013,-1.16474751046681));
#6273=CARTESIAN_POINT('Ctrl Pts',(-8.68085845209965,39.2509921693924,-1.16474751046682));
#6274=CARTESIAN_POINT('Ctrl Pts',(-14.2144464940111,36.9614448581214,-1.16474751046682));
#6275=CARTESIAN_POINT('Ctrl Pts',(43.1243068518886,23.3468661958572,-1.48013404164356));
#6276=CARTESIAN_POINT('Ctrl Pts',(39.2189211642529,27.9145405267248,-1.48013404164356));
#6277=CARTESIAN_POINT('Ctrl Pts',(32.118230542019,33.6985900711792,-1.48013404164356));
#6278=CARTESIAN_POINT('Ctrl Pts',(18.31292304391,39.7818722166071,-1.48013404164356));
#6279=CARTESIAN_POINT('Ctrl Pts',(3.21012819406067,42.0050354025612,-1.48013404164355));
#6280=CARTESIAN_POINT('Ctrl Pts',(-8.7288581850436,39.4221699572481,-1.48013404164356));
#6281=CARTESIAN_POINT('Ctrl Pts',(-14.2819356375576,37.1245588133777,-1.48013404164356));
#6282=CARTESIAN_POINT('Ctrl Pts',(43.3283568440729,23.521330017337,-1.74875784966805));
#6283=CARTESIAN_POINT('Ctrl Pts',(39.4021008656614,28.1134138941698,-1.74875784966805));
#6284=CARTESIAN_POINT('Ctrl Pts',(32.2634882806049,33.9283562408354,-1.74875784966805));
#6285=CARTESIAN_POINT('Ctrl Pts',(18.3844171460266,40.0441462823003,-1.74875784966805));
#6286=CARTESIAN_POINT('Ctrl Pts',(3.20093504921985,42.2791816403522,-1.74875784966805));
#6287=CARTESIAN_POINT('Ctrl Pts',(-8.80182298342501,39.6825188721377,-1.74875784966806));
#6288=CARTESIAN_POINT('Ctrl Pts',(-14.3845759533921,37.3726293474626,-1.74875784966806));
#6289=CARTESIAN_POINT('Ctrl Pts',(43.5679718072402,23.7262020769261,-1.92483528900965));
#6290=CARTESIAN_POINT('Ctrl Pts',(39.6172073128995,28.3469507075249,-1.92483528900965));
#6291=CARTESIAN_POINT('Ctrl Pts',(32.4340645376773,34.1981694568849,-1.92483528900965));
#6292=CARTESIAN_POINT('Ctrl Pts',(18.4683721096756,40.3521342431695,-1.92483528900965));
#6293=CARTESIAN_POINT('Ctrl Pts',(3.19013922064133,42.6011105101774,-1.92483528900965));
#6294=CARTESIAN_POINT('Ctrl Pts',(-8.88750431345042,39.9882457707262,-1.92483528900965));
#6295=CARTESIAN_POINT('Ctrl Pts',(-14.5051060021065,37.663937429621,-1.92483528900965));
#6296=CARTESIAN_POINT('Ctrl Pts',(43.819289088632,23.94107968043,-1.99899035413635));
#6297=CARTESIAN_POINT('Ctrl Pts',(39.8428369822412,28.591872116063,-1.99899035413635));
#6298=CARTESIAN_POINT('Ctrl Pts',(32.6129496998028,34.4811636544638,-1.99899035413635));
#6299=CARTESIAN_POINT('Ctrl Pts',(18.5564337901975,40.6751428322957,-1.99899035413635));
#6300=CARTESIAN_POINT('Ctrl Pts',(3.17882637779949,42.9387558150559,-1.99899035413634));
#6301=CARTESIAN_POINT('Ctrl Pts',(-8.97739553167388,40.3088932608673,-1.99899035413635));
#6302=CARTESIAN_POINT('Ctrl Pts',(-14.6315224986748,37.9694724191217,-1.99899035413635));
#6303=CARTESIAN_POINT('Ctrl Pts',(43.9880123966653,24.0853390003011,-1.99999999999999));
#6304=CARTESIAN_POINT('Ctrl Pts',(39.9942972493104,28.7563220023445,-1.99999999999999));
#6305=CARTESIAN_POINT('Ctrl Pts',(32.7330665770267,34.6711496748494,-2.));
#6306=CARTESIAN_POINT('Ctrl Pts',(18.6155481075442,40.8920170108101,-2.));
#6307=CARTESIAN_POINT('Ctrl Pts',(3.171221395941,43.1654417589102,-1.99999999999999));
#6308=CARTESIAN_POINT('Ctrl Pts',(-9.03771961647542,40.5241721088565,-2.));
#6309=CARTESIAN_POINT('Ctrl Pts',(-14.7163929436074,38.1745950985609,-2.));
#6310=CARTESIAN_POINT('Ctrl Pts',(44.0732907955581,24.1582524819497,-1.99999999999999));
#6311=CARTESIAN_POINT('Ctrl Pts',(40.0708624106358,28.8394263421462,-1.99999999999999));
#6312=CARTESIAN_POINT('Ctrl Pts',(32.7937629762435,34.7671775583044,-2.));
#6313=CARTESIAN_POINT('Ctrl Pts',(18.6454308738124,41.0016183312881,-2.));
#6314=CARTESIAN_POINT('Ctrl Pts',(3.16738450857342,43.280012397717,-1.99999999999999));
#6315=CARTESIAN_POINT('Ctrl Pts',(-9.06822660206638,40.6329741265437,-2.));
#6316=CARTESIAN_POINT('Ctrl Pts',(-14.7592893029874,38.2782709562896,-2.));
#6317=CARTESIAN_POINT('',(-14.1858072215661,36.8922268363971,-0.5));
#6318=CARTESIAN_POINT('Origin',(4.93026215914201,-9.30924382668847,-0.5));
#6319=CARTESIAN_POINT('Ctrl Pts',(-14.1858072215661,36.8922268363971,-0.5));
#6320=CARTESIAN_POINT('Ctrl Pts',(-14.1858072215661,36.8922268363971,-0.612199737628207));
#6321=CARTESIAN_POINT('Ctrl Pts',(-14.1862915550603,36.8933974180305,-0.834285822874071));
#6322=CARTESIAN_POINT('Ctrl Pts',(-14.2144464940111,36.9614448581214,-1.16474751046682));
#6323=CARTESIAN_POINT('Ctrl Pts',(-14.2819356375576,37.1245588133777,-1.48013404164356));
#6324=CARTESIAN_POINT('Ctrl Pts',(-14.3845759533921,37.3726293474626,-1.74875784966806));
#6325=CARTESIAN_POINT('Ctrl Pts',(-14.5051060021065,37.663937429621,-1.92483528900965));
#6326=CARTESIAN_POINT('Ctrl Pts',(-14.6315224986748,37.9694724191217,-1.99899035413635));
#6327=CARTESIAN_POINT('Ctrl Pts',(-14.7163929436074,38.1745950985609,-2.));
#6328=CARTESIAN_POINT('Ctrl Pts',(-14.7592893029874,38.2782709562896,-2.));
#6329=CARTESIAN_POINT('Ctrl Pts',(-14.1857946425319,36.8922320412999,-0.5));
#6330=CARTESIAN_POINT('Ctrl Pts',(-15.2597376011703,36.447871824749,-0.5));
#6331=CARTESIAN_POINT('Ctrl Pts',(-17.6497339032664,36.1499882494034,-0.5));
#6332=CARTESIAN_POINT('Ctrl Pts',(-20.9634884401631,37.5963284651732,-0.5));
#6333=CARTESIAN_POINT('Ctrl Pts',(-23.0671867733513,40.5357914097637,-0.5));
#6334=CARTESIAN_POINT('Ctrl Pts',(-23.3793207611317,44.1366406245142,-0.5));
#6335=CARTESIAN_POINT('Ctrl Pts',(-21.8028940977009,47.3908037772789,-0.5));
#6336=CARTESIAN_POINT('Ctrl Pts',(-18.7859918227174,49.3810407911984,-0.5));
#6337=CARTESIAN_POINT('Ctrl Pts',(-16.3798751405346,49.4950734556508,-0.5));
#6338=CARTESIAN_POINT('Ctrl Pts',(-15.2459069511447,49.2402683813022,-0.5));
#6339=CARTESIAN_POINT('Ctrl Pts',(-14.1857946425319,36.8922320412999,-0.612199737628207));
#6340=CARTESIAN_POINT('Ctrl Pts',(-15.2597636639192,36.4478610408906,-0.612199737628207));
#6341=CARTESIAN_POINT('Ctrl Pts',(-17.6497239197751,36.1499613187976,-0.612199737628207));
#6342=CARTESIAN_POINT('Ctrl Pts',(-20.9635280199711,37.596293637278,-0.612199737628207));
#6343=CARTESIAN_POINT('Ctrl Pts',(-23.0672154486761,40.5357803663389,-0.612199737628207));
#6344=CARTESIAN_POINT('Ctrl Pts',(-23.3793695456779,44.1366530577178,-0.612199737628207));
#6345=CARTESIAN_POINT('Ctrl Pts',(-21.8029350787668,47.3908184297758,-0.612199737628207));
#6346=CARTESIAN_POINT('Ctrl Pts',(-18.7859858274986,49.381078635199,-0.612199737628207));
#6347=CARTESIAN_POINT('Ctrl Pts',(-16.3799026599927,49.4950796393318,-0.612199737628207));
#6348=CARTESIAN_POINT('Ctrl Pts',(-15.2459069511447,49.2402683813022,-0.612199737628207));
#6349=CARTESIAN_POINT('Ctrl Pts',(-14.1862789627952,36.8934025608853,-0.834285800914151));
#6350=CARTESIAN_POINT('Ctrl Pts',(-15.2600348750218,36.4491197376292,-0.834285800914151));
#6351=CARTESIAN_POINT('Ctrl Pts',(-17.6495346263474,36.1512804308925,-0.834285800914151));
#6352=CARTESIAN_POINT('Ctrl Pts',(-20.9626856712761,37.5973320327916,-0.834285800914151));
#6353=CARTESIAN_POINT('Ctrl Pts',(-23.0659647132446,40.5362424217942,-0.834285800914151));
#6354=CARTESIAN_POINT('Ctrl Pts',(-23.3780550380497,44.1364099230666,-0.834285800914151));
#6355=CARTESIAN_POINT('Ctrl Pts',(-21.8019289364883,47.3899407788845,-0.834285800914152));
#6356=CARTESIAN_POINT('Ctrl Pts',(-18.7855745096391,49.3798097220554,-0.834285800914151));
#6357=CARTESIAN_POINT('Ctrl Pts',(-16.3799553586211,49.4937931340669,-0.834285800914152));
#6358=CARTESIAN_POINT('Ctrl Pts',(-15.2461846701125,49.2390324385882,-0.834285800914152));
#6359=CARTESIAN_POINT('Ctrl Pts',(-14.21443453108,36.9614497738889,-1.16474750848577));
#6360=CARTESIAN_POINT('Ctrl Pts',(-15.2759910830599,36.5222146212911,-1.16474750848577));
#6361=CARTESIAN_POINT('Ctrl Pts',(-17.6384575898653,36.2277700681921,-1.16474750848577));
#6362=CARTESIAN_POINT('Ctrl Pts',(-20.9140042948969,37.6574449963629,-1.16474750848577));
#6363=CARTESIAN_POINT('Ctrl Pts',(-22.9934627885075,40.5630233183348,-1.16474750848577));
#6364=CARTESIAN_POINT('Ctrl Pts',(-23.3019920337779,44.1223659197288,-1.16474750848577));
#6365=CARTESIAN_POINT('Ctrl Pts',(-21.7437357442397,47.3390258273377,-1.16474750848577));
#6366=CARTESIAN_POINT('Ctrl Pts',(-18.7616192706659,49.3063177396332,-1.16474750848577));
#6367=CARTESIAN_POINT('Ctrl Pts',(-16.3832191154992,49.4190481644466,-1.16474750848577));
#6368=CARTESIAN_POINT('Ctrl Pts',(-15.2623296385479,49.1671819047195,-1.16474750848577));
#6369=CARTESIAN_POINT('Ctrl Pts',(-14.2819251449087,37.124563092309,-1.48013403903158));
#6370=CARTESIAN_POINT('Ctrl Pts',(-15.3143423091582,36.6973848041265,-1.48013403903158));
#6371=CARTESIAN_POINT('Ctrl Pts',(-17.6118657180254,36.4110137326255,-1.48013403903158));
#6372=CARTESIAN_POINT('Ctrl Pts',(-20.7974688250443,37.8014014978446,-1.48013403903158));
#6373=CARTESIAN_POINT('Ctrl Pts',(-22.8197848242483,40.6271750222453,-1.48013403903158));
#6374=CARTESIAN_POINT('Ctrl Pts',(-23.1198575881442,44.0887508296718,-1.48013403903158));
#6375=CARTESIAN_POINT('Ctrl Pts',(-21.6044054215502,47.2170376159968,-1.48013403903158));
#6376=CARTESIAN_POINT('Ctrl Pts',(-18.7041733579839,49.1303028596527,-1.48013403903158));
#6377=CARTESIAN_POINT('Ctrl Pts',(-16.3911515316617,49.2399044057731,-1.48013403903159));
#6378=CARTESIAN_POINT('Ctrl Pts',(-15.301030112249,48.9949517942965,-1.48013403903159));
#6379=CARTESIAN_POINT('Ctrl Pts',(-14.3845677234428,37.372632722234,-1.74875786438942));
#6380=CARTESIAN_POINT('Ctrl Pts',(-15.3726158492028,36.9638127978666,-1.74875786438942));
#6381=CARTESIAN_POINT('Ctrl Pts',(-17.5714438338509,36.6897528219322,-1.74875786438942));
#6382=CARTESIAN_POINT('Ctrl Pts',(-20.620156836774,38.020406955135,-1.74875786438942));
#6383=CARTESIAN_POINT('Ctrl Pts',(-22.5555901332053,40.7247619442798,-1.74875786438942));
#6384=CARTESIAN_POINT('Ctrl Pts',(-22.8427613182685,44.0376024746194,-1.74875786438942));
#6385=CARTESIAN_POINT('Ctrl Pts',(-21.3924232280655,47.0314832011182,-1.74875786438943));
#6386=CARTESIAN_POINT('Ctrl Pts',(-18.6168192910996,48.8625355750303,-1.74875786438942));
#6387=CARTESIAN_POINT('Ctrl Pts',(-16.4031599182823,48.9674425185881,-1.74875786438943));
#6388=CARTESIAN_POINT('Ctrl Pts',(-15.3598874286346,48.7330169617005,-1.74875786438943));
#6389=CARTESIAN_POINT('Ctrl Pts',(-14.5051004245843,37.6639397314017,-1.92483533018568));
#6390=CARTESIAN_POINT('Ctrl Pts',(-15.4410448543171,37.2766785029254,-1.92483533018568));
#6391=CARTESIAN_POINT('Ctrl Pts',(-17.5239771175553,37.0170762199472,-1.92483533018569));
#6392=CARTESIAN_POINT('Ctrl Pts',(-20.4119381594546,38.2775858341039,-1.92483533018569));
#6393=CARTESIAN_POINT('Ctrl Pts',(-22.2453460644431,40.8393583798408,-1.92483533018569));
#6394=CARTESIAN_POINT('Ctrl Pts',(-22.5173659509083,43.9775385601143,-1.92483533018569));
#6395=CARTESIAN_POINT('Ctrl Pts',(-21.1434914183958,46.8135867633698,-1.92483533018569));
#6396=CARTESIAN_POINT('Ctrl Pts',(-18.5142401263634,48.5480957545011,-1.92483533018568));
#6397=CARTESIAN_POINT('Ctrl Pts',(-16.4172598946012,48.6474914773166,-1.92483533018569));
#6398=CARTESIAN_POINT('Ctrl Pts',(-15.4290033006949,48.4254281097178,-1.92483533018569));
#6399=CARTESIAN_POINT('Ctrl Pts',(-14.6315196937687,37.9694735729113,-1.99899037852729));
#6400=CARTESIAN_POINT('Ctrl Pts',(-15.5128537368997,37.604808221638,-1.99899037852729));
#6401=CARTESIAN_POINT('Ctrl Pts',(-17.474177689382,37.3603462064773,-1.99899037852729));
#6402=CARTESIAN_POINT('Ctrl Pts',(-20.1936081387556,38.5472740901099,-1.99899037852729));
#6403=CARTESIAN_POINT('Ctrl Pts',(-21.9199920665495,40.9595353897387,-1.99899037852729));
#6404=CARTESIAN_POINT('Ctrl Pts',(-22.1761499744845,43.9145593503687,-1.9989903785273));
#6405=CARTESIAN_POINT('Ctrl Pts',(-20.8824619602691,46.5850700473042,-1.9989903785273));
#6406=CARTESIAN_POINT('Ctrl Pts',(-18.4066424784145,48.2183544422014,-1.9989903785273));
#6407=CARTESIAN_POINT('Ctrl Pts',(-16.4320885518004,48.3119236915478,-1.9989903785273));
#6408=CARTESIAN_POINT('Ctrl Pts',(-15.5014946491186,48.1028172538365,-1.9989903785273));
#6409=CARTESIAN_POINT('Ctrl Pts',(-14.7163920027642,38.1745954880472,-2.));
#6410=CARTESIAN_POINT('Ctrl Pts',(-15.5610258131476,37.825115415694,-2.));
#6411=CARTESIAN_POINT('Ctrl Pts',(-17.4407588170866,37.5908409743048,-2.));
#6412=CARTESIAN_POINT('Ctrl Pts',(-20.0469744704043,38.7283806187886,-2.));
#6413=CARTESIAN_POINT('Ctrl Pts',(-21.7015228090162,41.0402326984148,-2.));
#6414=CARTESIAN_POINT('Ctrl Pts',(-21.9470029577233,43.872260130862,-2.));
#6415=CARTESIAN_POINT('Ctrl Pts',(-20.7071597753115,46.4316330931214,-2.));
#6416=CARTESIAN_POINT('Ctrl Pts',(-18.3344147386761,47.996926637353,-2.));
#6417=CARTESIAN_POINT('Ctrl Pts',(-16.4420045424702,48.086629479878,-2.00000000000001));
#6418=CARTESIAN_POINT('Ctrl Pts',(-15.5501621359868,47.8862305861369,-2.00000000000001));
#6419=CARTESIAN_POINT('Ctrl Pts',(-14.7592893030591,38.2782709564631,-2.));
#6420=CARTESIAN_POINT('Ctrl Pts',(-15.5853992712425,37.9364554052701,-2.));
#6421=CARTESIAN_POINT('Ctrl Pts',(-17.4238579651626,37.7073141934658,-2.));
#6422=CARTESIAN_POINT('Ctrl Pts',(-19.9728999166216,38.8198835902118,-2.));
#6423=CARTESIAN_POINT('Ctrl Pts',(-21.5911294036894,41.0810089322045,-2.));
#6424=CARTESIAN_POINT('Ctrl Pts',(-21.8312324712128,43.850892943551,-2.));
#6425=CARTESIAN_POINT('Ctrl Pts',(-20.618596576266,46.3540953687546,-2.));
#6426=CARTESIAN_POINT('Ctrl Pts',(-18.2979025185864,47.8850469179235,-2.));
#6427=CARTESIAN_POINT('Ctrl Pts',(-16.447043532292,47.9727643521176,-2.00000000000001));
#6428=CARTESIAN_POINT('Ctrl Pts',(-15.5747603096843,47.7767604487725,-2.00000000000001));
#6429=CARTESIAN_POINT('Origin',(-16.6709381714832,42.8984006736737,-0.5));
#6430=CARTESIAN_POINT('Ctrl Pts',(47.4687132473226,27.1968891394968,-0.5));
#6431=CARTESIAN_POINT('Ctrl Pts',(47.4060222337712,26.3531388103519,-0.5));
#6432=CARTESIAN_POINT('Ctrl Pts',(46.7365837424822,24.4217872436639,-0.5));
#6433=CARTESIAN_POINT('Ctrl Pts',(45.0461816613591,23.1889905703147,-0.5));
#6434=CARTESIAN_POINT('Ctrl Pts',(43.9625619829102,22.8753325771473,-0.5));
#6435=CARTESIAN_POINT('Ctrl Pts',(47.4687132473226,27.1968891394968,-0.612199737628207));
#6436=CARTESIAN_POINT('Ctrl Pts',(47.4060202052337,26.3531115085256,-0.612199737628207));
#6437=CARTESIAN_POINT('Ctrl Pts',(46.7365932993319,24.4217560935229,-0.612199737628207));
#6438=CARTESIAN_POINT('Ctrl Pts',(45.0462167248076,23.1890007195683,-0.612199737628207));
#6439=CARTESIAN_POINT('Ctrl Pts',(43.9625619829102,22.8753325771473,-0.612199737628207));
#6440=CARTESIAN_POINT('Ctrl Pts',(47.4674490738998,27.1969830681276,-0.83428611511245));
#6441=CARTESIAN_POINT('Ctrl Pts',(47.4047726186997,26.3534286779696,-0.83428611511245));
#6442=CARTESIAN_POINT('Ctrl Pts',(46.735518159724,24.4225760180399,-0.83428611511245));
#6443=CARTESIAN_POINT('Ctrl Pts',(45.0455775585832,23.1901354049129,-0.834286115112449));
#6444=CARTESIAN_POINT('Ctrl Pts',(43.9622095225154,22.876550250626,-0.834286115112449));
#6445=CARTESIAN_POINT('Ctrl Pts',(47.3940098444635,27.2024396345653,-1.16474753587204));
#6446=CARTESIAN_POINT('Ctrl Pts',(47.3322828999767,26.3716645875939,-1.16474753587204));
#6447=CARTESIAN_POINT('Ctrl Pts',(46.6731266810206,24.4699916353253,-1.16474753587204));
#6448=CARTESIAN_POINT('Ctrl Pts',(45.0086898114936,23.2561227006559,-1.16474753587203));
#6449=CARTESIAN_POINT('Ctrl Pts',(43.9417341515475,22.94728817342,-1.16474753587203));
#6450=CARTESIAN_POINT('Ctrl Pts',(47.2179701044155,27.2155194632157,-1.48013407399434));
#6451=CARTESIAN_POINT('Ctrl Pts',(47.1585111608952,26.4152691510276,-1.48013407399434));
#6452=CARTESIAN_POINT('Ctrl Pts',(46.5236072254714,24.5835270286248,-1.48013407399434));
#6453=CARTESIAN_POINT('Ctrl Pts',(44.9204061043311,23.4143398452465,-1.48013407399433));
#6454=CARTESIAN_POINT('Ctrl Pts',(43.8926530403995,23.1168526641666,-1.48013407399433));
#6455=CARTESIAN_POINT('Ctrl Pts',(46.9502424282888,27.235411745082,-1.74875765036404));
#6456=CARTESIAN_POINT('Ctrl Pts',(46.8942368525298,26.4816398676851,-1.74875765036404));
#6457=CARTESIAN_POINT('Ctrl Pts',(46.2961932101169,24.7562589043847,-1.74875765036404));
#6458=CARTESIAN_POINT('Ctrl Pts',(44.7860699898966,23.6549417083129,-1.74875765036403));
#6459=CARTESIAN_POINT('Ctrl Pts',(43.8180086911988,23.3747325442939,-1.74875765036404));
#6460=CARTESIAN_POINT('Ctrl Pts',(46.6358508923022,27.2587711718724,-1.92483473693489));
#6461=CARTESIAN_POINT('Ctrl Pts',(46.5839006945779,26.5595801084985,-1.92483473693489));
#6462=CARTESIAN_POINT('Ctrl Pts',(46.0291413631012,24.9590988213687,-1.92483473693489));
#6463=CARTESIAN_POINT('Ctrl Pts',(44.6283178643823,23.9374789998826,-1.92483473693489));
#6464=CARTESIAN_POINT('Ctrl Pts',(43.7303541313958,23.6775598529464,-1.92483473693489));
#6465=CARTESIAN_POINT('Ctrl Pts',(46.3061047748268,27.2832714506932,-1.99899002647775));
#6466=CARTESIAN_POINT('Ctrl Pts',(46.2584050579547,26.6412870651966,-1.99899002647775));
#6467=CARTESIAN_POINT('Ctrl Pts',(45.7490608952172,25.1717998232766,-1.99899002647775));
#6468=CARTESIAN_POINT('Ctrl Pts',(44.4629124047786,24.2338299415362,-1.99899002647774));
#6469=CARTESIAN_POINT('Ctrl Pts',(43.6384186068489,23.9951769573012,-1.99899002647774));
#6470=CARTESIAN_POINT('Ctrl Pts',(46.0847279100531,27.2997198472747,-2.));
#6471=CARTESIAN_POINT('Ctrl Pts',(46.0398846761006,26.6961804998643,-2.));
#6472=CARTESIAN_POINT('Ctrl Pts',(45.561013677624,25.314642328955,-2.));
#6473=CARTESIAN_POINT('Ctrl Pts',(44.3518164277756,24.4327722660309,-1.99999999999999));
#6474=CARTESIAN_POINT('Ctrl Pts',(43.5766971881364,24.2084109425833,-1.99999999999999));
#6475=CARTESIAN_POINT('Ctrl Pts',(45.9728365983613,27.3080334200168,-2.));
#6476=CARTESIAN_POINT('Ctrl Pts',(45.9294351274411,26.7238985767626,-2.));
#6477=CARTESIAN_POINT('Ctrl Pts',(45.4659777103948,25.386809030594,-2.));
#6478=CARTESIAN_POINT('Ctrl Pts',(44.2956993465405,24.5333344105831,-1.99999999999999));
#6479=CARTESIAN_POINT('Ctrl Pts',(43.5455011076143,24.3161865691595,-1.99999999999999));
#6480=CARTESIAN_POINT('Origin',(42.6071141381984,27.5581080511868,-0.5));
#6481=CARTESIAN_POINT('Origin',(46.4710482482554,27.2654680109707,0.));
#6482=CARTESIAN_POINT('',(46.9373213439446,28.1501088421764,0.5));
#6483=CARTESIAN_POINT('',(46.9373213439446,28.1501088421764,0.));
#6484=CARTESIAN_POINT('',(47.4681925347218,27.1899480005923,0.5));
#6485=CARTESIAN_POINT('Origin',(46.4710482482554,27.2654680109707,0.5));
#6486=CARTESIAN_POINT('',(47.4681925347218,27.1899480005923,0.));
#6487=CARTESIAN_POINT('Origin',(70.2509761284032,72.382150402465,0.));
#6488=CARTESIAN_POINT('',(21.1209499819295,63.0955724080249,0.5));
#6489=CARTESIAN_POINT('',(21.1209499819295,63.0955724080249,0.));
#6490=CARTESIAN_POINT('Origin',(70.2509761284032,72.382150402465,0.5));
#6491=CARTESIAN_POINT('Origin',(14.7340465807894,61.88831727985,0.));
#6492=CARTESIAN_POINT('',(8.45596833358934,63.5722809142654,0.5));
#6493=CARTESIAN_POINT('',(8.45596833358934,63.5722809142654,0.));
#6494=CARTESIAN_POINT('Origin',(14.7340465807894,61.88831727985,0.5));
#6495=CARTESIAN_POINT('Origin',(-10.8611955039493,68.7537074816974,0.));
#6496=CARTESIAN_POINT('',(-15.2459069511447,49.2402683813022,0.5));
#6497=CARTESIAN_POINT('',(-15.2459069511447,49.2402683813022,0.));
#6498=CARTESIAN_POINT('Origin',(-10.8611955039493,68.7537074816974,0.5));
#6499=CARTESIAN_POINT('Ctrl Pts',(43.9691506101291,22.8772447067673,0.5));
#6500=CARTESIAN_POINT('Ctrl Pts',(43.9691506101291,22.8772447067673,0.531128387017351));
#6501=CARTESIAN_POINT('Ctrl Pts',(43.9696981251252,22.87476846678,0.60323796426278));
#6502=CARTESIAN_POINT('Ctrl Pts',(43.9689302936268,22.8855371414832,0.743227934999042));
#6503=CARTESIAN_POINT('Ctrl Pts',(43.9737500453289,22.8927639407699,0.947990817773314));
#6504=CARTESIAN_POINT('Ctrl Pts',(43.9544190914174,23.0210021845752,1.29451070957512));
#6505=CARTESIAN_POINT('Ctrl Pts',(43.9452061696184,23.0975082500532,1.40161366925099));
#6506=CARTESIAN_POINT('Ctrl Pts',(43.941607133095,23.1343587596296,1.45186118586596));
#6507=CARTESIAN_POINT('Ctrl Pts',(43.941182916634,23.1387110584832,1.45767794832155));
#6508=CARTESIAN_POINT('Ctrl Pts',(43.9406637869633,23.1441262235102,1.46485533119604));
#6509=CARTESIAN_POINT('Ctrl Pts',(43.940050969639,23.1506214110458,1.47329841805548));
#6510=CARTESIAN_POINT('Ctrl Pts',(43.9388466526126,23.1636092273469,1.48991552231092));
#6511=CARTESIAN_POINT('Ctrl Pts',(43.9371092388577,23.183099535695,1.51383611391824));
#6512=CARTESIAN_POINT('Ctrl Pts',(43.9348995823012,23.2091794091024,1.54394868594424));
#6513=CARTESIAN_POINT('Ctrl Pts',(43.9331011562224,23.2310931326625,1.56782850894227));
#6514=CARTESIAN_POINT('Ctrl Pts',(43.9316629868677,23.2487918862975,1.58632940805651));
#6515=CARTESIAN_POINT('Ctrl Pts',(43.9302125819796,23.2666354218601,1.60447904066492));
#6516=CARTESIAN_POINT('Ctrl Pts',(43.9276172448043,23.2983050408034,1.63540776874372));
#6517=CARTESIAN_POINT('Ctrl Pts',(43.9235414636502,23.3453748883683,1.67789633615924));
#6518=CARTESIAN_POINT('Ctrl Pts',(43.9174855823293,23.4063362218192,1.72732204413536));
#6519=CARTESIAN_POINT('Ctrl Pts',(43.9108606871573,23.4625459149413,1.76792489208656));
#6520=CARTESIAN_POINT('Ctrl Pts',(43.9041565993972,23.511999438431,1.80018405120795));
#6521=CARTESIAN_POINT('Ctrl Pts',(43.8982823917992,23.5517461993036,1.82426419696702));
#6522=CARTESIAN_POINT('Ctrl Pts',(43.8925401113786,23.5875588047568,1.84423956472308));
#6523=CARTESIAN_POINT('Ctrl Pts',(43.888050907201,23.6140727205014,1.8580063582117));
#6524=CARTESIAN_POINT('Ctrl Pts',(43.8856822984293,23.6277094814344,1.86482145035679));
#6525=CARTESIAN_POINT('Ctrl Pts',(43.8843060017232,23.6355695042799,1.86867323090384));
#6526=CARTESIAN_POINT('Ctrl Pts',(43.8608065445554,23.767710063781,1.93256947541971));
#6527=CARTESIAN_POINT('Ctrl Pts',(43.811596019199,24.0311501841209,1.99048466646032));
#6528=CARTESIAN_POINT('Ctrl Pts',(43.815539354251,24.1792377134579,1.99399001966645));
#6529=CARTESIAN_POINT('Ctrl Pts',(43.8239441003885,24.3131394838905,2.00060831691153));
#6530=CARTESIAN_POINT('Ctrl Pts',(43.8381153138773,24.375632246515,1.99982721859237));
#6531=CARTESIAN_POINT('Ctrl Pts',(43.8462255852719,24.411107980049,2.00001006857556));
#6532=CARTESIAN_POINT('Ctrl Pts',(43.8472647435898,24.4154010246068,1.99999999999999));
#6533=CARTESIAN_POINT('Ctrl Pts',(43.8482981945185,24.4196232036258,1.99999999999999));
#6534=CARTESIAN_POINT('Ctrl Pts',(43.7856833543051,22.823859449508,0.5));
#6535=CARTESIAN_POINT('Ctrl Pts',(43.7856833543051,22.823859449508,0.531128387017351));
#6536=CARTESIAN_POINT('Ctrl Pts',(43.7857873960279,22.8207472959606,0.604960024518629));
#6537=CARTESIAN_POINT('Ctrl Pts',(43.7864812957453,22.8327712794323,0.748841422547497));
#6538=CARTESIAN_POINT('Ctrl Pts',(43.7908906149614,22.8403914968629,0.972632430097034));
#6539=CARTESIAN_POINT('Ctrl Pts',(43.7931949452907,22.9965170307275,1.34012223208095));
#6540=CARTESIAN_POINT('Ctrl Pts',(43.7953663514934,23.0834098577163,1.44572588494248));
#6541=CARTESIAN_POINT('Ctrl Pts',(43.7968999833342,23.12446801225,1.49549450682619));
#6542=CARTESIAN_POINT('Ctrl Pts',(43.7970807778193,23.1293116394746,1.50123845034206));
#6543=CARTESIAN_POINT('Ctrl Pts',(43.7973103542615,23.1353264988704,1.5083218218942));
#6544=CARTESIAN_POINT('Ctrl Pts',(43.7975902249826,23.1425238575302,1.51663472377549));
#6545=CARTESIAN_POINT('Ctrl Pts',(43.798160014528,23.1568817934906,1.53296762916943));
#6546=CARTESIAN_POINT('Ctrl Pts',(43.7990470215957,23.1783029586273,1.55636831815075));
#6547=CARTESIAN_POINT('Ctrl Pts',(43.8002808665344,23.206733641009,1.58562540366266));
#6548=CARTESIAN_POINT('Ctrl Pts',(43.8013318701749,23.2304440358925,1.60867551142275));
#6549=CARTESIAN_POINT('Ctrl Pts',(43.8021754904532,23.2494980714731,1.62644866040406));
#6550=CARTESIAN_POINT('Ctrl Pts',(43.8030156933165,23.2686447816487,1.64382897004589));
#6551=CARTESIAN_POINT('Ctrl Pts',(43.8044662235854,23.3024696095459,1.67330329050576));
#6552=CARTESIAN_POINT('Ctrl Pts',(43.8063960683414,23.3523042037268,1.71339925722599));
#6553=CARTESIAN_POINT('Ctrl Pts',(43.8082281410095,23.4161566973004,1.75938353559474));
#6554=CARTESIAN_POINT('Ctrl Pts',(43.809076607257,23.4743781846546,1.79655851059739));
#6555=CARTESIAN_POINT('Ctrl Pts',(43.8091336846549,23.5251227589691,1.82568703153885));
#6556=CARTESIAN_POINT('Ctrl Pts',(43.8087996026385,23.5656378258947,1.84721826081423));
#6557=CARTESIAN_POINT('Ctrl Pts',(43.8081482496268,23.601884471697,1.86489491040805));
#6558=CARTESIAN_POINT('Ctrl Pts',(43.8074794866977,23.6285665724358,1.87698108366221));
#6559=CARTESIAN_POINT('Ctrl Pts',(43.8070886796868,23.6422492549583,1.88294012609871));
#6560=CARTESIAN_POINT('Ctrl Pts',(43.8068542919282,23.6501253203858,1.88630231679739));
#6561=CARTESIAN_POINT('Ctrl Pts',(43.8026431910774,23.782363348145,1.94196785343229));
#6562=CARTESIAN_POINT('Ctrl Pts',(43.7914919882108,24.0368296175765,1.9904165328039));
#6563=CARTESIAN_POINT('Ctrl Pts',(43.8065875215994,24.1816174002441,1.99464581069319));
#6564=CARTESIAN_POINT('Ctrl Pts',(43.8232984139982,24.3133799394616,2.00030227403939));
#6565=CARTESIAN_POINT('Ctrl Pts',(43.8379131677336,24.3756883867808,1.99984421458306));
#6566=CARTESIAN_POINT('Ctrl Pts',(43.846221266048,24.411108843471,2.00000862379313));
#6567=CARTESIAN_POINT('Ctrl Pts',(43.8472647435898,24.4154010246068,1.99999999999999));
#6568=CARTESIAN_POINT('Ctrl Pts',(43.8482981945185,24.4196232036258,1.99999999999999));
#6569=CARTESIAN_POINT('Ctrl Pts',(43.3876878818492,22.8254171030351,0.5));
#6570=CARTESIAN_POINT('Ctrl Pts',(43.3876878818492,22.8254171030351,0.531128387017351));
#6571=CARTESIAN_POINT('Ctrl Pts',(43.3866858870123,22.8220778886258,0.60686369568732));
#6572=CARTESIAN_POINT('Ctrl Pts',(43.3907700269507,22.8350103754517,0.754846314992231));
#6573=CARTESIAN_POINT('Ctrl Pts',(43.3941985323482,22.843514185169,0.999166699743172));
#6574=CARTESIAN_POINT('Ctrl Pts',(43.4489645608295,23.0214906872059,1.38831560282831));
#6575=CARTESIAN_POINT('Ctrl Pts',(43.4778029156302,23.1151222614102,1.49195052031891));
#6576=CARTESIAN_POINT('Ctrl Pts',(43.4912384796532,23.1586877072233,1.54108363853044));
#6577=CARTESIAN_POINT('Ctrl Pts',(43.4928212397988,23.1638209974393,1.54673513842952));
#6578=CARTESIAN_POINT('Ctrl Pts',(43.4947837289319,23.170185984004,1.55370050773369));
#6579=CARTESIAN_POINT('Ctrl Pts',(43.4971267731672,23.1777866382461,1.56185394508829));
#6580=CARTESIAN_POINT('Ctrl Pts',(43.5017908454229,23.192919149982,1.57784408759832));
#6581=CARTESIAN_POINT('Ctrl Pts',(43.5087117720407,23.215387135892,1.6006364123887));
#6582=CARTESIAN_POINT('Ctrl Pts',(43.5178193769285,23.2449959677202,1.62892024854843));
#6583=CARTESIAN_POINT('Ctrl Pts',(43.5253502743574,23.2695284635421,1.65104335365505));
#6584=CARTESIAN_POINT('Ctrl Pts',(43.531362870672,23.2891525133059,1.66801154360421));
#6585=CARTESIAN_POINT('Ctrl Pts',(43.537378159495,23.3088139307565,1.68454575271651));
#6586=CARTESIAN_POINT('Ctrl Pts',(43.5479337491668,23.3433979095839,1.71243245996423));
#6587=CARTESIAN_POINT('Ctrl Pts',(43.5632720320154,23.3939406530874,1.74994776850117));
#6588=CARTESIAN_POINT('Ctrl Pts',(43.5825249430052,23.4579987546215,1.79226862546661));
#6589=CARTESIAN_POINT('Ctrl Pts',(43.5996807238636,23.515732659129,1.82583568424961));
#6590=CARTESIAN_POINT('Ctrl Pts',(43.6143369577824,23.5655382776412,1.85169643396589));
#6591=CARTESIAN_POINT('Ctrl Pts',(43.6258782124282,23.6050188616387,1.87058079816908));
#6592=CARTESIAN_POINT('Ctrl Pts',(43.6360547204074,23.6400677931891,1.8858825719199));
#6593=CARTESIAN_POINT('Ctrl Pts',(43.6434609670158,23.6657072780153,1.89623911205646));
#6594=CARTESIAN_POINT('Ctrl Pts',(43.6472371049582,23.6788132086204,1.90131882163373));
#6595=CARTESIAN_POINT('Ctrl Pts',(43.6494050756343,23.6863464186807,1.90417852654294));
#6596=CARTESIAN_POINT('Ctrl Pts',(43.6857176184324,23.8126530649319,1.95140371606639));
#6597=CARTESIAN_POINT('Ctrl Pts',(43.7513742666866,24.0473858998493,1.99037582264841));
#6598=CARTESIAN_POINT('Ctrl Pts',(43.7886628805269,24.1860477473234,1.99531396605621));
#6599=CARTESIAN_POINT('Ctrl Pts',(43.8220368666903,24.3135817609102,2.00000543387123));
#6600=CARTESIAN_POINT('Ctrl Pts',(43.8375088831386,24.3757752456799,1.9998621192953));
#6601=CARTESIAN_POINT('Ctrl Pts',(43.846212681332,24.4111114098104,2.00000714761296));
#6602=CARTESIAN_POINT('Ctrl Pts',(43.8472647435898,24.4154010246068,1.99999999999999));
#6603=CARTESIAN_POINT('Ctrl Pts',(43.8482981945185,24.4196232036258,1.99999999999999));
#6604=CARTESIAN_POINT('Ctrl Pts',(43.0539556055393,23.0422709481219,0.5));
#6605=CARTESIAN_POINT('Ctrl Pts',(43.0539556055393,23.0422709481219,0.531128387017351));
#6606=CARTESIAN_POINT('Ctrl Pts',(43.0521505459856,23.039738108351,0.604960024518632));
#6607=CARTESIAN_POINT('Ctrl Pts',(43.0584932061399,23.0499029021179,0.748841422547499));
#6608=CARTESIAN_POINT('Ctrl Pts',(43.0602483196447,23.0576899218534,0.97263243009704));
#6609=CARTESIAN_POINT('Ctrl Pts',(43.1463430776024,23.1874853814253,1.34012223208096));
#6610=CARTESIAN_POINT('Ctrl Pts',(43.1935111500857,23.2601403634094,1.44572588494249));
#6611=CARTESIAN_POINT('Ctrl Pts',(43.2153883845047,23.2947115561881,1.4954945068262));
#6612=CARTESIAN_POINT('Ctrl Pts',(43.2179687728406,23.2987901623679,1.50123845034207));
#6613=CARTESIAN_POINT('Ctrl Pts',(43.2211686614161,23.3038576197824,1.50832182189421));
#6614=CARTESIAN_POINT('Ctrl Pts',(43.2249924433271,23.3099243322306,1.5166347237755));
#6615=CARTESIAN_POINT('Ctrl Pts',(43.232609184002,23.3220333218456,1.53296762916944));
#6616=CARTESIAN_POINT('Ctrl Pts',(43.2439342402479,23.3401216907,1.55636831815077));
#6617=CARTESIAN_POINT('Ctrl Pts',(43.258894818935,23.3641699256567,1.58562540366267));
#6618=CARTESIAN_POINT('Ctrl Pts',(43.2713274115095,23.3842512067484,1.60867551142276));
#6619=CARTESIAN_POINT('Ctrl Pts',(43.2813003036426,23.4003994511126,1.62644866040407));
#6620=CARTESIAN_POINT('Ctrl Pts',(43.2913137924932,23.416630917676,1.6438289700459));
#6621=CARTESIAN_POINT('Ctrl Pts',(43.3089914914769,23.4453130588097,1.67330329050577));
#6622=CARTESIAN_POINT('Ctrl Pts',(43.3350696503011,23.4875528842381,1.713399257226));
#6623=CARTESIAN_POINT('Ctrl Pts',(43.3687253790774,23.5415394090217,1.75938353559475));
#6624=CARTESIAN_POINT('Ctrl Pts',(43.3997942008181,23.5905535845354,1.7965585105974));
#6625=CARTESIAN_POINT('Ctrl Pts',(43.4272204508335,23.6330824798435,1.82568703153886));
#6626=CARTESIAN_POINT('Ctrl Pts',(43.4493167032973,23.6669295897732,1.84721826081424));
#6627=CARTESIAN_POINT('Ctrl Pts',(43.4692726009103,23.6971092299126,1.86489491040806));
#6628=CARTESIAN_POINT('Ctrl Pts',(43.4840616272421,23.7192726010189,1.87698108366222));
#6629=CARTESIAN_POINT('Ctrl Pts',(43.4916705620597,23.7306247962041,1.88294012609872));
#6630=CARTESIAN_POINT('Ctrl Pts',(43.496054342889,23.7371575102716,1.8863023167974));
#6631=CARTESIAN_POINT('Ctrl Pts',(43.5698326713981,23.8467426543048,1.94196785343231));
#6632=CARTESIAN_POINT('Ctrl Pts',(43.7113633235789,24.0582762197173,1.9904165328039));
#6633=CARTESIAN_POINT('Ctrl Pts',(43.7708911113211,24.1910246637717,1.99464581069319));
#6634=CARTESIAN_POINT('Ctrl Pts',(43.8208141492401,24.3139065671248,2.00030227403939));
#6635=CARTESIAN_POINT('Ctrl Pts',(43.837113296334,24.37589266285,1.99984421458305));
#6636=CARTESIAN_POINT('Ctrl Pts',(43.8462037065876,24.4111125814409,2.00000862379313));
#6637=CARTESIAN_POINT('Ctrl Pts',(43.8472647435897,24.4154010246068,1.99999999999999));
#6638=CARTESIAN_POINT('Ctrl Pts',(43.8482981945185,24.4196232036258,1.99999999999999));
#6639=CARTESIAN_POINT('Ctrl Pts',(42.929768388731,23.1874871828674,0.5));
#6640=CARTESIAN_POINT('Ctrl Pts',(42.929768388731,23.1874871828674,0.531128387017351));
#6641=CARTESIAN_POINT('Ctrl Pts',(42.9279384727626,23.1857358559962,0.603237964262781));
#6642=CARTESIAN_POINT('Ctrl Pts',(42.9347646441435,23.1939880339256,0.743227934999042));
#6643=CARTESIAN_POINT('Ctrl Pts',(42.9357081653735,23.2014918052386,0.947990817773317));
#6644=CARTESIAN_POINT('Ctrl Pts',(43.0242470993411,23.2956217674053,1.29451070957512));
#6645=CARTESIAN_POINT('Ctrl Pts',(43.0750788502539,23.3530170830407,1.401613669251));
#6646=CARTESIAN_POINT('Ctrl Pts',(43.098862956409,23.3810816069882,1.45186118586597));
#6647=CARTESIAN_POINT('Ctrl Pts',(43.1016707852232,23.384397106579,1.45767794832156));
#6648=CARTESIAN_POINT('Ctrl Pts',(43.1051567070266,23.3885269297183,1.46485533119605));
#6649=CARTESIAN_POINT('Ctrl Pts',(43.1093287040613,23.3934861683146,1.47329841805549));
#6650=CARTESIAN_POINT('Ctrl Pts',(43.1176515960676,23.4034148347794,1.48991552231092));
#6651=CARTESIAN_POINT('Ctrl Pts',(43.1300749122324,23.4183563798887,1.51383611391825));
#6652=CARTESIAN_POINT('Ctrl Pts',(43.1465796895175,23.4384263032427,1.54394868594425));
#6653=CARTESIAN_POINT('Ctrl Pts',(43.1603749436648,23.4553398658371,1.56782850894228));
#6654=CARTESIAN_POINT('Ctrl Pts',(43.1714873061806,23.4690222332977,1.58632940805651));
#6655=CARTESIAN_POINT('Ctrl Pts',(43.1826779980069,23.4828273922566,1.60447904066493));
#6656=CARTESIAN_POINT('Ctrl Pts',(43.2025206922789,23.5073505307161,1.63540776874373));
#6657=CARTESIAN_POINT('Ctrl Pts',(43.2320692972866,23.5437989687639,1.67789633615925));
#6658=CARTESIAN_POINT('Ctrl Pts',(43.2707261382499,23.5908502405053,1.72732204413538));
#6659=CARTESIAN_POINT('Ctrl Pts',(43.306967225317,23.6339664344631,1.76792489208656));
#6660=CARTESIAN_POINT('Ctrl Pts',(43.3393845595819,23.6716545227588,1.80018405120796));
#6661=CARTESIAN_POINT('Ctrl Pts',(43.3657392584383,23.701806257973,1.82426419696702));
#6662=CARTESIAN_POINT('Ctrl Pts',(43.3897650698683,23.7288448121032,1.84423956472309));
#6663=CARTESIAN_POINT('Ctrl Pts',(43.4076979812043,23.7487981928246,1.85800635821171));
#6664=CARTESIAN_POINT('Ctrl Pts',(43.4169577355688,23.7590446503027,1.8648214503568));
#6665=CARTESIAN_POINT('Ctrl Pts',(43.422300526066,23.7649487157732,1.86867323090384));
#6666=CARTESIAN_POINT('Ctrl Pts',(43.5123760166698,23.8640762169167,1.93256947541972));
#6667=CARTESIAN_POINT('Ctrl Pts',(43.6911032376776,24.0634068354246,1.99048466646033));
#6668=CARTESIAN_POINT('Ctrl Pts',(43.7619202144617,24.1933743009816,1.99399001966643));
#6669=CARTESIAN_POINT('Ctrl Pts',(43.8201147750329,24.3139593220438,2.00060831691154));
#6670=CARTESIAN_POINT('Ctrl Pts',(43.8369083905279,24.3759409229725,1.99982721859235));
#6671=CARTESIAN_POINT('Ctrl Pts',(43.8461994360594,24.411113521477,2.00001006857556));
#6672=CARTESIAN_POINT('Ctrl Pts',(43.8472647435897,24.4154010246068,1.99999999999999));
#6673=CARTESIAN_POINT('Ctrl Pts',(43.8482981945185,24.4196232036258,1.99999999999999));
#6674=CARTESIAN_POINT('',(43.9691506101291,22.8772447067673,0.5));
#6675=CARTESIAN_POINT('Ctrl Pts',(43.9691506101291,22.8772447067673,0.5));
#6676=CARTESIAN_POINT('Ctrl Pts',(43.9691506101291,22.8772447067673,0.531128387017351));
#6677=CARTESIAN_POINT('Ctrl Pts',(43.9696981251252,22.87476846678,0.60323796426278));
#6678=CARTESIAN_POINT('Ctrl Pts',(43.9689302936268,22.8855371414832,0.743227934999042));
#6679=CARTESIAN_POINT('Ctrl Pts',(43.9737500453289,22.8927639407699,0.947990817773314));
#6680=CARTESIAN_POINT('Ctrl Pts',(43.9544190914174,23.0210021845752,1.29451070957512));
#6681=CARTESIAN_POINT('Ctrl Pts',(43.9452061696184,23.0975082500532,1.40161366925099));
#6682=CARTESIAN_POINT('Ctrl Pts',(43.941607133095,23.1343587596296,1.45186118586596));
#6683=CARTESIAN_POINT('Ctrl Pts',(43.941182916634,23.1387110584832,1.45767794832155));
#6684=CARTESIAN_POINT('Ctrl Pts',(43.9406637869633,23.1441262235102,1.46485533119604));
#6685=CARTESIAN_POINT('Ctrl Pts',(43.940050969639,23.1506214110458,1.47329841805548));
#6686=CARTESIAN_POINT('Ctrl Pts',(43.9388466526126,23.1636092273469,1.48991552231092));
#6687=CARTESIAN_POINT('Ctrl Pts',(43.9371092388577,23.183099535695,1.51383611391824));
#6688=CARTESIAN_POINT('Ctrl Pts',(43.9348995823012,23.2091794091024,1.54394868594424));
#6689=CARTESIAN_POINT('Ctrl Pts',(43.9331011562224,23.2310931326625,1.56782850894227));
#6690=CARTESIAN_POINT('Ctrl Pts',(43.9316629868677,23.2487918862975,1.58632940805651));
#6691=CARTESIAN_POINT('Ctrl Pts',(43.9302125819796,23.2666354218601,1.60447904066492));
#6692=CARTESIAN_POINT('Ctrl Pts',(43.9276172448043,23.2983050408034,1.63540776874372));
#6693=CARTESIAN_POINT('Ctrl Pts',(43.9235414636502,23.3453748883683,1.67789633615924));
#6694=CARTESIAN_POINT('Ctrl Pts',(43.9174855823293,23.4063362218192,1.72732204413536));
#6695=CARTESIAN_POINT('Ctrl Pts',(43.9108606871573,23.4625459149413,1.76792489208656));
#6696=CARTESIAN_POINT('Ctrl Pts',(43.9041565993972,23.511999438431,1.80018405120795));
#6697=CARTESIAN_POINT('Ctrl Pts',(43.8982823917992,23.5517461993036,1.82426419696702));
#6698=CARTESIAN_POINT('Ctrl Pts',(43.8925401113786,23.5875588047568,1.84423956472308));
#6699=CARTESIAN_POINT('Ctrl Pts',(43.888050907201,23.6140727205014,1.8580063582117));
#6700=CARTESIAN_POINT('Ctrl Pts',(43.8856822984293,23.6277094814344,1.86482145035679));
#6701=CARTESIAN_POINT('Ctrl Pts',(43.8843060017232,23.6355695042799,1.86867323090384));
#6702=CARTESIAN_POINT('Ctrl Pts',(43.8608065445554,23.767710063781,1.93256947541971));
#6703=CARTESIAN_POINT('Ctrl Pts',(43.811596019199,24.0311501841209,1.99048466646032));
#6704=CARTESIAN_POINT('Ctrl Pts',(43.815539354251,24.1792377134579,1.99399001966645));
#6705=CARTESIAN_POINT('Ctrl Pts',(43.8239441003885,24.3131394838905,2.00060831691153));
#6706=CARTESIAN_POINT('Ctrl Pts',(43.8381153138773,24.375632246515,1.99982721859237));
#6707=CARTESIAN_POINT('Ctrl Pts',(43.8462255852719,24.411107980049,2.00001006857556));
#6708=CARTESIAN_POINT('Ctrl Pts',(43.8472647435898,24.4154010246068,1.99999999999999));
#6709=CARTESIAN_POINT('Ctrl Pts',(43.8482981945185,24.4196232036258,1.99999999999999));
#6710=CARTESIAN_POINT('',(42.929768388731,23.1874871828673,0.5));
#6711=CARTESIAN_POINT('Ctrl Pts',(43.8482981945185,24.4196232036258,1.99999999999999));
#6712=CARTESIAN_POINT('Ctrl Pts',(43.8472647435897,24.4154010246068,1.99999999999999));
#6713=CARTESIAN_POINT('Ctrl Pts',(43.8461994360594,24.411113521477,2.00001006857556));
#6714=CARTESIAN_POINT('Ctrl Pts',(43.8369083905279,24.3759409229725,1.99982721859235));
#6715=CARTESIAN_POINT('Ctrl Pts',(43.8201147750329,24.3139593220438,2.00060831691154));
#6716=CARTESIAN_POINT('Ctrl Pts',(43.7619202144617,24.1933743009816,1.99399001966643));
#6717=CARTESIAN_POINT('Ctrl Pts',(43.6911032376776,24.0634068354246,1.99048466646033));
#6718=CARTESIAN_POINT('Ctrl Pts',(43.5123760166698,23.8640762169167,1.93256947541972));
#6719=CARTESIAN_POINT('Ctrl Pts',(43.422300526066,23.7649487157732,1.86867323090384));
#6720=CARTESIAN_POINT('Ctrl Pts',(43.4169577355688,23.7590446503027,1.8648214503568));
#6721=CARTESIAN_POINT('Ctrl Pts',(43.4076979812043,23.7487981928246,1.85800635821171));
#6722=CARTESIAN_POINT('Ctrl Pts',(43.3897650698683,23.7288448121032,1.84423956472309));
#6723=CARTESIAN_POINT('Ctrl Pts',(43.3657392584383,23.701806257973,1.82426419696702));
#6724=CARTESIAN_POINT('Ctrl Pts',(43.3393845595819,23.6716545227588,1.80018405120796));
#6725=CARTESIAN_POINT('Ctrl Pts',(43.306967225317,23.6339664344631,1.76792489208656));
#6726=CARTESIAN_POINT('Ctrl Pts',(43.2707261382499,23.5908502405053,1.72732204413538));
#6727=CARTESIAN_POINT('Ctrl Pts',(43.2320692972866,23.5437989687639,1.67789633615925));
#6728=CARTESIAN_POINT('Ctrl Pts',(43.2025206922789,23.5073505307161,1.63540776874373));
#6729=CARTESIAN_POINT('Ctrl Pts',(43.1826779980069,23.4828273922566,1.60447904066493));
#6730=CARTESIAN_POINT('Ctrl Pts',(43.1714873061806,23.4690222332977,1.58632940805651));
#6731=CARTESIAN_POINT('Ctrl Pts',(43.1603749436648,23.4553398658371,1.56782850894228));
#6732=CARTESIAN_POINT('Ctrl Pts',(43.1465796895175,23.4384263032427,1.54394868594425));
#6733=CARTESIAN_POINT('Ctrl Pts',(43.1300749122324,23.4183563798887,1.51383611391825));
#6734=CARTESIAN_POINT('Ctrl Pts',(43.1176515960676,23.4034148347794,1.48991552231092));
#6735=CARTESIAN_POINT('Ctrl Pts',(43.1093287040613,23.3934861683146,1.47329841805549));
#6736=CARTESIAN_POINT('Ctrl Pts',(43.1051567070266,23.3885269297183,1.46485533119605));
#6737=CARTESIAN_POINT('Ctrl Pts',(43.1016707852232,23.384397106579,1.45767794832156));
#6738=CARTESIAN_POINT('Ctrl Pts',(43.098862956409,23.3810816069882,1.45186118586597));
#6739=CARTESIAN_POINT('Ctrl Pts',(43.0750788502539,23.3530170830407,1.401613669251));
#6740=CARTESIAN_POINT('Ctrl Pts',(43.0242470993411,23.2956217674053,1.29451070957512));
#6741=CARTESIAN_POINT('Ctrl Pts',(42.9357081653735,23.2014918052386,0.947990817773317));
#6742=CARTESIAN_POINT('Ctrl Pts',(42.9347646441435,23.1939880339256,0.743227934999042));
#6743=CARTESIAN_POINT('Ctrl Pts',(42.9279384727626,23.1857358559962,0.603237964262781));
#6744=CARTESIAN_POINT('Ctrl Pts',(42.929768388731,23.1874871828674,0.531128387017351));
#6745=CARTESIAN_POINT('Ctrl Pts',(42.929768388731,23.1874871828674,0.5));
#6746=CARTESIAN_POINT('Origin',(43.6897585133228,23.8374218030585,0.5));
#6747=CARTESIAN_POINT('Ctrl Pts',(46.9373213439446,28.1501088421764,0.5));
#6748=CARTESIAN_POINT('Ctrl Pts',(46.9373213439446,28.1501088421764,0.531220844478062));
#6749=CARTESIAN_POINT('Ctrl Pts',(46.9385471207577,28.1522401797868,0.600672857359335));
#6750=CARTESIAN_POINT('Ctrl Pts',(46.933321786807,28.1460928569702,0.744827154304106));
#6751=CARTESIAN_POINT('Ctrl Pts',(46.9252385066206,28.1413158548154,0.922350532003115));
#6752=CARTESIAN_POINT('Ctrl Pts',(46.8649999514899,28.0537408870593,1.25069101564298));
#6753=CARTESIAN_POINT('Ctrl Pts',(46.8156316874197,27.9825570107352,1.38693502020394));
#6754=CARTESIAN_POINT('Ctrl Pts',(46.7817001800427,27.9378828079346,1.4621696694224));
#6755=CARTESIAN_POINT('Ctrl Pts',(46.7764511768735,27.930980256875,1.47359470324117));
#6756=CARTESIAN_POINT('Ctrl Pts',(46.7698890421394,27.9224082109171,1.48746682625451));
#6757=CARTESIAN_POINT('Ctrl Pts',(46.7619735551267,27.9121326573452,1.50360598483468));
#6758=CARTESIAN_POINT('Ctrl Pts',(46.7460770159916,27.8916270287099,1.53489442251013));
#6759=CARTESIAN_POINT('Ctrl Pts',(46.7273033010713,27.8677436849564,1.56884090007275));
#6760=CARTESIAN_POINT('Ctrl Pts',(46.7053008268095,27.8399762631103,1.60532218364615));
#6761=CARTESIAN_POINT('Ctrl Pts',(46.6828300347903,27.8116766233531,1.64056779163975));
#6762=CARTESIAN_POINT('Ctrl Pts',(46.6536293024312,27.7748305702563,1.68290089829547));
#6763=CARTESIAN_POINT('Ctrl Pts',(46.616026991022,27.726698093818,1.73220081839853));
#6764=CARTESIAN_POINT('Ctrl Pts',(46.5748755182274,27.6727567558979,1.78078604130709));
#6765=CARTESIAN_POINT('Ctrl Pts',(46.5366336803742,27.6210112928665,1.82093562607652));
#6766=CARTESIAN_POINT('Ctrl Pts',(46.5069354577369,27.5797332395756,1.84880667434012));
#6767=CARTESIAN_POINT('Ctrl Pts',(46.4912937550522,27.5577126422218,1.86254729579762));
#6768=CARTESIAN_POINT('Ctrl Pts',(46.482182722389,27.5448350023904,1.87026666491515));
#6769=CARTESIAN_POINT('Ctrl Pts',(46.4026662763034,27.4316605684273,1.93613296434368));
#6770=CARTESIAN_POINT('Ctrl Pts',(46.2486513334608,27.2169082333293,1.99153091100288));
#6771=CARTESIAN_POINT('Ctrl Pts',(46.0978722488638,27.0839566588005,1.99720688045173));
#6772=CARTESIAN_POINT('Ctrl Pts',(46.0013657154896,27.0189698597838,2.00027235071289));
#6773=CARTESIAN_POINT('Ctrl Pts',(45.9410559516277,26.9890366793576,1.99998733703588));
#6774=CARTESIAN_POINT('Ctrl Pts',(45.9370439974225,26.9870227352445,1.99999999999999));
#6775=CARTESIAN_POINT('Ctrl Pts',(45.9331166580424,26.9851052257169,1.99999999999999));
#6776=CARTESIAN_POINT('Ctrl Pts',(47.1085458076892,28.0598605086702,0.5));
#6777=CARTESIAN_POINT('Ctrl Pts',(47.1085458076892,28.0598605086702,0.531220844478062));
#6778=CARTESIAN_POINT('Ctrl Pts',(47.1105947821955,28.0621636913727,0.601910809788999));
#6779=CARTESIAN_POINT('Ctrl Pts',(47.1038636341024,28.0558993176837,0.75134738537882));
#6780=CARTESIAN_POINT('Ctrl Pts',(47.0951887007867,28.0505032429571,0.944591639578432));
#6781=CARTESIAN_POINT('Ctrl Pts',(47.0048694770807,27.9576318051173,1.29615740935938));
#6782=CARTESIAN_POINT('Ctrl Pts',(46.9351901070463,27.8854770688056,1.43284430962323));
#6783=CARTESIAN_POINT('Ctrl Pts',(46.890887350657,27.8415157808962,1.50712936479613));
#6784=CARTESIAN_POINT('Ctrl Pts',(46.8840451844577,27.8347300451149,1.51838600509843));
#6785=CARTESIAN_POINT('Ctrl Pts',(46.8755463132233,27.8263291220546,1.53201406664574));
#6786=CARTESIAN_POINT('Ctrl Pts',(46.8653600535842,27.8162916296414,1.54780967270967));
#6787=CARTESIAN_POINT('Ctrl Pts',(46.8450374815822,27.7963301266623,1.5783205830257));
#6788=CARTESIAN_POINT('Ctrl Pts',(46.8213971488387,27.7732761589572,1.61112484249001));
#6789=CARTESIAN_POINT('Ctrl Pts',(46.79404888199,27.7467147245905,1.64604565315742));
#6790=CARTESIAN_POINT('Ctrl Pts',(46.7663251305871,27.7198127362124,1.67956215960444));
#6791=CARTESIAN_POINT('Ctrl Pts',(46.730630781228,27.6851221310223,1.71941113654326));
#6792=CARTESIAN_POINT('Ctrl Pts',(46.6850632961604,27.6404225310279,1.76514468161855));
#6793=CARTESIAN_POINT('Ctrl Pts',(46.6355430481061,27.5910895549766,1.80947516606295));
#6794=CARTESIAN_POINT('Ctrl Pts',(46.5898226798666,27.5445707869064,1.84541647111525));
#6795=CARTESIAN_POINT('Ctrl Pts',(46.5545320267902,27.5079973161673,1.86997504555006));
#6796=CARTESIAN_POINT('Ctrl Pts',(46.5360139364124,27.4886322414206,1.88198269126709));
#6797=CARTESIAN_POINT('Ctrl Pts',(46.5252514198492,27.4773445960755,1.8887047470778));
#6798=CARTESIAN_POINT('Ctrl Pts',(46.4314154071245,27.3784474225782,1.94583913965128));
#6799=CARTESIAN_POINT('Ctrl Pts',(46.2578571338067,27.1973469573113,1.99187316115394));
#6800=CARTESIAN_POINT('Ctrl Pts',(46.0997665475001,27.07901018637,1.99807556616639));
#6801=CARTESIAN_POINT('Ctrl Pts',(46.0013708225209,27.0187901986229,2.00022237271053));
#6802=CARTESIAN_POINT('Ctrl Pts',(45.9410646135766,26.9890247705274,1.99998980389783));
#6803=CARTESIAN_POINT('Ctrl Pts',(45.9370439974225,26.9870227352445,1.99999999999999));
#6804=CARTESIAN_POINT('Ctrl Pts',(45.9331166580424,26.9851052257169,1.99999999999999));
#6805=CARTESIAN_POINT('Ctrl Pts',(47.3966152043648,27.7772123051069,0.5));
#6806=CARTESIAN_POINT('Ctrl Pts',(47.3966152043648,27.7772123051069,0.531220844478062));
#6807=CARTESIAN_POINT('Ctrl Pts',(47.3997357080214,27.7789379447945,0.603289520790646));
#6808=CARTESIAN_POINT('Ctrl Pts',(47.3905863587587,27.7736195311645,0.75834663620296));
#6809=CARTESIAN_POINT('Ctrl Pts',(47.380824081404,27.7673168401957,0.968558555262479));
#6810=CARTESIAN_POINT('Ctrl Pts',(47.2447816512092,27.6904215117215,1.34438591768654));
#6811=CARTESIAN_POINT('Ctrl Pts',(47.1437196165723,27.633497697077,1.48101888674825));
#6812=CARTESIAN_POINT('Ctrl Pts',(47.0831362943163,27.5992741664459,1.55409434718286));
#6813=CARTESIAN_POINT('Ctrl Pts',(47.0737934580866,27.5939979627503,1.56514117594922));
#6814=CARTESIAN_POINT('Ctrl Pts',(47.0622468450914,27.5874777131567,1.57847371774414));
#6815=CARTESIAN_POINT('Ctrl Pts',(47.048479574237,27.5797062105317,1.59386334670031));
#6816=CARTESIAN_POINT('Ctrl Pts',(47.0211591768639,27.5642900752936,1.6234719717042));
#6817=CARTESIAN_POINT('Ctrl Pts',(46.989765494341,27.5465974464042,1.65498971255766));
#6818=CARTESIAN_POINT('Ctrl Pts',(46.953842975732,27.5264055351274,1.68818784928518));
#6819=CARTESIAN_POINT('Ctrl Pts',(46.9176484843164,27.5061045233212,1.71981489795947));
#6820=CARTESIAN_POINT('Ctrl Pts',(46.8713833635467,27.4802536720949,1.75698221471534));
#6821=CARTESIAN_POINT('Ctrl Pts',(46.8126820818334,27.4476643802257,1.79891636842263));
#6822=CARTESIAN_POINT('Ctrl Pts',(46.7491440529732,27.4126534981778,1.83876602571173));
#6823=CARTESIAN_POINT('Ctrl Pts',(46.6906480476261,27.3806881525474,1.87032294998343));
#6824=CARTESIAN_POINT('Ctrl Pts',(46.645623264547,27.3562496483647,1.8914581894223));
#6825=CARTESIAN_POINT('Ctrl Pts',(46.6220431718985,27.3434938721907,1.90168200429902));
#6826=CARTESIAN_POINT('Ctrl Pts',(46.6083592765444,27.3361029673488,1.90737924595116));
#6827=CARTESIAN_POINT('Ctrl Pts',(46.4890682887183,27.2717502639887,1.95555604530077));
#6828=CARTESIAN_POINT('Ctrl Pts',(46.2771525109593,27.1594461740929,1.99222440100187));
#6829=CARTESIAN_POINT('Ctrl Pts',(46.104245816404,27.0700099560387,1.99894238994468));
#6830=CARTESIAN_POINT('Ctrl Pts',(46.0014594369722,27.018539503929,2.00017310233232));
#6831=CARTESIAN_POINT('Ctrl Pts',(45.9410793805185,26.988997372736,1.99999224315454));
#6832=CARTESIAN_POINT('Ctrl Pts',(45.9370439974225,26.9870227352445,1.99999999999999));
#6833=CARTESIAN_POINT('Ctrl Pts',(45.9331166580424,26.9851052257169,1.99999999999999));
#6834=CARTESIAN_POINT('Ctrl Pts',(47.4828096231749,27.3829477918109,0.5));
#6835=CARTESIAN_POINT('Ctrl Pts',(47.4828096231749,27.3829477918109,0.531220844478062));
#6836=CARTESIAN_POINT('Ctrl Pts',(47.485850712849,27.3834636667917,0.601910809789));
#6837=CARTESIAN_POINT('Ctrl Pts',(47.4770141746444,27.3806483176845,0.75134738537882));
#6838=CARTESIAN_POINT('Ctrl Pts',(47.4680084876399,27.3746712545727,0.944591639578434));
#6839=CARTESIAN_POINT('Ctrl Pts',(47.341607367868,27.3446275511195,1.29615740935939));
#6840=CARTESIAN_POINT('Ctrl Pts',(47.2435827197782,27.3220521784521,1.43284430962324));
#6841=CARTESIAN_POINT('Ctrl Pts',(47.1828436463193,27.306527064176,1.50712936479613));
#6842=CARTESIAN_POINT('Ctrl Pts',(47.1734654465933,27.3041300010486,1.51838600509843));
#6843=CARTESIAN_POINT('Ctrl Pts',(47.1618388192423,27.3011388131497,1.53201406664574));
#6844=CARTESIAN_POINT('Ctrl Pts',(47.1479281756436,27.2975418890283,1.54780967270968));
#6845=CARTESIAN_POINT('Ctrl Pts',(47.1202248822138,27.2903420898472,1.57832058302571));
#6846=CARTESIAN_POINT('Ctrl Pts',(47.0881254756526,27.2819164454816,1.61112484249002));
#6847=CARTESIAN_POINT('Ctrl Pts',(47.0510599281157,27.2722025868815,1.64604565315742));
#6848=CARTESIAN_POINT('Ctrl Pts',(47.0134893281908,27.262417427764,1.67956215960445));
#6849=CARTESIAN_POINT('Ctrl Pts',(46.9650381240746,27.2500170896317,1.71941113654326));
#6850=CARTESIAN_POINT('Ctrl Pts',(46.9027768844582,27.2347736613867,1.76514468161856));
#6851=CARTESIAN_POINT('Ctrl Pts',(46.8344130068423,27.2190800574054,1.80947516606296));
#6852=CARTESIAN_POINT('Ctrl Pts',(46.7704202973094,27.2055969199464,1.84541647111526));
#6853=CARTESIAN_POINT('Ctrl Pts',(46.7204338201571,27.1958563637426,1.86997504555006));
#6854=CARTESIAN_POINT('Ctrl Pts',(46.6940505229228,27.1909198851755,1.88198269126709));
#6855=CARTESIAN_POINT('Ctrl Pts',(46.6786869599353,27.1880901629588,1.8887047470778));
#6856=CARTESIAN_POINT('Ctrl Pts',(46.544318883445,27.1638285906766,1.94583913965129));
#6857=CARTESIAN_POINT('Ctrl Pts',(46.2968283437727,27.1217524602494,1.99187316115395));
#6858=CARTESIAN_POINT('Ctrl Pts',(46.1087673752237,27.0610500483365,1.9980755661664));
#6859=CARTESIAN_POINT('Ctrl Pts',(46.0015839609168,27.0183083037063,2.00022237271056));
#6860=CARTESIAN_POINT('Ctrl Pts',(45.941092815297,26.9889692618042,1.99998980389783));
#6861=CARTESIAN_POINT('Ctrl Pts',(45.9370439974225,26.9870227352445,1.99999999999999));
#6862=CARTESIAN_POINT('Ctrl Pts',(45.9331166580424,26.9851052257169,1.99999999999999));
#6863=CARTESIAN_POINT('Ctrl Pts',(47.4681925347218,27.1899480005923,0.5));
#6864=CARTESIAN_POINT('Ctrl Pts',(47.4681925347218,27.1899480005923,0.531220844478062));
#6865=CARTESIAN_POINT('Ctrl Pts',(47.47065105943,27.1898617561692,0.600672857359336));
#6866=CARTESIAN_POINT('Ctrl Pts',(47.4626299121378,27.188257048113,0.744827154304106));
#6867=CARTESIAN_POINT('Ctrl Pts',(47.4541747842563,27.1824897193885,0.922350532003118));
#6868=CARTESIAN_POINT('Ctrl Pts',(47.3476931767218,27.1750477554824,1.25069101564299));
#6869=CARTESIAN_POINT('Ctrl Pts',(47.2609196696809,27.1690399038066,1.38693502020395));
#6870=CARTESIAN_POINT('Ctrl Pts',(47.2048111661997,27.1625684810632,1.46216966942241));
#6871=CARTESIAN_POINT('Ctrl Pts',(47.1961382272347,27.1615657564527,1.47359470324118));
#6872=CARTESIAN_POINT('Ctrl Pts',(47.18534301448,27.1602839883841,1.48746682625452));
#6873=CARTESIAN_POINT('Ctrl Pts',(47.1723744698443,27.1587097967786,1.50360598483469));
#6874=CARTESIAN_POINT('Ctrl Pts',(47.1464375331706,27.1554922723412,1.53489442251014));
#6875=CARTESIAN_POINT('Ctrl Pts',(47.1160803357876,27.1515602335474,1.56884090007276));
#6876=CARTESIAN_POINT('Ctrl Pts',(47.0806825812676,27.1469316903077,1.60532218364616));
#6877=CARTESIAN_POINT('Ctrl Pts',(47.044576790173,27.14225262222,1.64056779163976));
#6878=CARTESIAN_POINT('Ctrl Pts',(46.9975924584417,27.1363867804744,1.68290089829548));
#6879=CARTESIAN_POINT('Ctrl Pts',(46.9365140215931,27.1295802680669,1.73220081839854));
#6880=CARTESIAN_POINT('Ctrl Pts',(46.8686192878053,27.1232987264658,1.7807860413071));
#6881=CARTESIAN_POINT('Ctrl Pts',(46.8041907419111,27.1188439147248,1.82093562607653));
#6882=CARTESIAN_POINT('Ctrl Pts',(46.7532603031633,27.116304524661,1.84880667434013));
#6883=CARTESIAN_POINT('Ctrl Pts',(46.7262071860534,27.1152056513699,1.86254729579762));
#6884=CARTESIAN_POINT('Ctrl Pts',(46.7104078201104,27.1146164869279,1.87026666491516));
#6885=CARTESIAN_POINT('Ctrl Pts',(46.5718760617872,27.1100602367596,1.93613296434369));
#6886=CARTESIAN_POINT('Ctrl Pts',(46.3074184842555,27.1029528168138,1.99153091100289));
#6887=CARTESIAN_POINT('Ctrl Pts',(46.1115908008506,27.0566342527431,1.99720688045174));
#6888=CARTESIAN_POINT('Ctrl Pts',(46.0017130520673,27.0181967953179,2.00027235071292));
#6889=CARTESIAN_POINT('Ctrl Pts',(45.9410973379511,26.988955089214,1.99998733703588));
#6890=CARTESIAN_POINT('Ctrl Pts',(45.9370439974225,26.9870227352445,1.99999999999999));
#6891=CARTESIAN_POINT('Ctrl Pts',(45.9331166580424,26.9851052257169,1.99999999999999));
#6892=CARTESIAN_POINT('Ctrl Pts',(46.9373213439446,28.1501088421764,0.5));
#6893=CARTESIAN_POINT('Ctrl Pts',(46.9373213439446,28.1501088421764,0.531220844478062));
#6894=CARTESIAN_POINT('Ctrl Pts',(46.9385471207577,28.1522401797868,0.600672857359335));
#6895=CARTESIAN_POINT('Ctrl Pts',(46.933321786807,28.1460928569702,0.744827154304106));
#6896=CARTESIAN_POINT('Ctrl Pts',(46.9252385066206,28.1413158548154,0.922350532003115));
#6897=CARTESIAN_POINT('Ctrl Pts',(46.8649999514899,28.0537408870593,1.25069101564298));
#6898=CARTESIAN_POINT('Ctrl Pts',(46.8156316874197,27.9825570107352,1.38693502020394));
#6899=CARTESIAN_POINT('Ctrl Pts',(46.7817001800427,27.9378828079346,1.4621696694224));
#6900=CARTESIAN_POINT('Ctrl Pts',(46.7764511768735,27.930980256875,1.47359470324117));
#6901=CARTESIAN_POINT('Ctrl Pts',(46.7698890421394,27.9224082109171,1.48746682625451));
#6902=CARTESIAN_POINT('Ctrl Pts',(46.7619735551267,27.9121326573452,1.50360598483468));
#6903=CARTESIAN_POINT('Ctrl Pts',(46.7460770159916,27.8916270287099,1.53489442251013));
#6904=CARTESIAN_POINT('Ctrl Pts',(46.7273033010713,27.8677436849564,1.56884090007275));
#6905=CARTESIAN_POINT('Ctrl Pts',(46.7053008268095,27.8399762631103,1.60532218364615));
#6906=CARTESIAN_POINT('Ctrl Pts',(46.6828300347903,27.8116766233531,1.64056779163975));
#6907=CARTESIAN_POINT('Ctrl Pts',(46.6536293024312,27.7748305702563,1.68290089829547));
#6908=CARTESIAN_POINT('Ctrl Pts',(46.616026991022,27.726698093818,1.73220081839853));
#6909=CARTESIAN_POINT('Ctrl Pts',(46.5748755182274,27.6727567558979,1.78078604130709));
#6910=CARTESIAN_POINT('Ctrl Pts',(46.5366336803742,27.6210112928665,1.82093562607652));
#6911=CARTESIAN_POINT('Ctrl Pts',(46.5069354577369,27.5797332395756,1.84880667434012));
#6912=CARTESIAN_POINT('Ctrl Pts',(46.4912937550522,27.5577126422218,1.86254729579762));
#6913=CARTESIAN_POINT('Ctrl Pts',(46.482182722389,27.5448350023904,1.87026666491515));
#6914=CARTESIAN_POINT('Ctrl Pts',(46.4026662763034,27.4316605684273,1.93613296434368));
#6915=CARTESIAN_POINT('Ctrl Pts',(46.2486513334608,27.2169082333293,1.99153091100288));
#6916=CARTESIAN_POINT('Ctrl Pts',(46.0978722488638,27.0839566588005,1.99720688045173));
#6917=CARTESIAN_POINT('Ctrl Pts',(46.0013657154896,27.0189698597838,2.00027235071289));
#6918=CARTESIAN_POINT('Ctrl Pts',(45.9410559516277,26.9890366793576,1.99998733703588));
#6919=CARTESIAN_POINT('Ctrl Pts',(45.9370439974225,26.9870227352445,1.99999999999999));
#6920=CARTESIAN_POINT('Ctrl Pts',(45.9331166580424,26.9851052257169,1.99999999999999));
#6921=CARTESIAN_POINT('Ctrl Pts',(45.9331166580424,26.9851052257169,1.99999999999999));
#6922=CARTESIAN_POINT('Ctrl Pts',(45.9370439974225,26.9870227352445,1.99999999999999));
#6923=CARTESIAN_POINT('Ctrl Pts',(45.9410973379511,26.988955089214,1.99998733703588));
#6924=CARTESIAN_POINT('Ctrl Pts',(46.0017130520673,27.0181967953179,2.00027235071292));
#6925=CARTESIAN_POINT('Ctrl Pts',(46.1115908008506,27.0566342527431,1.99720688045174));
#6926=CARTESIAN_POINT('Ctrl Pts',(46.3074184842555,27.1029528168138,1.99153091100289));
#6927=CARTESIAN_POINT('Ctrl Pts',(46.5718760617872,27.1100602367596,1.93613296434369));
#6928=CARTESIAN_POINT('Ctrl Pts',(46.7104078201104,27.1146164869279,1.87026666491516));
#6929=CARTESIAN_POINT('Ctrl Pts',(46.7262071860534,27.1152056513699,1.86254729579762));
#6930=CARTESIAN_POINT('Ctrl Pts',(46.7532603031633,27.116304524661,1.84880667434013));
#6931=CARTESIAN_POINT('Ctrl Pts',(46.8041907419111,27.1188439147248,1.82093562607653));
#6932=CARTESIAN_POINT('Ctrl Pts',(46.8686192878053,27.1232987264658,1.7807860413071));
#6933=CARTESIAN_POINT('Ctrl Pts',(46.9365140215931,27.1295802680669,1.73220081839854));
#6934=CARTESIAN_POINT('Ctrl Pts',(46.9975924584417,27.1363867804744,1.68290089829548));
#6935=CARTESIAN_POINT('Ctrl Pts',(47.044576790173,27.14225262222,1.64056779163976));
#6936=CARTESIAN_POINT('Ctrl Pts',(47.0806825812676,27.1469316903077,1.60532218364616));
#6937=CARTESIAN_POINT('Ctrl Pts',(47.1160803357876,27.1515602335474,1.56884090007276));
#6938=CARTESIAN_POINT('Ctrl Pts',(47.1464375331706,27.1554922723412,1.53489442251014));
#6939=CARTESIAN_POINT('Ctrl Pts',(47.1723744698443,27.1587097967786,1.50360598483469));
#6940=CARTESIAN_POINT('Ctrl Pts',(47.18534301448,27.1602839883841,1.48746682625452));
#6941=CARTESIAN_POINT('Ctrl Pts',(47.1961382272347,27.1615657564527,1.47359470324118));
#6942=CARTESIAN_POINT('Ctrl Pts',(47.2048111661997,27.1625684810632,1.46216966942241));
#6943=CARTESIAN_POINT('Ctrl Pts',(47.2609196696809,27.1690399038066,1.38693502020395));
#6944=CARTESIAN_POINT('Ctrl Pts',(47.3476931767218,27.1750477554824,1.25069101564299));
#6945=CARTESIAN_POINT('Ctrl Pts',(47.4541747842563,27.1824897193885,0.922350532003118));
#6946=CARTESIAN_POINT('Ctrl Pts',(47.4626299121378,27.188257048113,0.744827154304106));
#6947=CARTESIAN_POINT('Ctrl Pts',(47.47065105943,27.1898617561692,0.600672857359336));
#6948=CARTESIAN_POINT('Ctrl Pts',(47.4681925347218,27.1899480005923,0.531220844478062));
#6949=CARTESIAN_POINT('Ctrl Pts',(47.4681925347218,27.1899480005923,0.5));
#6950=CARTESIAN_POINT('Ctrl Pts',(43.9625619829102,22.8753325771473,0.5));
#6951=CARTESIAN_POINT('Ctrl Pts',(44.7752767417469,23.1105760720229,0.5));
#6952=CARTESIAN_POINT('Ctrl Pts',(46.5271908356809,24.1636970409732,0.5));
#6953=CARTESIAN_POINT('Ctrl Pts',(47.385125229254,26.0718887006369,0.5));
#6954=CARTESIAN_POINT('Ctrl Pts',(47.4687132473226,27.1968891394968,0.5));
#6955=CARTESIAN_POINT('Ctrl Pts',(43.9625619829102,22.8753325771473,0.612199737628207));
#6956=CARTESIAN_POINT('Ctrl Pts',(44.7753030393332,23.110583683963,0.612199737628207));
#6957=CARTESIAN_POINT('Ctrl Pts',(46.5272232867294,24.1636941094023,0.612199737628207));
#6958=CARTESIAN_POINT('Ctrl Pts',(47.3851225245374,26.0718522982019,0.612199737628207));
#6959=CARTESIAN_POINT('Ctrl Pts',(47.4687132473226,27.1968891394968,0.612199737628207));
#6960=CARTESIAN_POINT('Ctrl Pts',(43.9622095225154,22.876550250626,0.834286115112449));
#6961=CARTESIAN_POINT('Ctrl Pts',(44.7747355495662,23.1117391163412,0.834286115112448));
#6962=CARTESIAN_POINT('Ctrl Pts',(46.5261993773703,24.1645771784904,0.834286115112449));
#6963=CARTESIAN_POINT('Ctrl Pts',(47.3838804669663,26.0722438812502,0.83428611511245));
#6964=CARTESIAN_POINT('Ctrl Pts',(47.4674490738998,27.1969830681276,0.83428611511245));
#6965=CARTESIAN_POINT('Ctrl Pts',(43.9417341515475,22.94728817342,1.16474753587203));
#6966=CARTESIAN_POINT('Ctrl Pts',(44.7419508965071,23.1789140688469,1.16474753587203));
#6967=CARTESIAN_POINT('Ctrl Pts',(46.466942753446,24.215856705579,1.16474753587204));
#6968=CARTESIAN_POINT('Ctrl Pts',(47.3117072518144,26.0947395719367,1.16474753587204));
#6969=CARTESIAN_POINT('Ctrl Pts',(47.3940098444636,27.2024396345653,1.16474753587204));
#6970=CARTESIAN_POINT('Ctrl Pts',(43.8926530403995,23.1168526641666,1.48013407399433));
#6971=CARTESIAN_POINT('Ctrl Pts',(44.6634678383482,23.3399680499765,1.48013407399433));
#6972=CARTESIAN_POINT('Ctrl Pts',(46.3250286789507,24.3387662193669,1.48013407399434));
#6973=CARTESIAN_POINT('Ctrl Pts',(47.138691513055,26.1485190469649,1.48013407399434));
#6974=CARTESIAN_POINT('Ctrl Pts',(47.2179701044155,27.2155194632157,1.48013407399434));
#6975=CARTESIAN_POINT('Ctrl Pts',(43.8180086911987,23.3747325442939,1.74875765036404));
#6976=CARTESIAN_POINT('Ctrl Pts',(44.5440546652221,23.5848894173081,1.74875765036403));
#6977=CARTESIAN_POINT('Ctrl Pts',(46.1091348316784,24.5256974419948,1.74875765036404));
#6978=CARTESIAN_POINT('Ctrl Pts',(46.8755683272768,26.2303825752194,1.74875765036404));
#6979=CARTESIAN_POINT('Ctrl Pts',(46.9502424282888,27.235411745082,1.74875765036404));
#6980=CARTESIAN_POINT('Ctrl Pts',(43.7303541313958,23.6775598529465,1.92483473693489));
#6981=CARTESIAN_POINT('Ctrl Pts',(44.4038269311357,23.8724992131486,1.92483473693489));
#6982=CARTESIAN_POINT('Ctrl Pts',(45.8556099192134,24.745210174373,1.92483473693489));
#6983=CARTESIAN_POINT('Ctrl Pts',(46.5665839620031,26.3265164207072,1.9248347369349));
#6984=CARTESIAN_POINT('Ctrl Pts',(46.6358508923022,27.2587711718724,1.9248347369349));
#6985=CARTESIAN_POINT('Ctrl Pts',(43.6384186068489,23.9951769573012,1.99899002647774));
#6986=CARTESIAN_POINT('Ctrl Pts',(44.2567889552962,24.1741666954775,1.99899002647774));
#6987=CARTESIAN_POINT('Ctrl Pts',(45.5897504121421,24.9754394236064,1.99899002647774));
#6988=CARTESIAN_POINT('Ctrl Pts',(46.2425051523306,26.427292270031,1.99899002647775));
#6989=CARTESIAN_POINT('Ctrl Pts',(46.3061047748268,27.2832714506932,1.99899002647775));
#6990=CARTESIAN_POINT('Ctrl Pts',(43.5766971881364,24.2084109425833,1.99999999999999));
#6991=CARTESIAN_POINT('Ctrl Pts',(44.1580366178658,24.376681935169,1.99999999999999));
#6992=CARTESIAN_POINT('Ctrl Pts',(45.411217793104,25.1300092829336,2.));
#6993=CARTESIAN_POINT('Ctrl Pts',(46.0249369314497,26.4950007173941,2.));
#6994=CARTESIAN_POINT('Ctrl Pts',(46.0847279100531,27.2997198472746,2.));
#6995=CARTESIAN_POINT('Ctrl Pts',(43.5455011076143,24.3161865691595,1.99999999999999));
#6996=CARTESIAN_POINT('Ctrl Pts',(44.1081497868089,24.4790474502272,1.99999999999999));
#6997=CARTESIAN_POINT('Ctrl Pts',(45.3210133903017,25.208131197962,2.));
#6998=CARTESIAN_POINT('Ctrl Pts',(45.9149679704677,26.5291869623445,2.));
#6999=CARTESIAN_POINT('Ctrl Pts',(45.9728365983613,27.3080334200168,2.));
#7000=CARTESIAN_POINT('Origin',(42.6071141381984,27.5581080511868,0.5));
#7001=CARTESIAN_POINT('Ctrl Pts',(46.9420643208116,28.1476092570443,0.5));
#7002=CARTESIAN_POINT('Ctrl Pts',(43.1546858352806,30.1433272822633,0.5));
#7003=CARTESIAN_POINT('Ctrl Pts',(36.0976856624766,35.1135827650409,0.5));
#7004=CARTESIAN_POINT('Ctrl Pts',(26.3542454169042,46.6616394007271,0.5));
#7005=CARTESIAN_POINT('Ctrl Pts',(22.3136305700944,56.7857747068684,0.5));
#7006=CARTESIAN_POINT('Ctrl Pts',(21.1209499819295,63.0955724080249,0.5));
#7007=CARTESIAN_POINT('Ctrl Pts',(46.9420643208116,28.1476092570443,0.612199737628206));
#7008=CARTESIAN_POINT('Ctrl Pts',(43.1546980986842,30.1433208201958,0.612199737628206));
#7009=CARTESIAN_POINT('Ctrl Pts',(36.0976835071994,35.1135990245067,0.612199737628207));
#7010=CARTESIAN_POINT('Ctrl Pts',(26.3542668469086,46.6616239209546,0.612199737628206));
#7011=CARTESIAN_POINT('Ctrl Pts',(22.3136267082349,56.7857951377802,0.612199737628207));
#7012=CARTESIAN_POINT('Ctrl Pts',(21.1209499819295,63.0955724080249,0.612199737628207));
#7013=CARTESIAN_POINT('Ctrl Pts',(46.9415280970624,28.1465916371874,0.834230221824583));
#7014=CARTESIAN_POINT('Ctrl Pts',(43.1540643005465,30.142354616105,0.834230221824583));
#7015=CARTESIAN_POINT('Ctrl Pts',(36.0968996432428,35.1127278084984,0.834230221824583));
#7016=CARTESIAN_POINT('Ctrl Pts',(26.353238745355,46.6610454030686,0.834230221824584));
#7017=CARTESIAN_POINT('Ctrl Pts',(22.3125271943559,56.7854189395846,0.834230221824584));
#7018=CARTESIAN_POINT('Ctrl Pts',(21.1198197409713,63.0953587694085,0.834230221824584));
#7019=CARTESIAN_POINT('Ctrl Pts',(46.9071585025518,28.0813666599306,1.16472498614081));
#7020=CARTESIAN_POINT('Ctrl Pts',(43.1141018311945,30.0800767436005,1.16472498614081));
#7021=CARTESIAN_POINT('Ctrl Pts',(36.0465411878179,35.0577633522098,1.16472498614081));
#7022=CARTESIAN_POINT('Ctrl Pts',(26.288497396803,46.6231303036567,1.16472498614081));
#7023=CARTESIAN_POINT('Ctrl Pts',(22.2418449457233,56.7624078730536,1.16472498614081));
#7024=CARTESIAN_POINT('Ctrl Pts',(21.0473762442139,63.0816654694941,1.16472498614081));
#7025=CARTESIAN_POINT('Ctrl Pts',(46.8248465678988,27.9251589960884,1.4801367590542));
#7026=CARTESIAN_POINT('Ctrl Pts',(43.0184287647164,29.9309095832946,1.4801367590542));
#7027=CARTESIAN_POINT('Ctrl Pts',(35.9259315923636,34.9261727859881,1.48013675905421));
#7028=CARTESIAN_POINT('Ctrl Pts',(26.1335061261979,46.5322852166414,1.48013675905421));
#7029=CARTESIAN_POINT('Ctrl Pts',(22.0725571532933,56.7073539779659,1.48013675905421));
#7030=CARTESIAN_POINT('Ctrl Pts',(20.8738809075354,63.0488713087311,1.48013675905421));
#7031=CARTESIAN_POINT('Ctrl Pts',(46.6997063569932,27.6876738722035,1.74875624446144));
#7032=CARTESIAN_POINT('Ctrl Pts',(42.8729490353332,29.7041421481237,1.74875624446144));
#7033=CARTESIAN_POINT('Ctrl Pts',(35.7425714410631,34.7260784895028,1.74875624446144));
#7034=CARTESIAN_POINT('Ctrl Pts',(25.8978242308146,46.3942051929738,1.74875624446144));
#7035=CARTESIAN_POINT('Ctrl Pts',(21.8151943941461,56.6236106940645,1.74875624446144));
#7036=CARTESIAN_POINT('Ctrl Pts',(20.6101130455041,62.9990137976466,1.74875624446144));
#7037=CARTESIAN_POINT('Ctrl Pts',(46.5527331647478,27.4087551576226,1.9248338461716));
#7038=CARTESIAN_POINT('Ctrl Pts',(42.702087746752,29.4378110068808,1.9248338461716));
#7039=CARTESIAN_POINT('Ctrl Pts',(35.527220779436,34.4910741378527,1.9248338461716));
#7040=CARTESIAN_POINT('Ctrl Pts',(25.6210233862293,46.2320345770673,1.9248338461716));
#7041=CARTESIAN_POINT('Ctrl Pts',(21.5129300236058,56.5252569080692,1.9248338461716));
#7042=CARTESIAN_POINT('Ctrl Pts',(20.3003260920223,62.9404577387389,1.9248338461716));
#7043=CARTESIAN_POINT('Ctrl Pts',(46.3985910468524,27.1162315978542,1.9989891276082));
#7044=CARTESIAN_POINT('Ctrl Pts',(42.5229093836,29.1584800250746,1.9989891276082));
#7045=CARTESIAN_POINT('Ctrl Pts',(35.3013629424071,34.2446295527538,1.9989891276082));
#7046=CARTESIAN_POINT('Ctrl Pts',(25.3307507823648,46.0619322362827,1.9989891276082));
#7047=CARTESIAN_POINT('Ctrl Pts',(21.1959167075326,56.4221341037858,1.9989891276082));
#7048=CARTESIAN_POINT('Ctrl Pts',(19.975428630271,62.8790454852678,1.9989891276082));
#7049=CARTESIAN_POINT('Ctrl Pts',(46.2951020423681,26.919835100894,1.99999999999999));
#7050=CARTESIAN_POINT('Ctrl Pts',(42.4025945281108,28.9709497278534,1.99999999999999));
#7051=CARTESIAN_POINT('Ctrl Pts',(35.1497279010086,34.0791475461827,1.99999999999999));
#7052=CARTESIAN_POINT('Ctrl Pts',(25.135836115102,45.9477490070733,1.99999999999999));
#7053=CARTESIAN_POINT('Ctrl Pts',(20.9830834120936,56.3528707395184,1.99999999999999));
#7054=CARTESIAN_POINT('Ctrl Pts',(19.7572967184014,62.8378141004805,1.99999999999999));
#7055=CARTESIAN_POINT('Ctrl Pts',(46.2427969665838,26.8205730226816,1.99999999999999));
#7056=CARTESIAN_POINT('Ctrl Pts',(42.341797126487,28.8761625886573,1.99999999999999));
#7057=CARTESIAN_POINT('Ctrl Pts',(35.0730869484987,33.9955257359181,1.99999999999999));
#7058=CARTESIAN_POINT('Ctrl Pts',(25.0373434955592,45.8900240706749,1.99999999999999));
#7059=CARTESIAN_POINT('Ctrl Pts',(20.8755102033451,56.3178834360005,1.99999999999999));
#7060=CARTESIAN_POINT('Ctrl Pts',(19.6470491975353,62.8169750681917,1.99999999999999));
#7061=CARTESIAN_POINT('Ctrl Pts',(21.1209499819295,63.0955724080249,0.5));
#7062=CARTESIAN_POINT('Ctrl Pts',(21.1209499819295,63.0955724080249,0.612199737628207));
#7063=CARTESIAN_POINT('Ctrl Pts',(21.1198197409713,63.0953587694085,0.834230221824584));
#7064=CARTESIAN_POINT('Ctrl Pts',(21.0473762442139,63.0816654694941,1.16472498614081));
#7065=CARTESIAN_POINT('Ctrl Pts',(20.8738809075354,63.0488713087311,1.48013675905421));
#7066=CARTESIAN_POINT('Ctrl Pts',(20.6101130455041,62.9990137976466,1.74875624446144));
#7067=CARTESIAN_POINT('Ctrl Pts',(20.3003260920223,62.9404577387389,1.9248338461716));
#7068=CARTESIAN_POINT('Ctrl Pts',(19.975428630271,62.8790454852678,1.9989891276082));
#7069=CARTESIAN_POINT('Ctrl Pts',(19.7572967184014,62.8378141004805,1.99999999999999));
#7070=CARTESIAN_POINT('Ctrl Pts',(19.6470491975353,62.8169750681917,1.99999999999999));
#7071=CARTESIAN_POINT('Ctrl Pts',(21.1209499831887,63.0955724013636,0.5));
#7072=CARTESIAN_POINT('Ctrl Pts',(20.9661502268556,63.9145302776195,0.5));
#7073=CARTESIAN_POINT('Ctrl Pts',(20.0346173885258,66.2889659583509,0.5));
#7074=CARTESIAN_POINT('Ctrl Pts',(16.3728785351598,68.8774798471858,0.5));
#7075=CARTESIAN_POINT('Ctrl Pts',(11.0496875062649,68.0437689274743,0.5));
#7076=CARTESIAN_POINT('Ctrl Pts',(8.88781932454533,65.1822885515702,0.5));
#7077=CARTESIAN_POINT('Ctrl Pts',(8.45596833358935,63.5722809142654,0.5));
#7078=CARTESIAN_POINT('Ctrl Pts',(21.1209499831887,63.0955724013636,0.612199737628207));
#7079=CARTESIAN_POINT('Ctrl Pts',(20.9661463711912,63.9145506757575,0.612199737628207));
#7080=CARTESIAN_POINT('Ctrl Pts',(20.0346408300897,66.2889972080462,0.612199737628207));
#7081=CARTESIAN_POINT('Ctrl Pts',(16.3728939935286,68.8775525316708,0.612199737628207));
#7082=CARTESIAN_POINT('Ctrl Pts',(11.0496515600888,68.0438092499153,0.612199737628207));
#7083=CARTESIAN_POINT('Ctrl Pts',(8.88783008084473,65.1823286527268,0.612199737628207));
#7084=CARTESIAN_POINT('Ctrl Pts',(8.45596833358935,63.5722809142654,0.612199737628207));
#7085=CARTESIAN_POINT('Ctrl Pts',(21.1198196838275,63.095358751711,0.83423020724075));
#7086=CARTESIAN_POINT('Ctrl Pts',(20.9650467496186,63.9141747272923,0.83423020724075));
#7087=CARTESIAN_POINT('Ctrl Pts',(20.0336828227469,66.2881918134717,0.834230207240751));
#7088=CARTESIAN_POINT('Ctrl Pts',(16.3725908060834,68.8762537671484,0.834230207240751));
#7089=CARTESIAN_POINT('Ctrl Pts',(11.05033419039,68.0426855809663,0.834230207240751));
#7090=CARTESIAN_POINT('Ctrl Pts',(8.88885553822568,65.18171157242,0.83423020724075));
#7091=CARTESIAN_POINT('Ctrl Pts',(8.45707937400835,63.5719829008306,0.83423020724075));
#7092=CARTESIAN_POINT('Ctrl Pts',(21.0473762068221,63.0816654557388,1.16472494455962));
#7093=CARTESIAN_POINT('Ctrl Pts',(20.8943616954419,63.891178611604,1.16472494455962));
#7094=CARTESIAN_POINT('Ctrl Pts',(19.9735452336951,66.2382563173241,1.16472494455962));
#7095=CARTESIAN_POINT('Ctrl Pts',(16.3539919001178,68.7969300369008,1.16472494455962));
#7096=CARTESIAN_POINT('Ctrl Pts',(11.0921483431592,67.9728400931027,1.16472494455962));
#7097=CARTESIAN_POINT('Ctrl Pts',(8.9551591239008,65.1443225865567,1.16472494455962));
#7098=CARTESIAN_POINT('Ctrl Pts',(8.52828850126208,63.5528825366727,1.16472494455962));
#7099=CARTESIAN_POINT('Ctrl Pts',(20.873880804001,63.0488712829733,1.48013672271674));
#7100=CARTESIAN_POINT('Ctrl Pts',(20.7250670873612,63.8361604120008,1.48013672271674));
#7101=CARTESIAN_POINT('Ctrl Pts',(19.8295849132652,66.1187502545324,1.48013672271674));
#7102=CARTESIAN_POINT('Ctrl Pts',(16.3094912025371,68.6071543401028,1.48013672271674));
#7103=CARTESIAN_POINT('Ctrl Pts',(11.1921917956507,67.8056760727606,1.48013672271674));
#7104=CARTESIAN_POINT('Ctrl Pts',(9.11397925073248,65.0548882751211,1.48013672271674));
#7105=CARTESIAN_POINT('Ctrl Pts',(8.69882775100736,63.5071389375164,1.48013672271674));
#7106=CARTESIAN_POINT('Ctrl Pts',(20.6101130070252,62.9990137849455,1.74875618071075));
#7107=CARTESIAN_POINT('Ctrl Pts',(20.4676941185603,63.7524714983094,1.74875618071075));
#7108=CARTESIAN_POINT('Ctrl Pts',(19.6106693441143,65.9369960833262,1.74875618071075));
#7109=CARTESIAN_POINT('Ctrl Pts',(16.241802838669,68.3184790083121,1.74875618071075));
#7110=CARTESIAN_POINT('Ctrl Pts',(11.3443667557988,67.5514472412857,1.74875618071075));
#7111=CARTESIAN_POINT('Ctrl Pts',(9.35541285697269,64.9188336219055,1.74875618071075));
#7112=CARTESIAN_POINT('Ctrl Pts',(8.95810126184255,63.4375942223309,1.74875618071075));
#7113=CARTESIAN_POINT('Ctrl Pts',(20.3003261077285,62.9404577371723,1.92483371888785));
#7114=CARTESIAN_POINT('Ctrl Pts',(20.1654177348965,63.6541815641398,1.92483371888785));
#7115=CARTESIAN_POINT('Ctrl Pts',(19.3535600038854,65.7235316386422,1.92483371888785));
#7116=CARTESIAN_POINT('Ctrl Pts',(16.1623050331449,67.979439131262,1.92483371888785));
#7117=CARTESIAN_POINT('Ctrl Pts',(11.5230913481943,67.2528636265005,1.92483371888785));
#7118=CARTESIAN_POINT('Ctrl Pts',(9.63896897801417,64.7590418254342,1.92483371888785));
#7119=CARTESIAN_POINT('Ctrl Pts',(9.26260976482249,63.3559161633457,1.92483371888785));
#7120=CARTESIAN_POINT('Ctrl Pts',(19.9754286352649,62.8790454826122,1.99898904998065));
#7121=CARTESIAN_POINT('Ctrl Pts',(19.8483917608038,63.5511256678747,1.99898904998065));
#7122=CARTESIAN_POINT('Ctrl Pts',(19.0839421482603,65.4996984140495,1.99898904998065));
#7123=CARTESIAN_POINT('Ctrl Pts',(16.0789510279593,67.6239628434975,1.99898904998065));
#7124=CARTESIAN_POINT('Ctrl Pts',(11.71048367485,66.9397719599401,1.99898904998065));
#7125=CARTESIAN_POINT('Ctrl Pts',(9.936371158429,64.5915115618036,1.99898904998065));
#7126=CARTESIAN_POINT('Ctrl Pts',(9.58197137496958,63.2702540679496,1.99898904998065));
#7127=CARTESIAN_POINT('Ctrl Pts',(19.7572967189436,62.8378140976118,1.99999999999999));
#7128=CARTESIAN_POINT('Ctrl Pts',(19.6355499611678,63.4819072703076,1.99999999999999));
#7129=CARTESIAN_POINT('Ctrl Pts',(18.9028920482909,65.3493767928243,2.));
#7130=CARTESIAN_POINT('Ctrl Pts',(16.0229670070735,67.3852008816913,2.));
#7131=CARTESIAN_POINT('Ctrl Pts',(11.8363458039007,66.7295109264907,2.));
#7132=CARTESIAN_POINT('Ctrl Pts',(10.1360283218051,64.4789788555912,2.));
#7133=CARTESIAN_POINT('Ctrl Pts',(9.7963865856901,63.2127416567782,2.));
#7134=CARTESIAN_POINT('Ctrl Pts',(19.6470491980196,62.8169750656297,1.99999999999999));
#7135=CARTESIAN_POINT('Ctrl Pts',(19.5279724623788,63.4469426627496,1.99999999999999));
#7136=CARTESIAN_POINT('Ctrl Pts',(18.8114087405866,65.2734316479276,1.99999999999999));
#7137=CARTESIAN_POINT('Ctrl Pts',(15.9946865456897,67.2645961778007,2.));
#7138=CARTESIAN_POINT('Ctrl Pts',(11.8999242157706,66.6232800857149,2.));
#7139=CARTESIAN_POINT('Ctrl Pts',(10.2369486913709,64.4221413350194,1.99999999999999));
#7140=CARTESIAN_POINT('Ctrl Pts',(9.90475562140475,63.183673921708,1.99999999999999));
#7141=CARTESIAN_POINT('Ctrl Pts',(8.45596833358935,63.5722809142654,0.5));
#7142=CARTESIAN_POINT('Ctrl Pts',(8.45596833358935,63.5722809142654,0.612199737628207));
#7143=CARTESIAN_POINT('Ctrl Pts',(8.45707937400835,63.5719829008306,0.83423020724075));
#7144=CARTESIAN_POINT('Ctrl Pts',(8.52828850126208,63.5528825366727,1.16472494455962));
#7145=CARTESIAN_POINT('Ctrl Pts',(8.69882775100736,63.5071389375164,1.48013672271674));
#7146=CARTESIAN_POINT('Ctrl Pts',(8.95810126184255,63.4375942223309,1.74875618071075));
#7147=CARTESIAN_POINT('Ctrl Pts',(9.26260976482249,63.3559161633457,1.92483371888785));
#7148=CARTESIAN_POINT('Ctrl Pts',(9.58197137496958,63.2702540679496,1.99898904998065));
#7149=CARTESIAN_POINT('Ctrl Pts',(9.7963865856901,63.2127416567782,2.));
#7150=CARTESIAN_POINT('Ctrl Pts',(9.90475562140475,63.183673921708,1.99999999999999));
#7151=CARTESIAN_POINT('Ctrl Pts',(8.45596833358934,63.5722809142654,0.5));
#7152=CARTESIAN_POINT('Ctrl Pts',(7.7010756084126,60.7579234661327,0.5));
#7153=CARTESIAN_POINT('Ctrl Pts',(4.94201821955893,55.464406223046,0.5));
#7154=CARTESIAN_POINT('Ctrl Pts',(-0.98327322080708,50.9352484879703,0.5));
#7155=CARTESIAN_POINT('Ctrl Pts',(-7.9292012421316,48.5942493721057,0.5));
#7156=CARTESIAN_POINT('Ctrl Pts',(-12.4029537550776,48.601450725506,0.5));
#7157=CARTESIAN_POINT('Ctrl Pts',(-15.2459069511447,49.2402683813022,0.5));
#7158=CARTESIAN_POINT('Ctrl Pts',(8.45596833358934,63.5722809142654,0.612199737628207));
#7159=CARTESIAN_POINT('Ctrl Pts',(7.70108156239583,60.7579456635079,0.612199737628207));
#7160=CARTESIAN_POINT('Ctrl Pts',(4.94200346927162,55.4644090016828,0.612199737628207));
#7161=CARTESIAN_POINT('Ctrl Pts',(-0.983293649506226,50.9352636733584,0.612199737628207));
#7162=CARTESIAN_POINT('Ctrl Pts',(-7.92918741728177,48.5942655179098,0.612199737628207));
#7163=CARTESIAN_POINT('Ctrl Pts',(-12.402976177993,48.601455763983,0.612199737628207));
#7164=CARTESIAN_POINT('Ctrl Pts',(-15.2459069511447,49.2402683813022,0.612199737628207));
#7165=CARTESIAN_POINT('Ctrl Pts',(8.45719260067603,63.571952530137,0.834286075139324));
#7166=CARTESIAN_POINT('Ctrl Pts',(7.70225714511807,60.7574357764995,0.834286075139324));
#7167=CARTESIAN_POINT('Ctrl Pts',(4.94300711663799,55.4635663707688,0.834286075139323));
#7168=CARTESIAN_POINT('Ctrl Pts',(-0.982664727854991,50.9341322439718,0.834286075139324));
#7169=CARTESIAN_POINT('Ctrl Pts',(-7.92900354949298,48.5929855869114,0.834286075139324));
#7170=CARTESIAN_POINT('Ctrl Pts',(-12.4030707215051,48.6001778590481,0.834286075139325));
#7171=CARTESIAN_POINT('Ctrl Pts',(-15.2461848417271,49.2390316748457,0.834286075139324));
#7172=CARTESIAN_POINT('Ctrl Pts',(8.52832005803631,63.5528740722257,1.16474753250477));
#7173=CARTESIAN_POINT('Ctrl Pts',(7.7705976828621,60.7279672489562,1.16474753250477));
#7174=CARTESIAN_POINT('Ctrl Pts',(5.00121409099368,55.4146305961134,1.16474753250477));
#7175=CARTESIAN_POINT('Ctrl Pts',(-0.946268185781819,50.8685044269746,1.16474753250477));
#7176=CARTESIAN_POINT('Ctrl Pts',(-7.91822473712345,48.5187368260394,1.16474753250477));
#7177=CARTESIAN_POINT('Ctrl Pts',(-12.408719966208,48.5259693066502,1.16474753250477));
#7178=CARTESIAN_POINT('Ctrl Pts',(-15.2623297260963,49.1671815150998,1.16474753250477));
#7179=CARTESIAN_POINT('Ctrl Pts',(8.69881811818162,63.5071415213211,1.48013406983873));
#7180=CARTESIAN_POINT('Ctrl Pts',(7.9344389077612,60.657416981267,1.48013406983873));
#7181=CARTESIAN_POINT('Ctrl Pts',(5.14068220974871,55.2973387563959,1.48013406983873));
#7182=CARTESIAN_POINT('Ctrl Pts',(-0.859103908204436,50.7112496965981,1.48013406983873));
#7183=CARTESIAN_POINT('Ctrl Pts',(-7.89233221979346,48.3408208325389,1.48013406983873));
#7184=CARTESIAN_POINT('Ctrl Pts',(-12.4223506313083,48.3481056166615,1.48013406983873));
#7185=CARTESIAN_POINT('Ctrl Pts',(-15.301030272529,48.9949510809966,1.48013406983873));
#7186=CARTESIAN_POINT('Ctrl Pts',(8.95811792927171,63.4375897516405,1.74875767800413));
#7187=CARTESIAN_POINT('Ctrl Pts',(8.18360270014048,60.5500765579117,1.74875767800413));
#7188=CARTESIAN_POINT('Ctrl Pts',(5.35282039384306,55.1189513244034,1.74875767800413));
#7189=CARTESIAN_POINT('Ctrl Pts',(-0.726499859868307,50.4720600889691,1.74875767800413));
#7190=CARTESIAN_POINT('Ctrl Pts',(-7.85298190520821,48.0702068604881,1.74875767800413));
#7191=CARTESIAN_POINT('Ctrl Pts',(-12.4430352546379,48.0775936792602,1.74875767800413));
#7192=CARTESIAN_POINT('Ctrl Pts',(-15.3598875074474,48.7330166109572,1.74875767800413));
#7193=CARTESIAN_POINT('Ctrl Pts',(9.26261263545694,63.3559153933579,1.92483481290863));
#7194=CARTESIAN_POINT('Ctrl Pts',(8.47619442046407,60.424026017693,1.92483481290863));
#7195=CARTESIAN_POINT('Ctrl Pts',(5.60193413930676,54.9094715533243,1.92483481290863));
#7196=CARTESIAN_POINT('Ctrl Pts',(-0.570782437599413,50.1911799456722,1.92483481290863));
#7197=CARTESIAN_POINT('Ctrl Pts',(-7.80677368993549,47.7524251662619,1.92483481290863));
#7198=CARTESIAN_POINT('Ctrl Pts',(-12.4673239910201,47.7599323646871,1.92483481290863));
#7199=CARTESIAN_POINT('Ctrl Pts',(-15.4290033173587,48.4254280355581,1.92483481290863));
#7200=CARTESIAN_POINT('Ctrl Pts',(9.58197852853889,63.2702521491537,1.99899007163805));
#7201=CARTESIAN_POINT('Ctrl Pts',(8.78308467920177,60.2918516689756,1.99899007163805));
#7202=CARTESIAN_POINT('Ctrl Pts',(5.86319282205689,54.689765071339,1.99899007163805));
#7203=CARTESIAN_POINT('Ctrl Pts',(-0.407489730368186,49.8966040634513,1.99899007163806));
#7204=CARTESIAN_POINT('Ctrl Pts',(-7.75828856105055,47.4191469020922,1.99899007163806));
#7205=CARTESIAN_POINT('Ctrl Pts',(-12.492831652806,47.4267641660889,1.99899007163806));
#7206=CARTESIAN_POINT('Ctrl Pts',(-15.5014946674874,48.1028171720893,1.99899007163806));
#7207=CARTESIAN_POINT('Ctrl Pts',(9.79638658569009,63.2127416567782,2.));
#7208=CARTESIAN_POINT('Ctrl Pts',(8.989108641081,60.2030839658899,2.));
#7209=CARTESIAN_POINT('Ctrl Pts',(6.03861136301725,54.5422599394244,2.));
#7210=CARTESIAN_POINT('Ctrl Pts',(-0.297833073059418,49.6988172146838,2.));
#7211=CARTESIAN_POINT('Ctrl Pts',(-7.72575755980988,47.1953756227409,2.));
#7212=CARTESIAN_POINT('Ctrl Pts',(-12.5099243164959,47.2030826540511,2.00000000000001));
#7213=CARTESIAN_POINT('Ctrl Pts',(-15.5501621359868,47.886230586137,2.00000000000001));
#7214=CARTESIAN_POINT('Ctrl Pts',(9.90475562140474,63.183673921708,2.));
#7215=CARTESIAN_POINT('Ctrl Pts',(9.09324594183975,60.1582396649653,2.));
#7216=CARTESIAN_POINT('Ctrl Pts',(6.12725924882205,54.4677086286471,1.99999999999999));
#7217=CARTESIAN_POINT('Ctrl Pts',(-0.242429049571415,49.5988640634407,2.));
#7218=CARTESIAN_POINT('Ctrl Pts',(-7.70930167249528,47.0822900138863,2.));
#7219=CARTESIAN_POINT('Ctrl Pts',(-12.5185856239123,47.0900314687916,2.00000000000001));
#7220=CARTESIAN_POINT('Ctrl Pts',(-15.5747603096843,47.7767604487725,2.00000000000001));
#7221=CARTESIAN_POINT('Ctrl Pts',(-15.2459069511447,49.2402683813022,0.5));
#7222=CARTESIAN_POINT('Ctrl Pts',(-15.2459069511447,49.2402683813022,0.612199737628207));
#7223=CARTESIAN_POINT('Ctrl Pts',(-15.2461848417271,49.2390316748457,0.834286075139324));
#7224=CARTESIAN_POINT('Ctrl Pts',(-15.2623297260963,49.1671815150998,1.16474753250477));
#7225=CARTESIAN_POINT('Ctrl Pts',(-15.301030272529,48.9949510809966,1.48013406983873));
#7226=CARTESIAN_POINT('Ctrl Pts',(-15.3598875074474,48.7330166109572,1.74875767800413));
#7227=CARTESIAN_POINT('Ctrl Pts',(-15.4290033173587,48.4254280355581,1.92483481290863));
#7228=CARTESIAN_POINT('Ctrl Pts',(-15.5014946674874,48.1028171720893,1.99899007163806));
#7229=CARTESIAN_POINT('Ctrl Pts',(-15.5501621359868,47.886230586137,2.00000000000001));
#7230=CARTESIAN_POINT('Ctrl Pts',(-15.5747603096843,47.7767604487725,2.00000000000001));
#7231=CARTESIAN_POINT('Ctrl Pts',(-15.2459069511447,49.2402683813022,0.5));
#7232=CARTESIAN_POINT('Ctrl Pts',(-16.3798745080509,49.4950733135304,0.5));
#7233=CARTESIAN_POINT('Ctrl Pts',(-18.7859897706607,49.3810410777945,0.5));
#7234=CARTESIAN_POINT('Ctrl Pts',(-21.8028911337797,47.3908066052878,0.5));
#7235=CARTESIAN_POINT('Ctrl Pts',(-23.3793192859997,44.1366465795191,0.5));
#7236=CARTESIAN_POINT('Ctrl Pts',(-23.0671892598671,40.5357991902561,0.5));
#7237=CARTESIAN_POINT('Ctrl Pts',(-20.9634961384042,37.5963351742606,0.5));
#7238=CARTESIAN_POINT('Ctrl Pts',(-17.6497459667874,36.1499903673218,0.5));
#7239=CARTESIAN_POINT('Ctrl Pts',(-15.2597505119017,36.4478691170461,0.5));
#7240=CARTESIAN_POINT('Ctrl Pts',(-14.1858072216197,36.8922268365266,0.5));
#7241=CARTESIAN_POINT('Ctrl Pts',(-15.2459069511447,49.2402683813022,0.612199737628207));
#7242=CARTESIAN_POINT('Ctrl Pts',(-16.3799020274937,49.4950794972079,0.612199737628207));
#7243=CARTESIAN_POINT('Ctrl Pts',(-18.7859837754366,49.3810789217864,0.612199737628207));
#7244=CARTESIAN_POINT('Ctrl Pts',(-21.8029321148303,47.3908212577984,0.612199737628207));
#7245=CARTESIAN_POINT('Ctrl Pts',(-23.3793680705238,44.1366590127694,0.612199737628207));
#7246=CARTESIAN_POINT('Ctrl Pts',(-23.0672179352117,40.5357881468611,0.612199737628207));
#7247=CARTESIAN_POINT('Ctrl Pts',(-20.9635357182497,37.5963003464437,0.612199737628207));
#7248=CARTESIAN_POINT('Ctrl Pts',(-17.6497359833575,36.149963436701,0.612199737628207));
#7249=CARTESIAN_POINT('Ctrl Pts',(-15.2597765746588,36.4478583332483,0.612199737628207));
#7250=CARTESIAN_POINT('Ctrl Pts',(-14.1858072216197,36.8922268365266,0.612199737628207));
#7251=CARTESIAN_POINT('Ctrl Pts',(-15.2461846701125,49.2390324385882,0.834285800914171));
#7252=CARTESIAN_POINT('Ctrl Pts',(-16.3799547262476,49.4937929919712,0.834285800914171));
#7253=CARTESIAN_POINT('Ctrl Pts',(-18.7855724579778,49.3798100085882,0.83428580091417));
#7254=CARTESIAN_POINT('Ctrl Pts',(-21.8019259731316,47.3899436063538,0.834285800914171));
#7255=CARTESIAN_POINT('Ctrl Pts',(-23.3780535631864,44.1364158769508,0.83428580091417));
#7256=CARTESIAN_POINT('Ctrl Pts',(-23.0659671992927,40.5362502007957,0.83428580091417));
#7257=CARTESIAN_POINT('Ctrl Pts',(-20.9626933680489,37.5973387406383,0.834285800914171));
#7258=CARTESIAN_POINT('Ctrl Pts',(-17.6495466875697,36.1512825483853,0.834285800914171));
#7259=CARTESIAN_POINT('Ctrl Pts',(-15.2600477832441,36.4491170305058,0.83428580091417));
#7260=CARTESIAN_POINT('Ctrl Pts',(-14.1862915394315,36.8933973571264,0.834285800914171));
#7261=CARTESIAN_POINT('Ctrl Pts',(-15.2623296385479,49.1671819047195,1.16474750848577));
#7262=CARTESIAN_POINT('Ctrl Pts',(-16.3832184903103,49.4190480239653,1.16474750848577));
#7263=CARTESIAN_POINT('Ctrl Pts',(-18.7616172422599,49.3063180229297,1.16474750848577));
#7264=CARTESIAN_POINT('Ctrl Pts',(-21.7437328144818,47.3390286227501,1.16474750848577));
#7265=CARTESIAN_POINT('Ctrl Pts',(-23.3019905756543,44.122371806088,1.16474750848577));
#7266=CARTESIAN_POINT('Ctrl Pts',(-22.9934652463601,40.5630310091502,1.16474750848577));
#7267=CARTESIAN_POINT('Ctrl Pts',(-20.9140119044059,37.6574516281023,1.16474750848577));
#7268=CARTESIAN_POINT('Ctrl Pts',(-17.6384695143379,36.2277721617083,1.16474750848577));
#7269=CARTESIAN_POINT('Ctrl Pts',(-15.2760038449995,36.5222119447702,1.16474750848577));
#7270=CARTESIAN_POINT('Ctrl Pts',(-14.2144469652009,36.9614446290977,1.16474750848577));
#7271=CARTESIAN_POINT('Ctrl Pts',(-15.301030112249,48.9949517942965,1.48013403903159));
#7272=CARTESIAN_POINT('Ctrl Pts',(-16.3911509236341,49.239904269148,1.48013403903159));
#7273=CARTESIAN_POINT('Ctrl Pts',(-18.7041713853015,49.1303031351571,1.48013403903158));
#7274=CARTESIAN_POINT('Ctrl Pts',(-21.6044025722698,47.217040334621,1.48013403903159));
#7275=CARTESIAN_POINT('Ctrl Pts',(-23.1198561700593,44.0887565543544,1.48013403903158));
#7276=CARTESIAN_POINT('Ctrl Pts',(-22.8197872145931,40.627182501791,1.48013403903158));
#7277=CARTESIAN_POINT('Ctrl Pts',(-20.7974762255252,37.8014079474603,1.48013403903159));
#7278=CARTESIAN_POINT('Ctrl Pts',(-17.6118773149433,36.4110157686089,1.48013403903159));
#7279=CARTESIAN_POINT('Ctrl Pts',(-15.314354720481,36.6973822012017,1.48013403903159));
#7280=CARTESIAN_POINT('Ctrl Pts',(-14.2819372374113,37.1245580888672,1.48013403903159));
#7281=CARTESIAN_POINT('Ctrl Pts',(-15.3598874286346,48.7330169617005,1.74875786438941));
#7282=CARTESIAN_POINT('Ctrl Pts',(-16.4031593363852,48.9674423878345,1.74875786438941));
#7283=CARTESIAN_POINT('Ctrl Pts',(-18.6168174031749,48.8625358387018,1.74875786438941));
#7284=CARTESIAN_POINT('Ctrl Pts',(-21.3924205012098,47.0314858029322,1.74875786438941));
#7285=CARTESIAN_POINT('Ctrl Pts',(-22.8427599611209,44.0376079533231,1.74875786438941));
#7286=CARTESIAN_POINT('Ctrl Pts',(-22.5555924208413,40.7247691024576,1.74875786438941));
#7287=CARTESIAN_POINT('Ctrl Pts',(-20.6201639192805,38.0204131276111,1.74875786438941));
#7288=CARTESIAN_POINT('Ctrl Pts',(-17.5714549324861,36.6897547704475,1.74875786438941));
#7289=CARTESIAN_POINT('Ctrl Pts',(-15.3726277272766,36.9638103067474,1.74875786438941));
#7290=CARTESIAN_POINT('Ctrl Pts',(-14.384579296398,37.3726279337622,1.74875786438941));
#7291=CARTESIAN_POINT('Ctrl Pts',(-15.4290033006949,48.4254281097178,1.92483533018565));
#7292=CARTESIAN_POINT('Ctrl Pts',(-16.4172593433899,48.6474913534582,1.92483533018565));
#7293=CARTESIAN_POINT('Ctrl Pts',(-18.5142383379693,48.5480960042777,1.92483533018565));
#7294=CARTESIAN_POINT('Ctrl Pts',(-21.1434888353037,46.8135892280131,1.92483533018565));
#7295=CARTESIAN_POINT('Ctrl Pts',(-22.5173646653201,43.9775437499637,1.92483533018565));
#7296=CARTESIAN_POINT('Ctrl Pts',(-22.2453482314676,40.8393651606362,1.92483533018565));
#7297=CARTESIAN_POINT('Ctrl Pts',(-20.4119448685632,38.2775916811323,1.92483533018565));
#7298=CARTESIAN_POINT('Ctrl Pts',(-17.5239876310562,37.0170780657499,1.92483533018565));
#7299=CARTESIAN_POINT('Ctrl Pts',(-15.4410561061985,37.276676143096,1.92483533018565));
#7300=CARTESIAN_POINT('Ctrl Pts',(-14.5051113874373,37.6639351953681,1.92483533018565));
#7301=CARTESIAN_POINT('Ctrl Pts',(-15.5014946491186,48.1028172538365,1.99899037852728));
#7302=CARTESIAN_POINT('Ctrl Pts',(-16.4320880327511,48.3119235749163,1.99899037852728));
#7303=CARTESIAN_POINT('Ctrl Pts',(-18.4066407944044,48.2183546773917,1.99899037852727));
#7304=CARTESIAN_POINT('Ctrl Pts',(-20.8824595279392,46.5850723680979,1.99899037852727));
#7305=CARTESIAN_POINT('Ctrl Pts',(-22.1761487639184,43.9145642373247,1.99899037852727));
#7306=CARTESIAN_POINT('Ctrl Pts',(-21.919994107101,40.9595417747645,1.99899037852727));
#7307=CARTESIAN_POINT('Ctrl Pts',(-20.1936144562851,38.5472795959103,1.99899037852727));
#7308=CARTESIAN_POINT('Ctrl Pts',(-17.4741875892611,37.3603479445294,1.99899037852727));
#7309=CARTESIAN_POINT('Ctrl Pts',(-15.5128643320187,37.6048059995985,1.99899037852727));
#7310=CARTESIAN_POINT('Ctrl Pts',(-14.6315300167234,37.9694693016446,1.99899037852727));
#7311=CARTESIAN_POINT('Ctrl Pts',(-15.5501621359868,47.8862305861369,2.00000000000001));
#7312=CARTESIAN_POINT('Ctrl Pts',(-16.442004045035,48.0866293681032,2.00000000000001));
#7313=CARTESIAN_POINT('Ctrl Pts',(-18.3344131247521,47.9969268627633,2.));
#7314=CARTESIAN_POINT('Ctrl Pts',(-20.7071574442187,46.4316353173211,2.));
#7315=CARTESIAN_POINT('Ctrl Pts',(-21.9470017975552,43.8722648144022,2.));
#7316=CARTESIAN_POINT('Ctrl Pts',(-21.701524764631,41.0402388176959,2.));
#7317=CARTESIAN_POINT('Ctrl Pts',(-20.0469805249911,38.7283858953918,2.));
#7318=CARTESIAN_POINT('Ctrl Pts',(-17.4407683049196,37.5908426400393,2.));
#7319=CARTESIAN_POINT('Ctrl Pts',(-15.5610359673338,37.825113286074,2.));
#7320=CARTESIAN_POINT('Ctrl Pts',(-14.7164018961195,38.1745913945333,2.));
#7321=CARTESIAN_POINT('Ctrl Pts',(-15.5747603096843,47.7767604487725,2.00000000000001));
#7322=CARTESIAN_POINT('Ctrl Pts',(-16.4470430457661,47.9727642427942,2.00000000000001));
#7323=CARTESIAN_POINT('Ctrl Pts',(-18.2979009400812,47.885047138382,2.));
#7324=CARTESIAN_POINT('Ctrl Pts',(-20.6185942963267,46.3540975441461,2.));
#7325=CARTESIAN_POINT('Ctrl Pts',(-21.8312313364959,43.850897524324,1.99999999999999));
#7326=CARTESIAN_POINT('Ctrl Pts',(-21.5911313163939,41.0810149171986,2.));
#7327=CARTESIAN_POINT('Ctrl Pts',(-19.9729058383455,38.8198887510483,2.));
#7328=CARTESIAN_POINT('Ctrl Pts',(-17.4238672447941,37.7073158226338,2.));
#7329=CARTESIAN_POINT('Ctrl Pts',(-15.5854092025744,37.9364533224217,2.));
#7330=CARTESIAN_POINT('Ctrl Pts',(-14.7592989792805,38.2782669527913,2.));
#7331=CARTESIAN_POINT('',(-14.1858072215661,36.8922268363971,0.5));
#7332=CARTESIAN_POINT('Ctrl Pts',(-14.1858072216197,36.8922268365266,0.5));
#7333=CARTESIAN_POINT('Ctrl Pts',(-14.1858072216197,36.8922268365266,0.612199737628207));
#7334=CARTESIAN_POINT('Ctrl Pts',(-14.1862915394315,36.8933973571264,0.834285800914171));
#7335=CARTESIAN_POINT('Ctrl Pts',(-14.2144469652009,36.9614446290977,1.16474750848577));
#7336=CARTESIAN_POINT('Ctrl Pts',(-14.2819372374113,37.1245580888672,1.48013403903159));
#7337=CARTESIAN_POINT('Ctrl Pts',(-14.384579296398,37.3726279337622,1.74875786438941));
#7338=CARTESIAN_POINT('Ctrl Pts',(-14.5051113874373,37.6639351953681,1.92483533018565));
#7339=CARTESIAN_POINT('Ctrl Pts',(-14.6315300167234,37.9694693016446,1.99899037852727));
#7340=CARTESIAN_POINT('Ctrl Pts',(-14.7164018961195,38.1745913945333,2.));
#7341=CARTESIAN_POINT('Ctrl Pts',(-14.7592989792805,38.2782669527913,2.));
#7342=CARTESIAN_POINT('Origin',(-16.6709381714832,42.8984006736737,0.5));
#7343=CARTESIAN_POINT('Ctrl Pts',(-14.1858260104064,36.8922190624242,0.5));
#7344=CARTESIAN_POINT('Ctrl Pts',(-8.66052155756712,39.1783416325596,0.5));
#7345=CARTESIAN_POINT('Ctrl Pts',(0.24705725142385,41.0999363681678,0.5));
#7346=CARTESIAN_POINT('Ctrl Pts',(15.23420478636,40.2590849308353,0.5));
#7347=CARTESIAN_POINT('Ctrl Pts',(29.6285032678229,35.4098539009566,0.5));
#7348=CARTESIAN_POINT('Ctrl Pts',(39.0473485234872,27.7283014984281,0.5));
#7349=CARTESIAN_POINT('Ctrl Pts',(42.933202582847,23.183471036067,0.5));
#7350=CARTESIAN_POINT('Ctrl Pts',(-14.1858260104064,36.8922190624242,0.612199737628206));
#7351=CARTESIAN_POINT('Ctrl Pts',(-8.6605389892201,39.1783344201253,0.612199737628206));
#7352=CARTESIAN_POINT('Ctrl Pts',(0.247071727961352,41.0999319546837,0.612199737628207));
#7353=CARTESIAN_POINT('Ctrl Pts',(15.2341942826518,40.2590741797483,0.612199737628207));
#7354=CARTESIAN_POINT('Ctrl Pts',(29.6284951574461,35.409853461114,0.612199737628207));
#7355=CARTESIAN_POINT('Ctrl Pts',(39.0473607828767,27.7282871600494,0.612199737628207));
#7356=CARTESIAN_POINT('Ctrl Pts',(42.933202582847,23.183471036067,0.612199737628207));
#7357=CARTESIAN_POINT('Ctrl Pts',(-14.1863103443766,36.8933896438607,0.834285822874069));
#7358=CARTESIAN_POINT('Ctrl Pts',(-8.66088078853513,39.1795639759939,0.834285822874069));
#7359=CARTESIAN_POINT('Ctrl Pts',(0.246950960231953,41.1012097886334,0.834285822874071));
#7360=CARTESIAN_POINT('Ctrl Pts',(15.2344568803934,40.2603316340592,0.834285822874071));
#7361=CARTESIAN_POINT('Ctrl Pts',(29.6291221065803,35.4109865488338,0.83428582287407));
#7362=CARTESIAN_POINT('Ctrl Pts',(39.0482234005557,27.7292276520194,0.83428582287407));
#7363=CARTESIAN_POINT('Ctrl Pts',(42.9341654427611,23.1842942863813,0.83428582287407));
#7364=CARTESIAN_POINT('Ctrl Pts',(-14.2144653110003,36.9614370725017,1.16474751046681));
#7365=CARTESIAN_POINT('Ctrl Pts',(-8.68087640808783,39.2509873756164,1.16474751046681));
#7366=CARTESIAN_POINT('Ctrl Pts',(0.240035528547542,41.1754599484665,1.16474751046681));
#7367=CARTESIAN_POINT('Ctrl Pts',(15.2496458788623,40.3333511515213,1.16474751046681));
#7368=CARTESIAN_POINT('Ctrl Pts',(29.6655086791897,35.4768512298807,1.16474751046681));
#7369=CARTESIAN_POINT('Ctrl Pts',(39.0984573735438,27.7837957266854,1.16474751046681));
#7370=CARTESIAN_POINT('Ctrl Pts',(42.9901377478554,23.2321509029841,1.16474751046681));
#7371=CARTESIAN_POINT('Ctrl Pts',(-14.2819545208807,37.1245510003121,1.48013404164355));
#7372=CARTESIAN_POINT('Ctrl Pts',(-8.72887620433316,39.4221651465634,1.48013404164355));
#7373=CARTESIAN_POINT('Ctrl Pts',(0.223516151891478,41.3534247269656,1.48013404164356));
#7374=CARTESIAN_POINT('Ctrl Pts',(15.2860132478674,40.5083408991853,1.48013404164356));
#7375=CARTESIAN_POINT('Ctrl Pts',(29.7526974350513,35.6347312333643,1.48013404164356));
#7376=CARTESIAN_POINT('Ctrl Pts',(39.2189198994627,27.9145420060025,1.48013404164356));
#7377=CARTESIAN_POINT('Ctrl Pts',(43.1243068518886,23.3468661958572,1.48013404164356));
#7378=CARTESIAN_POINT('Ctrl Pts',(-14.3845949375985,37.372621492656,1.74875784966805));
#7379=CARTESIAN_POINT('Ctrl Pts',(-8.80184109898053,39.6825140357567,1.74875784966805));
#7380=CARTESIAN_POINT('Ctrl Pts',(0.198363554702746,41.6240899286057,1.74875784966805));
#7381=CARTESIAN_POINT('Ctrl Pts',(15.3413434793427,40.7744943490068,1.74875784966805));
#7382=CARTESIAN_POINT('Ctrl Pts',(29.8853141263067,35.8748426427271,1.74875784966805));
#7383=CARTESIAN_POINT('Ctrl Pts',(39.4020995941122,28.1134153813527,1.74875784966805));
#7384=CARTESIAN_POINT('Ctrl Pts',(43.3283568440729,23.521330017337,1.74875784966805));
#7385=CARTESIAN_POINT('Ctrl Pts',(-14.5051251047798,37.6639295257982,1.92483528900964));
#7386=CARTESIAN_POINT('Ctrl Pts',(-8.88752254205044,39.9882409041706,1.92483528900964));
#7387=CARTESIAN_POINT('Ctrl Pts',(0.168826232218817,41.9419310512575,1.92483528900965));
#7388=CARTESIAN_POINT('Ctrl Pts',(15.4063180542333,41.0870376679665,1.92483528900965));
#7389=CARTESIAN_POINT('Ctrl Pts',(30.0410457109058,36.1568043840926,1.92483528900965));
#7390=CARTESIAN_POINT('Ctrl Pts',(39.617206033413,28.3469522039911,1.92483528900965));
#7391=CARTESIAN_POINT('Ctrl Pts',(43.5679718072402,23.7262020769261,1.92483528900965));
#7392=CARTESIAN_POINT('Ctrl Pts',(-14.6315417256005,37.9694644638888,1.99899035413634));
#7393=CARTESIAN_POINT('Ctrl Pts',(-8.97741387884323,40.3088883626498,1.99899035413634));
#7394=CARTESIAN_POINT('Ctrl Pts',(0.137867445127574,42.2752884756451,1.99899035413635));
#7395=CARTESIAN_POINT('Ctrl Pts',(15.4744505635453,41.4148293262003,1.99899035413635));
#7396=CARTESIAN_POINT('Ctrl Pts',(30.2043711067325,36.4525359356445,1.99899035413635));
#7397=CARTESIAN_POINT('Ctrl Pts',(39.8428356944356,28.5918736222591,1.99899035413635));
#7398=CARTESIAN_POINT('Ctrl Pts',(43.819289088632,23.94107968043,1.99899035413635));
#7399=CARTESIAN_POINT('Ctrl Pts',(-14.7164122539508,38.1745871088136,1.99999999999999));
#7400=CARTESIAN_POINT('Ctrl Pts',(-9.0377380432431,40.524167189396,1.99999999999999));
#7401=CARTESIAN_POINT('Ctrl Pts',(0.117062402843574,42.4990962126936,2.));
#7402=CARTESIAN_POINT('Ctrl Pts',(15.5202067231375,41.6349095081763,2.));
#7403=CARTESIAN_POINT('Ctrl Pts',(30.3140321411381,36.6510776487874,2.));
#7404=CARTESIAN_POINT('Ctrl Pts',(39.994295955914,28.7563235150795,1.99999999999999));
#7405=CARTESIAN_POINT('Ctrl Pts',(43.9880123966653,24.0853390003011,1.99999999999999));
#7406=CARTESIAN_POINT('Ctrl Pts',(-14.7593086554928,38.2782629490975,1.99999999999999));
#7407=CARTESIAN_POINT('Ctrl Pts',(-9.06824506906839,40.632969196337,1.99999999999999));
#7408=CARTESIAN_POINT('Ctrl Pts',(0.106561104192306,42.6122117740135,2.));
#7409=CARTESIAN_POINT('Ctrl Pts',(15.5433230651766,41.746134793561,1.99999999999999));
#7410=CARTESIAN_POINT('Ctrl Pts',(30.3694505010834,36.751426832786,1.99999999999999));
#7411=CARTESIAN_POINT('Ctrl Pts',(40.0708611144175,28.8394278581816,1.99999999999999));
#7412=CARTESIAN_POINT('Ctrl Pts',(44.0732907955581,24.1582524819497,1.99999999999999));
#7413=CARTESIAN_POINT('Origin',(4.93026215914201,-9.30924382668847,0.5));
#7414=CARTESIAN_POINT('Origin',(2.83144954894774,46.6514118666402,2.));
#7415=CARTESIAN_POINT('',(2.30480935460554,47.5015001595271,2.));
#7416=CARTESIAN_POINT('Origin',(8.2951185429336,51.1742981589358,2.));
#7417=CARTESIAN_POINT('',(7.5583372334381,51.8504292867343,2.));
#7418=CARTESIAN_POINT('Origin',(-10.8611955039493,68.7537074816974,2.));
#7419=CARTESIAN_POINT('Origin',(42.6071141381984,27.5581080511868,0.));
#7420=CARTESIAN_POINT('',(43.9691506101291,22.8772447067673,0.));
#7421=CARTESIAN_POINT('Origin',(43.6897585133228,23.8374218030585,0.));
#7422=CARTESIAN_POINT('',(42.929768388731,23.1874871828674,0.));
#7423=CARTESIAN_POINT('Origin',(14.7340465807894,61.88831727985,2.5));
#7424=CARTESIAN_POINT('Origin',(14.7340465807894,61.8883172798499,2.5));
#7425=CARTESIAN_POINT('Origin',(-16.6709381714832,42.8984006736737,2.5));
#7426=CARTESIAN_POINT('Origin',(-16.6709381714831,42.8984006736736,2.5));
#7427=CARTESIAN_POINT('Origin',(-16.6709381714831,42.8984006736736,0.));
#7428=CARTESIAN_POINT('Origin',(14.7340465807894,61.8883172798499,0.));
#7429=CARTESIAN_POINT('Origin',(4.93026215914201,-9.30924382668847,0.));
#7430=CARTESIAN_POINT('',(-14.1858072215661,36.8922268363971,0.));
#7431=CARTESIAN_POINT('Origin',(-16.6709381714832,42.8984006736737,0.));
#7432=UNCERTAINTY_MEASURE_WITH_UNIT(LENGTH_MEASURE(0.01),#7438,
'DISTANCE_ACCURACY_VALUE',
'Maximum model space distance between geometric entities at asserted c
onnectivities');
#7433=UNCERTAINTY_MEASURE_WITH_UNIT(LENGTH_MEASURE(0.01),#7438,
'DISTANCE_ACCURACY_VALUE',
'Maximum model space distance between geometric entities at asserted c
onnectivities');
#7434=(
GEOMETRIC_REPRESENTATION_CONTEXT(3)
GLOBAL_UNCERTAINTY_ASSIGNED_CONTEXT((#7432))
GLOBAL_UNIT_ASSIGNED_CONTEXT((#7438,#7437,#7436))
REPRESENTATION_CONTEXT('','3D')
);
#7435=(
GEOMETRIC_REPRESENTATION_CONTEXT(3)
GLOBAL_UNCERTAINTY_ASSIGNED_CONTEXT((#7433))
GLOBAL_UNIT_ASSIGNED_CONTEXT((#7438,#7437,#7436))
REPRESENTATION_CONTEXT('','3D')
);
#7436=(
NAMED_UNIT(*)
SI_UNIT($,.STERADIAN.)
SOLID_ANGLE_UNIT()
);
#7437=(
NAMED_UNIT(*)
PLANE_ANGLE_UNIT()
SI_UNIT($,.RADIAN.)
);
#7438=(
LENGTH_UNIT()
NAMED_UNIT(*)
SI_UNIT(.MILLI.,.METRE.)
);
#7439=SHAPE_DEFINITION_REPRESENTATION(#7440,#7441);
#7440=PRODUCT_DEFINITION_SHAPE('',$,#7443);
#7441=SHAPE_REPRESENTATION('',(#1020),#7434);
#7442=PRODUCT_DEFINITION_CONTEXT('part definition',#7447,'design');
#7443=PRODUCT_DEFINITION('foot','foot',#7444,#7442);
#7444=PRODUCT_DEFINITION_FORMATION('',$,#7449);
#7445=PRODUCT_RELATED_PRODUCT_CATEGORY('foot','foot',(#7449));
#7446=APPLICATION_PROTOCOL_DEFINITION('international standard',
'automotive_design',2009,#7447);
#7447=APPLICATION_CONTEXT(
'Core Data for Automotive Mechanical Design Process');
#7448=PRODUCT_CONTEXT('part definition',#7447,'mechanical');
#7449=PRODUCT('foot','foot',$,(#7448));
#7450=PRESENTATION_STYLE_ASSIGNMENT((#7451));
#7451=SURFACE_STYLE_USAGE(.BOTH.,#7452);
#7452=SURFACE_SIDE_STYLE('',(#7453));
#7453=SURFACE_STYLE_FILL_AREA(#7454);
#7454=FILL_AREA_STYLE('Steel - Satin',(#7455));
#7455=FILL_AREA_STYLE_COLOUR('Steel - Satin',#7456);
#7456=COLOUR_RGB('Steel - Satin',0.627450980392157,0.627450980392157,0.627450980392157);
ENDSEC;
END-ISO-10303-21;
