ISO-10303-21;
HEADER;
/* Generated by software containing ST-Developer
 * from STEP Tools, Inc. (www.steptools.com) 
 */

FILE_DESCRIPTION(
/* description */ (''),
/* implementation_level */ '2;1');

FILE_NAME(
/* name */ 
'/var/folders/lj/0c1qyxjj0xv8qkf4ldmpkq2r0000gn/T/com.autodesk.mas.fus
ion360/Neutron/042a4c04-965c-4cb5-b299-89afe6bff456.stp',
/* time_stamp */ '2017-08-24T15:16:12-07:00',
/* author */ (''),
/* organization */ (''),
/* preprocessor_version */ 'ST-DEVELOPER v16.13',
/* originating_system */ 'Autodesk Translation Framework v6.1.1.50',
/* authorisation */ '');

FILE_SCHEMA (('AUTOMOTIVE_DESIGN { 1 0 10303 214 3 1 1 }'));
ENDSEC;

DATA;
#10=MECHANICAL_DESIGN_GEOMETRIC_PRESENTATION_REPRESENTATION('',(#176,#177),
#12577);
#11=ITEM_DEFINED_TRANSFORMATION($,$,#3377,#3881);
#12=(
REPRESENTATION_RELATIONSHIP($,$,#12587,#12586)
REPRESENTATION_RELATIONSHIP_WITH_TRANSFORMATION(#11)
SHAPE_REPRESENTATION_RELATIONSHIP()
);
#13=CONTEXT_DEPENDENT_SHAPE_REPRESENTATION(#12,#12585);
#14=NEXT_ASSEMBLY_USAGE_OCCURRENCE('motor:1','motor:1','motor:1',#12589,
#12590,'motor:1');
#15=B_SPLINE_SURFACE_WITH_KNOTS('',3,3,((#6250,#6251,#6252,#6253,#6254),
(#6255,#6256,#6257,#6258,#6259),(#6260,#6261,#6262,#6263,#6264),(#6265,
#6266,#6267,#6268,#6269),(#6270,#6271,#6272,#6273,#6274),(#6275,#6276,#6277,
#6278,#6279)),.UNSPECIFIED.,.F.,.F.,.F.,(4,1,1,4),(4,1,4),(0.,0.285714285714286,
0.571428571428571,1.),(0.072084836692929,0.172253999789485,0.272423162886042),
 .UNSPECIFIED.);
#16=B_SPLINE_SURFACE_WITH_KNOTS('',3,3,((#6288,#6289,#6290,#6291),(#6292,
#6293,#6294,#6295),(#6296,#6297,#6298,#6299),(#6300,#6301,#6302,#6303),
(#6304,#6305,#6306,#6307),(#6308,#6309,#6310,#6311)),.UNSPECIFIED.,.F.,
 .F.,.F.,(4,1,1,4),(4,4),(0.,0.285714285714286,0.571428571428571,1.),(0.,
0.134147219158102),.UNSPECIFIED.);
#17=B_SPLINE_SURFACE_WITH_KNOTS('',3,3,((#6536,#6537,#6538,#6539,#6540),
(#6541,#6542,#6543,#6544,#6545),(#6546,#6547,#6548,#6549,#6550),(#6551,
#6552,#6553,#6554,#6555),(#6556,#6557,#6558,#6559,#6560),(#6561,#6562,#6563,
#6564,#6565)),.UNSPECIFIED.,.F.,.F.,.F.,(4,1,1,4),(4,1,4),(0.,0.285714285714286,
0.571428571428571,1.),(0.,0.100106579214697,0.200213158429394),
 .UNSPECIFIED.);
#18=B_SPLINE_SURFACE_WITH_KNOTS('',3,3,((#6786,#6787,#6788,#6789,#6790,
#6791),(#6792,#6793,#6794,#6795,#6796,#6797),(#6798,#6799,#6800,#6801,#6802,
#6803),(#6804,#6805,#6806,#6807,#6808,#6809),(#6810,#6811,#6812,#6813,#6814,
#6815)),.UNSPECIFIED.,.F.,.F.,.F.,(4,1,4),(4,1,1,4),(0.,0.571428571428571,
1.),(0.,0.127040979810494,0.211734966350823,0.296428952891153),
 .UNSPECIFIED.);
#19=B_SPLINE_SURFACE_WITH_KNOTS('',3,3,((#6826,#6827,#6828,#6829,#6830,
#6831),(#6832,#6833,#6834,#6835,#6836,#6837),(#6838,#6839,#6840,#6841,#6842,
#6843),(#6844,#6845,#6846,#6847,#6848,#6849),(#6850,#6851,#6852,#6853,#6854,
#6855)),.UNSPECIFIED.,.F.,.F.,.F.,(4,1,4),(4,1,1,4),(0.,0.571428571428571,
1.),(-3.96317158469745E-15,0.0846939865890936,0.169387973178191,0.296428953061837),
 .UNSPECIFIED.);
#20=B_SPLINE_SURFACE_WITH_KNOTS('',3,3,((#6877,#6878,#6879,#6880),(#6881,
#6882,#6883,#6884),(#6885,#6886,#6887,#6888),(#6889,#6890,#6891,#6892),
(#6893,#6894,#6895,#6896),(#6897,#6898,#6899,#6900)),.UNSPECIFIED.,.F.,
 .F.,.F.,(4,1,1,4),(4,4),(0.,0.285714285714286,0.571428571428571,1.),(0.35901599683557,
0.493163194237298),.UNSPECIFIED.);
#21=B_SPLINE_SURFACE_WITH_KNOTS('',3,3,((#7346,#7347,#7348,#7349,#7350,
#7351,#7352,#7353,#7354,#7355,#7356,#7357,#7358,#7359,#7360,#7361,#7362),
(#7363,#7364,#7365,#7366,#7367,#7368,#7369,#7370,#7371,#7372,#7373,#7374,
#7375,#7376,#7377,#7378,#7379),(#7380,#7381,#7382,#7383,#7384,#7385,#7386,
#7387,#7388,#7389,#7390,#7391,#7392,#7393,#7394,#7395,#7396),(#7397,#7398,
#7399,#7400,#7401,#7402,#7403,#7404,#7405,#7406,#7407,#7408,#7409,#7410,
#7411,#7412,#7413),(#7414,#7415,#7416,#7417,#7418,#7419,#7420,#7421,#7422,
#7423,#7424,#7425,#7426,#7427,#7428,#7429,#7430),(#7431,#7432,#7433,#7434,
#7435,#7436,#7437,#7438,#7439,#7440,#7441,#7442,#7443,#7444,#7445,#7446,
#7447),(#7448,#7449,#7450,#7451,#7452,#7453,#7454,#7455,#7456,#7457,#7458,
#7459,#7460,#7461,#7462,#7463,#7464),(#7465,#7466,#7467,#7468,#7469,#7470,
#7471,#7472,#7473,#7474,#7475,#7476,#7477,#7478,#7479,#7480,#7481),(#7482,
#7483,#7484,#7485,#7486,#7487,#7488,#7489,#7490,#7491,#7492,#7493,#7494,
#7495,#7496,#7497,#7498),(#7499,#7500,#7501,#7502,#7503,#7504,#7505,#7506,
#7507,#7508,#7509,#7510,#7511,#7512,#7513,#7514,#7515),(#7516,#7517,#7518,
#7519,#7520,#7521,#7522,#7523,#7524,#7525,#7526,#7527,#7528,#7529,#7530,
#7531,#7532),(#7533,#7534,#7535,#7536,#7537,#7538,#7539,#7540,#7541,#7542,
#7543,#7544,#7545,#7546,#7547,#7548,#7549),(#7550,#7551,#7552,#7553,#7554,
#7555,#7556,#7557,#7558,#7559,#7560,#7561,#7562,#7563,#7564,#7565,#7566),
(#7567,#7568,#7569,#7570,#7571,#7572,#7573,#7574,#7575,#7576,#7577,#7578,
#7579,#7580,#7581,#7582,#7583),(#7584,#7585,#7586,#7587,#7588,#7589,#7590,
#7591,#7592,#7593,#7594,#7595,#7596,#7597,#7598,#7599,#7600),(#7601,#7602,
#7603,#7604,#7605,#7606,#7607,#7608,#7609,#7610,#7611,#7612,#7613,#7614,
#7615,#7616,#7617),(#7618,#7619,#7620,#7621,#7622,#7623,#7624,#7625,#7626,
#7627,#7628,#7629,#7630,#7631,#7632,#7633,#7634),(#7635,#7636,#7637,#7638,
#7639,#7640,#7641,#7642,#7643,#7644,#7645,#7646,#7647,#7648,#7649,#7650,
#7651),(#7652,#7653,#7654,#7655,#7656,#7657,#7658,#7659,#7660,#7661,#7662,
#7663,#7664,#7665,#7666,#7667,#7668)),.UNSPECIFIED.,.F.,.F.,.F.,(4,1,1,
1,1,1,1,1,1,2,1,1,1,1,1,4),(4,1,1,1,1,1,1,1,1,1,1,1,1,1,4),(-0.728653094828929,
-0.582922475863143,-0.437191856897357,-0.291461237931572,-0.145730618965786,
-0.127514291595063,-0.109297964224339,-0.0910816368536161,-0.0728653094828929,
0.,0.100000000000003,0.250000000000008,0.400000000000013,0.600000000000019,
0.800000000000026,1.00000000000003),(-5.26120057302543E-16,0.0714285714285709,
0.142857142857142,0.214285714285714,0.285714285714285,0.428571428571428,
0.5,0.571428571428571,0.714285714285714,0.785714285714286,0.821428571428571,
0.857142857142857,0.910714285714286,0.928571428571429,1.),.UNSPECIFIED.);
#22=B_SPLINE_SURFACE_WITH_KNOTS('',3,3,((#7711,#7712,#7713,#7714,#7715,
#7716,#7717,#7718,#7719,#7720,#7721,#7722,#7723,#7724,#7725,#7726,#7727,
#7728,#7729,#7730,#7731,#7732,#7733,#7734,#7735,#7736,#7737,#7738,#7739,
#7740,#7741),(#7742,#7743,#7744,#7745,#7746,#7747,#7748,#7749,#7750,#7751,
#7752,#7753,#7754,#7755,#7756,#7757,#7758,#7759,#7760,#7761,#7762,#7763,
#7764,#7765,#7766,#7767,#7768,#7769,#7770,#7771,#7772),(#7773,#7774,#7775,
#7776,#7777,#7778,#7779,#7780,#7781,#7782,#7783,#7784,#7785,#7786,#7787,
#7788,#7789,#7790,#7791,#7792,#7793,#7794,#7795,#7796,#7797,#7798,#7799,
#7800,#7801,#7802,#7803),(#7804,#7805,#7806,#7807,#7808,#7809,#7810,#7811,
#7812,#7813,#7814,#7815,#7816,#7817,#7818,#7819,#7820,#7821,#7822,#7823,
#7824,#7825,#7826,#7827,#7828,#7829,#7830,#7831,#7832,#7833,#7834),(#7835,
#7836,#7837,#7838,#7839,#7840,#7841,#7842,#7843,#7844,#7845,#7846,#7847,
#7848,#7849,#7850,#7851,#7852,#7853,#7854,#7855,#7856,#7857,#7858,#7859,
#7860,#7861,#7862,#7863,#7864,#7865),(#7866,#7867,#7868,#7869,#7870,#7871,
#7872,#7873,#7874,#7875,#7876,#7877,#7878,#7879,#7880,#7881,#7882,#7883,
#7884,#7885,#7886,#7887,#7888,#7889,#7890,#7891,#7892,#7893,#7894,#7895,
#7896),(#7897,#7898,#7899,#7900,#7901,#7902,#7903,#7904,#7905,#7906,#7907,
#7908,#7909,#7910,#7911,#7912,#7913,#7914,#7915,#7916,#7917,#7918,#7919,
#7920,#7921,#7922,#7923,#7924,#7925,#7926,#7927),(#7928,#7929,#7930,#7931,
#7932,#7933,#7934,#7935,#7936,#7937,#7938,#7939,#7940,#7941,#7942,#7943,
#7944,#7945,#7946,#7947,#7948,#7949,#7950,#7951,#7952,#7953,#7954,#7955,
#7956,#7957,#7958),(#7959,#7960,#7961,#7962,#7963,#7964,#7965,#7966,#7967,
#7968,#7969,#7970,#7971,#7972,#7973,#7974,#7975,#7976,#7977,#7978,#7979,
#7980,#7981,#7982,#7983,#7984,#7985,#7986,#7987,#7988,#7989),(#7990,#7991,
#7992,#7993,#7994,#7995,#7996,#7997,#7998,#7999,#8000,#8001,#8002,#8003,
#8004,#8005,#8006,#8007,#8008,#8009,#8010,#8011,#8012,#8013,#8014,#8015,
#8016,#8017,#8018,#8019,#8020),(#8021,#8022,#8023,#8024,#8025,#8026,#8027,
#8028,#8029,#8030,#8031,#8032,#8033,#8034,#8035,#8036,#8037,#8038,#8039,
#8040,#8041,#8042,#8043,#8044,#8045,#8046,#8047,#8048,#8049,#8050,#8051),
(#8052,#8053,#8054,#8055,#8056,#8057,#8058,#8059,#8060,#8061,#8062,#8063,
#8064,#8065,#8066,#8067,#8068,#8069,#8070,#8071,#8072,#8073,#8074,#8075,
#8076,#8077,#8078,#8079,#8080,#8081,#8082),(#8083,#8084,#8085,#8086,#8087,
#8088,#8089,#8090,#8091,#8092,#8093,#8094,#8095,#8096,#8097,#8098,#8099,
#8100,#8101,#8102,#8103,#8104,#8105,#8106,#8107,#8108,#8109,#8110,#8111,
#8112,#8113),(#8114,#8115,#8116,#8117,#8118,#8119,#8120,#8121,#8122,#8123,
#8124,#8125,#8126,#8127,#8128,#8129,#8130,#8131,#8132,#8133,#8134,#8135,
#8136,#8137,#8138,#8139,#8140,#8141,#8142,#8143,#8144),(#8145,#8146,#8147,
#8148,#8149,#8150,#8151,#8152,#8153,#8154,#8155,#8156,#8157,#8158,#8159,
#8160,#8161,#8162,#8163,#8164,#8165,#8166,#8167,#8168,#8169,#8170,#8171,
#8172,#8173,#8174,#8175),(#8176,#8177,#8178,#8179,#8180,#8181,#8182,#8183,
#8184,#8185,#8186,#8187,#8188,#8189,#8190,#8191,#8192,#8193,#8194,#8195,
#8196,#8197,#8198,#8199,#8200,#8201,#8202,#8203,#8204,#8205,#8206),(#8207,
#8208,#8209,#8210,#8211,#8212,#8213,#8214,#8215,#8216,#8217,#8218,#8219,
#8220,#8221,#8222,#8223,#8224,#8225,#8226,#8227,#8228,#8229,#8230,#8231,
#8232,#8233,#8234,#8235,#8236,#8237),(#8238,#8239,#8240,#8241,#8242,#8243,
#8244,#8245,#8246,#8247,#8248,#8249,#8250,#8251,#8252,#8253,#8254,#8255,
#8256,#8257,#8258,#8259,#8260,#8261,#8262,#8263,#8264,#8265,#8266,#8267,
#8268),(#8269,#8270,#8271,#8272,#8273,#8274,#8275,#8276,#8277,#8278,#8279,
#8280,#8281,#8282,#8283,#8284,#8285,#8286,#8287,#8288,#8289,#8290,#8291,
#8292,#8293,#8294,#8295,#8296,#8297,#8298,#8299)),.UNSPECIFIED.,.F.,.F.,
 .F.,(4,1,1,1,1,1,1,1,1,2,1,1,1,1,1,4),(4,1,1,1,1,1,1,1,1,1,1,1,1,1,1,1,
1,1,1,1,1,1,1,1,1,1,1,1,4),(-0.730208973147096,-0.584167178517677,-0.438125383888258,
-0.292083589258838,-0.146041794629419,-0.127786570300742,-0.109531345972064,
-0.091276121643387,-0.0730208973147096,0.,0.1,0.25,0.4,0.6,0.8,1.),(0.,
0.0357142857142857,0.0714285714285714,0.142857142857143,0.178571428571429,
0.232142857142857,0.285714285714286,0.294642857142857,0.303571428571429,
0.308035714285714,0.321428571428571,0.357142857142857,0.428571428571429,
0.446428571428571,0.464285714285714,0.477678571428571,0.5,0.535714285714286,
0.553571428571429,0.555803571428571,0.5625,0.571428571428571,0.678571428571428,
0.714285714285714,0.785714285714286,0.857142857142857,0.946428571428571,
0.964285714285714,1.),.UNSPECIFIED.);
#23=B_SPLINE_SURFACE_WITH_KNOTS('',3,3,((#8595,#8596,#8597,#8598,#8599,
#8600,#8601,#8602,#8603,#8604,#8605,#8606,#8607,#8608,#8609,#8610,#8611,
#8612,#8613,#8614,#8615,#8616,#8617,#8618,#8619,#8620,#8621,#8622,#8623,
#8624,#8625,#8626,#8627,#8628,#8629,#8630,#8631,#8632,#8633,#8634,#8635,
#8636,#8637,#8638,#8639,#8640,#8641,#8642,#8643,#8644,#8645,#8646,#8647,
#8648,#8649,#8650,#8651,#8652,#8653,#8654,#8655,#8656,#8657,#8658,#8659,
#8660,#8661,#8662,#8663,#8664,#8665,#8666,#8667,#8668,#8669,#8670,#8671,
#8672,#8673,#8674,#8675,#8676,#8677,#8678,#8679,#8680,#8681,#8682,#8683,
#8684,#8685,#8686,#8687,#8688,#8689,#8690,#8691,#8692,#8693,#8694,#8695,
#8696,#8697,#8698,#8699,#8700,#8701,#8702,#8703,#8704,#8705,#8706,#8707,
#8708,#8709,#8710,#8711,#8712,#8713,#8714,#8715,#8716,#8717,#8718,#8719,
#8720,#8721,#8722,#8723,#8724,#8725),(#8726,#8727,#8728,#8729,#8730,#8731,
#8732,#8733,#8734,#8735,#8736,#8737,#8738,#8739,#8740,#8741,#8742,#8743,
#8744,#8745,#8746,#8747,#8748,#8749,#8750,#8751,#8752,#8753,#8754,#8755,
#8756,#8757,#8758,#8759,#8760,#8761,#8762,#8763,#8764,#8765,#8766,#8767,
#8768,#8769,#8770,#8771,#8772,#8773,#8774,#8775,#8776,#8777,#8778,#8779,
#8780,#8781,#8782,#8783,#8784,#8785,#8786,#8787,#8788,#8789,#8790,#8791,
#8792,#8793,#8794,#8795,#8796,#8797,#8798,#8799,#8800,#8801,#8802,#8803,
#8804,#8805,#8806,#8807,#8808,#8809,#8810,#8811,#8812,#8813,#8814,#8815,
#8816,#8817,#8818,#8819,#8820,#8821,#8822,#8823,#8824,#8825,#8826,#8827,
#8828,#8829,#8830,#8831,#8832,#8833,#8834,#8835,#8836,#8837,#8838,#8839,
#8840,#8841,#8842,#8843,#8844,#8845,#8846,#8847,#8848,#8849,#8850,#8851,
#8852,#8853,#8854,#8855,#8856),(#8857,#8858,#8859,#8860,#8861,#8862,#8863,
#8864,#8865,#8866,#8867,#8868,#8869,#8870,#8871,#8872,#8873,#8874,#8875,
#8876,#8877,#8878,#8879,#8880,#8881,#8882,#8883,#8884,#8885,#8886,#8887,
#8888,#8889,#8890,#8891,#8892,#8893,#8894,#8895,#8896,#8897,#8898,#8899,
#8900,#8901,#8902,#8903,#8904,#8905,#8906,#8907,#8908,#8909,#8910,#8911,
#8912,#8913,#8914,#8915,#8916,#8917,#8918,#8919,#8920,#8921,#8922,#8923,
#8924,#8925,#8926,#8927,#8928,#8929,#8930,#8931,#8932,#8933,#8934,#8935,
#8936,#8937,#8938,#8939,#8940,#8941,#8942,#8943,#8944,#8945,#8946,#8947,
#8948,#8949,#8950,#8951,#8952,#8953,#8954,#8955,#8956,#8957,#8958,#8959,
#8960,#8961,#8962,#8963,#8964,#8965,#8966,#8967,#8968,#8969,#8970,#8971,
#8972,#8973,#8974,#8975,#8976,#8977,#8978,#8979,#8980,#8981,#8982,#8983,
#8984,#8985,#8986,#8987),(#8988,#8989,#8990,#8991,#8992,#8993,#8994,#8995,
#8996,#8997,#8998,#8999,#9000,#9001,#9002,#9003,#9004,#9005,#9006,#9007,
#9008,#9009,#9010,#9011,#9012,#9013,#9014,#9015,#9016,#9017,#9018,#9019,
#9020,#9021,#9022,#9023,#9024,#9025,#9026,#9027,#9028,#9029,#9030,#9031,
#9032,#9033,#9034,#9035,#9036,#9037,#9038,#9039,#9040,#9041,#9042,#9043,
#9044,#9045,#9046,#9047,#9048,#9049,#9050,#9051,#9052,#9053,#9054,#9055,
#9056,#9057,#9058,#9059,#9060,#9061,#9062,#9063,#9064,#9065,#9066,#9067,
#9068,#9069,#9070,#9071,#9072,#9073,#9074,#9075,#9076,#9077,#9078,#9079,
#9080,#9081,#9082,#9083,#9084,#9085,#9086,#9087,#9088,#9089,#9090,#9091,
#9092,#9093,#9094,#9095,#9096,#9097,#9098,#9099,#9100,#9101,#9102,#9103,
#9104,#9105,#9106,#9107,#9108,#9109,#9110,#9111,#9112,#9113,#9114,#9115,
#9116,#9117,#9118)),.UNSPECIFIED.,.F.,.F.,.F.,(4,4),(4,1,1,1,1,1,1,1,1,
1,1,1,1,1,1,1,1,1,1,1,1,1,1,1,1,1,1,1,1,1,1,1,1,1,1,1,1,1,1,1,1,1,1,1,1,
1,1,1,1,1,1,1,1,1,1,1,1,1,1,1,1,1,1,1,1,1,1,1,1,1,1,1,1,1,1,1,1,1,1,1,1,
1,1,1,1,1,1,1,1,1,1,1,1,1,1,1,1,1,1,1,1,1,1,1,1,1,1,1,1,1,1,1,1,1,1,1,1,
1,1,1,1,1,1,1,1,1,1,1,4),(0.,0.0321584099938621),(10.2101761241668,11.2077095510054,
12.2052429778441,13.2027764046827,14.2003098315214,15.1978432583601,16.1953766851987,
17.1929101120374,18.1904435388761,19.1879769657147,20.1855103925534,21.183043819392,
22.1805772462307,23.1781106730694,24.175644099908,25.1731775267467,26.1707109535853,
27.168244380424,28.1657778072627,29.1633112341013,30.16084466094,31.1583780877786,
32.1559115146173,33.153444941456,34.1509783682946,35.1485117951333,36.146045221972,
37.1435786488106,38.1411120756493,39.1386455024879,40.1361789293266,41.1337123561653,
42.1312457830039,43.1287792098426,44.1263126366812,45.1238460635199,46.1213794903586,
47.1189129171972,48.1164463440359,49.1139797708746,50.1115131977132,51.1090466245519,
52.1065800513905,53.1041134782292,54.1016469050679,55.0991803319065,56.0967137587452,
57.0942471855838,58.0917806124225,59.0893140392612,60.0868474660998,61.0843808929385,
62.0819143197771,63.0794477466158,64.0769811734545,65.0745146002931,66.0720480271318,
67.0695814539704,68.0671148808091,69.0646483076478,70.0621817344864,71.0597151613251,
72.0572485881638,73.0547820150024,74.0523154418411,75.0498488686797,76.0473822955184,
77.0449157223571,78.0424491491957,79.0399825760344,80.037516002873,81.0350494297117,
82.0325828565504,83.030116283389,84.0276497102277,85.0251831370663,86.022716563905,
87.0202499907437,88.0177834175823,89.015316844421,90.0128502712597,91.0103836980983,
92.007917124937,93.0054505517756,94.0029839786143,95.000517405453,95.9980508322916,
96.9955842591303,97.9931176859689,98.9906511128076,99.9881845396463,100.985717966485,
101.983251393324,102.980784820162,103.978318247001,104.97585167384,105.973385100678,
106.970918527517,107.968451954356,108.965985381194,109.963518808033,110.961052234872,
111.95858566171,112.956119088549,113.953652515388,114.951185942226,115.948719369065,
116.946252795904,117.943786222742,118.941319649581,119.938853076419,120.936386503258,
121.933919930097,122.931453356935,123.928986783774,124.926520210613,125.924053637451,
126.92158706429,127.919120491129,128.916653917967,129.914187344806,130.911720771645,
131.909254198483,132.906787625322,133.904321052161,134.901854478999,135.899387905838,
136.896921332677,137.894454759515),.UNSPECIFIED.);
#24=B_SPLINE_SURFACE_WITH_KNOTS('',3,3,((#9498,#9499,#9500,#9501,#9502,
#9503,#9504,#9505,#9506,#9507,#9508,#9509,#9510,#9511,#9512,#9513,#9514,
#9515,#9516,#9517,#9518,#9519,#9520,#9521,#9522,#9523,#9524,#9525,#9526,
#9527,#9528,#9529,#9530,#9531,#9532,#9533,#9534,#9535,#9536,#9537,#9538,
#9539,#9540,#9541,#9542,#9543,#9544,#9545,#9546,#9547,#9548,#9549,#9550,
#9551,#9552,#9553,#9554,#9555,#9556,#9557,#9558,#9559,#9560,#9561,#9562,
#9563,#9564,#9565,#9566,#9567,#9568,#9569,#9570,#9571,#9572,#9573,#9574,
#9575,#9576,#9577,#9578,#9579,#9580,#9581,#9582,#9583,#9584,#9585,#9586,
#9587,#9588,#9589,#9590,#9591,#9592,#9593,#9594,#9595,#9596,#9597,#9598,
#9599,#9600,#9601,#9602,#9603,#9604,#9605,#9606,#9607,#9608,#9609,#9610,
#9611,#9612,#9613,#9614,#9615,#9616,#9617,#9618,#9619,#9620,#9621,#9622,
#9623,#9624,#9625,#9626,#9627,#9628),(#9629,#9630,#9631,#9632,#9633,#9634,
#9635,#9636,#9637,#9638,#9639,#9640,#9641,#9642,#9643,#9644,#9645,#9646,
#9647,#9648,#9649,#9650,#9651,#9652,#9653,#9654,#9655,#9656,#9657,#9658,
#9659,#9660,#9661,#9662,#9663,#9664,#9665,#9666,#9667,#9668,#9669,#9670,
#9671,#9672,#9673,#9674,#9675,#9676,#9677,#9678,#9679,#9680,#9681,#9682,
#9683,#9684,#9685,#9686,#9687,#9688,#9689,#9690,#9691,#9692,#9693,#9694,
#9695,#9696,#9697,#9698,#9699,#9700,#9701,#9702,#9703,#9704,#9705,#9706,
#9707,#9708,#9709,#9710,#9711,#9712,#9713,#9714,#9715,#9716,#9717,#9718,
#9719,#9720,#9721,#9722,#9723,#9724,#9725,#9726,#9727,#9728,#9729,#9730,
#9731,#9732,#9733,#9734,#9735,#9736,#9737,#9738,#9739,#9740,#9741,#9742,
#9743,#9744,#9745,#9746,#9747,#9748,#9749,#9750,#9751,#9752,#9753,#9754,
#9755,#9756,#9757,#9758,#9759),(#9760,#9761,#9762,#9763,#9764,#9765,#9766,
#9767,#9768,#9769,#9770,#9771,#9772,#9773,#9774,#9775,#9776,#9777,#9778,
#9779,#9780,#9781,#9782,#9783,#9784,#9785,#9786,#9787,#9788,#9789,#9790,
#9791,#9792,#9793,#9794,#9795,#9796,#9797,#9798,#9799,#9800,#9801,#9802,
#9803,#9804,#9805,#9806,#9807,#9808,#9809,#9810,#9811,#9812,#9813,#9814,
#9815,#9816,#9817,#9818,#9819,#9820,#9821,#9822,#9823,#9824,#9825,#9826,
#9827,#9828,#9829,#9830,#9831,#9832,#9833,#9834,#9835,#9836,#9837,#9838,
#9839,#9840,#9841,#9842,#9843,#9844,#9845,#9846,#9847,#9848,#9849,#9850,
#9851,#9852,#9853,#9854,#9855,#9856,#9857,#9858,#9859,#9860,#9861,#9862,
#9863,#9864,#9865,#9866,#9867,#9868,#9869,#9870,#9871,#9872,#9873,#9874,
#9875,#9876,#9877,#9878,#9879,#9880,#9881,#9882,#9883,#9884,#9885,#9886,
#9887,#9888,#9889,#9890),(#9891,#9892,#9893,#9894,#9895,#9896,#9897,#9898,
#9899,#9900,#9901,#9902,#9903,#9904,#9905,#9906,#9907,#9908,#9909,#9910,
#9911,#9912,#9913,#9914,#9915,#9916,#9917,#9918,#9919,#9920,#9921,#9922,
#9923,#9924,#9925,#9926,#9927,#9928,#9929,#9930,#9931,#9932,#9933,#9934,
#9935,#9936,#9937,#9938,#9939,#9940,#9941,#9942,#9943,#9944,#9945,#9946,
#9947,#9948,#9949,#9950,#9951,#9952,#9953,#9954,#9955,#9956,#9957,#9958,
#9959,#9960,#9961,#9962,#9963,#9964,#9965,#9966,#9967,#9968,#9969,#9970,
#9971,#9972,#9973,#9974,#9975,#9976,#9977,#9978,#9979,#9980,#9981,#9982,
#9983,#9984,#9985,#9986,#9987,#9988,#9989,#9990,#9991,#9992,#9993,#9994,
#9995,#9996,#9997,#9998,#9999,#10000,#10001,#10002,#10003,#10004,#10005,
#10006,#10007,#10008,#10009,#10010,#10011,#10012,#10013,#10014,#10015,#10016,
#10017,#10018,#10019,#10020,#10021)),.UNSPECIFIED.,.F.,.F.,.F.,(4,4),(4,
1,1,1,1,1,1,1,1,1,1,1,1,1,1,1,1,1,1,1,1,1,1,1,1,1,1,1,1,1,1,1,1,1,1,1,1,
1,1,1,1,1,1,1,1,1,1,1,1,1,1,1,1,1,1,1,1,1,1,1,1,1,1,1,1,1,1,1,1,1,1,1,1,
1,1,1,1,1,1,1,1,1,1,1,1,1,1,1,1,1,1,1,1,1,1,1,1,1,1,1,1,1,1,1,1,1,1,1,1,
1,1,1,1,1,1,1,1,1,1,1,1,1,1,1,1,1,1,1,4),(0.,0.0321584099938621),(13.687390776192,
14.6849242030306,15.6824576298693,16.679991056708,17.6775244835466,18.6750579103853,
19.6725913372239,20.6701247640626,21.6676581909013,22.6651916177399,23.6627250445786,
24.6602584714173,25.6577918982559,26.6553253250946,27.6528587519332,28.6503921787719,
29.6479256056106,30.6454590324492,31.6429924592879,32.6405258861265,33.6380593129652,
34.6355927398039,35.6331261666425,36.6306595934812,37.6281930203198,38.6257264471585,
39.6232598739972,40.6207933008358,41.6183267276745,42.6158601545132,43.6133935813518,
44.6109270081905,45.6084604350291,46.6059938618678,47.6035272887065,48.6010607155451,
49.5985941423838,50.5961275692224,51.5936609960611,52.5911944228998,53.5887278497384,
54.5862612765771,55.5837947034157,56.5813281302544,57.5788615570931,58.5763949839317,
59.5739284107704,60.5714618376091,61.5689952644477,62.5665286912864,63.564062118125,
64.5615955449637,65.5591289718024,66.556662398641,67.5541958254797,68.5517292523184,
69.549262679157,70.5467961059957,71.5443295328343,72.541862959673,73.5393963865117,
74.5369298133503,75.534463240189,76.5319966670276,77.5295300938663,78.527063520705,
79.5245969475436,80.5221303743823,81.5196638012209,82.5171972280596,83.5147306548983,
84.5122640817369,85.5097975085756,86.5073309354142,87.5048643622529,88.5023977890916,
89.4999312159302,90.4974646427689,91.4949980696076,92.4925314964462,93.4900649232849,
94.4875983501235,95.4851317769622,96.4826652038009,97.4801986306395,98.4777320574782,
99.4752654843169,100.472798911156,101.470332337994,102.467865764833,103.465399191671,
104.46293261851,105.460466045349,106.457999472187,107.455532899026,108.453066325865,
109.450599752703,110.448133179542,111.445666606381,112.443200033219,113.440733460058,
114.438266886897,115.435800313735,116.433333740574,117.430867167413,118.428400594251,
119.42593402109,120.423467447929,121.421000874767,122.418534301606,123.416067728445,
124.413601155283,125.411134582122,126.408668008961,127.406201435799,128.403734862638,
129.401268289477,130.398801716315,131.396335143154,132.393868569993,133.391401996831,
134.38893542367,135.386468850509,136.384002277347,137.381535704186,138.379069131025,
139.376602557863,140.374135984702,141.371669411541),.UNSPECIFIED.);
#25=B_SPLINE_SURFACE_WITH_KNOTS('',3,3,((#10660,#10661,#10662,#10663,#10664,
#10665,#10666,#10667,#10668,#10669,#10670,#10671,#10672,#10673,#10674,#10675,
#10676,#10677,#10678,#10679,#10680,#10681,#10682,#10683,#10684,#10685,#10686,
#10687,#10688,#10689,#10690,#10691,#10692,#10693,#10694,#10695,#10696,#10697,
#10698,#10699,#10700,#10701,#10702,#10703,#10704,#10705,#10706,#10707,#10708,
#10709,#10710,#10711,#10712,#10713,#10714,#10715,#10716,#10717,#10718,#10719,
#10720,#10721,#10722,#10723,#10724,#10725,#10726,#10727,#10728,#10729,#10730,
#10731,#10732,#10733,#10734,#10735,#10736,#10737,#10738,#10739,#10740,#10741,
#10742,#10743,#10744,#10745,#10746,#10747,#10748,#10749,#10750,#10751,#10752,
#10753,#10754,#10755,#10756,#10757,#10758,#10759,#10760,#10761,#10762,#10763,
#10764,#10765,#10766,#10767,#10768,#10769,#10770,#10771,#10772,#10773,#10774,
#10775,#10776,#10777,#10778,#10779,#10780,#10781,#10782,#10783,#10784,#10785,
#10786,#10787,#10788,#10789,#10790),(#10791,#10792,#10793,#10794,#10795,
#10796,#10797,#10798,#10799,#10800,#10801,#10802,#10803,#10804,#10805,#10806,
#10807,#10808,#10809,#10810,#10811,#10812,#10813,#10814,#10815,#10816,#10817,
#10818,#10819,#10820,#10821,#10822,#10823,#10824,#10825,#10826,#10827,#10828,
#10829,#10830,#10831,#10832,#10833,#10834,#10835,#10836,#10837,#10838,#10839,
#10840,#10841,#10842,#10843,#10844,#10845,#10846,#10847,#10848,#10849,#10850,
#10851,#10852,#10853,#10854,#10855,#10856,#10857,#10858,#10859,#10860,#10861,
#10862,#10863,#10864,#10865,#10866,#10867,#10868,#10869,#10870,#10871,#10872,
#10873,#10874,#10875,#10876,#10877,#10878,#10879,#10880,#10881,#10882,#10883,
#10884,#10885,#10886,#10887,#10888,#10889,#10890,#10891,#10892,#10893,#10894,
#10895,#10896,#10897,#10898,#10899,#10900,#10901,#10902,#10903,#10904,#10905,
#10906,#10907,#10908,#10909,#10910,#10911,#10912,#10913,#10914,#10915,#10916,
#10917,#10918,#10919,#10920,#10921),(#10922,#10923,#10924,#10925,#10926,
#10927,#10928,#10929,#10930,#10931,#10932,#10933,#10934,#10935,#10936,#10937,
#10938,#10939,#10940,#10941,#10942,#10943,#10944,#10945,#10946,#10947,#10948,
#10949,#10950,#10951,#10952,#10953,#10954,#10955,#10956,#10957,#10958,#10959,
#10960,#10961,#10962,#10963,#10964,#10965,#10966,#10967,#10968,#10969,#10970,
#10971,#10972,#10973,#10974,#10975,#10976,#10977,#10978,#10979,#10980,#10981,
#10982,#10983,#10984,#10985,#10986,#10987,#10988,#10989,#10990,#10991,#10992,
#10993,#10994,#10995,#10996,#10997,#10998,#10999,#11000,#11001,#11002,#11003,
#11004,#11005,#11006,#11007,#11008,#11009,#11010,#11011,#11012,#11013,#11014,
#11015,#11016,#11017,#11018,#11019,#11020,#11021,#11022,#11023,#11024,#11025,
#11026,#11027,#11028,#11029,#11030,#11031,#11032,#11033,#11034,#11035,#11036,
#11037,#11038,#11039,#11040,#11041,#11042,#11043,#11044,#11045,#11046,#11047,
#11048,#11049,#11050,#11051,#11052),(#11053,#11054,#11055,#11056,#11057,
#11058,#11059,#11060,#11061,#11062,#11063,#11064,#11065,#11066,#11067,#11068,
#11069,#11070,#11071,#11072,#11073,#11074,#11075,#11076,#11077,#11078,#11079,
#11080,#11081,#11082,#11083,#11084,#11085,#11086,#11087,#11088,#11089,#11090,
#11091,#11092,#11093,#11094,#11095,#11096,#11097,#11098,#11099,#11100,#11101,
#11102,#11103,#11104,#11105,#11106,#11107,#11108,#11109,#11110,#11111,#11112,
#11113,#11114,#11115,#11116,#11117,#11118,#11119,#11120,#11121,#11122,#11123,
#11124,#11125,#11126,#11127,#11128,#11129,#11130,#11131,#11132,#11133,#11134,
#11135,#11136,#11137,#11138,#11139,#11140,#11141,#11142,#11143,#11144,#11145,
#11146,#11147,#11148,#11149,#11150,#11151,#11152,#11153,#11154,#11155,#11156,
#11157,#11158,#11159,#11160,#11161,#11162,#11163,#11164,#11165,#11166,#11167,
#11168,#11169,#11170,#11171,#11172,#11173,#11174,#11175,#11176,#11177,#11178,
#11179,#11180,#11181,#11182,#11183)),.UNSPECIFIED.,.F.,.F.,.F.,(4,4),(4,
1,1,1,1,1,1,1,1,1,1,1,1,1,1,1,1,1,1,1,1,1,1,1,1,1,1,1,1,1,1,1,1,1,1,1,1,
1,1,1,1,1,1,1,1,1,1,1,1,1,1,1,1,1,1,1,1,1,1,1,1,1,1,1,1,1,1,1,1,1,1,1,1,
1,1,1,1,1,1,1,1,1,1,1,1,1,1,1,1,1,1,1,1,1,1,1,1,1,1,1,1,1,1,1,1,1,1,1,1,
1,1,1,1,1,1,1,1,1,1,1,1,1,1,1,1,1,1,1,4),(0.,0.0321584099938629),(10.2101761241668,
11.2077095510054,12.2052429778441,13.2027764046828,14.2003098315214,15.1978432583601,
16.1953766851987,17.1929101120374,18.1904435388761,19.1879769657147,20.1855103925534,
21.1830438193921,22.1805772462307,23.1781106730694,24.175644099908,25.1731775267467,
26.1707109535854,27.168244380424,28.1657778072627,29.1633112341013,30.16084466094,
31.1583780877787,32.1559115146173,33.153444941456,34.1509783682946,35.1485117951333,
36.146045221972,37.1435786488106,38.1411120756493,39.138645502488,40.1361789293266,
41.1337123561653,42.1312457830039,43.1287792098426,44.1263126366813,45.1238460635199,
46.1213794903586,47.1189129171972,48.1164463440359,49.1139797708746,50.1115131977132,
51.1090466245519,52.1065800513906,53.1041134782292,54.1016469050679,55.0991803319065,
56.0967137587452,57.0942471855839,58.0917806124225,59.0893140392612,60.0868474660998,
61.0843808929385,62.0819143197772,63.0794477466158,64.0769811734545,65.0745146002932,
66.0720480271318,67.0695814539705,68.0671148808091,69.0646483076478,70.0621817344865,
71.0597151613251,72.0572485881638,73.0547820150024,74.0523154418411,75.0498488686798,
76.0473822955184,77.0449157223571,78.0424491491958,79.0399825760344,80.0375160028731,
81.0350494297117,82.0325828565504,83.0301162833891,84.0276497102277,85.0251831370664,
86.022716563905,87.0202499907437,88.0177834175824,89.015316844421,90.0128502712597,
91.0103836980984,92.007917124937,93.0054505517757,94.0029839786143,95.000517405453,
95.9980508322917,96.9955842591303,97.993117685969,98.9906511128076,99.9881845396463,
100.985717966485,101.983251393324,102.980784820162,103.978318247001,104.97585167384,
105.973385100678,106.970918527517,107.968451954356,108.965985381194,109.963518808033,
110.961052234872,111.95858566171,112.956119088549,113.953652515388,114.951185942226,
115.948719369065,116.946252795904,117.943786222742,118.941319649581,119.93885307642,
120.936386503258,121.933919930097,122.931453356936,123.928986783774,124.926520210613,
125.924053637452,126.92158706429,127.919120491129,128.916653917967,129.914187344806,
130.911720771645,131.909254198483,132.906787625322,133.904321052161,134.901854478999,
135.899387905838,136.896921332677,137.894454759515),.UNSPECIFIED.);
#26=B_SPLINE_SURFACE_WITH_KNOTS('',3,3,((#11563,#11564,#11565,#11566,#11567,
#11568,#11569,#11570,#11571,#11572,#11573,#11574,#11575,#11576,#11577,#11578,
#11579,#11580,#11581,#11582,#11583,#11584,#11585,#11586,#11587,#11588,#11589,
#11590,#11591,#11592,#11593,#11594,#11595,#11596,#11597,#11598,#11599,#11600,
#11601,#11602,#11603,#11604,#11605,#11606,#11607,#11608,#11609,#11610,#11611,
#11612,#11613,#11614,#11615,#11616,#11617,#11618,#11619,#11620,#11621,#11622,
#11623,#11624,#11625,#11626,#11627,#11628,#11629,#11630,#11631,#11632,#11633,
#11634,#11635,#11636,#11637,#11638,#11639,#11640,#11641,#11642,#11643,#11644,
#11645,#11646,#11647,#11648,#11649,#11650,#11651,#11652,#11653,#11654,#11655,
#11656,#11657,#11658,#11659,#11660,#11661,#11662,#11663,#11664,#11665,#11666,
#11667,#11668,#11669,#11670,#11671,#11672,#11673,#11674,#11675,#11676,#11677,
#11678,#11679,#11680,#11681,#11682,#11683,#11684,#11685,#11686,#11687,#11688,
#11689,#11690,#11691,#11692,#11693),(#11694,#11695,#11696,#11697,#11698,
#11699,#11700,#11701,#11702,#11703,#11704,#11705,#11706,#11707,#11708,#11709,
#11710,#11711,#11712,#11713,#11714,#11715,#11716,#11717,#11718,#11719,#11720,
#11721,#11722,#11723,#11724,#11725,#11726,#11727,#11728,#11729,#11730,#11731,
#11732,#11733,#11734,#11735,#11736,#11737,#11738,#11739,#11740,#11741,#11742,
#11743,#11744,#11745,#11746,#11747,#11748,#11749,#11750,#11751,#11752,#11753,
#11754,#11755,#11756,#11757,#11758,#11759,#11760,#11761,#11762,#11763,#11764,
#11765,#11766,#11767,#11768,#11769,#11770,#11771,#11772,#11773,#11774,#11775,
#11776,#11777,#11778,#11779,#11780,#11781,#11782,#11783,#11784,#11785,#11786,
#11787,#11788,#11789,#11790,#11791,#11792,#11793,#11794,#11795,#11796,#11797,
#11798,#11799,#11800,#11801,#11802,#11803,#11804,#11805,#11806,#11807,#11808,
#11809,#11810,#11811,#11812,#11813,#11814,#11815,#11816,#11817,#11818,#11819,
#11820,#11821,#11822,#11823,#11824),(#11825,#11826,#11827,#11828,#11829,
#11830,#11831,#11832,#11833,#11834,#11835,#11836,#11837,#11838,#11839,#11840,
#11841,#11842,#11843,#11844,#11845,#11846,#11847,#11848,#11849,#11850,#11851,
#11852,#11853,#11854,#11855,#11856,#11857,#11858,#11859,#11860,#11861,#11862,
#11863,#11864,#11865,#11866,#11867,#11868,#11869,#11870,#11871,#11872,#11873,
#11874,#11875,#11876,#11877,#11878,#11879,#11880,#11881,#11882,#11883,#11884,
#11885,#11886,#11887,#11888,#11889,#11890,#11891,#11892,#11893,#11894,#11895,
#11896,#11897,#11898,#11899,#11900,#11901,#11902,#11903,#11904,#11905,#11906,
#11907,#11908,#11909,#11910,#11911,#11912,#11913,#11914,#11915,#11916,#11917,
#11918,#11919,#11920,#11921,#11922,#11923,#11924,#11925,#11926,#11927,#11928,
#11929,#11930,#11931,#11932,#11933,#11934,#11935,#11936,#11937,#11938,#11939,
#11940,#11941,#11942,#11943,#11944,#11945,#11946,#11947,#11948,#11949,#11950,
#11951,#11952,#11953,#11954,#11955),(#11956,#11957,#11958,#11959,#11960,
#11961,#11962,#11963,#11964,#11965,#11966,#11967,#11968,#11969,#11970,#11971,
#11972,#11973,#11974,#11975,#11976,#11977,#11978,#11979,#11980,#11981,#11982,
#11983,#11984,#11985,#11986,#11987,#11988,#11989,#11990,#11991,#11992,#11993,
#11994,#11995,#11996,#11997,#11998,#11999,#12000,#12001,#12002,#12003,#12004,
#12005,#12006,#12007,#12008,#12009,#12010,#12011,#12012,#12013,#12014,#12015,
#12016,#12017,#12018,#12019,#12020,#12021,#12022,#12023,#12024,#12025,#12026,
#12027,#12028,#12029,#12030,#12031,#12032,#12033,#12034,#12035,#12036,#12037,
#12038,#12039,#12040,#12041,#12042,#12043,#12044,#12045,#12046,#12047,#12048,
#12049,#12050,#12051,#12052,#12053,#12054,#12055,#12056,#12057,#12058,#12059,
#12060,#12061,#12062,#12063,#12064,#12065,#12066,#12067,#12068,#12069,#12070,
#12071,#12072,#12073,#12074,#12075,#12076,#12077,#12078,#12079,#12080,#12081,
#12082,#12083,#12084,#12085,#12086)),.UNSPECIFIED.,.F.,.F.,.F.,(4,4),(4,
1,1,1,1,1,1,1,1,1,1,1,1,1,1,1,1,1,1,1,1,1,1,1,1,1,1,1,1,1,1,1,1,1,1,1,1,
1,1,1,1,1,1,1,1,1,1,1,1,1,1,1,1,1,1,1,1,1,1,1,1,1,1,1,1,1,1,1,1,1,1,1,1,
1,1,1,1,1,1,1,1,1,1,1,1,1,1,1,1,1,1,1,1,1,1,1,1,1,1,1,1,1,1,1,1,1,1,1,1,
1,1,1,1,1,1,1,1,1,1,1,1,1,1,1,1,1,1,1,4),(0.,0.0321584099938629),(13.687390776192,
14.6849242030306,15.6824576298693,16.679991056708,17.6775244835466,18.6750579103853,
19.672591337224,20.6701247640626,21.6676581909013,22.6651916177399,23.6627250445786,
24.6602584714173,25.6577918982559,26.6553253250946,27.6528587519332,28.6503921787719,
29.6479256056106,30.6454590324492,31.6429924592879,32.6405258861266,33.6380593129652,
34.6355927398039,35.6331261666425,36.6306595934812,37.6281930203199,38.6257264471585,
39.6232598739972,40.6207933008358,41.6183267276745,42.6158601545132,43.6133935813518,
44.6109270081905,45.6084604350292,46.6059938618678,47.6035272887065,48.6010607155451,
49.5985941423838,50.5961275692225,51.5936609960611,52.5911944228998,53.5887278497384,
54.5862612765771,55.5837947034158,56.5813281302544,57.5788615570931,58.5763949839317,
59.5739284107704,60.5714618376091,61.5689952644477,62.5665286912864,63.5640621181251,
64.5615955449637,65.5591289718024,66.5566623986411,67.5541958254797,68.5517292523184,
69.549262679157,70.5467961059957,71.5443295328344,72.541862959673,73.5393963865117,
74.5369298133503,75.534463240189,76.5319966670277,77.5295300938663,78.527063520705,
79.5245969475437,80.5221303743823,81.519663801221,82.5171972280596,83.5147306548983,
84.512264081737,85.5097975085756,86.5073309354143,87.5048643622529,88.5023977890916,
89.4999312159303,90.4974646427689,91.4949980696076,92.4925314964462,93.4900649232849,
94.4875983501236,95.4851317769622,96.4826652038009,97.4801986306396,98.4777320574782,
99.4752654843169,100.472798911156,101.470332337994,102.467865764833,103.465399191672,
104.46293261851,105.460466045349,106.457999472188,107.455532899026,108.453066325865,
109.450599752703,110.448133179542,111.445666606381,112.443200033219,113.440733460058,
114.438266886897,115.435800313735,116.433333740574,117.430867167413,118.428400594251,
119.42593402109,120.423467447929,121.421000874767,122.418534301606,123.416067728445,
124.413601155283,125.411134582122,126.408668008961,127.406201435799,128.403734862638,
129.401268289477,130.398801716315,131.396335143154,132.393868569993,133.391401996831,
134.38893542367,135.386468850509,136.384002277347,137.381535704186,138.379069131025,
139.376602557863,140.374135984702,141.371669411541),.UNSPECIFIED.);
#27=SPHERICAL_SURFACE('',#3626,0.800000000000001);
#28=SPHERICAL_SURFACE('',#3632,0.800000000000001);
#29=SPHERICAL_SURFACE('',#3649,0.8);
#30=SPHERICAL_SURFACE('',#3652,0.8);
#31=SPHERICAL_SURFACE('',#3659,0.800000000000001);
#32=SPHERICAL_SURFACE('',#3667,0.800000000000001);
#33=SPHERICAL_SURFACE('',#3682,0.8);
#34=SPHERICAL_SURFACE('',#3685,0.8);
#35=CONICAL_SURFACE('',#3595,1.1,0.785398163397437);
#36=CONICAL_SURFACE('',#3607,1.1,0.785398163397437);
#37=CONICAL_SURFACE('',#3615,1.1,0.785398163397437);
#38=ELLIPSE('',#3465,1.41421356237318,1.);
#39=ELLIPSE('',#3516,1.41421356237319,1.);
#40=ELLIPSE('',#3651,1.61516471325687,1.60169959847148);
#41=ELLIPSE('',#3684,1.61516471325339,1.60169959846379);
#42=B_SPLINE_CURVE_WITH_KNOTS('',3,(#5116,#5117,#5118,#5119,#5120,#5121,
#5122,#5123,#5124,#5125,#5126,#5127,#5128,#5129,#5130,#5131,#5132,#5133),
 .UNSPECIFIED.,.F.,.F.,(4,2,2,2,2,2,2,2,4),(-0.00187588124219859,0.,0.0431346508209578,
0.16256943561074,0.245822564493605,0.329075693376519,0.448510478167307,
0.491645129030004,0.493521010265371),.UNSPECIFIED.);
#43=B_SPLINE_CURVE_WITH_KNOTS('',3,(#5142,#5143,#5144,#5145,#5146,#5147,
#5148,#5149,#5150,#5151,#5152,#5153,#5154,#5155,#5156,#5157,#5158,#5159),
 .UNSPECIFIED.,.F.,.F.,(4,2,2,2,2,2,2,2,4),(-0.00187588141002421,0.,0.0431346517112147,
0.162569441234973,0.245822573396953,0.329075705558964,0.448510495083119,
0.491645146809549,0.493521028218603),.UNSPECIFIED.);
#44=B_SPLINE_CURVE_WITH_KNOTS('',3,(#5172,#5173,#5174,#5175,#5176,#5177,
#5178,#5179,#5180,#5181,#5182,#5183,#5184,#5185,#5186,#5187,#5188,#5189),
 .UNSPECIFIED.,.F.,.F.,(4,2,2,2,2,2,2,2,4),(-0.00174667459394825,0.,0.0400889432942423,
0.0988081092462254,0.140385202768469,0.181962296290732,0.240681462242856,
0.280770405502369,0.28251708009887),.UNSPECIFIED.);
#45=B_SPLINE_CURVE_WITH_KNOTS('',3,(#5193,#5194,#5195,#5196,#5197,#5198,
#5199,#5200,#5201,#5202,#5203,#5204,#5205,#5206),.UNSPECIFIED.,.F.,.F.,
(4,2,2,2,2,2,4),(-0.438216315435558,-0.437668976566412,-0.379708737343996,
-0.319442816399939,-0.276903999632585,-0.247254780313351,-0.226081889319741),
 .UNSPECIFIED.);
#46=B_SPLINE_CURVE_WITH_KNOTS('',3,(#5210,#5211,#5212,#5213,#5214,#5215,
#5216,#5217,#5218,#5219,#5220,#5221,#5222,#5223),.UNSPECIFIED.,.F.,.F.,
(4,2,2,2,2,2,4),(-0.47334777433871,-0.472702387517649,-0.413156686745761,
-0.350723582773943,-0.298918301114063,-0.264244243702693,-0.236351193611602),
 .UNSPECIFIED.);
#47=B_SPLINE_CURVE_WITH_KNOTS('',3,(#5228,#5229,#5230,#5231,#5232,#5233,
#5234,#5235,#5236,#5237,#5238,#5239,#5240,#5241),.UNSPECIFIED.,.F.,.F.,
(4,2,2,2,2,2,4),(-0.438216313812591,-0.437668974949382,-0.379708735811606,
-0.319442815135388,-0.276903998521587,-0.247254779314253,-0.226081888381733),
 .UNSPECIFIED.);
#48=B_SPLINE_CURVE_WITH_KNOTS('',3,(#5244,#5245,#5246,#5247,#5248,#5249,
#5250,#5251,#5252,#5253,#5254,#5255,#5256,#5257),.UNSPECIFIED.,.F.,.F.,
(4,2,2,2,2,2,4),(-0.420038397635329,-0.41949089199821,-0.395623402463019,
-0.322926577922754,-0.269571259671106,-0.235381757752881,-0.214906631063688),
 .UNSPECIFIED.);
#49=B_SPLINE_CURVE_WITH_KNOTS('',3,(#5261,#5262,#5263,#5264,#5265,#5266,
#5267,#5268,#5269,#5270,#5271,#5272,#5273,#5274,#5275,#5276),
 .UNSPECIFIED.,.F.,.F.,(4,2,2,2,2,2,2,4),(-0.46884972075775,-0.468196648184022,
-0.462625118923745,-0.380358219494063,-0.307384291901049,-0.263029548931687,
-0.231748315890011,-0.228225807444713),.UNSPECIFIED.);
#50=B_SPLINE_CURVE_WITH_KNOTS('',3,(#5279,#5280,#5281,#5282,#5283,#5284,
#5285,#5286,#5287,#5288,#5289,#5290,#5291,#5292),.UNSPECIFIED.,.F.,.F.,
(4,2,2,2,2,2,4),(-0.473347771654323,-0.472702384832566,-0.413156684600587,
-0.350723580976965,-0.298918299606415,-0.264244242388912,-0.236351192453903),
 .UNSPECIFIED.);
#51=B_SPLINE_CURVE_WITH_KNOTS('',3,(#5305,#5306,#5307,#5308,#5309,#5310,
#5311,#5312,#5313,#5314,#5315,#5316,#5317,#5318),.UNSPECIFIED.,.F.,.F.,
(4,2,2,2,2,2,4),(-0.338278242319088,-0.337771714453329,-0.297720446106088,
-0.258293011043768,-0.219364772246348,-0.183125884847018,-0.168892374668511),
 .UNSPECIFIED.);
#52=B_SPLINE_CURVE_WITH_KNOTS('',3,(#5327,#5328,#5329,#5330,#5331,#5332,
#5333,#5334,#5335,#5336,#5337,#5338,#5339,#5340),.UNSPECIFIED.,.F.,.F.,
(4,2,2,2,2,2,4),(-0.000506639797155685,0.,0.0400601188112715,0.0794962664753938,
0.118433107563087,0.154680002964791,0.16891665843807),.UNSPECIFIED.);
#53=B_SPLINE_CURVE_WITH_KNOTS('',3,(#5394,#5395,#5396,#5397,#5398,#5399,
#5400,#5401,#5402,#5403,#5404,#5405,#5406,#5407),.UNSPECIFIED.,.F.,.F.,
(4,2,2,2,2,2,4),(-0.438216313023176,-0.437668974152451,-0.379708735421563,
-0.319442814786622,-0.27690399823663,-0.247254779068189,-0.226081888182452),
 .UNSPECIFIED.);
#54=B_SPLINE_CURVE_WITH_KNOTS('',3,(#5410,#5411,#5412,#5413,#5414,#5415,
#5416,#5417,#5418,#5419,#5420,#5421,#5422,#5423),.UNSPECIFIED.,.F.,.F.,
(4,2,2,2,2,2,4),(-0.420038394036467,-0.419490888398558,-0.395623399183495,
-0.322926575285293,-0.269571257504777,-0.235381755888416,-0.214906629380055),
 .UNSPECIFIED.);
#55=B_SPLINE_CURVE_WITH_KNOTS('',3,(#5458,#5459,#5460,#5461,#5462,#5463,
#5464,#5465,#5466,#5467,#5468,#5469,#5470,#5471,#5472,#5473),
 .UNSPECIFIED.,.F.,.F.,(4,2,2,2,2,2,2,4),(-0.468849724163299,-0.468196651595149,
-0.462625122275897,-0.380358222220132,-0.307384294055891,-0.263029550740357,
-0.231748317455707,-0.228225808978675),.UNSPECIFIED.);
#56=B_SPLINE_CURVE_WITH_KNOTS('',3,(#5476,#5477,#5478,#5479,#5480,#5481,
#5482,#5483,#5484,#5485,#5486,#5487,#5488,#5489),.UNSPECIFIED.,.F.,.F.,
(4,2,2,2,2,2,4),(-0.473347777017208,-0.472702390196216,-0.413156688917245,
-0.350723584591928,-0.298918302638833,-0.264244245031145,-0.236351194782528),
 .UNSPECIFIED.);
#57=B_SPLINE_CURVE_WITH_KNOTS('',3,(#5635,#5636,#5637,#5638,#5639,#5640),
 .UNSPECIFIED.,.F.,.F.,(4,2,4),(-0.198803678793195,-0.198123006376387,-0.13094425684568),
 .UNSPECIFIED.);
#58=B_SPLINE_CURVE_WITH_KNOTS('',3,(#5642,#5643,#5644,#5645,#5646,#5647,
#5648,#5649,#5650,#5651,#5652,#5653,#5654,#5655),.UNSPECIFIED.,.F.,.F.,
(4,2,2,2,2,2,4),(0.,0.0146679113884459,0.0290647397789469,0.0425321973547509,
0.0617966161181133,0.0885926748574055,0.106010664405117),.UNSPECIFIED.);
#59=B_SPLINE_CURVE_WITH_KNOTS('',3,(#5663,#5664,#5665,#5666,#5667,#5668,
#5669,#5670,#5671,#5672,#5673,#5674,#5675,#5676),.UNSPECIFIED.,.F.,.F.,
(4,2,2,2,2,2,4),(0.,0.0421622447314386,0.101088915654138,0.143726488660055,
0.182840844237089,0.218582446002322,0.249841488227264),.UNSPECIFIED.);
#60=B_SPLINE_CURVE_WITH_KNOTS('',3,(#5677,#5678,#5679,#5680,#5681,#5682),
 .UNSPECIFIED.,.F.,.F.,(4,2,4),(-0.0610316421403886,0.,0.000618134625961935),
 .UNSPECIFIED.);
#61=B_SPLINE_CURVE_WITH_KNOTS('',3,(#5689,#5690,#5691,#5692,#5693,#5694,
#5695,#5696,#5697,#5698,#5699,#5700,#5701,#5702,#5703,#5704,#5705,#5706,
#5707,#5708,#5709,#5710,#5711,#5712,#5713,#5714,#5715,#5716,#5717,#5718,
#5719,#5720,#5721,#5722,#5723,#5724,#5725,#5726,#5727,#5728,#5729,#5730,
#5731,#5732,#5733,#5734,#5735,#5736,#5737,#5738,#5739,#5740,#5741,#5742,
#5743,#5744,#5745,#5746,#5747,#5748,#5749,#5750,#5751,#5752,#5753,#5754,
#5755,#5756,#5757,#5758,#5759,#5760,#5761,#5762,#5763,#5764,#5765,#5766,
#5767),.UNSPECIFIED.,.F.,.F.,(4,3,3,3,3,3,3,3,3,3,3,3,3,3,3,3,3,3,3,3,3,
3,3,3,3,3,4),(0.,0.0151321838763536,0.0309477122078214,0.0438273361756043,
0.0499112108683387,0.0529396809910498,0.0692629148823415,0.0859225018161881,
0.0979380523496622,0.101674711784355,0.104347933476783,0.121427750436782,
0.133984703950085,0.15063284570699,0.155399695188517,0.158505704346319,
0.175529120035787,0.192961718455969,0.203992656068251,0.212557843796476,
0.215902671482007,0.23222930845006,0.244579715557221,0.248838187889822,
0.267046131971947,0.28120921935422,0.285142803995225),.UNSPECIFIED.);
#62=B_SPLINE_CURVE_WITH_KNOTS('',3,(#5771,#5772,#5773,#5774,#5775,#5776,
#5777,#5778,#5779,#5780,#5781,#5782,#5783,#5784,#5785,#5786,#5787,#5788,
#5789,#5790,#5791,#5792,#5793,#5794,#5795,#5796,#5797,#5798,#5799,#5800,
#5801,#5802,#5803,#5804,#5805,#5806,#5807,#5808,#5809,#5810,#5811,#5812,
#5813,#5814,#5815,#5816,#5817,#5818,#5819,#5820,#5821,#5822,#5823,#5824,
#5825,#5826,#5827,#5828,#5829,#5830,#5831,#5832,#5833,#5834,#5835,#5836,
#5837,#5838,#5839,#5840,#5841,#5842,#5843,#5844,#5845,#5846,#5847,#5848,
#5849),.UNSPECIFIED.,.F.,.F.,(4,3,3,3,3,3,3,3,3,3,3,3,3,3,3,3,3,3,3,3,3,
3,3,3,3,3,4),(0.,0.0185411797418597,0.036783883666803,0.0507270779503123,
0.0582855734414476,0.0610423161587892,0.0787982300614112,0.0961921007176591,
0.109226435021964,0.115815564070287,0.118950416051373,0.135787377761979,
0.148329437934877,0.165173976151556,0.169946713171856,0.173002942299443,
0.189771603560393,0.206534049859995,0.216722839899488,0.221996105815473,
0.226247380977959,0.242342845518655,0.253604899228048,0.258172878396706,
0.273629746178637,0.283085743668305,0.286347380332399),.UNSPECIFIED.);
#63=B_SPLINE_CURVE_WITH_KNOTS('',3,(#5854,#5855,#5856,#5857,#5858,#5859,
#5860,#5861,#5862,#5863,#5864,#5865,#5866,#5867,#5868,#5869,#5870,#5871,
#5872,#5873,#5874,#5875,#5876,#5877,#5878,#5879,#5880,#5881,#5882,#5883,
#5884,#5885,#5886,#5887,#5888,#5889,#5890,#5891,#5892,#5893,#5894,#5895,
#5896,#5897,#5898,#5899,#5900,#5901,#5902,#5903,#5904,#5905,#5906,#5907,
#5908,#5909,#5910,#5911,#5912,#5913,#5914,#5915,#5916,#5917,#5918,#5919,
#5920,#5921,#5922,#5923,#5924,#5925,#5926,#5927,#5928,#5929,#5930,#5931,
#5932),.UNSPECIFIED.,.F.,.F.,(4,3,3,3,3,3,3,3,3,3,3,3,3,3,3,3,3,3,3,3,3,
3,3,3,3,3,4),(0.,0.0151350659012167,0.0309526464889481,0.043831653671585,
0.0499292728146394,0.0529429436196445,0.0692681777175424,0.0859302600197358,
0.0979438710023127,0.101622419054866,0.104273183829026,0.121352879586948,
0.133984703950043,0.150631480996438,0.155397311977069,0.158504586906614,
0.175526400424057,0.192958239522419,0.203989612001384,0.212558326612065,
0.215902507749842,0.232229185650915,0.244579281396743,0.248838076898057,
0.267046048665832,0.281209219354137,0.285142803995131),.UNSPECIFIED.);
#64=B_SPLINE_CURVE_WITH_KNOTS('',3,(#5936,#5937,#5938,#5939,#5940,#5941,
#5942,#5943,#5944,#5945,#5946,#5947,#5948,#5949,#5950,#5951,#5952,#5953,
#5954,#5955,#5956,#5957,#5958,#5959,#5960,#5961,#5962,#5963,#5964,#5965,
#5966,#5967,#5968,#5969,#5970,#5971,#5972,#5973,#5974,#5975,#5976,#5977,
#5978,#5979,#5980,#5981,#5982,#5983,#5984,#5985,#5986,#5987,#5988,#5989,
#5990,#5991,#5992,#5993,#5994,#5995,#5996,#5997,#5998,#5999,#6000,#6001,
#6002,#6003,#6004,#6005,#6006,#6007,#6008,#6009,#6010,#6011,#6012,#6013,
#6014),.UNSPECIFIED.,.F.,.F.,(4,3,3,3,3,3,3,3,3,3,3,3,3,3,3,3,3,3,3,3,3,
3,3,3,3,3,4),(0.,0.0185411797418488,0.0367840246086565,0.0507272012744232,
0.0582860094903563,0.0610428595877391,0.0787987738225394,0.0961918520567694,
0.109226248526275,0.115815388490834,0.118950525655255,0.135786757500023,
0.14832943793479,0.165173976151462,0.169946477304905,0.173002753479876,
0.189771494710538,0.206533868929613,0.216723785306313,0.22199608497302,
0.226247148843486,0.242341881543378,0.253603058504698,0.258171985469536,
0.273627549276569,0.283085743668165,0.286347380332267),.UNSPECIFIED.);
#65=B_SPLINE_CURVE_WITH_KNOTS('',3,(#6035,#6036,#6037,#6038,#6039,#6040,
#6041,#6042,#6043,#6044,#6045,#6046,#6047,#6048,#6049,#6050,#6051,#6052,
#6053,#6054,#6055,#6056,#6057),.UNSPECIFIED.,.F.,.F.,(4,2,2,2,2,3,2,2,2,
2,4),(-0.0813745269365229,-0.0703211189182091,-0.0303736416743659,-0.0124190557931556,
-0.00511699667264545,0.,0.00509296061739195,0.0123764953017251,0.0291317939315782,
0.0748578229488646,0.0813769077671987),.UNSPECIFIED.);
#66=B_SPLINE_CURVE_WITH_KNOTS('',3,(#6059,#6060,#6061,#6062,#6063,#6064,
#6065,#6066,#6067,#6068,#6069,#6070,#6071,#6072,#6073,#6074,#6075,#6076),
 .UNSPECIFIED.,.F.,.F.,(4,2,2,2,2,2,2,2,4),(-0.384157470882139,-0.351159141447783,
-0.330566802962731,-0.320201481328458,-0.312675135217489,-0.305010483333542,
-0.293998349331778,-0.269329440795596,-0.241714735175622),.UNSPECIFIED.);
#67=B_SPLINE_CURVE_WITH_KNOTS('',3,(#6093,#6094,#6095,#6096,#6097,#6098,
#6099,#6100,#6101,#6102,#6103,#6104,#6105,#6106,#6107,#6108,#6109,#6110,
#6111,#6112,#6113,#6114,#6115),.UNSPECIFIED.,.F.,.F.,(4,2,2,2,2,3,2,2,2,
2,4),(-0.0813745269306659,-0.0703211189130613,-0.0303736416718814,-0.0124190557919748,
-0.00511699667217734,0.,0.00509296061769482,0.0123764953021877,0.0291317939319429,
0.0748578229487801,0.0813769077670107),.UNSPECIFIED.);
#68=B_SPLINE_CURVE_WITH_KNOTS('',3,(#6122,#6123,#6124,#6125,#6126,#6127,
#6128,#6129,#6130,#6131,#6132,#6133,#6134,#6135,#6136,#6137,#6138,#6139,
#6140,#6141,#6142,#6143,#6144),.UNSPECIFIED.,.F.,.F.,(4,2,2,2,2,3,2,2,2,
2,4),(-0.0813745269206441,-0.0703211189045003,-0.0303736416682979,-0.0124190557906911,
-0.0051169966717916,0.,0.00509296061722209,0.0123764953008888,0.0291317939287127,
0.0748578229404818,0.0813769077580192),.UNSPECIFIED.);
#69=B_SPLINE_CURVE_WITH_KNOTS('',3,(#6151,#6152,#6153,#6154,#6155,#6156,
#6157,#6158,#6159,#6160,#6161,#6162,#6163,#6164,#6165,#6166,#6167,#6168),
 .UNSPECIFIED.,.F.,.F.,(4,2,2,2,2,2,2,2,4),(-0.38415747089486,-0.351159141459786,
-0.330566802974426,-0.320201481339941,-0.312675135228765,-0.30501048334463,
-0.293998349342394,-0.269329440805124,-0.241714735184058),.UNSPECIFIED.);
#70=B_SPLINE_CURVE_WITH_KNOTS('',3,(#6210,#6211,#6212,#6213,#6214,#6215,
#6216,#6217,#6218,#6219,#6220,#6221,#6222,#6223),.UNSPECIFIED.,.F.,.F.,
(4,2,2,2,2,2,4),(-0.160053851122722,-0.159130752166875,-0.141967541694447,
-0.117649091708325,-0.0886117918395786,-0.0588036663620613,-0.038193591195807),
 .UNSPECIFIED.);
#71=B_SPLINE_CURVE_WITH_KNOTS('',3,(#6281,#6282,#6283,#6284,#6285),
 .UNSPECIFIED.,.F.,.F.,(4,1,4),(-0.272423162886042,-0.172253999789485,-0.0788794004575245),
 .UNSPECIFIED.);
#72=B_SPLINE_CURVE_WITH_KNOTS('',3,(#6313,#6314,#6315,#6316),
 .UNSPECIFIED.,.F.,.F.,(4,4),(0.0426600845695845,0.0832326121728375),
 .UNSPECIFIED.);
#73=B_SPLINE_CURVE_WITH_KNOTS('',3,(#6318,#6319,#6320,#6321,#6322,#6323),
 .UNSPECIFIED.,.F.,.F.,(4,1,1,4),(-0.296428952891153,-0.211734966350823,
-0.127040979810494,0.),.UNSPECIFIED.);
#74=B_SPLINE_CURVE_WITH_KNOTS('',3,(#6324,#6325,#6326,#6327),
 .UNSPECIFIED.,.F.,.F.,(4,4),(-0.131863620585992,0.),.UNSPECIFIED.);
#75=B_SPLINE_CURVE_WITH_KNOTS('',3,(#6338,#6339,#6340,#6341,#6342,#6343,
#6344,#6345,#6346,#6347,#6348,#6349,#6350,#6351,#6352,#6353,#6354,#6355,
#6356,#6357,#6358,#6359,#6360,#6361,#6362,#6363,#6364,#6365,#6366,#6367,
#6368,#6369,#6370,#6371,#6372,#6373,#6374,#6375,#6376,#6377,#6378,#6379,
#6380,#6381,#6382,#6383,#6384,#6385,#6386,#6387,#6388,#6389,#6390,#6391,
#6392,#6393,#6394,#6395,#6396,#6397,#6398,#6399,#6400,#6401,#6402,#6403,
#6404,#6405,#6406,#6407,#6408,#6409,#6410,#6411,#6412,#6413,#6414,#6415,
#6416,#6417,#6418,#6419,#6420,#6421,#6422,#6423,#6424,#6425,#6426,#6427,
#6428,#6429,#6430,#6431,#6432,#6433,#6434,#6435,#6436,#6437,#6438,#6439,
#6440),.UNSPECIFIED.,.F.,.F.,(4,3,3,3,3,3,3,3,3,3,3,3,3,3,3,3,3,3,3,3,3,
3,3,3,3,3,3,3,3,3,3,3,3,3,4),(0.,0.0189110026199655,0.0389882896706234,
0.0608200287182552,0.0858442629514357,0.114411629734203,0.139257145067161,
0.160684652743954,0.188179688648536,0.216494232508211,0.248490791868218,
0.283084864082322,0.312990253986982,0.34193670177088,0.380710645333153,
0.421430163422741,0.463433660675001,0.506499874935358,0.550051030939361,
0.593264666586155,0.639990688415844,0.684991852363863,0.728845481061954,
0.772698960209368,0.816478814577119,0.862359110932839,0.884859249198541,
0.910804163912836,0.925949278054286,0.940102092822097,0.951229990640837,
0.970784272259159,0.98158178233205,0.990922336550792,1.),.UNSPECIFIED.);
#76=B_SPLINE_CURVE_WITH_KNOTS('',3,(#6450,#6451,#6452,#6453),
 .UNSPECIFIED.,.F.,.F.,(4,4),(0.,0.108140424901181),.UNSPECIFIED.);
#77=B_SPLINE_CURVE_WITH_KNOTS('',3,(#6455,#6456,#6457,#6458,#6459,#6460),
 .UNSPECIFIED.,.F.,.F.,(4,2,4),(1.19486400765112,1.23243743833434,1.23360639893843),
 .UNSPECIFIED.);
#78=B_SPLINE_CURVE_WITH_KNOTS('',3,(#6461,#6462,#6463,#6464,#6465),
 .UNSPECIFIED.,.F.,.F.,(4,1,4),(0.,0.127040979810494,0.205570802247519),
 .UNSPECIFIED.);
#79=B_SPLINE_CURVE_WITH_KNOTS('',3,(#6502,#6503,#6504,#6505,#6506,#6507,
#6508,#6509,#6510,#6511,#6512,#6513,#6514,#6515),.UNSPECIFIED.,.F.,.F.,
(4,2,2,2,2,2,4),(-0.114484903645064,-0.0964127029696655,-0.0682157253510684,
-0.0406848554640052,-0.0150601550195913,0.,0.000854492091088681),
 .UNSPECIFIED.);
#80=B_SPLINE_CURVE_WITH_KNOTS('',3,(#6566,#6567,#6568,#6569,#6570),
 .UNSPECIFIED.,.F.,.F.,(4,1,4),(-0.193543800529679,-0.100106579214697,0.),
 .UNSPECIFIED.);
#81=B_SPLINE_CURVE_WITH_KNOTS('',3,(#6581,#6582,#6583,#6584,#6585,#6586,
#6587,#6588,#6589,#6590),.UNSPECIFIED.,.F.,.F.,(4,2,2,2,4),(0.0596385306812449,
0.152351880776682,0.418454372542914,0.548310929702947,0.623604691506957),
 .UNSPECIFIED.);
#82=B_SPLINE_CURVE_WITH_KNOTS('',3,(#6595,#6596,#6597,#6598,#6599,#6600,
#6601,#6602,#6603,#6604,#6605,#6606,#6607),.UNSPECIFIED.,.F.,.F.,(4,3,3,
3,4),(-0.723985965201157,-0.529471670347677,-0.3349961449434,-0.140493820016052,
0.),.UNSPECIFIED.);
#83=B_SPLINE_CURVE_WITH_KNOTS('',3,(#6618,#6619,#6620,#6621,#6622),
 .UNSPECIFIED.,.F.,.F.,(4,1,4),(0.090858157559249,0.169387973178191,0.296428953061837),
 .UNSPECIFIED.);
#84=B_SPLINE_CURVE_WITH_KNOTS('',3,(#6624,#6625,#6626,#6627,#6628,#6629),
 .UNSPECIFIED.,.F.,.F.,(4,2,4),(-1.2336063989384,-1.23243743833434,-1.19486400765112),
 .UNSPECIFIED.);
#85=B_SPLINE_CURVE_WITH_KNOTS('',3,(#6631,#6632,#6633,#6634),
 .UNSPECIFIED.,.F.,.F.,(4,4),(1.2336063989384,1.34174682383919),
 .UNSPECIFIED.);
#86=B_SPLINE_CURVE_WITH_KNOTS('',3,(#6643,#6644,#6645,#6646,#6647,#6648,
#6649,#6650,#6651,#6652,#6653,#6654,#6655,#6656,#6657,#6658,#6659,#6660,
#6661,#6662,#6663,#6664,#6665,#6666,#6667,#6668,#6669,#6670,#6671,#6672,
#6673,#6674,#6675,#6676,#6677,#6678,#6679,#6680,#6681,#6682,#6683,#6684,
#6685,#6686,#6687,#6688,#6689,#6690,#6691,#6692,#6693,#6694,#6695,#6696,
#6697,#6698,#6699,#6700,#6701,#6702,#6703,#6704,#6705,#6706,#6707,#6708,
#6709,#6710,#6711,#6712,#6713,#6714,#6715,#6716,#6717,#6718,#6719,#6720,
#6721,#6722,#6723,#6724,#6725,#6726,#6727,#6728,#6729,#6730,#6731,#6732,
#6733,#6734,#6735,#6736,#6737,#6738,#6739,#6740,#6741,#6742,#6743,#6744,
#6745,#6746,#6747,#6748,#6749,#6750,#6751,#6752,#6753,#6754,#6755,#6756,
#6757,#6758,#6759,#6760,#6761,#6762,#6763,#6764,#6765,#6766,#6767,#6768,
#6769,#6770,#6771,#6772,#6773,#6774,#6775,#6776,#6777,#6778,#6779,#6780,
#6781,#6782,#6783,#6784),.UNSPECIFIED.,.F.,.F.,(4,3,3,3,3,3,3,3,3,3,3,3,
3,3,3,3,3,3,3,3,3,3,3,3,3,3,3,3,3,3,3,3,3,3,3,3,3,3,3,3,3,3,3,3,3,3,3,4),
(0.,0.0158449522438263,0.0322900903984806,0.0495008563531119,0.0677501838050225,
0.0875618633059828,0.110286171887948,0.139626179708636,0.162821936952348,
0.182504151413969,0.200570555051248,0.217766130577543,0.236164577809574,
0.25500760852331,0.275015962772867,0.296831866979465,0.322846364344426,
0.355762558746921,0.378496979577669,0.398916395535618,0.417989001434296,
0.436435460903623,0.455508523339398,0.47519151022395,0.496607931494102,
0.521320755142378,0.551238207945979,0.57599624579211,0.597082993621178,
0.616453226255785,0.635264893910316,0.65494699707143,0.677041693053557,
0.70085182382054,0.736187624859187,0.762449906823005,0.784622997085786,
0.804951706186175,0.824229588482132,0.841622019869248,0.860471123141998,
0.888175852428188,0.907796958578072,0.926100441657074,0.953399773272263,
0.970606932046686,0.985394855145986,1.),.UNSPECIFIED.);
#87=B_SPLINE_CURVE_WITH_KNOTS('',3,(#6816,#6817,#6818,#6819,#6820,#6821,
#6822,#6823,#6824,#6825),.UNSPECIFIED.,.F.,.F.,(4,2,2,2,4),(-0.000545747487667034,
0.,0.0428427667498479,0.0887938681545562,0.132789100165541),
 .UNSPECIFIED.);
#88=B_SPLINE_CURVE_WITH_KNOTS('',3,(#6857,#6858,#6859,#6860,#6861,#6862,
#6863,#6864,#6865,#6866),.UNSPECIFIED.,.F.,.F.,(4,2,2,2,4),(0.,0.0320970164648636,
0.0630920480114951,0.0973964385952798,0.0978008580419207),.UNSPECIFIED.);
#89=B_SPLINE_CURVE_WITH_KNOTS('',3,(#6869,#6870,#6871,#6872,#6873,#6874),
 .UNSPECIFIED.,.F.,.F.,(4,1,1,4),(-0.296428953061837,-0.169387973178191,
-0.0846939865890936,3.96317158469745E-15),.UNSPECIFIED.);
#90=B_SPLINE_CURVE_WITH_KNOTS('',3,(#6901,#6902,#6903,#6904),
 .UNSPECIFIED.,.F.,.F.,(4,4),(-0.493163194237298,-0.361299573655966),
 .UNSPECIFIED.);
#91=B_SPLINE_CURVE_WITH_KNOTS('',3,(#6905,#6906,#6907,#6908),
 .UNSPECIFIED.,.F.,.F.,(4,4),(0.409930582105392,0.45050310968719),
 .UNSPECIFIED.);
#92=B_SPLINE_CURVE_WITH_KNOTS('',3,(#6984,#6985,#6986,#6987,#6988,#6989,
#6990,#6991,#6992,#6993,#6994,#6995,#6996,#6997,#6998,#6999,#7000,#7001,
#7002,#7003,#7004,#7005,#7006,#7007,#7008,#7009,#7010,#7011,#7012,#7013,
#7014,#7015,#7016,#7017,#7018,#7019,#7020,#7021,#7022,#7023,#7024,#7025,
#7026,#7027,#7028,#7029,#7030,#7031,#7032,#7033,#7034,#7035,#7036,#7037,
#7038,#7039,#7040,#7041,#7042,#7043,#7044,#7045,#7046,#7047,#7048,#7049,
#7050,#7051,#7052,#7053,#7054,#7055,#7056,#7057,#7058,#7059,#7060,#7061,
#7062),.UNSPECIFIED.,.F.,.F.,(4,3,3,3,3,3,3,3,3,3,3,3,3,3,3,3,3,3,3,3,3,
3,3,3,3,3,4),(0.,0.0185411797418487,0.0367840247272478,0.0507272013781905,
0.0582860098817113,0.0610428601585108,0.0787987743780019,0.0961918518245331,
0.109226248352097,0.115815388322861,0.118950525756374,0.135786756876453,
0.148329437934789,0.165173976151455,0.16994647704015,0.173002753233344,
0.189771494532932,0.206533868651267,0.216723786271383,0.221996084952512,
0.226247148590426,0.242341880516867,0.253603056577271,0.258171984507336,
0.273627546964231,0.283085743668115,0.286347380332213),.UNSPECIFIED.);
#93=B_SPLINE_CURVE_WITH_KNOTS('',3,(#7066,#7067,#7068,#7069,#7070,#7071,
#7072,#7073,#7074,#7075,#7076,#7077,#7078,#7079,#7080,#7081,#7082,#7083,
#7084,#7085,#7086,#7087,#7088,#7089,#7090,#7091,#7092,#7093,#7094,#7095,
#7096,#7097,#7098,#7099,#7100,#7101,#7102,#7103,#7104,#7105,#7106,#7107,
#7108,#7109,#7110,#7111,#7112,#7113,#7114,#7115,#7116,#7117,#7118,#7119,
#7120,#7121,#7122,#7123,#7124,#7125,#7126,#7127,#7128,#7129,#7130,#7131,
#7132,#7133,#7134,#7135,#7136,#7137,#7138,#7139,#7140,#7141,#7142,#7143,
#7144),.UNSPECIFIED.,.F.,.F.,(4,3,3,3,3,3,3,3,3,3,3,3,3,3,3,3,3,3,3,3,3,
3,3,3,3,3,4),(0.,0.0151350631098426,0.0309526417218026,0.0438316495003371,
0.0499292553159329,0.0529429403919565,0.0692681725661642,0.0859302524795206,
0.0979438653471602,0.101622466722591,0.104273245638208,0.121352941568889,
0.133984703950079,0.150631482347148,0.155397314367712,0.158504588056234,
0.17552640316472,0.192958243010482,0.203989615053447,0.212558326149901,
0.215902507920512,0.232229185778934,0.244579281830589,0.248838077049341,
0.267046048801448,0.2812092193542,0.285142803995202),.UNSPECIFIED.);
#94=B_SPLINE_CURVE_WITH_KNOTS('',3,(#7148,#7149,#7150,#7151,#7152,#7153,
#7154,#7155,#7156,#7157,#7158,#7159,#7160,#7161,#7162,#7163,#7164,#7165,
#7166,#7167,#7168,#7169,#7170,#7171,#7172,#7173,#7174,#7175,#7176,#7177,
#7178,#7179,#7180,#7181,#7182,#7183,#7184,#7185,#7186,#7187,#7188,#7189,
#7190,#7191,#7192,#7193,#7194,#7195,#7196,#7197,#7198,#7199,#7200,#7201,
#7202,#7203,#7204,#7205,#7206,#7207,#7208,#7209,#7210,#7211,#7212,#7213,
#7214,#7215,#7216,#7217,#7218,#7219,#7220,#7221,#7222,#7223,#7224,#7225,
#7226),.UNSPECIFIED.,.F.,.F.,(4,3,3,3,3,3,3,3,3,3,3,3,3,3,3,3,3,3,3,3,3,
3,3,3,3,3,4),(0.,0.0185411797418535,0.0367838837780163,0.0507270780476177,
0.0582855737679631,0.0610423166199136,0.0787982305404125,0.0961921006585286,
0.109226434977603,0.115815564093775,0.118950416152194,0.135787377368493,
0.148329437934828,0.16517397615149,0.169946713033829,0.173002942203621,
0.189771603526659,0.206534049798712,0.216722840528145,0.221996105807973,
0.226247380791066,0.242342844872906,0.253604897991555,0.258172877818948,
0.273629744758072,0.283085743668121,0.286347380332221),.UNSPECIFIED.);
#95=B_SPLINE_CURVE_WITH_KNOTS('',3,(#7230,#7231,#7232,#7233,#7234,#7235,
#7236,#7237,#7238,#7239,#7240,#7241,#7242,#7243,#7244,#7245,#7246,#7247,
#7248,#7249,#7250,#7251,#7252,#7253,#7254,#7255,#7256,#7257,#7258,#7259,
#7260,#7261,#7262,#7263,#7264,#7265,#7266,#7267,#7268,#7269,#7270,#7271,
#7272,#7273,#7274,#7275,#7276,#7277,#7278,#7279,#7280,#7281,#7282,#7283,
#7284,#7285,#7286,#7287,#7288,#7289,#7290,#7291,#7292,#7293,#7294,#7295,
#7296,#7297,#7298,#7299,#7300,#7301,#7302,#7303,#7304,#7305,#7306,#7307,
#7308),.UNSPECIFIED.,.F.,.F.,(4,3,3,3,3,3,3,3,3,3,3,3,3,3,3,3,3,3,3,3,3,
3,3,3,3,3,4),(0.,0.0151321818720875,0.0309477087690144,0.0438273331666338,
0.0499111983158378,0.0529396787717633,0.0692629112650177,0.0859224964384054,
0.0979380483162964,0.101674750270725,0.104347993946421,0.121427810946586,
0.13398470394997,0.150632846633654,0.155399696782379,0.158505705054595,
0.175529121826983,0.192961720764142,0.203992658087879,0.212557843458453,
0.215902671585777,0.232229308527842,0.244579715844069,0.248838188015493,
0.2670461320692,0.281209219354038,0.285142803995044),.UNSPECIFIED.);
#96=B_SPLINE_CURVE_WITH_KNOTS('',3,(#7673,#7674,#7675,#7676,#7677,#7678,
#7679,#7680,#7681,#7682,#7683,#7684,#7685),.UNSPECIFIED.,.F.,.F.,(4,3,3,
3,4),(-2.17195789560292,-1.97744360074944,-1.78296807534518,-1.58846575041786,
-1.44797193040211),.UNSPECIFIED.);
#97=B_SPLINE_CURVE_WITH_KNOTS('',3,(#7686,#7687,#7688,#7689,#7690,#7691,
#7692,#7693,#7694,#7695),.UNSPECIFIED.,.F.,.F.,(4,2,2,2,4),(0.0498287176928647,
0.0774867107580853,0.123940585605977,0.20908670973692,0.241046046911315),
 .UNSPECIFIED.);
#98=B_SPLINE_CURVE_WITH_KNOTS('',3,(#8337,#8338,#8339,#8340,#8341,#8342,
#8343,#8344,#8345,#8346,#8347,#8348,#8349,#8350,#8351,#8352,#8353,#8354,
#8355,#8356,#8357,#8358,#8359,#8360,#8361,#8362,#8363,#8364,#8365,#8366,
#8367,#8368,#8369,#8370,#8371,#8372,#8373,#8374,#8375,#8376,#8377,#8378,
#8379,#8380,#8381,#8382,#8383,#8384,#8385,#8386,#8387,#8388,#8389,#8390,
#8391,#8392,#8393,#8394,#8395,#8396,#8397,#8398,#8399,#8400,#8401,#8402,
#8403,#8404,#8405,#8406,#8407,#8408,#8409,#8410,#8411,#8412,#8413,#8414,
#8415,#8416,#8417,#8418,#8419,#8420,#8421,#8422,#8423,#8424,#8425,#8426,
#8427,#8428,#8429,#8430,#8431,#8432,#8433,#8434,#8435,#8436,#8437,#8438,
#8439,#8440,#8441,#8442,#8443,#8444,#8445,#8446,#8447,#8448,#8449,#8450,
#8451,#8452,#8453,#8454,#8455,#8456,#8457,#8458,#8459,#8460,#8461,#8462,
#8463,#8464,#8465),.UNSPECIFIED.,.F.,.F.,(4,1,1,1,1,1,1,1,1,1,1,1,1,1,1,
1,1,1,1,1,1,1,1,1,1,1,1,1,1,1,1,1,1,1,1,1,1,1,1,1,1,1,1,1,1,1,1,1,1,1,1,
1,1,1,1,1,1,1,1,1,1,1,1,1,1,1,1,1,1,1,1,1,1,1,1,1,1,1,1,1,1,1,1,1,1,1,1,
1,1,1,1,1,1,1,1,1,1,1,1,1,1,1,1,1,1,1,1,1,1,1,1,1,1,1,1,1,1,1,1,1,1,1,1,
1,1,1,4),(13.687390776192,14.6849242030306,15.6824576298693,16.679991056708,
17.6775244835466,18.6750579103853,19.6725913372239,20.6701247640626,21.6676581909013,
22.6651916177399,23.6627250445786,24.6602584714173,25.6577918982559,26.6553253250946,
27.6528587519332,28.6503921787719,29.6479256056106,30.6454590324492,31.6429924592879,
32.6405258861265,33.6380593129652,34.6355927398039,35.6331261666425,36.6306595934812,
37.6281930203198,38.6257264471585,39.6232598739972,40.6207933008358,41.6183267276745,
42.6158601545132,43.6133935813518,44.6109270081905,45.6084604350291,46.6059938618678,
47.6035272887065,48.6010607155451,49.5985941423838,50.5961275692224,51.5936609960611,
52.5911944228998,53.5887278497384,54.5862612765771,55.5837947034157,56.5813281302544,
57.5788615570931,58.5763949839317,59.5739284107704,60.5714618376091,61.5689952644477,
62.5665286912864,63.564062118125,64.5615955449637,65.5591289718024,66.556662398641,
67.5541958254797,68.5517292523184,69.549262679157,70.5467961059957,71.5443295328343,
72.541862959673,73.5393963865117,74.5369298133503,75.534463240189,76.5319966670276,
77.5295300938663,78.527063520705,79.5245969475436,80.5221303743823,81.5196638012209,
82.5171972280596,83.5147306548983,84.5122640817369,85.5097975085756,86.5073309354142,
87.5048643622529,88.5023977890916,89.4999312159302,90.4974646427689,91.4949980696076,
92.4925314964462,93.4900649232849,94.4875983501235,95.4851317769622,96.4826652038009,
97.4801986306395,98.4777320574782,99.4752654843169,100.472798911156,101.470332337994,
102.467865764833,103.465399191671,104.46293261851,105.460466045349,106.457999472187,
107.455532899026,108.453066325865,109.450599752703,110.448133179542,111.445666606381,
112.443200033219,113.440733460058,114.438266886897,115.435800313735,116.433333740574,
117.430867167413,118.428400594251,119.42593402109,120.423467447929,121.421000874767,
122.418534301606,123.416067728445,124.413601155283,125.411134582122,126.408668008961,
127.406201435799,128.403734862638,129.401268289477,130.398801716315,131.396335143154,
132.393868569993,133.391401996831,134.38893542367,135.386468850509,136.384002277347,
137.381535704186,138.379069131025,139.351096919784),.UNSPECIFIED.);
#99=B_SPLINE_CURVE_WITH_KNOTS('',3,(#8466,#8467,#8468,#8469,#8470,#8471,
#8472,#8473,#8474,#8475,#8476,#8477,#8478,#8479,#8480,#8481,#8482,#8483,
#8484,#8485,#8486,#8487,#8488,#8489,#8490,#8491,#8492,#8493,#8494,#8495,
#8496,#8497,#8498,#8499,#8500,#8501,#8502,#8503,#8504,#8505,#8506,#8507,
#8508,#8509,#8510,#8511,#8512,#8513,#8514,#8515,#8516,#8517,#8518,#8519,
#8520,#8521,#8522,#8523,#8524,#8525,#8526,#8527,#8528,#8529,#8530,#8531,
#8532,#8533,#8534,#8535,#8536,#8537,#8538,#8539,#8540,#8541,#8542,#8543,
#8544,#8545,#8546,#8547,#8548,#8549,#8550,#8551,#8552,#8553,#8554,#8555,
#8556,#8557,#8558,#8559,#8560,#8561,#8562,#8563,#8564,#8565,#8566,#8567,
#8568,#8569,#8570,#8571,#8572,#8573,#8574,#8575,#8576,#8577,#8578,#8579,
#8580,#8581,#8582,#8583,#8584,#8585,#8586,#8587,#8588,#8589,#8590,#8591,
#8592,#8593,#8594),.UNSPECIFIED.,.F.,.F.,(4,1,1,1,1,1,1,1,1,1,1,1,1,1,1,
1,1,1,1,1,1,1,1,1,1,1,1,1,1,1,1,1,1,1,1,1,1,1,1,1,1,1,1,1,1,1,1,1,1,1,1,
1,1,1,1,1,1,1,1,1,1,1,1,1,1,1,1,1,1,1,1,1,1,1,1,1,1,1,1,1,1,1,1,1,1,1,1,
1,1,1,1,1,1,1,1,1,1,1,1,1,1,1,1,1,1,1,1,1,1,1,1,1,1,1,1,1,1,1,1,1,1,1,1,
1,1,1,4),(12.2307486159237,13.2027764046827,14.2003098315214,15.1978432583601,
16.1953766851987,17.1929101120374,18.1904435388761,19.1879769657147,20.1855103925534,
21.183043819392,22.1805772462307,23.1781106730694,24.175644099908,25.1731775267467,
26.1707109535853,27.168244380424,28.1657778072627,29.1633112341013,30.16084466094,
31.1583780877786,32.1559115146173,33.153444941456,34.1509783682946,35.1485117951333,
36.146045221972,37.1435786488106,38.1411120756493,39.1386455024879,40.1361789293266,
41.1337123561653,42.1312457830039,43.1287792098426,44.1263126366812,45.1238460635199,
46.1213794903586,47.1189129171972,48.1164463440359,49.1139797708746,50.1115131977132,
51.1090466245519,52.1065800513905,53.1041134782292,54.1016469050679,55.0991803319065,
56.0967137587452,57.0942471855838,58.0917806124225,59.0893140392612,60.0868474660998,
61.0843808929385,62.0819143197771,63.0794477466158,64.0769811734545,65.0745146002931,
66.0720480271318,67.0695814539704,68.0671148808091,69.0646483076478,70.0621817344864,
71.0597151613251,72.0572485881638,73.0547820150024,74.0523154418411,75.0498488686797,
76.0473822955184,77.0449157223571,78.0424491491957,79.0399825760344,80.037516002873,
81.0350494297117,82.0325828565504,83.030116283389,84.0276497102277,85.0251831370663,
86.022716563905,87.0202499907437,88.0177834175823,89.015316844421,90.0128502712597,
91.0103836980983,92.007917124937,93.0054505517756,94.0029839786143,95.000517405453,
95.9980508322916,96.9955842591303,97.9931176859689,98.9906511128076,99.9881845396463,
100.985717966485,101.983251393324,102.980784820162,103.978318247001,104.97585167384,
105.973385100678,106.970918527517,107.968451954356,108.965985381194,109.963518808033,
110.961052234872,111.95858566171,112.956119088549,113.953652515388,114.951185942226,
115.948719369065,116.946252795904,117.943786222742,118.941319649581,119.938853076419,
120.936386503258,121.933919930097,122.931453356935,123.928986783774,124.926520210613,
125.924053637451,126.92158706429,127.919120491129,128.916653917967,129.914187344806,
130.911720771645,131.909254198483,132.906787625322,133.904321052161,134.901854478999,
135.899387905838,136.896921332677,137.894454759515),.UNSPECIFIED.);
#100=B_SPLINE_CURVE_WITH_KNOTS('',3,(#9119,#9120,#9121,#9122,#9123,#9124,
#9125,#9126,#9127,#9128,#9129,#9130,#9131,#9132,#9133,#9134,#9135,#9136,
#9137,#9138,#9139,#9140,#9141,#9142,#9143,#9144,#9145,#9146,#9147,#9148,
#9149,#9150,#9151,#9152,#9153,#9154,#9155,#9156,#9157,#9158,#9159,#9160,
#9161,#9162,#9163,#9164,#9165,#9166,#9167,#9168,#9169,#9170,#9171,#9172,
#9173,#9174,#9175,#9176,#9177,#9178,#9179,#9180,#9181,#9182,#9183,#9184,
#9185,#9186,#9187,#9188,#9189,#9190,#9191,#9192,#9193,#9194,#9195,#9196,
#9197,#9198,#9199,#9200,#9201,#9202,#9203,#9204,#9205,#9206,#9207,#9208,
#9209,#9210,#9211,#9212,#9213,#9214,#9215,#9216,#9217,#9218,#9219,#9220,
#9221,#9222,#9223,#9224,#9225,#9226,#9227,#9228,#9229,#9230,#9231,#9232,
#9233,#9234,#9235,#9236,#9237,#9238,#9239,#9240,#9241,#9242,#9243,#9244,
#9245,#9246,#9247,#9248,#9249,#9250,#9251,#9252,#9253,#9254,#9255,#9256,
#9257,#9258,#9259,#9260,#9261,#9262,#9263,#9264,#9265,#9266,#9267,#9268,
#9269,#9270,#9271,#9272,#9273,#9274,#9275,#9276,#9277,#9278,#9279,#9280,
#9281,#9282,#9283,#9284,#9285,#9286,#9287,#9288,#9289,#9290,#9291,#9292,
#9293,#9294,#9295,#9296,#9297,#9298,#9299,#9300,#9301,#9302,#9303,#9304,
#9305,#9306,#9307,#9308,#9309,#9310,#9311,#9312,#9313,#9314,#9315,#9316,
#9317,#9318,#9319,#9320,#9321,#9322,#9323,#9324,#9325,#9326,#9327,#9328,
#9329,#9330,#9331,#9332,#9333,#9334,#9335,#9336,#9337,#9338,#9339,#9340,
#9341,#9342,#9343,#9344,#9345,#9346,#9347,#9348,#9349,#9350,#9351,#9352,
#9353,#9354,#9355,#9356,#9357,#9358,#9359,#9360,#9361,#9362,#9363,#9364,
#9365,#9366,#9367,#9368,#9369,#9370,#9371,#9372,#9373,#9374,#9375,#9376,
#9377,#9378,#9379,#9380,#9381,#9382,#9383,#9384,#9385,#9386,#9387,#9388,
#9389,#9390,#9391,#9392,#9393,#9394,#9395,#9396,#9397,#9398,#9399,#9400,
#9401,#9402,#9403,#9404,#9405,#9406,#9407,#9408,#9409,#9410,#9411,#9412,
#9413,#9414,#9415,#9416,#9417,#9418,#9419,#9420,#9421,#9422,#9423,#9424,
#9425,#9426,#9427,#9428,#9429,#9430,#9431,#9432,#9433,#9434,#9435,#9436,
#9437,#9438,#9439,#9440,#9441,#9442,#9443,#9444,#9445,#9446,#9447,#9448,
#9449,#9450,#9451,#9452,#9453,#9454,#9455,#9456,#9457,#9458,#9459,#9460,
#9461,#9462,#9463,#9464,#9465,#9466,#9467,#9468,#9469,#9470,#9471,#9472,
#9473,#9474,#9475,#9476,#9477,#9478,#9479,#9480,#9481,#9482,#9483,#9484,
#9485,#9486,#9487,#9488,#9489,#9490,#9491,#9492,#9493,#9494,#9495,#9496,
#9497),.UNSPECIFIED.,.F.,.F.,(4,3,3,3,3,3,3,3,3,3,3,3,3,3,3,3,3,3,3,3,3,
3,3,3,3,3,3,3,3,3,3,3,3,3,3,3,3,3,3,3,3,3,3,3,3,3,3,3,3,3,3,3,3,3,3,3,3,
3,3,3,3,3,3,3,3,3,3,3,3,3,3,3,3,3,3,3,3,3,3,3,3,3,3,3,3,3,3,3,3,3,3,3,3,
3,3,3,3,3,3,3,3,3,3,3,3,3,3,3,3,3,3,3,3,3,3,3,3,3,3,3,3,3,3,3,3,3,4),(-125.663706143592,
-124.691678354833,-123.694144927994,-122.696611501155,-121.699078074317,
-120.701544647478,-119.704011220639,-118.706477793801,-117.708944366962,
-116.711410940123,-115.713877513285,-114.716344086446,-113.718810659607,
-112.721277232769,-111.72374380593,-110.726210379091,-109.728676952253,
-108.731143525414,-107.733610098575,-106.736076671737,-105.738543244898,
-104.741009818059,-103.743476391221,-102.745942964382,-101.748409537543,
-100.750876110705,-99.7533426838661,-98.7558092570275,-97.7582758301888,
-96.7607424033501,-95.7632089765115,-94.7656755496728,-93.7681421228341,
-92.7706086959955,-91.7730752691568,-90.7755418423181,-89.7780084154795,
-88.7804749886408,-87.7829415618022,-86.7854081349635,-85.7878747081249,
-84.7903412812862,-83.7928078544475,-82.7952744276089,-81.7977410007702,
-80.8002075739315,-79.8026741470929,-78.8051407202542,-77.8076072934156,
-76.8100738665769,-75.8125404397382,-74.8150070128996,-73.8174735860609,
-72.8199401592223,-71.8224067323836,-70.8248733055449,-69.8273398787063,
-68.8298064518676,-67.832273025029,-66.8347395981903,-65.8372061713516,
-64.839672744513,-63.8421393176743,-62.8446058908356,-61.847072463997,-60.8495390371583,
-59.8520056103197,-58.854472183481,-57.8569387566423,-56.8594053298037,
-55.861871902965,-54.8643384761264,-53.8668050492877,-52.869271622449,-51.8717381956104,
-50.8742047687717,-49.876671341933,-48.8791379150944,-47.8816044882557,
-46.8840710614171,-45.8865376345784,-44.8890042077397,-43.8914707809011,
-42.8939373540624,-41.8964039272238,-40.8988705003851,-39.9013370735464,
-38.9038036467078,-37.9062702198691,-36.9087367930304,-35.9112033661918,
-34.9136699393531,-33.9161365125145,-32.9186030856758,-31.9210696588371,
-30.9235362319985,-29.9260028051598,-28.9284693783212,-27.9309359514825,
-26.9334025246438,-25.9358690978052,-24.9383356709665,-23.9408022441279,
-22.9432688172892,-21.9457353904505,-20.9482019636119,-19.9506685367732,
-18.9531351099346,-17.9556016830959,-16.9580682562572,-15.9605348294186,
-14.9630014025799,-13.9654679757412,-12.9679345489026,-11.9704011220639,
-10.9728676952253,-9.9753342683866,-8.97780084154794,-7.98026741470928,
-6.98273398787062,-5.98520056103196,-4.9876671341933,-3.99013370735463,
-2.99260028051597,-1.99506685367731,-0.997533426838651,0.),
 .UNSPECIFIED.);
#101=B_SPLINE_CURVE_WITH_KNOTS('',3,(#10022,#10023,#10024,#10025,#10026,
#10027,#10028,#10029,#10030,#10031,#10032,#10033,#10034,#10035,#10036,#10037,
#10038,#10039,#10040,#10041,#10042,#10043,#10044,#10045,#10046,#10047,#10048,
#10049,#10050,#10051,#10052,#10053,#10054,#10055,#10056,#10057,#10058,#10059,
#10060,#10061,#10062,#10063,#10064,#10065,#10066,#10067,#10068,#10069,#10070,
#10071,#10072,#10073,#10074,#10075,#10076,#10077,#10078,#10079,#10080,#10081,
#10082,#10083,#10084,#10085,#10086,#10087,#10088,#10089,#10090,#10091,#10092,
#10093,#10094,#10095,#10096,#10097,#10098,#10099,#10100,#10101,#10102,#10103,
#10104,#10105,#10106,#10107,#10108,#10109,#10110,#10111,#10112,#10113,#10114,
#10115,#10116,#10117,#10118,#10119,#10120,#10121,#10122,#10123,#10124,#10125,
#10126,#10127,#10128,#10129,#10130,#10131,#10132,#10133,#10134,#10135,#10136,
#10137,#10138,#10139,#10140,#10141,#10142,#10143,#10144,#10145,#10146,#10147,
#10148,#10149,#10150,#10151,#10152,#10153,#10154,#10155,#10156,#10157,#10158,
#10159,#10160,#10161,#10162,#10163,#10164,#10165,#10166,#10167,#10168,#10169,
#10170,#10171,#10172,#10173,#10174,#10175,#10176,#10177,#10178,#10179,#10180,
#10181,#10182,#10183,#10184,#10185,#10186,#10187,#10188,#10189,#10190,#10191,
#10192,#10193,#10194,#10195,#10196,#10197,#10198,#10199,#10200,#10201,#10202,
#10203,#10204,#10205,#10206,#10207,#10208,#10209,#10210,#10211,#10212,#10213,
#10214,#10215,#10216,#10217,#10218,#10219,#10220,#10221,#10222,#10223,#10224,
#10225,#10226,#10227,#10228,#10229,#10230,#10231,#10232,#10233,#10234,#10235,
#10236,#10237,#10238,#10239,#10240,#10241,#10242,#10243,#10244,#10245,#10246,
#10247,#10248,#10249,#10250,#10251,#10252,#10253,#10254,#10255,#10256,#10257,
#10258,#10259,#10260,#10261,#10262,#10263,#10264,#10265,#10266,#10267,#10268,
#10269,#10270,#10271,#10272,#10273,#10274,#10275,#10276,#10277,#10278,#10279,
#10280,#10281,#10282,#10283,#10284,#10285,#10286,#10287,#10288,#10289,#10290,
#10291,#10292,#10293,#10294,#10295,#10296,#10297,#10298,#10299,#10300,#10301,
#10302,#10303,#10304,#10305,#10306,#10307,#10308,#10309,#10310,#10311,#10312,
#10313,#10314,#10315,#10316,#10317,#10318,#10319,#10320,#10321,#10322,#10323,
#10324,#10325,#10326,#10327,#10328,#10329,#10330,#10331,#10332,#10333,#10334,
#10335,#10336,#10337,#10338,#10339,#10340,#10341,#10342,#10343,#10344,#10345,
#10346,#10347,#10348,#10349,#10350,#10351,#10352,#10353,#10354,#10355,#10356,
#10357,#10358,#10359,#10360,#10361,#10362,#10363,#10364,#10365,#10366,#10367,
#10368,#10369,#10370,#10371,#10372,#10373,#10374,#10375,#10376,#10377,#10378,
#10379,#10380,#10381,#10382,#10383,#10384,#10385,#10386,#10387,#10388,#10389,
#10390,#10391,#10392,#10393,#10394,#10395,#10396,#10397,#10398,#10399,#10400),
 .UNSPECIFIED.,.F.,.F.,(4,3,3,3,3,3,3,3,3,3,3,3,3,3,3,3,3,3,3,3,3,3,3,3,
3,3,3,3,3,3,3,3,3,3,3,3,3,3,3,3,3,3,3,3,3,3,3,3,3,3,3,3,3,3,3,3,3,3,3,3,
3,3,3,3,3,3,3,3,3,3,3,3,3,3,3,3,3,3,3,3,3,3,3,3,3,3,3,3,3,3,3,3,3,3,3,3,
3,3,3,3,3,3,3,3,3,3,3,3,3,3,3,3,3,3,3,3,3,3,3,3,3,3,3,3,3,3,4),(2.02057249175687,
2.99260028051599,3.99013370735465,4.98766713419331,5.98520056103197,6.98273398787064,
7.98026741470929,8.97780084154796,9.97533426838662,10.9728676952253,11.9704011220639,
12.9679345489026,13.9654679757413,14.9630014025799,15.9605348294186,16.9580682562572,
17.9556016830959,18.9531351099346,19.9506685367732,20.9482019636119,21.9457353904505,
22.9432688172892,23.9408022441279,24.9383356709665,25.9358690978052,26.9334025246439,
27.9309359514825,28.9284693783212,29.9260028051598,30.9235362319985,31.9210696588372,
32.9186030856758,33.9161365125145,34.9136699393532,35.9112033661918,36.9087367930305,
37.9062702198691,38.9038036467078,39.9013370735465,40.8988705003851,41.8964039272238,
42.8939373540624,43.8914707809011,44.8890042077398,45.8865376345784,46.8840710614171,
47.8816044882557,48.8791379150944,49.8766713419331,50.8742047687717,51.8717381956104,
52.8692716224491,53.8668050492877,54.8643384761264,55.861871902965,56.8594053298037,
57.8569387566424,58.854472183481,59.8520056103197,60.8495390371583,61.847072463997,
62.8446058908357,63.8421393176743,64.839672744513,65.8372061713517,66.8347395981903,
67.832273025029,68.8298064518676,69.8273398787063,70.824873305545,71.8224067323836,
72.8199401592223,73.8174735860609,74.8150070128996,75.8125404397383,76.8100738665769,
77.8076072934156,78.8051407202542,79.8026741470929,80.8002075739316,81.7977410007702,
82.7952744276089,83.7928078544475,84.7903412812862,85.7878747081249,86.7854081349635,
87.7829415618022,88.7804749886408,89.7780084154795,90.7755418423182,91.7730752691568,
92.7706086959955,93.7681421228342,94.7656755496728,95.7632089765115,96.7607424033501,
97.7582758301888,98.7558092570275,99.7533426838661,100.750876110705,101.748409537543,
102.745942964382,103.743476391221,104.741009818059,105.738543244898,106.736076671737,
107.733610098575,108.731143525414,109.728676952253,110.726210379091,111.72374380593,
112.721277232769,113.718810659607,114.716344086446,115.713877513285,116.711410940123,
117.708944366962,118.706477793801,119.704011220639,120.701544647478,121.699078074317,
122.696611501155,123.694144927994,124.691678354833,125.689211781671,126.68674520851,
127.684278635349),.UNSPECIFIED.);
#102=B_SPLINE_CURVE_WITH_KNOTS('',3,(#10402,#10403,#10404,#10405,#10406,
#10407,#10408,#10409,#10410,#10411,#10412,#10413,#10414,#10415,#10416,#10417,
#10418,#10419,#10420,#10421,#10422,#10423,#10424,#10425,#10426,#10427,#10428,
#10429,#10430,#10431,#10432,#10433,#10434,#10435,#10436,#10437,#10438,#10439,
#10440,#10441,#10442,#10443,#10444,#10445,#10446,#10447,#10448,#10449,#10450,
#10451,#10452,#10453,#10454,#10455,#10456,#10457,#10458,#10459,#10460,#10461,
#10462,#10463,#10464,#10465,#10466,#10467,#10468,#10469,#10470,#10471,#10472,
#10473,#10474,#10475,#10476,#10477,#10478,#10479,#10480,#10481,#10482,#10483,
#10484,#10485,#10486,#10487,#10488,#10489,#10490,#10491,#10492,#10493,#10494,
#10495,#10496,#10497,#10498,#10499,#10500,#10501,#10502,#10503,#10504,#10505,
#10506,#10507,#10508,#10509,#10510,#10511,#10512,#10513,#10514,#10515,#10516,
#10517,#10518,#10519,#10520,#10521,#10522,#10523,#10524,#10525,#10526,#10527,
#10528,#10529,#10530),.UNSPECIFIED.,.F.,.F.,(4,1,1,1,1,1,1,1,1,1,1,1,1,
1,1,1,1,1,1,1,1,1,1,1,1,1,1,1,1,1,1,1,1,1,1,1,1,1,1,1,1,1,1,1,1,1,1,1,1,
1,1,1,1,1,1,1,1,1,1,1,1,1,1,1,1,1,1,1,1,1,1,1,1,1,1,1,1,1,1,1,1,1,1,1,1,
1,1,1,1,1,1,1,1,1,1,1,1,1,1,1,1,1,1,1,1,1,1,1,1,1,1,1,1,1,1,1,1,1,1,1,1,
1,1,1,1,1,4),(13.687390776192,14.6849242030306,15.6824576298693,16.679991056708,
17.6775244835466,18.6750579103853,19.672591337224,20.6701247640626,21.6676581909013,
22.6651916177399,23.6627250445786,24.6602584714173,25.6577918982559,26.6553253250946,
27.6528587519332,28.6503921787719,29.6479256056106,30.6454590324492,31.6429924592879,
32.6405258861266,33.6380593129652,34.6355927398039,35.6331261666425,36.6306595934812,
37.6281930203199,38.6257264471585,39.6232598739972,40.6207933008358,41.6183267276745,
42.6158601545132,43.6133935813518,44.6109270081905,45.6084604350292,46.6059938618678,
47.6035272887065,48.6010607155451,49.5985941423838,50.5961275692225,51.5936609960611,
52.5911944228998,53.5887278497384,54.5862612765771,55.5837947034158,56.5813281302544,
57.5788615570931,58.5763949839317,59.5739284107704,60.5714618376091,61.5689952644477,
62.5665286912864,63.5640621181251,64.5615955449637,65.5591289718024,66.5566623986411,
67.5541958254797,68.5517292523184,69.549262679157,70.5467961059957,71.5443295328344,
72.541862959673,73.5393963865117,74.5369298133503,75.534463240189,76.5319966670277,
77.5295300938663,78.527063520705,79.5245969475437,80.5221303743823,81.519663801221,
82.5171972280596,83.5147306548983,84.512264081737,85.5097975085756,86.5073309354143,
87.5048643622529,88.5023977890916,89.4999312159303,90.4974646427689,91.4949980696076,
92.4925314964462,93.4900649232849,94.4875983501236,95.4851317769622,96.4826652038009,
97.4801986306396,98.4777320574782,99.4752654843169,100.472798911156,101.470332337994,
102.467865764833,103.465399191672,104.46293261851,105.460466045349,106.457999472188,
107.455532899026,108.453066325865,109.450599752703,110.448133179542,111.445666606381,
112.443200033219,113.440733460058,114.438266886897,115.435800313735,116.433333740574,
117.430867167413,118.428400594251,119.42593402109,120.423467447929,121.421000874767,
122.418534301606,123.416067728445,124.413601155283,125.411134582122,126.408668008961,
127.406201435799,128.403734862638,129.401268289477,130.398801716315,131.396335143154,
132.393868569993,133.391401996831,134.38893542367,135.386468850509,136.384002277347,
137.381535704186,138.379069131025,139.351096919784),.UNSPECIFIED.);
#103=B_SPLINE_CURVE_WITH_KNOTS('',3,(#10531,#10532,#10533,#10534,#10535,
#10536,#10537,#10538,#10539,#10540,#10541,#10542,#10543,#10544,#10545,#10546,
#10547,#10548,#10549,#10550,#10551,#10552,#10553,#10554,#10555,#10556,#10557,
#10558,#10559,#10560,#10561,#10562,#10563,#10564,#10565,#10566,#10567,#10568,
#10569,#10570,#10571,#10572,#10573,#10574,#10575,#10576,#10577,#10578,#10579,
#10580,#10581,#10582,#10583,#10584,#10585,#10586,#10587,#10588,#10589,#10590,
#10591,#10592,#10593,#10594,#10595,#10596,#10597,#10598,#10599,#10600,#10601,
#10602,#10603,#10604,#10605,#10606,#10607,#10608,#10609,#10610,#10611,#10612,
#10613,#10614,#10615,#10616,#10617,#10618,#10619,#10620,#10621,#10622,#10623,
#10624,#10625,#10626,#10627,#10628,#10629,#10630,#10631,#10632,#10633,#10634,
#10635,#10636,#10637,#10638,#10639,#10640,#10641,#10642,#10643,#10644,#10645,
#10646,#10647,#10648,#10649,#10650,#10651,#10652,#10653,#10654,#10655,#10656,
#10657,#10658,#10659),.UNSPECIFIED.,.F.,.F.,(4,1,1,1,1,1,1,1,1,1,1,1,1,
1,1,1,1,1,1,1,1,1,1,1,1,1,1,1,1,1,1,1,1,1,1,1,1,1,1,1,1,1,1,1,1,1,1,1,1,
1,1,1,1,1,1,1,1,1,1,1,1,1,1,1,1,1,1,1,1,1,1,1,1,1,1,1,1,1,1,1,1,1,1,1,1,
1,1,1,1,1,1,1,1,1,1,1,1,1,1,1,1,1,1,1,1,1,1,1,1,1,1,1,1,1,1,1,1,1,1,1,1,
1,1,1,1,1,4),(12.2307486159237,13.2027764046828,14.2003098315214,15.1978432583601,
16.1953766851987,17.1929101120374,18.1904435388761,19.1879769657147,20.1855103925534,
21.1830438193921,22.1805772462307,23.1781106730694,24.175644099908,25.1731775267467,
26.1707109535854,27.168244380424,28.1657778072627,29.1633112341013,30.16084466094,
31.1583780877787,32.1559115146173,33.153444941456,34.1509783682946,35.1485117951333,
36.146045221972,37.1435786488106,38.1411120756493,39.138645502488,40.1361789293266,
41.1337123561653,42.1312457830039,43.1287792098426,44.1263126366813,45.1238460635199,
46.1213794903586,47.1189129171972,48.1164463440359,49.1139797708746,50.1115131977132,
51.1090466245519,52.1065800513906,53.1041134782292,54.1016469050679,55.0991803319065,
56.0967137587452,57.0942471855839,58.0917806124225,59.0893140392612,60.0868474660998,
61.0843808929385,62.0819143197772,63.0794477466158,64.0769811734545,65.0745146002932,
66.0720480271318,67.0695814539705,68.0671148808091,69.0646483076478,70.0621817344865,
71.0597151613251,72.0572485881638,73.0547820150024,74.0523154418411,75.0498488686798,
76.0473822955184,77.0449157223571,78.0424491491958,79.0399825760344,80.0375160028731,
81.0350494297117,82.0325828565504,83.0301162833891,84.0276497102277,85.0251831370664,
86.022716563905,87.0202499907437,88.0177834175824,89.015316844421,90.0128502712597,
91.0103836980984,92.007917124937,93.0054505517757,94.0029839786143,95.000517405453,
95.9980508322917,96.9955842591303,97.993117685969,98.9906511128076,99.9881845396463,
100.985717966485,101.983251393324,102.980784820162,103.978318247001,104.97585167384,
105.973385100678,106.970918527517,107.968451954356,108.965985381194,109.963518808033,
110.961052234872,111.95858566171,112.956119088549,113.953652515388,114.951185942226,
115.948719369065,116.946252795904,117.943786222742,118.941319649581,119.93885307642,
120.936386503258,121.933919930097,122.931453356936,123.928986783774,124.926520210613,
125.924053637452,126.92158706429,127.919120491129,128.916653917967,129.914187344806,
130.911720771645,131.909254198483,132.906787625322,133.904321052161,134.901854478999,
135.899387905838,136.896921332677,137.894454759515),.UNSPECIFIED.);
#104=B_SPLINE_CURVE_WITH_KNOTS('',3,(#11184,#11185,#11186,#11187,#11188,
#11189,#11190,#11191,#11192,#11193,#11194,#11195,#11196,#11197,#11198,#11199,
#11200,#11201,#11202,#11203,#11204,#11205,#11206,#11207,#11208,#11209,#11210,
#11211,#11212,#11213,#11214,#11215,#11216,#11217,#11218,#11219,#11220,#11221,
#11222,#11223,#11224,#11225,#11226,#11227,#11228,#11229,#11230,#11231,#11232,
#11233,#11234,#11235,#11236,#11237,#11238,#11239,#11240,#11241,#11242,#11243,
#11244,#11245,#11246,#11247,#11248,#11249,#11250,#11251,#11252,#11253,#11254,
#11255,#11256,#11257,#11258,#11259,#11260,#11261,#11262,#11263,#11264,#11265,
#11266,#11267,#11268,#11269,#11270,#11271,#11272,#11273,#11274,#11275,#11276,
#11277,#11278,#11279,#11280,#11281,#11282,#11283,#11284,#11285,#11286,#11287,
#11288,#11289,#11290,#11291,#11292,#11293,#11294,#11295,#11296,#11297,#11298,
#11299,#11300,#11301,#11302,#11303,#11304,#11305,#11306,#11307,#11308,#11309,
#11310,#11311,#11312,#11313,#11314,#11315,#11316,#11317,#11318,#11319,#11320,
#11321,#11322,#11323,#11324,#11325,#11326,#11327,#11328,#11329,#11330,#11331,
#11332,#11333,#11334,#11335,#11336,#11337,#11338,#11339,#11340,#11341,#11342,
#11343,#11344,#11345,#11346,#11347,#11348,#11349,#11350,#11351,#11352,#11353,
#11354,#11355,#11356,#11357,#11358,#11359,#11360,#11361,#11362,#11363,#11364,
#11365,#11366,#11367,#11368,#11369,#11370,#11371,#11372,#11373,#11374,#11375,
#11376,#11377,#11378,#11379,#11380,#11381,#11382,#11383,#11384,#11385,#11386,
#11387,#11388,#11389,#11390,#11391,#11392,#11393,#11394,#11395,#11396,#11397,
#11398,#11399,#11400,#11401,#11402,#11403,#11404,#11405,#11406,#11407,#11408,
#11409,#11410,#11411,#11412,#11413,#11414,#11415,#11416,#11417,#11418,#11419,
#11420,#11421,#11422,#11423,#11424,#11425,#11426,#11427,#11428,#11429,#11430,
#11431,#11432,#11433,#11434,#11435,#11436,#11437,#11438,#11439,#11440,#11441,
#11442,#11443,#11444,#11445,#11446,#11447,#11448,#11449,#11450,#11451,#11452,
#11453,#11454,#11455,#11456,#11457,#11458,#11459,#11460,#11461,#11462,#11463,
#11464,#11465,#11466,#11467,#11468,#11469,#11470,#11471,#11472,#11473,#11474,
#11475,#11476,#11477,#11478,#11479,#11480,#11481,#11482,#11483,#11484,#11485,
#11486,#11487,#11488,#11489,#11490,#11491,#11492,#11493,#11494,#11495,#11496,
#11497,#11498,#11499,#11500,#11501,#11502,#11503,#11504,#11505,#11506,#11507,
#11508,#11509,#11510,#11511,#11512,#11513,#11514,#11515,#11516,#11517,#11518,
#11519,#11520,#11521,#11522,#11523,#11524,#11525,#11526,#11527,#11528,#11529,
#11530,#11531,#11532,#11533,#11534,#11535,#11536,#11537,#11538,#11539,#11540,
#11541,#11542,#11543,#11544,#11545,#11546,#11547,#11548,#11549,#11550,#11551,
#11552,#11553,#11554,#11555,#11556,#11557,#11558,#11559,#11560,#11561,#11562),
 .UNSPECIFIED.,.F.,.F.,(4,3,3,3,3,3,3,3,3,3,3,3,3,3,3,3,3,3,3,3,3,3,3,3,
3,3,3,3,3,3,3,3,3,3,3,3,3,3,3,3,3,3,3,3,3,3,3,3,3,3,3,3,3,3,3,3,3,3,3,3,
3,3,3,3,3,3,3,3,3,3,3,3,3,3,3,3,3,3,3,3,3,3,3,3,3,3,3,3,3,3,3,3,3,3,3,3,
3,3,3,3,3,3,3,3,3,3,3,3,3,3,3,3,3,3,3,3,3,3,3,3,3,3,3,3,3,3,4),(-125.663706143592,
-124.691678354833,-123.694144927994,-122.696611501155,-121.699078074317,
-120.701544647478,-119.704011220639,-118.706477793801,-117.708944366962,
-116.711410940123,-115.713877513285,-114.716344086446,-113.718810659607,
-112.721277232769,-111.72374380593,-110.726210379091,-109.728676952253,
-108.731143525414,-107.733610098575,-106.736076671737,-105.738543244898,
-104.741009818059,-103.743476391221,-102.745942964382,-101.748409537543,
-100.750876110705,-99.7533426838662,-98.7558092570275,-97.7582758301889,
-96.7607424033502,-95.7632089765115,-94.7656755496728,-93.7681421228342,
-92.7706086959955,-91.7730752691569,-90.7755418423182,-89.7780084154795,
-88.7804749886409,-87.7829415618022,-86.7854081349636,-85.7878747081249,
-84.7903412812862,-83.7928078544476,-82.7952744276089,-81.7977410007703,
-80.8002075739316,-79.8026741470929,-78.8051407202543,-77.8076072934156,
-76.8100738665769,-75.8125404397383,-74.8150070128996,-73.8174735860609,
-72.8199401592223,-71.8224067323837,-70.824873305545,-69.8273398787063,
-68.8298064518677,-67.832273025029,-66.8347395981903,-65.8372061713517,
-64.839672744513,-63.8421393176743,-62.8446058908357,-61.847072463997,-60.8495390371584,
-59.8520056103197,-58.854472183481,-57.8569387566424,-56.8594053298037,
-55.8618719029651,-54.8643384761264,-53.8668050492877,-52.8692716224491,
-51.8717381956104,-50.8742047687717,-49.8766713419331,-48.8791379150944,
-47.8816044882558,-46.8840710614171,-45.8865376345784,-44.8890042077398,
-43.8914707809011,-42.8939373540625,-41.8964039272238,-40.8988705003851,
-39.9013370735465,-38.9038036467078,-37.9062702198691,-36.9087367930305,
-35.9112033661918,-34.9136699393531,-33.9161365125145,-32.9186030856758,
-31.9210696588372,-30.9235362319985,-29.9260028051599,-28.9284693783212,
-27.9309359514825,-26.9334025246439,-25.9358690978052,-24.9383356709665,
-23.9408022441279,-22.9432688172892,-21.9457353904506,-20.9482019636119,
-19.9506685367732,-18.9531351099346,-17.9556016830959,-16.9580682562572,
-15.9605348294186,-14.9630014025799,-13.9654679757413,-12.9679345489026,
-11.9704011220639,-10.9728676952253,-9.97533426838662,-8.97780084154795,
-7.98026741470929,-6.98273398787063,-5.98520056103197,-4.98766713419331,
-3.99013370735465,-2.99260028051598,-1.99506685367732,-0.99753342683866,
0.),.UNSPECIFIED.);
#105=B_SPLINE_CURVE_WITH_KNOTS('',3,(#12087,#12088,#12089,#12090,#12091,
#12092,#12093,#12094,#12095,#12096,#12097,#12098,#12099,#12100,#12101,#12102,
#12103,#12104,#12105,#12106,#12107,#12108,#12109,#12110,#12111,#12112,#12113,
#12114,#12115,#12116,#12117,#12118,#12119,#12120,#12121,#12122,#12123,#12124,
#12125,#12126,#12127,#12128,#12129,#12130,#12131,#12132,#12133,#12134,#12135,
#12136,#12137,#12138,#12139,#12140,#12141,#12142,#12143,#12144,#12145,#12146,
#12147,#12148,#12149,#12150,#12151,#12152,#12153,#12154,#12155,#12156,#12157,
#12158,#12159,#12160,#12161,#12162,#12163,#12164,#12165,#12166,#12167,#12168,
#12169,#12170,#12171,#12172,#12173,#12174,#12175,#12176,#12177,#12178,#12179,
#12180,#12181,#12182,#12183,#12184,#12185,#12186,#12187,#12188,#12189,#12190,
#12191,#12192,#12193,#12194,#12195,#12196,#12197,#12198,#12199,#12200,#12201,
#12202,#12203,#12204,#12205,#12206,#12207,#12208,#12209,#12210,#12211,#12212,
#12213,#12214,#12215,#12216,#12217,#12218,#12219,#12220,#12221,#12222,#12223,
#12224,#12225,#12226,#12227,#12228,#12229,#12230,#12231,#12232,#12233,#12234,
#12235,#12236,#12237,#12238,#12239,#12240,#12241,#12242,#12243,#12244,#12245,
#12246,#12247,#12248,#12249,#12250,#12251,#12252,#12253,#12254,#12255,#12256,
#12257,#12258,#12259,#12260,#12261,#12262,#12263,#12264,#12265,#12266,#12267,
#12268,#12269,#12270,#12271,#12272,#12273,#12274,#12275,#12276,#12277,#12278,
#12279,#12280,#12281,#12282,#12283,#12284,#12285,#12286,#12287,#12288,#12289,
#12290,#12291,#12292,#12293,#12294,#12295,#12296,#12297,#12298,#12299,#12300,
#12301,#12302,#12303,#12304,#12305,#12306,#12307,#12308,#12309,#12310,#12311,
#12312,#12313,#12314,#12315,#12316,#12317,#12318,#12319,#12320,#12321,#12322,
#12323,#12324,#12325,#12326,#12327,#12328,#12329,#12330,#12331,#12332,#12333,
#12334,#12335,#12336,#12337,#12338,#12339,#12340,#12341,#12342,#12343,#12344,
#12345,#12346,#12347,#12348,#12349,#12350,#12351,#12352,#12353,#12354,#12355,
#12356,#12357,#12358,#12359,#12360,#12361,#12362,#12363,#12364,#12365,#12366,
#12367,#12368,#12369,#12370,#12371,#12372,#12373,#12374,#12375,#12376,#12377,
#12378,#12379,#12380,#12381,#12382,#12383,#12384,#12385,#12386,#12387,#12388,
#12389,#12390,#12391,#12392,#12393,#12394,#12395,#12396,#12397,#12398,#12399,
#12400,#12401,#12402,#12403,#12404,#12405,#12406,#12407,#12408,#12409,#12410,
#12411,#12412,#12413,#12414,#12415,#12416,#12417,#12418,#12419,#12420,#12421,
#12422,#12423,#12424,#12425,#12426,#12427,#12428,#12429,#12430,#12431,#12432,
#12433,#12434,#12435,#12436,#12437,#12438,#12439,#12440,#12441,#12442,#12443,
#12444,#12445,#12446,#12447,#12448,#12449,#12450,#12451,#12452,#12453,#12454,
#12455,#12456,#12457,#12458,#12459,#12460,#12461,#12462,#12463,#12464,#12465),
 .UNSPECIFIED.,.F.,.F.,(4,3,3,3,3,3,3,3,3,3,3,3,3,3,3,3,3,3,3,3,3,3,3,3,
3,3,3,3,3,3,3,3,3,3,3,3,3,3,3,3,3,3,3,3,3,3,3,3,3,3,3,3,3,3,3,3,3,3,3,3,
3,3,3,3,3,3,3,3,3,3,3,3,3,3,3,3,3,3,3,3,3,3,3,3,3,3,3,3,3,3,3,3,3,3,3,3,
3,3,3,3,3,3,3,3,3,3,3,3,3,3,3,3,3,3,3,3,3,3,3,3,3,3,3,3,3,3,4),(2.02057249175685,
2.99260028051598,3.99013370735464,4.9876671341933,5.98520056103197,6.98273398787063,
7.98026741470929,8.97780084154795,9.97533426838661,10.9728676952253,11.9704011220639,
12.9679345489026,13.9654679757413,14.9630014025799,15.9605348294186,16.9580682562572,
17.9556016830959,18.9531351099346,19.9506685367732,20.9482019636119,21.9457353904506,
22.9432688172892,23.9408022441279,24.9383356709665,25.9358690978052,26.9334025246439,
27.9309359514825,28.9284693783212,29.9260028051598,30.9235362319985,31.9210696588372,
32.9186030856758,33.9161365125145,34.9136699393532,35.9112033661918,36.9087367930305,
37.9062702198691,38.9038036467078,39.9013370735465,40.8988705003851,41.8964039272238,
42.8939373540624,43.8914707809011,44.8890042077398,45.8865376345784,46.8840710614171,
47.8816044882557,48.8791379150944,49.8766713419331,50.8742047687717,51.8717381956104,
52.8692716224491,53.8668050492877,54.8643384761264,55.861871902965,56.8594053298037,
57.8569387566424,58.854472183481,59.8520056103197,60.8495390371584,61.847072463997,
62.8446058908357,63.8421393176743,64.839672744513,65.8372061713517,66.8347395981903,
67.832273025029,68.8298064518676,69.8273398787063,70.824873305545,71.8224067323836,
72.8199401592223,73.817473586061,74.8150070128996,75.8125404397383,76.8100738665769,
77.8076072934156,78.8051407202543,79.8026741470929,80.8002075739316,81.7977410007703,
82.7952744276089,83.7928078544476,84.7903412812862,85.7878747081249,86.7854081349636,
87.7829415618022,88.7804749886409,89.7780084154795,90.7755418423182,91.7730752691569,
92.7706086959955,93.7681421228342,94.7656755496729,95.7632089765115,96.7607424033502,
97.7582758301889,98.7558092570275,99.7533426838662,100.750876110705,101.748409537543,
102.745942964382,103.743476391221,104.741009818059,105.738543244898,106.736076671737,
107.733610098575,108.731143525414,109.728676952253,110.726210379091,111.72374380593,
112.721277232769,113.718810659607,114.716344086446,115.713877513285,116.711410940123,
117.708944366962,118.706477793801,119.704011220639,120.701544647478,121.699078074317,
122.696611501155,123.694144927994,124.691678354833,125.689211781671,126.68674520851,
127.684278635349),.UNSPECIFIED.);
#106=TOROIDAL_SURFACE('',#3387,3.99999999999997,1.);
#107=TOROIDAL_SURFACE('',#3411,4.,1.);
#108=TOROIDAL_SURFACE('',#3415,6.49999999999999,1.);
#109=TOROIDAL_SURFACE('',#3417,261.277214729394,1.);
#110=TOROIDAL_SURFACE('',#3423,6.5,1.);
#111=TOROIDAL_SURFACE('',#3427,3.25000001490118,1.);
#112=TOROIDAL_SURFACE('',#3431,3.25000001490122,1.);
#113=TOROIDAL_SURFACE('',#3433,3.25000001490116,1.);
#114=TOROIDAL_SURFACE('',#3435,40.9999999999998,1.);
#115=TOROIDAL_SURFACE('',#3440,4.50000000000001,1.);
#116=TOROIDAL_SURFACE('',#3443,4.5,1.);
#117=TOROIDAL_SURFACE('',#3447,40.9999999999998,1.);
#118=TOROIDAL_SURFACE('',#3466,4.5,1.);
#119=TOROIDAL_SURFACE('',#3469,274.277214729394,1.);
#120=TOROIDAL_SURFACE('',#3472,4.49999999999999,1.);
#121=TOROIDAL_SURFACE('',#3475,3.25000001490117,1.);
#122=TOROIDAL_SURFACE('',#3477,41.,1.);
#123=TOROIDAL_SURFACE('',#3482,14.,1.);
#124=TOROIDAL_SURFACE('',#3485,273.277214729394,1.);
#125=TOROIDAL_SURFACE('',#3488,5.99999999999998,1.);
#126=TOROIDAL_SURFACE('',#3490,6.0000000000001,1.);
#127=TOROIDAL_SURFACE('',#3493,273.277214729393,1.);
#128=TOROIDAL_SURFACE('',#3496,14.,1.);
#129=TOROIDAL_SURFACE('',#3500,3.25000001490086,1.);
#130=TOROIDAL_SURFACE('',#3502,41.,1.);
#131=TOROIDAL_SURFACE('',#3506,4.5,1.);
#132=TOROIDAL_SURFACE('',#3509,274.277214729394,1.);
#133=TOROIDAL_SURFACE('',#3512,4.5,1.);
#134=TOROIDAL_SURFACE('',#3598,40.,2.);
#135=TOROIDAL_SURFACE('',#3609,42.,3.);
#136=TOROIDAL_SURFACE('',#3617,40.,2.);
#137=TOROIDAL_SURFACE('',#3638,1.6,0.8);
#138=TOROIDAL_SURFACE('',#3673,1.6,0.8);
#139=TOROIDAL_SURFACE('',#3697,275.277214729349,2.);
#140=TOROIDAL_SURFACE('',#3702,3.5,2.);
#141=TOROIDAL_SURFACE('',#3708,3.5,2.);
#142=TOROIDAL_SURFACE('',#3712,40.,2.);
#143=TOROIDAL_SURFACE('',#3716,3.5,2.);
#144=TOROIDAL_SURFACE('',#3744,275.277214729349,2.);
#145=TOROIDAL_SURFACE('',#3748,3.5,2.);
#146=TOROIDAL_SURFACE('',#3751,40.,2.);
#147=TOROIDAL_SURFACE('',#3754,3.5,2.);
#148=TOROIDAL_SURFACE('',#3759,3.5,2.);
#149=TOROIDAL_SURFACE('',#3768,3.5,2.);
#150=TOROIDAL_SURFACE('',#3772,275.277214729349,2.);
#151=TOROIDAL_SURFACE('',#3774,3.5,2.);
#152=TOROIDAL_SURFACE('',#3775,3.5,2.);
#153=TOROIDAL_SURFACE('',#3783,3.5,2.);
#154=TOROIDAL_SURFACE('',#3785,275.277214729349,2.);
#155=TOROIDAL_SURFACE('',#3787,3.5,2.);
#156=TOROIDAL_SURFACE('',#3789,3.5,2.);
#157=TOROIDAL_SURFACE('',#3806,274.277214729349,3.);
#158=TOROIDAL_SURFACE('',#3810,13.,3.);
#159=TOROIDAL_SURFACE('',#3812,13.,3.);
#160=TOROIDAL_SURFACE('',#3815,274.277214729349,3.);
#161=TOROIDAL_SURFACE('',#3818,7.00000000000001,3.);
#162=TOROIDAL_SURFACE('',#3821,260.277214729349,3.);
#163=TOROIDAL_SURFACE('',#3824,7.,3.);
#164=TOROIDAL_SURFACE('',#3834,260.277214729349,3.);
#165=TOROIDAL_SURFACE('',#3838,7.,3.);
#166=TOROIDAL_SURFACE('',#3841,274.277214729349,3.);
#167=TOROIDAL_SURFACE('',#3843,13.,3.);
#168=TOROIDAL_SURFACE('',#3845,42.,3.);
#169=TOROIDAL_SURFACE('',#3847,13.,3.);
#170=TOROIDAL_SURFACE('',#3849,274.277214729349,3.);
#171=TOROIDAL_SURFACE('',#3852,7.00000000000001,3.);
#172=SHAPE_REPRESENTATION_RELATIONSHIP('SRR','None',#12587,#174);
#173=SHAPE_REPRESENTATION_RELATIONSHIP('SRR','None',#12586,#175);
#174=ADVANCED_BREP_SHAPE_REPRESENTATION('',(#178),#12576);
#175=ADVANCED_BREP_SHAPE_REPRESENTATION('',(#179),#12575);
#176=STYLED_ITEM('',(#12600),#178);
#177=STYLED_ITEM('',(#12600),#179);
#178=MANIFOLD_SOLID_BREP('Body1',#3374);
#179=MANIFOLD_SOLID_BREP('Body1',#3375);
#180=LINE('',#5035,#311);
#181=LINE('',#5037,#312);
#182=LINE('',#5039,#313);
#183=LINE('',#5040,#314);
#184=LINE('',#5043,#315);
#185=LINE('',#5045,#316);
#186=LINE('',#5046,#317);
#187=LINE('',#5049,#318);
#188=LINE('',#5051,#319);
#189=LINE('',#5052,#320);
#190=LINE('',#5054,#321);
#191=LINE('',#5055,#322);
#192=LINE('',#5086,#323);
#193=LINE('',#5088,#324);
#194=LINE('',#5090,#325);
#195=LINE('',#5346,#326);
#196=LINE('',#5347,#327);
#197=LINE('',#5348,#328);
#198=LINE('',#5351,#329);
#199=LINE('',#5354,#330);
#200=LINE('',#5357,#331);
#201=LINE('',#5361,#332);
#202=LINE('',#5365,#333);
#203=LINE('',#5366,#334);
#204=LINE('',#5369,#335);
#205=LINE('',#5377,#336);
#206=LINE('',#5509,#337);
#207=LINE('',#5512,#338);
#208=LINE('',#5515,#339);
#209=LINE('',#5518,#340);
#210=LINE('',#5521,#341);
#211=LINE('',#5525,#342);
#212=LINE('',#5529,#343);
#213=LINE('',#5533,#344);
#214=LINE('',#5537,#345);
#215=LINE('',#5541,#346);
#216=LINE('',#5545,#347);
#217=LINE('',#5549,#348);
#218=LINE('',#5553,#349);
#219=LINE('',#5557,#350);
#220=LINE('',#5562,#351);
#221=LINE('',#5566,#352);
#222=LINE('',#5570,#353);
#223=LINE('',#5574,#354);
#224=LINE('',#5577,#355);
#225=LINE('',#5579,#356);
#226=LINE('',#5580,#357);
#227=LINE('',#5583,#358);
#228=LINE('',#5586,#359);
#229=LINE('',#5590,#360);
#230=LINE('',#5594,#361);
#231=LINE('',#5599,#362);
#232=LINE('',#5602,#363);
#233=LINE('',#5606,#364);
#234=LINE('',#5610,#365);
#235=LINE('',#5657,#366);
#236=LINE('',#5659,#367);
#237=LINE('',#5661,#368);
#238=LINE('',#6024,#369);
#239=LINE('',#6026,#370);
#240=LINE('',#6027,#371);
#241=LINE('',#6192,#372);
#242=LINE('',#6193,#373);
#243=LINE('',#6205,#374);
#244=LINE('',#6206,#375);
#245=LINE('',#6230,#376);
#246=LINE('',#6231,#377);
#247=LINE('',#6233,#378);
#248=LINE('',#6234,#379);
#249=LINE('',#6239,#380);
#250=LINE('',#6240,#381);
#251=LINE('',#6244,#382);
#252=LINE('',#6247,#383);
#253=LINE('',#6329,#384);
#254=LINE('',#6332,#385);
#255=LINE('',#6336,#386);
#256=LINE('',#6442,#387);
#257=LINE('',#6444,#388);
#258=LINE('',#6446,#389);
#259=LINE('',#6448,#390);
#260=LINE('',#6478,#391);
#261=LINE('',#6479,#392);
#262=LINE('',#6484,#393);
#263=LINE('',#6485,#394);
#264=LINE('',#6497,#395);
#265=LINE('',#6498,#396);
#266=LINE('',#6519,#397);
#267=LINE('',#6520,#398);
#268=LINE('',#6525,#399);
#269=LINE('',#6526,#400);
#270=LINE('',#6531,#401);
#271=LINE('',#6533,#402);
#272=LINE('',#6576,#403);
#273=LINE('',#6578,#404);
#274=LINE('',#6579,#405);
#275=LINE('',#6591,#406);
#276=LINE('',#6594,#407);
#277=LINE('',#6609,#408);
#278=LINE('',#6612,#409);
#279=LINE('',#6616,#410);
#280=LINE('',#6636,#411);
#281=LINE('',#6638,#412);
#282=LINE('',#6640,#413);
#283=LINE('',#6642,#414);
#284=LINE('',#6876,#415);
#285=LINE('',#6927,#416);
#286=LINE('',#6945,#417);
#287=LINE('',#6949,#418);
#288=LINE('',#6978,#419);
#289=LINE('',#7336,#420);
#290=LINE('',#7337,#421);
#291=LINE('',#7340,#422);
#292=LINE('',#7344,#423);
#293=LINE('',#7706,#424);
#294=LINE('',#7708,#425);
#295=LINE('',#7710,#426);
#296=LINE('',#8312,#427);
#297=LINE('',#8313,#428);
#298=LINE('',#8326,#429);
#299=LINE('',#8328,#430);
#300=LINE('',#8329,#431);
#301=LINE('',#8331,#432);
#302=LINE('',#8333,#433);
#303=LINE('',#12494,#434);
#304=LINE('',#12497,#435);
#305=LINE('',#12500,#436);
#306=LINE('',#12504,#437);
#307=LINE('',#12508,#438);
#308=LINE('',#12534,#439);
#309=LINE('',#12536,#440);
#310=LINE('',#12538,#441);
#311=VECTOR('',#3894,10.);
#312=VECTOR('',#3895,10.);
#313=VECTOR('',#3896,10.);
#314=VECTOR('',#3897,10.);
#315=VECTOR('',#3900,10.);
#316=VECTOR('',#3901,10.);
#317=VECTOR('',#3902,10.);
#318=VECTOR('',#3905,10.);
#319=VECTOR('',#3906,10.);
#320=VECTOR('',#3907,10.);
#321=VECTOR('',#3910,10.);
#322=VECTOR('',#3911,10.);
#323=VECTOR('',#3944,10.);
#324=VECTOR('',#3945,10.);
#325=VECTOR('',#3946,10.);
#326=VECTOR('',#4049,10.);
#327=VECTOR('',#4050,10.);
#328=VECTOR('',#4051,10.);
#329=VECTOR('',#4054,10.);
#330=VECTOR('',#4057,10.);
#331=VECTOR('',#4060,10.);
#332=VECTOR('',#4065,10.);
#333=VECTOR('',#4070,10.);
#334=VECTOR('',#4071,10.);
#335=VECTOR('',#4074,10.);
#336=VECTOR('',#4085,10.);
#337=VECTOR('',#4188,10.);
#338=VECTOR('',#4193,10.);
#339=VECTOR('',#4196,10.);
#340=VECTOR('',#4199,10.);
#341=VECTOR('',#4202,10.);
#342=VECTOR('',#4207,10.);
#343=VECTOR('',#4212,10.);
#344=VECTOR('',#4217,10.);
#345=VECTOR('',#4222,10.);
#346=VECTOR('',#4227,10.);
#347=VECTOR('',#4232,10.);
#348=VECTOR('',#4237,10.);
#349=VECTOR('',#4242,10.);
#350=VECTOR('',#4247,10.);
#351=VECTOR('',#4254,10.);
#352=VECTOR('',#4259,10.);
#353=VECTOR('',#4264,10.);
#354=VECTOR('',#4269,10.);
#355=VECTOR('',#4272,10.);
#356=VECTOR('',#4273,10.);
#357=VECTOR('',#4274,10.);
#358=VECTOR('',#4277,10.);
#359=VECTOR('',#4280,10.);
#360=VECTOR('',#4285,10.);
#361=VECTOR('',#4290,10.);
#362=VECTOR('',#4297,10.);
#363=VECTOR('',#4300,10.);
#364=VECTOR('',#4305,10.);
#365=VECTOR('',#4310,10.);
#366=VECTOR('',#4345,10.);
#367=VECTOR('',#4346,10.);
#368=VECTOR('',#4347,10.);
#369=VECTOR('',#4374,10.);
#370=VECTOR('',#4375,10.);
#371=VECTOR('',#4376,10.);
#372=VECTOR('',#4455,10.);
#373=VECTOR('',#4456,10.);
#374=VECTOR('',#4469,10.);
#375=VECTOR('',#4470,10.);
#376=VECTOR('',#4481,10.);
#377=VECTOR('',#4482,10.);
#378=VECTOR('',#4485,10.);
#379=VECTOR('',#4486,10.);
#380=VECTOR('',#4491,10.);
#381=VECTOR('',#4492,10.);
#382=VECTOR('',#4497,10.);
#383=VECTOR('',#4500,10.);
#384=VECTOR('',#4513,10.);
#385=VECTOR('',#4516,10.);
#386=VECTOR('',#4521,10.);
#387=VECTOR('',#4522,10.);
#388=VECTOR('',#4523,10.);
#389=VECTOR('',#4524,10.);
#390=VECTOR('',#4525,10.);
#391=VECTOR('',#4540,10.);
#392=VECTOR('',#4541,10.);
#393=VECTOR('',#4546,10.);
#394=VECTOR('',#4547,10.);
#395=VECTOR('',#4560,10.);
#396=VECTOR('',#4561,10.);
#397=VECTOR('',#4570,10.);
#398=VECTOR('',#4571,10.);
#399=VECTOR('',#4576,10.);
#400=VECTOR('',#4577,10.);
#401=VECTOR('',#4582,10.);
#402=VECTOR('',#4585,10.);
#403=VECTOR('',#4598,10.);
#404=VECTOR('',#4599,10.);
#405=VECTOR('',#4600,10.);
#406=VECTOR('',#4601,10.);
#407=VECTOR('',#4604,10.);
#408=VECTOR('',#4607,10.);
#409=VECTOR('',#4610,10.);
#410=VECTOR('',#4615,10.);
#411=VECTOR('',#4616,10.);
#412=VECTOR('',#4617,10.);
#413=VECTOR('',#4618,10.);
#414=VECTOR('',#4619,10.);
#415=VECTOR('',#4626,10.);
#416=VECTOR('',#4651,10.);
#417=VECTOR('',#4676,10.);
#418=VECTOR('',#4681,10.);
#419=VECTOR('',#4710,10.);
#420=VECTOR('',#4763,10.);
#421=VECTOR('',#4764,10.);
#422=VECTOR('',#4767,10.);
#423=VECTOR('',#4772,10.);
#424=VECTOR('',#4799,10.);
#425=VECTOR('',#4802,10.);
#426=VECTOR('',#4805,10.);
#427=VECTOR('',#4830,10.);
#428=VECTOR('',#4831,10.);
#429=VECTOR('',#4848,10.);
#430=VECTOR('',#4849,10.);
#431=VECTOR('',#4850,10.);
#432=VECTOR('',#4853,10.);
#433=VECTOR('',#4856,10.);
#434=VECTOR('',#4907,10.);
#435=VECTOR('',#4910,10.);
#436=VECTOR('',#4913,10.);
#437=VECTOR('',#4918,10.);
#438=VECTOR('',#4923,10.);
#439=VECTOR('',#4968,10.);
#440=VECTOR('',#4971,10.);
#441=VECTOR('',#4974,10.);
#442=PLANE('',#3381);
#443=PLANE('',#3382);
#444=PLANE('',#3383);
#445=PLANE('',#3384);
#446=PLANE('',#3385);
#447=PLANE('',#3386);
#448=PLANE('',#3390);
#449=PLANE('',#3458);
#450=PLANE('',#3461);
#451=PLANE('',#3462);
#452=PLANE('',#3548);
#453=PLANE('',#3567);
#454=PLANE('',#3571);
#455=PLANE('',#3575);
#456=PLANE('',#3579);
#457=PLANE('',#3580);
#458=PLANE('',#3582);
#459=PLANE('',#3585);
#460=PLANE('',#3588);
#461=PLANE('',#3592);
#462=PLANE('',#3593);
#463=PLANE('',#3603);
#464=PLANE('',#3623);
#465=PLANE('',#3624);
#466=PLANE('',#3625);
#467=PLANE('',#3654);
#468=PLANE('',#3657);
#469=PLANE('',#3658);
#470=PLANE('',#3687);
#471=PLANE('',#3689);
#472=PLANE('',#3692);
#473=PLANE('',#3693);
#474=PLANE('',#3696);
#475=PLANE('',#3723);
#476=PLANE('',#3793);
#477=PLANE('',#3797);
#478=PLANE('',#3799);
#479=PLANE('',#3800);
#480=PLANE('',#3801);
#481=PLANE('',#3802);
#482=PLANE('',#3863);
#483=PLANE('',#3865);
#484=PLANE('',#3871);
#485=PLANE('',#3873);
#486=FACE_BOUND('',#756,.T.);
#487=FACE_BOUND('',#762,.T.);
#488=FACE_BOUND('',#764,.T.);
#489=FACE_BOUND('',#766,.T.);
#490=FACE_BOUND('',#768,.T.);
#491=FACE_BOUND('',#769,.T.);
#492=FACE_BOUND('',#771,.T.);
#493=FACE_BOUND('',#773,.T.);
#494=FACE_BOUND('',#775,.T.);
#495=FACE_BOUND('',#777,.T.);
#496=FACE_BOUND('',#780,.T.);
#497=FACE_BOUND('',#782,.T.);
#498=FACE_BOUND('',#784,.T.);
#499=FACE_BOUND('',#849,.T.);
#500=FACE_BOUND('',#851,.T.);
#501=FACE_BOUND('',#853,.T.);
#502=FACE_BOUND('',#857,.T.);
#503=FACE_BOUND('',#859,.T.);
#504=FACE_BOUND('',#863,.T.);
#505=FACE_BOUND('',#865,.T.);
#506=FACE_BOUND('',#868,.T.);
#507=FACE_BOUND('',#870,.T.);
#508=FACE_BOUND('',#873,.T.);
#509=FACE_BOUND('',#926,.T.);
#510=FACE_BOUND('',#927,.T.);
#511=FACE_BOUND('',#928,.T.);
#512=FACE_BOUND('',#929,.T.);
#513=FACE_BOUND('',#930,.T.);
#514=FACE_BOUND('',#931,.T.);
#515=FACE_BOUND('',#932,.T.);
#516=FACE_BOUND('',#960,.T.);
#517=FACE_BOUND('',#962,.T.);
#518=FACE_BOUND('',#967,.T.);
#519=FACE_BOUND('',#969,.T.);
#520=FACE_BOUND('',#1002,.T.);
#521=FACE_BOUND('',#1004,.T.);
#522=FACE_BOUND('',#1006,.T.);
#523=FACE_BOUND('',#1008,.T.);
#524=FACE_BOUND('',#1010,.T.);
#525=FACE_BOUND('',#1012,.T.);
#526=FACE_BOUND('',#1014,.T.);
#527=FACE_BOUND('',#1016,.T.);
#528=FACE_BOUND('',#1018,.T.);
#529=FACE_BOUND('',#1020,.T.);
#530=FACE_OUTER_BOUND('',#755,.T.);
#531=FACE_OUTER_BOUND('',#757,.T.);
#532=FACE_OUTER_BOUND('',#758,.T.);
#533=FACE_OUTER_BOUND('',#759,.T.);
#534=FACE_OUTER_BOUND('',#760,.T.);
#535=FACE_OUTER_BOUND('',#761,.T.);
#536=FACE_OUTER_BOUND('',#763,.T.);
#537=FACE_OUTER_BOUND('',#765,.T.);
#538=FACE_OUTER_BOUND('',#767,.T.);
#539=FACE_OUTER_BOUND('',#770,.T.);
#540=FACE_OUTER_BOUND('',#772,.T.);
#541=FACE_OUTER_BOUND('',#774,.T.);
#542=FACE_OUTER_BOUND('',#776,.T.);
#543=FACE_OUTER_BOUND('',#778,.T.);
#544=FACE_OUTER_BOUND('',#779,.T.);
#545=FACE_OUTER_BOUND('',#781,.T.);
#546=FACE_OUTER_BOUND('',#783,.T.);
#547=FACE_OUTER_BOUND('',#785,.T.);
#548=FACE_OUTER_BOUND('',#786,.T.);
#549=FACE_OUTER_BOUND('',#787,.T.);
#550=FACE_OUTER_BOUND('',#788,.T.);
#551=FACE_OUTER_BOUND('',#789,.T.);
#552=FACE_OUTER_BOUND('',#790,.T.);
#553=FACE_OUTER_BOUND('',#791,.T.);
#554=FACE_OUTER_BOUND('',#792,.T.);
#555=FACE_OUTER_BOUND('',#793,.T.);
#556=FACE_OUTER_BOUND('',#794,.T.);
#557=FACE_OUTER_BOUND('',#795,.T.);
#558=FACE_OUTER_BOUND('',#796,.T.);
#559=FACE_OUTER_BOUND('',#797,.T.);
#560=FACE_OUTER_BOUND('',#798,.T.);
#561=FACE_OUTER_BOUND('',#799,.T.);
#562=FACE_OUTER_BOUND('',#800,.T.);
#563=FACE_OUTER_BOUND('',#801,.T.);
#564=FACE_OUTER_BOUND('',#802,.T.);
#565=FACE_OUTER_BOUND('',#803,.T.);
#566=FACE_OUTER_BOUND('',#804,.T.);
#567=FACE_OUTER_BOUND('',#805,.T.);
#568=FACE_OUTER_BOUND('',#806,.T.);
#569=FACE_OUTER_BOUND('',#807,.T.);
#570=FACE_OUTER_BOUND('',#808,.T.);
#571=FACE_OUTER_BOUND('',#809,.T.);
#572=FACE_OUTER_BOUND('',#810,.T.);
#573=FACE_OUTER_BOUND('',#811,.T.);
#574=FACE_OUTER_BOUND('',#812,.T.);
#575=FACE_OUTER_BOUND('',#813,.T.);
#576=FACE_OUTER_BOUND('',#814,.T.);
#577=FACE_OUTER_BOUND('',#815,.T.);
#578=FACE_OUTER_BOUND('',#816,.T.);
#579=FACE_OUTER_BOUND('',#817,.T.);
#580=FACE_OUTER_BOUND('',#818,.T.);
#581=FACE_OUTER_BOUND('',#819,.T.);
#582=FACE_OUTER_BOUND('',#820,.T.);
#583=FACE_OUTER_BOUND('',#821,.T.);
#584=FACE_OUTER_BOUND('',#822,.T.);
#585=FACE_OUTER_BOUND('',#823,.T.);
#586=FACE_OUTER_BOUND('',#824,.T.);
#587=FACE_OUTER_BOUND('',#825,.T.);
#588=FACE_OUTER_BOUND('',#826,.T.);
#589=FACE_OUTER_BOUND('',#827,.T.);
#590=FACE_OUTER_BOUND('',#828,.T.);
#591=FACE_OUTER_BOUND('',#829,.T.);
#592=FACE_OUTER_BOUND('',#830,.T.);
#593=FACE_OUTER_BOUND('',#831,.T.);
#594=FACE_OUTER_BOUND('',#832,.T.);
#595=FACE_OUTER_BOUND('',#833,.T.);
#596=FACE_OUTER_BOUND('',#834,.T.);
#597=FACE_OUTER_BOUND('',#835,.T.);
#598=FACE_OUTER_BOUND('',#836,.T.);
#599=FACE_OUTER_BOUND('',#837,.T.);
#600=FACE_OUTER_BOUND('',#838,.T.);
#601=FACE_OUTER_BOUND('',#839,.T.);
#602=FACE_OUTER_BOUND('',#840,.T.);
#603=FACE_OUTER_BOUND('',#841,.T.);
#604=FACE_OUTER_BOUND('',#842,.T.);
#605=FACE_OUTER_BOUND('',#843,.T.);
#606=FACE_OUTER_BOUND('',#844,.T.);
#607=FACE_OUTER_BOUND('',#845,.T.);
#608=FACE_OUTER_BOUND('',#846,.T.);
#609=FACE_OUTER_BOUND('',#847,.T.);
#610=FACE_OUTER_BOUND('',#848,.T.);
#611=FACE_OUTER_BOUND('',#850,.T.);
#612=FACE_OUTER_BOUND('',#852,.T.);
#613=FACE_OUTER_BOUND('',#854,.T.);
#614=FACE_OUTER_BOUND('',#855,.T.);
#615=FACE_OUTER_BOUND('',#856,.T.);
#616=FACE_OUTER_BOUND('',#858,.T.);
#617=FACE_OUTER_BOUND('',#860,.T.);
#618=FACE_OUTER_BOUND('',#861,.T.);
#619=FACE_OUTER_BOUND('',#862,.T.);
#620=FACE_OUTER_BOUND('',#864,.T.);
#621=FACE_OUTER_BOUND('',#866,.T.);
#622=FACE_OUTER_BOUND('',#867,.T.);
#623=FACE_OUTER_BOUND('',#869,.T.);
#624=FACE_OUTER_BOUND('',#871,.T.);
#625=FACE_OUTER_BOUND('',#872,.T.);
#626=FACE_OUTER_BOUND('',#874,.T.);
#627=FACE_OUTER_BOUND('',#875,.T.);
#628=FACE_OUTER_BOUND('',#876,.T.);
#629=FACE_OUTER_BOUND('',#877,.T.);
#630=FACE_OUTER_BOUND('',#878,.T.);
#631=FACE_OUTER_BOUND('',#879,.T.);
#632=FACE_OUTER_BOUND('',#880,.T.);
#633=FACE_OUTER_BOUND('',#881,.T.);
#634=FACE_OUTER_BOUND('',#882,.T.);
#635=FACE_OUTER_BOUND('',#883,.T.);
#636=FACE_OUTER_BOUND('',#884,.T.);
#637=FACE_OUTER_BOUND('',#885,.T.);
#638=FACE_OUTER_BOUND('',#886,.T.);
#639=FACE_OUTER_BOUND('',#887,.T.);
#640=FACE_OUTER_BOUND('',#888,.T.);
#641=FACE_OUTER_BOUND('',#889,.T.);
#642=FACE_OUTER_BOUND('',#890,.T.);
#643=FACE_OUTER_BOUND('',#891,.T.);
#644=FACE_OUTER_BOUND('',#892,.T.);
#645=FACE_OUTER_BOUND('',#893,.T.);
#646=FACE_OUTER_BOUND('',#894,.T.);
#647=FACE_OUTER_BOUND('',#895,.T.);
#648=FACE_OUTER_BOUND('',#896,.T.);
#649=FACE_OUTER_BOUND('',#897,.T.);
#650=FACE_OUTER_BOUND('',#898,.T.);
#651=FACE_OUTER_BOUND('',#899,.T.);
#652=FACE_OUTER_BOUND('',#900,.T.);
#653=FACE_OUTER_BOUND('',#901,.T.);
#654=FACE_OUTER_BOUND('',#902,.T.);
#655=FACE_OUTER_BOUND('',#903,.T.);
#656=FACE_OUTER_BOUND('',#904,.T.);
#657=FACE_OUTER_BOUND('',#905,.T.);
#658=FACE_OUTER_BOUND('',#906,.T.);
#659=FACE_OUTER_BOUND('',#907,.T.);
#660=FACE_OUTER_BOUND('',#908,.T.);
#661=FACE_OUTER_BOUND('',#909,.T.);
#662=FACE_OUTER_BOUND('',#910,.T.);
#663=FACE_OUTER_BOUND('',#911,.T.);
#664=FACE_OUTER_BOUND('',#912,.T.);
#665=FACE_OUTER_BOUND('',#913,.T.);
#666=FACE_OUTER_BOUND('',#914,.T.);
#667=FACE_OUTER_BOUND('',#915,.T.);
#668=FACE_OUTER_BOUND('',#916,.T.);
#669=FACE_OUTER_BOUND('',#917,.T.);
#670=FACE_OUTER_BOUND('',#918,.T.);
#671=FACE_OUTER_BOUND('',#919,.T.);
#672=FACE_OUTER_BOUND('',#920,.T.);
#673=FACE_OUTER_BOUND('',#921,.T.);
#674=FACE_OUTER_BOUND('',#922,.T.);
#675=FACE_OUTER_BOUND('',#923,.T.);
#676=FACE_OUTER_BOUND('',#924,.T.);
#677=FACE_OUTER_BOUND('',#925,.T.);
#678=FACE_OUTER_BOUND('',#933,.T.);
#679=FACE_OUTER_BOUND('',#934,.T.);
#680=FACE_OUTER_BOUND('',#935,.T.);
#681=FACE_OUTER_BOUND('',#936,.T.);
#682=FACE_OUTER_BOUND('',#937,.T.);
#683=FACE_OUTER_BOUND('',#938,.T.);
#684=FACE_OUTER_BOUND('',#939,.T.);
#685=FACE_OUTER_BOUND('',#940,.T.);
#686=FACE_OUTER_BOUND('',#941,.T.);
#687=FACE_OUTER_BOUND('',#942,.T.);
#688=FACE_OUTER_BOUND('',#943,.T.);
#689=FACE_OUTER_BOUND('',#944,.T.);
#690=FACE_OUTER_BOUND('',#945,.T.);
#691=FACE_OUTER_BOUND('',#946,.T.);
#692=FACE_OUTER_BOUND('',#947,.T.);
#693=FACE_OUTER_BOUND('',#948,.T.);
#694=FACE_OUTER_BOUND('',#949,.T.);
#695=FACE_OUTER_BOUND('',#950,.T.);
#696=FACE_OUTER_BOUND('',#951,.T.);
#697=FACE_OUTER_BOUND('',#952,.T.);
#698=FACE_OUTER_BOUND('',#953,.T.);
#699=FACE_OUTER_BOUND('',#954,.T.);
#700=FACE_OUTER_BOUND('',#955,.T.);
#701=FACE_OUTER_BOUND('',#956,.T.);
#702=FACE_OUTER_BOUND('',#957,.T.);
#703=FACE_OUTER_BOUND('',#958,.T.);
#704=FACE_OUTER_BOUND('',#959,.T.);
#705=FACE_OUTER_BOUND('',#961,.T.);
#706=FACE_OUTER_BOUND('',#963,.T.);
#707=FACE_OUTER_BOUND('',#964,.T.);
#708=FACE_OUTER_BOUND('',#965,.T.);
#709=FACE_OUTER_BOUND('',#966,.T.);
#710=FACE_OUTER_BOUND('',#968,.T.);
#711=FACE_OUTER_BOUND('',#970,.T.);
#712=FACE_OUTER_BOUND('',#971,.T.);
#713=FACE_OUTER_BOUND('',#972,.T.);
#714=FACE_OUTER_BOUND('',#973,.T.);
#715=FACE_OUTER_BOUND('',#974,.T.);
#716=FACE_OUTER_BOUND('',#975,.T.);
#717=FACE_OUTER_BOUND('',#976,.T.);
#718=FACE_OUTER_BOUND('',#977,.T.);
#719=FACE_OUTER_BOUND('',#978,.T.);
#720=FACE_OUTER_BOUND('',#979,.T.);
#721=FACE_OUTER_BOUND('',#980,.T.);
#722=FACE_OUTER_BOUND('',#981,.T.);
#723=FACE_OUTER_BOUND('',#982,.T.);
#724=FACE_OUTER_BOUND('',#983,.T.);
#725=FACE_OUTER_BOUND('',#984,.T.);
#726=FACE_OUTER_BOUND('',#985,.T.);
#727=FACE_OUTER_BOUND('',#986,.T.);
#728=FACE_OUTER_BOUND('',#987,.T.);
#729=FACE_OUTER_BOUND('',#988,.T.);
#730=FACE_OUTER_BOUND('',#989,.T.);
#731=FACE_OUTER_BOUND('',#990,.T.);
#732=FACE_OUTER_BOUND('',#991,.T.);
#733=FACE_OUTER_BOUND('',#992,.T.);
#734=FACE_OUTER_BOUND('',#993,.T.);
#735=FACE_OUTER_BOUND('',#994,.T.);
#736=FACE_OUTER_BOUND('',#995,.T.);
#737=FACE_OUTER_BOUND('',#996,.T.);
#738=FACE_OUTER_BOUND('',#997,.T.);
#739=FACE_OUTER_BOUND('',#998,.T.);
#740=FACE_OUTER_BOUND('',#999,.T.);
#741=FACE_OUTER_BOUND('',#1000,.T.);
#742=FACE_OUTER_BOUND('',#1001,.T.);
#743=FACE_OUTER_BOUND('',#1003,.T.);
#744=FACE_OUTER_BOUND('',#1005,.T.);
#745=FACE_OUTER_BOUND('',#1007,.T.);
#746=FACE_OUTER_BOUND('',#1009,.T.);
#747=FACE_OUTER_BOUND('',#1011,.T.);
#748=FACE_OUTER_BOUND('',#1013,.T.);
#749=FACE_OUTER_BOUND('',#1015,.T.);
#750=FACE_OUTER_BOUND('',#1017,.T.);
#751=FACE_OUTER_BOUND('',#1019,.T.);
#752=FACE_OUTER_BOUND('',#1021,.T.);
#753=FACE_OUTER_BOUND('',#1022,.T.);
#754=FACE_OUTER_BOUND('',#1023,.T.);
#755=EDGE_LOOP('',(#2087));
#756=EDGE_LOOP('',(#2088));
#757=EDGE_LOOP('',(#2089,#2090,#2091,#2092));
#758=EDGE_LOOP('',(#2093,#2094,#2095,#2096));
#759=EDGE_LOOP('',(#2097,#2098,#2099,#2100));
#760=EDGE_LOOP('',(#2101,#2102,#2103,#2104));
#761=EDGE_LOOP('',(#2105,#2106,#2107,#2108));
#762=EDGE_LOOP('',(#2109));
#763=EDGE_LOOP('',(#2110,#2111,#2112,#2113));
#764=EDGE_LOOP('',(#2114));
#765=EDGE_LOOP('',(#2115));
#766=EDGE_LOOP('',(#2116));
#767=EDGE_LOOP('',(#2117,#2118,#2119,#2120,#2121,#2122,#2123,#2124,#2125,
#2126,#2127,#2128,#2129,#2130,#2131,#2132,#2133,#2134,#2135,#2136));
#768=EDGE_LOOP('',(#2137));
#769=EDGE_LOOP('',(#2138));
#770=EDGE_LOOP('',(#2139));
#771=EDGE_LOOP('',(#2140));
#772=EDGE_LOOP('',(#2141));
#773=EDGE_LOOP('',(#2142));
#774=EDGE_LOOP('',(#2143));
#775=EDGE_LOOP('',(#2144));
#776=EDGE_LOOP('',(#2145,#2146));
#777=EDGE_LOOP('',(#2147));
#778=EDGE_LOOP('',(#2148,#2149,#2150,#2151,#2152,#2153,#2154,#2155));
#779=EDGE_LOOP('',(#2156));
#780=EDGE_LOOP('',(#2157));
#781=EDGE_LOOP('',(#2158,#2159));
#782=EDGE_LOOP('',(#2160));
#783=EDGE_LOOP('',(#2161));
#784=EDGE_LOOP('',(#2162));
#785=EDGE_LOOP('',(#2163,#2164,#2165,#2166,#2167,#2168));
#786=EDGE_LOOP('',(#2169,#2170,#2171));
#787=EDGE_LOOP('',(#2172,#2173,#2174));
#788=EDGE_LOOP('',(#2175,#2176,#2177,#2178,#2179,#2180,#2181));
#789=EDGE_LOOP('',(#2182,#2183,#2184,#2185));
#790=EDGE_LOOP('',(#2186,#2187,#2188,#2189));
#791=EDGE_LOOP('',(#2190,#2191,#2192,#2193,#2194,#2195,#2196));
#792=EDGE_LOOP('',(#2197,#2198,#2199,#2200,#2201,#2202));
#793=EDGE_LOOP('',(#2203,#2204,#2205,#2206));
#794=EDGE_LOOP('',(#2207,#2208,#2209,#2210));
#795=EDGE_LOOP('',(#2211,#2212,#2213,#2214));
#796=EDGE_LOOP('',(#2215,#2216,#2217,#2218));
#797=EDGE_LOOP('',(#2219,#2220,#2221,#2222));
#798=EDGE_LOOP('',(#2223,#2224,#2225,#2226));
#799=EDGE_LOOP('',(#2227,#2228,#2229,#2230));
#800=EDGE_LOOP('',(#2231,#2232,#2233,#2234));
#801=EDGE_LOOP('',(#2235,#2236,#2237,#2238));
#802=EDGE_LOOP('',(#2239,#2240,#2241,#2242));
#803=EDGE_LOOP('',(#2243,#2244,#2245,#2246));
#804=EDGE_LOOP('',(#2247,#2248,#2249));
#805=EDGE_LOOP('',(#2250,#2251,#2252,#2253,#2254,#2255,#2256));
#806=EDGE_LOOP('',(#2257,#2258,#2259,#2260,#2261));
#807=EDGE_LOOP('',(#2262,#2263,#2264,#2265));
#808=EDGE_LOOP('',(#2266,#2267,#2268,#2269));
#809=EDGE_LOOP('',(#2270,#2271,#2272,#2273));
#810=EDGE_LOOP('',(#2274,#2275,#2276,#2277));
#811=EDGE_LOOP('',(#2278,#2279,#2280,#2281,#2282));
#812=EDGE_LOOP('',(#2283,#2284,#2285));
#813=EDGE_LOOP('',(#2286,#2287,#2288,#2289,#2290,#2291,#2292));
#814=EDGE_LOOP('',(#2293,#2294,#2295,#2296));
#815=EDGE_LOOP('',(#2297,#2298,#2299,#2300));
#816=EDGE_LOOP('',(#2301,#2302,#2303,#2304));
#817=EDGE_LOOP('',(#2305,#2306,#2307,#2308));
#818=EDGE_LOOP('',(#2309,#2310,#2311,#2312));
#819=EDGE_LOOP('',(#2313,#2314,#2315,#2316));
#820=EDGE_LOOP('',(#2317,#2318,#2319,#2320));
#821=EDGE_LOOP('',(#2321,#2322,#2323,#2324));
#822=EDGE_LOOP('',(#2325,#2326,#2327,#2328));
#823=EDGE_LOOP('',(#2329,#2330,#2331,#2332));
#824=EDGE_LOOP('',(#2333,#2334,#2335,#2336));
#825=EDGE_LOOP('',(#2337,#2338,#2339,#2340));
#826=EDGE_LOOP('',(#2341,#2342,#2343,#2344));
#827=EDGE_LOOP('',(#2345,#2346,#2347,#2348));
#828=EDGE_LOOP('',(#2349,#2350,#2351,#2352));
#829=EDGE_LOOP('',(#2353,#2354,#2355,#2356));
#830=EDGE_LOOP('',(#2357,#2358,#2359,#2360));
#831=EDGE_LOOP('',(#2361,#2362,#2363,#2364));
#832=EDGE_LOOP('',(#2365,#2366,#2367,#2368));
#833=EDGE_LOOP('',(#2369,#2370,#2371,#2372));
#834=EDGE_LOOP('',(#2373,#2374,#2375,#2376));
#835=EDGE_LOOP('',(#2377,#2378,#2379,#2380));
#836=EDGE_LOOP('',(#2381,#2382,#2383,#2384));
#837=EDGE_LOOP('',(#2385,#2386,#2387,#2388));
#838=EDGE_LOOP('',(#2389,#2390,#2391,#2392));
#839=EDGE_LOOP('',(#2393,#2394,#2395,#2396));
#840=EDGE_LOOP('',(#2397,#2398,#2399,#2400));
#841=EDGE_LOOP('',(#2401,#2402,#2403,#2404));
#842=EDGE_LOOP('',(#2405,#2406,#2407,#2408));
#843=EDGE_LOOP('',(#2409,#2410,#2411,#2412));
#844=EDGE_LOOP('',(#2413,#2414,#2415,#2416));
#845=EDGE_LOOP('',(#2417,#2418,#2419,#2420));
#846=EDGE_LOOP('',(#2421,#2422,#2423,#2424));
#847=EDGE_LOOP('',(#2425,#2426,#2427,#2428,#2429,#2430,#2431,#2432));
#848=EDGE_LOOP('',(#2433));
#849=EDGE_LOOP('',(#2434));
#850=EDGE_LOOP('',(#2435));
#851=EDGE_LOOP('',(#2436,#2437,#2438,#2439));
#852=EDGE_LOOP('',(#2440));
#853=EDGE_LOOP('',(#2441,#2442,#2443,#2444));
#854=EDGE_LOOP('',(#2445,#2446,#2447,#2448));
#855=EDGE_LOOP('',(#2449,#2450,#2451,#2452));
#856=EDGE_LOOP('',(#2453));
#857=EDGE_LOOP('',(#2454));
#858=EDGE_LOOP('',(#2455));
#859=EDGE_LOOP('',(#2456,#2457,#2458,#2459));
#860=EDGE_LOOP('',(#2460,#2461,#2462,#2463,#2464,#2465,#2466,#2467));
#861=EDGE_LOOP('',(#2468,#2469,#2470,#2471));
#862=EDGE_LOOP('',(#2472));
#863=EDGE_LOOP('',(#2473));
#864=EDGE_LOOP('',(#2474));
#865=EDGE_LOOP('',(#2475,#2476));
#866=EDGE_LOOP('',(#2477,#2478,#2479,#2480,#2481,#2482,#2483,#2484,#2485,
#2486,#2487,#2488,#2489,#2490,#2491,#2492));
#867=EDGE_LOOP('',(#2493));
#868=EDGE_LOOP('',(#2494));
#869=EDGE_LOOP('',(#2495));
#870=EDGE_LOOP('',(#2496,#2497,#2498,#2499));
#871=EDGE_LOOP('',(#2500,#2501,#2502,#2503,#2504,#2505,#2506,#2507));
#872=EDGE_LOOP('',(#2508));
#873=EDGE_LOOP('',(#2509));
#874=EDGE_LOOP('',(#2510));
#875=EDGE_LOOP('',(#2511));
#876=EDGE_LOOP('',(#2512));
#877=EDGE_LOOP('',(#2513,#2514,#2515));
#878=EDGE_LOOP('',(#2516,#2517,#2518,#2519));
#879=EDGE_LOOP('',(#2520,#2521,#2522));
#880=EDGE_LOOP('',(#2523,#2524,#2525,#2526));
#881=EDGE_LOOP('',(#2527,#2528,#2529,#2530));
#882=EDGE_LOOP('',(#2531,#2532,#2533,#2534));
#883=EDGE_LOOP('',(#2535,#2536,#2537,#2538));
#884=EDGE_LOOP('',(#2539,#2540,#2541,#2542));
#885=EDGE_LOOP('',(#2543,#2544,#2545,#2546));
#886=EDGE_LOOP('',(#2547,#2548,#2549));
#887=EDGE_LOOP('',(#2550,#2551,#2552,#2553));
#888=EDGE_LOOP('',(#2554,#2555,#2556));
#889=EDGE_LOOP('',(#2557,#2558,#2559,#2560,#2561));
#890=EDGE_LOOP('',(#2562,#2563,#2564,#2565));
#891=EDGE_LOOP('',(#2566,#2567,#2568,#2569));
#892=EDGE_LOOP('',(#2570,#2571,#2572,#2573,#2574,#2575,#2576,#2577,#2578,
#2579,#2580));
#893=EDGE_LOOP('',(#2581,#2582,#2583,#2584));
#894=EDGE_LOOP('',(#2585,#2586,#2587));
#895=EDGE_LOOP('',(#2588,#2589,#2590,#2591));
#896=EDGE_LOOP('',(#2592,#2593,#2594,#2595));
#897=EDGE_LOOP('',(#2596,#2597,#2598));
#898=EDGE_LOOP('',(#2599,#2600,#2601,#2602));
#899=EDGE_LOOP('',(#2603,#2604,#2605,#2606));
#900=EDGE_LOOP('',(#2607,#2608,#2609,#2610));
#901=EDGE_LOOP('',(#2611,#2612,#2613,#2614));
#902=EDGE_LOOP('',(#2615,#2616,#2617,#2618));
#903=EDGE_LOOP('',(#2619,#2620,#2621));
#904=EDGE_LOOP('',(#2622,#2623,#2624,#2625));
#905=EDGE_LOOP('',(#2626,#2627,#2628));
#906=EDGE_LOOP('',(#2629,#2630,#2631,#2632,#2633,#2634,#2635,#2636,#2637,
#2638,#2639,#2640,#2641,#2642,#2643));
#907=EDGE_LOOP('',(#2644,#2645,#2646));
#908=EDGE_LOOP('',(#2647,#2648,#2649,#2650));
#909=EDGE_LOOP('',(#2651,#2652,#2653,#2654));
#910=EDGE_LOOP('',(#2655,#2656,#2657,#2658,#2659,#2660,#2661,#2662,#2663,
#2664,#2665));
#911=EDGE_LOOP('',(#2666,#2667,#2668,#2669));
#912=EDGE_LOOP('',(#2670,#2671,#2672,#2673));
#913=EDGE_LOOP('',(#2674,#2675,#2676,#2677));
#914=EDGE_LOOP('',(#2678,#2679,#2680,#2681));
#915=EDGE_LOOP('',(#2682,#2683,#2684,#2685,#2686));
#916=EDGE_LOOP('',(#2687,#2688,#2689,#2690));
#917=EDGE_LOOP('',(#2691,#2692,#2693,#2694));
#918=EDGE_LOOP('',(#2695,#2696,#2697,#2698));
#919=EDGE_LOOP('',(#2699,#2700,#2701,#2702));
#920=EDGE_LOOP('',(#2703,#2704,#2705,#2706));
#921=EDGE_LOOP('',(#2707,#2708,#2709,#2710));
#922=EDGE_LOOP('',(#2711,#2712,#2713,#2714));
#923=EDGE_LOOP('',(#2715,#2716,#2717,#2718));
#924=EDGE_LOOP('',(#2719,#2720,#2721,#2722));
#925=EDGE_LOOP('',(#2723,#2724,#2725,#2726,#2727,#2728,#2729,#2730));
#926=EDGE_LOOP('',(#2731,#2732,#2733,#2734,#2735,#2736));
#927=EDGE_LOOP('',(#2737));
#928=EDGE_LOOP('',(#2738,#2739,#2740,#2741));
#929=EDGE_LOOP('',(#2742,#2743,#2744,#2745));
#930=EDGE_LOOP('',(#2746));
#931=EDGE_LOOP('',(#2747));
#932=EDGE_LOOP('',(#2748,#2749,#2750,#2751,#2752,#2753));
#933=EDGE_LOOP('',(#2754,#2755,#2756,#2757));
#934=EDGE_LOOP('',(#2758,#2759,#2760,#2761));
#935=EDGE_LOOP('',(#2762,#2763,#2764,#2765));
#936=EDGE_LOOP('',(#2766,#2767,#2768,#2769));
#937=EDGE_LOOP('',(#2770,#2771,#2772,#2773));
#938=EDGE_LOOP('',(#2774,#2775,#2776,#2777));
#939=EDGE_LOOP('',(#2778,#2779,#2780,#2781));
#940=EDGE_LOOP('',(#2782,#2783,#2784,#2785));
#941=EDGE_LOOP('',(#2786,#2787,#2788,#2789));
#942=EDGE_LOOP('',(#2790,#2791,#2792,#2793,#2794,#2795));
#943=EDGE_LOOP('',(#2796,#2797,#2798,#2799));
#944=EDGE_LOOP('',(#2800,#2801,#2802,#2803));
#945=EDGE_LOOP('',(#2804,#2805,#2806,#2807));
#946=EDGE_LOOP('',(#2808,#2809,#2810,#2811,#2812,#2813,#2814));
#947=EDGE_LOOP('',(#2815,#2816,#2817,#2818));
#948=EDGE_LOOP('',(#2819,#2820,#2821,#2822));
#949=EDGE_LOOP('',(#2823,#2824,#2825));
#950=EDGE_LOOP('',(#2826,#2827,#2828,#2829,#2830,#2831));
#951=EDGE_LOOP('',(#2832,#2833,#2834,#2835));
#952=EDGE_LOOP('',(#2836,#2837,#2838,#2839));
#953=EDGE_LOOP('',(#2840,#2841,#2842,#2843));
#954=EDGE_LOOP('',(#2844,#2845,#2846,#2847));
#955=EDGE_LOOP('',(#2848,#2849,#2850,#2851,#2852,#2853,#2854));
#956=EDGE_LOOP('',(#2855,#2856,#2857,#2858));
#957=EDGE_LOOP('',(#2859,#2860,#2861,#2862));
#958=EDGE_LOOP('',(#2863,#2864,#2865,#2866));
#959=EDGE_LOOP('',(#2867));
#960=EDGE_LOOP('',(#2868));
#961=EDGE_LOOP('',(#2869));
#962=EDGE_LOOP('',(#2870));
#963=EDGE_LOOP('',(#2871,#2872,#2873,#2874,#2875,#2876,#2877,#2878,#2879,
#2880,#2881,#2882,#2883,#2884,#2885));
#964=EDGE_LOOP('',(#2886,#2887,#2888,#2889));
#965=EDGE_LOOP('',(#2890,#2891,#2892,#2893));
#966=EDGE_LOOP('',(#2894,#2895,#2896,#2897));
#967=EDGE_LOOP('',(#2898));
#968=EDGE_LOOP('',(#2899));
#969=EDGE_LOOP('',(#2900));
#970=EDGE_LOOP('',(#2901,#2902,#2903,#2904));
#971=EDGE_LOOP('',(#2905,#2906,#2907,#2908));
#972=EDGE_LOOP('',(#2909,#2910,#2911,#2912));
#973=EDGE_LOOP('',(#2913,#2914,#2915,#2916));
#974=EDGE_LOOP('',(#2917,#2918,#2919,#2920));
#975=EDGE_LOOP('',(#2921,#2922,#2923,#2924));
#976=EDGE_LOOP('',(#2925,#2926,#2927,#2928));
#977=EDGE_LOOP('',(#2929,#2930,#2931,#2932));
#978=EDGE_LOOP('',(#2933,#2934,#2935,#2936));
#979=EDGE_LOOP('',(#2937,#2938,#2939,#2940));
#980=EDGE_LOOP('',(#2941,#2942,#2943,#2944));
#981=EDGE_LOOP('',(#2945,#2946,#2947,#2948));
#982=EDGE_LOOP('',(#2949,#2950,#2951,#2952));
#983=EDGE_LOOP('',(#2953,#2954,#2955,#2956));
#984=EDGE_LOOP('',(#2957,#2958,#2959,#2960));
#985=EDGE_LOOP('',(#2961,#2962,#2963,#2964));
#986=EDGE_LOOP('',(#2965,#2966,#2967,#2968));
#987=EDGE_LOOP('',(#2969,#2970,#2971,#2972));
#988=EDGE_LOOP('',(#2973,#2974,#2975,#2976));
#989=EDGE_LOOP('',(#2977,#2978,#2979,#2980));
#990=EDGE_LOOP('',(#2981,#2982,#2983,#2984));
#991=EDGE_LOOP('',(#2985,#2986,#2987,#2988));
#992=EDGE_LOOP('',(#2989,#2990,#2991,#2992));
#993=EDGE_LOOP('',(#2993,#2994,#2995,#2996));
#994=EDGE_LOOP('',(#2997,#2998,#2999,#3000));
#995=EDGE_LOOP('',(#3001,#3002,#3003,#3004));
#996=EDGE_LOOP('',(#3005,#3006,#3007,#3008));
#997=EDGE_LOOP('',(#3009,#3010,#3011,#3012));
#998=EDGE_LOOP('',(#3013,#3014,#3015,#3016));
#999=EDGE_LOOP('',(#3017,#3018,#3019,#3020));
#1000=EDGE_LOOP('',(#3021,#3022,#3023,#3024));
#1001=EDGE_LOOP('',(#3025));
#1002=EDGE_LOOP('',(#3026));
#1003=EDGE_LOOP('',(#3027));
#1004=EDGE_LOOP('',(#3028));
#1005=EDGE_LOOP('',(#3029));
#1006=EDGE_LOOP('',(#3030));
#1007=EDGE_LOOP('',(#3031));
#1008=EDGE_LOOP('',(#3032));
#1009=EDGE_LOOP('',(#3033));
#1010=EDGE_LOOP('',(#3034));
#1011=EDGE_LOOP('',(#3035));
#1012=EDGE_LOOP('',(#3036));
#1013=EDGE_LOOP('',(#3037));
#1014=EDGE_LOOP('',(#3038));
#1015=EDGE_LOOP('',(#3039));
#1016=EDGE_LOOP('',(#3040));
#1017=EDGE_LOOP('',(#3041));
#1018=EDGE_LOOP('',(#3042));
#1019=EDGE_LOOP('',(#3043));
#1020=EDGE_LOOP('',(#3044));
#1021=EDGE_LOOP('',(#3045,#3046,#3047,#3048));
#1022=EDGE_LOOP('',(#3049,#3050,#3051,#3052));
#1023=EDGE_LOOP('',(#3053,#3054,#3055,#3056));
#1024=CIRCLE('',#3379,2.25000000000001);
#1025=CIRCLE('',#3380,2.25000000000001);
#1026=CIRCLE('',#3388,3.99999999999997);
#1027=CIRCLE('',#3389,2.99999999999997);
#1028=CIRCLE('',#3391,6.49999999999999);
#1029=CIRCLE('',#3392,261.277214729394);
#1030=CIRCLE('',#3393,6.5);
#1031=CIRCLE('',#3394,261.277214729394);
#1032=CIRCLE('',#3395,5.99999999999998);
#1033=CIRCLE('',#3396,273.277214729394);
#1034=CIRCLE('',#3397,14.);
#1035=CIRCLE('',#3398,4.49999999999999);
#1036=CIRCLE('',#3399,274.277214729394);
#1037=CIRCLE('',#3400,4.5);
#1038=CIRCLE('',#3401,4.5);
#1039=CIRCLE('',#3402,274.277214729394);
#1040=CIRCLE('',#3403,4.5);
#1041=CIRCLE('',#3404,14.);
#1042=CIRCLE('',#3405,273.277214729393);
#1043=CIRCLE('',#3406,6.0000000000001);
#1044=CIRCLE('',#3407,261.277214729394);
#1045=CIRCLE('',#3408,4.);
#1046=CIRCLE('',#3410,2.99999999999997);
#1047=CIRCLE('',#3412,3.);
#1048=CIRCLE('',#3414,3.);
#1049=CIRCLE('',#3416,5.49999999999999);
#1050=CIRCLE('',#3418,1.00000000000002);
#1051=CIRCLE('',#3419,260.277214729394);
#1052=CIRCLE('',#3420,1.00000000000001);
#1053=CIRCLE('',#3422,5.49999999999999);
#1054=CIRCLE('',#3424,5.5);
#1055=CIRCLE('',#3426,5.5);
#1056=CIRCLE('',#3428,3.25000001490118);
#1057=CIRCLE('',#3429,2.25000001490118);
#1058=CIRCLE('',#3430,3.25000001490118);
#1059=CIRCLE('',#3432,2.25000001490122);
#1060=CIRCLE('',#3434,2.25000001490116);
#1061=CIRCLE('',#3436,1.);
#1062=CIRCLE('',#3437,39.9999999999998);
#1063=CIRCLE('',#3438,41.9999999999999);
#1064=CIRCLE('',#3439,40.9999999999999);
#1065=CIRCLE('',#3441,3.50000000000001);
#1066=CIRCLE('',#3442,4.50000000000001);
#1067=CIRCLE('',#3444,4.5);
#1068=CIRCLE('',#3445,0.999999999999999);
#1069=CIRCLE('',#3446,3.5);
#1070=CIRCLE('',#3448,41.9999999999999);
#1071=CIRCLE('',#3449,39.9999999999999);
#1072=CIRCLE('',#3450,40.9999999999998);
#1073=CIRCLE('',#3453,2.25000001490116);
#1074=CIRCLE('',#3455,40.);
#1075=CIRCLE('',#3457,3.5);
#1076=CIRCLE('',#3460,3.5);
#1077=CIRCLE('',#3464,1.);
#1078=CIRCLE('',#3467,1.);
#1079=CIRCLE('',#3468,3.5);
#1080=CIRCLE('',#3470,1.00000000000002);
#1081=CIRCLE('',#3471,275.277214729394);
#1082=CIRCLE('',#3473,1.);
#1083=CIRCLE('',#3474,3.49999999999999);
#1084=CIRCLE('',#3476,2.25000001490117);
#1085=CIRCLE('',#3478,0.999999999999999);
#1086=CIRCLE('',#3479,42.);
#1087=CIRCLE('',#3480,40.);
#1088=CIRCLE('',#3481,14.);
#1089=CIRCLE('',#3483,1.);
#1090=CIRCLE('',#3484,13.);
#1091=CIRCLE('',#3486,1.00000000000002);
#1092=CIRCLE('',#3487,274.277214729394);
#1093=CIRCLE('',#3489,6.99999999999998);
#1094=CIRCLE('',#3491,0.999999999999993);
#1095=CIRCLE('',#3492,7.0000000000001);
#1096=CIRCLE('',#3494,1.00000000000002);
#1097=CIRCLE('',#3495,274.277214729393);
#1098=CIRCLE('',#3497,0.999999999999994);
#1099=CIRCLE('',#3498,13.);
#1100=CIRCLE('',#3499,41.);
#1101=CIRCLE('',#3501,2.25000001490086);
#1102=CIRCLE('',#3503,1.);
#1103=CIRCLE('',#3504,40.);
#1104=CIRCLE('',#3505,42.0000000000002);
#1105=CIRCLE('',#3507,0.999999999999996);
#1106=CIRCLE('',#3508,3.5);
#1107=CIRCLE('',#3510,1.00000000000002);
#1108=CIRCLE('',#3511,275.277214729394);
#1109=CIRCLE('',#3513,0.999999999999999);
#1110=CIRCLE('',#3514,3.5);
#1111=CIRCLE('',#3519,2.25000001490117);
#1112=CIRCLE('',#3521,42.);
#1113=CIRCLE('',#3523,13.);
#1114=CIRCLE('',#3525,274.277214729349);
#1115=CIRCLE('',#3527,7.);
#1116=CIRCLE('',#3529,260.277214729349);
#1117=CIRCLE('',#3531,7.00000000000001);
#1118=CIRCLE('',#3533,274.277214729349);
#1119=CIRCLE('',#3535,13.);
#1120=CIRCLE('',#3537,42.);
#1121=CIRCLE('',#3539,2.25000001490086);
#1122=CIRCLE('',#3541,40.);
#1123=CIRCLE('',#3543,3.5);
#1124=CIRCLE('',#3545,275.277214729349);
#1125=CIRCLE('',#3547,3.5);
#1126=CIRCLE('',#3550,3.5);
#1127=CIRCLE('',#3552,275.277214729349);
#1128=CIRCLE('',#3554,3.5);
#1129=CIRCLE('',#3556,40.);
#1130=CIRCLE('',#3558,2.25000001490118);
#1131=CIRCLE('',#3560,42.);
#1132=CIRCLE('',#3562,2.25000001490122);
#1133=CIRCLE('',#3564,40.);
#1134=CIRCLE('',#3566,42.);
#1135=CIRCLE('',#3568,42.);
#1136=CIRCLE('',#3569,1.25);
#1137=CIRCLE('',#3570,40.);
#1138=CIRCLE('',#3572,42.);
#1139=CIRCLE('',#3573,1.25);
#1140=CIRCLE('',#3574,42.);
#1141=CIRCLE('',#3576,40.);
#1142=CIRCLE('',#3577,1.25);
#1143=CIRCLE('',#3578,42.);
#1144=CIRCLE('',#3581,3.5);
#1145=CIRCLE('',#3583,1.54299999999999);
#1146=CIRCLE('',#3584,1.2645);
#1147=CIRCLE('',#3586,1.543);
#1148=CIRCLE('',#3587,1.2645);
#1149=CIRCLE('',#3589,40.);
#1150=CIRCLE('',#3590,1.25);
#1151=CIRCLE('',#3591,42.);
#1152=CIRCLE('',#3594,3.5);
#1153=CIRCLE('',#3596,0.950000000000006);
#1154=CIRCLE('',#3597,1.25);
#1155=CIRCLE('',#3599,2.);
#1156=CIRCLE('',#3600,38.);
#1157=CIRCLE('',#3601,2.);
#1158=CIRCLE('',#3602,40.);
#1159=CIRCLE('',#3604,42.);
#1160=CIRCLE('',#3606,0.950000000000006);
#1161=CIRCLE('',#3608,0.950000000000006);
#1162=CIRCLE('',#3610,3.00000000000001);
#1163=CIRCLE('',#3611,45.);
#1164=CIRCLE('',#3612,2.99999999999999);
#1165=CIRCLE('',#3614,0.950000000000006);
#1166=CIRCLE('',#3616,0.950000000000006);
#1167=CIRCLE('',#3618,2.00000000000003);
#1168=CIRCLE('',#3619,38.);
#1169=CIRCLE('',#3620,2.00000000000001);
#1170=CIRCLE('',#3622,0.950000000000006);
#1171=CIRCLE('',#3627,0.799999999999983);
#1172=CIRCLE('',#3628,0.800000000000001);
#1173=CIRCLE('',#3629,0.800000000000001);
#1174=CIRCLE('',#3631,0.800000000000001);
#1175=CIRCLE('',#3633,0.800000000000001);
#1176=CIRCLE('',#3634,0.800000000000001);
#1177=CIRCLE('',#3635,0.800000000000001);
#1178=CIRCLE('',#3637,0.800000000000001);
#1179=CIRCLE('',#3639,0.8);
#1180=CIRCLE('',#3640,1.6);
#1181=CIRCLE('',#3642,0.799999999999983);
#1182=CIRCLE('',#3645,0.800000000000001);
#1183=CIRCLE('',#3647,0.800000000000001);
#1184=CIRCLE('',#3648,0.800000000000001);
#1185=CIRCLE('',#3650,0.800000000000003);
#1186=CIRCLE('',#3653,0.800000000000003);
#1187=CIRCLE('',#3656,0.800000000000001);
#1188=CIRCLE('',#3660,0.800000000000001);
#1189=CIRCLE('',#3661,0.800000000000001);
#1190=CIRCLE('',#3662,0.800000000000001);
#1191=CIRCLE('',#3664,0.800000000000001);
#1192=CIRCLE('',#3666,0.800000000000001);
#1193=CIRCLE('',#3668,0.800000000000001);
#1194=CIRCLE('',#3669,0.800000000000001);
#1195=CIRCLE('',#3670,0.800000000000001);
#1196=CIRCLE('',#3672,0.800000000000001);
#1197=CIRCLE('',#3674,1.6);
#1198=CIRCLE('',#3675,0.8);
#1199=CIRCLE('',#3678,0.800000000000001);
#1200=CIRCLE('',#3680,0.800000000000001);
#1201=CIRCLE('',#3681,0.800000000000018);
#1202=CIRCLE('',#3683,0.800000000000003);
#1203=CIRCLE('',#3686,0.800000000000003);
#1204=CIRCLE('',#3691,0.800000000000018);
#1205=CIRCLE('',#3694,0.800000000000001);
#1206=CIRCLE('',#3698,2.);
#1207=CIRCLE('',#3699,277.277214729349);
#1208=CIRCLE('',#3700,1.99999999999999);
#1209=CIRCLE('',#3701,275.277214729349);
#1210=CIRCLE('',#3703,1.99999999999999);
#1211=CIRCLE('',#3704,3.5);
#1212=CIRCLE('',#3705,1.5);
#1213=CIRCLE('',#3707,1.99999999999999);
#1214=CIRCLE('',#3709,1.99999999999999);
#1215=CIRCLE('',#3710,3.5);
#1216=CIRCLE('',#3711,1.5);
#1217=CIRCLE('',#3713,2.);
#1218=CIRCLE('',#3714,40.);
#1219=CIRCLE('',#3715,38.);
#1220=CIRCLE('',#3717,1.5);
#1221=CIRCLE('',#3718,3.5);
#1222=CIRCLE('',#3720,1.5);
#1223=CIRCLE('',#3722,277.277214729349);
#1224=CIRCLE('',#3724,260.277214729349);
#1225=CIRCLE('',#3725,7.00000000000001);
#1226=CIRCLE('',#3726,274.277214729349);
#1227=CIRCLE('',#3727,13.);
#1228=CIRCLE('',#3728,42.);
#1229=CIRCLE('',#3729,13.);
#1230=CIRCLE('',#3730,274.277214729349);
#1231=CIRCLE('',#3731,7.);
#1232=CIRCLE('',#3732,275.277214729349);
#1233=CIRCLE('',#3733,3.5);
#1234=CIRCLE('',#3734,40.);
#1235=CIRCLE('',#3735,3.5);
#1236=CIRCLE('',#3736,3.5);
#1237=CIRCLE('',#3737,1.75000000000001);
#1238=CIRCLE('',#3738,1.2645);
#1239=CIRCLE('',#3739,1.543);
#1240=CIRCLE('',#3740,1.2645);
#1241=CIRCLE('',#3741,1.54299999999999);
#1242=CIRCLE('',#3742,3.5);
#1243=CIRCLE('',#3743,3.5);
#1244=CIRCLE('',#3745,2.);
#1245=CIRCLE('',#3746,277.277214729349);
#1246=CIRCLE('',#3747,1.99999999999996);
#1247=CIRCLE('',#3749,1.99999999999999);
#1248=CIRCLE('',#3750,1.5);
#1249=CIRCLE('',#3752,2.);
#1250=CIRCLE('',#3753,38.);
#1251=CIRCLE('',#3755,2.00000000000003);
#1252=CIRCLE('',#3756,1.5);
#1253=CIRCLE('',#3758,1.99999999999999);
#1254=CIRCLE('',#3760,1.5);
#1255=CIRCLE('',#3763,1.5);
#1256=CIRCLE('',#3765,277.277214729349);
#1257=CIRCLE('',#3766,1.99999999999999);
#1258=CIRCLE('',#3767,0.800000000000001);
#1259=CIRCLE('',#3769,1.99999999999999);
#1260=CIRCLE('',#3770,2.);
#1261=CIRCLE('',#3771,1.5);
#1262=CIRCLE('',#3773,2.);
#1263=CIRCLE('',#3776,1.5);
#1264=CIRCLE('',#3780,2.);
#1265=CIRCLE('',#3782,2.00000000000001);
#1266=CIRCLE('',#3784,2.00000000000006);
#1267=CIRCLE('',#3786,1.99999999999998);
#1268=CIRCLE('',#3788,1.5);
#1269=CIRCLE('',#3790,1.5);
#1270=CIRCLE('',#3795,2.25000000000001);
#1271=CIRCLE('',#3796,2.25000000000001);
#1272=CIRCLE('',#3798,1.75000000000001);
#1273=CIRCLE('',#3807,3.);
#1274=CIRCLE('',#3808,277.277214729349);
#1275=CIRCLE('',#3809,3.00000000000001);
#1276=CIRCLE('',#3811,10.);
#1277=CIRCLE('',#3813,2.99999999999998);
#1278=CIRCLE('',#3814,10.);
#1279=CIRCLE('',#3816,2.99999999999994);
#1280=CIRCLE('',#3817,277.277214729349);
#1281=CIRCLE('',#3819,2.99999999999999);
#1282=CIRCLE('',#3820,10.);
#1283=CIRCLE('',#3822,2.99999999999998);
#1284=CIRCLE('',#3823,257.277214729349);
#1285=CIRCLE('',#3825,10.);
#1286=CIRCLE('',#3827,10.);
#1287=CIRCLE('',#3829,45.);
#1288=CIRCLE('',#3831,10.);
#1289=CIRCLE('',#3833,277.277214729349);
#1290=CIRCLE('',#3835,2.99999999999999);
#1291=CIRCLE('',#3836,3.);
#1292=CIRCLE('',#3837,257.277214729349);
#1293=CIRCLE('',#3839,3.);
#1294=CIRCLE('',#3840,10.);
#1295=CIRCLE('',#3842,3.);
#1296=CIRCLE('',#3844,3.);
#1297=CIRCLE('',#3846,3.);
#1298=CIRCLE('',#3848,3.);
#1299=CIRCLE('',#3850,3.);
#1300=CIRCLE('',#3851,277.277214729349);
#1301=CIRCLE('',#3853,10.);
#1302=CIRCLE('',#3861,2.5);
#1303=CIRCLE('',#3862,2.5);
#1304=CIRCLE('',#3864,3.5);
#1305=CIRCLE('',#3866,3.5);
#1306=CIRCLE('',#3869,2.5);
#1307=CIRCLE('',#3870,2.5);
#1308=CIRCLE('',#3872,3.5);
#1309=CIRCLE('',#3874,3.5);
#1310=VERTEX_POINT('',#5028);
#1311=VERTEX_POINT('',#5030);
#1312=VERTEX_POINT('',#5033);
#1313=VERTEX_POINT('',#5034);
#1314=VERTEX_POINT('',#5036);
#1315=VERTEX_POINT('',#5038);
#1316=VERTEX_POINT('',#5042);
#1317=VERTEX_POINT('',#5044);
#1318=VERTEX_POINT('',#5048);
#1319=VERTEX_POINT('',#5050);
#1320=VERTEX_POINT('',#5059);
#1321=VERTEX_POINT('',#5061);
#1322=VERTEX_POINT('',#5064);
#1323=VERTEX_POINT('',#5065);
#1324=VERTEX_POINT('',#5067);
#1325=VERTEX_POINT('',#5069);
#1326=VERTEX_POINT('',#5071);
#1327=VERTEX_POINT('',#5073);
#1328=VERTEX_POINT('',#5075);
#1329=VERTEX_POINT('',#5077);
#1330=VERTEX_POINT('',#5079);
#1331=VERTEX_POINT('',#5081);
#1332=VERTEX_POINT('',#5083);
#1333=VERTEX_POINT('',#5085);
#1334=VERTEX_POINT('',#5087);
#1335=VERTEX_POINT('',#5089);
#1336=VERTEX_POINT('',#5091);
#1337=VERTEX_POINT('',#5093);
#1338=VERTEX_POINT('',#5095);
#1339=VERTEX_POINT('',#5097);
#1340=VERTEX_POINT('',#5099);
#1341=VERTEX_POINT('',#5101);
#1342=VERTEX_POINT('',#5104);
#1343=VERTEX_POINT('',#5107);
#1344=VERTEX_POINT('',#5110);
#1345=VERTEX_POINT('',#5113);
#1346=VERTEX_POINT('',#5134);
#1347=VERTEX_POINT('',#5137);
#1348=VERTEX_POINT('',#5139);
#1349=VERTEX_POINT('',#5161);
#1350=VERTEX_POINT('',#5164);
#1351=VERTEX_POINT('',#5167);
#1352=VERTEX_POINT('',#5170);
#1353=VERTEX_POINT('',#5171);
#1354=VERTEX_POINT('',#5190);
#1355=VERTEX_POINT('',#5192);
#1356=VERTEX_POINT('',#5207);
#1357=VERTEX_POINT('',#5209);
#1358=VERTEX_POINT('',#5226);
#1359=VERTEX_POINT('',#5227);
#1360=VERTEX_POINT('',#5242);
#1361=VERTEX_POINT('',#5259);
#1362=VERTEX_POINT('',#5260);
#1363=VERTEX_POINT('',#5277);
#1364=VERTEX_POINT('',#5294);
#1365=VERTEX_POINT('',#5295);
#1366=VERTEX_POINT('',#5301);
#1367=VERTEX_POINT('',#5303);
#1368=VERTEX_POINT('',#5320);
#1369=VERTEX_POINT('',#5321);
#1370=VERTEX_POINT('',#5323);
#1371=VERTEX_POINT('',#5325);
#1372=VERTEX_POINT('',#5350);
#1373=VERTEX_POINT('',#5352);
#1374=VERTEX_POINT('',#5356);
#1375=VERTEX_POINT('',#5360);
#1376=VERTEX_POINT('',#5364);
#1377=VERTEX_POINT('',#5368);
#1378=VERTEX_POINT('',#5374);
#1379=VERTEX_POINT('',#5376);
#1380=VERTEX_POINT('',#5380);
#1381=VERTEX_POINT('',#5384);
#1382=VERTEX_POINT('',#5388);
#1383=VERTEX_POINT('',#5392);
#1384=VERTEX_POINT('',#5393);
#1385=VERTEX_POINT('',#5408);
#1386=VERTEX_POINT('',#5425);
#1387=VERTEX_POINT('',#5426);
#1388=VERTEX_POINT('',#5432);
#1389=VERTEX_POINT('',#5436);
#1390=VERTEX_POINT('',#5442);
#1391=VERTEX_POINT('',#5446);
#1392=VERTEX_POINT('',#5450);
#1393=VERTEX_POINT('',#5451);
#1394=VERTEX_POINT('',#5456);
#1395=VERTEX_POINT('',#5457);
#1396=VERTEX_POINT('',#5474);
#1397=VERTEX_POINT('',#5491);
#1398=VERTEX_POINT('',#5496);
#1399=VERTEX_POINT('',#5500);
#1400=VERTEX_POINT('',#5504);
#1401=VERTEX_POINT('',#5508);
#1402=VERTEX_POINT('',#5514);
#1403=VERTEX_POINT('',#5516);
#1404=VERTEX_POINT('',#5520);
#1405=VERTEX_POINT('',#5524);
#1406=VERTEX_POINT('',#5528);
#1407=VERTEX_POINT('',#5532);
#1408=VERTEX_POINT('',#5536);
#1409=VERTEX_POINT('',#5540);
#1410=VERTEX_POINT('',#5544);
#1411=VERTEX_POINT('',#5548);
#1412=VERTEX_POINT('',#5552);
#1413=VERTEX_POINT('',#5556);
#1414=VERTEX_POINT('',#5560);
#1415=VERTEX_POINT('',#5564);
#1416=VERTEX_POINT('',#5568);
#1417=VERTEX_POINT('',#5572);
#1418=VERTEX_POINT('',#5576);
#1419=VERTEX_POINT('',#5578);
#1420=VERTEX_POINT('',#5582);
#1421=VERTEX_POINT('',#5584);
#1422=VERTEX_POINT('',#5588);
#1423=VERTEX_POINT('',#5592);
#1424=VERTEX_POINT('',#5598);
#1425=VERTEX_POINT('',#5600);
#1426=VERTEX_POINT('',#5604);
#1427=VERTEX_POINT('',#5608);
#1428=VERTEX_POINT('',#5616);
#1429=VERTEX_POINT('',#5618);
#1430=VERTEX_POINT('',#5622);
#1431=VERTEX_POINT('',#5624);
#1432=VERTEX_POINT('',#5628);
#1433=VERTEX_POINT('',#5630);
#1434=VERTEX_POINT('',#5634);
#1435=VERTEX_POINT('',#5641);
#1436=VERTEX_POINT('',#5656);
#1437=VERTEX_POINT('',#5658);
#1438=VERTEX_POINT('',#5660);
#1439=VERTEX_POINT('',#5662);
#1440=VERTEX_POINT('',#5684);
#1441=VERTEX_POINT('',#5687);
#1442=VERTEX_POINT('',#5688);
#1443=VERTEX_POINT('',#5768);
#1444=VERTEX_POINT('',#5770);
#1445=VERTEX_POINT('',#5852);
#1446=VERTEX_POINT('',#5853);
#1447=VERTEX_POINT('',#5933);
#1448=VERTEX_POINT('',#5935);
#1449=VERTEX_POINT('',#6017);
#1450=VERTEX_POINT('',#6019);
#1451=VERTEX_POINT('',#6023);
#1452=VERTEX_POINT('',#6025);
#1453=VERTEX_POINT('',#6029);
#1454=VERTEX_POINT('',#6032);
#1455=VERTEX_POINT('',#6034);
#1456=VERTEX_POINT('',#6058);
#1457=VERTEX_POINT('',#6079);
#1458=VERTEX_POINT('',#6081);
#1459=VERTEX_POINT('',#6088);
#1460=VERTEX_POINT('',#6091);
#1461=VERTEX_POINT('',#6117);
#1462=VERTEX_POINT('',#6119);
#1463=VERTEX_POINT('',#6146);
#1464=VERTEX_POINT('',#6149);
#1465=VERTEX_POINT('',#6170);
#1466=VERTEX_POINT('',#6172);
#1467=VERTEX_POINT('',#6176);
#1468=VERTEX_POINT('',#6182);
#1469=VERTEX_POINT('',#6183);
#1470=VERTEX_POINT('',#6185);
#1471=VERTEX_POINT('',#6189);
#1472=VERTEX_POINT('',#6190);
#1473=VERTEX_POINT('',#6195);
#1474=VERTEX_POINT('',#6196);
#1475=VERTEX_POINT('',#6198);
#1476=VERTEX_POINT('',#6202);
#1477=VERTEX_POINT('',#6203);
#1478=VERTEX_POINT('',#6208);
#1479=VERTEX_POINT('',#6209);
#1480=VERTEX_POINT('',#6227);
#1481=VERTEX_POINT('',#6228);
#1482=VERTEX_POINT('',#6236);
#1483=VERTEX_POINT('',#6237);
#1484=VERTEX_POINT('',#6242);
#1485=VERTEX_POINT('',#6245);
#1486=VERTEX_POINT('',#6312);
#1487=VERTEX_POINT('',#6317);
#1488=VERTEX_POINT('',#6331);
#1489=VERTEX_POINT('',#6335);
#1490=VERTEX_POINT('',#6337);
#1491=VERTEX_POINT('',#6441);
#1492=VERTEX_POINT('',#6443);
#1493=VERTEX_POINT('',#6445);
#1494=VERTEX_POINT('',#6447);
#1495=VERTEX_POINT('',#6449);
#1496=VERTEX_POINT('',#6454);
#1497=VERTEX_POINT('',#6468);
#1498=VERTEX_POINT('',#6469);
#1499=VERTEX_POINT('',#6471);
#1500=VERTEX_POINT('',#6475);
#1501=VERTEX_POINT('',#6476);
#1502=VERTEX_POINT('',#6481);
#1503=VERTEX_POINT('',#6482);
#1504=VERTEX_POINT('',#6487);
#1505=VERTEX_POINT('',#6488);
#1506=VERTEX_POINT('',#6490);
#1507=VERTEX_POINT('',#6494);
#1508=VERTEX_POINT('',#6495);
#1509=VERTEX_POINT('',#6500);
#1510=VERTEX_POINT('',#6501);
#1511=VERTEX_POINT('',#6522);
#1512=VERTEX_POINT('',#6523);
#1513=VERTEX_POINT('',#6528);
#1514=VERTEX_POINT('',#6530);
#1515=VERTEX_POINT('',#6575);
#1516=VERTEX_POINT('',#6577);
#1517=VERTEX_POINT('',#6580);
#1518=VERTEX_POINT('',#6593);
#1519=VERTEX_POINT('',#6611);
#1520=VERTEX_POINT('',#6615);
#1521=VERTEX_POINT('',#6617);
#1522=VERTEX_POINT('',#6623);
#1523=VERTEX_POINT('',#6630);
#1524=VERTEX_POINT('',#6635);
#1525=VERTEX_POINT('',#6637);
#1526=VERTEX_POINT('',#6639);
#1527=VERTEX_POINT('',#6641);
#1528=VERTEX_POINT('',#6856);
#1529=VERTEX_POINT('',#6867);
#1530=VERTEX_POINT('',#6911);
#1531=VERTEX_POINT('',#6912);
#1532=VERTEX_POINT('',#6914);
#1533=VERTEX_POINT('',#6916);
#1534=VERTEX_POINT('',#6920);
#1535=VERTEX_POINT('',#6925);
#1536=VERTEX_POINT('',#6929);
#1537=VERTEX_POINT('',#6930);
#1538=VERTEX_POINT('',#6935);
#1539=VERTEX_POINT('',#6936);
#1540=VERTEX_POINT('',#6944);
#1541=VERTEX_POINT('',#6948);
#1542=VERTEX_POINT('',#6952);
#1543=VERTEX_POINT('',#6953);
#1544=VERTEX_POINT('',#6955);
#1545=VERTEX_POINT('',#6957);
#1546=VERTEX_POINT('',#6959);
#1547=VERTEX_POINT('',#6961);
#1548=VERTEX_POINT('',#6963);
#1549=VERTEX_POINT('',#6965);
#1550=VERTEX_POINT('',#6968);
#1551=VERTEX_POINT('',#6969);
#1552=VERTEX_POINT('',#6971);
#1553=VERTEX_POINT('',#6973);
#1554=VERTEX_POINT('',#6975);
#1555=VERTEX_POINT('',#6977);
#1556=VERTEX_POINT('',#6980);
#1557=VERTEX_POINT('',#6982);
#1558=VERTEX_POINT('',#6983);
#1559=VERTEX_POINT('',#7063);
#1560=VERTEX_POINT('',#7065);
#1561=VERTEX_POINT('',#7146);
#1562=VERTEX_POINT('',#7147);
#1563=VERTEX_POINT('',#7227);
#1564=VERTEX_POINT('',#7229);
#1565=VERTEX_POINT('',#7310);
#1566=VERTEX_POINT('',#7312);
#1567=VERTEX_POINT('',#7315);
#1568=VERTEX_POINT('',#7317);
#1569=VERTEX_POINT('',#7321);
#1570=VERTEX_POINT('',#7325);
#1571=VERTEX_POINT('',#7339);
#1572=VERTEX_POINT('',#7343);
#1573=VERTEX_POINT('',#7669);
#1574=VERTEX_POINT('',#7671);
#1575=VERTEX_POINT('',#8317);
#1576=VERTEX_POINT('',#8319);
#1577=VERTEX_POINT('',#8322);
#1578=VERTEX_POINT('',#8325);
#1579=VERTEX_POINT('',#8327);
#1580=VERTEX_POINT('',#12467);
#1581=VERTEX_POINT('',#12469);
#1582=VERTEX_POINT('',#12475);
#1583=VERTEX_POINT('',#12479);
#1584=VERTEX_POINT('',#12483);
#1585=VERTEX_POINT('',#12487);
#1586=VERTEX_POINT('',#12493);
#1587=VERTEX_POINT('',#12495);
#1588=VERTEX_POINT('',#12499);
#1589=VERTEX_POINT('',#12503);
#1590=VERTEX_POINT('',#12507);
#1591=VERTEX_POINT('',#12511);
#1592=VERTEX_POINT('',#12513);
#1593=VERTEX_POINT('',#12528);
#1594=VERTEX_POINT('',#12543);
#1595=VERTEX_POINT('',#12545);
#1596=VERTEX_POINT('',#12548);
#1597=VERTEX_POINT('',#12551);
#1598=VERTEX_POINT('',#12555);
#1599=VERTEX_POINT('',#12557);
#1600=VERTEX_POINT('',#12560);
#1601=VERTEX_POINT('',#12563);
#1602=EDGE_CURVE('',#1310,#1310,#1024,.T.);
#1603=EDGE_CURVE('',#1311,#1311,#1025,.T.);
#1604=EDGE_CURVE('',#1312,#1313,#180,.T.);
#1605=EDGE_CURVE('',#1313,#1314,#181,.T.);
#1606=EDGE_CURVE('',#1315,#1314,#182,.T.);
#1607=EDGE_CURVE('',#1312,#1315,#183,.T.);
#1608=EDGE_CURVE('',#1316,#1312,#184,.T.);
#1609=EDGE_CURVE('',#1317,#1315,#185,.T.);
#1610=EDGE_CURVE('',#1316,#1317,#186,.T.);
#1611=EDGE_CURVE('',#1318,#1316,#187,.T.);
#1612=EDGE_CURVE('',#1319,#1317,#188,.T.);
#1613=EDGE_CURVE('',#1318,#1319,#189,.T.);
#1614=EDGE_CURVE('',#1313,#1318,#190,.T.);
#1615=EDGE_CURVE('',#1314,#1319,#191,.T.);
#1616=EDGE_CURVE('',#1320,#1320,#1026,.T.);
#1617=EDGE_CURVE('',#1321,#1321,#1027,.T.);
#1618=EDGE_CURVE('',#1322,#1323,#1028,.T.);
#1619=EDGE_CURVE('',#1324,#1322,#1029,.T.);
#1620=EDGE_CURVE('',#1325,#1324,#1030,.T.);
#1621=EDGE_CURVE('',#1326,#1325,#1031,.T.);
#1622=EDGE_CURVE('',#1327,#1326,#1032,.T.);
#1623=EDGE_CURVE('',#1328,#1327,#1033,.T.);
#1624=EDGE_CURVE('',#1329,#1328,#1034,.T.);
#1625=EDGE_CURVE('',#1330,#1329,#1035,.T.);
#1626=EDGE_CURVE('',#1331,#1330,#1036,.T.);
#1627=EDGE_CURVE('',#1332,#1331,#1037,.T.);
#1628=EDGE_CURVE('',#1333,#1332,#192,.T.);
#1629=EDGE_CURVE('',#1334,#1333,#193,.T.);
#1630=EDGE_CURVE('',#1335,#1334,#194,.T.);
#1631=EDGE_CURVE('',#1336,#1335,#1038,.T.);
#1632=EDGE_CURVE('',#1337,#1336,#1039,.T.);
#1633=EDGE_CURVE('',#1338,#1337,#1040,.T.);
#1634=EDGE_CURVE('',#1339,#1338,#1041,.T.);
#1635=EDGE_CURVE('',#1340,#1339,#1042,.T.);
#1636=EDGE_CURVE('',#1341,#1340,#1043,.T.);
#1637=EDGE_CURVE('',#1323,#1341,#1044,.T.);
#1638=EDGE_CURVE('',#1342,#1342,#1045,.T.);
#1639=EDGE_CURVE('',#1343,#1343,#1046,.T.);
#1640=EDGE_CURVE('',#1344,#1344,#1047,.T.);
#1641=EDGE_CURVE('',#1345,#1345,#1048,.T.);
#1642=EDGE_CURVE('',#1322,#1323,#42,.T.);
#1643=EDGE_CURVE('',#1346,#1346,#1049,.T.);
#1644=EDGE_CURVE('',#1341,#1347,#1050,.T.);
#1645=EDGE_CURVE('',#1347,#1348,#1051,.T.);
#1646=EDGE_CURVE('',#1326,#1348,#1052,.T.);
#1647=EDGE_CURVE('',#1325,#1324,#43,.T.);
#1648=EDGE_CURVE('',#1349,#1349,#1053,.T.);
#1649=EDGE_CURVE('',#1350,#1350,#1054,.T.);
#1650=EDGE_CURVE('',#1351,#1351,#1055,.T.);
#1651=EDGE_CURVE('',#1352,#1353,#44,.T.);
#1652=EDGE_CURVE('',#1352,#1354,#1056,.T.);
#1653=EDGE_CURVE('',#1354,#1355,#45,.T.);
#1654=EDGE_CURVE('',#1355,#1356,#1057,.T.);
#1655=EDGE_CURVE('',#1357,#1356,#46,.T.);
#1656=EDGE_CURVE('',#1357,#1353,#1058,.T.);
#1657=EDGE_CURVE('',#1358,#1359,#47,.T.);
#1658=EDGE_CURVE('',#1359,#1360,#1059,.T.);
#1659=EDGE_CURVE('',#1358,#1360,#48,.T.);
#1660=EDGE_CURVE('',#1361,#1362,#49,.T.);
#1661=EDGE_CURVE('',#1362,#1363,#1060,.T.);
#1662=EDGE_CURVE('',#1361,#1363,#50,.T.);
#1663=EDGE_CURVE('',#1364,#1365,#1061,.T.);
#1664=EDGE_CURVE('',#1365,#1362,#1062,.T.);
#1665=EDGE_CURVE('',#1363,#1355,#1063,.T.);
#1666=EDGE_CURVE('',#1354,#1364,#1064,.T.);
#1667=EDGE_CURVE('',#1366,#1365,#1065,.T.);
#1668=EDGE_CURVE('',#1364,#1367,#1066,.T.);
#1669=EDGE_CURVE('',#1367,#1366,#51,.T.);
#1670=EDGE_CURVE('',#1368,#1369,#1067,.T.);
#1671=EDGE_CURVE('',#1369,#1370,#1068,.T.);
#1672=EDGE_CURVE('',#1370,#1371,#1069,.T.);
#1673=EDGE_CURVE('',#1368,#1371,#52,.T.);
#1674=EDGE_CURVE('',#1356,#1359,#1070,.T.);
#1675=EDGE_CURVE('',#1360,#1370,#1071,.T.);
#1676=EDGE_CURVE('',#1369,#1357,#1072,.T.);
#1677=EDGE_CURVE('',#1353,#1368,#195,.T.);
#1678=EDGE_CURVE('',#1371,#1366,#196,.T.);
#1679=EDGE_CURVE('',#1367,#1352,#197,.T.);
#1680=EDGE_CURVE('',#1372,#1362,#198,.T.);
#1681=EDGE_CURVE('',#1373,#1372,#1073,.T.);
#1682=EDGE_CURVE('',#1373,#1363,#199,.T.);
#1683=EDGE_CURVE('',#1374,#1365,#200,.T.);
#1684=EDGE_CURVE('',#1372,#1374,#1074,.T.);
#1685=EDGE_CURVE('',#1375,#1366,#201,.T.);
#1686=EDGE_CURVE('',#1374,#1375,#1075,.T.);
#1687=EDGE_CURVE('',#1376,#1371,#202,.T.);
#1688=EDGE_CURVE('',#1375,#1376,#203,.T.);
#1689=EDGE_CURVE('',#1377,#1370,#204,.T.);
#1690=EDGE_CURVE('',#1376,#1377,#1076,.T.);
#1691=EDGE_CURVE('',#1332,#1378,#1077,.T.);
#1692=EDGE_CURVE('',#1378,#1379,#205,.T.);
#1693=EDGE_CURVE('',#1333,#1379,#38,.T.);
#1694=EDGE_CURVE('',#1331,#1380,#1078,.T.);
#1695=EDGE_CURVE('',#1380,#1378,#1079,.T.);
#1696=EDGE_CURVE('',#1330,#1381,#1080,.T.);
#1697=EDGE_CURVE('',#1381,#1380,#1081,.T.);
#1698=EDGE_CURVE('',#1329,#1382,#1082,.T.);
#1699=EDGE_CURVE('',#1382,#1381,#1083,.T.);
#1700=EDGE_CURVE('',#1383,#1384,#53,.T.);
#1701=EDGE_CURVE('',#1384,#1385,#1084,.T.);
#1702=EDGE_CURVE('',#1383,#1385,#54,.T.);
#1703=EDGE_CURVE('',#1386,#1387,#1085,.T.);
#1704=EDGE_CURVE('',#1387,#1384,#1086,.T.);
#1705=EDGE_CURVE('',#1385,#1382,#1087,.T.);
#1706=EDGE_CURVE('',#1329,#1386,#1088,.T.);
#1707=EDGE_CURVE('',#1328,#1388,#1089,.T.);
#1708=EDGE_CURVE('',#1388,#1387,#1090,.T.);
#1709=EDGE_CURVE('',#1327,#1389,#1091,.T.);
#1710=EDGE_CURVE('',#1389,#1388,#1092,.T.);
#1711=EDGE_CURVE('',#1348,#1389,#1093,.T.);
#1712=EDGE_CURVE('',#1340,#1390,#1094,.T.);
#1713=EDGE_CURVE('',#1390,#1347,#1095,.T.);
#1714=EDGE_CURVE('',#1339,#1391,#1096,.T.);
#1715=EDGE_CURVE('',#1391,#1390,#1097,.T.);
#1716=EDGE_CURVE('',#1392,#1393,#1098,.T.);
#1717=EDGE_CURVE('',#1393,#1391,#1099,.T.);
#1718=EDGE_CURVE('',#1338,#1392,#1100,.T.);
#1719=EDGE_CURVE('',#1394,#1395,#55,.T.);
#1720=EDGE_CURVE('',#1395,#1396,#1101,.T.);
#1721=EDGE_CURVE('',#1394,#1396,#56,.T.);
#1722=EDGE_CURVE('',#1338,#1397,#1102,.T.);
#1723=EDGE_CURVE('',#1397,#1395,#1103,.T.);
#1724=EDGE_CURVE('',#1396,#1393,#1104,.T.);
#1725=EDGE_CURVE('',#1337,#1398,#1105,.T.);
#1726=EDGE_CURVE('',#1398,#1397,#1106,.T.);
#1727=EDGE_CURVE('',#1336,#1399,#1107,.T.);
#1728=EDGE_CURVE('',#1399,#1398,#1108,.T.);
#1729=EDGE_CURVE('',#1335,#1400,#1109,.T.);
#1730=EDGE_CURVE('',#1400,#1399,#1110,.T.);
#1731=EDGE_CURVE('',#1401,#1400,#206,.T.);
#1732=EDGE_CURVE('',#1334,#1401,#39,.T.);
#1733=EDGE_CURVE('',#1379,#1401,#207,.T.);
#1734=EDGE_CURVE('',#1402,#1384,#208,.T.);
#1735=EDGE_CURVE('',#1403,#1402,#1111,.T.);
#1736=EDGE_CURVE('',#1403,#1385,#209,.T.);
#1737=EDGE_CURVE('',#1404,#1387,#210,.T.);
#1738=EDGE_CURVE('',#1402,#1404,#1112,.T.);
#1739=EDGE_CURVE('',#1405,#1388,#211,.T.);
#1740=EDGE_CURVE('',#1404,#1405,#1113,.T.);
#1741=EDGE_CURVE('',#1406,#1389,#212,.T.);
#1742=EDGE_CURVE('',#1405,#1406,#1114,.T.);
#1743=EDGE_CURVE('',#1407,#1348,#213,.T.);
#1744=EDGE_CURVE('',#1406,#1407,#1115,.T.);
#1745=EDGE_CURVE('',#1408,#1347,#214,.T.);
#1746=EDGE_CURVE('',#1407,#1408,#1116,.T.);
#1747=EDGE_CURVE('',#1409,#1390,#215,.T.);
#1748=EDGE_CURVE('',#1408,#1409,#1117,.T.);
#1749=EDGE_CURVE('',#1410,#1391,#216,.T.);
#1750=EDGE_CURVE('',#1409,#1410,#1118,.T.);
#1751=EDGE_CURVE('',#1411,#1393,#217,.T.);
#1752=EDGE_CURVE('',#1410,#1411,#1119,.T.);
#1753=EDGE_CURVE('',#1412,#1396,#218,.T.);
#1754=EDGE_CURVE('',#1411,#1412,#1120,.T.);
#1755=EDGE_CURVE('',#1413,#1395,#219,.T.);
#1756=EDGE_CURVE('',#1412,#1413,#1121,.T.);
#1757=EDGE_CURVE('',#1414,#1403,#1122,.T.);
#1758=EDGE_CURVE('',#1414,#1382,#220,.T.);
#1759=EDGE_CURVE('',#1415,#1414,#1123,.T.);
#1760=EDGE_CURVE('',#1415,#1381,#221,.T.);
#1761=EDGE_CURVE('',#1416,#1415,#1124,.T.);
#1762=EDGE_CURVE('',#1416,#1380,#222,.T.);
#1763=EDGE_CURVE('',#1417,#1416,#1125,.T.);
#1764=EDGE_CURVE('',#1417,#1378,#223,.T.);
#1765=EDGE_CURVE('',#1418,#1379,#224,.T.);
#1766=EDGE_CURVE('',#1419,#1418,#225,.T.);
#1767=EDGE_CURVE('',#1419,#1401,#226,.T.);
#1768=EDGE_CURVE('',#1420,#1400,#227,.T.);
#1769=EDGE_CURVE('',#1421,#1420,#1126,.T.);
#1770=EDGE_CURVE('',#1421,#1399,#228,.T.);
#1771=EDGE_CURVE('',#1422,#1421,#1127,.T.);
#1772=EDGE_CURVE('',#1422,#1398,#229,.T.);
#1773=EDGE_CURVE('',#1423,#1422,#1128,.T.);
#1774=EDGE_CURVE('',#1423,#1397,#230,.T.);
#1775=EDGE_CURVE('',#1413,#1423,#1129,.T.);
#1776=EDGE_CURVE('',#1424,#1355,#231,.T.);
#1777=EDGE_CURVE('',#1425,#1424,#1130,.T.);
#1778=EDGE_CURVE('',#1425,#1356,#232,.T.);
#1779=EDGE_CURVE('',#1426,#1425,#1131,.T.);
#1780=EDGE_CURVE('',#1426,#1359,#233,.T.);
#1781=EDGE_CURVE('',#1427,#1426,#1132,.T.);
#1782=EDGE_CURVE('',#1427,#1360,#234,.T.);
#1783=EDGE_CURVE('',#1377,#1427,#1133,.T.);
#1784=EDGE_CURVE('',#1424,#1373,#1134,.T.);
#1785=EDGE_CURVE('',#1428,#1426,#1135,.T.);
#1786=EDGE_CURVE('',#1429,#1428,#1136,.T.);
#1787=EDGE_CURVE('',#1427,#1429,#1137,.T.);
#1788=EDGE_CURVE('',#1430,#1424,#1138,.T.);
#1789=EDGE_CURVE('',#1431,#1430,#1139,.T.);
#1790=EDGE_CURVE('',#1425,#1431,#1140,.T.);
#1791=EDGE_CURVE('',#1432,#1372,#1141,.T.);
#1792=EDGE_CURVE('',#1433,#1432,#1142,.T.);
#1793=EDGE_CURVE('',#1373,#1433,#1143,.T.);
#1794=EDGE_CURVE('',#1376,#1434,#57,.T.);
#1795=EDGE_CURVE('',#1434,#1435,#58,.T.);
#1796=EDGE_CURVE('',#1435,#1436,#235,.T.);
#1797=EDGE_CURVE('',#1436,#1437,#236,.T.);
#1798=EDGE_CURVE('',#1437,#1438,#237,.T.);
#1799=EDGE_CURVE('',#1439,#1438,#59,.F.);
#1800=EDGE_CURVE('',#1439,#1375,#60,.T.);
#1801=EDGE_CURVE('',#1440,#1440,#1144,.T.);
#1802=EDGE_CURVE('',#1441,#1442,#61,.T.);
#1803=EDGE_CURVE('',#1442,#1443,#1145,.T.);
#1804=EDGE_CURVE('',#1443,#1444,#62,.T.);
#1805=EDGE_CURVE('',#1444,#1441,#1146,.T.);
#1806=EDGE_CURVE('',#1445,#1446,#63,.T.);
#1807=EDGE_CURVE('',#1446,#1447,#1147,.T.);
#1808=EDGE_CURVE('',#1447,#1448,#64,.T.);
#1809=EDGE_CURVE('',#1448,#1445,#1148,.T.);
#1810=EDGE_CURVE('',#1449,#1413,#1149,.T.);
#1811=EDGE_CURVE('',#1450,#1449,#1150,.T.);
#1812=EDGE_CURVE('',#1412,#1450,#1151,.T.);
#1813=EDGE_CURVE('',#1418,#1451,#238,.T.);
#1814=EDGE_CURVE('',#1451,#1452,#239,.T.);
#1815=EDGE_CURVE('',#1452,#1419,#240,.T.);
#1816=EDGE_CURVE('',#1453,#1453,#1152,.T.);
#1817=EDGE_CURVE('',#1454,#1454,#1153,.T.);
#1818=EDGE_CURVE('',#1455,#1433,#65,.T.);
#1819=EDGE_CURVE('',#1432,#1456,#66,.T.);
#1820=EDGE_CURVE('',#1456,#1455,#1154,.T.);
#1821=EDGE_CURVE('',#1374,#1457,#1155,.T.);
#1822=EDGE_CURVE('',#1457,#1458,#1156,.T.);
#1823=EDGE_CURVE('',#1414,#1458,#1157,.T.);
#1824=EDGE_CURVE('',#1403,#1456,#1158,.T.);
#1825=EDGE_CURVE('',#1455,#1402,#1159,.T.);
#1826=EDGE_CURVE('',#1459,#1459,#1160,.T.);
#1827=EDGE_CURVE('',#1460,#1460,#1161,.T.);
#1828=EDGE_CURVE('',#1430,#1431,#67,.T.);
#1829=EDGE_CURVE('',#1461,#1404,#1162,.T.);
#1830=EDGE_CURVE('',#1461,#1462,#1163,.T.);
#1831=EDGE_CURVE('',#1462,#1411,#1164,.T.);
#1832=EDGE_CURVE('',#1428,#1450,#68,.T.);
#1833=EDGE_CURVE('',#1463,#1463,#1165,.T.);
#1834=EDGE_CURVE('',#1464,#1464,#1166,.T.);
#1835=EDGE_CURVE('',#1449,#1429,#69,.T.);
#1836=EDGE_CURVE('',#1465,#1423,#1167,.T.);
#1837=EDGE_CURVE('',#1465,#1466,#1168,.T.);
#1838=EDGE_CURVE('',#1466,#1377,#1169,.T.);
#1839=EDGE_CURVE('',#1467,#1467,#1170,.T.);
#1840=EDGE_CURVE('',#1468,#1469,#1171,.F.);
#1841=EDGE_CURVE('',#1470,#1468,#1172,.F.);
#1842=EDGE_CURVE('',#1469,#1470,#1173,.F.);
#1843=EDGE_CURVE('',#1471,#1472,#1174,.T.);
#1844=EDGE_CURVE('',#1472,#1470,#241,.T.);
#1845=EDGE_CURVE('',#1468,#1471,#242,.T.);
#1846=EDGE_CURVE('',#1473,#1474,#1175,.F.);
#1847=EDGE_CURVE('',#1475,#1473,#1176,.F.);
#1848=EDGE_CURVE('',#1474,#1475,#1177,.F.);
#1849=EDGE_CURVE('',#1476,#1477,#1178,.T.);
#1850=EDGE_CURVE('',#1477,#1475,#243,.T.);
#1851=EDGE_CURVE('',#1473,#1476,#244,.T.);
#1852=EDGE_CURVE('',#1478,#1479,#70,.F.);
#1853=EDGE_CURVE('',#1479,#1477,#1179,.T.);
#1854=EDGE_CURVE('',#1476,#1478,#1180,.T.);
#1855=EDGE_CURVE('',#1480,#1481,#1181,.T.);
#1856=EDGE_CURVE('',#1481,#1474,#245,.T.);
#1857=EDGE_CURVE('',#1475,#1480,#246,.T.);
#1858=EDGE_CURVE('',#1470,#1473,#247,.T.);
#1859=EDGE_CURVE('',#1474,#1469,#248,.T.);
#1860=EDGE_CURVE('',#1482,#1483,#1182,.T.);
#1861=EDGE_CURVE('',#1483,#1468,#249,.T.);
#1862=EDGE_CURVE('',#1469,#1482,#250,.T.);
#1863=EDGE_CURVE('',#1484,#1482,#1183,.T.);
#1864=EDGE_CURVE('',#1482,#1481,#251,.T.);
#1865=EDGE_CURVE('',#1481,#1485,#1184,.T.);
#1866=EDGE_CURVE('',#1485,#1484,#252,.T.);
#1867=EDGE_CURVE('',#1480,#1485,#1185,.T.);
#1868=EDGE_CURVE('',#1438,#1472,#40,.T.);
#1869=EDGE_CURVE('',#1471,#1439,#71,.T.);
#1870=EDGE_CURVE('',#1484,#1483,#1186,.T.);
#1871=EDGE_CURVE('',#1471,#1486,#72,.T.);
#1872=EDGE_CURVE('',#1487,#1486,#73,.T.);
#1873=EDGE_CURVE('',#1487,#1375,#74,.T.);
#1874=EDGE_CURVE('',#1486,#1483,#253,.T.);
#1875=EDGE_CURVE('',#1484,#1488,#254,.T.);
#1876=EDGE_CURVE('',#1488,#1486,#1187,.T.);
#1877=EDGE_CURVE('',#1489,#1485,#255,.T.);
#1878=EDGE_CURVE('',#1490,#1489,#75,.T.);
#1879=EDGE_CURVE('',#1491,#1490,#256,.T.);
#1880=EDGE_CURVE('',#1492,#1491,#257,.T.);
#1881=EDGE_CURVE('',#1493,#1492,#258,.T.);
#1882=EDGE_CURVE('',#1494,#1493,#259,.T.);
#1883=EDGE_CURVE('',#1494,#1495,#76,.T.);
#1884=EDGE_CURVE('',#1496,#1495,#77,.T.);
#1885=EDGE_CURVE('',#1488,#1496,#78,.T.);
#1886=EDGE_CURVE('',#1497,#1498,#1188,.F.);
#1887=EDGE_CURVE('',#1499,#1497,#1189,.F.);
#1888=EDGE_CURVE('',#1498,#1499,#1190,.F.);
#1889=EDGE_CURVE('',#1500,#1501,#1191,.T.);
#1890=EDGE_CURVE('',#1501,#1499,#260,.T.);
#1891=EDGE_CURVE('',#1497,#1500,#261,.T.);
#1892=EDGE_CURVE('',#1502,#1503,#1192,.T.);
#1893=EDGE_CURVE('',#1503,#1498,#262,.T.);
#1894=EDGE_CURVE('',#1499,#1502,#263,.T.);
#1895=EDGE_CURVE('',#1504,#1505,#1193,.F.);
#1896=EDGE_CURVE('',#1506,#1504,#1194,.F.);
#1897=EDGE_CURVE('',#1505,#1506,#1195,.F.);
#1898=EDGE_CURVE('',#1507,#1508,#1196,.T.);
#1899=EDGE_CURVE('',#1508,#1506,#264,.T.);
#1900=EDGE_CURVE('',#1504,#1507,#265,.T.);
#1901=EDGE_CURVE('',#1509,#1510,#79,.T.);
#1902=EDGE_CURVE('',#1509,#1508,#1197,.T.);
#1903=EDGE_CURVE('',#1507,#1510,#1198,.T.);
#1904=EDGE_CURVE('',#1498,#1505,#266,.T.);
#1905=EDGE_CURVE('',#1506,#1497,#267,.T.);
#1906=EDGE_CURVE('',#1511,#1512,#1199,.T.);
#1907=EDGE_CURVE('',#1512,#1504,#268,.T.);
#1908=EDGE_CURVE('',#1505,#1511,#269,.T.);
#1909=EDGE_CURVE('',#1503,#1513,#1200,.T.);
#1910=EDGE_CURVE('',#1513,#1514,#270,.T.);
#1911=EDGE_CURVE('',#1514,#1511,#1201,.T.);
#1912=EDGE_CURVE('',#1511,#1503,#271,.T.);
#1913=EDGE_CURVE('',#1514,#1512,#1202,.T.);
#1914=EDGE_CURVE('',#1434,#1501,#80,.T.);
#1915=EDGE_CURVE('',#1500,#1435,#41,.T.);
#1916=EDGE_CURVE('',#1502,#1513,#1203,.T.);
#1917=EDGE_CURVE('',#1515,#1452,#272,.T.);
#1918=EDGE_CURVE('',#1516,#1515,#273,.T.);
#1919=EDGE_CURVE('',#1516,#1436,#274,.T.);
#1920=EDGE_CURVE('',#1517,#1509,#81,.T.);
#1921=EDGE_CURVE('',#1420,#1517,#275,.T.);
#1922=EDGE_CURVE('',#1507,#1518,#276,.T.);
#1923=EDGE_CURVE('',#1518,#1510,#82,.F.);
#1924=EDGE_CURVE('',#1518,#1512,#277,.T.);
#1925=EDGE_CURVE('',#1514,#1519,#278,.T.);
#1926=EDGE_CURVE('',#1519,#1518,#1204,.T.);
#1927=EDGE_CURVE('',#1520,#1513,#279,.T.);
#1928=EDGE_CURVE('',#1521,#1520,#83,.T.);
#1929=EDGE_CURVE('',#1522,#1521,#84,.T.);
#1930=EDGE_CURVE('',#1523,#1522,#85,.F.);
#1931=EDGE_CURVE('',#1524,#1523,#280,.T.);
#1932=EDGE_CURVE('',#1525,#1524,#281,.T.);
#1933=EDGE_CURVE('',#1526,#1525,#282,.T.);
#1934=EDGE_CURVE('',#1527,#1526,#283,.T.);
#1935=EDGE_CURVE('',#1519,#1527,#86,.T.);
#1936=EDGE_CURVE('',#1496,#1487,#87,.F.);
#1937=EDGE_CURVE('',#1528,#1521,#88,.F.);
#1938=EDGE_CURVE('',#1520,#1529,#1205,.T.);
#1939=EDGE_CURVE('',#1529,#1528,#89,.T.);
#1940=EDGE_CURVE('',#1502,#1529,#284,.T.);
#1941=EDGE_CURVE('',#1376,#1528,#90,.T.);
#1942=EDGE_CURVE('',#1529,#1501,#91,.T.);
#1943=EDGE_CURVE('',#1530,#1531,#1206,.T.);
#1944=EDGE_CURVE('',#1531,#1532,#1207,.T.);
#1945=EDGE_CURVE('',#1532,#1533,#1208,.T.);
#1946=EDGE_CURVE('',#1533,#1530,#1209,.T.);
#1947=EDGE_CURVE('',#1525,#1534,#1210,.T.);
#1948=EDGE_CURVE('',#1534,#1533,#1211,.T.);
#1949=EDGE_CURVE('',#1532,#1525,#1212,.T.);
#1950=EDGE_CURVE('',#1524,#1535,#1213,.T.);
#1951=EDGE_CURVE('',#1535,#1534,#285,.T.);
#1952=EDGE_CURVE('',#1536,#1537,#1214,.T.);
#1953=EDGE_CURVE('',#1537,#1535,#1215,.T.);
#1954=EDGE_CURVE('',#1524,#1536,#1216,.T.);
#1955=EDGE_CURVE('',#1538,#1539,#1217,.T.);
#1956=EDGE_CURVE('',#1539,#1537,#1218,.T.);
#1957=EDGE_CURVE('',#1536,#1538,#1219,.T.);
#1958=EDGE_CURVE('',#1538,#1531,#1220,.T.);
#1959=EDGE_CURVE('',#1530,#1539,#1221,.T.);
#1960=EDGE_CURVE('',#1532,#1540,#286,.T.);
#1961=EDGE_CURVE('',#1526,#1540,#1222,.T.);
#1962=EDGE_CURVE('',#1541,#1531,#287,.T.);
#1963=EDGE_CURVE('',#1540,#1541,#1223,.T.);
#1964=EDGE_CURVE('',#1542,#1543,#1224,.T.);
#1965=EDGE_CURVE('',#1544,#1542,#1225,.T.);
#1966=EDGE_CURVE('',#1545,#1544,#1226,.T.);
#1967=EDGE_CURVE('',#1546,#1545,#1227,.T.);
#1968=EDGE_CURVE('',#1547,#1546,#1228,.T.);
#1969=EDGE_CURVE('',#1548,#1547,#1229,.T.);
#1970=EDGE_CURVE('',#1549,#1548,#1230,.T.);
#1971=EDGE_CURVE('',#1543,#1549,#1231,.T.);
#1972=EDGE_CURVE('',#1550,#1551,#1232,.T.);
#1973=EDGE_CURVE('',#1552,#1550,#1233,.T.);
#1974=EDGE_CURVE('',#1553,#1552,#1234,.T.);
#1975=EDGE_CURVE('',#1554,#1553,#1235,.T.);
#1976=EDGE_CURVE('',#1555,#1554,#288,.T.);
#1977=EDGE_CURVE('',#1551,#1555,#1236,.T.);
#1978=EDGE_CURVE('',#1556,#1556,#1237,.T.);
#1979=EDGE_CURVE('',#1557,#1558,#92,.T.);
#1980=EDGE_CURVE('',#1558,#1559,#1238,.F.);
#1981=EDGE_CURVE('',#1559,#1560,#93,.T.);
#1982=EDGE_CURVE('',#1560,#1557,#1239,.T.);
#1983=EDGE_CURVE('',#1561,#1562,#94,.T.);
#1984=EDGE_CURVE('',#1562,#1563,#1240,.F.);
#1985=EDGE_CURVE('',#1563,#1564,#95,.T.);
#1986=EDGE_CURVE('',#1564,#1561,#1241,.T.);
#1987=EDGE_CURVE('',#1565,#1565,#1242,.T.);
#1988=EDGE_CURVE('',#1566,#1566,#1243,.T.);
#1989=EDGE_CURVE('',#1551,#1567,#1244,.T.);
#1990=EDGE_CURVE('',#1567,#1568,#1245,.T.);
#1991=EDGE_CURVE('',#1568,#1550,#1246,.T.);
#1992=EDGE_CURVE('',#1569,#1552,#1247,.T.);
#1993=EDGE_CURVE('',#1568,#1569,#1248,.T.);
#1994=EDGE_CURVE('',#1570,#1553,#1249,.T.);
#1995=EDGE_CURVE('',#1569,#1570,#1250,.T.);
#1996=EDGE_CURVE('',#1493,#1554,#1251,.T.);
#1997=EDGE_CURVE('',#1570,#1493,#1252,.T.);
#1998=EDGE_CURVE('',#1492,#1555,#1253,.T.);
#1999=EDGE_CURVE('',#1492,#1567,#1254,.T.);
#2000=EDGE_CURVE('',#1458,#1569,#289,.T.);
#2001=EDGE_CURVE('',#1570,#1457,#290,.T.);
#2002=EDGE_CURVE('',#1568,#1571,#291,.T.);
#2003=EDGE_CURVE('',#1458,#1571,#1255,.T.);
#2004=EDGE_CURVE('',#1572,#1567,#292,.T.);
#2005=EDGE_CURVE('',#1571,#1572,#1256,.T.);
#2006=EDGE_CURVE('',#1490,#1573,#1257,.T.);
#2007=EDGE_CURVE('',#1574,#1489,#1258,.T.);
#2008=EDGE_CURVE('',#1479,#1574,#96,.F.);
#2009=EDGE_CURVE('',#1478,#1573,#97,.T.);
#2010=EDGE_CURVE('',#1491,#1417,#1259,.T.);
#2011=EDGE_CURVE('',#1416,#1572,#1260,.T.);
#2012=EDGE_CURVE('',#1572,#1491,#1261,.T.);
#2013=EDGE_CURVE('',#1415,#1571,#1262,.T.);
#2014=EDGE_CURVE('',#1494,#1457,#1263,.T.);
#2015=EDGE_CURVE('',#1573,#1417,#293,.T.);
#2016=EDGE_CURVE('',#1480,#1574,#294,.T.);
#2017=EDGE_CURVE('',#1574,#1477,#295,.T.);
#2018=EDGE_CURVE('',#1517,#1527,#1264,.T.);
#2019=EDGE_CURVE('',#1526,#1420,#1265,.T.);
#2020=EDGE_CURVE('',#1540,#1421,#1266,.T.);
#2021=EDGE_CURVE('',#1541,#1422,#1267,.T.);
#2022=EDGE_CURVE('',#1541,#1465,#1268,.T.);
#2023=EDGE_CURVE('',#1466,#1523,#1269,.T.);
#2024=EDGE_CURVE('',#1466,#1536,#296,.T.);
#2025=EDGE_CURVE('',#1538,#1465,#297,.T.);
#2026=EDGE_CURVE('',#1575,#1575,#1270,.T.);
#2027=EDGE_CURVE('',#1576,#1576,#1271,.T.);
#2028=EDGE_CURVE('',#1577,#1577,#1272,.T.);
#2029=EDGE_CURVE('',#1578,#1437,#298,.T.);
#2030=EDGE_CURVE('',#1579,#1578,#299,.T.);
#2031=EDGE_CURVE('',#1579,#1451,#300,.T.);
#2032=EDGE_CURVE('',#1515,#1579,#301,.T.);
#2033=EDGE_CURVE('',#1578,#1516,#302,.T.);
#2034=EDGE_CURVE('',#1557,#1446,#98,.T.);
#2035=EDGE_CURVE('',#1560,#1447,#99,.T.);
#2036=EDGE_CURVE('',#1448,#1559,#100,.T.);
#2037=EDGE_CURVE('',#1558,#1445,#101,.T.);
#2038=EDGE_CURVE('',#1561,#1442,#102,.T.);
#2039=EDGE_CURVE('',#1564,#1443,#103,.T.);
#2040=EDGE_CURVE('',#1444,#1563,#104,.T.);
#2041=EDGE_CURVE('',#1562,#1441,#105,.T.);
#2042=EDGE_CURVE('',#1406,#1580,#1273,.T.);
#2043=EDGE_CURVE('',#1580,#1581,#1274,.T.);
#2044=EDGE_CURVE('',#1581,#1405,#1275,.T.);
#2045=EDGE_CURVE('',#1581,#1461,#1276,.T.);
#2046=EDGE_CURVE('',#1582,#1410,#1277,.T.);
#2047=EDGE_CURVE('',#1462,#1582,#1278,.T.);
#2048=EDGE_CURVE('',#1583,#1409,#1279,.T.);
#2049=EDGE_CURVE('',#1582,#1583,#1280,.T.);
#2050=EDGE_CURVE('',#1584,#1408,#1281,.T.);
#2051=EDGE_CURVE('',#1583,#1584,#1282,.T.);
#2052=EDGE_CURVE('',#1585,#1407,#1283,.T.);
#2053=EDGE_CURVE('',#1584,#1585,#1284,.T.);
#2054=EDGE_CURVE('',#1585,#1580,#1285,.T.);
#2055=EDGE_CURVE('',#1462,#1586,#303,.T.);
#2056=EDGE_CURVE('',#1587,#1586,#1286,.T.);
#2057=EDGE_CURVE('',#1587,#1582,#304,.T.);
#2058=EDGE_CURVE('',#1588,#1461,#305,.T.);
#2059=EDGE_CURVE('',#1586,#1588,#1287,.T.);
#2060=EDGE_CURVE('',#1581,#1589,#306,.T.);
#2061=EDGE_CURVE('',#1588,#1589,#1288,.T.);
#2062=EDGE_CURVE('',#1590,#1580,#307,.T.);
#2063=EDGE_CURVE('',#1589,#1590,#1289,.T.);
#2064=EDGE_CURVE('',#1591,#1542,#1290,.T.);
#2065=EDGE_CURVE('',#1543,#1592,#1291,.T.);
#2066=EDGE_CURVE('',#1592,#1591,#1292,.T.);
#2067=EDGE_CURVE('',#1549,#1590,#1293,.T.);
#2068=EDGE_CURVE('',#1590,#1592,#1294,.T.);
#2069=EDGE_CURVE('',#1548,#1589,#1295,.T.);
#2070=EDGE_CURVE('',#1547,#1588,#1296,.T.);
#2071=EDGE_CURVE('',#1546,#1586,#1297,.T.);
#2072=EDGE_CURVE('',#1545,#1587,#1298,.T.);
#2073=EDGE_CURVE('',#1544,#1593,#1299,.T.);
#2074=EDGE_CURVE('',#1593,#1587,#1300,.T.);
#2075=EDGE_CURVE('',#1591,#1593,#1301,.T.);
#2076=EDGE_CURVE('',#1593,#1583,#308,.T.);
#2077=EDGE_CURVE('',#1591,#1584,#309,.T.);
#2078=EDGE_CURVE('',#1592,#1585,#310,.T.);
#2079=EDGE_CURVE('',#1594,#1594,#1302,.F.);
#2080=EDGE_CURVE('',#1595,#1595,#1303,.T.);
#2081=EDGE_CURVE('',#1596,#1596,#1304,.T.);
#2082=EDGE_CURVE('',#1597,#1597,#1305,.T.);
#2083=EDGE_CURVE('',#1598,#1598,#1306,.F.);
#2084=EDGE_CURVE('',#1599,#1599,#1307,.T.);
#2085=EDGE_CURVE('',#1600,#1600,#1308,.T.);
#2086=EDGE_CURVE('',#1601,#1601,#1309,.T.);
#2087=ORIENTED_EDGE('',*,*,#1602,.F.);
#2088=ORIENTED_EDGE('',*,*,#1603,.T.);
#2089=ORIENTED_EDGE('',*,*,#1604,.T.);
#2090=ORIENTED_EDGE('',*,*,#1605,.T.);
#2091=ORIENTED_EDGE('',*,*,#1606,.F.);
#2092=ORIENTED_EDGE('',*,*,#1607,.F.);
#2093=ORIENTED_EDGE('',*,*,#1608,.T.);
#2094=ORIENTED_EDGE('',*,*,#1607,.T.);
#2095=ORIENTED_EDGE('',*,*,#1609,.F.);
#2096=ORIENTED_EDGE('',*,*,#1610,.F.);
#2097=ORIENTED_EDGE('',*,*,#1611,.T.);
#2098=ORIENTED_EDGE('',*,*,#1610,.T.);
#2099=ORIENTED_EDGE('',*,*,#1612,.F.);
#2100=ORIENTED_EDGE('',*,*,#1613,.F.);
#2101=ORIENTED_EDGE('',*,*,#1614,.T.);
#2102=ORIENTED_EDGE('',*,*,#1613,.T.);
#2103=ORIENTED_EDGE('',*,*,#1615,.F.);
#2104=ORIENTED_EDGE('',*,*,#1605,.F.);
#2105=ORIENTED_EDGE('',*,*,#1615,.T.);
#2106=ORIENTED_EDGE('',*,*,#1612,.T.);
#2107=ORIENTED_EDGE('',*,*,#1609,.T.);
#2108=ORIENTED_EDGE('',*,*,#1606,.T.);
#2109=ORIENTED_EDGE('',*,*,#1602,.T.);
#2110=ORIENTED_EDGE('',*,*,#1614,.F.);
#2111=ORIENTED_EDGE('',*,*,#1604,.F.);
#2112=ORIENTED_EDGE('',*,*,#1608,.F.);
#2113=ORIENTED_EDGE('',*,*,#1611,.F.);
#2114=ORIENTED_EDGE('',*,*,#1603,.F.);
#2115=ORIENTED_EDGE('',*,*,#1616,.T.);
#2116=ORIENTED_EDGE('',*,*,#1617,.T.);
#2117=ORIENTED_EDGE('',*,*,#1618,.F.);
#2118=ORIENTED_EDGE('',*,*,#1619,.F.);
#2119=ORIENTED_EDGE('',*,*,#1620,.F.);
#2120=ORIENTED_EDGE('',*,*,#1621,.F.);
#2121=ORIENTED_EDGE('',*,*,#1622,.F.);
#2122=ORIENTED_EDGE('',*,*,#1623,.F.);
#2123=ORIENTED_EDGE('',*,*,#1624,.F.);
#2124=ORIENTED_EDGE('',*,*,#1625,.F.);
#2125=ORIENTED_EDGE('',*,*,#1626,.F.);
#2126=ORIENTED_EDGE('',*,*,#1627,.F.);
#2127=ORIENTED_EDGE('',*,*,#1628,.F.);
#2128=ORIENTED_EDGE('',*,*,#1629,.F.);
#2129=ORIENTED_EDGE('',*,*,#1630,.F.);
#2130=ORIENTED_EDGE('',*,*,#1631,.F.);
#2131=ORIENTED_EDGE('',*,*,#1632,.F.);
#2132=ORIENTED_EDGE('',*,*,#1633,.F.);
#2133=ORIENTED_EDGE('',*,*,#1634,.F.);
#2134=ORIENTED_EDGE('',*,*,#1635,.F.);
#2135=ORIENTED_EDGE('',*,*,#1636,.F.);
#2136=ORIENTED_EDGE('',*,*,#1637,.F.);
#2137=ORIENTED_EDGE('',*,*,#1638,.F.);
#2138=ORIENTED_EDGE('',*,*,#1616,.F.);
#2139=ORIENTED_EDGE('',*,*,#1639,.F.);
#2140=ORIENTED_EDGE('',*,*,#1617,.F.);
#2141=ORIENTED_EDGE('',*,*,#1638,.T.);
#2142=ORIENTED_EDGE('',*,*,#1640,.T.);
#2143=ORIENTED_EDGE('',*,*,#1641,.F.);
#2144=ORIENTED_EDGE('',*,*,#1640,.F.);
#2145=ORIENTED_EDGE('',*,*,#1642,.F.);
#2146=ORIENTED_EDGE('',*,*,#1618,.T.);
#2147=ORIENTED_EDGE('',*,*,#1643,.T.);
#2148=ORIENTED_EDGE('',*,*,#1642,.T.);
#2149=ORIENTED_EDGE('',*,*,#1637,.T.);
#2150=ORIENTED_EDGE('',*,*,#1644,.T.);
#2151=ORIENTED_EDGE('',*,*,#1645,.T.);
#2152=ORIENTED_EDGE('',*,*,#1646,.F.);
#2153=ORIENTED_EDGE('',*,*,#1621,.T.);
#2154=ORIENTED_EDGE('',*,*,#1647,.T.);
#2155=ORIENTED_EDGE('',*,*,#1619,.T.);
#2156=ORIENTED_EDGE('',*,*,#1648,.F.);
#2157=ORIENTED_EDGE('',*,*,#1643,.F.);
#2158=ORIENTED_EDGE('',*,*,#1647,.F.);
#2159=ORIENTED_EDGE('',*,*,#1620,.T.);
#2160=ORIENTED_EDGE('',*,*,#1649,.T.);
#2161=ORIENTED_EDGE('',*,*,#1650,.F.);
#2162=ORIENTED_EDGE('',*,*,#1649,.F.);
#2163=ORIENTED_EDGE('',*,*,#1651,.F.);
#2164=ORIENTED_EDGE('',*,*,#1652,.T.);
#2165=ORIENTED_EDGE('',*,*,#1653,.T.);
#2166=ORIENTED_EDGE('',*,*,#1654,.T.);
#2167=ORIENTED_EDGE('',*,*,#1655,.F.);
#2168=ORIENTED_EDGE('',*,*,#1656,.T.);
#2169=ORIENTED_EDGE('',*,*,#1657,.T.);
#2170=ORIENTED_EDGE('',*,*,#1658,.T.);
#2171=ORIENTED_EDGE('',*,*,#1659,.F.);
#2172=ORIENTED_EDGE('',*,*,#1660,.T.);
#2173=ORIENTED_EDGE('',*,*,#1661,.T.);
#2174=ORIENTED_EDGE('',*,*,#1662,.F.);
#2175=ORIENTED_EDGE('',*,*,#1663,.T.);
#2176=ORIENTED_EDGE('',*,*,#1664,.T.);
#2177=ORIENTED_EDGE('',*,*,#1660,.F.);
#2178=ORIENTED_EDGE('',*,*,#1662,.T.);
#2179=ORIENTED_EDGE('',*,*,#1665,.T.);
#2180=ORIENTED_EDGE('',*,*,#1653,.F.);
#2181=ORIENTED_EDGE('',*,*,#1666,.T.);
#2182=ORIENTED_EDGE('',*,*,#1667,.T.);
#2183=ORIENTED_EDGE('',*,*,#1663,.F.);
#2184=ORIENTED_EDGE('',*,*,#1668,.T.);
#2185=ORIENTED_EDGE('',*,*,#1669,.T.);
#2186=ORIENTED_EDGE('',*,*,#1670,.T.);
#2187=ORIENTED_EDGE('',*,*,#1671,.T.);
#2188=ORIENTED_EDGE('',*,*,#1672,.T.);
#2189=ORIENTED_EDGE('',*,*,#1673,.F.);
#2190=ORIENTED_EDGE('',*,*,#1674,.T.);
#2191=ORIENTED_EDGE('',*,*,#1657,.F.);
#2192=ORIENTED_EDGE('',*,*,#1659,.T.);
#2193=ORIENTED_EDGE('',*,*,#1675,.T.);
#2194=ORIENTED_EDGE('',*,*,#1671,.F.);
#2195=ORIENTED_EDGE('',*,*,#1676,.T.);
#2196=ORIENTED_EDGE('',*,*,#1655,.T.);
#2197=ORIENTED_EDGE('',*,*,#1651,.T.);
#2198=ORIENTED_EDGE('',*,*,#1677,.T.);
#2199=ORIENTED_EDGE('',*,*,#1673,.T.);
#2200=ORIENTED_EDGE('',*,*,#1678,.T.);
#2201=ORIENTED_EDGE('',*,*,#1669,.F.);
#2202=ORIENTED_EDGE('',*,*,#1679,.T.);
#2203=ORIENTED_EDGE('',*,*,#1661,.F.);
#2204=ORIENTED_EDGE('',*,*,#1680,.F.);
#2205=ORIENTED_EDGE('',*,*,#1681,.F.);
#2206=ORIENTED_EDGE('',*,*,#1682,.T.);
#2207=ORIENTED_EDGE('',*,*,#1664,.F.);
#2208=ORIENTED_EDGE('',*,*,#1683,.F.);
#2209=ORIENTED_EDGE('',*,*,#1684,.F.);
#2210=ORIENTED_EDGE('',*,*,#1680,.T.);
#2211=ORIENTED_EDGE('',*,*,#1667,.F.);
#2212=ORIENTED_EDGE('',*,*,#1685,.F.);
#2213=ORIENTED_EDGE('',*,*,#1686,.F.);
#2214=ORIENTED_EDGE('',*,*,#1683,.T.);
#2215=ORIENTED_EDGE('',*,*,#1678,.F.);
#2216=ORIENTED_EDGE('',*,*,#1687,.F.);
#2217=ORIENTED_EDGE('',*,*,#1688,.F.);
#2218=ORIENTED_EDGE('',*,*,#1685,.T.);
#2219=ORIENTED_EDGE('',*,*,#1672,.F.);
#2220=ORIENTED_EDGE('',*,*,#1689,.F.);
#2221=ORIENTED_EDGE('',*,*,#1690,.F.);
#2222=ORIENTED_EDGE('',*,*,#1687,.T.);
#2223=ORIENTED_EDGE('',*,*,#1670,.F.);
#2224=ORIENTED_EDGE('',*,*,#1677,.F.);
#2225=ORIENTED_EDGE('',*,*,#1656,.F.);
#2226=ORIENTED_EDGE('',*,*,#1676,.F.);
#2227=ORIENTED_EDGE('',*,*,#1652,.F.);
#2228=ORIENTED_EDGE('',*,*,#1679,.F.);
#2229=ORIENTED_EDGE('',*,*,#1668,.F.);
#2230=ORIENTED_EDGE('',*,*,#1666,.F.);
#2231=ORIENTED_EDGE('',*,*,#1628,.T.);
#2232=ORIENTED_EDGE('',*,*,#1691,.T.);
#2233=ORIENTED_EDGE('',*,*,#1692,.T.);
#2234=ORIENTED_EDGE('',*,*,#1693,.F.);
#2235=ORIENTED_EDGE('',*,*,#1694,.T.);
#2236=ORIENTED_EDGE('',*,*,#1695,.T.);
#2237=ORIENTED_EDGE('',*,*,#1691,.F.);
#2238=ORIENTED_EDGE('',*,*,#1627,.T.);
#2239=ORIENTED_EDGE('',*,*,#1696,.T.);
#2240=ORIENTED_EDGE('',*,*,#1697,.T.);
#2241=ORIENTED_EDGE('',*,*,#1694,.F.);
#2242=ORIENTED_EDGE('',*,*,#1626,.T.);
#2243=ORIENTED_EDGE('',*,*,#1698,.T.);
#2244=ORIENTED_EDGE('',*,*,#1699,.T.);
#2245=ORIENTED_EDGE('',*,*,#1696,.F.);
#2246=ORIENTED_EDGE('',*,*,#1625,.T.);
#2247=ORIENTED_EDGE('',*,*,#1700,.T.);
#2248=ORIENTED_EDGE('',*,*,#1701,.T.);
#2249=ORIENTED_EDGE('',*,*,#1702,.F.);
#2250=ORIENTED_EDGE('',*,*,#1703,.T.);
#2251=ORIENTED_EDGE('',*,*,#1704,.T.);
#2252=ORIENTED_EDGE('',*,*,#1700,.F.);
#2253=ORIENTED_EDGE('',*,*,#1702,.T.);
#2254=ORIENTED_EDGE('',*,*,#1705,.T.);
#2255=ORIENTED_EDGE('',*,*,#1698,.F.);
#2256=ORIENTED_EDGE('',*,*,#1706,.T.);
#2257=ORIENTED_EDGE('',*,*,#1707,.T.);
#2258=ORIENTED_EDGE('',*,*,#1708,.T.);
#2259=ORIENTED_EDGE('',*,*,#1703,.F.);
#2260=ORIENTED_EDGE('',*,*,#1706,.F.);
#2261=ORIENTED_EDGE('',*,*,#1624,.T.);
#2262=ORIENTED_EDGE('',*,*,#1709,.T.);
#2263=ORIENTED_EDGE('',*,*,#1710,.T.);
#2264=ORIENTED_EDGE('',*,*,#1707,.F.);
#2265=ORIENTED_EDGE('',*,*,#1623,.T.);
#2266=ORIENTED_EDGE('',*,*,#1646,.T.);
#2267=ORIENTED_EDGE('',*,*,#1711,.T.);
#2268=ORIENTED_EDGE('',*,*,#1709,.F.);
#2269=ORIENTED_EDGE('',*,*,#1622,.T.);
#2270=ORIENTED_EDGE('',*,*,#1712,.T.);
#2271=ORIENTED_EDGE('',*,*,#1713,.T.);
#2272=ORIENTED_EDGE('',*,*,#1644,.F.);
#2273=ORIENTED_EDGE('',*,*,#1636,.T.);
#2274=ORIENTED_EDGE('',*,*,#1714,.T.);
#2275=ORIENTED_EDGE('',*,*,#1715,.T.);
#2276=ORIENTED_EDGE('',*,*,#1712,.F.);
#2277=ORIENTED_EDGE('',*,*,#1635,.T.);
#2278=ORIENTED_EDGE('',*,*,#1716,.T.);
#2279=ORIENTED_EDGE('',*,*,#1717,.T.);
#2280=ORIENTED_EDGE('',*,*,#1714,.F.);
#2281=ORIENTED_EDGE('',*,*,#1634,.T.);
#2282=ORIENTED_EDGE('',*,*,#1718,.T.);
#2283=ORIENTED_EDGE('',*,*,#1719,.T.);
#2284=ORIENTED_EDGE('',*,*,#1720,.T.);
#2285=ORIENTED_EDGE('',*,*,#1721,.F.);
#2286=ORIENTED_EDGE('',*,*,#1718,.F.);
#2287=ORIENTED_EDGE('',*,*,#1722,.T.);
#2288=ORIENTED_EDGE('',*,*,#1723,.T.);
#2289=ORIENTED_EDGE('',*,*,#1719,.F.);
#2290=ORIENTED_EDGE('',*,*,#1721,.T.);
#2291=ORIENTED_EDGE('',*,*,#1724,.T.);
#2292=ORIENTED_EDGE('',*,*,#1716,.F.);
#2293=ORIENTED_EDGE('',*,*,#1725,.T.);
#2294=ORIENTED_EDGE('',*,*,#1726,.T.);
#2295=ORIENTED_EDGE('',*,*,#1722,.F.);
#2296=ORIENTED_EDGE('',*,*,#1633,.T.);
#2297=ORIENTED_EDGE('',*,*,#1727,.T.);
#2298=ORIENTED_EDGE('',*,*,#1728,.T.);
#2299=ORIENTED_EDGE('',*,*,#1725,.F.);
#2300=ORIENTED_EDGE('',*,*,#1632,.T.);
#2301=ORIENTED_EDGE('',*,*,#1729,.T.);
#2302=ORIENTED_EDGE('',*,*,#1730,.T.);
#2303=ORIENTED_EDGE('',*,*,#1727,.F.);
#2304=ORIENTED_EDGE('',*,*,#1631,.T.);
#2305=ORIENTED_EDGE('',*,*,#1731,.T.);
#2306=ORIENTED_EDGE('',*,*,#1729,.F.);
#2307=ORIENTED_EDGE('',*,*,#1630,.T.);
#2308=ORIENTED_EDGE('',*,*,#1732,.T.);
#2309=ORIENTED_EDGE('',*,*,#1733,.T.);
#2310=ORIENTED_EDGE('',*,*,#1732,.F.);
#2311=ORIENTED_EDGE('',*,*,#1629,.T.);
#2312=ORIENTED_EDGE('',*,*,#1693,.T.);
#2313=ORIENTED_EDGE('',*,*,#1701,.F.);
#2314=ORIENTED_EDGE('',*,*,#1734,.F.);
#2315=ORIENTED_EDGE('',*,*,#1735,.F.);
#2316=ORIENTED_EDGE('',*,*,#1736,.T.);
#2317=ORIENTED_EDGE('',*,*,#1704,.F.);
#2318=ORIENTED_EDGE('',*,*,#1737,.F.);
#2319=ORIENTED_EDGE('',*,*,#1738,.F.);
#2320=ORIENTED_EDGE('',*,*,#1734,.T.);
#2321=ORIENTED_EDGE('',*,*,#1708,.F.);
#2322=ORIENTED_EDGE('',*,*,#1739,.F.);
#2323=ORIENTED_EDGE('',*,*,#1740,.F.);
#2324=ORIENTED_EDGE('',*,*,#1737,.T.);
#2325=ORIENTED_EDGE('',*,*,#1710,.F.);
#2326=ORIENTED_EDGE('',*,*,#1741,.F.);
#2327=ORIENTED_EDGE('',*,*,#1742,.F.);
#2328=ORIENTED_EDGE('',*,*,#1739,.T.);
#2329=ORIENTED_EDGE('',*,*,#1711,.F.);
#2330=ORIENTED_EDGE('',*,*,#1743,.F.);
#2331=ORIENTED_EDGE('',*,*,#1744,.F.);
#2332=ORIENTED_EDGE('',*,*,#1741,.T.);
#2333=ORIENTED_EDGE('',*,*,#1645,.F.);
#2334=ORIENTED_EDGE('',*,*,#1745,.F.);
#2335=ORIENTED_EDGE('',*,*,#1746,.F.);
#2336=ORIENTED_EDGE('',*,*,#1743,.T.);
#2337=ORIENTED_EDGE('',*,*,#1713,.F.);
#2338=ORIENTED_EDGE('',*,*,#1747,.F.);
#2339=ORIENTED_EDGE('',*,*,#1748,.F.);
#2340=ORIENTED_EDGE('',*,*,#1745,.T.);
#2341=ORIENTED_EDGE('',*,*,#1715,.F.);
#2342=ORIENTED_EDGE('',*,*,#1749,.F.);
#2343=ORIENTED_EDGE('',*,*,#1750,.F.);
#2344=ORIENTED_EDGE('',*,*,#1747,.T.);
#2345=ORIENTED_EDGE('',*,*,#1717,.F.);
#2346=ORIENTED_EDGE('',*,*,#1751,.F.);
#2347=ORIENTED_EDGE('',*,*,#1752,.F.);
#2348=ORIENTED_EDGE('',*,*,#1749,.T.);
#2349=ORIENTED_EDGE('',*,*,#1724,.F.);
#2350=ORIENTED_EDGE('',*,*,#1753,.F.);
#2351=ORIENTED_EDGE('',*,*,#1754,.F.);
#2352=ORIENTED_EDGE('',*,*,#1751,.T.);
#2353=ORIENTED_EDGE('',*,*,#1720,.F.);
#2354=ORIENTED_EDGE('',*,*,#1755,.F.);
#2355=ORIENTED_EDGE('',*,*,#1756,.F.);
#2356=ORIENTED_EDGE('',*,*,#1753,.T.);
#2357=ORIENTED_EDGE('',*,*,#1705,.F.);
#2358=ORIENTED_EDGE('',*,*,#1736,.F.);
#2359=ORIENTED_EDGE('',*,*,#1757,.F.);
#2360=ORIENTED_EDGE('',*,*,#1758,.T.);
#2361=ORIENTED_EDGE('',*,*,#1699,.F.);
#2362=ORIENTED_EDGE('',*,*,#1758,.F.);
#2363=ORIENTED_EDGE('',*,*,#1759,.F.);
#2364=ORIENTED_EDGE('',*,*,#1760,.T.);
#2365=ORIENTED_EDGE('',*,*,#1697,.F.);
#2366=ORIENTED_EDGE('',*,*,#1760,.F.);
#2367=ORIENTED_EDGE('',*,*,#1761,.F.);
#2368=ORIENTED_EDGE('',*,*,#1762,.T.);
#2369=ORIENTED_EDGE('',*,*,#1695,.F.);
#2370=ORIENTED_EDGE('',*,*,#1762,.F.);
#2371=ORIENTED_EDGE('',*,*,#1763,.F.);
#2372=ORIENTED_EDGE('',*,*,#1764,.T.);
#2373=ORIENTED_EDGE('',*,*,#1733,.F.);
#2374=ORIENTED_EDGE('',*,*,#1765,.F.);
#2375=ORIENTED_EDGE('',*,*,#1766,.F.);
#2376=ORIENTED_EDGE('',*,*,#1767,.T.);
#2377=ORIENTED_EDGE('',*,*,#1730,.F.);
#2378=ORIENTED_EDGE('',*,*,#1768,.F.);
#2379=ORIENTED_EDGE('',*,*,#1769,.F.);
#2380=ORIENTED_EDGE('',*,*,#1770,.T.);
#2381=ORIENTED_EDGE('',*,*,#1728,.F.);
#2382=ORIENTED_EDGE('',*,*,#1770,.F.);
#2383=ORIENTED_EDGE('',*,*,#1771,.F.);
#2384=ORIENTED_EDGE('',*,*,#1772,.T.);
#2385=ORIENTED_EDGE('',*,*,#1726,.F.);
#2386=ORIENTED_EDGE('',*,*,#1772,.F.);
#2387=ORIENTED_EDGE('',*,*,#1773,.F.);
#2388=ORIENTED_EDGE('',*,*,#1774,.T.);
#2389=ORIENTED_EDGE('',*,*,#1723,.F.);
#2390=ORIENTED_EDGE('',*,*,#1774,.F.);
#2391=ORIENTED_EDGE('',*,*,#1775,.F.);
#2392=ORIENTED_EDGE('',*,*,#1755,.T.);
#2393=ORIENTED_EDGE('',*,*,#1654,.F.);
#2394=ORIENTED_EDGE('',*,*,#1776,.F.);
#2395=ORIENTED_EDGE('',*,*,#1777,.F.);
#2396=ORIENTED_EDGE('',*,*,#1778,.T.);
#2397=ORIENTED_EDGE('',*,*,#1674,.F.);
#2398=ORIENTED_EDGE('',*,*,#1778,.F.);
#2399=ORIENTED_EDGE('',*,*,#1779,.F.);
#2400=ORIENTED_EDGE('',*,*,#1780,.T.);
#2401=ORIENTED_EDGE('',*,*,#1658,.F.);
#2402=ORIENTED_EDGE('',*,*,#1780,.F.);
#2403=ORIENTED_EDGE('',*,*,#1781,.F.);
#2404=ORIENTED_EDGE('',*,*,#1782,.T.);
#2405=ORIENTED_EDGE('',*,*,#1675,.F.);
#2406=ORIENTED_EDGE('',*,*,#1782,.F.);
#2407=ORIENTED_EDGE('',*,*,#1783,.F.);
#2408=ORIENTED_EDGE('',*,*,#1689,.T.);
#2409=ORIENTED_EDGE('',*,*,#1665,.F.);
#2410=ORIENTED_EDGE('',*,*,#1682,.F.);
#2411=ORIENTED_EDGE('',*,*,#1784,.F.);
#2412=ORIENTED_EDGE('',*,*,#1776,.T.);
#2413=ORIENTED_EDGE('',*,*,#1781,.T.);
#2414=ORIENTED_EDGE('',*,*,#1785,.F.);
#2415=ORIENTED_EDGE('',*,*,#1786,.F.);
#2416=ORIENTED_EDGE('',*,*,#1787,.F.);
#2417=ORIENTED_EDGE('',*,*,#1777,.T.);
#2418=ORIENTED_EDGE('',*,*,#1788,.F.);
#2419=ORIENTED_EDGE('',*,*,#1789,.F.);
#2420=ORIENTED_EDGE('',*,*,#1790,.F.);
#2421=ORIENTED_EDGE('',*,*,#1681,.T.);
#2422=ORIENTED_EDGE('',*,*,#1791,.F.);
#2423=ORIENTED_EDGE('',*,*,#1792,.F.);
#2424=ORIENTED_EDGE('',*,*,#1793,.F.);
#2425=ORIENTED_EDGE('',*,*,#1688,.T.);
#2426=ORIENTED_EDGE('',*,*,#1794,.T.);
#2427=ORIENTED_EDGE('',*,*,#1795,.T.);
#2428=ORIENTED_EDGE('',*,*,#1796,.T.);
#2429=ORIENTED_EDGE('',*,*,#1797,.T.);
#2430=ORIENTED_EDGE('',*,*,#1798,.T.);
#2431=ORIENTED_EDGE('',*,*,#1799,.F.);
#2432=ORIENTED_EDGE('',*,*,#1800,.T.);
#2433=ORIENTED_EDGE('',*,*,#1650,.T.);
#2434=ORIENTED_EDGE('',*,*,#1801,.T.);
#2435=ORIENTED_EDGE('',*,*,#1639,.T.);
#2436=ORIENTED_EDGE('',*,*,#1802,.T.);
#2437=ORIENTED_EDGE('',*,*,#1803,.T.);
#2438=ORIENTED_EDGE('',*,*,#1804,.T.);
#2439=ORIENTED_EDGE('',*,*,#1805,.T.);
#2440=ORIENTED_EDGE('',*,*,#1641,.T.);
#2441=ORIENTED_EDGE('',*,*,#1806,.T.);
#2442=ORIENTED_EDGE('',*,*,#1807,.T.);
#2443=ORIENTED_EDGE('',*,*,#1808,.T.);
#2444=ORIENTED_EDGE('',*,*,#1809,.T.);
#2445=ORIENTED_EDGE('',*,*,#1756,.T.);
#2446=ORIENTED_EDGE('',*,*,#1810,.F.);
#2447=ORIENTED_EDGE('',*,*,#1811,.F.);
#2448=ORIENTED_EDGE('',*,*,#1812,.F.);
#2449=ORIENTED_EDGE('',*,*,#1766,.T.);
#2450=ORIENTED_EDGE('',*,*,#1813,.T.);
#2451=ORIENTED_EDGE('',*,*,#1814,.T.);
#2452=ORIENTED_EDGE('',*,*,#1815,.T.);
#2453=ORIENTED_EDGE('',*,*,#1648,.T.);
#2454=ORIENTED_EDGE('',*,*,#1816,.T.);
#2455=ORIENTED_EDGE('',*,*,#1817,.T.);
#2456=ORIENTED_EDGE('',*,*,#1818,.T.);
#2457=ORIENTED_EDGE('',*,*,#1792,.T.);
#2458=ORIENTED_EDGE('',*,*,#1819,.T.);
#2459=ORIENTED_EDGE('',*,*,#1820,.T.);
#2460=ORIENTED_EDGE('',*,*,#1819,.F.);
#2461=ORIENTED_EDGE('',*,*,#1791,.T.);
#2462=ORIENTED_EDGE('',*,*,#1684,.T.);
#2463=ORIENTED_EDGE('',*,*,#1821,.T.);
#2464=ORIENTED_EDGE('',*,*,#1822,.T.);
#2465=ORIENTED_EDGE('',*,*,#1823,.F.);
#2466=ORIENTED_EDGE('',*,*,#1757,.T.);
#2467=ORIENTED_EDGE('',*,*,#1824,.T.);
#2468=ORIENTED_EDGE('',*,*,#1735,.T.);
#2469=ORIENTED_EDGE('',*,*,#1825,.F.);
#2470=ORIENTED_EDGE('',*,*,#1820,.F.);
#2471=ORIENTED_EDGE('',*,*,#1824,.F.);
#2472=ORIENTED_EDGE('',*,*,#1826,.T.);
#2473=ORIENTED_EDGE('',*,*,#1817,.F.);
#2474=ORIENTED_EDGE('',*,*,#1827,.T.);
#2475=ORIENTED_EDGE('',*,*,#1828,.T.);
#2476=ORIENTED_EDGE('',*,*,#1789,.T.);
#2477=ORIENTED_EDGE('',*,*,#1818,.F.);
#2478=ORIENTED_EDGE('',*,*,#1825,.T.);
#2479=ORIENTED_EDGE('',*,*,#1738,.T.);
#2480=ORIENTED_EDGE('',*,*,#1829,.F.);
#2481=ORIENTED_EDGE('',*,*,#1830,.T.);
#2482=ORIENTED_EDGE('',*,*,#1831,.T.);
#2483=ORIENTED_EDGE('',*,*,#1754,.T.);
#2484=ORIENTED_EDGE('',*,*,#1812,.T.);
#2485=ORIENTED_EDGE('',*,*,#1832,.F.);
#2486=ORIENTED_EDGE('',*,*,#1785,.T.);
#2487=ORIENTED_EDGE('',*,*,#1779,.T.);
#2488=ORIENTED_EDGE('',*,*,#1790,.T.);
#2489=ORIENTED_EDGE('',*,*,#1828,.F.);
#2490=ORIENTED_EDGE('',*,*,#1788,.T.);
#2491=ORIENTED_EDGE('',*,*,#1784,.T.);
#2492=ORIENTED_EDGE('',*,*,#1793,.T.);
#2493=ORIENTED_EDGE('',*,*,#1833,.T.);
#2494=ORIENTED_EDGE('',*,*,#1827,.F.);
#2495=ORIENTED_EDGE('',*,*,#1834,.T.);
#2496=ORIENTED_EDGE('',*,*,#1832,.T.);
#2497=ORIENTED_EDGE('',*,*,#1811,.T.);
#2498=ORIENTED_EDGE('',*,*,#1835,.T.);
#2499=ORIENTED_EDGE('',*,*,#1786,.T.);
#2500=ORIENTED_EDGE('',*,*,#1835,.F.);
#2501=ORIENTED_EDGE('',*,*,#1810,.T.);
#2502=ORIENTED_EDGE('',*,*,#1775,.T.);
#2503=ORIENTED_EDGE('',*,*,#1836,.F.);
#2504=ORIENTED_EDGE('',*,*,#1837,.T.);
#2505=ORIENTED_EDGE('',*,*,#1838,.T.);
#2506=ORIENTED_EDGE('',*,*,#1783,.T.);
#2507=ORIENTED_EDGE('',*,*,#1787,.T.);
#2508=ORIENTED_EDGE('',*,*,#1839,.T.);
#2509=ORIENTED_EDGE('',*,*,#1834,.F.);
#2510=ORIENTED_EDGE('',*,*,#1839,.F.);
#2511=ORIENTED_EDGE('',*,*,#1833,.F.);
#2512=ORIENTED_EDGE('',*,*,#1826,.F.);
#2513=ORIENTED_EDGE('',*,*,#1840,.F.);
#2514=ORIENTED_EDGE('',*,*,#1841,.F.);
#2515=ORIENTED_EDGE('',*,*,#1842,.F.);
#2516=ORIENTED_EDGE('',*,*,#1843,.T.);
#2517=ORIENTED_EDGE('',*,*,#1844,.T.);
#2518=ORIENTED_EDGE('',*,*,#1841,.T.);
#2519=ORIENTED_EDGE('',*,*,#1845,.T.);
#2520=ORIENTED_EDGE('',*,*,#1846,.F.);
#2521=ORIENTED_EDGE('',*,*,#1847,.F.);
#2522=ORIENTED_EDGE('',*,*,#1848,.F.);
#2523=ORIENTED_EDGE('',*,*,#1849,.T.);
#2524=ORIENTED_EDGE('',*,*,#1850,.T.);
#2525=ORIENTED_EDGE('',*,*,#1847,.T.);
#2526=ORIENTED_EDGE('',*,*,#1851,.T.);
#2527=ORIENTED_EDGE('',*,*,#1852,.T.);
#2528=ORIENTED_EDGE('',*,*,#1853,.T.);
#2529=ORIENTED_EDGE('',*,*,#1849,.F.);
#2530=ORIENTED_EDGE('',*,*,#1854,.T.);
#2531=ORIENTED_EDGE('',*,*,#1855,.T.);
#2532=ORIENTED_EDGE('',*,*,#1856,.T.);
#2533=ORIENTED_EDGE('',*,*,#1848,.T.);
#2534=ORIENTED_EDGE('',*,*,#1857,.T.);
#2535=ORIENTED_EDGE('',*,*,#1842,.T.);
#2536=ORIENTED_EDGE('',*,*,#1858,.T.);
#2537=ORIENTED_EDGE('',*,*,#1846,.T.);
#2538=ORIENTED_EDGE('',*,*,#1859,.T.);
#2539=ORIENTED_EDGE('',*,*,#1860,.T.);
#2540=ORIENTED_EDGE('',*,*,#1861,.T.);
#2541=ORIENTED_EDGE('',*,*,#1840,.T.);
#2542=ORIENTED_EDGE('',*,*,#1862,.T.);
#2543=ORIENTED_EDGE('',*,*,#1863,.T.);
#2544=ORIENTED_EDGE('',*,*,#1864,.T.);
#2545=ORIENTED_EDGE('',*,*,#1865,.T.);
#2546=ORIENTED_EDGE('',*,*,#1866,.T.);
#2547=ORIENTED_EDGE('',*,*,#1865,.F.);
#2548=ORIENTED_EDGE('',*,*,#1855,.F.);
#2549=ORIENTED_EDGE('',*,*,#1867,.T.);
#2550=ORIENTED_EDGE('',*,*,#1799,.T.);
#2551=ORIENTED_EDGE('',*,*,#1868,.T.);
#2552=ORIENTED_EDGE('',*,*,#1843,.F.);
#2553=ORIENTED_EDGE('',*,*,#1869,.T.);
#2554=ORIENTED_EDGE('',*,*,#1860,.F.);
#2555=ORIENTED_EDGE('',*,*,#1863,.F.);
#2556=ORIENTED_EDGE('',*,*,#1870,.T.);
#2557=ORIENTED_EDGE('',*,*,#1800,.F.);
#2558=ORIENTED_EDGE('',*,*,#1869,.F.);
#2559=ORIENTED_EDGE('',*,*,#1871,.T.);
#2560=ORIENTED_EDGE('',*,*,#1872,.F.);
#2561=ORIENTED_EDGE('',*,*,#1873,.T.);
#2562=ORIENTED_EDGE('',*,*,#1845,.F.);
#2563=ORIENTED_EDGE('',*,*,#1861,.F.);
#2564=ORIENTED_EDGE('',*,*,#1874,.F.);
#2565=ORIENTED_EDGE('',*,*,#1871,.F.);
#2566=ORIENTED_EDGE('',*,*,#1870,.F.);
#2567=ORIENTED_EDGE('',*,*,#1875,.T.);
#2568=ORIENTED_EDGE('',*,*,#1876,.T.);
#2569=ORIENTED_EDGE('',*,*,#1874,.T.);
#2570=ORIENTED_EDGE('',*,*,#1866,.F.);
#2571=ORIENTED_EDGE('',*,*,#1877,.F.);
#2572=ORIENTED_EDGE('',*,*,#1878,.F.);
#2573=ORIENTED_EDGE('',*,*,#1879,.F.);
#2574=ORIENTED_EDGE('',*,*,#1880,.F.);
#2575=ORIENTED_EDGE('',*,*,#1881,.F.);
#2576=ORIENTED_EDGE('',*,*,#1882,.F.);
#2577=ORIENTED_EDGE('',*,*,#1883,.T.);
#2578=ORIENTED_EDGE('',*,*,#1884,.F.);
#2579=ORIENTED_EDGE('',*,*,#1885,.F.);
#2580=ORIENTED_EDGE('',*,*,#1875,.F.);
#2581=ORIENTED_EDGE('',*,*,#1856,.F.);
#2582=ORIENTED_EDGE('',*,*,#1864,.F.);
#2583=ORIENTED_EDGE('',*,*,#1862,.F.);
#2584=ORIENTED_EDGE('',*,*,#1859,.F.);
#2585=ORIENTED_EDGE('',*,*,#1886,.F.);
#2586=ORIENTED_EDGE('',*,*,#1887,.F.);
#2587=ORIENTED_EDGE('',*,*,#1888,.F.);
#2588=ORIENTED_EDGE('',*,*,#1889,.T.);
#2589=ORIENTED_EDGE('',*,*,#1890,.T.);
#2590=ORIENTED_EDGE('',*,*,#1887,.T.);
#2591=ORIENTED_EDGE('',*,*,#1891,.T.);
#2592=ORIENTED_EDGE('',*,*,#1892,.T.);
#2593=ORIENTED_EDGE('',*,*,#1893,.T.);
#2594=ORIENTED_EDGE('',*,*,#1888,.T.);
#2595=ORIENTED_EDGE('',*,*,#1894,.T.);
#2596=ORIENTED_EDGE('',*,*,#1895,.F.);
#2597=ORIENTED_EDGE('',*,*,#1896,.F.);
#2598=ORIENTED_EDGE('',*,*,#1897,.F.);
#2599=ORIENTED_EDGE('',*,*,#1898,.T.);
#2600=ORIENTED_EDGE('',*,*,#1899,.T.);
#2601=ORIENTED_EDGE('',*,*,#1896,.T.);
#2602=ORIENTED_EDGE('',*,*,#1900,.T.);
#2603=ORIENTED_EDGE('',*,*,#1901,.F.);
#2604=ORIENTED_EDGE('',*,*,#1902,.T.);
#2605=ORIENTED_EDGE('',*,*,#1898,.F.);
#2606=ORIENTED_EDGE('',*,*,#1903,.T.);
#2607=ORIENTED_EDGE('',*,*,#1886,.T.);
#2608=ORIENTED_EDGE('',*,*,#1904,.T.);
#2609=ORIENTED_EDGE('',*,*,#1897,.T.);
#2610=ORIENTED_EDGE('',*,*,#1905,.T.);
#2611=ORIENTED_EDGE('',*,*,#1906,.T.);
#2612=ORIENTED_EDGE('',*,*,#1907,.T.);
#2613=ORIENTED_EDGE('',*,*,#1895,.T.);
#2614=ORIENTED_EDGE('',*,*,#1908,.T.);
#2615=ORIENTED_EDGE('',*,*,#1909,.T.);
#2616=ORIENTED_EDGE('',*,*,#1910,.T.);
#2617=ORIENTED_EDGE('',*,*,#1911,.T.);
#2618=ORIENTED_EDGE('',*,*,#1912,.T.);
#2619=ORIENTED_EDGE('',*,*,#1911,.F.);
#2620=ORIENTED_EDGE('',*,*,#1913,.T.);
#2621=ORIENTED_EDGE('',*,*,#1906,.F.);
#2622=ORIENTED_EDGE('',*,*,#1795,.F.);
#2623=ORIENTED_EDGE('',*,*,#1914,.T.);
#2624=ORIENTED_EDGE('',*,*,#1889,.F.);
#2625=ORIENTED_EDGE('',*,*,#1915,.T.);
#2626=ORIENTED_EDGE('',*,*,#1892,.F.);
#2627=ORIENTED_EDGE('',*,*,#1916,.T.);
#2628=ORIENTED_EDGE('',*,*,#1909,.F.);
#2629=ORIENTED_EDGE('',*,*,#1731,.F.);
#2630=ORIENTED_EDGE('',*,*,#1767,.F.);
#2631=ORIENTED_EDGE('',*,*,#1815,.F.);
#2632=ORIENTED_EDGE('',*,*,#1917,.F.);
#2633=ORIENTED_EDGE('',*,*,#1918,.F.);
#2634=ORIENTED_EDGE('',*,*,#1919,.T.);
#2635=ORIENTED_EDGE('',*,*,#1796,.F.);
#2636=ORIENTED_EDGE('',*,*,#1915,.F.);
#2637=ORIENTED_EDGE('',*,*,#1891,.F.);
#2638=ORIENTED_EDGE('',*,*,#1905,.F.);
#2639=ORIENTED_EDGE('',*,*,#1899,.F.);
#2640=ORIENTED_EDGE('',*,*,#1902,.F.);
#2641=ORIENTED_EDGE('',*,*,#1920,.F.);
#2642=ORIENTED_EDGE('',*,*,#1921,.F.);
#2643=ORIENTED_EDGE('',*,*,#1768,.T.);
#2644=ORIENTED_EDGE('',*,*,#1903,.F.);
#2645=ORIENTED_EDGE('',*,*,#1922,.T.);
#2646=ORIENTED_EDGE('',*,*,#1923,.T.);
#2647=ORIENTED_EDGE('',*,*,#1900,.F.);
#2648=ORIENTED_EDGE('',*,*,#1907,.F.);
#2649=ORIENTED_EDGE('',*,*,#1924,.F.);
#2650=ORIENTED_EDGE('',*,*,#1922,.F.);
#2651=ORIENTED_EDGE('',*,*,#1913,.F.);
#2652=ORIENTED_EDGE('',*,*,#1925,.T.);
#2653=ORIENTED_EDGE('',*,*,#1926,.T.);
#2654=ORIENTED_EDGE('',*,*,#1924,.T.);
#2655=ORIENTED_EDGE('',*,*,#1910,.F.);
#2656=ORIENTED_EDGE('',*,*,#1927,.F.);
#2657=ORIENTED_EDGE('',*,*,#1928,.F.);
#2658=ORIENTED_EDGE('',*,*,#1929,.F.);
#2659=ORIENTED_EDGE('',*,*,#1930,.F.);
#2660=ORIENTED_EDGE('',*,*,#1931,.F.);
#2661=ORIENTED_EDGE('',*,*,#1932,.F.);
#2662=ORIENTED_EDGE('',*,*,#1933,.F.);
#2663=ORIENTED_EDGE('',*,*,#1934,.F.);
#2664=ORIENTED_EDGE('',*,*,#1935,.F.);
#2665=ORIENTED_EDGE('',*,*,#1925,.F.);
#2666=ORIENTED_EDGE('',*,*,#1893,.F.);
#2667=ORIENTED_EDGE('',*,*,#1912,.F.);
#2668=ORIENTED_EDGE('',*,*,#1908,.F.);
#2669=ORIENTED_EDGE('',*,*,#1904,.F.);
#2670=ORIENTED_EDGE('',*,*,#1936,.T.);
#2671=ORIENTED_EDGE('',*,*,#1872,.T.);
#2672=ORIENTED_EDGE('',*,*,#1876,.F.);
#2673=ORIENTED_EDGE('',*,*,#1885,.T.);
#2674=ORIENTED_EDGE('',*,*,#1937,.T.);
#2675=ORIENTED_EDGE('',*,*,#1928,.T.);
#2676=ORIENTED_EDGE('',*,*,#1938,.T.);
#2677=ORIENTED_EDGE('',*,*,#1939,.T.);
#2678=ORIENTED_EDGE('',*,*,#1916,.F.);
#2679=ORIENTED_EDGE('',*,*,#1940,.T.);
#2680=ORIENTED_EDGE('',*,*,#1938,.F.);
#2681=ORIENTED_EDGE('',*,*,#1927,.T.);
#2682=ORIENTED_EDGE('',*,*,#1794,.F.);
#2683=ORIENTED_EDGE('',*,*,#1941,.T.);
#2684=ORIENTED_EDGE('',*,*,#1939,.F.);
#2685=ORIENTED_EDGE('',*,*,#1942,.T.);
#2686=ORIENTED_EDGE('',*,*,#1914,.F.);
#2687=ORIENTED_EDGE('',*,*,#1890,.F.);
#2688=ORIENTED_EDGE('',*,*,#1942,.F.);
#2689=ORIENTED_EDGE('',*,*,#1940,.F.);
#2690=ORIENTED_EDGE('',*,*,#1894,.F.);
#2691=ORIENTED_EDGE('',*,*,#1943,.T.);
#2692=ORIENTED_EDGE('',*,*,#1944,.T.);
#2693=ORIENTED_EDGE('',*,*,#1945,.T.);
#2694=ORIENTED_EDGE('',*,*,#1946,.T.);
#2695=ORIENTED_EDGE('',*,*,#1947,.T.);
#2696=ORIENTED_EDGE('',*,*,#1948,.T.);
#2697=ORIENTED_EDGE('',*,*,#1945,.F.);
#2698=ORIENTED_EDGE('',*,*,#1949,.T.);
#2699=ORIENTED_EDGE('',*,*,#1950,.T.);
#2700=ORIENTED_EDGE('',*,*,#1951,.T.);
#2701=ORIENTED_EDGE('',*,*,#1947,.F.);
#2702=ORIENTED_EDGE('',*,*,#1932,.T.);
#2703=ORIENTED_EDGE('',*,*,#1952,.T.);
#2704=ORIENTED_EDGE('',*,*,#1953,.T.);
#2705=ORIENTED_EDGE('',*,*,#1950,.F.);
#2706=ORIENTED_EDGE('',*,*,#1954,.T.);
#2707=ORIENTED_EDGE('',*,*,#1955,.T.);
#2708=ORIENTED_EDGE('',*,*,#1956,.T.);
#2709=ORIENTED_EDGE('',*,*,#1952,.F.);
#2710=ORIENTED_EDGE('',*,*,#1957,.T.);
#2711=ORIENTED_EDGE('',*,*,#1955,.F.);
#2712=ORIENTED_EDGE('',*,*,#1958,.T.);
#2713=ORIENTED_EDGE('',*,*,#1943,.F.);
#2714=ORIENTED_EDGE('',*,*,#1959,.T.);
#2715=ORIENTED_EDGE('',*,*,#1949,.F.);
#2716=ORIENTED_EDGE('',*,*,#1960,.T.);
#2717=ORIENTED_EDGE('',*,*,#1961,.F.);
#2718=ORIENTED_EDGE('',*,*,#1933,.T.);
#2719=ORIENTED_EDGE('',*,*,#1944,.F.);
#2720=ORIENTED_EDGE('',*,*,#1962,.F.);
#2721=ORIENTED_EDGE('',*,*,#1963,.F.);
#2722=ORIENTED_EDGE('',*,*,#1960,.F.);
#2723=ORIENTED_EDGE('',*,*,#1964,.F.);
#2724=ORIENTED_EDGE('',*,*,#1965,.F.);
#2725=ORIENTED_EDGE('',*,*,#1966,.F.);
#2726=ORIENTED_EDGE('',*,*,#1967,.F.);
#2727=ORIENTED_EDGE('',*,*,#1968,.F.);
#2728=ORIENTED_EDGE('',*,*,#1969,.F.);
#2729=ORIENTED_EDGE('',*,*,#1970,.F.);
#2730=ORIENTED_EDGE('',*,*,#1971,.F.);
#2731=ORIENTED_EDGE('',*,*,#1972,.F.);
#2732=ORIENTED_EDGE('',*,*,#1973,.F.);
#2733=ORIENTED_EDGE('',*,*,#1974,.F.);
#2734=ORIENTED_EDGE('',*,*,#1975,.F.);
#2735=ORIENTED_EDGE('',*,*,#1976,.F.);
#2736=ORIENTED_EDGE('',*,*,#1977,.F.);
#2737=ORIENTED_EDGE('',*,*,#1978,.T.);
#2738=ORIENTED_EDGE('',*,*,#1979,.T.);
#2739=ORIENTED_EDGE('',*,*,#1980,.T.);
#2740=ORIENTED_EDGE('',*,*,#1981,.T.);
#2741=ORIENTED_EDGE('',*,*,#1982,.T.);
#2742=ORIENTED_EDGE('',*,*,#1983,.T.);
#2743=ORIENTED_EDGE('',*,*,#1984,.T.);
#2744=ORIENTED_EDGE('',*,*,#1985,.T.);
#2745=ORIENTED_EDGE('',*,*,#1986,.T.);
#2746=ORIENTED_EDGE('',*,*,#1987,.T.);
#2747=ORIENTED_EDGE('',*,*,#1988,.T.);
#2748=ORIENTED_EDGE('',*,*,#1946,.F.);
#2749=ORIENTED_EDGE('',*,*,#1948,.F.);
#2750=ORIENTED_EDGE('',*,*,#1951,.F.);
#2751=ORIENTED_EDGE('',*,*,#1953,.F.);
#2752=ORIENTED_EDGE('',*,*,#1956,.F.);
#2753=ORIENTED_EDGE('',*,*,#1959,.F.);
#2754=ORIENTED_EDGE('',*,*,#1989,.T.);
#2755=ORIENTED_EDGE('',*,*,#1990,.T.);
#2756=ORIENTED_EDGE('',*,*,#1991,.T.);
#2757=ORIENTED_EDGE('',*,*,#1972,.T.);
#2758=ORIENTED_EDGE('',*,*,#1992,.T.);
#2759=ORIENTED_EDGE('',*,*,#1973,.T.);
#2760=ORIENTED_EDGE('',*,*,#1991,.F.);
#2761=ORIENTED_EDGE('',*,*,#1993,.T.);
#2762=ORIENTED_EDGE('',*,*,#1994,.T.);
#2763=ORIENTED_EDGE('',*,*,#1974,.T.);
#2764=ORIENTED_EDGE('',*,*,#1992,.F.);
#2765=ORIENTED_EDGE('',*,*,#1995,.T.);
#2766=ORIENTED_EDGE('',*,*,#1996,.T.);
#2767=ORIENTED_EDGE('',*,*,#1975,.T.);
#2768=ORIENTED_EDGE('',*,*,#1994,.F.);
#2769=ORIENTED_EDGE('',*,*,#1997,.T.);
#2770=ORIENTED_EDGE('',*,*,#1998,.T.);
#2771=ORIENTED_EDGE('',*,*,#1976,.T.);
#2772=ORIENTED_EDGE('',*,*,#1996,.F.);
#2773=ORIENTED_EDGE('',*,*,#1881,.T.);
#2774=ORIENTED_EDGE('',*,*,#1998,.F.);
#2775=ORIENTED_EDGE('',*,*,#1999,.T.);
#2776=ORIENTED_EDGE('',*,*,#1989,.F.);
#2777=ORIENTED_EDGE('',*,*,#1977,.T.);
#2778=ORIENTED_EDGE('',*,*,#1995,.F.);
#2779=ORIENTED_EDGE('',*,*,#2000,.F.);
#2780=ORIENTED_EDGE('',*,*,#1822,.F.);
#2781=ORIENTED_EDGE('',*,*,#2001,.F.);
#2782=ORIENTED_EDGE('',*,*,#1993,.F.);
#2783=ORIENTED_EDGE('',*,*,#2002,.T.);
#2784=ORIENTED_EDGE('',*,*,#2003,.F.);
#2785=ORIENTED_EDGE('',*,*,#2000,.T.);
#2786=ORIENTED_EDGE('',*,*,#1990,.F.);
#2787=ORIENTED_EDGE('',*,*,#2004,.F.);
#2788=ORIENTED_EDGE('',*,*,#2005,.F.);
#2789=ORIENTED_EDGE('',*,*,#2002,.F.);
#2790=ORIENTED_EDGE('',*,*,#2006,.F.);
#2791=ORIENTED_EDGE('',*,*,#1878,.T.);
#2792=ORIENTED_EDGE('',*,*,#2007,.F.);
#2793=ORIENTED_EDGE('',*,*,#2008,.F.);
#2794=ORIENTED_EDGE('',*,*,#1852,.F.);
#2795=ORIENTED_EDGE('',*,*,#2009,.T.);
#2796=ORIENTED_EDGE('',*,*,#2010,.T.);
#2797=ORIENTED_EDGE('',*,*,#1763,.T.);
#2798=ORIENTED_EDGE('',*,*,#2011,.T.);
#2799=ORIENTED_EDGE('',*,*,#2012,.T.);
#2800=ORIENTED_EDGE('',*,*,#2013,.T.);
#2801=ORIENTED_EDGE('',*,*,#2005,.T.);
#2802=ORIENTED_EDGE('',*,*,#2011,.F.);
#2803=ORIENTED_EDGE('',*,*,#1761,.T.);
#2804=ORIENTED_EDGE('',*,*,#1823,.T.);
#2805=ORIENTED_EDGE('',*,*,#2003,.T.);
#2806=ORIENTED_EDGE('',*,*,#2013,.F.);
#2807=ORIENTED_EDGE('',*,*,#1759,.T.);
#2808=ORIENTED_EDGE('',*,*,#1884,.T.);
#2809=ORIENTED_EDGE('',*,*,#1883,.F.);
#2810=ORIENTED_EDGE('',*,*,#2014,.T.);
#2811=ORIENTED_EDGE('',*,*,#1821,.F.);
#2812=ORIENTED_EDGE('',*,*,#1686,.T.);
#2813=ORIENTED_EDGE('',*,*,#1873,.F.);
#2814=ORIENTED_EDGE('',*,*,#1936,.F.);
#2815=ORIENTED_EDGE('',*,*,#2006,.T.);
#2816=ORIENTED_EDGE('',*,*,#2015,.T.);
#2817=ORIENTED_EDGE('',*,*,#2010,.F.);
#2818=ORIENTED_EDGE('',*,*,#1879,.T.);
#2819=ORIENTED_EDGE('',*,*,#1867,.F.);
#2820=ORIENTED_EDGE('',*,*,#2016,.T.);
#2821=ORIENTED_EDGE('',*,*,#2007,.T.);
#2822=ORIENTED_EDGE('',*,*,#1877,.T.);
#2823=ORIENTED_EDGE('',*,*,#1853,.F.);
#2824=ORIENTED_EDGE('',*,*,#2008,.T.);
#2825=ORIENTED_EDGE('',*,*,#2017,.T.);
#2826=ORIENTED_EDGE('',*,*,#1935,.T.);
#2827=ORIENTED_EDGE('',*,*,#2018,.F.);
#2828=ORIENTED_EDGE('',*,*,#1920,.T.);
#2829=ORIENTED_EDGE('',*,*,#1901,.T.);
#2830=ORIENTED_EDGE('',*,*,#1923,.F.);
#2831=ORIENTED_EDGE('',*,*,#1926,.F.);
#2832=ORIENTED_EDGE('',*,*,#2019,.T.);
#2833=ORIENTED_EDGE('',*,*,#1921,.T.);
#2834=ORIENTED_EDGE('',*,*,#2018,.T.);
#2835=ORIENTED_EDGE('',*,*,#1934,.T.);
#2836=ORIENTED_EDGE('',*,*,#2020,.T.);
#2837=ORIENTED_EDGE('',*,*,#1769,.T.);
#2838=ORIENTED_EDGE('',*,*,#2019,.F.);
#2839=ORIENTED_EDGE('',*,*,#1961,.T.);
#2840=ORIENTED_EDGE('',*,*,#2021,.T.);
#2841=ORIENTED_EDGE('',*,*,#1771,.T.);
#2842=ORIENTED_EDGE('',*,*,#2020,.F.);
#2843=ORIENTED_EDGE('',*,*,#1963,.T.);
#2844=ORIENTED_EDGE('',*,*,#1836,.T.);
#2845=ORIENTED_EDGE('',*,*,#1773,.T.);
#2846=ORIENTED_EDGE('',*,*,#2021,.F.);
#2847=ORIENTED_EDGE('',*,*,#2022,.T.);
#2848=ORIENTED_EDGE('',*,*,#1941,.F.);
#2849=ORIENTED_EDGE('',*,*,#1690,.T.);
#2850=ORIENTED_EDGE('',*,*,#1838,.F.);
#2851=ORIENTED_EDGE('',*,*,#2023,.T.);
#2852=ORIENTED_EDGE('',*,*,#1930,.T.);
#2853=ORIENTED_EDGE('',*,*,#1929,.T.);
#2854=ORIENTED_EDGE('',*,*,#1937,.F.);
#2855=ORIENTED_EDGE('',*,*,#1957,.F.);
#2856=ORIENTED_EDGE('',*,*,#2024,.F.);
#2857=ORIENTED_EDGE('',*,*,#1837,.F.);
#2858=ORIENTED_EDGE('',*,*,#2025,.F.);
#2859=ORIENTED_EDGE('',*,*,#1958,.F.);
#2860=ORIENTED_EDGE('',*,*,#2025,.T.);
#2861=ORIENTED_EDGE('',*,*,#2022,.F.);
#2862=ORIENTED_EDGE('',*,*,#1962,.T.);
#2863=ORIENTED_EDGE('',*,*,#1850,.F.);
#2864=ORIENTED_EDGE('',*,*,#2017,.F.);
#2865=ORIENTED_EDGE('',*,*,#2016,.F.);
#2866=ORIENTED_EDGE('',*,*,#1857,.F.);
#2867=ORIENTED_EDGE('',*,*,#2026,.T.);
#2868=ORIENTED_EDGE('',*,*,#2027,.F.);
#2869=ORIENTED_EDGE('',*,*,#2026,.F.);
#2870=ORIENTED_EDGE('',*,*,#2028,.F.);
#2871=ORIENTED_EDGE('',*,*,#1692,.F.);
#2872=ORIENTED_EDGE('',*,*,#1764,.F.);
#2873=ORIENTED_EDGE('',*,*,#2015,.F.);
#2874=ORIENTED_EDGE('',*,*,#2009,.F.);
#2875=ORIENTED_EDGE('',*,*,#1854,.F.);
#2876=ORIENTED_EDGE('',*,*,#1851,.F.);
#2877=ORIENTED_EDGE('',*,*,#1858,.F.);
#2878=ORIENTED_EDGE('',*,*,#1844,.F.);
#2879=ORIENTED_EDGE('',*,*,#1868,.F.);
#2880=ORIENTED_EDGE('',*,*,#1798,.F.);
#2881=ORIENTED_EDGE('',*,*,#2029,.F.);
#2882=ORIENTED_EDGE('',*,*,#2030,.F.);
#2883=ORIENTED_EDGE('',*,*,#2031,.T.);
#2884=ORIENTED_EDGE('',*,*,#1813,.F.);
#2885=ORIENTED_EDGE('',*,*,#1765,.T.);
#2886=ORIENTED_EDGE('',*,*,#1814,.F.);
#2887=ORIENTED_EDGE('',*,*,#2031,.F.);
#2888=ORIENTED_EDGE('',*,*,#2032,.F.);
#2889=ORIENTED_EDGE('',*,*,#1917,.T.);
#2890=ORIENTED_EDGE('',*,*,#1797,.F.);
#2891=ORIENTED_EDGE('',*,*,#1919,.F.);
#2892=ORIENTED_EDGE('',*,*,#2033,.F.);
#2893=ORIENTED_EDGE('',*,*,#2029,.T.);
#2894=ORIENTED_EDGE('',*,*,#2032,.T.);
#2895=ORIENTED_EDGE('',*,*,#2030,.T.);
#2896=ORIENTED_EDGE('',*,*,#2033,.T.);
#2897=ORIENTED_EDGE('',*,*,#1918,.T.);
#2898=ORIENTED_EDGE('',*,*,#2027,.T.);
#2899=ORIENTED_EDGE('',*,*,#2028,.T.);
#2900=ORIENTED_EDGE('',*,*,#1978,.F.);
#2901=ORIENTED_EDGE('',*,*,#1807,.F.);
#2902=ORIENTED_EDGE('',*,*,#2034,.F.);
#2903=ORIENTED_EDGE('',*,*,#1982,.F.);
#2904=ORIENTED_EDGE('',*,*,#2035,.T.);
#2905=ORIENTED_EDGE('',*,*,#1808,.F.);
#2906=ORIENTED_EDGE('',*,*,#2035,.F.);
#2907=ORIENTED_EDGE('',*,*,#1981,.F.);
#2908=ORIENTED_EDGE('',*,*,#2036,.F.);
#2909=ORIENTED_EDGE('',*,*,#1806,.F.);
#2910=ORIENTED_EDGE('',*,*,#2037,.F.);
#2911=ORIENTED_EDGE('',*,*,#1979,.F.);
#2912=ORIENTED_EDGE('',*,*,#2034,.T.);
#2913=ORIENTED_EDGE('',*,*,#1803,.F.);
#2914=ORIENTED_EDGE('',*,*,#2038,.F.);
#2915=ORIENTED_EDGE('',*,*,#1986,.F.);
#2916=ORIENTED_EDGE('',*,*,#2039,.T.);
#2917=ORIENTED_EDGE('',*,*,#1804,.F.);
#2918=ORIENTED_EDGE('',*,*,#2039,.F.);
#2919=ORIENTED_EDGE('',*,*,#1985,.F.);
#2920=ORIENTED_EDGE('',*,*,#2040,.F.);
#2921=ORIENTED_EDGE('',*,*,#1802,.F.);
#2922=ORIENTED_EDGE('',*,*,#2041,.F.);
#2923=ORIENTED_EDGE('',*,*,#1983,.F.);
#2924=ORIENTED_EDGE('',*,*,#2038,.T.);
#2925=ORIENTED_EDGE('',*,*,#2042,.T.);
#2926=ORIENTED_EDGE('',*,*,#2043,.T.);
#2927=ORIENTED_EDGE('',*,*,#2044,.T.);
#2928=ORIENTED_EDGE('',*,*,#1742,.T.);
#2929=ORIENTED_EDGE('',*,*,#1829,.T.);
#2930=ORIENTED_EDGE('',*,*,#1740,.T.);
#2931=ORIENTED_EDGE('',*,*,#2044,.F.);
#2932=ORIENTED_EDGE('',*,*,#2045,.T.);
#2933=ORIENTED_EDGE('',*,*,#2046,.T.);
#2934=ORIENTED_EDGE('',*,*,#1752,.T.);
#2935=ORIENTED_EDGE('',*,*,#1831,.F.);
#2936=ORIENTED_EDGE('',*,*,#2047,.T.);
#2937=ORIENTED_EDGE('',*,*,#2048,.T.);
#2938=ORIENTED_EDGE('',*,*,#1750,.T.);
#2939=ORIENTED_EDGE('',*,*,#2046,.F.);
#2940=ORIENTED_EDGE('',*,*,#2049,.T.);
#2941=ORIENTED_EDGE('',*,*,#2050,.T.);
#2942=ORIENTED_EDGE('',*,*,#1748,.T.);
#2943=ORIENTED_EDGE('',*,*,#2048,.F.);
#2944=ORIENTED_EDGE('',*,*,#2051,.T.);
#2945=ORIENTED_EDGE('',*,*,#2052,.T.);
#2946=ORIENTED_EDGE('',*,*,#1746,.T.);
#2947=ORIENTED_EDGE('',*,*,#2050,.F.);
#2948=ORIENTED_EDGE('',*,*,#2053,.T.);
#2949=ORIENTED_EDGE('',*,*,#2042,.F.);
#2950=ORIENTED_EDGE('',*,*,#1744,.T.);
#2951=ORIENTED_EDGE('',*,*,#2052,.F.);
#2952=ORIENTED_EDGE('',*,*,#2054,.T.);
#2953=ORIENTED_EDGE('',*,*,#2047,.F.);
#2954=ORIENTED_EDGE('',*,*,#2055,.T.);
#2955=ORIENTED_EDGE('',*,*,#2056,.F.);
#2956=ORIENTED_EDGE('',*,*,#2057,.T.);
#2957=ORIENTED_EDGE('',*,*,#1830,.F.);
#2958=ORIENTED_EDGE('',*,*,#2058,.F.);
#2959=ORIENTED_EDGE('',*,*,#2059,.F.);
#2960=ORIENTED_EDGE('',*,*,#2055,.F.);
#2961=ORIENTED_EDGE('',*,*,#2045,.F.);
#2962=ORIENTED_EDGE('',*,*,#2060,.T.);
#2963=ORIENTED_EDGE('',*,*,#2061,.F.);
#2964=ORIENTED_EDGE('',*,*,#2058,.T.);
#2965=ORIENTED_EDGE('',*,*,#2043,.F.);
#2966=ORIENTED_EDGE('',*,*,#2062,.F.);
#2967=ORIENTED_EDGE('',*,*,#2063,.F.);
#2968=ORIENTED_EDGE('',*,*,#2060,.F.);
#2969=ORIENTED_EDGE('',*,*,#2064,.T.);
#2970=ORIENTED_EDGE('',*,*,#1964,.T.);
#2971=ORIENTED_EDGE('',*,*,#2065,.T.);
#2972=ORIENTED_EDGE('',*,*,#2066,.T.);
#2973=ORIENTED_EDGE('',*,*,#2067,.T.);
#2974=ORIENTED_EDGE('',*,*,#2068,.T.);
#2975=ORIENTED_EDGE('',*,*,#2065,.F.);
#2976=ORIENTED_EDGE('',*,*,#1971,.T.);
#2977=ORIENTED_EDGE('',*,*,#2069,.T.);
#2978=ORIENTED_EDGE('',*,*,#2063,.T.);
#2979=ORIENTED_EDGE('',*,*,#2067,.F.);
#2980=ORIENTED_EDGE('',*,*,#1970,.T.);
#2981=ORIENTED_EDGE('',*,*,#2070,.T.);
#2982=ORIENTED_EDGE('',*,*,#2061,.T.);
#2983=ORIENTED_EDGE('',*,*,#2069,.F.);
#2984=ORIENTED_EDGE('',*,*,#1969,.T.);
#2985=ORIENTED_EDGE('',*,*,#2071,.T.);
#2986=ORIENTED_EDGE('',*,*,#2059,.T.);
#2987=ORIENTED_EDGE('',*,*,#2070,.F.);
#2988=ORIENTED_EDGE('',*,*,#1968,.T.);
#2989=ORIENTED_EDGE('',*,*,#2072,.T.);
#2990=ORIENTED_EDGE('',*,*,#2056,.T.);
#2991=ORIENTED_EDGE('',*,*,#2071,.F.);
#2992=ORIENTED_EDGE('',*,*,#1967,.T.);
#2993=ORIENTED_EDGE('',*,*,#2073,.T.);
#2994=ORIENTED_EDGE('',*,*,#2074,.T.);
#2995=ORIENTED_EDGE('',*,*,#2072,.F.);
#2996=ORIENTED_EDGE('',*,*,#1966,.T.);
#2997=ORIENTED_EDGE('',*,*,#2073,.F.);
#2998=ORIENTED_EDGE('',*,*,#1965,.T.);
#2999=ORIENTED_EDGE('',*,*,#2064,.F.);
#3000=ORIENTED_EDGE('',*,*,#2075,.T.);
#3001=ORIENTED_EDGE('',*,*,#2049,.F.);
#3002=ORIENTED_EDGE('',*,*,#2057,.F.);
#3003=ORIENTED_EDGE('',*,*,#2074,.F.);
#3004=ORIENTED_EDGE('',*,*,#2076,.T.);
#3005=ORIENTED_EDGE('',*,*,#2051,.F.);
#3006=ORIENTED_EDGE('',*,*,#2076,.F.);
#3007=ORIENTED_EDGE('',*,*,#2075,.F.);
#3008=ORIENTED_EDGE('',*,*,#2077,.T.);
#3009=ORIENTED_EDGE('',*,*,#2053,.F.);
#3010=ORIENTED_EDGE('',*,*,#2077,.F.);
#3011=ORIENTED_EDGE('',*,*,#2066,.F.);
#3012=ORIENTED_EDGE('',*,*,#2078,.T.);
#3013=ORIENTED_EDGE('',*,*,#1997,.F.);
#3014=ORIENTED_EDGE('',*,*,#2001,.T.);
#3015=ORIENTED_EDGE('',*,*,#2014,.F.);
#3016=ORIENTED_EDGE('',*,*,#1882,.T.);
#3017=ORIENTED_EDGE('',*,*,#1954,.F.);
#3018=ORIENTED_EDGE('',*,*,#1931,.T.);
#3019=ORIENTED_EDGE('',*,*,#2023,.F.);
#3020=ORIENTED_EDGE('',*,*,#2024,.T.);
#3021=ORIENTED_EDGE('',*,*,#1999,.F.);
#3022=ORIENTED_EDGE('',*,*,#1880,.T.);
#3023=ORIENTED_EDGE('',*,*,#2012,.F.);
#3024=ORIENTED_EDGE('',*,*,#2004,.T.);
#3025=ORIENTED_EDGE('',*,*,#2079,.T.);
#3026=ORIENTED_EDGE('',*,*,#2080,.T.);
#3027=ORIENTED_EDGE('',*,*,#2081,.F.);
#3028=ORIENTED_EDGE('',*,*,#2080,.F.);
#3029=ORIENTED_EDGE('',*,*,#2082,.F.);
#3030=ORIENTED_EDGE('',*,*,#2079,.F.);
#3031=ORIENTED_EDGE('',*,*,#1801,.F.);
#3032=ORIENTED_EDGE('',*,*,#2082,.T.);
#3033=ORIENTED_EDGE('',*,*,#2083,.T.);
#3034=ORIENTED_EDGE('',*,*,#2084,.T.);
#3035=ORIENTED_EDGE('',*,*,#2085,.F.);
#3036=ORIENTED_EDGE('',*,*,#2084,.F.);
#3037=ORIENTED_EDGE('',*,*,#2086,.F.);
#3038=ORIENTED_EDGE('',*,*,#2083,.F.);
#3039=ORIENTED_EDGE('',*,*,#1816,.F.);
#3040=ORIENTED_EDGE('',*,*,#2086,.T.);
#3041=ORIENTED_EDGE('',*,*,#2085,.T.);
#3042=ORIENTED_EDGE('',*,*,#1987,.F.);
#3043=ORIENTED_EDGE('',*,*,#2081,.T.);
#3044=ORIENTED_EDGE('',*,*,#1988,.F.);
#3045=ORIENTED_EDGE('',*,*,#2037,.T.);
#3046=ORIENTED_EDGE('',*,*,#1809,.F.);
#3047=ORIENTED_EDGE('',*,*,#2036,.T.);
#3048=ORIENTED_EDGE('',*,*,#1980,.F.);
#3049=ORIENTED_EDGE('',*,*,#2041,.T.);
#3050=ORIENTED_EDGE('',*,*,#1805,.F.);
#3051=ORIENTED_EDGE('',*,*,#2040,.T.);
#3052=ORIENTED_EDGE('',*,*,#1984,.F.);
#3053=ORIENTED_EDGE('',*,*,#2054,.F.);
#3054=ORIENTED_EDGE('',*,*,#2078,.F.);
#3055=ORIENTED_EDGE('',*,*,#2068,.F.);
#3056=ORIENTED_EDGE('',*,*,#2062,.T.);
#3057=CYLINDRICAL_SURFACE('',#3378,2.25000000000001);
#3058=CYLINDRICAL_SURFACE('',#3409,2.99999999999997);
#3059=CYLINDRICAL_SURFACE('',#3413,3.);
#3060=CYLINDRICAL_SURFACE('',#3421,5.49999999999999);
#3061=CYLINDRICAL_SURFACE('',#3425,5.5);
#3062=CYLINDRICAL_SURFACE('',#3451,1.);
#3063=CYLINDRICAL_SURFACE('',#3452,2.25000001490116);
#3064=CYLINDRICAL_SURFACE('',#3454,39.9999999999998);
#3065=CYLINDRICAL_SURFACE('',#3456,3.50000000000001);
#3066=CYLINDRICAL_SURFACE('',#3459,3.5);
#3067=CYLINDRICAL_SURFACE('',#3463,1.);
#3068=CYLINDRICAL_SURFACE('',#3515,1.);
#3069=CYLINDRICAL_SURFACE('',#3517,1.);
#3070=CYLINDRICAL_SURFACE('',#3518,2.25000001490117);
#3071=CYLINDRICAL_SURFACE('',#3520,42.);
#3072=CYLINDRICAL_SURFACE('',#3522,13.);
#3073=CYLINDRICAL_SURFACE('',#3524,274.277214729394);
#3074=CYLINDRICAL_SURFACE('',#3526,6.99999999999998);
#3075=CYLINDRICAL_SURFACE('',#3528,260.277214729394);
#3076=CYLINDRICAL_SURFACE('',#3530,7.0000000000001);
#3077=CYLINDRICAL_SURFACE('',#3532,274.277214729393);
#3078=CYLINDRICAL_SURFACE('',#3534,13.);
#3079=CYLINDRICAL_SURFACE('',#3536,42.0000000000002);
#3080=CYLINDRICAL_SURFACE('',#3538,2.25000001490086);
#3081=CYLINDRICAL_SURFACE('',#3540,40.);
#3082=CYLINDRICAL_SURFACE('',#3542,3.49999999999999);
#3083=CYLINDRICAL_SURFACE('',#3544,275.277214729394);
#3084=CYLINDRICAL_SURFACE('',#3546,3.5);
#3085=CYLINDRICAL_SURFACE('',#3549,3.5);
#3086=CYLINDRICAL_SURFACE('',#3551,275.277214729394);
#3087=CYLINDRICAL_SURFACE('',#3553,3.5);
#3088=CYLINDRICAL_SURFACE('',#3555,40.);
#3089=CYLINDRICAL_SURFACE('',#3557,2.25000001490118);
#3090=CYLINDRICAL_SURFACE('',#3559,41.9999999999998);
#3091=CYLINDRICAL_SURFACE('',#3561,2.25000001490122);
#3092=CYLINDRICAL_SURFACE('',#3563,39.9999999999999);
#3093=CYLINDRICAL_SURFACE('',#3565,41.9999999999999);
#3094=CYLINDRICAL_SURFACE('',#3605,0.950000000000006);
#3095=CYLINDRICAL_SURFACE('',#3613,0.950000000000006);
#3096=CYLINDRICAL_SURFACE('',#3621,0.950000000000006);
#3097=CYLINDRICAL_SURFACE('',#3630,0.8);
#3098=CYLINDRICAL_SURFACE('',#3636,0.8);
#3099=CYLINDRICAL_SURFACE('',#3641,0.8);
#3100=CYLINDRICAL_SURFACE('',#3643,0.8);
#3101=CYLINDRICAL_SURFACE('',#3644,0.8);
#3102=CYLINDRICAL_SURFACE('',#3646,0.8);
#3103=CYLINDRICAL_SURFACE('',#3655,0.8);
#3104=CYLINDRICAL_SURFACE('',#3663,0.8);
#3105=CYLINDRICAL_SURFACE('',#3665,0.8);
#3106=CYLINDRICAL_SURFACE('',#3671,0.8);
#3107=CYLINDRICAL_SURFACE('',#3676,0.8);
#3108=CYLINDRICAL_SURFACE('',#3677,0.8);
#3109=CYLINDRICAL_SURFACE('',#3679,0.8);
#3110=CYLINDRICAL_SURFACE('',#3688,0.8);
#3111=CYLINDRICAL_SURFACE('',#3690,0.8);
#3112=CYLINDRICAL_SURFACE('',#3695,0.8);
#3113=CYLINDRICAL_SURFACE('',#3706,2.);
#3114=CYLINDRICAL_SURFACE('',#3719,1.5);
#3115=CYLINDRICAL_SURFACE('',#3721,277.277214729349);
#3116=CYLINDRICAL_SURFACE('',#3757,2.);
#3117=CYLINDRICAL_SURFACE('',#3761,38.);
#3118=CYLINDRICAL_SURFACE('',#3762,1.5);
#3119=CYLINDRICAL_SURFACE('',#3764,277.277214729349);
#3120=CYLINDRICAL_SURFACE('',#3777,2.);
#3121=CYLINDRICAL_SURFACE('',#3778,0.8);
#3122=CYLINDRICAL_SURFACE('',#3779,0.8);
#3123=CYLINDRICAL_SURFACE('',#3781,2.);
#3124=CYLINDRICAL_SURFACE('',#3791,38.);
#3125=CYLINDRICAL_SURFACE('',#3792,1.5);
#3126=CYLINDRICAL_SURFACE('',#3794,2.25000000000001);
#3127=CYLINDRICAL_SURFACE('',#3803,1.75000000000001);
#3128=CYLINDRICAL_SURFACE('',#3804,1.543);
#3129=CYLINDRICAL_SURFACE('',#3805,1.54299999999999);
#3130=CYLINDRICAL_SURFACE('',#3826,10.);
#3131=CYLINDRICAL_SURFACE('',#3828,45.);
#3132=CYLINDRICAL_SURFACE('',#3830,10.);
#3133=CYLINDRICAL_SURFACE('',#3832,277.277214729349);
#3134=CYLINDRICAL_SURFACE('',#3854,277.277214729349);
#3135=CYLINDRICAL_SURFACE('',#3855,10.);
#3136=CYLINDRICAL_SURFACE('',#3856,257.277214729349);
#3137=CYLINDRICAL_SURFACE('',#3857,1.5);
#3138=CYLINDRICAL_SURFACE('',#3858,1.5);
#3139=CYLINDRICAL_SURFACE('',#3859,1.5);
#3140=CYLINDRICAL_SURFACE('',#3860,2.5);
#3141=CYLINDRICAL_SURFACE('',#3867,3.5);
#3142=CYLINDRICAL_SURFACE('',#3868,2.5);
#3143=CYLINDRICAL_SURFACE('',#3875,3.5);
#3144=CYLINDRICAL_SURFACE('',#3876,3.5);
#3145=CYLINDRICAL_SURFACE('',#3877,3.5);
#3146=CYLINDRICAL_SURFACE('',#3878,1.2645);
#3147=CYLINDRICAL_SURFACE('',#3879,1.2645);
#3148=CYLINDRICAL_SURFACE('',#3880,10.);
#3149=ADVANCED_FACE('',(#530,#486),#3057,.F.);
#3150=ADVANCED_FACE('',(#531),#442,.T.);
#3151=ADVANCED_FACE('',(#532),#443,.T.);
#3152=ADVANCED_FACE('',(#533),#444,.T.);
#3153=ADVANCED_FACE('',(#534),#445,.T.);
#3154=ADVANCED_FACE('',(#535,#487),#446,.F.);
#3155=ADVANCED_FACE('',(#536,#488),#447,.T.);
#3156=ADVANCED_FACE('',(#537,#489),#106,.F.);
#3157=ADVANCED_FACE('',(#538,#490,#491),#448,.T.);
#3158=ADVANCED_FACE('',(#539,#492),#3058,.T.);
#3159=ADVANCED_FACE('',(#540,#493),#107,.F.);
#3160=ADVANCED_FACE('',(#541,#494),#3059,.T.);
#3161=ADVANCED_FACE('',(#542,#495),#108,.F.);
#3162=ADVANCED_FACE('',(#543),#109,.F.);
#3163=ADVANCED_FACE('',(#544,#496),#3060,.T.);
#3164=ADVANCED_FACE('',(#545,#497),#110,.F.);
#3165=ADVANCED_FACE('',(#546,#498),#3061,.T.);
#3166=ADVANCED_FACE('',(#547),#111,.F.);
#3167=ADVANCED_FACE('',(#548),#112,.F.);
#3168=ADVANCED_FACE('',(#549),#113,.F.);
#3169=ADVANCED_FACE('',(#550),#114,.F.);
#3170=ADVANCED_FACE('',(#551),#115,.F.);
#3171=ADVANCED_FACE('',(#552),#116,.F.);
#3172=ADVANCED_FACE('',(#553),#117,.F.);
#3173=ADVANCED_FACE('',(#554),#3062,.F.);
#3174=ADVANCED_FACE('',(#555),#3063,.T.);
#3175=ADVANCED_FACE('',(#556),#3064,.T.);
#3176=ADVANCED_FACE('',(#557),#3065,.T.);
#3177=ADVANCED_FACE('',(#558),#449,.F.);
#3178=ADVANCED_FACE('',(#559),#3066,.T.);
#3179=ADVANCED_FACE('',(#560),#450,.T.);
#3180=ADVANCED_FACE('',(#561),#451,.T.);
#3181=ADVANCED_FACE('',(#562),#3067,.F.);
#3182=ADVANCED_FACE('',(#563),#118,.F.);
#3183=ADVANCED_FACE('',(#564),#119,.F.);
#3184=ADVANCED_FACE('',(#565),#120,.F.);
#3185=ADVANCED_FACE('',(#566),#121,.F.);
#3186=ADVANCED_FACE('',(#567),#122,.F.);
#3187=ADVANCED_FACE('',(#568),#123,.F.);
#3188=ADVANCED_FACE('',(#569),#124,.F.);
#3189=ADVANCED_FACE('',(#570),#125,.F.);
#3190=ADVANCED_FACE('',(#571),#126,.F.);
#3191=ADVANCED_FACE('',(#572),#127,.F.);
#3192=ADVANCED_FACE('',(#573),#128,.F.);
#3193=ADVANCED_FACE('',(#574),#129,.F.);
#3194=ADVANCED_FACE('',(#575),#130,.F.);
#3195=ADVANCED_FACE('',(#576),#131,.F.);
#3196=ADVANCED_FACE('',(#577),#132,.F.);
#3197=ADVANCED_FACE('',(#578),#133,.F.);
#3198=ADVANCED_FACE('',(#579),#3068,.F.);
#3199=ADVANCED_FACE('',(#580),#3069,.F.);
#3200=ADVANCED_FACE('',(#581),#3070,.T.);
#3201=ADVANCED_FACE('',(#582),#3071,.F.);
#3202=ADVANCED_FACE('',(#583),#3072,.T.);
#3203=ADVANCED_FACE('',(#584),#3073,.F.);
#3204=ADVANCED_FACE('',(#585),#3074,.F.);
#3205=ADVANCED_FACE('',(#586),#3075,.T.);
#3206=ADVANCED_FACE('',(#587),#3076,.F.);
#3207=ADVANCED_FACE('',(#588),#3077,.F.);
#3208=ADVANCED_FACE('',(#589),#3078,.T.);
#3209=ADVANCED_FACE('',(#590),#3079,.F.);
#3210=ADVANCED_FACE('',(#591),#3080,.T.);
#3211=ADVANCED_FACE('',(#592),#3081,.T.);
#3212=ADVANCED_FACE('',(#593),#3082,.T.);
#3213=ADVANCED_FACE('',(#594),#3083,.F.);
#3214=ADVANCED_FACE('',(#595),#3084,.T.);
#3215=ADVANCED_FACE('',(#596),#452,.F.);
#3216=ADVANCED_FACE('',(#597),#3085,.T.);
#3217=ADVANCED_FACE('',(#598),#3086,.F.);
#3218=ADVANCED_FACE('',(#599),#3087,.T.);
#3219=ADVANCED_FACE('',(#600),#3088,.T.);
#3220=ADVANCED_FACE('',(#601),#3089,.T.);
#3221=ADVANCED_FACE('',(#602),#3090,.F.);
#3222=ADVANCED_FACE('',(#603),#3091,.T.);
#3223=ADVANCED_FACE('',(#604),#3092,.T.);
#3224=ADVANCED_FACE('',(#605),#3093,.F.);
#3225=ADVANCED_FACE('',(#606),#453,.F.);
#3226=ADVANCED_FACE('',(#607),#454,.F.);
#3227=ADVANCED_FACE('',(#608),#455,.F.);
#3228=ADVANCED_FACE('',(#609),#456,.F.);
#3229=ADVANCED_FACE('',(#610,#499),#457,.F.);
#3230=ADVANCED_FACE('',(#611,#500),#458,.F.);
#3231=ADVANCED_FACE('',(#612,#501),#459,.F.);
#3232=ADVANCED_FACE('',(#613),#460,.F.);
#3233=ADVANCED_FACE('',(#614),#461,.F.);
#3234=ADVANCED_FACE('',(#615,#502),#462,.F.);
#3235=ADVANCED_FACE('',(#616,#503),#35,.F.);
#3236=ADVANCED_FACE('',(#617),#134,.T.);
#3237=ADVANCED_FACE('',(#618),#463,.F.);
#3238=ADVANCED_FACE('',(#619,#504),#3094,.F.);
#3239=ADVANCED_FACE('',(#620,#505),#36,.F.);
#3240=ADVANCED_FACE('',(#621),#135,.T.);
#3241=ADVANCED_FACE('',(#622,#506),#3095,.F.);
#3242=ADVANCED_FACE('',(#623,#507),#37,.F.);
#3243=ADVANCED_FACE('',(#624),#136,.T.);
#3244=ADVANCED_FACE('',(#625,#508),#3096,.F.);
#3245=ADVANCED_FACE('',(#626),#464,.T.);
#3246=ADVANCED_FACE('',(#627),#465,.T.);
#3247=ADVANCED_FACE('',(#628),#466,.T.);
#3248=ADVANCED_FACE('',(#629),#27,.T.);
#3249=ADVANCED_FACE('',(#630),#3097,.T.);
#3250=ADVANCED_FACE('',(#631),#28,.T.);
#3251=ADVANCED_FACE('',(#632),#3098,.T.);
#3252=ADVANCED_FACE('',(#633),#137,.T.);
#3253=ADVANCED_FACE('',(#634),#3099,.T.);
#3254=ADVANCED_FACE('',(#635),#3100,.T.);
#3255=ADVANCED_FACE('',(#636),#3101,.T.);
#3256=ADVANCED_FACE('',(#637),#3102,.T.);
#3257=ADVANCED_FACE('',(#638),#29,.T.);
#3258=ADVANCED_FACE('',(#639),#15,.F.);
#3259=ADVANCED_FACE('',(#640),#30,.T.);
#3260=ADVANCED_FACE('',(#641),#16,.T.);
#3261=ADVANCED_FACE('',(#642),#467,.F.);
#3262=ADVANCED_FACE('',(#643),#3103,.T.);
#3263=ADVANCED_FACE('',(#644),#468,.T.);
#3264=ADVANCED_FACE('',(#645),#469,.F.);
#3265=ADVANCED_FACE('',(#646),#31,.T.);
#3266=ADVANCED_FACE('',(#647),#3104,.T.);
#3267=ADVANCED_FACE('',(#648),#3105,.T.);
#3268=ADVANCED_FACE('',(#649),#32,.T.);
#3269=ADVANCED_FACE('',(#650),#3106,.T.);
#3270=ADVANCED_FACE('',(#651),#138,.T.);
#3271=ADVANCED_FACE('',(#652),#3107,.T.);
#3272=ADVANCED_FACE('',(#653),#3108,.T.);
#3273=ADVANCED_FACE('',(#654),#3109,.T.);
#3274=ADVANCED_FACE('',(#655),#33,.T.);
#3275=ADVANCED_FACE('',(#656),#17,.F.);
#3276=ADVANCED_FACE('',(#657),#34,.T.);
#3277=ADVANCED_FACE('',(#658),#470,.F.);
#3278=ADVANCED_FACE('',(#659),#3110,.F.);
#3279=ADVANCED_FACE('',(#660),#471,.T.);
#3280=ADVANCED_FACE('',(#661),#3111,.T.);
#3281=ADVANCED_FACE('',(#662),#472,.T.);
#3282=ADVANCED_FACE('',(#663),#473,.T.);
#3283=ADVANCED_FACE('',(#664),#18,.F.);
#3284=ADVANCED_FACE('',(#665),#19,.F.);
#3285=ADVANCED_FACE('',(#666),#3112,.T.);
#3286=ADVANCED_FACE('',(#667),#20,.T.);
#3287=ADVANCED_FACE('',(#668),#474,.T.);
#3288=ADVANCED_FACE('',(#669),#139,.T.);
#3289=ADVANCED_FACE('',(#670),#140,.T.);
#3290=ADVANCED_FACE('',(#671),#3113,.T.);
#3291=ADVANCED_FACE('',(#672),#141,.T.);
#3292=ADVANCED_FACE('',(#673),#142,.T.);
#3293=ADVANCED_FACE('',(#674),#143,.T.);
#3294=ADVANCED_FACE('',(#675),#3114,.F.);
#3295=ADVANCED_FACE('',(#676),#3115,.T.);
#3296=ADVANCED_FACE('',(#677,#509,#510,#511,#512,#513,#514,#515),#475,.T.);
#3297=ADVANCED_FACE('',(#678),#144,.T.);
#3298=ADVANCED_FACE('',(#679),#145,.T.);
#3299=ADVANCED_FACE('',(#680),#146,.T.);
#3300=ADVANCED_FACE('',(#681),#147,.T.);
#3301=ADVANCED_FACE('',(#682),#3116,.T.);
#3302=ADVANCED_FACE('',(#683),#148,.T.);
#3303=ADVANCED_FACE('',(#684),#3117,.F.);
#3304=ADVANCED_FACE('',(#685),#3118,.F.);
#3305=ADVANCED_FACE('',(#686),#3119,.T.);
#3306=ADVANCED_FACE('',(#687),#21,.T.);
#3307=ADVANCED_FACE('',(#688),#149,.T.);
#3308=ADVANCED_FACE('',(#689),#150,.T.);
#3309=ADVANCED_FACE('',(#690),#151,.T.);
#3310=ADVANCED_FACE('',(#691),#152,.T.);
#3311=ADVANCED_FACE('',(#692),#3120,.T.);
#3312=ADVANCED_FACE('',(#693),#3121,.T.);
#3313=ADVANCED_FACE('',(#694),#3122,.F.);
#3314=ADVANCED_FACE('',(#695),#22,.T.);
#3315=ADVANCED_FACE('',(#696),#3123,.T.);
#3316=ADVANCED_FACE('',(#697),#153,.T.);
#3317=ADVANCED_FACE('',(#698),#154,.T.);
#3318=ADVANCED_FACE('',(#699),#155,.T.);
#3319=ADVANCED_FACE('',(#700),#156,.T.);
#3320=ADVANCED_FACE('',(#701),#3124,.F.);
#3321=ADVANCED_FACE('',(#702),#3125,.F.);
#3322=ADVANCED_FACE('',(#703),#476,.F.);
#3323=ADVANCED_FACE('',(#704,#516),#3126,.F.);
#3324=ADVANCED_FACE('',(#705,#517),#477,.T.);
#3325=ADVANCED_FACE('',(#706),#478,.F.);
#3326=ADVANCED_FACE('',(#707),#479,.F.);
#3327=ADVANCED_FACE('',(#708),#480,.F.);
#3328=ADVANCED_FACE('',(#709,#518),#481,.F.);
#3329=ADVANCED_FACE('',(#710,#519),#3127,.F.);
#3330=ADVANCED_FACE('',(#711),#3128,.F.);
#3331=ADVANCED_FACE('',(#712),#23,.F.);
#3332=ADVANCED_FACE('',(#713),#24,.F.);
#3333=ADVANCED_FACE('',(#714),#3129,.F.);
#3334=ADVANCED_FACE('',(#715),#25,.F.);
#3335=ADVANCED_FACE('',(#716),#26,.F.);
#3336=ADVANCED_FACE('',(#717),#157,.T.);
#3337=ADVANCED_FACE('',(#718),#158,.T.);
#3338=ADVANCED_FACE('',(#719),#159,.T.);
#3339=ADVANCED_FACE('',(#720),#160,.T.);
#3340=ADVANCED_FACE('',(#721),#161,.T.);
#3341=ADVANCED_FACE('',(#722),#162,.T.);
#3342=ADVANCED_FACE('',(#723),#163,.T.);
#3343=ADVANCED_FACE('',(#724),#3130,.F.);
#3344=ADVANCED_FACE('',(#725),#3131,.T.);
#3345=ADVANCED_FACE('',(#726),#3132,.F.);
#3346=ADVANCED_FACE('',(#727),#3133,.T.);
#3347=ADVANCED_FACE('',(#728),#164,.T.);
#3348=ADVANCED_FACE('',(#729),#165,.T.);
#3349=ADVANCED_FACE('',(#730),#166,.T.);
#3350=ADVANCED_FACE('',(#731),#167,.T.);
#3351=ADVANCED_FACE('',(#732),#168,.T.);
#3352=ADVANCED_FACE('',(#733),#169,.T.);
#3353=ADVANCED_FACE('',(#734),#170,.T.);
#3354=ADVANCED_FACE('',(#735),#171,.T.);
#3355=ADVANCED_FACE('',(#736),#3134,.T.);
#3356=ADVANCED_FACE('',(#737),#3135,.T.);
#3357=ADVANCED_FACE('',(#738),#3136,.F.);
#3358=ADVANCED_FACE('',(#739),#3137,.F.);
#3359=ADVANCED_FACE('',(#740),#3138,.F.);
#3360=ADVANCED_FACE('',(#741),#3139,.F.);
#3361=ADVANCED_FACE('',(#742,#520),#3140,.F.);
#3362=ADVANCED_FACE('',(#743,#521),#482,.T.);
#3363=ADVANCED_FACE('',(#744,#522),#483,.T.);
#3364=ADVANCED_FACE('',(#745,#523),#3141,.F.);
#3365=ADVANCED_FACE('',(#746,#524),#3142,.F.);
#3366=ADVANCED_FACE('',(#747,#525),#484,.T.);
#3367=ADVANCED_FACE('',(#748,#526),#485,.T.);
#3368=ADVANCED_FACE('',(#749,#527),#3143,.F.);
#3369=ADVANCED_FACE('',(#750,#528),#3144,.F.);
#3370=ADVANCED_FACE('',(#751,#529),#3145,.F.);
#3371=ADVANCED_FACE('',(#752),#3146,.F.);
#3372=ADVANCED_FACE('',(#753),#3147,.F.);
#3373=ADVANCED_FACE('',(#754),#3148,.T.);
#3374=CLOSED_SHELL('',(#3149,#3150,#3151,#3152,#3153,#3154,#3155));
#3375=CLOSED_SHELL('',(#3156,#3157,#3158,#3159,#3160,#3161,#3162,#3163,
#3164,#3165,#3166,#3167,#3168,#3169,#3170,#3171,#3172,#3173,#3174,#3175,
#3176,#3177,#3178,#3179,#3180,#3181,#3182,#3183,#3184,#3185,#3186,#3187,
#3188,#3189,#3190,#3191,#3192,#3193,#3194,#3195,#3196,#3197,#3198,#3199,
#3200,#3201,#3202,#3203,#3204,#3205,#3206,#3207,#3208,#3209,#3210,#3211,
#3212,#3213,#3214,#3215,#3216,#3217,#3218,#3219,#3220,#3221,#3222,#3223,
#3224,#3225,#3226,#3227,#3228,#3229,#3230,#3231,#3232,#3233,#3234,#3235,
#3236,#3237,#3238,#3239,#3240,#3241,#3242,#3243,#3244,#3245,#3246,#3247,
#3248,#3249,#3250,#3251,#3252,#3253,#3254,#3255,#3256,#3257,#3258,#3259,
#3260,#3261,#3262,#3263,#3264,#3265,#3266,#3267,#3268,#3269,#3270,#3271,
#3272,#3273,#3274,#3275,#3276,#3277,#3278,#3279,#3280,#3281,#3282,#3283,
#3284,#3285,#3286,#3287,#3288,#3289,#3290,#3291,#3292,#3293,#3294,#3295,
#3296,#3297,#3298,#3299,#3300,#3301,#3302,#3303,#3304,#3305,#3306,#3307,
#3308,#3309,#3310,#3311,#3312,#3313,#3314,#3315,#3316,#3317,#3318,#3319,
#3320,#3321,#3322,#3323,#3324,#3325,#3326,#3327,#3328,#3329,#3330,#3331,
#3332,#3333,#3334,#3335,#3336,#3337,#3338,#3339,#3340,#3341,#3342,#3343,
#3344,#3345,#3346,#3347,#3348,#3349,#3350,#3351,#3352,#3353,#3354,#3355,
#3356,#3357,#3358,#3359,#3360,#3361,#3362,#3363,#3364,#3365,#3366,#3367,
#3368,#3369,#3370,#3371,#3372,#3373));
#3376=AXIS2_PLACEMENT_3D('placement',#5025,#3882,#3883);
#3377=AXIS2_PLACEMENT_3D('placement',#5026,#3884,#3885);
#3378=AXIS2_PLACEMENT_3D('',#5027,#3886,#3887);
#3379=AXIS2_PLACEMENT_3D('',#5029,#3888,#3889);
#3380=AXIS2_PLACEMENT_3D('',#5031,#3890,#3891);
#3381=AXIS2_PLACEMENT_3D('',#5032,#3892,#3893);
#3382=AXIS2_PLACEMENT_3D('',#5041,#3898,#3899);
#3383=AXIS2_PLACEMENT_3D('',#5047,#3903,#3904);
#3384=AXIS2_PLACEMENT_3D('',#5053,#3908,#3909);
#3385=AXIS2_PLACEMENT_3D('',#5056,#3912,#3913);
#3386=AXIS2_PLACEMENT_3D('',#5057,#3914,#3915);
#3387=AXIS2_PLACEMENT_3D('',#5058,#3916,#3917);
#3388=AXIS2_PLACEMENT_3D('',#5060,#3918,#3919);
#3389=AXIS2_PLACEMENT_3D('',#5062,#3920,#3921);
#3390=AXIS2_PLACEMENT_3D('',#5063,#3922,#3923);
#3391=AXIS2_PLACEMENT_3D('',#5066,#3924,#3925);
#3392=AXIS2_PLACEMENT_3D('',#5068,#3926,#3927);
#3393=AXIS2_PLACEMENT_3D('',#5070,#3928,#3929);
#3394=AXIS2_PLACEMENT_3D('',#5072,#3930,#3931);
#3395=AXIS2_PLACEMENT_3D('',#5074,#3932,#3933);
#3396=AXIS2_PLACEMENT_3D('',#5076,#3934,#3935);
#3397=AXIS2_PLACEMENT_3D('',#5078,#3936,#3937);
#3398=AXIS2_PLACEMENT_3D('',#5080,#3938,#3939);
#3399=AXIS2_PLACEMENT_3D('',#5082,#3940,#3941);
#3400=AXIS2_PLACEMENT_3D('',#5084,#3942,#3943);
#3401=AXIS2_PLACEMENT_3D('',#5092,#3947,#3948);
#3402=AXIS2_PLACEMENT_3D('',#5094,#3949,#3950);
#3403=AXIS2_PLACEMENT_3D('',#5096,#3951,#3952);
#3404=AXIS2_PLACEMENT_3D('',#5098,#3953,#3954);
#3405=AXIS2_PLACEMENT_3D('',#5100,#3955,#3956);
#3406=AXIS2_PLACEMENT_3D('',#5102,#3957,#3958);
#3407=AXIS2_PLACEMENT_3D('',#5103,#3959,#3960);
#3408=AXIS2_PLACEMENT_3D('',#5105,#3961,#3962);
#3409=AXIS2_PLACEMENT_3D('',#5106,#3963,#3964);
#3410=AXIS2_PLACEMENT_3D('',#5108,#3965,#3966);
#3411=AXIS2_PLACEMENT_3D('',#5109,#3967,#3968);
#3412=AXIS2_PLACEMENT_3D('',#5111,#3969,#3970);
#3413=AXIS2_PLACEMENT_3D('',#5112,#3971,#3972);
#3414=AXIS2_PLACEMENT_3D('',#5114,#3973,#3974);
#3415=AXIS2_PLACEMENT_3D('',#5115,#3975,#3976);
#3416=AXIS2_PLACEMENT_3D('',#5135,#3977,#3978);
#3417=AXIS2_PLACEMENT_3D('',#5136,#3979,#3980);
#3418=AXIS2_PLACEMENT_3D('',#5138,#3981,#3982);
#3419=AXIS2_PLACEMENT_3D('',#5140,#3983,#3984);
#3420=AXIS2_PLACEMENT_3D('',#5141,#3985,#3986);
#3421=AXIS2_PLACEMENT_3D('',#5160,#3987,#3988);
#3422=AXIS2_PLACEMENT_3D('',#5162,#3989,#3990);
#3423=AXIS2_PLACEMENT_3D('',#5163,#3991,#3992);
#3424=AXIS2_PLACEMENT_3D('',#5165,#3993,#3994);
#3425=AXIS2_PLACEMENT_3D('',#5166,#3995,#3996);
#3426=AXIS2_PLACEMENT_3D('',#5168,#3997,#3998);
#3427=AXIS2_PLACEMENT_3D('',#5169,#3999,#4000);
#3428=AXIS2_PLACEMENT_3D('',#5191,#4001,#4002);
#3429=AXIS2_PLACEMENT_3D('',#5208,#4003,#4004);
#3430=AXIS2_PLACEMENT_3D('',#5224,#4005,#4006);
#3431=AXIS2_PLACEMENT_3D('',#5225,#4007,#4008);
#3432=AXIS2_PLACEMENT_3D('',#5243,#4009,#4010);
#3433=AXIS2_PLACEMENT_3D('',#5258,#4011,#4012);
#3434=AXIS2_PLACEMENT_3D('',#5278,#4013,#4014);
#3435=AXIS2_PLACEMENT_3D('',#5293,#4015,#4016);
#3436=AXIS2_PLACEMENT_3D('',#5296,#4017,#4018);
#3437=AXIS2_PLACEMENT_3D('',#5297,#4019,#4020);
#3438=AXIS2_PLACEMENT_3D('',#5298,#4021,#4022);
#3439=AXIS2_PLACEMENT_3D('',#5299,#4023,#4024);
#3440=AXIS2_PLACEMENT_3D('',#5300,#4025,#4026);
#3441=AXIS2_PLACEMENT_3D('',#5302,#4027,#4028);
#3442=AXIS2_PLACEMENT_3D('',#5304,#4029,#4030);
#3443=AXIS2_PLACEMENT_3D('',#5319,#4031,#4032);
#3444=AXIS2_PLACEMENT_3D('',#5322,#4033,#4034);
#3445=AXIS2_PLACEMENT_3D('',#5324,#4035,#4036);
#3446=AXIS2_PLACEMENT_3D('',#5326,#4037,#4038);
#3447=AXIS2_PLACEMENT_3D('',#5341,#4039,#4040);
#3448=AXIS2_PLACEMENT_3D('',#5342,#4041,#4042);
#3449=AXIS2_PLACEMENT_3D('',#5343,#4043,#4044);
#3450=AXIS2_PLACEMENT_3D('',#5344,#4045,#4046);
#3451=AXIS2_PLACEMENT_3D('',#5345,#4047,#4048);
#3452=AXIS2_PLACEMENT_3D('',#5349,#4052,#4053);
#3453=AXIS2_PLACEMENT_3D('',#5353,#4055,#4056);
#3454=AXIS2_PLACEMENT_3D('',#5355,#4058,#4059);
#3455=AXIS2_PLACEMENT_3D('',#5358,#4061,#4062);
#3456=AXIS2_PLACEMENT_3D('',#5359,#4063,#4064);
#3457=AXIS2_PLACEMENT_3D('',#5362,#4066,#4067);
#3458=AXIS2_PLACEMENT_3D('',#5363,#4068,#4069);
#3459=AXIS2_PLACEMENT_3D('',#5367,#4072,#4073);
#3460=AXIS2_PLACEMENT_3D('',#5370,#4075,#4076);
#3461=AXIS2_PLACEMENT_3D('',#5371,#4077,#4078);
#3462=AXIS2_PLACEMENT_3D('',#5372,#4079,#4080);
#3463=AXIS2_PLACEMENT_3D('',#5373,#4081,#4082);
#3464=AXIS2_PLACEMENT_3D('',#5375,#4083,#4084);
#3465=AXIS2_PLACEMENT_3D('',#5378,#4086,#4087);
#3466=AXIS2_PLACEMENT_3D('',#5379,#4088,#4089);
#3467=AXIS2_PLACEMENT_3D('',#5381,#4090,#4091);
#3468=AXIS2_PLACEMENT_3D('',#5382,#4092,#4093);
#3469=AXIS2_PLACEMENT_3D('',#5383,#4094,#4095);
#3470=AXIS2_PLACEMENT_3D('',#5385,#4096,#4097);
#3471=AXIS2_PLACEMENT_3D('',#5386,#4098,#4099);
#3472=AXIS2_PLACEMENT_3D('',#5387,#4100,#4101);
#3473=AXIS2_PLACEMENT_3D('',#5389,#4102,#4103);
#3474=AXIS2_PLACEMENT_3D('',#5390,#4104,#4105);
#3475=AXIS2_PLACEMENT_3D('',#5391,#4106,#4107);
#3476=AXIS2_PLACEMENT_3D('',#5409,#4108,#4109);
#3477=AXIS2_PLACEMENT_3D('',#5424,#4110,#4111);
#3478=AXIS2_PLACEMENT_3D('',#5427,#4112,#4113);
#3479=AXIS2_PLACEMENT_3D('',#5428,#4114,#4115);
#3480=AXIS2_PLACEMENT_3D('',#5429,#4116,#4117);
#3481=AXIS2_PLACEMENT_3D('',#5430,#4118,#4119);
#3482=AXIS2_PLACEMENT_3D('',#5431,#4120,#4121);
#3483=AXIS2_PLACEMENT_3D('',#5433,#4122,#4123);
#3484=AXIS2_PLACEMENT_3D('',#5434,#4124,#4125);
#3485=AXIS2_PLACEMENT_3D('',#5435,#4126,#4127);
#3486=AXIS2_PLACEMENT_3D('',#5437,#4128,#4129);
#3487=AXIS2_PLACEMENT_3D('',#5438,#4130,#4131);
#3488=AXIS2_PLACEMENT_3D('',#5439,#4132,#4133);
#3489=AXIS2_PLACEMENT_3D('',#5440,#4134,#4135);
#3490=AXIS2_PLACEMENT_3D('',#5441,#4136,#4137);
#3491=AXIS2_PLACEMENT_3D('',#5443,#4138,#4139);
#3492=AXIS2_PLACEMENT_3D('',#5444,#4140,#4141);
#3493=AXIS2_PLACEMENT_3D('',#5445,#4142,#4143);
#3494=AXIS2_PLACEMENT_3D('',#5447,#4144,#4145);
#3495=AXIS2_PLACEMENT_3D('',#5448,#4146,#4147);
#3496=AXIS2_PLACEMENT_3D('',#5449,#4148,#4149);
#3497=AXIS2_PLACEMENT_3D('',#5452,#4150,#4151);
#3498=AXIS2_PLACEMENT_3D('',#5453,#4152,#4153);
#3499=AXIS2_PLACEMENT_3D('',#5454,#4154,#4155);
#3500=AXIS2_PLACEMENT_3D('',#5455,#4156,#4157);
#3501=AXIS2_PLACEMENT_3D('',#5475,#4158,#4159);
#3502=AXIS2_PLACEMENT_3D('',#5490,#4160,#4161);
#3503=AXIS2_PLACEMENT_3D('',#5492,#4162,#4163);
#3504=AXIS2_PLACEMENT_3D('',#5493,#4164,#4165);
#3505=AXIS2_PLACEMENT_3D('',#5494,#4166,#4167);
#3506=AXIS2_PLACEMENT_3D('',#5495,#4168,#4169);
#3507=AXIS2_PLACEMENT_3D('',#5497,#4170,#4171);
#3508=AXIS2_PLACEMENT_3D('',#5498,#4172,#4173);
#3509=AXIS2_PLACEMENT_3D('',#5499,#4174,#4175);
#3510=AXIS2_PLACEMENT_3D('',#5501,#4176,#4177);
#3511=AXIS2_PLACEMENT_3D('',#5502,#4178,#4179);
#3512=AXIS2_PLACEMENT_3D('',#5503,#4180,#4181);
#3513=AXIS2_PLACEMENT_3D('',#5505,#4182,#4183);
#3514=AXIS2_PLACEMENT_3D('',#5506,#4184,#4185);
#3515=AXIS2_PLACEMENT_3D('',#5507,#4186,#4187);
#3516=AXIS2_PLACEMENT_3D('',#5510,#4189,#4190);
#3517=AXIS2_PLACEMENT_3D('',#5511,#4191,#4192);
#3518=AXIS2_PLACEMENT_3D('',#5513,#4194,#4195);
#3519=AXIS2_PLACEMENT_3D('',#5517,#4197,#4198);
#3520=AXIS2_PLACEMENT_3D('',#5519,#4200,#4201);
#3521=AXIS2_PLACEMENT_3D('',#5522,#4203,#4204);
#3522=AXIS2_PLACEMENT_3D('',#5523,#4205,#4206);
#3523=AXIS2_PLACEMENT_3D('',#5526,#4208,#4209);
#3524=AXIS2_PLACEMENT_3D('',#5527,#4210,#4211);
#3525=AXIS2_PLACEMENT_3D('',#5530,#4213,#4214);
#3526=AXIS2_PLACEMENT_3D('',#5531,#4215,#4216);
#3527=AXIS2_PLACEMENT_3D('',#5534,#4218,#4219);
#3528=AXIS2_PLACEMENT_3D('',#5535,#4220,#4221);
#3529=AXIS2_PLACEMENT_3D('',#5538,#4223,#4224);
#3530=AXIS2_PLACEMENT_3D('',#5539,#4225,#4226);
#3531=AXIS2_PLACEMENT_3D('',#5542,#4228,#4229);
#3532=AXIS2_PLACEMENT_3D('',#5543,#4230,#4231);
#3533=AXIS2_PLACEMENT_3D('',#5546,#4233,#4234);
#3534=AXIS2_PLACEMENT_3D('',#5547,#4235,#4236);
#3535=AXIS2_PLACEMENT_3D('',#5550,#4238,#4239);
#3536=AXIS2_PLACEMENT_3D('',#5551,#4240,#4241);
#3537=AXIS2_PLACEMENT_3D('',#5554,#4243,#4244);
#3538=AXIS2_PLACEMENT_3D('',#5555,#4245,#4246);
#3539=AXIS2_PLACEMENT_3D('',#5558,#4248,#4249);
#3540=AXIS2_PLACEMENT_3D('',#5559,#4250,#4251);
#3541=AXIS2_PLACEMENT_3D('',#5561,#4252,#4253);
#3542=AXIS2_PLACEMENT_3D('',#5563,#4255,#4256);
#3543=AXIS2_PLACEMENT_3D('',#5565,#4257,#4258);
#3544=AXIS2_PLACEMENT_3D('',#5567,#4260,#4261);
#3545=AXIS2_PLACEMENT_3D('',#5569,#4262,#4263);
#3546=AXIS2_PLACEMENT_3D('',#5571,#4265,#4266);
#3547=AXIS2_PLACEMENT_3D('',#5573,#4267,#4268);
#3548=AXIS2_PLACEMENT_3D('',#5575,#4270,#4271);
#3549=AXIS2_PLACEMENT_3D('',#5581,#4275,#4276);
#3550=AXIS2_PLACEMENT_3D('',#5585,#4278,#4279);
#3551=AXIS2_PLACEMENT_3D('',#5587,#4281,#4282);
#3552=AXIS2_PLACEMENT_3D('',#5589,#4283,#4284);
#3553=AXIS2_PLACEMENT_3D('',#5591,#4286,#4287);
#3554=AXIS2_PLACEMENT_3D('',#5593,#4288,#4289);
#3555=AXIS2_PLACEMENT_3D('',#5595,#4291,#4292);
#3556=AXIS2_PLACEMENT_3D('',#5596,#4293,#4294);
#3557=AXIS2_PLACEMENT_3D('',#5597,#4295,#4296);
#3558=AXIS2_PLACEMENT_3D('',#5601,#4298,#4299);
#3559=AXIS2_PLACEMENT_3D('',#5603,#4301,#4302);
#3560=AXIS2_PLACEMENT_3D('',#5605,#4303,#4304);
#3561=AXIS2_PLACEMENT_3D('',#5607,#4306,#4307);
#3562=AXIS2_PLACEMENT_3D('',#5609,#4308,#4309);
#3563=AXIS2_PLACEMENT_3D('',#5611,#4311,#4312);
#3564=AXIS2_PLACEMENT_3D('',#5612,#4313,#4314);
#3565=AXIS2_PLACEMENT_3D('',#5613,#4315,#4316);
#3566=AXIS2_PLACEMENT_3D('',#5614,#4317,#4318);
#3567=AXIS2_PLACEMENT_3D('',#5615,#4319,#4320);
#3568=AXIS2_PLACEMENT_3D('',#5617,#4321,#4322);
#3569=AXIS2_PLACEMENT_3D('',#5619,#4323,#4324);
#3570=AXIS2_PLACEMENT_3D('',#5620,#4325,#4326);
#3571=AXIS2_PLACEMENT_3D('',#5621,#4327,#4328);
#3572=AXIS2_PLACEMENT_3D('',#5623,#4329,#4330);
#3573=AXIS2_PLACEMENT_3D('',#5625,#4331,#4332);
#3574=AXIS2_PLACEMENT_3D('',#5626,#4333,#4334);
#3575=AXIS2_PLACEMENT_3D('',#5627,#4335,#4336);
#3576=AXIS2_PLACEMENT_3D('',#5629,#4337,#4338);
#3577=AXIS2_PLACEMENT_3D('',#5631,#4339,#4340);
#3578=AXIS2_PLACEMENT_3D('',#5632,#4341,#4342);
#3579=AXIS2_PLACEMENT_3D('',#5633,#4343,#4344);
#3580=AXIS2_PLACEMENT_3D('',#5683,#4348,#4349);
#3581=AXIS2_PLACEMENT_3D('',#5685,#4350,#4351);
#3582=AXIS2_PLACEMENT_3D('',#5686,#4352,#4353);
#3583=AXIS2_PLACEMENT_3D('',#5769,#4354,#4355);
#3584=AXIS2_PLACEMENT_3D('',#5850,#4356,#4357);
#3585=AXIS2_PLACEMENT_3D('',#5851,#4358,#4359);
#3586=AXIS2_PLACEMENT_3D('',#5934,#4360,#4361);
#3587=AXIS2_PLACEMENT_3D('',#6015,#4362,#4363);
#3588=AXIS2_PLACEMENT_3D('',#6016,#4364,#4365);
#3589=AXIS2_PLACEMENT_3D('',#6018,#4366,#4367);
#3590=AXIS2_PLACEMENT_3D('',#6020,#4368,#4369);
#3591=AXIS2_PLACEMENT_3D('',#6021,#4370,#4371);
#3592=AXIS2_PLACEMENT_3D('',#6022,#4372,#4373);
#3593=AXIS2_PLACEMENT_3D('',#6028,#4377,#4378);
#3594=AXIS2_PLACEMENT_3D('',#6030,#4379,#4380);
#3595=AXIS2_PLACEMENT_3D('',#6031,#4381,#4382);
#3596=AXIS2_PLACEMENT_3D('',#6033,#4383,#4384);
#3597=AXIS2_PLACEMENT_3D('',#6077,#4385,#4386);
#3598=AXIS2_PLACEMENT_3D('',#6078,#4387,#4388);
#3599=AXIS2_PLACEMENT_3D('',#6080,#4389,#4390);
#3600=AXIS2_PLACEMENT_3D('',#6082,#4391,#4392);
#3601=AXIS2_PLACEMENT_3D('',#6083,#4393,#4394);
#3602=AXIS2_PLACEMENT_3D('',#6084,#4395,#4396);
#3603=AXIS2_PLACEMENT_3D('',#6085,#4397,#4398);
#3604=AXIS2_PLACEMENT_3D('',#6086,#4399,#4400);
#3605=AXIS2_PLACEMENT_3D('',#6087,#4401,#4402);
#3606=AXIS2_PLACEMENT_3D('',#6089,#4403,#4404);
#3607=AXIS2_PLACEMENT_3D('',#6090,#4405,#4406);
#3608=AXIS2_PLACEMENT_3D('',#6092,#4407,#4408);
#3609=AXIS2_PLACEMENT_3D('',#6116,#4409,#4410);
#3610=AXIS2_PLACEMENT_3D('',#6118,#4411,#4412);
#3611=AXIS2_PLACEMENT_3D('',#6120,#4413,#4414);
#3612=AXIS2_PLACEMENT_3D('',#6121,#4415,#4416);
#3613=AXIS2_PLACEMENT_3D('',#6145,#4417,#4418);
#3614=AXIS2_PLACEMENT_3D('',#6147,#4419,#4420);
#3615=AXIS2_PLACEMENT_3D('',#6148,#4421,#4422);
#3616=AXIS2_PLACEMENT_3D('',#6150,#4423,#4424);
#3617=AXIS2_PLACEMENT_3D('',#6169,#4425,#4426);
#3618=AXIS2_PLACEMENT_3D('',#6171,#4427,#4428);
#3619=AXIS2_PLACEMENT_3D('',#6173,#4429,#4430);
#3620=AXIS2_PLACEMENT_3D('',#6174,#4431,#4432);
#3621=AXIS2_PLACEMENT_3D('',#6175,#4433,#4434);
#3622=AXIS2_PLACEMENT_3D('',#6177,#4435,#4436);
#3623=AXIS2_PLACEMENT_3D('',#6178,#4437,#4438);
#3624=AXIS2_PLACEMENT_3D('',#6179,#4439,#4440);
#3625=AXIS2_PLACEMENT_3D('',#6180,#4441,#4442);
#3626=AXIS2_PLACEMENT_3D('',#6181,#4443,#4444);
#3627=AXIS2_PLACEMENT_3D('',#6184,#4445,#4446);
#3628=AXIS2_PLACEMENT_3D('',#6186,#4447,#4448);
#3629=AXIS2_PLACEMENT_3D('',#6187,#4449,#4450);
#3630=AXIS2_PLACEMENT_3D('',#6188,#4451,#4452);
#3631=AXIS2_PLACEMENT_3D('',#6191,#4453,#4454);
#3632=AXIS2_PLACEMENT_3D('',#6194,#4457,#4458);
#3633=AXIS2_PLACEMENT_3D('',#6197,#4459,#4460);
#3634=AXIS2_PLACEMENT_3D('',#6199,#4461,#4462);
#3635=AXIS2_PLACEMENT_3D('',#6200,#4463,#4464);
#3636=AXIS2_PLACEMENT_3D('',#6201,#4465,#4466);
#3637=AXIS2_PLACEMENT_3D('',#6204,#4467,#4468);
#3638=AXIS2_PLACEMENT_3D('',#6207,#4471,#4472);
#3639=AXIS2_PLACEMENT_3D('',#6224,#4473,#4474);
#3640=AXIS2_PLACEMENT_3D('',#6225,#4475,#4476);
#3641=AXIS2_PLACEMENT_3D('',#6226,#4477,#4478);
#3642=AXIS2_PLACEMENT_3D('',#6229,#4479,#4480);
#3643=AXIS2_PLACEMENT_3D('',#6232,#4483,#4484);
#3644=AXIS2_PLACEMENT_3D('',#6235,#4487,#4488);
#3645=AXIS2_PLACEMENT_3D('',#6238,#4489,#4490);
#3646=AXIS2_PLACEMENT_3D('',#6241,#4493,#4494);
#3647=AXIS2_PLACEMENT_3D('',#6243,#4495,#4496);
#3648=AXIS2_PLACEMENT_3D('',#6246,#4498,#4499);
#3649=AXIS2_PLACEMENT_3D('',#6248,#4501,#4502);
#3650=AXIS2_PLACEMENT_3D('',#6249,#4503,#4504);
#3651=AXIS2_PLACEMENT_3D('',#6280,#4505,#4506);
#3652=AXIS2_PLACEMENT_3D('',#6286,#4507,#4508);
#3653=AXIS2_PLACEMENT_3D('',#6287,#4509,#4510);
#3654=AXIS2_PLACEMENT_3D('',#6328,#4511,#4512);
#3655=AXIS2_PLACEMENT_3D('',#6330,#4514,#4515);
#3656=AXIS2_PLACEMENT_3D('',#6333,#4517,#4518);
#3657=AXIS2_PLACEMENT_3D('',#6334,#4519,#4520);
#3658=AXIS2_PLACEMENT_3D('',#6466,#4526,#4527);
#3659=AXIS2_PLACEMENT_3D('',#6467,#4528,#4529);
#3660=AXIS2_PLACEMENT_3D('',#6470,#4530,#4531);
#3661=AXIS2_PLACEMENT_3D('',#6472,#4532,#4533);
#3662=AXIS2_PLACEMENT_3D('',#6473,#4534,#4535);
#3663=AXIS2_PLACEMENT_3D('',#6474,#4536,#4537);
#3664=AXIS2_PLACEMENT_3D('',#6477,#4538,#4539);
#3665=AXIS2_PLACEMENT_3D('',#6480,#4542,#4543);
#3666=AXIS2_PLACEMENT_3D('',#6483,#4544,#4545);
#3667=AXIS2_PLACEMENT_3D('',#6486,#4548,#4549);
#3668=AXIS2_PLACEMENT_3D('',#6489,#4550,#4551);
#3669=AXIS2_PLACEMENT_3D('',#6491,#4552,#4553);
#3670=AXIS2_PLACEMENT_3D('',#6492,#4554,#4555);
#3671=AXIS2_PLACEMENT_3D('',#6493,#4556,#4557);
#3672=AXIS2_PLACEMENT_3D('',#6496,#4558,#4559);
#3673=AXIS2_PLACEMENT_3D('',#6499,#4562,#4563);
#3674=AXIS2_PLACEMENT_3D('',#6516,#4564,#4565);
#3675=AXIS2_PLACEMENT_3D('',#6517,#4566,#4567);
#3676=AXIS2_PLACEMENT_3D('',#6518,#4568,#4569);
#3677=AXIS2_PLACEMENT_3D('',#6521,#4572,#4573);
#3678=AXIS2_PLACEMENT_3D('',#6524,#4574,#4575);
#3679=AXIS2_PLACEMENT_3D('',#6527,#4578,#4579);
#3680=AXIS2_PLACEMENT_3D('',#6529,#4580,#4581);
#3681=AXIS2_PLACEMENT_3D('',#6532,#4583,#4584);
#3682=AXIS2_PLACEMENT_3D('',#6534,#4586,#4587);
#3683=AXIS2_PLACEMENT_3D('',#6535,#4588,#4589);
#3684=AXIS2_PLACEMENT_3D('',#6571,#4590,#4591);
#3685=AXIS2_PLACEMENT_3D('',#6572,#4592,#4593);
#3686=AXIS2_PLACEMENT_3D('',#6573,#4594,#4595);
#3687=AXIS2_PLACEMENT_3D('',#6574,#4596,#4597);
#3688=AXIS2_PLACEMENT_3D('',#6592,#4602,#4603);
#3689=AXIS2_PLACEMENT_3D('',#6608,#4605,#4606);
#3690=AXIS2_PLACEMENT_3D('',#6610,#4608,#4609);
#3691=AXIS2_PLACEMENT_3D('',#6613,#4611,#4612);
#3692=AXIS2_PLACEMENT_3D('',#6614,#4613,#4614);
#3693=AXIS2_PLACEMENT_3D('',#6785,#4620,#4621);
#3694=AXIS2_PLACEMENT_3D('',#6868,#4622,#4623);
#3695=AXIS2_PLACEMENT_3D('',#6875,#4624,#4625);
#3696=AXIS2_PLACEMENT_3D('',#6909,#4627,#4628);
#3697=AXIS2_PLACEMENT_3D('',#6910,#4629,#4630);
#3698=AXIS2_PLACEMENT_3D('',#6913,#4631,#4632);
#3699=AXIS2_PLACEMENT_3D('',#6915,#4633,#4634);
#3700=AXIS2_PLACEMENT_3D('',#6917,#4635,#4636);
#3701=AXIS2_PLACEMENT_3D('',#6918,#4637,#4638);
#3702=AXIS2_PLACEMENT_3D('',#6919,#4639,#4640);
#3703=AXIS2_PLACEMENT_3D('',#6921,#4641,#4642);
#3704=AXIS2_PLACEMENT_3D('',#6922,#4643,#4644);
#3705=AXIS2_PLACEMENT_3D('',#6923,#4645,#4646);
#3706=AXIS2_PLACEMENT_3D('',#6924,#4647,#4648);
#3707=AXIS2_PLACEMENT_3D('',#6926,#4649,#4650);
#3708=AXIS2_PLACEMENT_3D('',#6928,#4652,#4653);
#3709=AXIS2_PLACEMENT_3D('',#6931,#4654,#4655);
#3710=AXIS2_PLACEMENT_3D('',#6932,#4656,#4657);
#3711=AXIS2_PLACEMENT_3D('',#6933,#4658,#4659);
#3712=AXIS2_PLACEMENT_3D('',#6934,#4660,#4661);
#3713=AXIS2_PLACEMENT_3D('',#6937,#4662,#4663);
#3714=AXIS2_PLACEMENT_3D('',#6938,#4664,#4665);
#3715=AXIS2_PLACEMENT_3D('',#6939,#4666,#4667);
#3716=AXIS2_PLACEMENT_3D('',#6940,#4668,#4669);
#3717=AXIS2_PLACEMENT_3D('',#6941,#4670,#4671);
#3718=AXIS2_PLACEMENT_3D('',#6942,#4672,#4673);
#3719=AXIS2_PLACEMENT_3D('',#6943,#4674,#4675);
#3720=AXIS2_PLACEMENT_3D('',#6946,#4677,#4678);
#3721=AXIS2_PLACEMENT_3D('',#6947,#4679,#4680);
#3722=AXIS2_PLACEMENT_3D('',#6950,#4682,#4683);
#3723=AXIS2_PLACEMENT_3D('',#6951,#4684,#4685);
#3724=AXIS2_PLACEMENT_3D('',#6954,#4686,#4687);
#3725=AXIS2_PLACEMENT_3D('',#6956,#4688,#4689);
#3726=AXIS2_PLACEMENT_3D('',#6958,#4690,#4691);
#3727=AXIS2_PLACEMENT_3D('',#6960,#4692,#4693);
#3728=AXIS2_PLACEMENT_3D('',#6962,#4694,#4695);
#3729=AXIS2_PLACEMENT_3D('',#6964,#4696,#4697);
#3730=AXIS2_PLACEMENT_3D('',#6966,#4698,#4699);
#3731=AXIS2_PLACEMENT_3D('',#6967,#4700,#4701);
#3732=AXIS2_PLACEMENT_3D('',#6970,#4702,#4703);
#3733=AXIS2_PLACEMENT_3D('',#6972,#4704,#4705);
#3734=AXIS2_PLACEMENT_3D('',#6974,#4706,#4707);
#3735=AXIS2_PLACEMENT_3D('',#6976,#4708,#4709);
#3736=AXIS2_PLACEMENT_3D('',#6979,#4711,#4712);
#3737=AXIS2_PLACEMENT_3D('',#6981,#4713,#4714);
#3738=AXIS2_PLACEMENT_3D('',#7064,#4715,#4716);
#3739=AXIS2_PLACEMENT_3D('',#7145,#4717,#4718);
#3740=AXIS2_PLACEMENT_3D('',#7228,#4719,#4720);
#3741=AXIS2_PLACEMENT_3D('',#7309,#4721,#4722);
#3742=AXIS2_PLACEMENT_3D('',#7311,#4723,#4724);
#3743=AXIS2_PLACEMENT_3D('',#7313,#4725,#4726);
#3744=AXIS2_PLACEMENT_3D('',#7314,#4727,#4728);
#3745=AXIS2_PLACEMENT_3D('',#7316,#4729,#4730);
#3746=AXIS2_PLACEMENT_3D('',#7318,#4731,#4732);
#3747=AXIS2_PLACEMENT_3D('',#7319,#4733,#4734);
#3748=AXIS2_PLACEMENT_3D('',#7320,#4735,#4736);
#3749=AXIS2_PLACEMENT_3D('',#7322,#4737,#4738);
#3750=AXIS2_PLACEMENT_3D('',#7323,#4739,#4740);
#3751=AXIS2_PLACEMENT_3D('',#7324,#4741,#4742);
#3752=AXIS2_PLACEMENT_3D('',#7326,#4743,#4744);
#3753=AXIS2_PLACEMENT_3D('',#7327,#4745,#4746);
#3754=AXIS2_PLACEMENT_3D('',#7328,#4747,#4748);
#3755=AXIS2_PLACEMENT_3D('',#7329,#4749,#4750);
#3756=AXIS2_PLACEMENT_3D('',#7330,#4751,#4752);
#3757=AXIS2_PLACEMENT_3D('',#7331,#4753,#4754);
#3758=AXIS2_PLACEMENT_3D('',#7332,#4755,#4756);
#3759=AXIS2_PLACEMENT_3D('',#7333,#4757,#4758);
#3760=AXIS2_PLACEMENT_3D('',#7334,#4759,#4760);
#3761=AXIS2_PLACEMENT_3D('',#7335,#4761,#4762);
#3762=AXIS2_PLACEMENT_3D('',#7338,#4765,#4766);
#3763=AXIS2_PLACEMENT_3D('',#7341,#4768,#4769);
#3764=AXIS2_PLACEMENT_3D('',#7342,#4770,#4771);
#3765=AXIS2_PLACEMENT_3D('',#7345,#4773,#4774);
#3766=AXIS2_PLACEMENT_3D('',#7670,#4775,#4776);
#3767=AXIS2_PLACEMENT_3D('',#7672,#4777,#4778);
#3768=AXIS2_PLACEMENT_3D('',#7696,#4779,#4780);
#3769=AXIS2_PLACEMENT_3D('',#7697,#4781,#4782);
#3770=AXIS2_PLACEMENT_3D('',#7698,#4783,#4784);
#3771=AXIS2_PLACEMENT_3D('',#7699,#4785,#4786);
#3772=AXIS2_PLACEMENT_3D('',#7700,#4787,#4788);
#3773=AXIS2_PLACEMENT_3D('',#7701,#4789,#4790);
#3774=AXIS2_PLACEMENT_3D('',#7702,#4791,#4792);
#3775=AXIS2_PLACEMENT_3D('',#7703,#4793,#4794);
#3776=AXIS2_PLACEMENT_3D('',#7704,#4795,#4796);
#3777=AXIS2_PLACEMENT_3D('',#7705,#4797,#4798);
#3778=AXIS2_PLACEMENT_3D('',#7707,#4800,#4801);
#3779=AXIS2_PLACEMENT_3D('',#7709,#4803,#4804);
#3780=AXIS2_PLACEMENT_3D('',#8300,#4806,#4807);
#3781=AXIS2_PLACEMENT_3D('',#8301,#4808,#4809);
#3782=AXIS2_PLACEMENT_3D('',#8302,#4810,#4811);
#3783=AXIS2_PLACEMENT_3D('',#8303,#4812,#4813);
#3784=AXIS2_PLACEMENT_3D('',#8304,#4814,#4815);
#3785=AXIS2_PLACEMENT_3D('',#8305,#4816,#4817);
#3786=AXIS2_PLACEMENT_3D('',#8306,#4818,#4819);
#3787=AXIS2_PLACEMENT_3D('',#8307,#4820,#4821);
#3788=AXIS2_PLACEMENT_3D('',#8308,#4822,#4823);
#3789=AXIS2_PLACEMENT_3D('',#8309,#4824,#4825);
#3790=AXIS2_PLACEMENT_3D('',#8310,#4826,#4827);
#3791=AXIS2_PLACEMENT_3D('',#8311,#4828,#4829);
#3792=AXIS2_PLACEMENT_3D('',#8314,#4832,#4833);
#3793=AXIS2_PLACEMENT_3D('',#8315,#4834,#4835);
#3794=AXIS2_PLACEMENT_3D('',#8316,#4836,#4837);
#3795=AXIS2_PLACEMENT_3D('',#8318,#4838,#4839);
#3796=AXIS2_PLACEMENT_3D('',#8320,#4840,#4841);
#3797=AXIS2_PLACEMENT_3D('',#8321,#4842,#4843);
#3798=AXIS2_PLACEMENT_3D('',#8323,#4844,#4845);
#3799=AXIS2_PLACEMENT_3D('',#8324,#4846,#4847);
#3800=AXIS2_PLACEMENT_3D('',#8330,#4851,#4852);
#3801=AXIS2_PLACEMENT_3D('',#8332,#4854,#4855);
#3802=AXIS2_PLACEMENT_3D('',#8334,#4857,#4858);
#3803=AXIS2_PLACEMENT_3D('',#8335,#4859,#4860);
#3804=AXIS2_PLACEMENT_3D('',#8336,#4861,#4862);
#3805=AXIS2_PLACEMENT_3D('',#10401,#4863,#4864);
#3806=AXIS2_PLACEMENT_3D('',#12466,#4865,#4866);
#3807=AXIS2_PLACEMENT_3D('',#12468,#4867,#4868);
#3808=AXIS2_PLACEMENT_3D('',#12470,#4869,#4870);
#3809=AXIS2_PLACEMENT_3D('',#12471,#4871,#4872);
#3810=AXIS2_PLACEMENT_3D('',#12472,#4873,#4874);
#3811=AXIS2_PLACEMENT_3D('',#12473,#4875,#4876);
#3812=AXIS2_PLACEMENT_3D('',#12474,#4877,#4878);
#3813=AXIS2_PLACEMENT_3D('',#12476,#4879,#4880);
#3814=AXIS2_PLACEMENT_3D('',#12477,#4881,#4882);
#3815=AXIS2_PLACEMENT_3D('',#12478,#4883,#4884);
#3816=AXIS2_PLACEMENT_3D('',#12480,#4885,#4886);
#3817=AXIS2_PLACEMENT_3D('',#12481,#4887,#4888);
#3818=AXIS2_PLACEMENT_3D('',#12482,#4889,#4890);
#3819=AXIS2_PLACEMENT_3D('',#12484,#4891,#4892);
#3820=AXIS2_PLACEMENT_3D('',#12485,#4893,#4894);
#3821=AXIS2_PLACEMENT_3D('',#12486,#4895,#4896);
#3822=AXIS2_PLACEMENT_3D('',#12488,#4897,#4898);
#3823=AXIS2_PLACEMENT_3D('',#12489,#4899,#4900);
#3824=AXIS2_PLACEMENT_3D('',#12490,#4901,#4902);
#3825=AXIS2_PLACEMENT_3D('',#12491,#4903,#4904);
#3826=AXIS2_PLACEMENT_3D('',#12492,#4905,#4906);
#3827=AXIS2_PLACEMENT_3D('',#12496,#4908,#4909);
#3828=AXIS2_PLACEMENT_3D('',#12498,#4911,#4912);
#3829=AXIS2_PLACEMENT_3D('',#12501,#4914,#4915);
#3830=AXIS2_PLACEMENT_3D('',#12502,#4916,#4917);
#3831=AXIS2_PLACEMENT_3D('',#12505,#4919,#4920);
#3832=AXIS2_PLACEMENT_3D('',#12506,#4921,#4922);
#3833=AXIS2_PLACEMENT_3D('',#12509,#4924,#4925);
#3834=AXIS2_PLACEMENT_3D('',#12510,#4926,#4927);
#3835=AXIS2_PLACEMENT_3D('',#12512,#4928,#4929);
#3836=AXIS2_PLACEMENT_3D('',#12514,#4930,#4931);
#3837=AXIS2_PLACEMENT_3D('',#12515,#4932,#4933);
#3838=AXIS2_PLACEMENT_3D('',#12516,#4934,#4935);
#3839=AXIS2_PLACEMENT_3D('',#12517,#4936,#4937);
#3840=AXIS2_PLACEMENT_3D('',#12518,#4938,#4939);
#3841=AXIS2_PLACEMENT_3D('',#12519,#4940,#4941);
#3842=AXIS2_PLACEMENT_3D('',#12520,#4942,#4943);
#3843=AXIS2_PLACEMENT_3D('',#12521,#4944,#4945);
#3844=AXIS2_PLACEMENT_3D('',#12522,#4946,#4947);
#3845=AXIS2_PLACEMENT_3D('',#12523,#4948,#4949);
#3846=AXIS2_PLACEMENT_3D('',#12524,#4950,#4951);
#3847=AXIS2_PLACEMENT_3D('',#12525,#4952,#4953);
#3848=AXIS2_PLACEMENT_3D('',#12526,#4954,#4955);
#3849=AXIS2_PLACEMENT_3D('',#12527,#4956,#4957);
#3850=AXIS2_PLACEMENT_3D('',#12529,#4958,#4959);
#3851=AXIS2_PLACEMENT_3D('',#12530,#4960,#4961);
#3852=AXIS2_PLACEMENT_3D('',#12531,#4962,#4963);
#3853=AXIS2_PLACEMENT_3D('',#12532,#4964,#4965);
#3854=AXIS2_PLACEMENT_3D('',#12533,#4966,#4967);
#3855=AXIS2_PLACEMENT_3D('',#12535,#4969,#4970);
#3856=AXIS2_PLACEMENT_3D('',#12537,#4972,#4973);
#3857=AXIS2_PLACEMENT_3D('',#12539,#4975,#4976);
#3858=AXIS2_PLACEMENT_3D('',#12540,#4977,#4978);
#3859=AXIS2_PLACEMENT_3D('',#12541,#4979,#4980);
#3860=AXIS2_PLACEMENT_3D('',#12542,#4981,#4982);
#3861=AXIS2_PLACEMENT_3D('',#12544,#4983,#4984);
#3862=AXIS2_PLACEMENT_3D('',#12546,#4985,#4986);
#3863=AXIS2_PLACEMENT_3D('',#12547,#4987,#4988);
#3864=AXIS2_PLACEMENT_3D('',#12549,#4989,#4990);
#3865=AXIS2_PLACEMENT_3D('',#12550,#4991,#4992);
#3866=AXIS2_PLACEMENT_3D('',#12552,#4993,#4994);
#3867=AXIS2_PLACEMENT_3D('',#12553,#4995,#4996);
#3868=AXIS2_PLACEMENT_3D('',#12554,#4997,#4998);
#3869=AXIS2_PLACEMENT_3D('',#12556,#4999,#5000);
#3870=AXIS2_PLACEMENT_3D('',#12558,#5001,#5002);
#3871=AXIS2_PLACEMENT_3D('',#12559,#5003,#5004);
#3872=AXIS2_PLACEMENT_3D('',#12561,#5005,#5006);
#3873=AXIS2_PLACEMENT_3D('',#12562,#5007,#5008);
#3874=AXIS2_PLACEMENT_3D('',#12564,#5009,#5010);
#3875=AXIS2_PLACEMENT_3D('',#12565,#5011,#5012);
#3876=AXIS2_PLACEMENT_3D('',#12566,#5013,#5014);
#3877=AXIS2_PLACEMENT_3D('',#12567,#5015,#5016);
#3878=AXIS2_PLACEMENT_3D('',#12568,#5017,#5018);
#3879=AXIS2_PLACEMENT_3D('',#12569,#5019,#5020);
#3880=AXIS2_PLACEMENT_3D('',#12570,#5021,#5022);
#3881=AXIS2_PLACEMENT_3D('',#12571,#5023,#5024);
#3882=DIRECTION('axis',(0.,0.,1.));
#3883=DIRECTION('refdir',(1.,0.,0.));
#3884=DIRECTION('axis',(0.,0.,1.));
#3885=DIRECTION('refdir',(1.,0.,0.));
#3886=DIRECTION('center_axis',(0.,0.,-1.));
#3887=DIRECTION('ref_axis',(1.,6.66133814775096E-16,0.));
#3888=DIRECTION('center_axis',(1.08863384124899E-16,5.74201264285309E-17,
1.));
#3889=DIRECTION('ref_axis',(1.,6.66133814775096E-16,0.));
#3890=DIRECTION('center_axis',(1.08863384124899E-16,5.74201264285309E-17,
1.));
#3891=DIRECTION('ref_axis',(1.,6.66133814775096E-16,0.));
#3892=DIRECTION('center_axis',(1.,6.66133814775096E-16,0.));
#3893=DIRECTION('ref_axis',(6.66133814775096E-16,-1.,5.74201264285309E-17));
#3894=DIRECTION('',(6.66133814775096E-16,-1.,5.74201264285309E-17));
#3895=DIRECTION('',(0.,0.,-1.));
#3896=DIRECTION('',(6.66133814775096E-16,-1.,5.74201264285309E-17));
#3897=DIRECTION('',(0.,0.,-1.));
#3898=DIRECTION('center_axis',(-6.66133814775096E-16,1.,0.));
#3899=DIRECTION('ref_axis',(1.,6.66133814775096E-16,-1.08863384124899E-16));
#3900=DIRECTION('',(1.,6.66133814775096E-16,-1.08863384124899E-16));
#3901=DIRECTION('',(1.,6.66133814775096E-16,-1.08863384124899E-16));
#3902=DIRECTION('',(0.,0.,-1.));
#3903=DIRECTION('center_axis',(-1.,-6.66133814775096E-16,0.));
#3904=DIRECTION('ref_axis',(-6.66133814775096E-16,1.,-5.74201264285309E-17));
#3905=DIRECTION('',(-6.66133814775096E-16,1.,-5.74201264285309E-17));
#3906=DIRECTION('',(-6.66133814775096E-16,1.,-5.74201264285309E-17));
#3907=DIRECTION('',(0.,0.,-1.));
#3908=DIRECTION('center_axis',(6.66133814775096E-16,-1.,0.));
#3909=DIRECTION('ref_axis',(-1.,-6.66133814775096E-16,1.08863384124899E-16));
#3910=DIRECTION('',(-1.,-6.66133814775096E-16,1.08863384124899E-16));
#3911=DIRECTION('',(-1.,-6.66133814775096E-16,1.08863384124899E-16));
#3912=DIRECTION('center_axis',(1.08863384124899E-16,5.74201264285309E-17,
1.));
#3913=DIRECTION('ref_axis',(1.,6.66133814775096E-16,-1.08863384124899E-16));
#3914=DIRECTION('center_axis',(1.08863384124899E-16,5.74201264285309E-17,
1.));
#3915=DIRECTION('ref_axis',(1.,6.66133814775096E-16,-1.08863384124899E-16));
#3916=DIRECTION('center_axis',(-1.08863384124899E-16,-5.74201264285309E-17,
-1.));
#3917=DIRECTION('ref_axis',(-1.,0.,0.));
#3918=DIRECTION('center_axis',(-1.08863384124899E-16,-5.74201264285309E-17,
-1.));
#3919=DIRECTION('ref_axis',(-1.,-1.91400421428437E-17,1.08863384124899E-16));
#3920=DIRECTION('center_axis',(1.08863384124899E-16,5.74201264285309E-17,
1.));
#3921=DIRECTION('ref_axis',(-1.,-1.91400421428437E-17,9.25185853854306E-17));
#3922=DIRECTION('center_axis',(-1.08863384124899E-16,-5.74201264285309E-17,
-1.));
#3923=DIRECTION('ref_axis',(-1.,-6.66133814775096E-16,1.08863384124899E-16));
#3924=DIRECTION('center_axis',(-1.08863384124899E-16,-5.74201264285309E-17,
-1.));
#3925=DIRECTION('ref_axis',(-1.,-1.04400229870056E-17,1.08863384124899E-16));
#3926=DIRECTION('center_axis',(-1.08863384124899E-16,-5.74201264285309E-17,
-1.));
#3927=DIRECTION('ref_axis',(-1.269466706144E-14,1.,-5.74201264285296E-17));
#3928=DIRECTION('center_axis',(-1.08863384124899E-16,-5.74201264285309E-17,
-1.));
#3929=DIRECTION('ref_axis',(-1.,-1.04400229870057E-17,1.08863384124899E-16));
#3930=DIRECTION('center_axis',(-1.08863384124899E-16,-5.74201264285309E-17,
-1.));
#3931=DIRECTION('ref_axis',(-1.269466706144E-14,1.,-5.74201264285296E-17));
#3932=DIRECTION('center_axis',(1.08863384124899E-16,5.74201264285309E-17,
1.));
#3933=DIRECTION('ref_axis',(-0.962402296015676,-0.271628092478955,1.20367290245521E-16));
#3934=DIRECTION('center_axis',(1.08863384124899E-16,5.74201264285309E-17,
1.));
#3935=DIRECTION('ref_axis',(-0.226822267457578,0.973936167818715,-3.12308982591547E-17));
#3936=DIRECTION('center_axis',(-1.08863384124899E-16,-5.74201264285309E-17,
-1.));
#3937=DIRECTION('ref_axis',(0.655613334071328,-0.755096785973744,-2.80145333080229E-17));
#3938=DIRECTION('center_axis',(-1.08863384124899E-16,-5.74201264285309E-17,
-1.));
#3939=DIRECTION('ref_axis',(-0.773762143925756,-0.633476238407896,1.20608651194346E-16));
#3940=DIRECTION('center_axis',(1.08863384124899E-16,5.74201264285309E-17,
1.));
#3941=DIRECTION('ref_axis',(-0.0774057103116233,0.996999677036634,-4.88211999295332E-17));
#3942=DIRECTION('center_axis',(-1.08863384124899E-16,-5.74201264285309E-17,
-1.));
#3943=DIRECTION('ref_axis',(0.717805787359949,-0.696243385342054,-3.81643839450725E-17));
#3944=DIRECTION('',(6.66133814775096E-16,-1.,5.74201264285309E-17));
#3945=DIRECTION('',(-1.,-6.66133814775096E-16,1.08863384124899E-16));
#3946=DIRECTION('',(-6.66133814775096E-16,1.,-5.74201264285309E-17));
#3947=DIRECTION('center_axis',(-1.08863384124899E-16,-5.74201264285309E-17,
-1.));
#3948=DIRECTION('ref_axis',(-0.717805787359924,-0.69624338534208,1.18121150367809E-16));
#3949=DIRECTION('center_axis',(1.08863384124899E-16,5.74201264285309E-17,
1.));
#3950=DIRECTION('ref_axis',(0.0774057103115957,0.996999677036637,-6.56744950797601E-17));
#3951=DIRECTION('center_axis',(-1.08863384124899E-16,-5.74201264285309E-17,
-1.));
#3952=DIRECTION('ref_axis',(0.773762143925761,-0.63347623840789,-4.78600797966441E-17));
#3953=DIRECTION('center_axis',(-1.08863384124899E-16,-5.74201264285309E-17,
-1.));
#3954=DIRECTION('ref_axis',(-0.655613334071338,-0.755096785973735,1.14730039140803E-16));
#3955=DIRECTION('center_axis',(1.08863384124899E-16,5.74201264285309E-17,
1.));
#3956=DIRECTION('ref_axis',(0.22682226745755,0.973936167818721,-8.06161775197817E-17));
#3957=DIRECTION('center_axis',(1.08863384124899E-16,5.74201264285309E-17,
1.));
#3958=DIRECTION('ref_axis',(0.962402296015698,-0.271628092478877,-8.91734514221637E-17));
#3959=DIRECTION('center_axis',(-1.08863384124899E-16,-5.74201264285309E-17,
-1.));
#3960=DIRECTION('ref_axis',(-1.269466706144E-14,1.,-5.74201264285296E-17));
#3961=DIRECTION('center_axis',(-1.08863384124899E-16,-5.74201264285309E-17,
-1.));
#3962=DIRECTION('ref_axis',(-1.,-1.91400421428438E-17,1.08863384124899E-16));
#3963=DIRECTION('center_axis',(0.,0.,1.));
#3964=DIRECTION('ref_axis',(-1.,-6.66133814775096E-16,0.));
#3965=DIRECTION('center_axis',(0.,0.,-1.));
#3966=DIRECTION('ref_axis',(-1.,-6.66133814775096E-16,0.));
#3967=DIRECTION('center_axis',(-1.08863384124899E-16,-5.74201264285309E-17,
-1.));
#3968=DIRECTION('ref_axis',(-1.,0.,0.));
#3969=DIRECTION('center_axis',(1.08863384124899E-16,5.74201264285309E-17,
1.));
#3970=DIRECTION('ref_axis',(-1.,-1.91400421428438E-17,9.25185853854296E-17));
#3971=DIRECTION('center_axis',(0.,0.,1.));
#3972=DIRECTION('ref_axis',(-1.,-6.66133814775096E-16,0.));
#3973=DIRECTION('center_axis',(0.,0.,-1.));
#3974=DIRECTION('ref_axis',(-1.,-6.66133814775096E-16,0.));
#3975=DIRECTION('center_axis',(-1.08863384124899E-16,-5.74201264285309E-17,
-1.));
#3976=DIRECTION('ref_axis',(-1.,0.,1.1842378929335E-16));
#3977=DIRECTION('center_axis',(1.08863384124899E-16,5.74201264285309E-17,
1.));
#3978=DIRECTION('ref_axis',(-1.,-1.04400229870056E-17,1.00929365875014E-16));
#3979=DIRECTION('center_axis',(-1.08863384124899E-16,-5.74201264285309E-17,
-1.));
#3980=DIRECTION('ref_axis',(-1.,0.,1.08365148912109E-16));
#3981=DIRECTION('center_axis',(0.962402296015711,-0.271628092478829,0.));
#3982=DIRECTION('ref_axis',(0.,0.,1.));
#3983=DIRECTION('center_axis',(1.08863384124899E-16,5.74201264285309E-17,
1.));
#3984=DIRECTION('ref_axis',(-1.269466706144E-14,1.,-5.75847979932566E-17));
#3985=DIRECTION('center_axis',(0.962402296015676,0.271628092478954,0.));
#3986=DIRECTION('ref_axis',(0.,0.,1.));
#3987=DIRECTION('center_axis',(0.,0.,1.));
#3988=DIRECTION('ref_axis',(-1.,-6.66133814775096E-16,0.));
#3989=DIRECTION('center_axis',(0.,0.,-1.));
#3990=DIRECTION('ref_axis',(-1.,-6.66133814775096E-16,0.));
#3991=DIRECTION('center_axis',(-1.08863384124899E-16,-5.74201264285309E-17,
-1.));
#3992=DIRECTION('ref_axis',(-1.,0.,1.1842378929335E-16));
#3993=DIRECTION('center_axis',(1.08863384124899E-16,5.74201264285309E-17,
1.));
#3994=DIRECTION('ref_axis',(-1.,-1.04400229870057E-17,1.00929365875014E-16));
#3995=DIRECTION('center_axis',(0.,0.,1.));
#3996=DIRECTION('ref_axis',(-1.,-6.66133814775096E-16,0.));
#3997=DIRECTION('center_axis',(0.,0.,-1.));
#3998=DIRECTION('ref_axis',(-1.,-6.66133814775096E-16,0.));
#3999=DIRECTION('center_axis',(-1.08863384124899E-16,-5.74201264285309E-17,
-1.));
#4000=DIRECTION('ref_axis',(-1.,0.,0.));
#4001=DIRECTION('center_axis',(-1.08863384124899E-16,-5.74201264285309E-17,
-1.));
#4002=DIRECTION('ref_axis',(-7.94330295989459E-15,-1.,5.74201264285318E-17));
#4003=DIRECTION('center_axis',(1.08863384124899E-16,5.74201264285309E-17,
1.));
#4004=DIRECTION('ref_axis',(-7.94330295989459E-15,-1.,6.16790565151351E-17));
#4005=DIRECTION('center_axis',(-1.08863384124899E-16,-5.74201264285309E-17,
-1.));
#4006=DIRECTION('ref_axis',(-7.94330295989459E-15,-1.,5.74201264285318E-17));
#4007=DIRECTION('center_axis',(-1.08863384124899E-16,-5.74201264285309E-17,
-1.));
#4008=DIRECTION('ref_axis',(-1.,0.,0.));
#4009=DIRECTION('center_axis',(1.08863384124899E-16,5.74201264285309E-17,
1.));
#4010=DIRECTION('ref_axis',(-0.712038641260385,0.702140280394214,6.16790565151339E-17));
#4011=DIRECTION('center_axis',(-1.08863384124899E-16,-5.74201264285309E-17,
-1.));
#4012=DIRECTION('ref_axis',(-1.,0.,0.));
#4013=DIRECTION('center_axis',(1.08863384124899E-16,5.74201264285309E-17,
1.));
#4014=DIRECTION('ref_axis',(0.90476109877715,0.425919422120621,-1.23358113030271E-16));
#4015=DIRECTION('center_axis',(-1.08863384124899E-16,-5.74201264285309E-17,
-1.));
#4016=DIRECTION('ref_axis',(-1.,0.,1.05735526154777E-16));
#4017=DIRECTION('center_axis',(0.972506265715005,0.232876712328769,0.));
#4018=DIRECTION('ref_axis',(0.,0.,1.));
#4019=DIRECTION('center_axis',(1.08863384124899E-16,5.74201264285309E-17,
1.));
#4020=DIRECTION('ref_axis',(-0.319223937728867,0.947679311571629,-2.08166817117218E-17));
#4021=DIRECTION('center_axis',(-1.08863384124899E-16,-5.74201264285309E-17,
-1.));
#4022=DIRECTION('ref_axis',(-0.230197962379494,0.973143821907291,-2.97381167310311E-17));
#4023=DIRECTION('center_axis',(1.08863384124899E-16,5.74201264285309E-17,
1.));
#4024=DIRECTION('ref_axis',(-0.230197962379494,0.973143821907291,-3.08179120837726E-17));
#4025=DIRECTION('center_axis',(-1.08863384124899E-16,-5.74201264285309E-17,
-1.));
#4026=DIRECTION('ref_axis',(-1.,0.,1.61486985400023E-16));
#4027=DIRECTION('center_axis',(1.08863384124899E-16,5.74201264285309E-17,
1.));
#4028=DIRECTION('ref_axis',(0.420849286492662,0.907130573874907,-7.93016446160823E-17));
#4029=DIRECTION('center_axis',(-1.08863384124899E-16,-5.74201264285309E-17,
-1.));
#4030=DIRECTION('ref_axis',(0.420849286492662,0.907130573874907,-9.79026297732232E-17));
#4031=DIRECTION('center_axis',(-1.08863384124899E-16,-5.74201264285309E-17,
-1.));
#4032=DIRECTION('ref_axis',(-1.,0.,1.61486985400023E-16));
#4033=DIRECTION('center_axis',(-1.08863384124899E-16,-5.74201264285309E-17,
-1.));
#4034=DIRECTION('ref_axis',(-0.420849286493253,0.907130573874633,-6.27247470486264E-18));
#4035=DIRECTION('center_axis',(0.972506265715004,-0.232876712328774,0.));
#4036=DIRECTION('ref_axis',(0.,0.,1.));
#4037=DIRECTION('center_axis',(1.08863384124899E-16,5.74201264285309E-17,
1.));
#4038=DIRECTION('ref_axis',(-0.420849286493253,0.907130573874633,0.));
#4039=DIRECTION('center_axis',(1.08863384124899E-16,5.74201264285309E-17,
1.));
#4040=DIRECTION('ref_axis',(1.,0.,-1.05735526154777E-16));
#4041=DIRECTION('center_axis',(-1.08863384124899E-16,-5.74201264285309E-17,
-1.));
#4042=DIRECTION('ref_axis',(0.390791794559037,0.920479099874259,-9.58228205777668E-17));
#4043=DIRECTION('center_axis',(1.08863384124899E-16,5.74201264285309E-17,
1.));
#4044=DIRECTION('ref_axis',(0.474257972392445,0.880385924252658,-1.00613961606655E-16));
#4045=DIRECTION('center_axis',(1.08863384124899E-16,5.74201264285309E-17,
1.));
#4046=DIRECTION('ref_axis',(0.390791794559038,0.920479099874259,-9.53969435335394E-17));
#4047=DIRECTION('center_axis',(1.,6.57296524767209E-15,-1.08863384124899E-16));
#4048=DIRECTION('ref_axis',(0.,-0.70710678118654,0.707106781186555));
#4049=DIRECTION('',(1.,6.57296524767209E-15,-1.08863384124899E-16));
#4050=DIRECTION('',(-1.,-6.57296524767209E-15,1.08863384124899E-16));
#4051=DIRECTION('',(1.,6.57296524767209E-15,-1.08863384124899E-16));
#4052=DIRECTION('center_axis',(0.,0.,1.));
#4053=DIRECTION('ref_axis',(0.186924243471063,0.982374331506463,0.));
#4054=DIRECTION('',(0.,0.,1.));
#4055=DIRECTION('center_axis',(0.,0.,-1.));
#4056=DIRECTION('ref_axis',(0.186924243471063,0.982374331506463,0.));
#4057=DIRECTION('',(0.,0.,1.));
#4058=DIRECTION('center_axis',(0.,0.,1.));
#4059=DIRECTION('ref_axis',(-0.431398178077596,0.90216163294131,0.));
#4060=DIRECTION('',(0.,0.,1.));
#4061=DIRECTION('center_axis',(0.,0.,-1.));
#4062=DIRECTION('ref_axis',(-0.675261566538163,0.7375783461819,0.));
#4063=DIRECTION('center_axis',(0.,0.,1.));
#4064=DIRECTION('ref_axis',(-0.232876712328769,0.972506265715005,0.));
#4065=DIRECTION('',(0.,0.,1.));
#4066=DIRECTION('center_axis',(0.,0.,-1.));
#4067=DIRECTION('ref_axis',(0.619323537285334,0.785135883885319,0.));
#4068=DIRECTION('center_axis',(6.57296524767209E-15,-1.,0.));
#4069=DIRECTION('ref_axis',(1.,6.57296524767209E-15,-1.08863384124899E-16));
#4070=DIRECTION('',(0.,0.,1.));
#4071=DIRECTION('',(1.,6.57296524767209E-15,0.));
#4072=DIRECTION('center_axis',(0.,0.,1.));
#4073=DIRECTION('ref_axis',(-0.892923408076315,0.450208604215178,0.));
#4074=DIRECTION('',(0.,0.,1.));
#4075=DIRECTION('center_axis',(0.,0.,-1.));
#4076=DIRECTION('ref_axis',(-0.619323537285328,0.785135883885324,0.));
#4077=DIRECTION('center_axis',(-1.08863384124899E-16,-5.74201264285309E-17,
-1.));
#4078=DIRECTION('ref_axis',(-1.,-6.66133814775096E-16,1.08863384124899E-16));
#4079=DIRECTION('center_axis',(-1.08863384124899E-16,-5.74201264285309E-17,
-1.));
#4080=DIRECTION('ref_axis',(-1.,-6.66133814775096E-16,1.08863384124899E-16));
#4081=DIRECTION('center_axis',(6.66133814775096E-16,-1.,5.74201264285309E-17));
#4082=DIRECTION('ref_axis',(-0.707106781186553,0.,0.707106781186542));
#4083=DIRECTION('center_axis',(0.,-1.,0.));
#4084=DIRECTION('ref_axis',(0.,0.,1.));
#4085=DIRECTION('',(-6.66133814775096E-16,1.,-5.74201264285309E-17));
#4086=DIRECTION('center_axis',(-0.707106781186504,-0.707106781186592,0.));
#4087=DIRECTION('ref_axis',(0.707106781186591,-0.707106781186503,-1.53956074275254E-16));
#4088=DIRECTION('center_axis',(-1.08863384124899E-16,-5.74201264285309E-17,
-1.));
#4089=DIRECTION('ref_axis',(-1.,0.,1.61486985400023E-16));
#4090=DIRECTION('center_axis',(-0.999535062819219,-0.0304902967348751,0.));
#4091=DIRECTION('ref_axis',(0.,0.,1.));
#4092=DIRECTION('center_axis',(1.08863384124899E-16,5.74201264285309E-17,
1.));
#4093=DIRECTION('ref_axis',(0.717805787359949,-0.696243385342054,-3.96508223080413E-17));
#4094=DIRECTION('center_axis',(1.08863384124899E-16,5.74201264285309E-17,
1.));
#4095=DIRECTION('ref_axis',(1.,0.,-1.09700566025742E-16));
#4096=DIRECTION('center_axis',(-0.992263430207471,-0.124150252004997,0.));
#4097=DIRECTION('ref_axis',(0.,0.,1.));
#4098=DIRECTION('center_axis',(-1.08863384124899E-16,-5.74201264285309E-17,
-1.));
#4099=DIRECTION('ref_axis',(-0.0774057103116233,0.996999677036634,-4.89014471714015E-17));
#4100=DIRECTION('center_axis',(-1.08863384124899E-16,-5.74201264285309E-17,
-1.));
#4101=DIRECTION('ref_axis',(-1.,0.,1.61486985400023E-16));
#4102=DIRECTION('center_axis',(0.317595348570471,0.948226341421921,0.));
#4103=DIRECTION('ref_axis',(0.,0.,1.));
#4104=DIRECTION('center_axis',(1.08863384124899E-16,5.74201264285309E-17,
1.));
#4105=DIRECTION('ref_axis',(-0.773762143925756,-0.633476238407896,1.18952466924124E-16));
#4106=DIRECTION('center_axis',(-1.08863384124899E-16,-5.74201264285309E-17,
-1.));
#4107=DIRECTION('ref_axis',(-1.,0.,0.));
#4108=DIRECTION('center_axis',(1.08863384124899E-16,5.74201264285309E-17,
1.));
#4109=DIRECTION('ref_axis',(-0.882734184808431,-0.469872705070846,1.23358113030271E-16));
#4110=DIRECTION('center_axis',(1.08863384124899E-16,5.74201264285309E-17,
1.));
#4111=DIRECTION('ref_axis',(1.,0.,-1.05735526154777E-16));
#4112=DIRECTION('center_axis',(-0.317744863305904,-0.948176250410604,0.));
#4113=DIRECTION('ref_axis',(0.,0.,1.));
#4114=DIRECTION('center_axis',(-1.08863384124899E-16,-5.74201264285309E-17,
-1.));
#4115=DIRECTION('ref_axis',(-0.770925056854317,0.636925864378397,4.62592926927149E-17));
#4116=DIRECTION('center_axis',(1.08863384124899E-16,5.74201264285309E-17,
1.));
#4117=DIRECTION('ref_axis',(-0.771357198467847,0.636402445290583,4.85722573273506E-17));
#4118=DIRECTION('center_axis',(1.08863384124899E-16,5.74201264285309E-17,
1.));
#4119=DIRECTION('ref_axis',(0.655613334071328,-0.755096785973744,-2.80145333080229E-17));
#4120=DIRECTION('center_axis',(-1.08863384124899E-16,-5.74201264285309E-17,
-1.));
#4121=DIRECTION('ref_axis',(-1.,0.,1.1842378929335E-16));
#4122=DIRECTION('center_axis',(-0.983385239501806,-0.181530908470091,0.));
#4123=DIRECTION('ref_axis',(0.,0.,1.));
#4124=DIRECTION('center_axis',(1.08863384124899E-16,5.74201264285309E-17,
1.));
#4125=DIRECTION('ref_axis',(0.655613334071328,-0.755096785973743,-3.20256641718795E-17));
#4126=DIRECTION('center_axis',(1.08863384124899E-16,5.74201264285309E-17,
1.));
#4127=DIRECTION('ref_axis',(1.,0.,-1.06862277564769E-16));
#4128=DIRECTION('center_axis',(-0.962402296015704,-0.271628092478854,0.));
#4129=DIRECTION('ref_axis',(0.,0.,1.));
#4130=DIRECTION('center_axis',(-1.08863384124899E-16,-5.74201264285309E-17,
-1.));
#4131=DIRECTION('ref_axis',(-0.226822267457578,0.973936167818715,-3.13705549669302E-17));
#4132=DIRECTION('center_axis',(1.08863384124899E-16,5.74201264285309E-17,
1.));
#4133=DIRECTION('ref_axis',(1.,0.,-1.26882631385732E-16));
#4134=DIRECTION('center_axis',(-1.08863384124899E-16,-5.74201264285309E-17,
-1.));
#4135=DIRECTION('ref_axis',(-0.962402296015676,-0.271628092478955,1.18952466924124E-16));
#4136=DIRECTION('center_axis',(1.08863384124899E-16,5.74201264285309E-17,
1.));
#4137=DIRECTION('ref_axis',(1.,0.,-1.26882631385731E-16));
#4138=DIRECTION('center_axis',(-0.962402296015698,0.271628092478876,0.));
#4139=DIRECTION('ref_axis',(0.,0.,1.));
#4140=DIRECTION('center_axis',(-1.08863384124899E-16,-5.74201264285309E-17,
-1.));
#4141=DIRECTION('ref_axis',(0.962402296015698,-0.271628092478877,-7.93016446160815E-17));
#4142=DIRECTION('center_axis',(1.08863384124899E-16,5.74201264285309E-17,
1.));
#4143=DIRECTION('ref_axis',(1.,0.,-1.06862277564769E-16));
#4144=DIRECTION('center_axis',(-0.98338523950181,0.181530908470066,0.));
#4145=DIRECTION('ref_axis',(0.,0.,1.));
#4146=DIRECTION('center_axis',(-1.08863384124899E-16,-5.74201264285309E-17,
-1.));
#4147=DIRECTION('ref_axis',(0.22682226745755,0.973936167818721,-8.04502941893857E-17));
#4148=DIRECTION('center_axis',(-1.08863384124899E-16,-5.74201264285309E-17,
-1.));
#4149=DIRECTION('ref_axis',(-1.,0.,1.1842378929335E-16));
#4150=DIRECTION('center_axis',(-0.317744863305906,0.948176250410603,0.));
#4151=DIRECTION('ref_axis',(0.,0.,1.));
#4152=DIRECTION('center_axis',(1.08863384124899E-16,5.74201264285309E-17,
1.));
#4153=DIRECTION('ref_axis',(-0.655613334071338,-0.755096785973735,1.17427435296892E-16));
#4154=DIRECTION('center_axis',(1.08863384124899E-16,5.74201264285309E-17,
1.));
#4155=DIRECTION('ref_axis',(0.867513542855548,0.49741356330745,-1.23002009741815E-16));
#4156=DIRECTION('center_axis',(-1.08863384124899E-16,-5.74201264285309E-17,
-1.));
#4157=DIRECTION('ref_axis',(-1.,0.,0.));
#4158=DIRECTION('center_axis',(1.08863384124899E-16,5.74201264285309E-17,
1.));
#4159=DIRECTION('ref_axis',(0.676668685315003,-0.736287641016787,-6.16790565151439E-17));
#4160=DIRECTION('center_axis',(-1.08863384124899E-16,-5.74201264285309E-17,
-1.));
#4161=DIRECTION('ref_axis',(-1.,0.,1.05735526154777E-16));
#4162=DIRECTION('center_axis',(0.317595348570469,-0.948226341421922,0.));
#4163=DIRECTION('ref_axis',(0.,0.,1.));
#4164=DIRECTION('center_axis',(1.08863384124899E-16,5.74201264285309E-17,
1.));
#4165=DIRECTION('ref_axis',(0.867513542855548,0.49741356330745,-1.21430643318376E-16));
#4166=DIRECTION('center_axis',(-1.08863384124899E-16,-5.74201264285309E-17,
-1.));
#4167=DIRECTION('ref_axis',(0.867175719054724,0.498002281402327,-1.2225670211646E-16));
#4168=DIRECTION('center_axis',(-1.08863384124899E-16,-5.74201264285309E-17,
-1.));
#4169=DIRECTION('ref_axis',(-1.,0.,1.61486985400023E-16));
#4170=DIRECTION('center_axis',(-0.992263430207472,0.124150252004984,0.));
#4171=DIRECTION('ref_axis',(0.,0.,1.));
#4172=DIRECTION('center_axis',(1.08863384124899E-16,5.74201264285309E-17,
1.));
#4173=DIRECTION('ref_axis',(0.773762143925761,-0.63347623840789,-3.96508223080414E-17));
#4174=DIRECTION('center_axis',(1.08863384124899E-16,5.74201264285309E-17,
1.));
#4175=DIRECTION('ref_axis',(1.,0.,-1.09700566025742E-16));
#4176=DIRECTION('center_axis',(-0.999535062819221,0.0304902967347864,0.));
#4177=DIRECTION('ref_axis',(0.,0.,1.));
#4178=DIRECTION('center_axis',(-1.08863384124899E-16,-5.74201264285309E-17,
-1.));
#4179=DIRECTION('ref_axis',(0.0774057103115957,0.996999677036637,-6.55380219822907E-17));
#4180=DIRECTION('center_axis',(-1.08863384124899E-16,-5.74201264285309E-17,
-1.));
#4181=DIRECTION('ref_axis',(-1.,0.,1.61486985400023E-16));
#4182=DIRECTION('center_axis',(0.,1.,0.));
#4183=DIRECTION('ref_axis',(0.,0.,1.));
#4184=DIRECTION('center_axis',(1.08863384124899E-16,5.74201264285309E-17,
1.));
#4185=DIRECTION('ref_axis',(-0.717805787359924,-0.69624338534208,1.18952466924124E-16));
#4186=DIRECTION('center_axis',(-6.66133814775096E-16,1.,-5.74201264285309E-17));
#4187=DIRECTION('ref_axis',(0.707106781186552,0.,0.707106781186543));
#4188=DIRECTION('',(6.66133814775096E-16,-1.,5.74201264285309E-17));
#4189=DIRECTION('center_axis',(-0.707106781186598,0.707106781186497,0.));
#4190=DIRECTION('ref_axis',(-0.707106781186497,-0.707106781186598,8.12043215484004E-17));
#4191=DIRECTION('center_axis',(-1.,-6.66133814775096E-16,1.08863384124899E-16));
#4192=DIRECTION('ref_axis',(0.,0.707106781186552,0.707106781186543));
#4193=DIRECTION('',(1.,6.66133814775096E-16,-1.08863384124899E-16));
#4194=DIRECTION('center_axis',(0.,0.,1.));
#4195=DIRECTION('ref_axis',(-0.16892211725294,-0.985629402109527,0.));
#4196=DIRECTION('',(0.,0.,1.));
#4197=DIRECTION('center_axis',(0.,0.,-1.));
#4198=DIRECTION('ref_axis',(-0.16892211725294,-0.985629402109527,0.));
#4199=DIRECTION('',(0.,0.,1.));
#4200=DIRECTION('center_axis',(0.,0.,1.));
#4201=DIRECTION('ref_axis',(-0.948176250410602,0.317744863305908,0.));
#4202=DIRECTION('',(0.,0.,1.));
#4203=DIRECTION('center_axis',(0.,0.,1.));
#4204=DIRECTION('ref_axis',(-3.94745964311167E-16,1.,0.));
#4205=DIRECTION('center_axis',(0.,0.,1.));
#4206=DIRECTION('ref_axis',(0.948176250410603,-0.317744863305908,0.));
#4207=DIRECTION('',(0.,0.,1.));
#4208=DIRECTION('center_axis',(0.,0.,-1.));
#4209=DIRECTION('ref_axis',(0.65561333407134,-0.755096785973733,0.));
#4210=DIRECTION('center_axis',(0.,0.,1.));
#4211=DIRECTION('ref_axis',(-0.271628092478846,0.962402296015707,0.));
#4212=DIRECTION('',(0.,0.,1.));
#4213=DIRECTION('center_axis',(0.,0.,1.));
#4214=DIRECTION('ref_axis',(-0.226822267457601,0.973936167818709,0.));
#4215=DIRECTION('center_axis',(0.,0.,1.));
#4216=DIRECTION('ref_axis',(0.271628092478956,-0.962402296015676,0.));
#4217=DIRECTION('',(0.,0.,1.));
#4218=DIRECTION('center_axis',(0.,0.,1.));
#4219=DIRECTION('ref_axis',(-0.962402296015698,-0.271628092478876,0.));
#4220=DIRECTION('center_axis',(0.,0.,1.));
#4221=DIRECTION('ref_axis',(-0.271628092478842,0.962402296015708,0.));
#4222=DIRECTION('',(0.,0.,1.));
#4223=DIRECTION('center_axis',(0.,0.,-1.));
#4224=DIRECTION('ref_axis',(1.51897829381886E-15,1.,0.));
#4225=DIRECTION('center_axis',(0.,0.,1.));
#4226=DIRECTION('ref_axis',(0.271628092478892,0.962402296015694,0.));
#4227=DIRECTION('',(0.,0.,1.));
#4228=DIRECTION('center_axis',(0.,0.,1.));
#4229=DIRECTION('ref_axis',(0.962402296015697,-0.271628092478879,0.));
#4230=DIRECTION('center_axis',(0.,0.,1.));
#4231=DIRECTION('ref_axis',(0.181530908470072,0.983385239501809,0.));
#4232=DIRECTION('',(0.,0.,1.));
#4233=DIRECTION('center_axis',(0.,0.,1.));
#4234=DIRECTION('ref_axis',(0.226822267457601,0.973936167818709,0.));
#4235=DIRECTION('center_axis',(0.,0.,1.));
#4236=DIRECTION('ref_axis',(-0.181530908470115,-0.983385239501801,0.));
#4237=DIRECTION('',(0.,0.,1.));
#4238=DIRECTION('center_axis',(0.,0.,-1.));
#4239=DIRECTION('ref_axis',(-0.65561333407134,-0.755096785973733,0.));
#4240=DIRECTION('center_axis',(0.,0.,1.));
#4241=DIRECTION('ref_axis',(0.731866607454403,0.681447920895781,0.));
#4242=DIRECTION('',(0.,0.,1.));
#4243=DIRECTION('center_axis',(0.,0.,1.));
#4244=DIRECTION('ref_axis',(-3.94745964311167E-16,1.,0.));
#4245=DIRECTION('center_axis',(0.,0.,1.));
#4246=DIRECTION('ref_axis',(0.993369448784985,0.114965813269053,0.));
#4247=DIRECTION('',(0.,0.,1.));
#4248=DIRECTION('center_axis',(0.,0.,-1.));
#4249=DIRECTION('ref_axis',(0.993369448784985,0.114965813269053,0.));
#4250=DIRECTION('center_axis',(0.,0.,1.));
#4251=DIRECTION('ref_axis',(-0.948226341421921,0.31759534857047,0.));
#4252=DIRECTION('center_axis',(0.,0.,-1.));
#4253=DIRECTION('ref_axis',(-0.675261566538163,0.7375783461819,0.));
#4254=DIRECTION('',(0.,0.,1.));
#4255=DIRECTION('center_axis',(0.,0.,1.));
#4256=DIRECTION('ref_axis',(0.124150252004998,-0.99226343020747,0.));
#4257=DIRECTION('center_axis',(0.,0.,-1.));
#4258=DIRECTION('ref_axis',(-0.773762143925757,-0.633476238407895,0.));
#4259=DIRECTION('',(0.,0.,1.));
#4260=DIRECTION('center_axis',(0.,0.,1.));
#4261=DIRECTION('ref_axis',(-0.124150252004991,0.992263430207471,0.));
#4262=DIRECTION('center_axis',(0.,0.,1.));
#4263=DIRECTION('ref_axis',(-0.0774057103116226,0.996999677036634,0.));
#4264=DIRECTION('',(0.,0.,1.));
#4265=DIRECTION('center_axis',(0.,0.,1.));
#4266=DIRECTION('ref_axis',(1.,6.66133814775096E-16,0.));
#4267=DIRECTION('center_axis',(0.,0.,-1.));
#4268=DIRECTION('ref_axis',(0.717805787359927,-0.696243385342077,0.));
#4269=DIRECTION('',(0.,0.,1.));
#4270=DIRECTION('center_axis',(-6.66133814775096E-16,1.,0.));
#4271=DIRECTION('ref_axis',(-1.,-6.66133814775096E-16,1.08863384124899E-16));
#4272=DIRECTION('',(0.,0.,1.));
#4273=DIRECTION('',(-1.,-6.66133814775096E-16,0.));
#4274=DIRECTION('',(0.,0.,1.));
#4275=DIRECTION('center_axis',(0.,0.,1.));
#4276=DIRECTION('ref_axis',(-0.0304902967348035,-0.999535062819221,0.));
#4277=DIRECTION('',(0.,0.,1.));
#4278=DIRECTION('center_axis',(0.,0.,-1.));
#4279=DIRECTION('ref_axis',(-0.717805787359927,-0.696243385342077,0.));
#4280=DIRECTION('',(0.,0.,1.));
#4281=DIRECTION('center_axis',(0.,0.,1.));
#4282=DIRECTION('ref_axis',(0.0304902967347853,0.999535062819221,0.));
#4283=DIRECTION('center_axis',(0.,0.,1.));
#4284=DIRECTION('ref_axis',(0.0774057103116227,0.996999677036634,0.));
#4285=DIRECTION('',(0.,0.,1.));
#4286=DIRECTION('center_axis',(0.,0.,1.));
#4287=DIRECTION('ref_axis',(0.948226341421921,0.317595348570471,0.));
#4288=DIRECTION('center_axis',(0.,0.,-1.));
#4289=DIRECTION('ref_axis',(0.773762143925757,-0.633476238407895,0.));
#4290=DIRECTION('',(0.,0.,1.));
#4291=DIRECTION('center_axis',(0.,0.,1.));
#4292=DIRECTION('ref_axis',(0.732170697211992,0.681121186092538,0.));
#4293=DIRECTION('center_axis',(0.,0.,-1.));
#4294=DIRECTION('ref_axis',(0.675261566538163,0.737578346181899,0.));
#4295=DIRECTION('center_axis',(0.,0.,1.));
#4296=DIRECTION('ref_axis',(0.607248196211908,0.794512195121877,0.));
#4297=DIRECTION('',(0.,0.,1.));
#4298=DIRECTION('center_axis',(0.,0.,-1.));
#4299=DIRECTION('ref_axis',(0.607248196211908,0.794512195121877,0.));
#4300=DIRECTION('',(0.,0.,1.));
#4301=DIRECTION('center_axis',(0.,0.,1.));
#4302=DIRECTION('ref_axis',(0.0180728629824947,0.999836672473868,0.));
#4303=DIRECTION('center_axis',(0.,0.,1.));
#4304=DIRECTION('ref_axis',(-3.94745964311167E-16,1.,0.));
#4305=DIRECTION('',(0.,0.,1.));
#4306=DIRECTION('center_axis',(0.,0.,1.));
#4307=DIRECTION('ref_axis',(-0.991100120679324,-0.13311855914721,0.));
#4308=DIRECTION('center_axis',(0.,0.,-1.));
#4309=DIRECTION('ref_axis',(-0.991100120679324,-0.13311855914721,0.));
#4310=DIRECTION('',(0.,0.,1.));
#4311=DIRECTION('center_axis',(0.,0.,1.));
#4312=DIRECTION('ref_axis',(0.232876712328768,0.972506265715005,0.));
#4313=DIRECTION('center_axis',(0.,0.,-1.));
#4314=DIRECTION('ref_axis',(0.675261566538163,0.737578346181899,0.));
#4315=DIRECTION('center_axis',(0.,0.,1.));
#4316=DIRECTION('ref_axis',(-0.431800812806946,0.901968989521958,0.));
#4317=DIRECTION('center_axis',(0.,0.,1.));
#4318=DIRECTION('ref_axis',(-3.94745964311167E-16,1.,0.));
#4319=DIRECTION('center_axis',(0.,0.,1.));
#4320=DIRECTION('ref_axis',(1.,0.,0.));
#4321=DIRECTION('center_axis',(0.,0.,1.));
#4322=DIRECTION('ref_axis',(-3.94745964311167E-16,1.,0.));
#4323=DIRECTION('center_axis',(0.,0.,-1.));
#4324=DIRECTION('ref_axis',(-1.,-6.66133814775096E-16,0.));
#4325=DIRECTION('center_axis',(0.,0.,-1.));
#4326=DIRECTION('ref_axis',(0.675261566538163,0.737578346181899,0.));
#4327=DIRECTION('center_axis',(0.,0.,1.));
#4328=DIRECTION('ref_axis',(1.,0.,0.));
#4329=DIRECTION('center_axis',(0.,0.,1.));
#4330=DIRECTION('ref_axis',(-3.94745964311167E-16,1.,0.));
#4331=DIRECTION('center_axis',(0.,0.,-1.));
#4332=DIRECTION('ref_axis',(-1.,-6.66133814775096E-16,0.));
#4333=DIRECTION('center_axis',(0.,0.,1.));
#4334=DIRECTION('ref_axis',(-3.94745964311167E-16,1.,0.));
#4335=DIRECTION('center_axis',(0.,0.,1.));
#4336=DIRECTION('ref_axis',(1.,0.,0.));
#4337=DIRECTION('center_axis',(0.,0.,-1.));
#4338=DIRECTION('ref_axis',(-0.675261566538163,0.7375783461819,0.));
#4339=DIRECTION('center_axis',(0.,0.,-1.));
#4340=DIRECTION('ref_axis',(-1.,-6.66133814775096E-16,0.));
#4341=DIRECTION('center_axis',(0.,0.,1.));
#4342=DIRECTION('ref_axis',(-3.94745964311167E-16,1.,0.));
#4343=DIRECTION('center_axis',(0.,0.,1.));
#4344=DIRECTION('ref_axis',(1.,0.,0.));
#4345=DIRECTION('',(6.66133814775096E-16,-1.,0.));
#4346=DIRECTION('',(-1.,-6.66133814775096E-16,0.));
#4347=DIRECTION('',(6.66133814775095E-16,1.,0.));
#4348=DIRECTION('center_axis',(0.,0.,1.));
#4349=DIRECTION('ref_axis',(1.,0.,0.));
#4350=DIRECTION('center_axis',(0.,0.,1.));
#4351=DIRECTION('ref_axis',(1.,0.,0.));
#4352=DIRECTION('center_axis',(0.,0.,1.));
#4353=DIRECTION('ref_axis',(1.,0.,0.));
#4354=DIRECTION('center_axis',(0.,0.,1.));
#4355=DIRECTION('ref_axis',(1.,-6.90741480000101E-14,0.));
#4356=DIRECTION('center_axis',(0.,0.,1.));
#4357=DIRECTION('ref_axis',(1.,0.,0.));
#4358=DIRECTION('center_axis',(0.,0.,1.));
#4359=DIRECTION('ref_axis',(1.,0.,0.));
#4360=DIRECTION('center_axis',(0.,0.,1.));
#4361=DIRECTION('ref_axis',(1.,-3.45370740000048E-14,0.));
#4362=DIRECTION('center_axis',(0.,0.,1.));
#4363=DIRECTION('ref_axis',(1.,0.,0.));
#4364=DIRECTION('center_axis',(0.,0.,1.));
#4365=DIRECTION('ref_axis',(1.,0.,0.));
#4366=DIRECTION('center_axis',(0.,0.,-1.));
#4367=DIRECTION('ref_axis',(0.675261566538163,0.737578346181899,0.));
#4368=DIRECTION('center_axis',(0.,0.,-1.));
#4369=DIRECTION('ref_axis',(-1.,-6.66133814775096E-16,0.));
#4370=DIRECTION('center_axis',(0.,0.,1.));
#4371=DIRECTION('ref_axis',(-3.94745964311167E-16,1.,0.));
#4372=DIRECTION('center_axis',(0.,0.,1.));
#4373=DIRECTION('ref_axis',(1.,0.,0.));
#4374=DIRECTION('',(6.66133814775095E-16,1.,0.));
#4375=DIRECTION('',(1.,6.66133814775096E-16,0.));
#4376=DIRECTION('',(6.66133814775096E-16,-1.,0.));
#4377=DIRECTION('center_axis',(0.,0.,1.));
#4378=DIRECTION('ref_axis',(1.,0.,0.));
#4379=DIRECTION('center_axis',(0.,0.,1.));
#4380=DIRECTION('ref_axis',(1.,0.,0.));
#4381=DIRECTION('center_axis',(0.,0.,-1.));
#4382=DIRECTION('ref_axis',(-1.,-6.66133814775096E-16,0.));
#4383=DIRECTION('center_axis',(0.,0.,1.));
#4384=DIRECTION('ref_axis',(-1.,-6.66133814775096E-16,0.));
#4385=DIRECTION('center_axis',(0.,0.,-1.));
#4386=DIRECTION('ref_axis',(-1.,-6.66133814775096E-16,0.));
#4387=DIRECTION('center_axis',(0.,0.,1.));
#4388=DIRECTION('ref_axis',(1.,0.,0.));
#4389=DIRECTION('center_axis',(-0.972506265715004,-0.232876712328771,0.));
#4390=DIRECTION('ref_axis',(0.,0.,-1.));
#4391=DIRECTION('center_axis',(0.,0.,1.));
#4392=DIRECTION('ref_axis',(-0.675261566538163,0.7375783461819,0.));
#4393=DIRECTION('center_axis',(-0.317595348570469,-0.948226341421922,0.));
#4394=DIRECTION('ref_axis',(0.,0.,-1.));
#4395=DIRECTION('center_axis',(0.,0.,-1.));
#4396=DIRECTION('ref_axis',(-0.675261566538163,0.7375783461819,0.));
#4397=DIRECTION('center_axis',(0.,0.,1.));
#4398=DIRECTION('ref_axis',(1.,0.,0.));
#4399=DIRECTION('center_axis',(0.,0.,1.));
#4400=DIRECTION('ref_axis',(-3.94745964311167E-16,1.,0.));
#4401=DIRECTION('center_axis',(0.,0.,1.));
#4402=DIRECTION('ref_axis',(-1.,-6.66133814775096E-16,0.));
#4403=DIRECTION('center_axis',(1.08863384124899E-16,5.74201264285309E-17,
1.));
#4404=DIRECTION('ref_axis',(-1.,-6.66133814775096E-16,1.08863384124899E-16));
#4405=DIRECTION('center_axis',(0.,0.,-1.));
#4406=DIRECTION('ref_axis',(-1.,-6.66133814775096E-16,0.));
#4407=DIRECTION('center_axis',(0.,0.,1.));
#4408=DIRECTION('ref_axis',(-1.,-6.66133814775096E-16,0.));
#4409=DIRECTION('center_axis',(0.,0.,-1.));
#4410=DIRECTION('ref_axis',(-1.,0.,0.));
#4411=DIRECTION('center_axis',(-0.317744863305909,-0.948176250410602,0.));
#4412=DIRECTION('ref_axis',(-0.948176250410602,0.317744863305909,0.));
#4413=DIRECTION('center_axis',(0.,0.,-1.));
#4414=DIRECTION('ref_axis',(-3.94745964311167E-16,1.,0.));
#4415=DIRECTION('center_axis',(-0.317744863305912,0.948176250410601,0.));
#4416=DIRECTION('ref_axis',(0.948176250410601,0.317744863305912,0.));
#4417=DIRECTION('center_axis',(0.,0.,1.));
#4418=DIRECTION('ref_axis',(-1.,-6.66133814775096E-16,0.));
#4419=DIRECTION('center_axis',(1.08863384124899E-16,5.74201264285309E-17,
1.));
#4420=DIRECTION('ref_axis',(-1.,-6.66133814775096E-16,1.08863384124899E-16));
#4421=DIRECTION('center_axis',(0.,0.,-1.));
#4422=DIRECTION('ref_axis',(-1.,-6.66133814775096E-16,0.));
#4423=DIRECTION('center_axis',(0.,0.,1.));
#4424=DIRECTION('ref_axis',(-1.,-6.66133814775096E-16,0.));
#4425=DIRECTION('center_axis',(0.,0.,1.));
#4426=DIRECTION('ref_axis',(1.,0.,0.));
#4427=DIRECTION('center_axis',(0.317595348570471,-0.948226341421921,0.));
#4428=DIRECTION('ref_axis',(-0.948226341421921,-0.317595348570471,0.));
#4429=DIRECTION('center_axis',(0.,0.,1.));
#4430=DIRECTION('ref_axis',(0.675261566538163,0.737578346181899,0.));
#4431=DIRECTION('center_axis',(0.972506265715005,-0.232876712328769,0.));
#4432=DIRECTION('ref_axis',(-0.232876712328769,-0.972506265715005,0.));
#4433=DIRECTION('center_axis',(0.,0.,1.));
#4434=DIRECTION('ref_axis',(-1.,-6.66133814775096E-16,0.));
#4435=DIRECTION('center_axis',(1.08863384124899E-16,5.74201264285309E-17,
1.));
#4436=DIRECTION('ref_axis',(-1.,-6.66133814775096E-16,1.08863384124899E-16));
#4437=DIRECTION('center_axis',(-1.08863384124899E-16,-5.74201264285309E-17,
-1.));
#4438=DIRECTION('ref_axis',(-1.,-6.66133814775096E-16,1.08863384124899E-16));
#4439=DIRECTION('center_axis',(-1.08863384124899E-16,-5.74201264285309E-17,
-1.));
#4440=DIRECTION('ref_axis',(-1.,-6.66133814775096E-16,1.08863384124899E-16));
#4441=DIRECTION('center_axis',(-1.08863384124899E-16,-5.74201264285309E-17,
-1.));
#4442=DIRECTION('ref_axis',(-1.,-6.66133814775096E-16,1.08863384124899E-16));
#4443=DIRECTION('center_axis',(-0.816496580927732,0.408248290463857,-0.408248290463857));
#4444=DIRECTION('ref_axis',(0.577350269189626,0.577350269189626,-0.577350269189626));
#4445=DIRECTION('center_axis',(1.,0.,0.));
#4446=DIRECTION('ref_axis',(0.,1.,0.));
#4447=DIRECTION('center_axis',(0.,0.,-1.));
#4448=DIRECTION('ref_axis',(1.,0.,0.));
#4449=DIRECTION('center_axis',(2.22044604925031E-14,1.,0.));
#4450=DIRECTION('ref_axis',(0.,0.,-1.));
#4451=DIRECTION('center_axis',(-5.66554335694422E-77,8.50511298372844E-62,
-1.));
#4452=DIRECTION('ref_axis',(0.707106781186532,0.707106781186563,0.));
#4453=DIRECTION('center_axis',(0.,0.,-1.));
#4454=DIRECTION('ref_axis',(2.44249065417534E-13,1.,0.));
#4455=DIRECTION('',(-5.66554335694422E-77,8.50511298372844E-62,-1.));
#4456=DIRECTION('',(5.66554335694422E-77,-8.50511298372844E-62,1.));
#4457=DIRECTION('center_axis',(-0.816496580927732,-0.408248290463857,-0.408248290463857));
#4458=DIRECTION('ref_axis',(0.57735026918962,-0.577350269189638,-0.57735026918962));
#4459=DIRECTION('center_axis',(0.,-1.,2.22044604925031E-14));
#4460=DIRECTION('ref_axis',(1.,0.,0.));
#4461=DIRECTION('center_axis',(0.,0.,-1.));
#4462=DIRECTION('ref_axis',(0.,-1.,0.));
#4463=DIRECTION('center_axis',(1.,0.,0.));
#4464=DIRECTION('ref_axis',(0.,0.,-1.));
#4465=DIRECTION('center_axis',(-5.66554335694422E-77,8.50511298372844E-62,
-1.));
#4466=DIRECTION('ref_axis',(0.707106781186532,-0.707106781186563,0.));
#4467=DIRECTION('center_axis',(0.,0.,-1.));
#4468=DIRECTION('ref_axis',(1.,0.,0.));
#4469=DIRECTION('',(-5.66554335694422E-77,8.50511298372844E-62,-1.));
#4470=DIRECTION('',(5.66554335694422E-77,-8.50511298372844E-62,1.));
#4471=DIRECTION('center_axis',(1.,6.66133814775096E-16,0.));
#4472=DIRECTION('ref_axis',(0.,0.,-1.));
#4473=DIRECTION('center_axis',(-1.,-6.66133814775096E-16,0.));
#4474=DIRECTION('ref_axis',(-5.20417042793041E-16,0.707106781186549,0.707106781186546));
#4475=DIRECTION('center_axis',(1.,6.66133814775096E-16,0.));
#4476=DIRECTION('ref_axis',(-4.71027737605135E-16,0.707106781186549,0.707106781186546));
#4477=DIRECTION('center_axis',(1.,-6.66133814775095E-16,1.27678745547544E-46));
#4478=DIRECTION('ref_axis',(0.,-0.70710678118654,-0.707106781186555));
#4479=DIRECTION('center_axis',(1.,0.,0.));
#4480=DIRECTION('ref_axis',(0.,-1.,0.));
#4481=DIRECTION('',(1.,-6.66133814775095E-16,1.27678745547544E-46));
#4482=DIRECTION('',(-1.,6.66133814775095E-16,-1.27678745547544E-46));
#4483=DIRECTION('center_axis',(-6.66133814775096E-16,1.,-8.50511298372844E-62));
#4484=DIRECTION('ref_axis',(0.70710678118654,0.,-0.707106781186555));
#4485=DIRECTION('',(6.66133814775096E-16,-1.,8.50511298372844E-62));
#4486=DIRECTION('',(-6.66133814775096E-16,1.,-8.50511298372844E-62));
#4487=DIRECTION('center_axis',(-1.,6.66133814775095E-16,-1.27678745547544E-46));
#4488=DIRECTION('ref_axis',(0.,0.70710678118654,-0.707106781186555));
#4489=DIRECTION('center_axis',(1.,0.,0.));
#4490=DIRECTION('ref_axis',(0.,0.,-1.));
#4491=DIRECTION('',(1.,-6.66133814775095E-16,1.27678745547544E-46));
#4492=DIRECTION('',(-1.,6.66133814775095E-16,-1.27678745547544E-46));
#4493=DIRECTION('center_axis',(7.05209588203477E-16,-1.,9.00402755699201E-62));
#4494=DIRECTION('ref_axis',(-0.707106781186555,0.,-0.70710678118654));
#4495=DIRECTION('center_axis',(0.,-1.,0.));
#4496=DIRECTION('ref_axis',(-1.,0.,0.));
#4497=DIRECTION('',(7.05209588203477E-16,-1.,9.00402755699201E-62));
#4498=DIRECTION('center_axis',(0.,1.,0.));
#4499=DIRECTION('ref_axis',(0.,0.,-1.));
#4500=DIRECTION('',(-7.05209588203477E-16,1.,-9.00402755699201E-62));
#4501=DIRECTION('center_axis',(-0.816496580927732,0.408248290463857,0.408248290463857));
#4502=DIRECTION('ref_axis',(-0.57735026918962,-0.577350269189638,-0.57735026918962));
#4503=DIRECTION('center_axis',(-5.99788722487918E-77,8.50511298372844E-62,
-1.));
#4504=DIRECTION('ref_axis',(-0.707106781186547,-0.707106781186547,0.));
#4505=DIRECTION('center_axis',(1.,0.,0.));
#4506=DIRECTION('ref_axis',(0.,0.422680227162662,0.906278889506823));
#4507=DIRECTION('center_axis',(-0.408248290463863,-0.816496580927726,-0.408248290463863));
#4508=DIRECTION('ref_axis',(-0.577350269189626,0.577350269189626,-0.577350269189626));
#4509=DIRECTION('center_axis',(-5.99788722487918E-77,8.50511298372844E-62,
-1.));
#4510=DIRECTION('ref_axis',(-0.707106781186525,0.70710678118657,0.));
#4511=DIRECTION('center_axis',(-6.66133814775095E-16,-1.,-8.50511298372844E-62));
#4512=DIRECTION('ref_axis',(-1.,6.66133814775095E-16,-1.08863384124899E-16));
#4513=DIRECTION('',(-5.99788722487918E-77,8.50511298372844E-62,-1.));
#4514=DIRECTION('center_axis',(-5.99788722487918E-77,8.50511298372844E-62,
-1.));
#4515=DIRECTION('ref_axis',(-0.707106781186532,0.707106781186563,0.));
#4516=DIRECTION('',(5.99788722487918E-77,-8.50511298372844E-62,1.));
#4517=DIRECTION('center_axis',(0.,0.,-1.));
#4518=DIRECTION('ref_axis',(-1.,0.,0.));
#4519=DIRECTION('center_axis',(-1.,-7.05209588203477E-16,0.));
#4520=DIRECTION('ref_axis',(-7.05209588203477E-16,1.,0.));
#4521=DIRECTION('',(-5.99788722487918E-77,8.50511298372844E-62,-1.));
#4522=DIRECTION('',(-7.05209588203477E-16,1.,0.));
#4523=DIRECTION('',(0.,0.,-1.));
#4524=DIRECTION('',(7.05209588203477E-16,-1.,0.));
#4525=DIRECTION('',(0.,0.,1.));
#4526=DIRECTION('center_axis',(-1.27678745547544E-46,-7.55405780925892E-77,
1.));
#4527=DIRECTION('ref_axis',(1.,1.18329135783152E-30,1.27678745547544E-46));
#4528=DIRECTION('center_axis',(-0.408248290463863,-0.816496580927726,-0.408248290463863));
#4529=DIRECTION('ref_axis',(-0.577350269189626,0.577350269189626,-0.577350269189626));
#4530=DIRECTION('center_axis',(0.,1.,0.));
#4531=DIRECTION('ref_axis',(-1.,0.,0.));
#4532=DIRECTION('center_axis',(0.,0.,-1.));
#4533=DIRECTION('ref_axis',(0.,1.,0.));
#4534=DIRECTION('center_axis',(-1.,0.,0.));
#4535=DIRECTION('ref_axis',(0.,0.,-1.));
#4536=DIRECTION('center_axis',(0.,0.,-1.));
#4537=DIRECTION('ref_axis',(-0.707106781186532,0.707106781186563,0.));
#4538=DIRECTION('center_axis',(0.,0.,-1.));
#4539=DIRECTION('ref_axis',(-1.,0.,0.));
#4540=DIRECTION('',(0.,0.,-1.));
#4541=DIRECTION('',(0.,0.,1.));
#4542=DIRECTION('center_axis',(1.,6.66133814775096E-16,0.));
#4543=DIRECTION('ref_axis',(0.,0.707106781186555,-0.70710678118654));
#4544=DIRECTION('center_axis',(-1.,0.,0.));
#4545=DIRECTION('ref_axis',(0.,1.,0.));
#4546=DIRECTION('',(-1.,-6.66133814775096E-16,0.));
#4547=DIRECTION('',(1.,6.66133814775096E-16,0.));
#4548=DIRECTION('center_axis',(0.408248290463863,-0.816496580927726,0.408248290463863));
#4549=DIRECTION('ref_axis',(-0.577350269189626,-0.577350269189626,-0.577350269189626));
#4550=DIRECTION('center_axis',(-1.,0.,0.));
#4551=DIRECTION('ref_axis',(0.,-1.,0.));
#4552=DIRECTION('center_axis',(0.,0.,-1.));
#4553=DIRECTION('ref_axis',(-1.,0.,0.));
#4554=DIRECTION('center_axis',(0.,-1.,0.));
#4555=DIRECTION('ref_axis',(0.,0.,-1.));
#4556=DIRECTION('center_axis',(0.,0.,-1.));
#4557=DIRECTION('ref_axis',(-0.707106781186532,-0.707106781186563,0.));
#4558=DIRECTION('center_axis',(0.,0.,-1.));
#4559=DIRECTION('ref_axis',(0.,-1.,0.));
#4560=DIRECTION('',(0.,0.,-1.));
#4561=DIRECTION('',(0.,0.,1.));
#4562=DIRECTION('center_axis',(1.,6.66133814775096E-16,0.));
#4563=DIRECTION('ref_axis',(0.,0.,-1.));
#4564=DIRECTION('center_axis',(-1.,-6.66133814775096E-16,0.));
#4565=DIRECTION('ref_axis',(-4.71027737605135E-16,0.707106781186549,0.707106781186546));
#4566=DIRECTION('center_axis',(1.,6.66133814775096E-16,0.));
#4567=DIRECTION('ref_axis',(-5.20417042793041E-16,0.707106781186549,0.707106781186546));
#4568=DIRECTION('center_axis',(-6.66133814775096E-16,1.,0.));
#4569=DIRECTION('ref_axis',(-0.70710678118654,0.,-0.707106781186555));
#4570=DIRECTION('',(6.66133814775096E-16,-1.,0.));
#4571=DIRECTION('',(-6.66133814775096E-16,1.,0.));
#4572=DIRECTION('center_axis',(-1.,-6.66133814775096E-16,0.));
#4573=DIRECTION('ref_axis',(0.,-0.707106781186555,-0.70710678118654));
#4574=DIRECTION('center_axis',(-1.,0.,0.));
#4575=DIRECTION('ref_axis',(0.,0.,-1.));
#4576=DIRECTION('',(-1.,-6.66133814775096E-16,0.));
#4577=DIRECTION('',(1.,6.66133814775096E-16,0.));
#4578=DIRECTION('center_axis',(7.05209588203477E-16,-1.,0.));
#4579=DIRECTION('ref_axis',(0.707106781186555,0.,-0.70710678118654));
#4580=DIRECTION('center_axis',(0.,-1.,0.));
#4581=DIRECTION('ref_axis',(0.,0.,-1.));
#4582=DIRECTION('',(7.05209588203477E-16,-1.,0.));
#4583=DIRECTION('center_axis',(0.,1.,0.));
#4584=DIRECTION('ref_axis',(1.,0.,0.));
#4585=DIRECTION('',(-7.05209588203477E-16,1.,0.));
#4586=DIRECTION('center_axis',(-0.40824829046386,0.40824829046386,-0.816496580927729));
#4587=DIRECTION('ref_axis',(0.577350269189638,-0.57735026918962,-0.57735026918962));
#4588=DIRECTION('center_axis',(0.,0.,-1.));
#4589=DIRECTION('ref_axis',(0.707106781186547,-0.707106781186547,0.));
#4590=DIRECTION('center_axis',(-1.,0.,0.));
#4591=DIRECTION('ref_axis',(0.,-0.42268022715882,-0.906278889508615));
#4592=DIRECTION('center_axis',(0.408248290463863,-0.816496580927726,-0.408248290463863));
#4593=DIRECTION('ref_axis',(0.577350269189626,0.577350269189626,-0.577350269189626));
#4594=DIRECTION('center_axis',(0.,0.,-1.));
#4595=DIRECTION('ref_axis',(0.707106781186547,0.707106781186547,0.));
#4596=DIRECTION('center_axis',(1.,6.66133814775096E-16,0.));
#4597=DIRECTION('ref_axis',(6.66133814775096E-16,-1.,5.74201264285309E-17));
#4598=DIRECTION('',(0.,0.,-1.));
#4599=DIRECTION('',(6.66133814775096E-16,-1.,5.74201264285309E-17));
#4600=DIRECTION('',(0.,0.,-1.));
#4601=DIRECTION('',(-7.05209588203477E-16,1.,0.));
#4602=DIRECTION('center_axis',(1.,6.66133814775096E-16,0.));
#4603=DIRECTION('ref_axis',(0.,0.707106781186555,0.70710678118654));
#4604=DIRECTION('',(1.,6.66133814775096E-16,0.));
#4605=DIRECTION('center_axis',(6.66133814775096E-16,-1.,0.));
#4606=DIRECTION('ref_axis',(-1.,-6.66133814775096E-16,1.08863384124899E-16));
#4607=DIRECTION('',(0.,0.,-1.));
#4608=DIRECTION('center_axis',(0.,0.,-1.));
#4609=DIRECTION('ref_axis',(0.707106781186548,-0.707106781186548,0.));
#4610=DIRECTION('',(0.,0.,1.));
#4611=DIRECTION('center_axis',(0.,0.,-1.));
#4612=DIRECTION('ref_axis',(1.,0.,0.));
#4613=DIRECTION('center_axis',(1.,7.05209588203477E-16,0.));
#4614=DIRECTION('ref_axis',(7.05209588203477E-16,-1.,0.));
#4615=DIRECTION('',(0.,0.,-1.));
#4616=DIRECTION('',(0.,0.,-1.));
#4617=DIRECTION('',(-7.05209588203477E-16,1.,0.));
#4618=DIRECTION('',(0.,0.,1.));
#4619=DIRECTION('',(7.05209588203477E-16,-1.,0.));
#4620=DIRECTION('center_axis',(0.,0.,-1.));
#4621=DIRECTION('ref_axis',(-1.,0.,0.));
#4622=DIRECTION('center_axis',(-2.77555756156289E-15,0.,1.));
#4623=DIRECTION('ref_axis',(1.,0.,2.77555756156289E-15));
#4624=DIRECTION('center_axis',(0.,0.,-1.));
#4625=DIRECTION('ref_axis',(0.707106781186548,0.707106781186548,0.));
#4626=DIRECTION('',(0.,0.,1.));
#4627=DIRECTION('center_axis',(-6.66133814775096E-16,1.,0.));
#4628=DIRECTION('ref_axis',(1.,6.66133814775096E-16,-1.08863384124899E-16));
#4629=DIRECTION('center_axis',(0.,0.,1.));
#4630=DIRECTION('ref_axis',(1.,0.,0.));
#4631=DIRECTION('center_axis',(-0.99226343020747,0.124150252005003,0.));
#4632=DIRECTION('ref_axis',(0.,0.,1.));
#4633=DIRECTION('center_axis',(0.,0.,1.));
#4634=DIRECTION('ref_axis',(0.0774057103116227,0.996999677036634,0.));
#4635=DIRECTION('center_axis',(0.999535062819221,-0.0304902967348133,0.));
#4636=DIRECTION('ref_axis',(0.0304902967348133,0.999535062819221,0.));
#4637=DIRECTION('center_axis',(0.,0.,-1.));
#4638=DIRECTION('ref_axis',(0.0774057103116227,0.996999677036634,0.));
#4639=DIRECTION('center_axis',(0.,0.,1.));
#4640=DIRECTION('ref_axis',(1.,0.,0.));
#4641=DIRECTION('center_axis',(0.,-1.,0.));
#4642=DIRECTION('ref_axis',(1.,0.,0.));
#4643=DIRECTION('center_axis',(0.,0.,1.));
#4644=DIRECTION('ref_axis',(-0.717805787359927,-0.696243385342077,0.));
#4645=DIRECTION('center_axis',(0.,0.,-1.));
#4646=DIRECTION('ref_axis',(-0.717805787359926,-0.696243385342077,0.));
#4647=DIRECTION('center_axis',(-7.05209588203477E-16,1.,0.));
#4648=DIRECTION('ref_axis',(0.707106781186546,0.,0.707106781186549));
#4649=DIRECTION('center_axis',(0.,-1.,0.));
#4650=DIRECTION('ref_axis',(1.,0.,0.));
#4651=DIRECTION('',(7.05209588203477E-16,-1.,0.));
#4652=DIRECTION('center_axis',(0.,0.,1.));
#4653=DIRECTION('ref_axis',(1.,0.,0.));
#4654=DIRECTION('center_axis',(-0.972506265715006,0.232876712328763,0.));
#4655=DIRECTION('ref_axis',(-0.232876712328763,-0.972506265715006,0.));
#4656=DIRECTION('center_axis',(0.,0.,1.));
#4657=DIRECTION('ref_axis',(-0.619323537285328,0.785135883885324,0.));
#4658=DIRECTION('center_axis',(0.,0.,-1.));
#4659=DIRECTION('ref_axis',(-0.619323537285328,0.785135883885324,0.));
#4660=DIRECTION('center_axis',(0.,0.,-1.));
#4661=DIRECTION('ref_axis',(-1.,0.,0.));
#4662=DIRECTION('center_axis',(-0.317595348570476,0.948226341421919,0.));
#4663=DIRECTION('ref_axis',(-0.948226341421919,-0.317595348570477,0.));
#4664=DIRECTION('center_axis',(0.,0.,1.));
#4665=DIRECTION('ref_axis',(0.675261566538163,0.737578346181899,0.));
#4666=DIRECTION('center_axis',(0.,0.,-1.));
#4667=DIRECTION('ref_axis',(0.675261566538163,0.737578346181899,0.));
#4668=DIRECTION('center_axis',(0.,0.,1.));
#4669=DIRECTION('ref_axis',(1.,0.,0.));
#4670=DIRECTION('center_axis',(0.,0.,-1.));
#4671=DIRECTION('ref_axis',(0.773762143925757,-0.633476238407895,0.));
#4672=DIRECTION('center_axis',(0.,0.,1.));
#4673=DIRECTION('ref_axis',(0.773762143925757,-0.633476238407895,0.));
#4674=DIRECTION('center_axis',(0.,0.,-1.));
#4675=DIRECTION('ref_axis',(-0.717805787359939,-0.696243385342064,0.));
#4676=DIRECTION('',(0.,0.,-1.));
#4677=DIRECTION('center_axis',(0.,0.,1.));
#4678=DIRECTION('ref_axis',(-0.717805787359926,-0.696243385342077,0.));
#4679=DIRECTION('center_axis',(0.,0.,-1.));
#4680=DIRECTION('ref_axis',(0.159222168495642,0.98724277716251,0.));
#4681=DIRECTION('',(0.,0.,1.));
#4682=DIRECTION('center_axis',(0.,0.,-1.));
#4683=DIRECTION('ref_axis',(0.0774057103116227,0.996999677036634,0.));
#4684=DIRECTION('center_axis',(0.,0.,1.));
#4685=DIRECTION('ref_axis',(1.,0.,0.));
#4686=DIRECTION('center_axis',(0.,0.,1.));
#4687=DIRECTION('ref_axis',(1.51897829381886E-15,1.,0.));
#4688=DIRECTION('center_axis',(0.,0.,-1.));
#4689=DIRECTION('ref_axis',(0.962402296015697,-0.271628092478879,0.));
#4690=DIRECTION('center_axis',(0.,0.,-1.));
#4691=DIRECTION('ref_axis',(0.226822267457601,0.973936167818709,0.));
#4692=DIRECTION('center_axis',(0.,0.,1.));
#4693=DIRECTION('ref_axis',(-0.65561333407134,-0.755096785973733,0.));
#4694=DIRECTION('center_axis',(0.,0.,-1.));
#4695=DIRECTION('ref_axis',(-3.94745964311167E-16,1.,0.));
#4696=DIRECTION('center_axis',(0.,0.,1.));
#4697=DIRECTION('ref_axis',(0.65561333407134,-0.755096785973733,0.));
#4698=DIRECTION('center_axis',(0.,0.,-1.));
#4699=DIRECTION('ref_axis',(-0.226822267457601,0.973936167818709,0.));
#4700=DIRECTION('center_axis',(0.,0.,-1.));
#4701=DIRECTION('ref_axis',(-0.962402296015698,-0.271628092478876,0.));
#4702=DIRECTION('center_axis',(0.,0.,-1.));
#4703=DIRECTION('ref_axis',(-0.0774057103116226,0.996999677036634,0.));
#4704=DIRECTION('center_axis',(0.,0.,1.));
#4705=DIRECTION('ref_axis',(-0.773762143925757,-0.633476238407895,0.));
#4706=DIRECTION('center_axis',(0.,0.,1.));
#4707=DIRECTION('ref_axis',(-0.675261566538163,0.7375783461819,0.));
#4708=DIRECTION('center_axis',(0.,0.,1.));
#4709=DIRECTION('ref_axis',(0.619323537285334,0.785135883885319,0.));
#4710=DIRECTION('',(-7.05209588203477E-16,1.,0.));
#4711=DIRECTION('center_axis',(0.,0.,1.));
#4712=DIRECTION('ref_axis',(0.717805787359927,-0.696243385342077,0.));
#4713=DIRECTION('center_axis',(0.,0.,-1.));
#4714=DIRECTION('ref_axis',(1.,6.66133814775096E-16,0.));
#4715=DIRECTION('center_axis',(0.,0.,1.));
#4716=DIRECTION('ref_axis',(1.,0.,0.));
#4717=DIRECTION('center_axis',(0.,0.,-1.));
#4718=DIRECTION('ref_axis',(1.,-3.45370740000048E-14,0.));
#4719=DIRECTION('center_axis',(0.,0.,1.));
#4720=DIRECTION('ref_axis',(1.,0.,0.));
#4721=DIRECTION('center_axis',(0.,0.,-1.));
#4722=DIRECTION('ref_axis',(1.,-6.90741480000101E-14,0.));
#4723=DIRECTION('center_axis',(0.,0.,-1.));
#4724=DIRECTION('ref_axis',(1.,0.,0.));
#4725=DIRECTION('center_axis',(0.,0.,-1.));
#4726=DIRECTION('ref_axis',(1.,0.,0.));
#4727=DIRECTION('center_axis',(0.,0.,1.));
#4728=DIRECTION('ref_axis',(1.,0.,0.));
#4729=DIRECTION('center_axis',(-0.999535062819221,-0.0304902967348044,0.));
#4730=DIRECTION('ref_axis',(0.,0.,1.));
#4731=DIRECTION('center_axis',(0.,0.,1.));
#4732=DIRECTION('ref_axis',(-0.0774057103116226,0.996999677036634,0.));
#4733=DIRECTION('center_axis',(0.99226343020747,0.124150252005,0.));
#4734=DIRECTION('ref_axis',(-0.124150252005,0.99226343020747,0.));
#4735=DIRECTION('center_axis',(0.,0.,1.));
#4736=DIRECTION('ref_axis',(1.,0.,0.));
#4737=DIRECTION('center_axis',(-0.317595348570469,-0.948226341421922,0.));
#4738=DIRECTION('ref_axis',(0.948226341421922,-0.317595348570469,0.));
#4739=DIRECTION('center_axis',(0.,0.,-1.));
#4740=DIRECTION('ref_axis',(-0.773762143925757,-0.633476238407895,0.));
#4741=DIRECTION('center_axis',(0.,0.,-1.));
#4742=DIRECTION('ref_axis',(-1.,0.,0.));
#4743=DIRECTION('center_axis',(-0.972506265715004,-0.232876712328771,0.));
#4744=DIRECTION('ref_axis',(0.232876712328771,-0.972506265715004,0.));
#4745=DIRECTION('center_axis',(0.,0.,-1.));
#4746=DIRECTION('ref_axis',(-0.675261566538163,0.7375783461819,0.));
#4747=DIRECTION('center_axis',(0.,0.,1.));
#4748=DIRECTION('ref_axis',(1.,0.,0.));
#4749=DIRECTION('center_axis',(0.,1.,0.));
#4750=DIRECTION('ref_axis',(-1.,0.,0.));
#4751=DIRECTION('center_axis',(0.,0.,-1.));
#4752=DIRECTION('ref_axis',(0.619323537285334,0.785135883885319,0.));
#4753=DIRECTION('center_axis',(7.05209588203477E-16,-1.,0.));
#4754=DIRECTION('ref_axis',(-0.707106781186546,0.,0.707106781186549));
#4755=DIRECTION('center_axis',(0.,1.,0.));
#4756=DIRECTION('ref_axis',(-1.,0.,0.));
#4757=DIRECTION('center_axis',(0.,0.,1.));
#4758=DIRECTION('ref_axis',(1.,0.,0.));
#4759=DIRECTION('center_axis',(0.,0.,-1.));
#4760=DIRECTION('ref_axis',(0.717805787359926,-0.696243385342077,0.));
#4761=DIRECTION('center_axis',(0.,0.,-1.));
#4762=DIRECTION('ref_axis',(0.962104439271807,-0.272681220353513,0.));
#4763=DIRECTION('',(0.,0.,1.));
#4764=DIRECTION('',(0.,0.,-1.));
#4765=DIRECTION('center_axis',(0.,0.,-1.));
#4766=DIRECTION('ref_axis',(-0.773762143925778,-0.63347623840787,0.));
#4767=DIRECTION('',(0.,0.,-1.));
#4768=DIRECTION('center_axis',(0.,0.,1.));
#4769=DIRECTION('ref_axis',(-0.773762143925757,-0.633476238407895,0.));
#4770=DIRECTION('center_axis',(0.,0.,-1.));
#4771=DIRECTION('ref_axis',(0.159222168495642,0.98724277716251,0.));
#4772=DIRECTION('',(0.,0.,1.));
#4773=DIRECTION('center_axis',(0.,0.,-1.));
#4774=DIRECTION('ref_axis',(-0.0774057103116226,0.996999677036634,0.));
#4775=DIRECTION('center_axis',(0.,-1.,0.));
#4776=DIRECTION('ref_axis',(-1.,0.,0.));
#4777=DIRECTION('center_axis',(0.,0.,-1.));
#4778=DIRECTION('ref_axis',(0.,-1.,0.));
#4779=DIRECTION('center_axis',(0.,0.,-1.));
#4780=DIRECTION('ref_axis',(-1.,0.,0.));
#4781=DIRECTION('center_axis',(0.,-1.,0.));
#4782=DIRECTION('ref_axis',(-1.,0.,0.));
#4783=DIRECTION('center_axis',(0.999535062819221,0.0304902967348033,0.));
#4784=DIRECTION('ref_axis',(0.,0.,-1.));
#4785=DIRECTION('center_axis',(0.,0.,1.));
#4786=DIRECTION('ref_axis',(0.717805787359926,-0.696243385342077,0.));
#4787=DIRECTION('center_axis',(0.,0.,-1.));
#4788=DIRECTION('ref_axis',(-1.,0.,0.));
#4789=DIRECTION('center_axis',(0.99226343020747,0.124150252005,0.));
#4790=DIRECTION('ref_axis',(0.,0.,-1.));
#4791=DIRECTION('center_axis',(0.,0.,-1.));
#4792=DIRECTION('ref_axis',(-1.,0.,0.));
#4793=DIRECTION('center_axis',(0.,0.,-1.));
#4794=DIRECTION('ref_axis',(-1.,0.,0.));
#4795=DIRECTION('center_axis',(0.,0.,1.));
#4796=DIRECTION('ref_axis',(0.619323537285334,0.785135883885319,0.));
#4797=DIRECTION('center_axis',(-7.05209588203477E-16,1.,0.));
#4798=DIRECTION('ref_axis',(-0.707106781186547,0.,-0.707106781186548));
#4799=DIRECTION('',(7.05209588203477E-16,-1.,0.));
#4800=DIRECTION('center_axis',(-5.99788722487918E-77,8.50511298372844E-62,
-1.));
#4801=DIRECTION('ref_axis',(-0.707106781186548,-0.707106781186548,0.));
#4802=DIRECTION('',(5.99788722487918E-77,-8.50511298372844E-62,1.));
#4803=DIRECTION('center_axis',(1.,-6.66133814775095E-16,0.));
#4804=DIRECTION('ref_axis',(0.,0.707106781186555,0.70710678118654));
#4805=DIRECTION('',(1.,-6.66133814775095E-16,0.));
#4806=DIRECTION('center_axis',(0.,-1.,0.));
#4807=DIRECTION('ref_axis',(0.,0.,-1.));
#4808=DIRECTION('center_axis',(7.05209588203477E-16,-1.,0.));
#4809=DIRECTION('ref_axis',(0.707106781186547,0.,-0.707106781186548));
#4810=DIRECTION('center_axis',(0.,1.,0.));
#4811=DIRECTION('ref_axis',(1.,0.,0.));
#4812=DIRECTION('center_axis',(0.,0.,-1.));
#4813=DIRECTION('ref_axis',(-1.,0.,0.));
#4814=DIRECTION('center_axis',(-0.999535062819221,0.0304902967348033,0.));
#4815=DIRECTION('ref_axis',(0.0304902967348033,0.999535062819221,0.));
#4816=DIRECTION('center_axis',(0.,0.,-1.));
#4817=DIRECTION('ref_axis',(-1.,0.,0.));
#4818=DIRECTION('center_axis',(-0.99226343020747,0.124150252005003,0.));
#4819=DIRECTION('ref_axis',(0.124150252005003,0.99226343020747,0.));
#4820=DIRECTION('center_axis',(0.,0.,-1.));
#4821=DIRECTION('ref_axis',(-1.,0.,0.));
#4822=DIRECTION('center_axis',(0.,0.,1.));
#4823=DIRECTION('ref_axis',(0.773762143925757,-0.633476238407895,0.));
#4824=DIRECTION('center_axis',(0.,0.,-1.));
#4825=DIRECTION('ref_axis',(-1.,0.,0.));
#4826=DIRECTION('center_axis',(0.,0.,1.));
#4827=DIRECTION('ref_axis',(-0.619323537285328,0.785135883885324,0.));
#4828=DIRECTION('center_axis',(0.,0.,-1.));
#4829=DIRECTION('ref_axis',(0.962104439271807,-0.272681220353513,0.));
#4830=DIRECTION('',(0.,0.,1.));
#4831=DIRECTION('',(0.,0.,-1.));
#4832=DIRECTION('center_axis',(0.,0.,-1.));
#4833=DIRECTION('ref_axis',(0.773762143925769,-0.633476238407881,0.));
#4834=DIRECTION('center_axis',(6.66133814775095E-16,1.,8.50511298372844E-62));
#4835=DIRECTION('ref_axis',(1.,-6.66133814775095E-16,1.08863384124899E-16));
#4836=DIRECTION('center_axis',(0.,0.,1.));
#4837=DIRECTION('ref_axis',(1.,6.66133814775096E-16,0.));
#4838=DIRECTION('center_axis',(1.08863384124899E-16,5.74201264285309E-17,
1.));
#4839=DIRECTION('ref_axis',(1.,6.66133814775096E-16,0.));
#4840=DIRECTION('center_axis',(1.08863384124899E-16,5.74201264285309E-17,
1.));
#4841=DIRECTION('ref_axis',(1.,6.66133814775096E-16,0.));
#4842=DIRECTION('center_axis',(-1.08863384124899E-16,-5.74201264285309E-17,
-1.));
#4843=DIRECTION('ref_axis',(-1.,0.,1.08863384124899E-16));
#4844=DIRECTION('center_axis',(-1.08863384124899E-16,-5.74201264285309E-17,
-1.));
#4845=DIRECTION('ref_axis',(1.,6.66133814775096E-16,0.));
#4846=DIRECTION('center_axis',(-1.,-6.66133814775096E-16,0.));
#4847=DIRECTION('ref_axis',(-6.66133814775096E-16,1.,-5.74201264285309E-17));
#4848=DIRECTION('',(0.,0.,-1.));
#4849=DIRECTION('',(-6.66133814775096E-16,1.,-5.74201264285309E-17));
#4850=DIRECTION('',(0.,0.,-1.));
#4851=DIRECTION('center_axis',(6.66133814775096E-16,-1.,0.));
#4852=DIRECTION('ref_axis',(-1.,-6.66133814775096E-16,1.08863384124899E-16));
#4853=DIRECTION('',(-1.,-6.66133814775096E-16,1.08863384124899E-16));
#4854=DIRECTION('center_axis',(-6.66133814775096E-16,1.,0.));
#4855=DIRECTION('ref_axis',(1.,6.66133814775096E-16,-1.08863384124899E-16));
#4856=DIRECTION('',(1.,6.66133814775096E-16,-1.08863384124899E-16));
#4857=DIRECTION('center_axis',(1.08863384124899E-16,5.74201264285309E-17,
1.));
#4858=DIRECTION('ref_axis',(1.,6.66133814775096E-16,-1.08863384124899E-16));
#4859=DIRECTION('center_axis',(0.,0.,-1.));
#4860=DIRECTION('ref_axis',(1.,6.66133814775096E-16,0.));
#4861=DIRECTION('center_axis',(0.,0.,-1.));
#4862=DIRECTION('ref_axis',(1.,-3.45370740000048E-14,0.));
#4863=DIRECTION('center_axis',(0.,0.,-1.));
#4864=DIRECTION('ref_axis',(1.,-6.90741480000101E-14,0.));
#4865=DIRECTION('center_axis',(0.,0.,-1.));
#4866=DIRECTION('ref_axis',(-1.,0.,0.));
#4867=DIRECTION('center_axis',(0.962402296015698,0.271628092478876,0.));
#4868=DIRECTION('ref_axis',(0.,0.,-1.));
#4869=DIRECTION('center_axis',(0.,0.,-1.));
#4870=DIRECTION('ref_axis',(-0.226822267457601,0.973936167818709,0.));
#4871=DIRECTION('center_axis',(-0.983385239501801,-0.181530908470118,0.));
#4872=DIRECTION('ref_axis',(-0.181530908470118,0.983385239501801,0.));
#4873=DIRECTION('center_axis',(0.,0.,-1.));
#4874=DIRECTION('ref_axis',(-1.,0.,0.));
#4875=DIRECTION('center_axis',(0.,0.,1.));
#4876=DIRECTION('ref_axis',(0.65561333407134,-0.755096785973733,0.));
#4877=DIRECTION('center_axis',(0.,0.,-1.));
#4878=DIRECTION('ref_axis',(-1.,0.,0.));
#4879=DIRECTION('center_axis',(-0.983385239501801,0.181530908470117,0.));
#4880=DIRECTION('ref_axis',(0.181530908470117,0.983385239501801,0.));
#4881=DIRECTION('center_axis',(0.,0.,1.));
#4882=DIRECTION('ref_axis',(-0.65561333407134,-0.755096785973733,0.));
#4883=DIRECTION('center_axis',(0.,0.,-1.));
#4884=DIRECTION('ref_axis',(-1.,0.,0.));
#4885=DIRECTION('center_axis',(-0.962402296015698,0.271628092478876,0.));
#4886=DIRECTION('ref_axis',(0.271628092478876,0.962402296015698,0.));
#4887=DIRECTION('center_axis',(0.,0.,-1.));
#4888=DIRECTION('ref_axis',(0.226822267457601,0.973936167818709,0.));
#4889=DIRECTION('center_axis',(0.,0.,-1.));
#4890=DIRECTION('ref_axis',(-1.,0.,0.));
#4891=DIRECTION('center_axis',(0.962402296015699,-0.271628092478871,0.));
#4892=DIRECTION('ref_axis',(-0.271628092478871,-0.962402296015699,0.));
#4893=DIRECTION('center_axis',(0.,0.,-1.));
#4894=DIRECTION('ref_axis',(0.962402296015697,-0.271628092478879,0.));
#4895=DIRECTION('center_axis',(0.,0.,1.));
#4896=DIRECTION('ref_axis',(1.,0.,0.));
#4897=DIRECTION('center_axis',(0.962402296015698,0.271628092478876,0.));
#4898=DIRECTION('ref_axis',(0.271628092478876,-0.962402296015698,0.));
#4899=DIRECTION('center_axis',(0.,0.,1.));
#4900=DIRECTION('ref_axis',(1.51897829381886E-15,1.,0.));
#4901=DIRECTION('center_axis',(0.,0.,-1.));
#4902=DIRECTION('ref_axis',(-1.,0.,0.));
#4903=DIRECTION('center_axis',(0.,0.,-1.));
#4904=DIRECTION('ref_axis',(-0.962402296015698,-0.271628092478876,0.));
#4905=DIRECTION('center_axis',(0.,0.,-1.));
#4906=DIRECTION('ref_axis',(-0.655613334071339,-0.755096785973734,0.));
#4907=DIRECTION('',(0.,0.,1.));
#4908=DIRECTION('center_axis',(0.,0.,-1.));
#4909=DIRECTION('ref_axis',(-0.65561333407134,-0.755096785973733,0.));
#4910=DIRECTION('',(0.,0.,-1.));
#4911=DIRECTION('center_axis',(0.,0.,-1.));
#4912=DIRECTION('ref_axis',(0.981081764525302,0.193593830779599,0.));
#4913=DIRECTION('',(0.,0.,-1.));
#4914=DIRECTION('center_axis',(0.,0.,1.));
#4915=DIRECTION('ref_axis',(-3.94745964311167E-16,1.,0.));
#4916=DIRECTION('center_axis',(0.,0.,-1.));
#4917=DIRECTION('ref_axis',(0.655613334071341,-0.755096785973732,0.));
#4918=DIRECTION('',(0.,0.,1.));
#4919=DIRECTION('center_axis',(0.,0.,-1.));
#4920=DIRECTION('ref_axis',(0.65561333407134,-0.755096785973733,0.));
#4921=DIRECTION('center_axis',(0.,0.,-1.));
#4922=DIRECTION('ref_axis',(0.159222168495642,0.98724277716251,0.));
#4923=DIRECTION('',(0.,0.,-1.));
#4924=DIRECTION('center_axis',(0.,0.,1.));
#4925=DIRECTION('ref_axis',(-0.226822267457601,0.973936167818709,0.));
#4926=DIRECTION('center_axis',(0.,0.,1.));
#4927=DIRECTION('ref_axis',(1.,0.,0.));
#4928=DIRECTION('center_axis',(-0.962402296015699,0.271628092478871,0.));
#4929=DIRECTION('ref_axis',(-0.271628092478871,-0.962402296015699,0.));
#4930=DIRECTION('center_axis',(0.962402296015698,0.271628092478876,0.));
#4931=DIRECTION('ref_axis',(0.,0.,1.));
#4932=DIRECTION('center_axis',(0.,0.,-1.));
#4933=DIRECTION('ref_axis',(1.51897829381886E-15,1.,0.));
#4934=DIRECTION('center_axis',(0.,0.,1.));
#4935=DIRECTION('ref_axis',(1.,0.,0.));
#4936=DIRECTION('center_axis',(-0.962402296015699,-0.271628092478873,0.));
#4937=DIRECTION('ref_axis',(0.,0.,1.));
#4938=DIRECTION('center_axis',(0.,0.,1.));
#4939=DIRECTION('ref_axis',(-0.962402296015698,-0.271628092478876,0.));
#4940=DIRECTION('center_axis',(0.,0.,1.));
#4941=DIRECTION('ref_axis',(1.,0.,0.));
#4942=DIRECTION('center_axis',(-0.983385239501801,-0.181530908470118,0.));
#4943=DIRECTION('ref_axis',(0.,0.,1.));
#4944=DIRECTION('center_axis',(0.,0.,1.));
#4945=DIRECTION('ref_axis',(1.,0.,0.));
#4946=DIRECTION('center_axis',(-0.317744863305909,-0.948176250410602,0.));
#4947=DIRECTION('ref_axis',(0.,0.,1.));
#4948=DIRECTION('center_axis',(0.,0.,1.));
#4949=DIRECTION('ref_axis',(1.,0.,0.));
#4950=DIRECTION('center_axis',(-0.317744863305912,0.948176250410601,0.));
#4951=DIRECTION('ref_axis',(0.,0.,1.));
#4952=DIRECTION('center_axis',(0.,0.,1.));
#4953=DIRECTION('ref_axis',(1.,0.,0.));
#4954=DIRECTION('center_axis',(-0.983385239501801,0.181530908470117,0.));
#4955=DIRECTION('ref_axis',(0.,0.,1.));
#4956=DIRECTION('center_axis',(0.,0.,1.));
#4957=DIRECTION('ref_axis',(1.,0.,0.));
#4958=DIRECTION('center_axis',(-0.962402296015698,0.271628092478876,0.));
#4959=DIRECTION('ref_axis',(0.,0.,1.));
#4960=DIRECTION('center_axis',(0.,0.,1.));
#4961=DIRECTION('ref_axis',(0.226822267457601,0.973936167818709,0.));
#4962=DIRECTION('center_axis',(0.,0.,1.));
#4963=DIRECTION('ref_axis',(1.,0.,0.));
#4964=DIRECTION('center_axis',(0.,0.,1.));
#4965=DIRECTION('ref_axis',(0.962402296015697,-0.271628092478879,0.));
#4966=DIRECTION('center_axis',(0.,0.,-1.));
#4967=DIRECTION('ref_axis',(0.271628092478876,0.962402296015698,0.));
#4968=DIRECTION('',(0.,0.,-1.));
#4969=DIRECTION('center_axis',(0.,0.,-1.));
#4970=DIRECTION('ref_axis',(-0.271628092478877,-0.962402296015698,0.));
#4971=DIRECTION('',(0.,0.,-1.));
#4972=DIRECTION('center_axis',(0.,0.,-1.));
#4973=DIRECTION('ref_axis',(0.271628092478876,0.962402296015698,0.));
#4974=DIRECTION('',(0.,0.,-1.));
#4975=DIRECTION('center_axis',(0.,0.,-1.));
#4976=DIRECTION('ref_axis',(0.619323537285314,0.785135883885335,0.));
#4977=DIRECTION('center_axis',(0.,0.,-1.));
#4978=DIRECTION('ref_axis',(-0.619323537285326,0.785135883885326,0.));
#4979=DIRECTION('center_axis',(0.,0.,-1.));
#4980=DIRECTION('ref_axis',(0.717805787359939,-0.696243385342064,0.));
#4981=DIRECTION('center_axis',(0.,0.,-1.));
#4982=DIRECTION('ref_axis',(1.,0.,0.));
#4983=DIRECTION('center_axis',(0.,0.,1.));
#4984=DIRECTION('ref_axis',(1.,0.,0.));
#4985=DIRECTION('center_axis',(0.,0.,1.));
#4986=DIRECTION('ref_axis',(1.,0.,0.));
#4987=DIRECTION('center_axis',(0.,0.,1.));
#4988=DIRECTION('ref_axis',(1.,0.,0.));
#4989=DIRECTION('center_axis',(0.,0.,-1.));
#4990=DIRECTION('ref_axis',(1.,0.,0.));
#4991=DIRECTION('center_axis',(0.,0.,-1.));
#4992=DIRECTION('ref_axis',(-1.,0.,0.));
#4993=DIRECTION('center_axis',(0.,0.,1.));
#4994=DIRECTION('ref_axis',(1.,0.,0.));
#4995=DIRECTION('center_axis',(0.,0.,-1.));
#4996=DIRECTION('ref_axis',(1.,0.,0.));
#4997=DIRECTION('center_axis',(0.,0.,-1.));
#4998=DIRECTION('ref_axis',(1.,0.,0.));
#4999=DIRECTION('center_axis',(0.,0.,1.));
#5000=DIRECTION('ref_axis',(1.,0.,0.));
#5001=DIRECTION('center_axis',(0.,0.,1.));
#5002=DIRECTION('ref_axis',(1.,0.,0.));
#5003=DIRECTION('center_axis',(0.,0.,1.));
#5004=DIRECTION('ref_axis',(1.,0.,0.));
#5005=DIRECTION('center_axis',(0.,0.,-1.));
#5006=DIRECTION('ref_axis',(1.,0.,0.));
#5007=DIRECTION('center_axis',(0.,0.,-1.));
#5008=DIRECTION('ref_axis',(-1.,0.,0.));
#5009=DIRECTION('center_axis',(0.,0.,1.));
#5010=DIRECTION('ref_axis',(1.,0.,0.));
#5011=DIRECTION('center_axis',(0.,0.,-1.));
#5012=DIRECTION('ref_axis',(1.,0.,0.));
#5013=DIRECTION('center_axis',(0.,0.,-1.));
#5014=DIRECTION('ref_axis',(1.,0.,0.));
#5015=DIRECTION('center_axis',(0.,0.,-1.));
#5016=DIRECTION('ref_axis',(1.,0.,0.));
#5017=DIRECTION('center_axis',(0.,0.,-1.));
#5018=DIRECTION('ref_axis',(1.,0.,0.));
#5019=DIRECTION('center_axis',(0.,0.,-1.));
#5020=DIRECTION('ref_axis',(1.,0.,0.));
#5021=DIRECTION('center_axis',(0.,0.,-1.));
#5022=DIRECTION('ref_axis',(-0.271628092478876,0.962402296015698,0.));
#5023=DIRECTION('',(0.,0.,1.));
#5024=DIRECTION('',(1.,0.,0.));
#5025=CARTESIAN_POINT('',(0.,0.,0.));
#5026=CARTESIAN_POINT('',(0.,0.,0.));
#5027=CARTESIAN_POINT('Origin',(106.77366487179,132.615924505483,-4.5));
#5028=CARTESIAN_POINT('',(104.52366487179,132.615924505483,-28.7));
#5029=CARTESIAN_POINT('Origin',(106.77366487179,132.615924505483,-28.7));
#5030=CARTESIAN_POINT('',(104.52366487179,132.615924505483,-4.5));
#5031=CARTESIAN_POINT('Origin',(106.77366487179,132.615924505483,-4.5));
#5032=CARTESIAN_POINT('Origin',(111.773664871787,138.615924505479,-4.5));
#5033=CARTESIAN_POINT('',(111.773664871787,138.615924505479,-4.5));
#5034=CARTESIAN_POINT('',(111.773664871787,126.615924505479,-4.5));
#5035=CARTESIAN_POINT('',(111.773664871787,138.615924505479,-4.5));
#5036=CARTESIAN_POINT('',(111.773664871787,126.615924505479,-28.7));
#5037=CARTESIAN_POINT('',(111.773664871787,126.615924505479,-4.5));
#5038=CARTESIAN_POINT('',(111.773664871787,138.615924505479,-28.7));
#5039=CARTESIAN_POINT('',(111.773664871787,138.615924505479,-28.7));
#5040=CARTESIAN_POINT('',(111.773664871787,138.615924505479,-4.5));
#5041=CARTESIAN_POINT('Origin',(101.773664871787,138.615924505479,-4.5));
#5042=CARTESIAN_POINT('',(101.773664871787,138.615924505479,-4.5));
#5043=CARTESIAN_POINT('',(101.773664871787,138.615924505479,-4.5));
#5044=CARTESIAN_POINT('',(101.773664871787,138.615924505479,-28.7));
#5045=CARTESIAN_POINT('',(101.773664871787,138.615924505479,-28.7));
#5046=CARTESIAN_POINT('',(101.773664871787,138.615924505479,-4.5));
#5047=CARTESIAN_POINT('Origin',(101.773664871787,126.615924505479,-4.5));
#5048=CARTESIAN_POINT('',(101.773664871787,126.615924505479,-4.5));
#5049=CARTESIAN_POINT('',(101.773664871787,126.615924505479,-4.5));
#5050=CARTESIAN_POINT('',(101.773664871787,126.615924505479,-28.7));
#5051=CARTESIAN_POINT('',(101.773664871787,126.615924505479,-28.7));
#5052=CARTESIAN_POINT('',(101.773664871787,126.615924505479,-4.5));
#5053=CARTESIAN_POINT('Origin',(111.773664871787,126.615924505479,-4.5));
#5054=CARTESIAN_POINT('',(111.773664871787,126.615924505479,-4.5));
#5055=CARTESIAN_POINT('',(111.773664871787,126.615924505479,-28.7));
#5056=CARTESIAN_POINT('Origin',(106.773664871787,132.615924505479,-28.7));
#5057=CARTESIAN_POINT('Origin',(106.773664871787,132.615924505479,-4.5));
#5058=CARTESIAN_POINT('Origin',(179.373664871787,96.0437156921116,-5.5));
#5059=CARTESIAN_POINT('',(183.373664871787,96.0437156921116,-4.50000000000001));
#5060=CARTESIAN_POINT('Origin',(179.373664871787,96.0437156921116,-4.50000000000001));
#5061=CARTESIAN_POINT('',(182.373664871787,96.0437156921116,-5.5));
#5062=CARTESIAN_POINT('Origin',(179.373664871787,96.0437156921116,-5.5));
#5063=CARTESIAN_POINT('Origin',(106.773664871787,114.73908689865,-4.5));
#5064=CARTESIAN_POINT('',(138.144475940512,98.2025864748242,-4.5));
#5065=CARTESIAN_POINT('',(143.046383359159,97.562631959028,-4.5));
#5066=CARTESIAN_POINT('Origin',(141.373664871787,103.843715692112,-4.5));
#5067=CARTESIAN_POINT('',(75.4028538030575,98.2025864748226,-4.5));
#5068=CARTESIAN_POINT('Origin',(106.77366487179,-161.18448943614,-4.49999999999998));
#5069=CARTESIAN_POINT('',(70.5009463844195,97.5626319590275,-4.49999999999999));
#5070=CARTESIAN_POINT('Origin',(72.1736648717867,103.843715692111,-4.49999999999999));
#5071=CARTESIAN_POINT('',(35.8034334266604,90.2693019160174,-4.49999999999999));
#5072=CARTESIAN_POINT('Origin',(106.77366487179,-161.18448943614,-4.49999999999998));
#5073=CARTESIAN_POINT('',(32.5438963169134,101.818129468206,-4.49999999999999));
#5074=CARTESIAN_POINT('Origin',(34.1736648717867,96.0437156921115,-4.49999999999999));
#5075=CARTESIAN_POINT('',(57.1654038177847,107.552289820911,-4.49999999999999));
#5076=CARTESIAN_POINT('Origin',(106.77366487179,-161.18448943614,-4.49999999999998));
#5077=CARTESIAN_POINT('',(67.8963848734879,116.865124983501,-4.49999999999999));
#5078=CARTESIAN_POINT('Origin',(54.6239710992036,121.319683173936,-4.49999999999999));
#5079=CARTESIAN_POINT('',(72.7220795439091,110.970760479,-4.5));
#5080=CARTESIAN_POINT('Origin',(72.1634034098866,115.435945914934,-4.5));
#5081=CARTESIAN_POINT('',(98.4108712070936,112.965203618286,-4.5));
#5082=CARTESIAN_POINT('Origin',(106.77366487179,-161.18448943614,-4.49999999999998));
#5083=CARTESIAN_POINT('',(102.773664871787,117.463111400973,-4.5));
#5084=CARTESIAN_POINT('Origin',(98.2736648717867,117.463111400973,-4.5));
#5085=CARTESIAN_POINT('',(102.773664871787,124.615924505479,-4.5));
#5086=CARTESIAN_POINT('',(102.773664871787,120.677505702064,-4.5));
#5087=CARTESIAN_POINT('',(110.773664871787,124.615924505479,-4.5));
#5088=CARTESIAN_POINT('',(109.273664871787,124.615924505479,-4.5));
#5089=CARTESIAN_POINT('',(110.773664871787,117.463111400973,-4.5));
#5090=CARTESIAN_POINT('',(110.773664871787,126.677505702064,-4.5));
#5091=CARTESIAN_POINT('',(115.13645853648,112.965203618286,-4.5));
#5092=CARTESIAN_POINT('Origin',(115.273664871787,117.463111400973,-4.5));
#5093=CARTESIAN_POINT('',(140.825250199664,110.970760479,-4.5));
#5094=CARTESIAN_POINT('Origin',(106.77366487179,-161.18448943614,-4.49999999999998));
#5095=CARTESIAN_POINT('',(145.650944870085,116.865124983501,-4.5));
#5096=CARTESIAN_POINT('Origin',(141.383926333687,115.435945914934,-4.5));
#5097=CARTESIAN_POINT('',(156.381925925788,107.552289820911,-4.50000000000001));
#5098=CARTESIAN_POINT('Origin',(158.92335864437,121.319683173937,-4.50000000000001));
#5099=CARTESIAN_POINT('',(181.00343342666,101.818129468206,-4.50000000000001));
#5100=CARTESIAN_POINT('Origin',(106.77366487179,-161.18448943614,-4.49999999999998));
#5101=CARTESIAN_POINT('',(177.743896316914,90.2693019160193,-4.50000000000001));
#5102=CARTESIAN_POINT('Origin',(179.373664871787,96.0437156921116,-4.50000000000001));
#5103=CARTESIAN_POINT('Origin',(106.77366487179,-161.18448943614,-4.49999999999998));
#5104=CARTESIAN_POINT('',(38.1736648717867,96.0437156921115,-4.49999999999999));
#5105=CARTESIAN_POINT('Origin',(34.1736648717867,96.0437156921115,-4.49999999999999));
#5106=CARTESIAN_POINT('Origin',(179.373664871787,96.0437156921116,-12.5));
#5107=CARTESIAN_POINT('',(182.373664871787,96.0437156921116,-12.5));
#5108=CARTESIAN_POINT('Origin',(179.373664871787,96.0437156921116,-12.5));
#5109=CARTESIAN_POINT('Origin',(34.1736648717867,96.0437156921115,-5.5));
#5110=CARTESIAN_POINT('',(37.1736648717867,96.0437156921115,-5.5));
#5111=CARTESIAN_POINT('Origin',(34.1736648717867,96.0437156921115,-5.5));
#5112=CARTESIAN_POINT('Origin',(34.1736648717867,96.0437156921115,-12.5));
#5113=CARTESIAN_POINT('',(37.1736648717867,96.0437156921115,-12.5));
#5114=CARTESIAN_POINT('Origin',(34.1736648717867,96.0437156921115,-12.5));
#5115=CARTESIAN_POINT('Origin',(141.373664871787,103.843715692112,-5.5));
#5116=CARTESIAN_POINT('Ctrl Pts',(138.144475940512,98.2025864748241,-4.5));
#5117=CARTESIAN_POINT('Ctrl Pts',(138.150411191306,98.2006187286342,-4.5));
#5118=CARTESIAN_POINT('Ctrl Pts',(138.156347814072,98.1986550701169,-4.50000230966081));
#5119=CARTESIAN_POINT('Ctrl Pts',(138.298825207809,98.1516368444393,-4.50011196117523));
#5120=CARTESIAN_POINT('Ctrl Pts',(138.436161224633,98.1087201521465,-4.50140500759291));
#5121=CARTESIAN_POINT('Ctrl Pts',(138.956143773419,97.9554190684924,-4.50868022389957));
#5122=CARTESIAN_POINT('Ctrl Pts',(139.342775463775,97.8599488390284,-4.51853142590386));
#5123=CARTESIAN_POINT('Ctrl Pts',(140.011144631798,97.7278072729652,-4.5291217614957));
#5124=CARTESIAN_POINT('Ctrl Pts',(140.286752720577,97.682577367848,-4.53175416344853));
#5125=CARTESIAN_POINT('Ctrl Pts',(140.842406912844,97.6100355225635,-4.53175416344853));
#5126=CARTESIAN_POINT('Ctrl Pts',(141.12038940229,97.5829929916307,-4.5291217614957));
#5127=CARTESIAN_POINT('Ctrl Pts',(141.800281716911,97.539116132497,-4.51853142590381));
#5128=CARTESIAN_POINT('Ctrl Pts',(142.198464818336,97.5321271094359,-4.50868022389942));
#5129=CARTESIAN_POINT('Ctrl Pts',(142.740376164198,97.5467956700684,-4.50140500759096));
#5130=CARTESIAN_POINT('Ctrl Pts',(142.884127105974,97.553015857695,-4.50011196117511));
#5131=CARTESIAN_POINT('Ctrl Pts',(143.033900084728,97.5618801710652,-4.50000230966084));
#5132=CARTESIAN_POINT('Ctrl Pts',(143.040141860278,97.5622539136034,-4.5));
#5133=CARTESIAN_POINT('Ctrl Pts',(143.046383359158,97.5626319590281,-4.5));
#5134=CARTESIAN_POINT('',(146.873664871787,103.843715692112,-5.5));
#5135=CARTESIAN_POINT('Origin',(141.373664871787,103.843715692112,-5.5));
#5136=CARTESIAN_POINT('Origin',(106.77366487179,-161.18448943614,-5.5));
#5137=CARTESIAN_POINT('',(177.472268224435,89.3068996200036,-5.50000000000002));
#5138=CARTESIAN_POINT('Origin',(177.743896316914,90.2693019160193,-5.50000000000002));
#5139=CARTESIAN_POINT('',(36.0750615191394,89.3068996200017,-5.5));
#5140=CARTESIAN_POINT('Origin',(106.77366487179,-161.18448943614,-5.5));
#5141=CARTESIAN_POINT('Origin',(35.8034334266604,90.2693019160174,-5.5));
#5142=CARTESIAN_POINT('Ctrl Pts',(70.5009463844179,97.5626319590273,-4.5));
#5143=CARTESIAN_POINT('Ctrl Pts',(70.5071878838915,97.5622539135667,-4.5));
#5144=CARTESIAN_POINT('Ctrl Pts',(70.5134296582569,97.561880171098,-4.5000023096604));
#5145=CARTESIAN_POINT('Ctrl Pts',(70.6632026407178,97.5530158575169,-4.50011196117741));
#5146=CARTESIAN_POINT('Ctrl Pts',(70.8069535824059,97.5467956699842,-4.50140500763119));
#5147=CARTESIAN_POINT('Ctrl Pts',(71.3488649253348,97.5321271094371,-4.50868022390184));
#5148=CARTESIAN_POINT('Ctrl Pts',(71.7470480267117,97.5391161324997,-4.51853142590448));
#5149=CARTESIAN_POINT('Ctrl Pts',(72.4269403411819,97.5829929916236,-4.529121761494));
#5150=CARTESIAN_POINT('Ctrl Pts',(72.7049228306805,97.6100355225529,-4.53175416344747));
#5151=CARTESIAN_POINT('Ctrl Pts',(73.2605770230467,97.6825773678503,-4.53175416344747));
#5152=CARTESIAN_POINT('Ctrl Pts',(73.5361851118767,97.7278072729847,-4.52912176149399));
#5153=CARTESIAN_POINT('Ctrl Pts',(74.2045542797535,97.859948839019,-4.51853142590448));
#5154=CARTESIAN_POINT('Ctrl Pts',(74.5911859700666,97.9554190684701,-4.50868022390183));
#5155=CARTESIAN_POINT('Ctrl Pts',(75.1111685162244,98.1087201513436,-4.50140500763049));
#5156=CARTESIAN_POINT('Ctrl Pts',(75.2485045329897,98.1516368435302,-4.50011196117737));
#5157=CARTESIAN_POINT('Ctrl Pts',(75.3909819300225,98.1986550702868,-4.50000230966041));
#5158=CARTESIAN_POINT('Ctrl Pts',(75.3969185517416,98.2006187284593,-4.5));
#5159=CARTESIAN_POINT('Ctrl Pts',(75.4028538030591,98.2025864748228,-4.5));
#5160=CARTESIAN_POINT('Origin',(141.373664871787,103.843715692112,-12.5));
#5161=CARTESIAN_POINT('',(146.873664871787,103.843715692112,-12.5));
#5162=CARTESIAN_POINT('Origin',(141.373664871787,103.843715692112,-12.5));
#5163=CARTESIAN_POINT('Origin',(72.1736648717867,103.843715692111,-5.5));
#5164=CARTESIAN_POINT('',(77.6736648717867,103.843715692111,-5.5));
#5165=CARTESIAN_POINT('Origin',(72.1736648717867,103.843715692111,-5.5));
#5166=CARTESIAN_POINT('Origin',(72.1736648717867,103.843715692111,-12.5));
#5167=CARTESIAN_POINT('',(77.6736648717867,103.843715692111,-12.5));
#5168=CARTESIAN_POINT('Origin',(72.1736648717867,103.843715692111,-12.5));
#5169=CARTESIAN_POINT('Origin',(106.773664871787,144.843715692112,-5.5));
#5170=CARTESIAN_POINT('',(105.362800291341,141.915924505483,-4.5));
#5171=CARTESIAN_POINT('',(108.184529452232,141.915924505483,-4.5));
#5172=CARTESIAN_POINT('Ctrl Pts',(105.362800291341,141.915924505483,-4.5));
#5173=CARTESIAN_POINT('Ctrl Pts',(105.368476399759,141.914628213643,-4.5));
#5174=CARTESIAN_POINT('Ctrl Pts',(105.374154213055,141.913339355232,-4.50000252049414));
#5175=CARTESIAN_POINT('Ctrl Pts',(105.510186877647,141.882647711172,-4.50012119227836));
#5176=CARTESIAN_POINT('Ctrl Pts',(105.641411271421,141.85716837553,-4.50149738162699));
#5177=CARTESIAN_POINT('Ctrl Pts',(105.966769135471,141.804489603118,-4.50573210831534));
#5178=CARTESIAN_POINT('Ctrl Pts',(106.161502709724,141.7820470382,-4.50891230700788));
#5179=CARTESIAN_POINT('Ctrl Pts',(106.495942574919,141.759506938298,-4.51226380939849));
#5180=CARTESIAN_POINT('Ctrl Pts',(106.634671758906,141.754820091346,-4.51306263230849));
#5181=CARTESIAN_POINT('Ctrl Pts',(106.912657984667,141.754820091346,-4.51306263230849));
#5182=CARTESIAN_POINT('Ctrl Pts',(107.051387168654,141.759506938298,-4.51226380939849));
#5183=CARTESIAN_POINT('Ctrl Pts',(107.385827033849,141.7820470382,-4.50891230700788));
#5184=CARTESIAN_POINT('Ctrl Pts',(107.580560608102,141.804489603118,-4.50573210831534));
#5185=CARTESIAN_POINT('Ctrl Pts',(107.905918472037,141.857168375512,-4.50149738162849));
#5186=CARTESIAN_POINT('Ctrl Pts',(108.037142865803,141.882647711144,-4.50012119227847));
#5187=CARTESIAN_POINT('Ctrl Pts',(108.173175530537,141.913339355236,-4.50000252049412));
#5188=CARTESIAN_POINT('Ctrl Pts',(108.178853343796,141.914628213639,-4.5));
#5189=CARTESIAN_POINT('Ctrl Pts',(108.184529452232,141.915924505483,-4.5));
#5190=CARTESIAN_POINT('',(103.526218516708,144.714904715321,-4.5));
#5191=CARTESIAN_POINT('Origin',(106.773664871787,144.843715692112,-4.5));
#5192=CARTESIAN_POINT('',(104.734270119162,145.794173008367,-5.5));
#5193=CARTESIAN_POINT('Ctrl Pts',(103.526218516708,144.714904715321,-4.5));
#5194=CARTESIAN_POINT('Ctrl Pts',(103.527578959989,144.716437407166,-4.5));
#5195=CARTESIAN_POINT('Ctrl Pts',(103.528939968333,144.717969599509,-4.50000302511609));
#5196=CARTESIAN_POINT('Ctrl Pts',(103.674484052263,144.881698218185,-4.50064913036735));
#5197=CARTESIAN_POINT('Ctrl Pts',(103.826619671536,145.039525795861,-4.53509493629917));
#5198=CARTESIAN_POINT('Ctrl Pts',(104.133475842139,145.330563458679,-4.66462446557447));
#5199=CARTESIAN_POINT('Ctrl Pts',(104.280560004376,145.455399795471,-4.75888625261515));
#5200=CARTESIAN_POINT('Ctrl Pts',(104.488612427625,145.619790836306,-4.94592029595379));
#5201=CARTESIAN_POINT('Ctrl Pts',(104.56289023262,145.674409782531,-5.03161235066646));
#5202=CARTESIAN_POINT('Ctrl Pts',(104.658632177875,145.742619451639,-5.18695503114876));
#5203=CARTESIAN_POINT('Ctrl Pts',(104.691565545938,145.765232332437,-5.25737914822197));
#5204=CARTESIAN_POINT('Ctrl Pts',(104.726538704818,145.78900495238,-5.38779398449018));
#5205=CARTESIAN_POINT('Ctrl Pts',(104.734270119162,145.794173008367,-5.44340049625501));
#5206=CARTESIAN_POINT('Ctrl Pts',(104.734270119162,145.794173008367,-5.5));
#5207=CARTESIAN_POINT('',(108.813059624411,145.794173008367,-5.5));
#5208=CARTESIAN_POINT('Origin',(106.773664871787,144.843715692112,-5.5));
#5209=CARTESIAN_POINT('',(110.021111226866,144.714904715321,-4.5));
#5210=CARTESIAN_POINT('Ctrl Pts',(110.021111226866,144.714904715321,-4.5));
#5211=CARTESIAN_POINT('Ctrl Pts',(110.019683131523,144.716513624796,-4.5));
#5212=CARTESIAN_POINT('Ctrl Pts',(110.018254413482,144.718121983899,-4.50000333346237));
#5213=CARTESIAN_POINT('Ctrl Pts',(109.884949760563,144.868070882074,-4.50062447702904));
#5214=CARTESIAN_POINT('Ctrl Pts',(109.746620779237,145.012621024797,-4.52951160334378));
#5215=CARTESIAN_POINT('Ctrl Pts',(109.464692009576,145.28420072289,-4.63890504889157));
#5216=CARTESIAN_POINT('Ctrl Pts',(109.327462780835,145.40395582399,-4.71926385670538));
#5217=CARTESIAN_POINT('Ctrl Pts',(109.109469807632,145.581241275165,-4.89380304199656));
#5218=CARTESIAN_POINT('Ctrl Pts',(109.022093529687,145.646814110557,-4.98426779001528));
#5219=CARTESIAN_POINT('Ctrl Pts',(108.909964459223,145.727769122062,-5.14723641160231));
#5220=CARTESIAN_POINT('Ctrl Pts',(108.870910955213,145.75483056908,-5.22034567541392));
#5221=CARTESIAN_POINT('Ctrl Pts',(108.824520718548,145.786524251143,-5.36430231231634));
#5222=CARTESIAN_POINT('Ctrl Pts',(108.813059624411,145.794173008367,-5.43110489057258));
#5223=CARTESIAN_POINT('Ctrl Pts',(108.813059624411,145.794173008367,-5.5));
#5224=CARTESIAN_POINT('Origin',(106.773664871787,144.843715692112,-4.5));
#5225=CARTESIAN_POINT('Origin',(136.270350573891,132.320821103148,-5.5));
#5226=CARTESIAN_POINT('',(133.922122060045,134.567668437442,-4.5));
#5227=CARTESIAN_POINT('',(135.537650119882,134.448178645206,-5.5));
#5228=CARTESIAN_POINT('Ctrl Pts',(133.922122060045,134.567668437442,-4.5));
#5229=CARTESIAN_POINT('Ctrl Pts',(133.924169640906,134.567754243767,-4.5));
#5230=CARTESIAN_POINT('Ctrl Pts',(133.92621725496,134.567839296634,-4.50000302511617));
#5231=CARTESIAN_POINT('Ctrl Pts',(134.145098371889,134.576850248648,-4.50064913036513));
#5232=CARTESIAN_POINT('Ctrl Pts',(134.364312335758,134.577020395534,-4.53509493608323));
#5233=CARTESIAN_POINT('Ctrl Pts',(134.786825067536,134.558402595105,-4.66462446544691));
#5234=CARTESIAN_POINT('Ctrl Pts',(134.978795540237,134.539292405287,-4.75888625241599));
#5235=CARTESIAN_POINT('Ctrl Pts',(135.241569239135,134.503792992132,-4.94592029568945));
#5236=CARTESIAN_POINT('Ctrl Pts',(135.332454477568,134.488291538965,-5.03161235042054));
#5237=CARTESIAN_POINT('Ctrl Pts',(135.448025517634,134.466787730892,-5.18695503092895));
#5238=CARTESIAN_POINT('Ctrl Pts',(135.487168250149,134.458800515843,-5.25737914801226));
#5239=CARTESIAN_POINT('Ctrl Pts',(135.528562099752,134.450151323841,-5.38779398435426));
#5240=CARTESIAN_POINT('Ctrl Pts',(135.537650119882,134.448178645206,-5.44340049618443));
#5241=CARTESIAN_POINT('Ctrl Pts',(135.537650119882,134.448178645206,-5.5));
#5242=CARTESIAN_POINT('',(134.132945085103,133.02367090471,-5.50000000000001));
#5243=CARTESIAN_POINT('Origin',(136.270350573891,132.320821103148,-5.5));
#5244=CARTESIAN_POINT('Ctrl Pts',(133.922122060045,134.567668437442,-4.50000000000001));
#5245=CARTESIAN_POINT('Ctrl Pts',(133.922208635495,134.565602503092,-4.50000000000001));
#5246=CARTESIAN_POINT('Ctrl Pts',(133.922295839979,134.563536593607,-4.50000333377908));
#5247=CARTESIAN_POINT('Ctrl Pts',(133.926212647784,134.471412943689,-4.50030035588007));
#5248=CARTESIAN_POINT('Ctrl Pts',(133.931252422387,134.381310962424,-4.50691101457484));
#5249=CARTESIAN_POINT('Ctrl Pts',(133.956647954007,134.020964477484,-4.55720527286272));
#5250=CARTESIAN_POINT('Ctrl Pts',(133.987507487755,133.76793429866,-4.64751969391854));
#5251=CARTESIAN_POINT('Ctrl Pts',(134.046538400944,133.407843962107,-4.85796224451505));
#5252=CARTESIAN_POINT('Ctrl Pts',(134.073071394156,133.27898199639,-4.96442698129118));
#5253=CARTESIAN_POINT('Ctrl Pts',(134.107396162403,133.12644611104,-5.15564090292974));
#5254=CARTESIAN_POINT('Ctrl Pts',(134.119435880346,133.077381978253,-5.23975725504634));
#5255=CARTESIAN_POINT('Ctrl Pts',(134.130681126257,133.032461975649,-5.3867657149474));
#5256=CARTESIAN_POINT('Ctrl Pts',(134.132945085103,133.02367090471,-5.44296016879102));
#5257=CARTESIAN_POINT('Ctrl Pts',(134.132945085103,133.02367090471,-5.50000000000001));
#5258=CARTESIAN_POINT('Origin',(88.4043754295561,140.498445337651,-5.5));
#5259=CARTESIAN_POINT('',(91.3653616319909,141.838244130697,-4.5));
#5260=CARTESIAN_POINT('',(90.6538921934071,140.451814916154,-5.5));
#5261=CARTESIAN_POINT('Ctrl Pts',(91.3653616319909,141.838244130697,-4.5));
#5262=CARTESIAN_POINT('Ctrl Pts',(91.3646254296055,141.836402537338,-4.5));
#5263=CARTESIAN_POINT('Ctrl Pts',(91.3638886890027,141.834561157842,-4.50000306701915));
#5264=CARTESIAN_POINT('Ctrl Pts',(91.356861528234,141.817012649446,-4.50006147453473));
#5265=CARTESIAN_POINT('Ctrl Pts',(91.3505323965722,141.801320947033,-4.50033653940722));
#5266=CARTESIAN_POINT('Ctrl Pts',(91.2501645084023,141.554292008767,-4.50812761986708));
#5267=CARTESIAN_POINT('Ctrl Pts',(91.1457862622258,141.324153125981,-4.56343095108237));
#5268=CARTESIAN_POINT('Ctrl Pts',(90.9492845368984,140.937434220507,-4.74330163703192));
#5269=CARTESIAN_POINT('Ctrl Pts',(90.8613631807179,140.783497609569,-4.85561633765723));
#5270=CARTESIAN_POINT('Ctrl Pts',(90.7509278072403,140.60125216602,-5.05922716174154));
#5271=CARTESIAN_POINT('Ctrl Pts',(90.7122514077994,140.540712167663,-5.14891261478895));
#5272=CARTESIAN_POINT('Ctrl Pts',(90.6679644382283,140.472832378906,-5.32028813191627));
#5273=CARTESIAN_POINT('Ctrl Pts',(90.6563842811846,140.455550948641,-5.39530170381406));
#5274=CARTESIAN_POINT('Ctrl Pts',(90.6540112743949,140.451993373758,-5.48243628947549));
#5275=CARTESIAN_POINT('Ctrl Pts',(90.653892193407,140.451814916154,-5.49123086132063));
#5276=CARTESIAN_POINT('Ctrl Pts',(90.653892193407,140.451814916154,-5.5));
#5277=CARTESIAN_POINT('',(89.801795862561,142.261884080697,-5.5));
#5278=CARTESIAN_POINT('Origin',(88.4043754295561,140.498445337651,-5.5));
#5279=CARTESIAN_POINT('Ctrl Pts',(91.3653616319909,141.838244130697,-4.5));
#5280=CARTESIAN_POINT('Ctrl Pts',(91.3633640472682,141.839042692785,-4.5));
#5281=CARTESIAN_POINT('Ctrl Pts',(91.361366152508,141.839840483809,-4.50000333346227));
#5282=CARTESIAN_POINT('Ctrl Pts',(91.1750075975483,141.914172790647,-4.50062447703116));
#5283=CARTESIAN_POINT('Ctrl Pts',(90.986576016511,141.981427456586,-4.5295116035303));
#5284=CARTESIAN_POINT('Ctrl Pts',(90.6128504339266,142.097911584163,-4.63890504889141));
#5285=CARTESIAN_POINT('Ctrl Pts',(90.4365110096999,142.143491765428,-4.7192638567051));
#5286=CARTESIAN_POINT('Ctrl Pts',(90.1621919544835,142.204320405958,-4.89380304199617));
#5287=CARTESIAN_POINT('Ctrl Pts',(90.0546973145225,142.223796367262,-4.98426779001481));
#5288=CARTESIAN_POINT('Ctrl Pts',(89.9181815388783,142.245934238235,-5.14723641160221));
#5289=CARTESIAN_POINT('Ctrl Pts',(89.8711426319469,142.25263045544,-5.22034567541388));
#5290=CARTESIAN_POINT('Ctrl Pts',(89.8154691684721,142.260180886242,-5.36430231231607));
#5291=CARTESIAN_POINT('Ctrl Pts',(89.801795862561,142.261884080697,-5.43110489057245));
#5292=CARTESIAN_POINT('Ctrl Pts',(89.801795862561,142.261884080697,-5.5));
#5293=CARTESIAN_POINT('Origin',(106.773664871787,103.843715692112,-5.5));
#5294=CARTESIAN_POINT('',(97.2257196663072,143.716472586427,-4.5));
#5295=CARTESIAN_POINT('',(97.458596378636,142.743966320712,-5.5));
#5296=CARTESIAN_POINT('Origin',(97.2257196663072,143.716472586427,-5.5));
#5297=CARTESIAN_POINT('Origin',(106.773664871787,103.843715692112,-5.5));
#5298=CARTESIAN_POINT('Origin',(106.773664871787,103.843715692112,-5.5));
#5299=CARTESIAN_POINT('Origin',(106.773664871787,103.843715692112,-4.5));
#5300=CARTESIAN_POINT('Origin',(98.2736648717867,139.340194390709,-5.5));
#5301=CARTESIAN_POINT('',(101.398896800044,140.915924505483,-5.5));
#5302=CARTESIAN_POINT('Origin',(98.2736648717867,139.340194390709,-5.5));
#5303=CARTESIAN_POINT('',(101.96359906847,141.915924505483,-4.5));
#5304=CARTESIAN_POINT('Origin',(98.2736648717867,139.340194390709,-4.5));
#5305=CARTESIAN_POINT('Ctrl Pts',(101.96359906847,141.915924505483,-4.5));
#5306=CARTESIAN_POINT('Ctrl Pts',(101.962818178608,141.914427089645,-4.5));
#5307=CARTESIAN_POINT('Ctrl Pts',(101.962037094076,141.912929775852,-4.50000336338115));
#5308=CARTESIAN_POINT('Ctrl Pts',(101.899480339028,141.793048606686,-4.50054186664987));
#5309=CARTESIAN_POINT('Ctrl Pts',(101.836563622767,141.675548784323,-4.52208962909723));
#5310=CARTESIAN_POINT('Ctrl Pts',(101.715389273902,141.455032575395,-4.60488418329694));
#5311=CARTESIAN_POINT('Ctrl Pts',(101.657189472372,141.352039734582,-4.66543575836585));
#5312=CARTESIAN_POINT('Ctrl Pts',(101.552834051873,141.17139489962,-4.82193271437985));
#5313=CARTESIAN_POINT('Ctrl Pts',(101.506881363965,141.094007194845,-4.91696954643322));
#5314=CARTESIAN_POINT('Ctrl Pts',(101.438450443081,140.980287795575,-5.12852654520733));
#5315=CARTESIAN_POINT('Ctrl Pts',(101.415315118111,140.942632008,-5.24103173138353));
#5316=CARTESIAN_POINT('Ctrl Pts',(101.400923058938,140.919212165762,-5.4062971072279));
#5317=CARTESIAN_POINT('Ctrl Pts',(101.398896800044,140.915924505483,-5.45317635521934));
#5318=CARTESIAN_POINT('Ctrl Pts',(101.398896800044,140.915924505483,-5.5));
#5319=CARTESIAN_POINT('Origin',(115.273664871787,139.340194390709,-5.5));
#5320=CARTESIAN_POINT('',(111.583730675104,141.915924505483,-4.5));
#5321=CARTESIAN_POINT('',(116.321610077266,143.716472586427,-4.5));
#5322=CARTESIAN_POINT('Origin',(115.273664871787,139.340194390709,-4.5));
#5323=CARTESIAN_POINT('',(116.088733364937,142.743966320712,-5.5));
#5324=CARTESIAN_POINT('Origin',(116.321610077266,143.716472586427,-5.5));
#5325=CARTESIAN_POINT('',(112.14843294352,140.915924505483,-5.5));
#5326=CARTESIAN_POINT('Origin',(115.273664871787,139.340194390709,-5.5));
#5327=CARTESIAN_POINT('Ctrl Pts',(111.583730675104,141.915924505483,-4.5));
#5328=CARTESIAN_POINT('Ctrl Pts',(111.584511564964,141.914427089648,-4.5));
#5329=CARTESIAN_POINT('Ctrl Pts',(111.585292649499,141.912929775849,-4.50000336338116));
#5330=CARTESIAN_POINT('Ctrl Pts',(111.647849404468,141.793048606817,-4.50054186664925));
#5331=CARTESIAN_POINT('Ctrl Pts',(111.710766120793,141.675548784347,-4.52208962908818));
#5332=CARTESIAN_POINT('Ctrl Pts',(111.831940469671,141.455032575395,-4.60488418329698));
#5333=CARTESIAN_POINT('Ctrl Pts',(111.890140271202,141.352039734582,-4.66543575836591));
#5334=CARTESIAN_POINT('Ctrl Pts',(111.994495691701,141.17139489962,-4.82193271437985));
#5335=CARTESIAN_POINT('Ctrl Pts',(112.040448379608,141.094007194845,-4.91696954643325));
#5336=CARTESIAN_POINT('Ctrl Pts',(112.108879300493,140.980287795575,-5.12852654520752));
#5337=CARTESIAN_POINT('Ctrl Pts',(112.132014625463,140.942632008,-5.24103173138369));
#5338=CARTESIAN_POINT('Ctrl Pts',(112.146406684636,140.919212165762,-5.40629710722799));
#5339=CARTESIAN_POINT('Ctrl Pts',(112.14843294353,140.915924505483,-5.45317635521938));
#5340=CARTESIAN_POINT('Ctrl Pts',(112.14843294353,140.915924505483,-5.5));
#5341=CARTESIAN_POINT('Origin',(106.773664871787,103.843715692112,-5.5));
#5342=CARTESIAN_POINT('Origin',(106.773664871787,103.843715692112,-5.5));
#5343=CARTESIAN_POINT('Origin',(106.773664871787,103.843715692112,-5.5));
#5344=CARTESIAN_POINT('Origin',(106.773664871787,103.843715692112,-4.5));
#5345=CARTESIAN_POINT('Origin',(107.034309895633,141.915924505483,-5.5));
#5346=CARTESIAN_POINT('',(107.034309895633,141.915924505483,-4.5));
#5347=CARTESIAN_POINT('',(107.034309895633,140.915924505483,-5.5));
#5348=CARTESIAN_POINT('',(107.034309895633,141.915924505483,-4.5));
#5349=CARTESIAN_POINT('Origin',(88.4043754295561,140.498445337651,-12.5));
#5350=CARTESIAN_POINT('',(90.6538921934071,140.451814916154,-12.5));
#5351=CARTESIAN_POINT('',(90.6538921934071,140.451814916154,-12.5));
#5352=CARTESIAN_POINT('',(89.801795862561,142.261884080697,-12.5));
#5353=CARTESIAN_POINT('Origin',(88.4043754295561,140.498445337651,-12.5));
#5354=CARTESIAN_POINT('',(89.801795862561,142.261884080697,-12.5));
#5355=CARTESIAN_POINT('Origin',(106.773664871787,103.843715692112,-12.5));
#5356=CARTESIAN_POINT('',(97.4585963786361,142.743966320712,-12.5));
#5357=CARTESIAN_POINT('',(97.458596378636,142.743966320712,-12.5));
#5358=CARTESIAN_POINT('Origin',(106.773664871787,103.843715692111,-12.5));
#5359=CARTESIAN_POINT('Origin',(98.2736648717867,139.340194390709,-12.5));
#5360=CARTESIAN_POINT('',(101.398896800044,140.915924505483,-12.5));
#5361=CARTESIAN_POINT('',(101.398896800044,140.915924505483,-12.5));
#5362=CARTESIAN_POINT('Origin',(98.2736648717868,139.340194390709,-12.5));
#5363=CARTESIAN_POINT('Origin',(101.398896800044,140.915924505483,-12.5));
#5364=CARTESIAN_POINT('',(112.148432943505,140.91592450547,-12.5));
#5365=CARTESIAN_POINT('',(112.14843294352,140.915924505483,-12.5));
#5366=CARTESIAN_POINT('',(104.086280835915,140.915924505483,-12.5));
#5367=CARTESIAN_POINT('Origin',(115.273664871787,139.340194390709,-12.5));
#5368=CARTESIAN_POINT('',(116.088733364937,142.743966320712,-12.5));
#5369=CARTESIAN_POINT('',(116.088733364937,142.743966320712,-12.5));
#5370=CARTESIAN_POINT('Origin',(115.273664871787,139.340194390709,-12.5));
#5371=CARTESIAN_POINT('Origin',(112.669722991221,139.408921956538,-4.5));
#5372=CARTESIAN_POINT('Origin',(112.669722991221,139.408921956538,-4.5));
#5373=CARTESIAN_POINT('Origin',(102.773664871787,120.677505702064,-5.5));
#5374=CARTESIAN_POINT('',(101.773664871787,117.463111400973,-5.5));
#5375=CARTESIAN_POINT('Origin',(102.773664871787,117.463111400973,-5.5));
#5376=CARTESIAN_POINT('',(101.773664871787,125.615924505479,-5.5));
#5377=CARTESIAN_POINT('',(101.773664871787,120.677505702064,-5.5));
#5378=CARTESIAN_POINT('Origin',(102.773664871787,124.615924505479,-5.5));
#5379=CARTESIAN_POINT('Origin',(98.2736648717867,117.463111400973,-5.5));
#5380=CARTESIAN_POINT('',(98.3803809103588,113.964738681105,-5.5));
#5381=CARTESIAN_POINT('Origin',(98.4108712070936,112.965203618286,-5.5));
#5382=CARTESIAN_POINT('Origin',(98.2736648717867,117.463111400973,-5.5));
#5383=CARTESIAN_POINT('Origin',(106.77366487179,-161.18448943614,-5.5));
#5384=CARTESIAN_POINT('',(72.5979292919041,111.963023909208,-5.50000000000001));
#5385=CARTESIAN_POINT('Origin',(72.7220795439091,110.970760479,-5.50000000000001));
#5386=CARTESIAN_POINT('Origin',(106.77366487179,-161.18448943614,-5.5));
#5387=CARTESIAN_POINT('Origin',(72.1634034098866,115.435945914934,-5.5));
#5388=CARTESIAN_POINT('',(68.8446112149098,116.54752963493,-5.5));
#5389=CARTESIAN_POINT('Origin',(67.8963848734879,116.865124983501,-5.5));
#5390=CARTESIAN_POINT('Origin',(72.1634034098866,115.435945914934,-5.5));
#5391=CARTESIAN_POINT('Origin',(88.4043754295561,140.498445337651,-5.5));
#5392=CARTESIAN_POINT('',(85.5588119644879,138.928327933401,-4.5));
#5393=CARTESIAN_POINT('',(86.1552854577815,140.434458105188,-5.5));
#5394=CARTESIAN_POINT('Ctrl Pts',(85.5588119644879,138.928327933401,-4.5));
#5395=CARTESIAN_POINT('Ctrl Pts',(85.5593415308501,138.930307708592,-4.5));
#5396=CARTESIAN_POINT('Ctrl Pts',(85.5598718261577,138.932287290298,-4.500003025116));
#5397=CARTESIAN_POINT('Ctrl Pts',(85.6166352571385,139.143871916821,-4.50064913036956));
#5398=CARTESIAN_POINT('Ctrl Pts',(85.6819354897965,139.353134122014,-4.53509493651222));
#5399=CARTESIAN_POINT('Ctrl Pts',(85.8258763409421,139.750808186294,-4.66462446557573));
#5400=CARTESIAN_POINT('Ctrl Pts',(85.9014415945642,139.928312423455,-4.75888625261712));
#5401=CARTESIAN_POINT('Ctrl Pts',(86.0137918071379,140.168494968328,-4.94592029595849));
#5402=CARTESIAN_POINT('Ctrl Pts',(86.0557264810039,140.250604070924,-5.0316123506711));
#5403=CARTESIAN_POINT('Ctrl Pts',(86.1107614069649,140.35448013152,-5.18695503115077));
#5404=CARTESIAN_POINT('Ctrl Pts',(86.1300731423343,140.389451634017,-5.25737914822396));
#5405=CARTESIAN_POINT('Ctrl Pts',(86.1506888873849,140.426373854386,-5.38779398449154));
#5406=CARTESIAN_POINT('Ctrl Pts',(86.1552854577815,140.434458105188,-5.44340049625571));
#5407=CARTESIAN_POINT('Ctrl Pts',(86.1552854577815,140.434458105188,-5.5));
#5408=CARTESIAN_POINT('',(87.0953149261775,138.6684560848,-5.5));
#5409=CARTESIAN_POINT('Origin',(88.4043754295561,140.498445337651,-5.5));
#5410=CARTESIAN_POINT('Ctrl Pts',(85.5588119644878,138.928327933401,-4.5));
#5411=CARTESIAN_POINT('Ctrl Pts',(85.5608094853755,138.927793620276,-4.5));
#5412=CARTESIAN_POINT('Ctrl Pts',(85.5628071702601,138.927259914938,-4.50000333377894));
#5413=CARTESIAN_POINT('Ctrl Pts',(85.6518969415939,138.903487641473,-4.50030035588138));
#5414=CARTESIAN_POINT('Ctrl Pts',(85.7393926362158,138.881390814164,-4.50691101463176));
#5415=CARTESIAN_POINT('Ctrl Pts',(86.0908805038652,138.798019351212,-4.55720527286274));
#5416=CARTESIAN_POINT('Ctrl Pts',(86.3415805120944,138.751909828412,-4.64751969391866));
#5417=CARTESIAN_POINT('Ctrl Pts',(86.7028682617774,138.700715481849,-4.85796224451512));
#5418=CARTESIAN_POINT('Ctrl Pts',(86.833773749148,138.687556480616,-4.96442698129126));
#5419=CARTESIAN_POINT('Ctrl Pts',(86.9895997463054,138.674764113972,-5.15564090292973));
#5420=CARTESIAN_POINT('Ctrl Pts',(87.0400204718401,138.671602726477,-5.23975725504633));
#5421=CARTESIAN_POINT('Ctrl Pts',(87.0862489120896,138.668920656074,-5.38676571494723));
#5422=CARTESIAN_POINT('Ctrl Pts',(87.0953149261775,138.6684560848,-5.44296016879091));
#5423=CARTESIAN_POINT('Ctrl Pts',(87.0953149261775,138.6684560848,-5.5));
#5424=CARTESIAN_POINT('Origin',(106.773664871787,103.843715692112,-5.5));
#5425=CARTESIAN_POINT('',(67.898438604952,116.871255087654,-4.5));
#5426=CARTESIAN_POINT('',(66.9502623545414,117.18899995096,-5.5));
#5427=CARTESIAN_POINT('Origin',(67.898438604952,116.871255087654,-5.49999999999999));
#5428=CARTESIAN_POINT('Origin',(106.773664871787,103.843715692112,-5.5));
#5429=CARTESIAN_POINT('Origin',(106.773664871787,103.843715692112,-5.5));
#5430=CARTESIAN_POINT('Origin',(54.6239710992036,121.319683173936,-4.49999999999999));
#5431=CARTESIAN_POINT('Origin',(54.6239710992036,121.319683173936,-5.5));
#5432=CARTESIAN_POINT('',(56.9838729093147,108.535675060413,-5.5));
#5433=CARTESIAN_POINT('Origin',(57.1654038177847,107.552289820911,-5.5));
#5434=CARTESIAN_POINT('Origin',(54.6239710992036,121.319683173936,-5.5));
#5435=CARTESIAN_POINT('Origin',(106.77366487179,-161.18448943614,-5.5));
#5436=CARTESIAN_POINT('',(32.2722682244345,102.780531764221,-5.50000000000001));
#5437=CARTESIAN_POINT('Origin',(32.5438963169134,101.818129468206,-5.50000000000001));
#5438=CARTESIAN_POINT('Origin',(106.77366487179,-161.18448943614,-5.5));
#5439=CARTESIAN_POINT('Origin',(34.1736648717867,96.0437156921115,-5.5));
#5440=CARTESIAN_POINT('Origin',(34.1736648717867,96.0437156921115,-5.5));
#5441=CARTESIAN_POINT('Origin',(179.373664871787,96.0437156921116,-5.5));
#5442=CARTESIAN_POINT('',(181.275061519139,102.780531764222,-5.5));
#5443=CARTESIAN_POINT('Origin',(181.00343342666,101.818129468206,-5.5));
#5444=CARTESIAN_POINT('Origin',(179.373664871787,96.0437156921116,-5.5));
#5445=CARTESIAN_POINT('Origin',(106.77366487179,-161.18448943614,-5.5));
#5446=CARTESIAN_POINT('',(156.563456834258,108.535675060413,-5.50000000000002));
#5447=CARTESIAN_POINT('Origin',(156.381925925788,107.552289820911,-5.50000000000002));
#5448=CARTESIAN_POINT('Origin',(106.77366487179,-161.18448943614,-5.5));
#5449=CARTESIAN_POINT('Origin',(158.92335864437,121.319683173937,-5.5));
#5450=CARTESIAN_POINT('',(145.648891138621,116.871255087654,-4.5));
#5451=CARTESIAN_POINT('',(146.597067389032,117.18899995096,-5.5));
#5452=CARTESIAN_POINT('Origin',(145.648891138621,116.871255087654,-5.5));
#5453=CARTESIAN_POINT('Origin',(158.92335864437,121.319683173937,-5.5));
#5454=CARTESIAN_POINT('Origin',(106.773664871787,103.843715692112,-4.5));
#5455=CARTESIAN_POINT('Origin',(136.270350573891,132.320821103148,-5.5));
#5456=CARTESIAN_POINT('',(138.433237775668,129.895038951091,-4.5));
#5457=CARTESIAN_POINT('',(136.897608224953,130.160023124105,-5.5));
#5458=CARTESIAN_POINT('Ctrl Pts',(138.433237775668,129.89503895109,-4.5));
#5459=CARTESIAN_POINT('Ctrl Pts',(138.431260364958,129.895191616588,-4.5));
#5460=CARTESIAN_POINT('Ctrl Pts',(138.429282997492,129.895344859621,-4.50000306701928));
#5461=CARTESIAN_POINT('Ctrl Pts',(138.410436733532,129.89681096533,-4.50006147453452));
#5462=CARTESIAN_POINT('Ctrl Pts',(138.393570999212,129.898165379872,-4.50033653940589));
#5463=CARTESIAN_POINT('Ctrl Pts',(138.127841515995,129.920184713685,-4.50812761986565));
#5464=CARTESIAN_POINT('Ctrl Pts',(137.877033817397,129.951075196815,-4.56343095105987));
#5465=CARTESIAN_POINT('Ctrl Pts',(137.449280415819,130.023127034737,-4.7433016369787));
#5466=CARTESIAN_POINT('Ctrl Pts',(137.276112363731,130.061067393253,-4.85561633760582));
#5467=CARTESIAN_POINT('Ctrl Pts',(137.069203957232,130.11204076613,-5.05922716169636));
#5468=CARTESIAN_POINT('Ctrl Pts',(136.999876640973,130.130873676065,-5.1489126147467));
#5469=CARTESIAN_POINT('Ctrl Pts',(136.921868990878,130.152869310282,-5.32028813187905));
#5470=CARTESIAN_POINT('Ctrl Pts',(136.901917983048,130.158760418494,-5.39530170377823));
#5471=CARTESIAN_POINT('Ctrl Pts',(136.897814100148,130.15996276847,-5.48243628945322));
#5472=CARTESIAN_POINT('Ctrl Pts',(136.897608224953,130.160023124105,-5.49123086130952));
#5473=CARTESIAN_POINT('Ctrl Pts',(136.897608224953,130.160023124105,-5.5));
#5474=CARTESIAN_POINT('',(138.370628624526,131.513769570052,-5.50000000000001));
#5475=CARTESIAN_POINT('Origin',(136.270350573891,132.320821103148,-5.5));
#5476=CARTESIAN_POINT('Ctrl Pts',(138.433237775668,129.895038951091,-4.5));
#5477=CARTESIAN_POINT('Ctrl Pts',(138.43340337263,129.897183857509,-4.5));
#5478=CARTESIAN_POINT('Ctrl Pts',(138.433568141139,129.899328829723,-4.50000333346244));
#5479=CARTESIAN_POINT('Ctrl Pts',(138.448857528125,130.099381415209,-4.5006244770273));
#5480=CARTESIAN_POINT('Ctrl Pts',(138.456773165854,130.299298881996,-4.52951160319147));
#5481=CARTESIAN_POINT('Ctrl Pts',(138.45633867087,130.690756638618,-4.63890504889152));
#5482=CARTESIAN_POINT('Ctrl Pts',(138.447179826139,130.872661176834,-4.7192638567053));
#5483=CARTESIAN_POINT('Ctrl Pts',(138.423314566532,131.152628169438,-4.89380304199663));
#5484=CARTESIAN_POINT('Ctrl Pts',(138.409801343085,131.2610339049,-4.98426779001533));
#5485=CARTESIAN_POINT('Ctrl Pts',(138.390162152136,131.397931474308,-5.14723641160252));
#5486=CARTESIAN_POINT('Ctrl Pts',(138.382505865478,131.444823684373,-5.22034567541404));
#5487=CARTESIAN_POINT('Ctrl Pts',(138.373086326916,131.500211551581,-5.3643023123154));
#5488=CARTESIAN_POINT('Ctrl Pts',(138.370628624526,131.513769570052,-5.43110489057214));
#5489=CARTESIAN_POINT('Ctrl Pts',(138.370628624526,131.513769570052,-5.50000000000001));
#5490=CARTESIAN_POINT('Origin',(106.773664871787,103.843715692112,-5.5));
#5491=CARTESIAN_POINT('',(144.702718528664,116.54752963493,-5.5));
#5492=CARTESIAN_POINT('Origin',(145.650944870085,116.865124983501,-5.5));
#5493=CARTESIAN_POINT('Origin',(106.773664871787,103.843715692112,-5.5));
#5494=CARTESIAN_POINT('Origin',(106.773664871787,103.843715692112,-5.5));
#5495=CARTESIAN_POINT('Origin',(141.383926333687,115.435945914934,-5.5));
#5496=CARTESIAN_POINT('',(140.949400451669,111.963023909208,-5.5));
#5497=CARTESIAN_POINT('Origin',(140.825250199664,110.970760479,-5.5));
#5498=CARTESIAN_POINT('Origin',(141.383926333687,115.435945914934,-5.5));
#5499=CARTESIAN_POINT('Origin',(106.77366487179,-161.18448943614,-5.5));
#5500=CARTESIAN_POINT('',(115.166948833215,113.964738681105,-5.50000000000002));
#5501=CARTESIAN_POINT('Origin',(115.13645853648,112.965203618286,-5.50000000000002));
#5502=CARTESIAN_POINT('Origin',(106.77366487179,-161.18448943614,-5.5));
#5503=CARTESIAN_POINT('Origin',(115.273664871787,117.463111400973,-5.5));
#5504=CARTESIAN_POINT('',(111.773664871787,117.463111400973,-5.5));
#5505=CARTESIAN_POINT('Origin',(110.773664871787,117.463111400973,-5.5));
#5506=CARTESIAN_POINT('Origin',(115.273664871787,117.463111400973,-5.5));
#5507=CARTESIAN_POINT('Origin',(110.773664871787,126.677505702064,-5.5));
#5508=CARTESIAN_POINT('',(111.773664871787,125.615924505479,-5.5));
#5509=CARTESIAN_POINT('',(111.773664871787,126.677505702064,-5.5));
#5510=CARTESIAN_POINT('Origin',(110.773664871787,124.615924505479,-5.5));
#5511=CARTESIAN_POINT('Origin',(109.273664871787,124.615924505479,-5.5));
#5512=CARTESIAN_POINT('',(109.273664871787,125.615924505479,-5.5));
#5513=CARTESIAN_POINT('Origin',(88.4043754295561,140.498445337651,-12.5));
#5514=CARTESIAN_POINT('',(86.1552854577815,140.434458105188,-12.5));
#5515=CARTESIAN_POINT('',(86.1552854577815,140.434458105188,-12.5));
#5516=CARTESIAN_POINT('',(87.0953149261775,138.6684560848,-12.5));
#5517=CARTESIAN_POINT('Origin',(88.4043754295561,140.498445337651,-12.5));
#5518=CARTESIAN_POINT('',(87.0953149261775,138.6684560848,-12.5));
#5519=CARTESIAN_POINT('Origin',(106.773664871787,103.843715692112,-12.5));
#5520=CARTESIAN_POINT('',(66.9502623545415,117.18899995096,-12.5));
#5521=CARTESIAN_POINT('',(66.9502623545414,117.18899995096,-12.5));
#5522=CARTESIAN_POINT('Origin',(106.773664871787,103.843715692111,-12.5));
#5523=CARTESIAN_POINT('Origin',(54.6239710992036,121.319683173936,-12.5));
#5524=CARTESIAN_POINT('',(56.9838729093152,108.535675060413,-12.5));
#5525=CARTESIAN_POINT('',(56.9838729093147,108.535675060413,-12.5));
#5526=CARTESIAN_POINT('Origin',(54.6239710992037,121.319683173936,-12.5));
#5527=CARTESIAN_POINT('Origin',(106.77366487179,-161.18448943614,-12.5));
#5528=CARTESIAN_POINT('',(32.2722682244347,102.780531764221,-12.5));
#5529=CARTESIAN_POINT('',(32.2722682244345,102.780531764221,-12.5));
#5530=CARTESIAN_POINT('Origin',(106.773664871787,-161.184489436094,-12.5));
#5531=CARTESIAN_POINT('Origin',(34.1736648717867,96.0437156921115,-12.5));
#5532=CARTESIAN_POINT('',(36.0750615191395,89.3068996200018,-12.5));
#5533=CARTESIAN_POINT('',(36.0750615191394,89.3068996200017,-12.5));
#5534=CARTESIAN_POINT('Origin',(34.1736648717868,96.0437156921115,-12.5));
#5535=CARTESIAN_POINT('Origin',(106.77366487179,-161.18448943614,-12.5));
#5536=CARTESIAN_POINT('',(177.472268224435,89.3068996200016,-12.5));
#5537=CARTESIAN_POINT('',(177.472268224435,89.3068996200036,-12.5));
#5538=CARTESIAN_POINT('Origin',(106.773664871787,-161.184489436094,-12.5));
#5539=CARTESIAN_POINT('Origin',(179.373664871787,96.0437156921116,-12.5));
#5540=CARTESIAN_POINT('',(181.275061519139,102.780531764221,-12.5));
#5541=CARTESIAN_POINT('',(181.275061519139,102.780531764222,-12.5));
#5542=CARTESIAN_POINT('Origin',(179.373664871787,96.0437156921115,-12.5));
#5543=CARTESIAN_POINT('Origin',(106.77366487179,-161.18448943614,-12.5));
#5544=CARTESIAN_POINT('',(156.563456834258,108.535675060413,-12.5));
#5545=CARTESIAN_POINT('',(156.563456834258,108.535675060413,-12.5));
#5546=CARTESIAN_POINT('Origin',(106.773664871787,-161.184489436094,-12.5));
#5547=CARTESIAN_POINT('Origin',(158.92335864437,121.319683173937,-12.5));
#5548=CARTESIAN_POINT('',(146.597067389032,117.18899995096,-12.5));
#5549=CARTESIAN_POINT('',(146.597067389032,117.18899995096,-12.5));
#5550=CARTESIAN_POINT('Origin',(158.92335864437,121.319683173937,-12.5));
#5551=CARTESIAN_POINT('Origin',(106.773664871787,103.843715692112,-12.5));
#5552=CARTESIAN_POINT('',(138.370628624526,131.513769570052,-12.5));
#5553=CARTESIAN_POINT('',(138.370628624526,131.513769570052,-12.5));
#5554=CARTESIAN_POINT('Origin',(106.773664871787,103.843715692111,-12.5));
#5555=CARTESIAN_POINT('Origin',(136.270350573891,132.320821103148,-12.5));
#5556=CARTESIAN_POINT('',(136.897608224953,130.160023124105,-12.5));
#5557=CARTESIAN_POINT('',(136.897608224953,130.160023124105,-12.5));
#5558=CARTESIAN_POINT('Origin',(136.270350573891,132.320821103148,-12.5));
#5559=CARTESIAN_POINT('Origin',(106.773664871787,103.843715692112,-12.5));
#5560=CARTESIAN_POINT('',(68.84461121491,116.54752963493,-12.5));
#5561=CARTESIAN_POINT('Origin',(106.773664871787,103.843715692111,-12.5));
#5562=CARTESIAN_POINT('',(68.8446112149098,116.54752963493,-12.5));
#5563=CARTESIAN_POINT('Origin',(72.1634034098866,115.435945914934,-12.5));
#5564=CARTESIAN_POINT('',(72.5979292919042,111.963023909208,-12.5));
#5565=CARTESIAN_POINT('Origin',(72.1634034098867,115.435945914934,-12.5));
#5566=CARTESIAN_POINT('',(72.5979292919041,111.963023909208,-12.5));
#5567=CARTESIAN_POINT('Origin',(106.77366487179,-161.18448943614,-12.5));
#5568=CARTESIAN_POINT('',(98.3803809103586,113.964738681105,-12.5));
#5569=CARTESIAN_POINT('Origin',(106.773664871787,-161.184489436094,-12.5));
#5570=CARTESIAN_POINT('',(98.3803809103588,113.964738681105,-12.5));
#5571=CARTESIAN_POINT('Origin',(98.2736648717867,117.463111400973,-12.5));
#5572=CARTESIAN_POINT('',(101.773664871787,117.463111400973,-12.5));
#5573=CARTESIAN_POINT('Origin',(98.2736648717868,117.463111400973,-12.5));
#5574=CARTESIAN_POINT('',(101.773664871787,117.463111400973,-12.5));
#5575=CARTESIAN_POINT('Origin',(111.773664871787,125.615924505479,-12.5));
#5576=CARTESIAN_POINT('',(101.773664871787,125.615924505479,-12.5));
#5577=CARTESIAN_POINT('',(101.773664871787,125.615924505479,-12.5));
#5578=CARTESIAN_POINT('',(111.773664871787,125.615924505479,-12.5));
#5579=CARTESIAN_POINT('',(109.273664871787,125.615924505479,-12.5));
#5580=CARTESIAN_POINT('',(111.773664871787,125.615924505479,-12.5));
#5581=CARTESIAN_POINT('Origin',(115.273664871787,117.463111400973,-12.5));
#5582=CARTESIAN_POINT('',(111.773664871787,117.463111400973,-12.5));
#5583=CARTESIAN_POINT('',(111.773664871787,117.463111400973,-12.5));
#5584=CARTESIAN_POINT('',(115.166948833215,113.964738681105,-12.5));
#5585=CARTESIAN_POINT('Origin',(115.273664871787,117.463111400973,-12.5));
#5586=CARTESIAN_POINT('',(115.166948833215,113.964738681105,-12.5));
#5587=CARTESIAN_POINT('Origin',(106.77366487179,-161.18448943614,-12.5));
#5588=CARTESIAN_POINT('',(140.949400451669,111.963023909208,-12.5));
#5589=CARTESIAN_POINT('Origin',(106.773664871787,-161.184489436094,-12.5));
#5590=CARTESIAN_POINT('',(140.949400451669,111.963023909208,-12.5));
#5591=CARTESIAN_POINT('Origin',(141.383926333687,115.435945914934,-12.5));
#5592=CARTESIAN_POINT('',(144.702718528664,116.54752963493,-12.5));
#5593=CARTESIAN_POINT('Origin',(141.383926333687,115.435945914934,-12.5));
#5594=CARTESIAN_POINT('',(144.702718528664,116.54752963493,-12.5));
#5595=CARTESIAN_POINT('Origin',(106.773664871787,103.843715692112,-12.5));
#5596=CARTESIAN_POINT('Origin',(106.773664871787,103.843715692111,-12.5));
#5597=CARTESIAN_POINT('Origin',(106.773664871787,144.843715692112,-12.5));
#5598=CARTESIAN_POINT('',(104.734270119162,145.794173008367,-12.5));
#5599=CARTESIAN_POINT('',(104.734270119162,145.794173008367,-12.5));
#5600=CARTESIAN_POINT('',(108.813059624411,145.794173008367,-12.5));
#5601=CARTESIAN_POINT('Origin',(106.773664871787,144.843715692112,-12.5));
#5602=CARTESIAN_POINT('',(108.813059624411,145.794173008367,-12.5));
#5603=CARTESIAN_POINT('Origin',(106.773664871787,103.843715692112,-12.5));
#5604=CARTESIAN_POINT('',(135.537650119882,134.448178645206,-12.5));
#5605=CARTESIAN_POINT('Origin',(106.773664871787,103.843715692111,-12.5));
#5606=CARTESIAN_POINT('',(135.537650119882,134.448178645206,-12.5));
#5607=CARTESIAN_POINT('Origin',(136.270350573891,132.320821103148,-12.5));
#5608=CARTESIAN_POINT('',(134.132945085103,133.02367090471,-12.5));
#5609=CARTESIAN_POINT('Origin',(136.270350573891,132.320821103148,-12.5));
#5610=CARTESIAN_POINT('',(134.132945085103,133.02367090471,-12.5));
#5611=CARTESIAN_POINT('Origin',(106.773664871787,103.843715692112,-12.5));
#5612=CARTESIAN_POINT('Origin',(106.773664871787,103.843715692111,-12.5));
#5613=CARTESIAN_POINT('Origin',(106.773664871787,103.843715692112,-12.5));
#5614=CARTESIAN_POINT('Origin',(106.773664871787,103.843715692111,-12.5));
#5615=CARTESIAN_POINT('Origin',(106.773664871787,117.443715692111,-12.5));
#5616=CARTESIAN_POINT('',(136.457631232788,133.556711856735,-12.5));
#5617=CARTESIAN_POINT('Origin',(106.773664871787,103.843715692111,-12.5));
#5618=CARTESIAN_POINT('',(135.031475423041,132.154422904214,-12.5));
#5619=CARTESIAN_POINT('Origin',(136.270350573891,132.320821103148,-12.5));
#5620=CARTESIAN_POINT('Origin',(106.773664871787,103.843715692111,-12.5));
#5621=CARTESIAN_POINT('Origin',(106.773664871787,117.443715692111,-12.5));
#5622=CARTESIAN_POINT('',(106.014604626522,145.836855936014,-12.5));
#5623=CARTESIAN_POINT('Origin',(106.773664871787,103.843715692111,-12.5));
#5624=CARTESIAN_POINT('',(107.532725117052,145.836855936014,-12.5));
#5625=CARTESIAN_POINT('Origin',(106.773664871787,144.843715692112,-12.5));
#5626=CARTESIAN_POINT('Origin',(106.773664871787,103.843715692111,-12.5));
#5627=CARTESIAN_POINT('Origin',(106.773664871787,117.443715692111,-12.5));
#5628=CARTESIAN_POINT('',(89.517737748683,139.930181009764,-12.5));
#5629=CARTESIAN_POINT('Origin',(106.773664871787,103.843715692111,-12.5));
#5630=CARTESIAN_POINT('',(88.6380307338951,141.726413252034,-12.5));
#5631=CARTESIAN_POINT('Origin',(88.4043754295563,140.498445337651,-12.5));
#5632=CARTESIAN_POINT('Origin',(106.773664871787,103.843715692111,-12.5));
#5633=CARTESIAN_POINT('Origin',(106.773664871787,117.443715692111,-12.5));
#5634=CARTESIAN_POINT('',(112.710126982771,140.627398074436,-12.5000000000001));
#5635=CARTESIAN_POINT('Ctrl Pts',(112.148432943491,140.915924505477,-12.5));
#5636=CARTESIAN_POINT('Ctrl Pts',(112.150244284219,140.914940683724,-12.5));
#5637=CARTESIAN_POINT('Ctrl Pts',(112.15205586647,140.913957021578,-12.5));
#5638=CARTESIAN_POINT('Ctrl Pts',(112.332661529158,140.815920564186,-12.5));
#5639=CARTESIAN_POINT('Ctrl Pts',(112.517069597631,140.718706930341,-12.5));
#5640=CARTESIAN_POINT('Ctrl Pts',(112.710126982771,140.627398074436,-12.5));
#5641=CARTESIAN_POINT('',(111.773664871787,139.51255171135,-12.5));
#5642=CARTESIAN_POINT('Ctrl Pts',(112.710126982771,140.627398074436,-12.5));
#5643=CARTESIAN_POINT('Ctrl Pts',(112.665928156853,140.648302450738,-12.5));
#5644=CARTESIAN_POINT('Ctrl Pts',(112.626697471939,140.658345852078,-12.5));
#5645=CARTESIAN_POINT('Ctrl Pts',(112.554180204461,140.662873421291,-12.5));
#5646=CARTESIAN_POINT('Ctrl Pts',(112.51969266575,140.657659883275,-12.4999999999986));
#5647=CARTESIAN_POINT('Ctrl Pts',(112.453631349937,140.636431561918,-12.4999999999986));
#5648=CARTESIAN_POINT('Ctrl Pts',(112.412096769799,140.617999339503,-12.5));
#5649=CARTESIAN_POINT('Ctrl Pts',(112.283291726184,140.531222066748,-12.5));
#5650=CARTESIAN_POINT('Ctrl Pts',(112.201871508804,140.456767590152,-12.5));
#5651=CARTESIAN_POINT('Ctrl Pts',(112.024098937494,140.254554912245,-12.5));
#5652=CARTESIAN_POINT('Ctrl Pts',(111.913968603251,140.094164017408,-12.5));
#5653=CARTESIAN_POINT('Ctrl Pts',(111.799088441176,139.776470955221,-12.5));
#5654=CARTESIAN_POINT('Ctrl Pts',(111.773664871787,139.645245936143,-12.5));
#5655=CARTESIAN_POINT('Ctrl Pts',(111.773664871787,139.51255171135,-12.5));
#5656=CARTESIAN_POINT('',(111.773664871787,138.615924505479,-12.5));
#5657=CARTESIAN_POINT('',(111.773664871787,121.279820098797,-12.5));
#5658=CARTESIAN_POINT('',(101.773664871787,138.615924505479,-12.5));
#5659=CARTESIAN_POINT('',(104.273664871787,138.615924505479,-12.5));
#5660=CARTESIAN_POINT('',(101.773664871787,139.512551710503,-12.500000000781));
#5661=CARTESIAN_POINT('',(101.773664871793,121.279820098797,-12.5));
#5662=CARTESIAN_POINT('',(100.837202760803,140.627398074435,-12.5000000000003));
#5663=CARTESIAN_POINT('Ctrl Pts',(101.773664871787,139.51255171135,-12.5));
#5664=CARTESIAN_POINT('Ctrl Pts',(101.773664871787,139.653092527121,-12.5));
#5665=CARTESIAN_POINT('Ctrl Pts',(101.745162519935,139.791890693946,-12.5));
#5666=CARTESIAN_POINT('Ctrl Pts',(101.624426390946,140.107714992091,-12.5));
#5667=CARTESIAN_POINT('Ctrl Pts',(101.517926467397,140.260824336439,-12.5));
#5668=CARTESIAN_POINT('Ctrl Pts',(101.346932045302,140.454918255865,-12.5));
#5669=CARTESIAN_POINT('Ctrl Pts',(101.269762430752,140.52579044454,-12.5));
#5670=CARTESIAN_POINT('Ctrl Pts',(101.130899934039,140.622184052494,-12.5));
#5671=CARTESIAN_POINT('Ctrl Pts',(101.081049288076,140.642351679065,-12.5));
#5672=CARTESIAN_POINT('Ctrl Pts',(101.008211933101,140.661055211147,-12.5));
#5673=CARTESIAN_POINT('Ctrl Pts',(100.973725799173,140.663536384364,-12.5));
#5674=CARTESIAN_POINT('Ctrl Pts',(100.906887473962,140.654550572286,-12.5));
#5675=CARTESIAN_POINT('Ctrl Pts',(100.873811801579,140.644712768855,-12.5));
#5676=CARTESIAN_POINT('Ctrl Pts',(100.837202760803,140.627398074436,-12.5));
#5677=CARTESIAN_POINT('Ctrl Pts',(100.837202760802,140.627398074436,-12.5));
#5678=CARTESIAN_POINT('Ctrl Pts',(101.030260190323,140.718706951331,-12.5));
#5679=CARTESIAN_POINT('Ctrl Pts',(101.214668974112,140.815920951532,-12.5));
#5680=CARTESIAN_POINT('Ctrl Pts',(101.395275464008,140.913957883235,-12.5));
#5681=CARTESIAN_POINT('Ctrl Pts',(101.397086186624,140.914941078764,-12.5));
#5682=CARTESIAN_POINT('Ctrl Pts',(101.398896800044,140.915924505483,-12.5));
#5683=CARTESIAN_POINT('Origin',(106.773664871787,117.443715692111,-12.5));
#5684=CARTESIAN_POINT('',(68.6736648717868,103.843715692111,-12.5));
#5685=CARTESIAN_POINT('Origin',(72.1736648717868,103.843715692111,-12.5));
#5686=CARTESIAN_POINT('Origin',(106.773664871787,117.443715692111,-12.5));
#5687=CARTESIAN_POINT('',(178.109164871787,96.0437156921115,-12.5));
#5688=CARTESIAN_POINT('',(180.044505679974,94.6541756206953,-12.5));
#5689=CARTESIAN_POINT('Ctrl Pts',(178.109164871787,96.0437156921115,-12.5));
#5690=CARTESIAN_POINT('Ctrl Pts',(178.103699150268,95.9935720851398,-12.5));
#5691=CARTESIAN_POINT('Ctrl Pts',(178.101500117892,95.9432859401478,-12.5));
#5692=CARTESIAN_POINT('Ctrl Pts',(178.102358698414,95.8930999138271,-12.5));
#5693=CARTESIAN_POINT('Ctrl Pts',(178.103256051016,95.8406475693669,-12.5));
#5694=CARTESIAN_POINT('Ctrl Pts',(178.107493234608,95.7883038424206,-12.5));
#5695=CARTESIAN_POINT('Ctrl Pts',(178.114885350569,95.7363264405317,-12.5));
#5696=CARTESIAN_POINT('Ctrl Pts',(178.120905236335,95.6939978267085,-12.5));
#5697=CARTESIAN_POINT('Ctrl Pts',(178.129018526456,95.6519115568626,-12.5));
#5698=CARTESIAN_POINT('Ctrl Pts',(178.139150699098,95.6102036917436,-12.5));
#5699=CARTESIAN_POINT('Ctrl Pts',(178.143936775839,95.5905023848018,-12.5));
#5700=CARTESIAN_POINT('Ctrl Pts',(178.149173641269,95.5708855076868,-12.5));
#5701=CARTESIAN_POINT('Ctrl Pts',(178.15485511524,95.5513675572905,-12.5));
#5702=CARTESIAN_POINT('Ctrl Pts',(178.157683275753,95.5416517868947,-12.5));
#5703=CARTESIAN_POINT('Ctrl Pts',(178.160619253391,95.5319687873059,-12.5));
#5704=CARTESIAN_POINT('Ctrl Pts',(178.163660413707,95.5223243878587,-12.5));
#5705=CARTESIAN_POINT('Ctrl Pts',(178.180052046816,95.4703417756689,-12.5));
#5706=CARTESIAN_POINT('Ctrl Pts',(178.199506163672,95.4194431391052,-12.5));
#5707=CARTESIAN_POINT('Ctrl Pts',(178.221827085442,95.3698974405341,-12.5));
#5708=CARTESIAN_POINT('Ctrl Pts',(178.24460794732,95.3193308139673,-12.5));
#5709=CARTESIAN_POINT('Ctrl Pts',(178.270375118653,95.2701723488285,-12.5));
#5710=CARTESIAN_POINT('Ctrl Pts',(178.298974464868,95.2227092688611,-12.5));
#5711=CARTESIAN_POINT('Ctrl Pts',(178.319601440256,95.1884770254034,-12.5));
#5712=CARTESIAN_POINT('Ctrl Pts',(178.341702822955,95.1551266638331,-12.5));
#5713=CARTESIAN_POINT('Ctrl Pts',(178.365236888476,95.1227714493407,-12.5));
#5714=CARTESIAN_POINT('Ctrl Pts',(178.372555636603,95.1127094536662,-12.5));
#5715=CARTESIAN_POINT('Ctrl Pts',(178.380013035644,95.1027437506901,-12.5));
#5716=CARTESIAN_POINT('Ctrl Pts',(178.387608079037,95.0928779003239,-12.5));
#5717=CARTESIAN_POINT('Ctrl Pts',(178.393041604652,95.0858198299608,-12.5));
#5718=CARTESIAN_POINT('Ctrl Pts',(178.398544237944,95.0788147043231,-12.5));
#5719=CARTESIAN_POINT('Ctrl Pts',(178.404109838941,95.0718706068218,-12.5));
#5720=CARTESIAN_POINT('Ctrl Pts',(178.43966972033,95.0275032000293,-12.5));
#5721=CARTESIAN_POINT('Ctrl Pts',(178.477858466555,94.9855444098686,-12.5));
#5722=CARTESIAN_POINT('Ctrl Pts',(178.518500587144,94.9462838880561,-12.5));
#5723=CARTESIAN_POINT('Ctrl Pts',(178.548380369821,94.9174198464529,-12.5));
#5724=CARTESIAN_POINT('Ctrl Pts',(178.579587354915,94.8900142420234,-12.5));
#5725=CARTESIAN_POINT('Ctrl Pts',(178.612068415581,94.8641890957442,-12.5));
#5726=CARTESIAN_POINT('Ctrl Pts',(178.655132149298,94.8299498437079,-12.5));
#5727=CARTESIAN_POINT('Ctrl Pts',(178.700434248264,94.7984867870261,-12.5));
#5728=CARTESIAN_POINT('Ctrl Pts',(178.747671338481,94.769804601462,-12.5));
#5729=CARTESIAN_POINT('Ctrl Pts',(178.761196697785,94.7615920535764,-12.5));
#5730=CARTESIAN_POINT('Ctrl Pts',(178.774880917016,94.7536077349017,-12.5));
#5731=CARTESIAN_POINT('Ctrl Pts',(178.788717359128,94.7458523518256,-12.5));
#5732=CARTESIAN_POINT('Ctrl Pts',(178.797732981726,94.7407990580411,-12.5));
#5733=CARTESIAN_POINT('Ctrl Pts',(178.80681340736,94.7358430004021,-12.5));
#5734=CARTESIAN_POINT('Ctrl Pts',(178.81594335594,94.7309912325944,-12.5));
#5735=CARTESIAN_POINT('Ctrl Pts',(178.865982780167,94.7043996625049,-12.5));
#5736=CARTESIAN_POINT('Ctrl Pts',(178.917602899025,94.6808829386624,-12.5));
#5737=CARTESIAN_POINT('Ctrl Pts',(178.970451533698,94.660408931825,-12.5));
#5738=CARTESIAN_POINT('Ctrl Pts',(179.024570462713,94.6394428022446,-12.5));
#5739=CARTESIAN_POINT('Ctrl Pts',(179.079978523741,94.6216669710102,-12.5));
#5740=CARTESIAN_POINT('Ctrl Pts',(179.136335931517,94.6070875207942,-12.5));
#5741=CARTESIAN_POINT('Ctrl Pts',(179.171997571519,94.5978619881525,-12.5));
#5742=CARTESIAN_POINT('Ctrl Pts',(179.20804006651,94.589917140097,-12.5));
#5743=CARTESIAN_POINT('Ctrl Pts',(179.244382507695,94.583263852574,-12.5));
#5744=CARTESIAN_POINT('Ctrl Pts',(179.272601308508,94.5780977770646,-12.5));
#5745=CARTESIAN_POINT('Ctrl Pts',(179.301001039063,94.5737105308701,-12.5));
#5746=CARTESIAN_POINT('Ctrl Pts',(179.329544746113,94.5701104396754,-12.5));
#5747=CARTESIAN_POINT('Ctrl Pts',(179.340691469877,94.5687045528367,-12.5));
#5748=CARTESIAN_POINT('Ctrl Pts',(179.35185121034,94.5674198845526,-12.5));
#5749=CARTESIAN_POINT('Ctrl Pts',(179.363019426985,94.5662566584607,-12.5));
#5750=CARTESIAN_POINT('Ctrl Pts',(179.417533272206,94.5605787665336,-12.5));
#5751=CARTESIAN_POINT('Ctrl Pts',(179.472264535533,94.5577896242835,-12.5));
#5752=CARTESIAN_POINT('Ctrl Pts',(179.526944938656,94.5579028898224,-12.5));
#5753=CARTESIAN_POINT('Ctrl Pts',(179.568308340113,94.5579885703897,-12.5));
#5754=CARTESIAN_POINT('Ctrl Pts',(179.609643122126,94.5597357047731,-12.5));
#5755=CARTESIAN_POINT('Ctrl Pts',(179.650836995702,94.5631630578586,-12.5));
#5756=CARTESIAN_POINT('Ctrl Pts',(179.665040816626,94.5643448236225,-12.5));
#5757=CARTESIAN_POINT('Ctrl Pts',(179.679229506791,94.5657266325954,-12.5));
#5758=CARTESIAN_POINT('Ctrl Pts',(179.69339346237,94.5673090100797,-12.5));
#5759=CARTESIAN_POINT('Ctrl Pts',(179.753954267047,94.5740747792336,-12.5));
#5760=CARTESIAN_POINT('Ctrl Pts',(179.813902571379,94.5844846847622,-12.5));
#5761=CARTESIAN_POINT('Ctrl Pts',(179.872882808997,94.5985732739331,-12.5));
#5762=CARTESIAN_POINT('Ctrl Pts',(179.918760710172,94.609532112483,-12.5));
#5763=CARTESIAN_POINT('Ctrl Pts',(179.964053428594,94.6227176662507,-12.5));
#5764=CARTESIAN_POINT('Ctrl Pts',(180.0085945847,94.6381680446818,-12.5));
#5765=CARTESIAN_POINT('Ctrl Pts',(180.020965221328,94.6424591550629,-12.5));
#5766=CARTESIAN_POINT('Ctrl Pts',(180.033277870509,94.6469250849333,-12.5));
#5767=CARTESIAN_POINT('Ctrl Pts',(180.045530707658,94.6515629963506,-12.5));
#5768=CARTESIAN_POINT('',(180.830574163581,96.5519128147747,-12.5));
#5769=CARTESIAN_POINT('Origin',(179.373664871787,96.0437156921115,-12.5));
#5770=CARTESIAN_POINT('',(178.479528346976,96.9378522169219,-12.5));
#5771=CARTESIAN_POINT('Ctrl Pts',(180.830574163581,96.5519128147747,-12.5));
#5772=CARTESIAN_POINT('Ctrl Pts',(180.805107280534,96.6082259032797,-12.5));
#5773=CARTESIAN_POINT('Ctrl Pts',(180.77607258087,96.6626685357443,-12.5));
#5774=CARTESIAN_POINT('Ctrl Pts',(180.743795952449,96.7150616202847,-12.5));
#5775=CARTESIAN_POINT('Ctrl Pts',(180.712038913028,96.7666112812174,-12.5));
#5776=CARTESIAN_POINT('Ctrl Pts',(180.677142308094,96.8161774042282,-12.5));
#5777=CARTESIAN_POINT('Ctrl Pts',(180.639374115381,96.8635539286019,-12.5));
#5778=CARTESIAN_POINT('Ctrl Pts',(180.610507273552,96.8997645740488,-12.5));
#5779=CARTESIAN_POINT('Ctrl Pts',(180.579961946297,96.9346954616077,-12.5));
#5780=CARTESIAN_POINT('Ctrl Pts',(180.547846799812,96.9682372444997,-12.5));
#5781=CARTESIAN_POINT('Ctrl Pts',(180.530437432562,96.9864199800765,-12.5));
#5782=CARTESIAN_POINT('Ctrl Pts',(180.512566616968,97.0041942297307,-12.5));
#5783=CARTESIAN_POINT('Ctrl Pts',(180.494250947457,97.0215404413369,-12.5));
#5784=CARTESIAN_POINT('Ctrl Pts',(180.487570836502,97.0278669705483,-12.5));
#5785=CARTESIAN_POINT('Ctrl Pts',(180.480832315589,97.0341357370472,-12.5));
#5786=CARTESIAN_POINT('Ctrl Pts',(180.474043661651,97.0403392217027,-12.5));
#5787=CARTESIAN_POINT('Ctrl Pts',(180.430318596531,97.0802952679259,-12.5));
#5788=CARTESIAN_POINT('Ctrl Pts',(180.384434871586,97.1176242199439,-12.5));
#5789=CARTESIAN_POINT('Ctrl Pts',(180.336649461159,97.152138787174,-12.5));
#5790=CARTESIAN_POINT('Ctrl Pts',(180.289838395687,97.1859496020636,-12.5));
#5791=CARTESIAN_POINT('Ctrl Pts',(180.241201429213,97.217060003368,-12.5));
#5792=CARTESIAN_POINT('Ctrl Pts',(180.190960273684,97.2452493941718,-12.5));
#5793=CARTESIAN_POINT('Ctrl Pts',(180.15331137828,97.2663734987965,-12.5));
#5794=CARTESIAN_POINT('Ctrl Pts',(180.114761181231,97.2858564621315,-12.5));
#5795=CARTESIAN_POINT('Ctrl Pts',(180.07540019231,97.3035866326129,-12.5));
#5796=CARTESIAN_POINT('Ctrl Pts',(180.055502387834,97.3125496052223,-12.5));
#5797=CARTESIAN_POINT('Ctrl Pts',(180.035397370124,97.3210643794634,-12.5));
#5798=CARTESIAN_POINT('Ctrl Pts',(180.015096877938,97.3291147978787,-12.5));
#5799=CARTESIAN_POINT('Ctrl Pts',(180.005438691297,97.3329448746511,-12.5));
#5800=CARTESIAN_POINT('Ctrl Pts',(179.995743903392,97.3366667627319,-12.5));
#5801=CARTESIAN_POINT('Ctrl Pts',(179.986017920577,97.3402777726014,-12.5));
#5802=CARTESIAN_POINT('Ctrl Pts',(179.933780685376,97.3596721284676,-12.5));
#5803=CARTESIAN_POINT('Ctrl Pts',(179.880607079003,97.3758867983375,-12.5));
#5804=CARTESIAN_POINT('Ctrl Pts',(179.826703815339,97.3887247012356,-12.5));
#5805=CARTESIAN_POINT('Ctrl Pts',(179.786550610264,97.3982878132394,-12.5));
#5806=CARTESIAN_POINT('Ctrl Pts',(179.745992154852,97.4059762577971,-12.5));
#5807=CARTESIAN_POINT('Ctrl Pts',(179.705112668259,97.4116897097693,-12.5));
#5808=CARTESIAN_POINT('Ctrl Pts',(179.650209720521,97.4193631269567,-12.5));
#5809=CARTESIAN_POINT('Ctrl Pts',(179.594726551955,97.4234752628249,-12.5));
#5810=CARTESIAN_POINT('Ctrl Pts',(179.538977789197,97.4241079498589,-12.5));
#5811=CARTESIAN_POINT('Ctrl Pts',(179.523181916349,97.424287215612,-12.5));
#5812=CARTESIAN_POINT('Ctrl Pts',(179.507364831096,97.4241868769848,-12.5));
#5813=CARTESIAN_POINT('Ctrl Pts',(179.491534002681,97.4238081823065,-12.5));
#5814=CARTESIAN_POINT('Ctrl Pts',(179.481396708564,97.4235656846157,-12.5));
#5815=CARTESIAN_POINT('Ctrl Pts',(179.471253678559,97.4232089295275,-12.5));
#5816=CARTESIAN_POINT('Ctrl Pts',(179.461121618682,97.4227391951518,-12.5));
#5817=CARTESIAN_POINT('Ctrl Pts',(179.405529883622,97.4201618960362,-12.5));
#5818=CARTESIAN_POINT('Ctrl Pts',(179.350156737905,97.4141859439767,-12.5));
#5819=CARTESIAN_POINT('Ctrl Pts',(179.295309796011,97.4049456435484,-12.5));
#5820=CARTESIAN_POINT('Ctrl Pts',(179.240483182015,97.3957087678485,-12.5));
#5821=CARTESIAN_POINT('Ctrl Pts',(179.186181276114,97.3832094109801,-12.5));
#5822=CARTESIAN_POINT('Ctrl Pts',(179.132730148945,97.3675336117882,-12.5));
#5823=CARTESIAN_POINT('Ctrl Pts',(179.100240719755,97.3580053231475,-12.5));
#5824=CARTESIAN_POINT('Ctrl Pts',(179.068066059872,97.3473025610578,-12.5));
#5825=CARTESIAN_POINT('Ctrl Pts',(179.036285398664,97.3354372471576,-12.5));
#5826=CARTESIAN_POINT('Ctrl Pts',(179.019837137694,97.3292962868346,-12.5));
#5827=CARTESIAN_POINT('Ctrl Pts',(179.003494501437,97.3228438355774,-12.5));
#5828=CARTESIAN_POINT('Ctrl Pts',(178.987269098669,97.3160810293894,-12.5));
#5829=CARTESIAN_POINT('Ctrl Pts',(178.974188276861,97.3106288958475,-12.5));
#5830=CARTESIAN_POINT('Ctrl Pts',(178.961180845219,97.3049735875572,-12.5));
#5831=CARTESIAN_POINT('Ctrl Pts',(178.948276052221,97.2991264741076,-12.5));
#5832=CARTESIAN_POINT('Ctrl Pts',(178.899418090746,97.2769891144694,-12.5));
#5833=CARTESIAN_POINT('Ctrl Pts',(178.851959897534,97.2520781813712,-12.5));
#5834=CARTESIAN_POINT('Ctrl Pts',(178.806210390609,97.224464037756,-12.5));
#5835=CARTESIAN_POINT('Ctrl Pts',(178.774199298114,97.2051423233845,-12.5));
#5836=CARTESIAN_POINT('Ctrl Pts',(178.743025319252,97.1844963219788,-12.5));
#5837=CARTESIAN_POINT('Ctrl Pts',(178.712806077856,97.1625405161322,-12.5));
#5838=CARTESIAN_POINT('Ctrl Pts',(178.700548911557,97.1536350654634,-12.5));
#5839=CARTESIAN_POINT('Ctrl Pts',(178.688447287116,97.1445125035213,-12.5));
#5840=CARTESIAN_POINT('Ctrl Pts',(178.676527409012,97.1351881417043,-12.5));
#5841=CARTESIAN_POINT('Ctrl Pts',(178.636193604276,97.1036368971748,-12.5));
#5842=CARTESIAN_POINT('Ctrl Pts',(178.597890185934,97.0697441673372,-12.5));
#5843=CARTESIAN_POINT('Ctrl Pts',(178.561914524892,97.0335583678498,-12.5));
#5844=CARTESIAN_POINT('Ctrl Pts',(178.539905812306,97.0114210995532,-12.5));
#5845=CARTESIAN_POINT('Ctrl Pts',(178.518769033903,96.9884250520708,-12.5));
#5846=CARTESIAN_POINT('Ctrl Pts',(178.498580807708,96.9645766578957,-12.5));
#5847=CARTESIAN_POINT('Ctrl Pts',(178.49161732672,96.9563506831208,-12.5));
#5848=CARTESIAN_POINT('Ctrl Pts',(178.484766764619,96.9480232709002,-12.5));
#5849=CARTESIAN_POINT('Ctrl Pts',(178.478030020205,96.9395971684177,-12.5));
#5850=CARTESIAN_POINT('Origin',(179.373664871787,96.0437156921115,-12.5));
#5851=CARTESIAN_POINT('Origin',(106.773664871787,117.443715692111,-12.5));
#5852=CARTESIAN_POINT('',(32.9091648717868,96.0437156921115,-12.5));
#5853=CARTESIAN_POINT('',(34.8445056799737,94.6541756206954,-12.5));
#5854=CARTESIAN_POINT('Ctrl Pts',(32.9091648717868,96.0437156921114,-12.5));
#5855=CARTESIAN_POINT('Ctrl Pts',(32.9036981092846,95.9935625349569,-12.5));
#5856=CARTESIAN_POINT('Ctrl Pts',(32.9014973477389,95.943266998413,-12.5));
#5857=CARTESIAN_POINT('Ctrl Pts',(32.9023538560121,95.8930718309753,-12.5));
#5858=CARTESIAN_POINT('Ctrl Pts',(32.903248988463,95.8406131161443,-12.5));
#5859=CARTESIAN_POINT('Ctrl Pts',(32.9074831715345,95.7882632783704,-12.5));
#5860=CARTESIAN_POINT('Ctrl Pts',(32.9148719316251,95.73628007566,-12.5));
#5861=CARTESIAN_POINT('Ctrl Pts',(32.9208880156747,95.6939542574116,-12.5));
#5862=CARTESIAN_POINT('Ctrl Pts',(32.9289965250065,95.6518709024103,-12.5));
#5863=CARTESIAN_POINT('Ctrl Pts',(32.9391232048632,95.6101660280913,-12.5));
#5864=CARTESIAN_POINT('Ctrl Pts',(32.9439177232662,95.5904206830969,-12.5));
#5865=CARTESIAN_POINT('Ctrl Pts',(32.9491649526465,95.5707601749488,-12.5));
#5866=CARTESIAN_POINT('Ctrl Pts',(32.9548586987529,95.5511990969406,-12.5));
#5867=CARTESIAN_POINT('Ctrl Pts',(32.9576727604398,95.5415312826143,-12.5));
#5868=CARTESIAN_POINT('Ctrl Pts',(32.9605934953668,95.5318961568054,-12.5));
#5869=CARTESIAN_POINT('Ctrl Pts',(32.9636183991471,95.5222991589015,-12.5));
#5870=CARTESIAN_POINT('Ctrl Pts',(32.9800044829401,95.470311650127,-12.5));
#5871=CARTESIAN_POINT('Ctrl Pts',(32.9994532917207,95.4194085108013,-12.5));
#5872=CARTESIAN_POINT('Ctrl Pts',(33.021769588874,95.3698587520964,-12.5));
#5873=CARTESIAN_POINT('Ctrl Pts',(33.0445463513766,95.3192866039334,-12.5));
#5874=CARTESIAN_POINT('Ctrl Pts',(33.0703102965806,95.2701231543791,-12.5));
#5875=CARTESIAN_POINT('Ctrl Pts',(33.0989077547745,95.2226557109352,-12.5));
#5876=CARTESIAN_POINT('Ctrl Pts',(33.1195269505989,95.1884309730226,-12.5));
#5877=CARTESIAN_POINT('Ctrl Pts',(33.1416203328179,95.1550878915764,-12.5));
#5878=CARTESIAN_POINT('Ctrl Pts',(33.1651463974293,95.1227396623812,-12.5));
#5879=CARTESIAN_POINT('Ctrl Pts',(33.1723500399716,95.1128346874589,-12.5));
#5880=CARTESIAN_POINT('Ctrl Pts',(33.1796880980413,95.1030230361806,-12.5));
#5881=CARTESIAN_POINT('Ctrl Pts',(33.1871596162542,95.0933081038968,-12.5));
#5882=CARTESIAN_POINT('Ctrl Pts',(33.1925435984682,95.0863075156448,-12.5));
#5883=CARTESIAN_POINT('Ctrl Pts',(33.197995859538,95.0793585835553,-12.5));
#5884=CARTESIAN_POINT('Ctrl Pts',(33.203510019503,95.072469716634,-12.5));
#5885=CARTESIAN_POINT('Ctrl Pts',(33.2390394544351,95.0280826203968,-12.5));
#5886=CARTESIAN_POINT('Ctrl Pts',(33.2771998156507,94.9861027780307,-12.5));
#5887=CARTESIAN_POINT('Ctrl Pts',(33.3178159164296,94.9468197294008,-12.5));
#5888=CARTESIAN_POINT('Ctrl Pts',(33.3478548268778,94.9177667194542,-12.5));
#5889=CARTESIAN_POINT('Ctrl Pts',(33.3792381133432,94.890188794622,-12.5));
#5890=CARTESIAN_POINT('Ctrl Pts',(33.4119118650731,94.8642101276387,-12.5));
#5891=CARTESIAN_POINT('Ctrl Pts',(33.4549707807675,94.8299742908505,-12.5));
#5892=CARTESIAN_POINT('Ctrl Pts',(33.5002697160473,94.7985140289209,-12.5));
#5893=CARTESIAN_POINT('Ctrl Pts',(33.5475049785957,94.7698340433584,-12.5));
#5894=CARTESIAN_POINT('Ctrl Pts',(33.561028033359,94.7616232069101,-12.5));
#5895=CARTESIAN_POINT('Ctrl Pts',(33.5747100158213,94.7536404907252,-12.5));
#5896=CARTESIAN_POINT('Ctrl Pts',(33.5885442843024,94.7458866012671,-12.5));
#5897=CARTESIAN_POINT('Ctrl Pts',(33.5975640912982,94.7408311415965,-12.5));
#5898=CARTESIAN_POINT('Ctrl Pts',(33.6066488208313,94.7358729859982,-12.5));
#5899=CARTESIAN_POINT('Ctrl Pts',(33.6157831643745,94.7310192009963,-12.5));
#5900=CARTESIAN_POINT('Ctrl Pts',(33.665821572923,94.704429914554,-12.5));
#5901=CARTESIAN_POINT('Ctrl Pts',(33.7174418941372,94.6809147684276,-12.5));
#5902=CARTESIAN_POINT('Ctrl Pts',(33.7702916137378,94.6604416699379,-12.5));
#5903=CARTESIAN_POINT('Ctrl Pts',(33.8244143902284,94.6394754104761,-12.5));
#5904=CARTESIAN_POINT('Ctrl Pts',(33.879827354914,94.6216990697577,-12.5));
#5905=CARTESIAN_POINT('Ctrl Pts',(33.9361903299816,94.6071187532978,-12.5));
#5906=CARTESIAN_POINT('Ctrl Pts',(33.9718584524606,94.5978919069035,-12.5));
#5907=CARTESIAN_POINT('Ctrl Pts',(34.0079077593641,94.5899458144715,-12.5));
#5908=CARTESIAN_POINT('Ctrl Pts',(34.0442572256378,94.5832913586253,-12.5));
#5909=CARTESIAN_POINT('Ctrl Pts',(34.0724919900195,94.578122452114,-12.5));
#5910=CARTESIAN_POINT('Ctrl Pts',(34.1009079475811,94.5737330007109,-12.5));
#5911=CARTESIAN_POINT('Ctrl Pts',(34.1294680500975,94.5701313434813,-12.5));
#5912=CARTESIAN_POINT('Ctrl Pts',(34.1406144309104,94.5687256957594,-12.5));
#5913=CARTESIAN_POINT('Ctrl Pts',(34.1517738241059,94.5674412190125,-12.5));
#5914=CARTESIAN_POINT('Ctrl Pts',(34.1629416960187,94.5662781360164,-12.5));
#5915=CARTESIAN_POINT('Ctrl Pts',(34.2174645343603,94.5605998307251,-12.5));
#5916=CARTESIAN_POINT('Ctrl Pts',(34.2722048715258,94.5578102616059,-12.5));
#5917=CARTESIAN_POINT('Ctrl Pts',(34.3268940879707,94.5579231111455,-12.5));
#5918=CARTESIAN_POINT('Ctrl Pts',(34.3682630096491,94.5580084746607,-12.5));
#5919=CARTESIAN_POINT('Ctrl Pts',(34.4096031647884,94.559755206138,-12.5));
#5920=CARTESIAN_POINT('Ctrl Pts',(34.4508021277495,94.5631820792018,-12.5));
#5921=CARTESIAN_POINT('Ctrl Pts',(34.4650091397216,94.5643637989138,-12.5));
#5922=CARTESIAN_POINT('Ctrl Pts',(34.4792009836818,94.5657455930133,-12.5));
#5923=CARTESIAN_POINT('Ctrl Pts',(34.4933680492656,94.567327987642,-12.5));
#5924=CARTESIAN_POINT('Ctrl Pts',(34.5539376469609,94.5740933269771,-12.5));
#5925=CARTESIAN_POINT('Ctrl Pts',(34.6138939626071,94.5845028412804,-12.5));
#5926=CARTESIAN_POINT('Ctrl Pts',(34.6728809771366,94.5985911102476,-12.5));
#5927=CARTESIAN_POINT('Ctrl Pts',(34.7187643498609,94.6095497475209,-12.5));
#5928=CARTESIAN_POINT('Ctrl Pts',(34.764061788237,94.6227351623635,-12.5));
#5929=CARTESIAN_POINT('Ctrl Pts',(34.808606694936,94.6381854801762,-12.5));
#5930=CARTESIAN_POINT('Ctrl Pts',(34.8209783004671,94.6424765484817,-12.5));
#5931=CARTESIAN_POINT('Ctrl Pts',(34.8332918444269,94.6469424402648,-12.5));
#5932=CARTESIAN_POINT('Ctrl Pts',(34.8455455050786,94.6515803172799,-12.5));
#5933=CARTESIAN_POINT('',(35.6305741635811,96.5519128147748,-12.5));
#5934=CARTESIAN_POINT('Origin',(34.1736648717868,96.0437156921115,-12.5));
#5935=CARTESIAN_POINT('',(33.2795283469764,96.9378522169218,-12.5));
#5936=CARTESIAN_POINT('Ctrl Pts',(35.6305741635811,96.5519128147748,-12.5));
#5937=CARTESIAN_POINT('Ctrl Pts',(35.6051072805341,96.6082259032798,-12.5));
#5938=CARTESIAN_POINT('Ctrl Pts',(35.5760749190634,96.662669073731,-12.5));
#5939=CARTESIAN_POINT('Ctrl Pts',(35.5438023927125,96.7150630947033,-12.5));
#5940=CARTESIAN_POINT('Ctrl Pts',(35.5120491440046,96.7666140752696,-12.5));
#5941=CARTESIAN_POINT('Ctrl Pts',(35.4771579904268,96.8161818734158,-12.5));
#5942=CARTESIAN_POINT('Ctrl Pts',(35.4393963906305,96.8635602954609,-12.5));
#5943=CARTESIAN_POINT('Ctrl Pts',(35.4105348473249,96.899772065804,-12.5));
#5944=CARTESIAN_POINT('Ctrl Pts',(35.3799955161904,96.934704231358,-12.5));
#5945=CARTESIAN_POINT('Ctrl Pts',(35.3478868291532,96.9682473884431,-12.5));
#5946=CARTESIAN_POINT('Ctrl Pts',(35.3304802213767,96.986431644258,-12.5));
#5947=CARTESIAN_POINT('Ctrl Pts',(35.3126122620439,97.0042074075897,-12.5));
#5948=CARTESIAN_POINT('Ctrl Pts',(35.2942995098188,97.0215551145664,-12.5));
#5949=CARTESIAN_POINT('Ctrl Pts',(35.287620479036,97.0278821738464,-12.5));
#5950=CARTESIAN_POINT('Ctrl Pts',(35.2808830490396,97.0341514658705,-12.5));
#5951=CARTESIAN_POINT('Ctrl Pts',(35.2740954913019,97.0403554728177,-12.5));
#5952=CARTESIAN_POINT('Ctrl Pts',(35.2303791887119,97.0803133273891,-12.5));
#5953=CARTESIAN_POINT('Ctrl Pts',(35.1845046384869,97.1176441527548,-12.5));
#5954=CARTESIAN_POINT('Ctrl Pts',(35.1367283103592,97.1521605342173,-12.5));
#5955=CARTESIAN_POINT('Ctrl Pts',(35.0899282750651,97.1859715852959,-12.5));
#5956=CARTESIAN_POINT('Ctrl Pts',(35.0413024176529,97.2170824121321,-12.5));
#5957=CARTESIAN_POINT('Ctrl Pts',(34.9910719394731,97.2452723301803,-12.5));
#5958=CARTESIAN_POINT('Ctrl Pts',(34.9534291508516,97.2663978930815,-12.5));
#5959=CARTESIAN_POINT('Ctrl Pts',(34.9148847274734,97.2858822068956,-12.5));
#5960=CARTESIAN_POINT('Ctrl Pts',(34.8755289698125,97.3036135671398,-12.5));
#5961=CARTESIAN_POINT('Ctrl Pts',(34.8556338717736,97.312577113299,-12.5));
#5962=CARTESIAN_POINT('Ctrl Pts',(34.8355314230285,97.3210924227659,-12.5));
#5963=CARTESIAN_POINT('Ctrl Pts',(34.8152333340901,97.3291433310932,-12.5));
#5964=CARTESIAN_POINT('Ctrl Pts',(34.8055754283027,97.3329739830508,-12.5));
#5965=CARTESIAN_POINT('Ctrl Pts',(34.7958808744276,97.3366964172439,-12.5));
#5966=CARTESIAN_POINT('Ctrl Pts',(34.7861550792674,97.340307941714,-12.5));
#5967=CARTESIAN_POINT('Ctrl Pts',(34.7339258677192,97.3597024562448,-12.5));
#5968=CARTESIAN_POINT('Ctrl Pts',(34.6807591749165,97.3759172437998,-12.5));
#5969=CARTESIAN_POINT('Ctrl Pts',(34.6268612378247,97.3887551397783,-12.5));
#5970=CARTESIAN_POINT('Ctrl Pts',(34.5867082744259,97.3983191341566,-12.5));
#5971=CARTESIAN_POINT('Ctrl Pts',(34.5461491045599,97.4060080443212,-12.5));
#5972=CARTESIAN_POINT('Ctrl Pts',(34.5052677636638,97.4117214825998,-12.5));
#5973=CARTESIAN_POINT('Ctrl Pts',(34.4503650407047,97.4193945019303,-12.5));
#5974=CARTESIAN_POINT('Ctrl Pts',(34.3948800975051,97.423505727319,-12.5));
#5975=CARTESIAN_POINT('Ctrl Pts',(34.3391279569277,97.4241370982046,-12.5));
#5976=CARTESIAN_POINT('Ctrl Pts',(34.3233319076808,97.424315982199,-12.5));
#5977=CARTESIAN_POINT('Ctrl Pts',(34.3075145193883,97.4242152568725,-12.5));
#5978=CARTESIAN_POINT('Ctrl Pts',(34.2916832691435,97.4238361728006,-12.5));
#5979=CARTESIAN_POINT('Ctrl Pts',(34.2815450478236,97.423593410027,-12.5));
#5980=CARTESIAN_POINT('Ctrl Pts',(34.2714010395545,97.4232363738872,-12.5));
#5981=CARTESIAN_POINT('Ctrl Pts',(34.2612679561885,97.4227663436351,-12.5));
#5982=CARTESIAN_POINT('Ctrl Pts',(34.2056711962415,97.4201874485302,-12.5));
#5983=CARTESIAN_POINT('Ctrl Pts',(34.1502916503736,97.4142095245588,-12.5));
#5984=CARTESIAN_POINT('Ctrl Pts',(34.0954373621786,97.4049669928407,-12.5));
#5985=CARTESIAN_POINT('Ctrl Pts',(34.0406039018969,97.3957279704682,-12.5));
#5986=CARTESIAN_POINT('Ctrl Pts',(33.9862941935683,97.3832262665169,-12.5));
#5987=CARTESIAN_POINT('Ctrl Pts',(33.9328347188622,97.3675480312213,-12.5));
#5988=CARTESIAN_POINT('Ctrl Pts',(33.9003364838462,97.3580171673647,-12.5));
#5989=CARTESIAN_POINT('Ctrl Pts',(33.8681528887903,97.347311527472,-12.5));
#5990=CARTESIAN_POINT('Ctrl Pts',(33.8363632841345,97.3354430625556,-12.5));
#5991=CARTESIAN_POINT('Ctrl Pts',(33.8199152274639,97.3293022757905,-12.5));
#5992=CARTESIAN_POINT('Ctrl Pts',(33.8035727313372,97.3228501078794,-12.5));
#5993=CARTESIAN_POINT('Ctrl Pts',(33.7873474115472,97.3160876977951,-12.5));
#5994=CARTESIAN_POINT('Ctrl Pts',(33.7742649095829,97.3106351554504,-12.5));
#5995=CARTESIAN_POINT('Ctrl Pts',(33.7612557801541,97.3049794575474,-12.5));
#5996=CARTESIAN_POINT('Ctrl Pts',(33.7483492801725,97.2991319757096,-12.5));
#5997=CARTESIAN_POINT('Ctrl Pts',(33.6994846491941,97.2769931276438,-12.5));
#5998=CARTESIAN_POINT('Ctrl Pts',(33.6520196651243,97.2520809870877,-12.5));
#5999=CARTESIAN_POINT('Ctrl Pts',(33.6062635908947,97.2244660136091,-12.5));
#6000=CARTESIAN_POINT('Ctrl Pts',(33.5742489399798,97.2051443442826,-12.5));
#6001=CARTESIAN_POINT('Ctrl Pts',(33.5430714579262,97.1844986586744,-12.5));
#6002=CARTESIAN_POINT('Ctrl Pts',(33.5128488776295,97.1625434742607,-12.5));
#6003=CARTESIAN_POINT('Ctrl Pts',(33.5005868589666,97.1536357344721,-12.5));
#6004=CARTESIAN_POINT('Ctrl Pts',(33.4884804918705,97.1445108054622,-12.5));
#6005=CARTESIAN_POINT('Ctrl Pts',(33.4765560103984,97.1351840112916,-12.5));
#6006=CARTESIAN_POINT('Ctrl Pts',(33.4362184025363,97.1036337449977,-12.5));
#6007=CARTESIAN_POINT('Ctrl Pts',(33.3979115811651,97.0697426152587,-12.5));
#6008=CARTESIAN_POINT('Ctrl Pts',(33.3619331996529,97.0335591261647,-12.5));
#6009=CARTESIAN_POINT('Ctrl Pts',(33.3399158516943,97.0114162604699,-12.5));
#6010=CARTESIAN_POINT('Ctrl Pts',(33.3187712456102,96.9884143379686,-12.5));
#6011=CARTESIAN_POINT('Ctrl Pts',(33.2985761396606,96.9645598197935,-12.5));
#6012=CARTESIAN_POINT('Ctrl Pts',(33.2916119036476,96.9563336438593,-12.5));
#6013=CARTESIAN_POINT('Ctrl Pts',(33.2847606469032,96.9480060479714,-12.5));
#6014=CARTESIAN_POINT('Ctrl Pts',(33.2780232659304,96.9395797787782,-12.5));
#6015=CARTESIAN_POINT('Origin',(34.1736648717868,96.0437156921115,-12.5));
#6016=CARTESIAN_POINT('Origin',(106.773664871787,117.443715692111,-12.5));
#6017=CARTESIAN_POINT('',(136.060492760266,131.088563135813,-12.5));
#6018=CARTESIAN_POINT('Origin',(106.773664871787,103.843715692111,-12.5));
#6019=CARTESIAN_POINT('',(137.512062384872,132.464528369734,-12.5));
#6020=CARTESIAN_POINT('Origin',(136.270350573891,132.320821103148,-12.5));
#6021=CARTESIAN_POINT('Origin',(106.773664871787,103.843715692111,-12.5));
#6022=CARTESIAN_POINT('Origin',(106.773664871787,117.443715692111,-12.5));
#6023=CARTESIAN_POINT('',(101.773664871787,126.615924505479,-12.5));
#6024=CARTESIAN_POINT('',(101.773664871793,121.279820098797,-12.5));
#6025=CARTESIAN_POINT('',(111.773664871787,126.615924505479,-12.5));
#6026=CARTESIAN_POINT('',(109.273664871787,126.615924505479,-12.5));
#6027=CARTESIAN_POINT('',(111.773664871787,121.279820098797,-12.5));
#6028=CARTESIAN_POINT('Origin',(106.773664871787,117.443715692111,-12.5));
#6029=CARTESIAN_POINT('',(137.873664871787,103.843715692111,-12.5));
#6030=CARTESIAN_POINT('Origin',(141.373664871787,103.843715692111,-12.5));
#6031=CARTESIAN_POINT('Origin',(88.4043754295563,140.498445337651,-12.35));
#6032=CARTESIAN_POINT('',(89.3543754295563,140.498445337651,-12.2));
#6033=CARTESIAN_POINT('Origin',(88.4043754295563,140.498445337651,-12.2));
#6034=CARTESIAN_POINT('',(87.280803998536,141.046247527675,-12.5));
#6035=CARTESIAN_POINT('Ctrl Pts',(87.280803998536,141.046247527675,-12.5));
#6036=CARTESIAN_POINT('Ctrl Pts',(87.2968666649135,141.079192910837,-12.5));
#6037=CARTESIAN_POINT('Ctrl Pts',(87.3146095564476,141.111366347718,-12.499764820815));
#6038=CARTESIAN_POINT('Ctrl Pts',(87.4035238142668,141.255699187619,-12.4980017286587));
#6039=CARTESIAN_POINT('Ctrl Pts',(87.4926762830783,141.356496174616,-12.4948839433915));
#6040=CARTESIAN_POINT('Ctrl Pts',(87.6409750625653,141.47988390346,-12.4919436698876));
#6041=CARTESIAN_POINT('Ctrl Pts',(87.6896095362374,141.514970300748,-12.4912223655827));
#6042=CARTESIAN_POINT('Ctrl Pts',(87.7610324756375,141.55951057614,-12.4906278271197));
#6043=CARTESIAN_POINT('Ctrl Pts',(87.7820364340191,141.571821966066,-12.4905042816997));
#6044=CARTESIAN_POINT('Ctrl Pts',(87.8183058536197,141.591770303687,-12.4903814541921));
#6045=CARTESIAN_POINT('Ctrl Pts',(87.8334079799006,141.599703755324,-12.490355997915));
#6046=CARTESIAN_POINT('Ctrl Pts',(87.8486569335293,141.607345673451,-12.490355997915));
#6047=CARTESIAN_POINT('Ctrl Pts',(87.8638342582875,141.614951695215,-12.490355997915));
#6048=CARTESIAN_POINT('Ctrl Pts',(87.8791564921598,141.622268644169,-12.4903812151565));
#6049=CARTESIAN_POINT('Ctrl Pts',(87.916716394658,141.639333568254,-12.4905030659314));
#6050=CARTESIAN_POINT('Ctrl Pts',(87.9390949382458,141.648774014399,-12.4906258598617));
#6051=CARTESIAN_POINT('Ctrl Pts',(88.0137525170578,141.677888452479,-12.4911900793526));
#6052=CARTESIAN_POINT('Ctrl Pts',(88.0670686838802,141.694905251471,-12.4918428739435));
#6053=CARTESIAN_POINT('Ctrl Pts',(88.2691306885892,141.745352378863,-12.4949269299357));
#6054=CARTESIAN_POINT('Ctrl Pts',(88.4233231477764,141.756258821266,-12.4987517695529));
#6055=CARTESIAN_POINT('Ctrl Pts',(88.5954293818046,141.733865293335,-12.4999180405337));
#6056=CARTESIAN_POINT('Ctrl Pts',(88.6168013746545,141.730452732493,-12.5));
#6057=CARTESIAN_POINT('Ctrl Pts',(88.6380307338951,141.726413252034,-12.5));
#6058=CARTESIAN_POINT('',(88.1932227829901,139.266408585014,-12.5));
#6059=CARTESIAN_POINT('Ctrl Pts',(89.5177377486831,139.930181009764,-12.5));
#6060=CARTESIAN_POINT('Ctrl Pts',(89.4655723976057,139.827976923737,-12.5));
#6061=CARTESIAN_POINT('Ctrl Pts',(89.3941439070253,139.730757209184,-12.4964199290587));
#6062=CARTESIAN_POINT('Ctrl Pts',(89.2513622472245,139.588193038805,-12.4909429284668));
#6063=CARTESIAN_POINT('Ctrl Pts',(89.1914195280949,139.538433858997,-12.4889754768996));
#6064=CARTESIAN_POINT('Ctrl Pts',(89.0958120998256,139.471921433303,-12.4870593045033));
#6065=CARTESIAN_POINT('Ctrl Pts',(89.0628574448591,139.451037903858,-12.4865859668902));
#6066=CARTESIAN_POINT('Ctrl Pts',(89.0046213432943,139.417485595269,-12.4861107608652));
#6067=CARTESIAN_POINT('Ctrl Pts',(88.9797068387574,139.404131492269,-12.4860146703192));
#6068=CARTESIAN_POINT('Ctrl Pts',(88.9286961978672,139.378758691697,-12.4860356564516));
#6069=CARTESIAN_POINT('Ctrl Pts',(88.9025782960936,139.366764832392,-12.4861567014867));
#6070=CARTESIAN_POINT('Ctrl Pts',(88.8381544217314,139.339572735941,-12.4867093782414));
#6071=CARTESIAN_POINT('Ctrl Pts',(88.7994722185895,139.325247832287,-12.4872552859711));
#6072=CARTESIAN_POINT('Ctrl Pts',(88.6724476703674,139.28466804502,-12.489605166174));
#6073=CARTESIAN_POINT('Ctrl Pts',(88.5817025191621,139.265546125929,-12.4921932112619));
#6074=CARTESIAN_POINT('Ctrl Pts',(88.3878051304115,139.246845797446,-12.4974767314425));
#6075=CARTESIAN_POINT('Ctrl Pts',(88.2878068808078,139.250198287282,-12.5));
#6076=CARTESIAN_POINT('Ctrl Pts',(88.1932227829901,139.266408585014,-12.5));
#6077=CARTESIAN_POINT('Origin',(88.4043754295563,140.498445337651,-12.5));
#6078=CARTESIAN_POINT('Origin',(106.773664871787,103.843715692111,-10.5));
#6079=CARTESIAN_POINT('',(97.9243498032937,140.798953789282,-10.5));
#6080=CARTESIAN_POINT('Origin',(97.4585963786361,142.743966320712,-10.5));
#6081=CARTESIAN_POINT('',(70.7410638977538,115.912338937789,-10.5));
#6082=CARTESIAN_POINT('Origin',(106.773664871787,103.843715692111,-10.5));
#6083=CARTESIAN_POINT('Origin',(68.84461121491,116.54752963493,-10.5));
#6084=CARTESIAN_POINT('Origin',(106.773664871787,103.843715692111,-12.5));
#6085=CARTESIAN_POINT('Origin',(106.773664871787,117.443715692111,-12.5));
#6086=CARTESIAN_POINT('Origin',(106.773664871787,103.843715692111,-12.5));
#6087=CARTESIAN_POINT('Origin',(88.4043754295563,140.498445337651,-12.5));
#6088=CARTESIAN_POINT('',(89.3543754295563,140.498445337651,-9.3));
#6089=CARTESIAN_POINT('Origin',(88.4043754295563,140.498445337651,-9.3));
#6090=CARTESIAN_POINT('Origin',(106.773664871787,144.843715692112,-12.35));
#6091=CARTESIAN_POINT('',(107.723664871787,144.843715692112,-12.2));
#6092=CARTESIAN_POINT('Origin',(106.773664871787,144.843715692112,-12.2));
#6093=CARTESIAN_POINT('Ctrl Pts',(106.014604626522,145.836855936014,-12.5));
#6094=CARTESIAN_POINT('Ctrl Pts',(106.043725503901,145.85911311516,-12.5));
#6095=CARTESIAN_POINT('Ctrl Pts',(106.07400267626,145.879927366879,-12.499764820815));
#6096=CARTESIAN_POINT('Ctrl Pts',(106.218159256605,145.969127110492,-12.4980017286587));
#6097=CARTESIAN_POINT('Ctrl Pts',(106.343023370522,146.019298300818,-12.4948839433915));
#6098=CARTESIAN_POINT('Ctrl Pts',(106.530886701586,146.063166609063,-12.4919436698876));
#6099=CARTESIAN_POINT('Ctrl Pts',(106.590086596004,146.072744698894,-12.4912223655827));
#6100=CARTESIAN_POINT('Ctrl Pts',(106.673895419046,146.080564774654,-12.4906278271197));
#6101=CARTESIAN_POINT('Ctrl Pts',(106.698189221508,146.082160942419,-12.4905042816997));
#6102=CARTESIAN_POINT('Ctrl Pts',(106.739552210717,146.08374527061,-12.4903814541921));
#6103=CARTESIAN_POINT('Ctrl Pts',(106.756608216213,146.084071690026,-12.490355997915));
#6104=CARTESIAN_POINT('Ctrl Pts',(106.773664871787,146.084071690026,-12.490355997915));
#6105=CARTESIAN_POINT('Ctrl Pts',(106.790641407179,146.084071690026,-12.490355997915));
#6106=CARTESIAN_POINT('Ctrl Pts',(106.807617980187,146.083748329949,-12.4903812151565));
#6107=CARTESIAN_POINT('Ctrl Pts',(106.848842824121,146.082176658202,-12.4905030659314));
#6108=CARTESIAN_POINT('Ctrl Pts',(106.873079257117,146.080590293732,-12.4906258598617));
#6109=CARTESIAN_POINT('Ctrl Pts',(106.952868645103,146.073170176228,-12.4911900793526));
#6110=CARTESIAN_POINT('Ctrl Pts',(107.008158308192,146.064496177842,-12.4918428739435));
#6111=CARTESIAN_POINT('Ctrl Pts',(107.211407235968,146.019066674578,-12.4949269299357));
#6112=CARTESIAN_POINT('Ctrl Pts',(107.354144467729,145.959734157141,-12.4987517695529));
#6113=CARTESIAN_POINT('Ctrl Pts',(107.497977499007,145.862604939096,-12.4999180405337));
#6114=CARTESIAN_POINT('Ctrl Pts',(107.515555506374,145.849978724031,-12.5));
#6115=CARTESIAN_POINT('Ctrl Pts',(107.532725117052,145.836855936014,-12.5));
#6116=CARTESIAN_POINT('Origin',(106.773664871787,103.843715692111,-9.5));
#6117=CARTESIAN_POINT('',(64.1057336033097,118.142234540877,-9.5));
#6118=CARTESIAN_POINT('Origin',(66.9502623545415,117.18899995096,-9.5));
#6119=CARTESIAN_POINT('',(149.441596140264,118.142234540877,-9.5));
#6120=CARTESIAN_POINT('Origin',(106.773664871787,103.843715692111,-9.5));
#6121=CARTESIAN_POINT('Origin',(146.597067389032,117.18899995096,-9.5));
#6122=CARTESIAN_POINT('Ctrl Pts',(136.457631232788,133.556711856736,-12.5));
#6123=CARTESIAN_POINT('Ctrl Pts',(136.493870045292,133.551220409645,-12.5));
#6124=CARTESIAN_POINT('Ctrl Pts',(136.529873890899,133.543894882895,-12.499764820815));
#6125=CARTESIAN_POINT('Ctrl Pts',(136.694172889344,133.502139008728,-12.4980017286587));
#6126=CARTESIAN_POINT('Ctrl Pts',(136.816993678768,133.447154929505,-12.4948839433915));
#6127=CARTESIAN_POINT('Ctrl Pts',(136.97903693687,133.342469485767,-12.4919436698876));
#6128=CARTESIAN_POINT('Ctrl Pts',(137.027045803676,133.30653181734,-12.4912223655827));
#6129=CARTESIAN_POINT('Ctrl Pts',(137.090882364773,133.251668661472,-12.4906278271197));
#6130=CARTESIAN_POINT('Ctrl Pts',(137.108904287516,133.235299578105,-12.4905042816997));
#6131=CARTESIAN_POINT('Ctrl Pts',(137.138773327382,133.20664216319,-12.4903814541921));
#6132=CARTESIAN_POINT('Ctrl Pts',(137.150854643415,133.194598257011,-12.490355997915));
#6133=CARTESIAN_POINT('Ctrl Pts',(137.162701574603,133.18232716412,-12.490355997915));
#6134=CARTESIAN_POINT('Ctrl Pts',(137.174492857233,133.1701137122,-12.490355997915));
#6135=CARTESIAN_POINT('Ctrl Pts',(137.186051530612,133.157675639094,-12.4903812151565));
#6136=CARTESIAN_POINT('Ctrl Pts',(137.213554094483,133.126925567711,-12.4905030659314));
#6137=CARTESIAN_POINT('Ctrl Pts',(137.229246556996,133.108387286861,-12.4906258598618));
#6138=CARTESIAN_POINT('Ctrl Pts',(137.27932709208,133.045830555933,-12.4911900793526));
#6139=CARTESIAN_POINT('Ctrl Pts',(137.311488930123,133.000028795418,-12.4918428739435));
#6140=CARTESIAN_POINT('Ctrl Pts',(137.419974816992,132.822251466269,-12.4949269299356));
#6141=CARTESIAN_POINT('Ctrl Pts',(137.476429221288,132.678351621962,-12.4987517695528));
#6142=CARTESIAN_POINT('Ctrl Pts',(137.506452596316,132.507411214694,-12.4999180405337));
#6143=CARTESIAN_POINT('Ctrl Pts',(137.509577944397,132.485995336257,-12.5));
#6144=CARTESIAN_POINT('Ctrl Pts',(137.512062384872,132.464528369734,-12.5));
#6145=CARTESIAN_POINT('Origin',(106.773664871787,144.843715692112,-12.5));
#6146=CARTESIAN_POINT('',(107.723664871787,144.843715692112,-9.3));
#6147=CARTESIAN_POINT('Origin',(106.773664871787,144.843715692112,-9.3));
#6148=CARTESIAN_POINT('Origin',(136.270350573891,132.320821103148,-12.35));
#6149=CARTESIAN_POINT('',(137.220350573891,132.320821103148,-12.2));
#6150=CARTESIAN_POINT('Origin',(136.270350573891,132.320821103148,-12.2));
#6151=CARTESIAN_POINT('Ctrl Pts',(136.060492760266,131.088563135813,-12.5));
#6152=CARTESIAN_POINT('Ctrl Pts',(135.947374328703,131.107827597766,-12.5));
#6153=CARTESIAN_POINT('Ctrl Pts',(135.833260393999,131.146964691051,-12.4964199290586));
#6154=CARTESIAN_POINT('Ctrl Pts',(135.654563246984,131.240658205767,-12.4909429284667));
#6155=CARTESIAN_POINT('Ctrl Pts',(135.589174188866,131.283006483539,-12.4889754768995));
#6156=CARTESIAN_POINT('Ctrl Pts',(135.497145974214,131.35438919027,-12.4870593045032));
#6157=CARTESIAN_POINT('Ctrl Pts',(135.467374283884,131.379603819771,-12.4865859668902));
#6158=CARTESIAN_POINT('Ctrl Pts',(135.417962227085,131.425163117175,-12.4861107608652));
#6159=CARTESIAN_POINT('Ctrl Pts',(135.397777385388,131.444952931952,-12.4860146703192));
#6160=CARTESIAN_POINT('Ctrl Pts',(135.358329309905,131.486059060859,-12.4860356564516));
#6161=CARTESIAN_POINT('Ctrl Pts',(135.339083281351,131.507403564577,-12.4861567014866));
#6162=CARTESIAN_POINT('Ctrl Pts',(135.293893405684,131.560767605226,-12.4867093782414));
#6163=CARTESIAN_POINT('Ctrl Pts',(135.268670690926,131.593407004192,-12.4872552859711));
#6164=CARTESIAN_POINT('Ctrl Pts',(135.192009912526,131.702517407182,-12.489605166174));
#6165=CARTESIAN_POINT('Ctrl Pts',(135.146661805297,131.783411655604,-12.4921932112619));
#6166=CARTESIAN_POINT('Ctrl Pts',(135.070912287429,131.96287727959,-12.4974767314426));
#6167=CARTESIAN_POINT('Ctrl Pts',(135.044249898714,132.059313819034,-12.5));
#6168=CARTESIAN_POINT('Ctrl Pts',(135.031475423042,132.154422904214,-12.5));
#6169=CARTESIAN_POINT('Origin',(106.773664871787,103.843715692111,-10.5));
#6170=CARTESIAN_POINT('',(142.80626584582,115.912338937789,-10.5));
#6171=CARTESIAN_POINT('Origin',(144.702718528664,116.54752963493,-10.5));
#6172=CARTESIAN_POINT('',(115.62297994028,140.798953789282,-10.5));
#6173=CARTESIAN_POINT('Origin',(106.773664871787,103.843715692111,-10.5));
#6174=CARTESIAN_POINT('Origin',(116.088733364937,142.743966320712,-10.5));
#6175=CARTESIAN_POINT('Origin',(136.270350573891,132.320821103148,-12.5));
#6176=CARTESIAN_POINT('',(137.220350573891,132.320821103148,-9.3));
#6177=CARTESIAN_POINT('Origin',(136.270350573891,132.320821103148,-9.3));
#6178=CARTESIAN_POINT('Origin',(136.270350573891,132.320821103148,-9.3));
#6179=CARTESIAN_POINT('Origin',(106.773664871787,144.843715692112,-9.3));
#6180=CARTESIAN_POINT('Origin',(88.4043754295563,140.498445337651,-9.3));
#6181=CARTESIAN_POINT('Origin',(100.973664871787,139.315924505483,-32.7));
#6182=CARTESIAN_POINT('',(100.973664871787,140.115924505483,-32.7));
#6183=CARTESIAN_POINT('',(100.973664871787,139.315924505483,-33.5));
#6184=CARTESIAN_POINT('Origin',(100.973664871787,139.315924505483,-32.7));
#6185=CARTESIAN_POINT('',(101.773664871787,139.315924505483,-32.7));
#6186=CARTESIAN_POINT('Origin',(100.973664871787,139.315924505483,-32.7));
#6187=CARTESIAN_POINT('Origin',(100.973664871787,139.315924505483,-32.7));
#6188=CARTESIAN_POINT('Origin',(100.973664871787,139.315924505483,-8.5));
#6189=CARTESIAN_POINT('',(100.973664871787,140.115924505483,-13.2749323450901));
#6190=CARTESIAN_POINT('',(101.773664871787,139.315924505483,-13.2749323450901));
#6191=CARTESIAN_POINT('Origin',(100.973664871787,139.315924505483,-13.2749323450901));
#6192=CARTESIAN_POINT('',(101.773664871787,139.315924505483,-8.5));
#6193=CARTESIAN_POINT('',(100.973664871787,140.115924505483,-8.5));
#6194=CARTESIAN_POINT('Origin',(100.973664871787,125.915924505483,-32.7));
#6195=CARTESIAN_POINT('',(101.773664871787,125.915924505483,-32.7));
#6196=CARTESIAN_POINT('',(100.973664871787,125.915924505483,-33.5));
#6197=CARTESIAN_POINT('Origin',(100.973664871787,125.915924505483,-32.7));
#6198=CARTESIAN_POINT('',(100.973664871787,125.115924505483,-32.7));
#6199=CARTESIAN_POINT('Origin',(100.973664871787,125.915924505483,-32.7));
#6200=CARTESIAN_POINT('Origin',(100.973664871787,125.915924505483,-32.7));
#6201=CARTESIAN_POINT('Origin',(100.973664871787,125.915924505483,-8.5));
#6202=CARTESIAN_POINT('',(101.773664871787,125.915924505483,-13.3));
#6203=CARTESIAN_POINT('',(100.973664871787,125.115924505483,-13.3));
#6204=CARTESIAN_POINT('Origin',(100.973664871787,125.915924505483,-13.3));
#6205=CARTESIAN_POINT('',(100.973664871787,125.115924505483,-8.5));
#6206=CARTESIAN_POINT('',(101.773664871787,125.915924505483,-8.5));
#6207=CARTESIAN_POINT('Origin',(100.973664871787,124.315924505483,-13.3));
#6208=CARTESIAN_POINT('',(101.773664871787,125.831087071541,-12.7859159617183));
#6209=CARTESIAN_POINT('',(100.973664871787,125.00874482851,-12.9000000000001));
#6210=CARTESIAN_POINT('Ctrl Pts',(100.973664871787,125.00874482851,-12.9000000000001));
#6211=CARTESIAN_POINT('Ctrl Pts',(100.976421190088,125.009243505223,-12.9008637334028));
#6212=CARTESIAN_POINT('Ctrl Pts',(100.979180711149,125.009748489452,-12.9017136333922));
#6213=CARTESIAN_POINT('Ctrl Pts',(101.033309819686,125.019765760182,-12.9180859458041));
#6214=CARTESIAN_POINT('Ctrl Pts',(101.083223786855,125.030608390566,-12.927756351002));
#6215=CARTESIAN_POINT('Ctrl Pts',(101.209332971581,125.065151200363,-12.9384249224296));
#6216=CARTESIAN_POINT('Ctrl Pts',(101.286528478577,125.09284579978,-12.9344998554535));
#6217=CARTESIAN_POINT('Ctrl Pts',(101.454081495484,125.186809163752,-12.9156470851752));
#6218=CARTESIAN_POINT('Ctrl Pts',(101.534188236125,125.254021935328,-12.8998538683086));
#6219=CARTESIAN_POINT('Ctrl Pts',(101.66577105937,125.417458707635,-12.8635279163788));
#6220=CARTESIAN_POINT('Ctrl Pts',(101.714910075587,125.512422397616,-12.8427825855735));
#6221=CARTESIAN_POINT('Ctrl Pts',(101.76371565447,125.684941353244,-12.8093494068994));
#6222=CARTESIAN_POINT('Ctrl Pts',(101.773664871787,125.757750425169,-12.7964042252246));
#6223=CARTESIAN_POINT('Ctrl Pts',(101.773664871787,125.831087071541,-12.7859159617183));
#6224=CARTESIAN_POINT('Origin',(100.973664871787,124.315924505483,-13.3));
#6225=CARTESIAN_POINT('Origin',(101.773664871787,124.315924505483,-13.3));
#6226=CARTESIAN_POINT('Origin',(100.273664871793,125.915924505483,-32.7));
#6227=CARTESIAN_POINT('',(100.573664871787,125.115924505483,-32.7));
#6228=CARTESIAN_POINT('',(100.573664871787,125.915924505483,-33.5));
#6229=CARTESIAN_POINT('Origin',(100.573664871787,125.915924505483,-32.7));
#6230=CARTESIAN_POINT('',(100.273664871793,125.915924505483,-33.5));
#6231=CARTESIAN_POINT('',(100.273664871793,125.115924505483,-32.7));
#6232=CARTESIAN_POINT('Origin',(100.973664871787,129.615924505481,-32.7));
#6233=CARTESIAN_POINT('',(101.773664871787,129.615924505481,-32.7));
#6234=CARTESIAN_POINT('',(100.973664871787,129.615924505481,-33.5));
#6235=CARTESIAN_POINT('Origin',(101.273664871793,139.315924505483,-32.7));
#6236=CARTESIAN_POINT('',(100.573664871787,139.315924505483,-33.5));
#6237=CARTESIAN_POINT('',(100.573664871787,140.115924505483,-32.7));
#6238=CARTESIAN_POINT('Origin',(100.573664871787,139.315924505483,-32.7));
#6239=CARTESIAN_POINT('',(101.273664871793,140.115924505483,-32.7));
#6240=CARTESIAN_POINT('',(101.273664871793,139.315924505483,-33.5));
#6241=CARTESIAN_POINT('Origin',(100.573664871787,124.310138244968,-32.7));
#6242=CARTESIAN_POINT('',(99.7736648717868,139.315924505483,-32.7));
#6243=CARTESIAN_POINT('Origin',(100.573664871787,139.315924505483,-32.7));
#6244=CARTESIAN_POINT('',(100.573664871787,124.310138244968,-33.5));
#6245=CARTESIAN_POINT('',(99.7736648717868,125.915924505483,-32.7));
#6246=CARTESIAN_POINT('Origin',(100.573664871787,125.915924505483,-32.7));
#6247=CARTESIAN_POINT('',(99.7736648717868,124.310138244968,-32.7));
#6248=CARTESIAN_POINT('Origin',(100.573664871787,125.915924505483,-32.7));
#6249=CARTESIAN_POINT('Origin',(100.573664871787,125.915924505483,-32.7));
#6250=CARTESIAN_POINT('Ctrl Pts',(101.773664871787,140.402604836626,-11.7429216519483));
#6251=CARTESIAN_POINT('Ctrl Pts',(101.773664871787,140.086923710737,-11.8517187472044));
#6252=CARTESIAN_POINT('Ctrl Pts',(101.773664871787,139.528715186361,-12.2745602769398));
#6253=CARTESIAN_POINT('Ctrl Pts',(101.773664871787,139.315924505483,-12.9410351347683));
#6254=CARTESIAN_POINT('Ctrl Pts',(101.773664871787,139.315924505483,-13.2749323450901));
#6255=CARTESIAN_POINT('Ctrl Pts',(101.773664871787,140.445959358723,-11.8687173298177));
#6256=CARTESIAN_POINT('Ctrl Pts',(101.77365834352,140.156323946859,-11.9669701287557));
#6257=CARTESIAN_POINT('Ctrl Pts',(101.773662350002,139.639578770287,-12.3506212729053));
#6258=CARTESIAN_POINT('Ctrl Pts',(101.773671475597,139.437432720746,-12.9656879434421));
#6259=CARTESIAN_POINT('Ctrl Pts',(101.773664871787,139.435604225619,-13.2749323450901));
#6260=CARTESIAN_POINT('Ctrl Pts',(101.705745977929,140.532425552063,-12.1196040396208));
#6261=CARTESIAN_POINT('Ctrl Pts',(101.707281380358,140.294783345352,-12.1968275102513));
#6262=CARTESIAN_POINT('Ctrl Pts',(101.712729442402,139.86082357755,-12.50240199927));
#6263=CARTESIAN_POINT('Ctrl Pts',(101.71720389014,139.67995949741,-13.014923125347));
#6264=CARTESIAN_POINT('Ctrl Pts',(101.718896816738,139.674496297783,-13.2749323450901));
#6265=CARTESIAN_POINT('Ctrl Pts',(101.378970350665,140.647434012372,-12.4533078039682));
#6266=CARTESIAN_POINT('Ctrl Pts',(101.387298465449,140.479566437525,-12.504938630342));
#6267=CARTESIAN_POINT('Ctrl Pts',(101.416995005214,140.162699072346,-12.712862905246));
#6268=CARTESIAN_POINT('Ctrl Pts',(101.441825221494,140.019051829912,-13.0841428773084));
#6269=CARTESIAN_POINT('Ctrl Pts',(101.451255814264,140.01093610374,-13.2749323450901));
#6270=CARTESIAN_POINT('Ctrl Pts',(101.030440989806,140.670624175147,-12.5205954156209));
#6271=CARTESIAN_POINT('Ctrl Pts',(101.044241085593,140.518619319158,-12.5713378094482));
#6272=CARTESIAN_POINT('Ctrl Pts',(101.093855436532,140.239188892517,-12.7720868341059));
#6273=CARTESIAN_POINT('Ctrl Pts',(101.136753062932,140.120284603033,-13.1059372580011));
#6274=CARTESIAN_POINT('Ctrl Pts',(101.153184451992,140.115924505483,-13.2749323450901));
#6275=CARTESIAN_POINT('Ctrl Pts',(100.833923919986,140.659264671055,-12.4876351510748));
#6276=CARTESIAN_POINT('Ctrl Pts',(100.84921554741,140.50142410811,-12.5449030794422));
#6277=CARTESIAN_POINT('Ctrl Pts',(100.904775386706,140.222319845922,-12.7661189018662));
#6278=CARTESIAN_POINT('Ctrl Pts',(100.954499443567,140.115924505483,-13.1057537943986));
#6279=CARTESIAN_POINT('Ctrl Pts',(100.973664871787,140.115924505483,-13.2749323450901));
#6280=CARTESIAN_POINT('Origin',(101.773664871787,140.920038054995,-13.2645804606487));
#6281=CARTESIAN_POINT('Ctrl Pts',(100.973664871787,140.115924505483,-13.2749323450901));
#6282=CARTESIAN_POINT('Ctrl Pts',(100.954499443567,140.115924505483,-13.1057537943986));
#6283=CARTESIAN_POINT('Ctrl Pts',(100.906461800291,140.218711400455,-12.7776377708607));
#6284=CARTESIAN_POINT('Ctrl Pts',(100.852977508261,140.482690876553,-12.5600445586044));
#6285=CARTESIAN_POINT('Ctrl Pts',(100.837203678409,140.627405476603,-12.5000176042226));
#6286=CARTESIAN_POINT('Origin',(100.573664871787,139.315924505483,-32.7));
#6287=CARTESIAN_POINT('Origin',(100.573664871787,139.315924505483,-32.7));
#6288=CARTESIAN_POINT('Ctrl Pts',(101.398896800044,140.915924505483,-12.5));
#6289=CARTESIAN_POINT('Ctrl Pts',(101.053603418214,140.967283956655,-12.5));
#6290=CARTESIAN_POINT('Ctrl Pts',(100.69987888137,141.034776950799,-12.4368257695008));
#6291=CARTESIAN_POINT('Ctrl Pts',(100.319341372021,141.122651475489,-12.3387735694023));
#6292=CARTESIAN_POINT('Ctrl Pts',(101.398896800044,140.796244785346,-12.5));
#6293=CARTESIAN_POINT('Ctrl Pts',(101.053620388202,140.842713872238,-12.4922950020606));
#6294=CARTESIAN_POINT('Ctrl Pts',(100.703088651135,140.904169478538,-12.4184754212462));
#6295=CARTESIAN_POINT('Ctrl Pts',(100.330415401799,140.987798714076,-12.3044431651175));
#6296=CARTESIAN_POINT('Ctrl Pts',(101.398896800044,140.557322505818,-12.5547973085258));
#6297=CARTESIAN_POINT('Ctrl Pts',(101.046643524959,140.590531133793,-12.5362990168892));
#6298=CARTESIAN_POINT('Ctrl Pts',(100.694354663859,140.635067981656,-12.4456519898413));
#6299=CARTESIAN_POINT('Ctrl Pts',(100.330269213919,140.699557311122,-12.3048963595865));
#6300=CARTESIAN_POINT('Ctrl Pts',(101.398896800044,140.220868075534,-12.8223871315842));
#6301=CARTESIAN_POINT('Ctrl Pts',(101.012561572981,140.229786744825,-12.8030355999344));
#6302=CARTESIAN_POINT('Ctrl Pts',(100.630328011607,140.241754510837,-12.7025739088462));
#6303=CARTESIAN_POINT('Ctrl Pts',(100.252781415629,140.260661400739,-12.545114915576));
#6304=CARTESIAN_POINT('Ctrl Pts',(101.398896800044,140.115924505483,-13.1204804197949));
#6305=CARTESIAN_POINT('Ctrl Pts',(100.974625499587,140.115778973222,-13.1130979838898));
#6306=CARTESIAN_POINT('Ctrl Pts',(100.553705306512,140.116330771789,-13.0202119260018));
#6307=CARTESIAN_POINT('Ctrl Pts',(100.146368630204,140.115924505483,-12.8750033137216));
#6308=CARTESIAN_POINT('Ctrl Pts',(101.398896800044,140.115924505483,-13.3));
#6309=CARTESIAN_POINT('Ctrl Pts',(100.95173940285,140.115924505483,-13.3));
#6310=CARTESIAN_POINT('Ctrl Pts',(100.50764442219,140.115924505483,-13.2115560773012));
#6311=CARTESIAN_POINT('Ctrl Pts',(100.08208656902,140.115924505483,-13.0742829971632));
#6312=CARTESIAN_POINT('',(100.573664871789,140.115924505483,-13.2079607176881));
#6313=CARTESIAN_POINT('Ctrl Pts',(100.973722732418,140.115924505483,-13.2744410168701));
#6314=CARTESIAN_POINT('Ctrl Pts',(100.839543385846,140.115924505483,-13.2586394012827));
#6315=CARTESIAN_POINT('Ctrl Pts',(100.706094329102,140.115924505483,-13.2358997941967));
#6316=CARTESIAN_POINT('Ctrl Pts',(100.573803690269,140.115924505483,-13.2073181898153));
#6317=CARTESIAN_POINT('',(100.338750907604,141.118179262551,-12.3437537163948));
#6318=CARTESIAN_POINT('Ctrl Pts',(100.338750907604,141.118179262551,-12.3437537163948));
#6319=CARTESIAN_POINT('Ctrl Pts',(100.324329988317,140.982048958642,-12.3018274593942));
#6320=CARTESIAN_POINT('Ctrl Pts',(100.325012531235,140.688895500029,-12.3054745253099));
#6321=CARTESIAN_POINT('Ctrl Pts',(100.430688256158,140.254944967196,-12.6108191933298));
#6322=CARTESIAN_POINT('Ctrl Pts',(100.52980161968,140.115924505482,-12.9867114679448));
#6323=CARTESIAN_POINT('Ctrl Pts',(100.573664871787,140.115924505483,-13.2079607176876));
#6324=CARTESIAN_POINT('Ctrl Pts',(100.338751911777,141.118181488672,-12.3437505592036));
#6325=CARTESIAN_POINT('Ctrl Pts',(100.711919398893,141.032483749056,-12.4389583022487));
#6326=CARTESIAN_POINT('Ctrl Pts',(101.059481374378,140.966409660713,-12.5));
#6327=CARTESIAN_POINT('Ctrl Pts',(101.398896800044,140.915924505483,-12.5));
#6328=CARTESIAN_POINT('Origin',(101.773664871793,140.115924505483,-12.5));
#6329=CARTESIAN_POINT('',(100.573664871787,140.115924505483,-7.5));
#6330=CARTESIAN_POINT('Origin',(100.573664871787,139.315924505483,-7.5));
#6331=CARTESIAN_POINT('',(99.7736648717868,139.315924505483,-13.2079607176881));
#6332=CARTESIAN_POINT('',(99.7736648717868,139.315924505483,-7.5));
#6333=CARTESIAN_POINT('Origin',(100.573664871787,139.315924505483,-13.2079607176881));
#6334=CARTESIAN_POINT('Origin',(99.7736648717868,116.004351984453,-2.5));
#6335=CARTESIAN_POINT('',(99.7736648717868,125.915924505483,-13.3));
#6336=CARTESIAN_POINT('',(99.7736648717868,125.915924505483,-7.5));
#6337=CARTESIAN_POINT('',(99.7736648717868,124.315924505483,-10.5));
#6338=CARTESIAN_POINT('Ctrl Pts',(99.7736648717868,124.315924505483,-10.5));
#6339=CARTESIAN_POINT('Ctrl Pts',(99.7736648717868,124.336253222469,-10.5));
#6340=CARTESIAN_POINT('Ctrl Pts',(99.7736648717868,124.356577208774,-10.5000003768361));
#6341=CARTESIAN_POINT('Ctrl Pts',(99.7736648717868,124.376787640077,-10.5000781887798));
#6342=CARTESIAN_POINT('Ctrl Pts',(99.7736648717868,124.398244494526,-10.5001607995627));
#6343=CARTESIAN_POINT('Ctrl Pts',(99.7736648717868,124.419573698957,-10.5003307845271));
#6344=CARTESIAN_POINT('Ctrl Pts',(99.7736648717868,124.440706367912,-10.5006744434607));
#6345=CARTESIAN_POINT('Ctrl Pts',(99.7736648717868,124.463685713321,-10.5010481330004));
#6346=CARTESIAN_POINT('Ctrl Pts',(99.7736648717868,124.486433193235,-10.5016273488813));
#6347=CARTESIAN_POINT('Ctrl Pts',(99.7736648717868,124.508924226391,-10.5025140764722));
#6348=CARTESIAN_POINT('Ctrl Pts',(99.7736648717868,124.534704164517,-10.5035304718627));
#6349=CARTESIAN_POINT('Ctrl Pts',(99.7736648717868,124.560148225084,-10.5049513408405));
#6350=CARTESIAN_POINT('Ctrl Pts',(99.7736648717868,124.585288651274,-10.5069136802519));
#6351=CARTESIAN_POINT('Ctrl Pts',(99.7736648717868,124.613988661406,-10.5091538634757));
#6352=CARTESIAN_POINT('Ctrl Pts',(99.7736648717868,124.642296986989,-10.5121005358417));
#6353=CARTESIAN_POINT('Ctrl Pts',(99.7736648717868,124.670305555567,-10.5159264358614));
#6354=CARTESIAN_POINT('Ctrl Pts',(99.7736648717868,124.694665074782,-10.5192538849163));
#6355=CARTESIAN_POINT('Ctrl Pts',(99.7736648717868,124.718800994998,-10.523245972507));
#6356=CARTESIAN_POINT('Ctrl Pts',(99.7736648717868,124.742751733978,-10.5279939993913));
#6357=CARTESIAN_POINT('Ctrl Pts',(99.7736648717868,124.763407560048,-10.5320888382846));
#6358=CARTESIAN_POINT('Ctrl Pts',(99.7736648717868,124.783926399412,-10.5367456447134));
#6359=CARTESIAN_POINT('Ctrl Pts',(99.7736648717868,124.804293918267,-10.542009542143));
#6360=CARTESIAN_POINT('Ctrl Pts',(99.7736648717868,124.830428813217,-10.5487639930578));
#6361=CARTESIAN_POINT('Ctrl Pts',(99.7736648717868,124.856307761045,-10.5565176663037));
#6362=CARTESIAN_POINT('Ctrl Pts',(99.7736648717868,124.881820373344,-10.5653406747869));
#6363=CARTESIAN_POINT('Ctrl Pts',(99.7736648717868,124.908093406136,-10.5744266589456));
#6364=CARTESIAN_POINT('Ctrl Pts',(99.7736648717868,124.933977680661,-10.5846468113901));
#6365=CARTESIAN_POINT('Ctrl Pts',(99.7736648717868,124.959418577162,-10.596065862889));
#6366=CARTESIAN_POINT('Ctrl Pts',(99.7736648717868,124.988167800851,-10.608969844706));
#6367=CARTESIAN_POINT('Ctrl Pts',(99.7736648717868,125.016352033327,-10.6234056832406));
#6368=CARTESIAN_POINT('Ctrl Pts',(99.7736648717868,125.043963697557,-10.6394428357271));
#6369=CARTESIAN_POINT('Ctrl Pts',(99.7736648717868,125.073816904446,-10.6567819003741));
#6370=CARTESIAN_POINT('Ctrl Pts',(99.7736648717868,125.103004345598,-10.6759940180523));
#6371=CARTESIAN_POINT('Ctrl Pts',(99.7736648717868,125.13155604304,-10.6971238564561));
#6372=CARTESIAN_POINT('Ctrl Pts',(99.7736648717868,125.156238007023,-10.7153898776455));
#6373=CARTESIAN_POINT('Ctrl Pts',(99.7736648717868,125.180447265752,-10.7350885902675));
#6374=CARTESIAN_POINT('Ctrl Pts',(99.7736648717868,125.204189692375,-10.7562156661682));
#6375=CARTESIAN_POINT('Ctrl Pts',(99.7736648717868,125.227170797611,-10.7766652841581));
#6376=CARTESIAN_POINT('Ctrl Pts',(99.7736648717868,125.249716104782,-10.7984532206744));
#6377=CARTESIAN_POINT('Ctrl Pts',(99.7736648717868,125.27178987397,-10.8215433263794));
#6378=CARTESIAN_POINT('Ctrl Pts',(99.7736648717868,125.301357822586,-10.8524726639665));
#6379=CARTESIAN_POINT('Ctrl Pts',(99.7736648717868,125.330069434111,-10.8857365651356));
#6380=CARTESIAN_POINT('Ctrl Pts',(99.7736648717868,125.357822415647,-10.921201264639));
#6381=CARTESIAN_POINT('Ctrl Pts',(99.7736648717868,125.386967968817,-10.958445489505));
#6382=CARTESIAN_POINT('Ctrl Pts',(99.7736648717868,125.41505662333,-10.9981172297688));
#6383=CARTESIAN_POINT('Ctrl Pts',(99.7736648717868,125.442013649215,-11.0400234150077));
#6384=CARTESIAN_POINT('Ctrl Pts',(99.7736648717868,125.469820691534,-11.0832509977277));
#6385=CARTESIAN_POINT('Ctrl Pts',(99.7736648717868,125.496424258333,-11.1288563984036));
#6386=CARTESIAN_POINT('Ctrl Pts',(99.7736648717868,125.521779831854,-11.1765839259509));
#6387=CARTESIAN_POINT('Ctrl Pts',(99.7736648717868,125.547776918606,-11.2255189923603));
#6388=CARTESIAN_POINT('Ctrl Pts',(99.7736648717868,125.572462905509,-11.2766851431187));
#6389=CARTESIAN_POINT('Ctrl Pts',(99.7736648717868,125.595817087779,-11.3297580240398));
#6390=CARTESIAN_POINT('Ctrl Pts',(99.7736648717868,125.619434246911,-11.3834285255285));
#6391=CARTESIAN_POINT('Ctrl Pts',(99.7736648717868,125.641690445088,-11.43904905299));
#6392=CARTESIAN_POINT('Ctrl Pts',(99.7736648717868,125.662577598354,-11.4962325694657));
#6393=CARTESIAN_POINT('Ctrl Pts',(99.7736648717868,125.683302876711,-11.5529729151353));
#6394=CARTESIAN_POINT('Ctrl Pts',(99.7736648717868,125.702681265034,-11.6112520684827));
#6395=CARTESIAN_POINT('Ctrl Pts',(99.7736648717868,125.720702698601,-11.6706411692438));
#6396=CARTESIAN_POINT('Ctrl Pts',(99.7736648717868,125.740188906731,-11.7348573912089));
#6397=CARTESIAN_POINT('Ctrl Pts',(99.7736648717868,125.758085242467,-11.8003666926999));
#6398=CARTESIAN_POINT('Ctrl Pts',(99.7736648717868,125.774375909661,-11.8665823514614));
#6399=CARTESIAN_POINT('Ctrl Pts',(99.7736648717868,125.790065218455,-11.9303537062477));
#6400=CARTESIAN_POINT('Ctrl Pts',(99.7736648717868,125.804265163531,-11.9947794142174));
#6401=CARTESIAN_POINT('Ctrl Pts',(99.7736648717868,125.817010126701,-12.0593658043629));
#6402=CARTESIAN_POINT('Ctrl Pts',(99.7736648717868,125.829430091734,-12.1223052335667));
#6403=CARTESIAN_POINT('Ctrl Pts',(99.7736648717868,125.84046875733,-12.1853971609877));
#6404=CARTESIAN_POINT('Ctrl Pts',(99.7736648717868,125.850199636404,-12.2482177431675));
#6405=CARTESIAN_POINT('Ctrl Pts',(99.7736648717868,125.859930482293,-12.3110381111151));
#6406=CARTESIAN_POINT('Ctrl Pts',(99.7736648717868,125.868353783633,-12.3735869071782));
#6407=CARTESIAN_POINT('Ctrl Pts',(99.7736648717868,125.875580685503,-12.4354763364553));
#6408=CARTESIAN_POINT('Ctrl Pts',(99.7736648717868,125.882795454265,-12.497261860736));
#6409=CARTESIAN_POINT('Ctrl Pts',(99.7736648717868,125.888818078587,-12.5583900141935));
#6410=CARTESIAN_POINT('Ctrl Pts',(99.7736648717868,125.893793083655,-12.6185141905395));
#6411=CARTESIAN_POINT('Ctrl Pts',(99.7736648717868,125.899006776348,-12.6815229663505));
#6412=CARTESIAN_POINT('Ctrl Pts',(99.7736648717868,125.903069913514,-12.7434284669269));
#6413=CARTESIAN_POINT('Ctrl Pts',(99.7736648717868,125.906184655526,-12.803882038302));
#6414=CARTESIAN_POINT('Ctrl Pts',(99.7736648717868,125.907712154943,-12.8335290506938));
#6415=CARTESIAN_POINT('Ctrl Pts',(99.7736648717868,125.909012070172,-12.862828351874));
#6416=CARTESIAN_POINT('Ctrl Pts',(99.7736648717868,125.910111227242,-12.8917414857192));
#6417=CARTESIAN_POINT('Ctrl Pts',(99.7736648717868,125.911378665518,-12.925081227141));
#6418=CARTESIAN_POINT('Ctrl Pts',(99.7736648717868,125.912378672984,-12.9579050370421));
#6419=CARTESIAN_POINT('Ctrl Pts',(99.7736648717868,125.913161305261,-12.9900719967962));
#6420=CARTESIAN_POINT('Ctrl Pts',(99.7736648717868,125.913618159919,-13.0088491746141));
#6421=CARTESIAN_POINT('Ctrl Pts',(99.7736648717868,125.914001150999,-13.0274010871938));
#6422=CARTESIAN_POINT('Ctrl Pts',(99.7736648717868,125.914321434908,-13.0457307131766));
#6423=CARTESIAN_POINT('Ctrl Pts',(99.7736648717868,125.914620733996,-13.0628593923582));
#6424=CARTESIAN_POINT('Ctrl Pts',(99.7736648717868,125.914865298285,-13.0797928899684));
#6425=CARTESIAN_POINT('Ctrl Pts',(99.7736648717868,125.915064560403,-13.0965807053955));
#6426=CARTESIAN_POINT('Ctrl Pts',(99.7736648717868,125.915221233723,-13.1097804185082));
#6427=CARTESIAN_POINT('Ctrl Pts',(99.7736648717868,125.915349891847,-13.122898280946));
#6428=CARTESIAN_POINT('Ctrl Pts',(99.7736648717868,125.915455252184,-13.135935003281));
#6429=CARTESIAN_POINT('Ctrl Pts',(99.7736648717868,125.915640394584,-13.1588435295876));
#6430=CARTESIAN_POINT('Ctrl Pts',(99.7736648717868,125.915753477186,-13.1814956261031));
#6431=CARTESIAN_POINT('Ctrl Pts',(99.7736648717868,125.91582164695,-13.2036730473026));
#6432=CARTESIAN_POINT('Ctrl Pts',(99.7736648717868,125.915859289024,-13.2159190061911));
#6433=CARTESIAN_POINT('Ctrl Pts',(99.7736648717868,125.915883272765,-13.228017610699));
#6434=CARTESIAN_POINT('Ctrl Pts',(99.7736648717868,125.915898451338,-13.2399603785429));
#6435=CARTESIAN_POINT('Ctrl Pts',(99.7736648717868,125.915911581799,-13.2502916558296));
#6436=CARTESIAN_POINT('Ctrl Pts',(99.7736648717868,125.915918125889,-13.2605058788322));
#6437=CARTESIAN_POINT('Ctrl Pts',(99.7736648717868,125.915921356248,-13.2706349746076));
#6438=CARTESIAN_POINT('Ctrl Pts',(99.7736648717868,125.915924495689,-13.2804789860378));
#6439=CARTESIAN_POINT('Ctrl Pts',(99.7736648717868,125.915924505483,-13.2902418050027));
#6440=CARTESIAN_POINT('Ctrl Pts',(99.7736648717868,125.915924505483,-13.3));
#6441=CARTESIAN_POINT('',(99.7736648717868,117.463111400973,-10.5));
#6442=CARTESIAN_POINT('',(99.7736648717868,116.724033838282,-10.5));
#6443=CARTESIAN_POINT('',(99.7736648717868,117.463111400973,-4.5));
#6444=CARTESIAN_POINT('',(99.7736648717868,117.463111400973,-2.5));
#6445=CARTESIAN_POINT('',(99.7736648717868,139.340194390709,-4.5));
#6446=CARTESIAN_POINT('',(99.7736648717868,116.724033838282,-4.5));
#6447=CARTESIAN_POINT('',(99.7736648717868,139.340194390709,-10.5));
#6448=CARTESIAN_POINT('',(99.7736648717868,139.340194390709,-2.5));
#6449=CARTESIAN_POINT('',(99.7736648717868,140.115924505483,-11.3480833837271));
#6450=CARTESIAN_POINT('Ctrl Pts',(99.7736648717868,139.340194390709,-10.5));
#6451=CARTESIAN_POINT('Ctrl Pts',(99.7736648717868,139.576176144421,-10.7724882580585));
#6452=CARTESIAN_POINT('Ctrl Pts',(99.7736648717868,139.835209231199,-11.072680338074));
#6453=CARTESIAN_POINT('Ctrl Pts',(99.7736648717868,140.115924505486,-11.3480833837303));
#6454=CARTESIAN_POINT('',(99.7736648717868,140.425612185803,-11.6324833633273));
#6455=CARTESIAN_POINT('Ctrl Pts',(99.7736648717868,140.425612185803,-11.6324833633273));
#6456=CARTESIAN_POINT('Ctrl Pts',(99.7736648717868,140.323058458176,-11.5449706608786));
#6457=CARTESIAN_POINT('Ctrl Pts',(99.7736648717868,140.222730769279,-11.4525083351402));
#6458=CARTESIAN_POINT('Ctrl Pts',(99.7736648717868,140.121995888358,-11.3540345317495));
#6459=CARTESIAN_POINT('Ctrl Pts',(99.7736648717868,140.118958940541,-11.3510603954312));
#6460=CARTESIAN_POINT('Ctrl Pts',(99.7736648717868,140.115924505483,-11.3480833837271));
#6461=CARTESIAN_POINT('Ctrl Pts',(99.7736648717868,139.315924505483,-13.2079607176881));
#6462=CARTESIAN_POINT('Ctrl Pts',(99.7736648717868,139.315924505482,-12.7844907849865));
#6463=CARTESIAN_POINT('Ctrl Pts',(99.7736648717868,139.585870923267,-12.1028502071523));
#6464=CARTESIAN_POINT('Ctrl Pts',(99.7736648717868,140.178088967188,-11.7166662931164));
#6465=CARTESIAN_POINT('Ctrl Pts',(99.7736648717868,140.425752801477,-11.6328991038891));
#6466=CARTESIAN_POINT('Origin',(100.773664871793,132.615924505483,-33.5));
#6467=CARTESIAN_POINT('Origin',(112.573664871787,139.315924505483,-32.7));
#6468=CARTESIAN_POINT('',(111.773664871787,139.315924505483,-32.7));
#6469=CARTESIAN_POINT('',(112.573664871787,139.315924505483,-33.5));
#6470=CARTESIAN_POINT('Origin',(112.573664871787,139.315924505483,-32.7));
#6471=CARTESIAN_POINT('',(112.573664871787,140.115924505483,-32.7));
#6472=CARTESIAN_POINT('Origin',(112.573664871787,139.315924505483,-32.7));
#6473=CARTESIAN_POINT('Origin',(112.573664871787,139.315924505483,-32.7));
#6474=CARTESIAN_POINT('Origin',(112.573664871787,139.315924505483,-8.5));
#6475=CARTESIAN_POINT('',(111.773664871787,139.315924505483,-13.2749323450903));
#6476=CARTESIAN_POINT('',(112.573664871786,140.115924505483,-13.2749323450903));
#6477=CARTESIAN_POINT('Origin',(112.573664871787,139.315924505483,-13.2749323450903));
#6478=CARTESIAN_POINT('',(112.573664871787,140.115924505483,-8.5));
#6479=CARTESIAN_POINT('',(111.773664871787,139.315924505483,-8.5));
#6480=CARTESIAN_POINT('Origin',(112.273664871787,139.315924505483,-32.7));
#6481=CARTESIAN_POINT('',(112.973664871787,140.115924505483,-32.7));
#6482=CARTESIAN_POINT('',(112.973664871787,139.315924505483,-33.5));
#6483=CARTESIAN_POINT('Origin',(112.973664871787,139.315924505483,-32.7));
#6484=CARTESIAN_POINT('',(112.273664871787,139.315924505483,-33.5));
#6485=CARTESIAN_POINT('',(112.273664871787,140.115924505483,-32.7));
#6486=CARTESIAN_POINT('Origin',(112.573664871787,125.915924505483,-32.7));
#6487=CARTESIAN_POINT('',(112.573664871787,125.115924505483,-32.7));
#6488=CARTESIAN_POINT('',(112.573664871787,125.915924505483,-33.5));
#6489=CARTESIAN_POINT('Origin',(112.573664871787,125.915924505483,-32.7));
#6490=CARTESIAN_POINT('',(111.773664871787,125.915924505483,-32.7));
#6491=CARTESIAN_POINT('Origin',(112.573664871787,125.915924505483,-32.7));
#6492=CARTESIAN_POINT('Origin',(112.573664871787,125.915924505483,-32.7));
#6493=CARTESIAN_POINT('Origin',(112.573664871787,125.915924505483,-8.5));
#6494=CARTESIAN_POINT('',(112.573664871787,125.115924505483,-13.3));
#6495=CARTESIAN_POINT('',(111.773664871787,125.915924505483,-13.3));
#6496=CARTESIAN_POINT('Origin',(112.573664871787,125.915924505483,-13.3));
#6497=CARTESIAN_POINT('',(111.773664871787,125.915924505483,-8.5));
#6498=CARTESIAN_POINT('',(112.573664871787,125.115924505483,-8.5));
#6499=CARTESIAN_POINT('Origin',(112.573664871787,124.315924505483,-13.3));
#6500=CARTESIAN_POINT('',(111.773664871787,125.833659733715,-12.7935616750454));
#6501=CARTESIAN_POINT('',(112.573664871787,125.00874482851,-12.8999999999999));
#6502=CARTESIAN_POINT('Ctrl Pts',(111.773664871787,125.833659733715,-12.7935616750453));
#6503=CARTESIAN_POINT('Ctrl Pts',(111.773664871787,125.76545324642,-12.8027967174139));
#6504=CARTESIAN_POINT('Ctrl Pts',(111.782240314004,125.697643897981,-12.8138966699802));
#6505=CARTESIAN_POINT('Ctrl Pts',(111.826242365546,125.528782858866,-12.8443069680214));
#6506=CARTESIAN_POINT('Ctrl Pts',(111.873459217016,125.432571989942,-12.8642198995551));
#6507=CARTESIAN_POINT('Ctrl Pts',(112.001909127468,125.265911775365,-12.8996484412134));
#6508=CARTESIAN_POINT('Ctrl Pts',(112.080933587039,125.196759650336,-12.9152711825052));
#6509=CARTESIAN_POINT('Ctrl Pts',(112.255684027215,125.09433064268,-12.9354410653165));
#6510=CARTESIAN_POINT('Ctrl Pts',(112.341548970937,125.063811679966,-12.9399529402564));
#6511=CARTESIAN_POINT('Ctrl Pts',(112.471998742148,125.02907085969,-12.9265081380877));
#6512=CARTESIAN_POINT('Ctrl Pts',(112.518350495757,125.019022243687,-12.9169029170817));
#6513=CARTESIAN_POINT('Ctrl Pts',(112.568308910635,125.009725166333,-12.9016746922427));
#6514=CARTESIAN_POINT('Ctrl Pts',(112.570988384883,125.009231981067,-12.9008437729789));
#6515=CARTESIAN_POINT('Ctrl Pts',(112.573664871787,125.00874482851,-12.9));
#6516=CARTESIAN_POINT('Origin',(111.773664871787,124.315924505483,-13.3));
#6517=CARTESIAN_POINT('Origin',(112.573664871787,124.315924505483,-13.3));
#6518=CARTESIAN_POINT('Origin',(112.573664871787,135.615924505481,-32.7));
#6519=CARTESIAN_POINT('',(112.573664871787,135.615924505481,-33.5));
#6520=CARTESIAN_POINT('',(111.773664871787,135.615924505481,-32.7));
#6521=CARTESIAN_POINT('Origin',(113.273664871787,125.915924505483,-32.7));
#6522=CARTESIAN_POINT('',(112.973664871787,125.915924505483,-33.5));
#6523=CARTESIAN_POINT('',(112.973664871787,125.115924505483,-32.7));
#6524=CARTESIAN_POINT('Origin',(112.973664871787,125.915924505483,-32.7));
#6525=CARTESIAN_POINT('',(113.273664871787,125.115924505483,-32.7));
#6526=CARTESIAN_POINT('',(113.273664871787,125.915924505483,-33.5));
#6527=CARTESIAN_POINT('Origin',(112.973664871787,136.90466949578,-32.7));
#6528=CARTESIAN_POINT('',(113.773664871787,139.315924505483,-32.7));
#6529=CARTESIAN_POINT('Origin',(112.973664871787,139.315924505483,-32.7));
#6530=CARTESIAN_POINT('',(113.773664871787,125.915924505483,-32.7));
#6531=CARTESIAN_POINT('',(113.773664871787,136.90466949578,-32.7));
#6532=CARTESIAN_POINT('Origin',(112.973664871787,125.915924505483,-32.7));
#6533=CARTESIAN_POINT('',(112.973664871787,136.90466949578,-33.5));
#6534=CARTESIAN_POINT('Origin',(112.973664871787,125.915924505483,-32.7));
#6535=CARTESIAN_POINT('Origin',(112.973664871787,125.915924505483,-32.7));
#6536=CARTESIAN_POINT('Ctrl Pts',(111.773664871787,139.315924505483,-13.2749323450903));
#6537=CARTESIAN_POINT('Ctrl Pts',(111.773664871787,139.315924505483,-12.941243747708));
#6538=CARTESIAN_POINT('Ctrl Pts',(111.773664871787,139.528441725587,-12.2751825064587));
#6539=CARTESIAN_POINT('Ctrl Pts',(111.773664871787,140.086023850716,-11.8523082580811));
#6540=CARTESIAN_POINT('Ctrl Pts',(111.773664871787,140.401421607335,-11.7433299659163));
#6541=CARTESIAN_POINT('Ctrl Pts',(111.773664871787,139.435604225619,-13.2749323450903));
#6542=CARTESIAN_POINT('Ctrl Pts',(111.773658272103,139.437431578336,-12.9658811537526));
#6543=CARTESIAN_POINT('Ctrl Pts',(111.773667401047,139.639319495232,-12.3511941544829));
#6544=CARTESIAN_POINT('Ctrl Pts',(111.773671408644,140.155493981011,-11.9675040249983));
#6545=CARTESIAN_POINT('Ctrl Pts',(111.773664871787,140.444873689876,-11.8690861057998));
#6546=CARTESIAN_POINT('Ctrl Pts',(111.828433166303,139.674495895922,-13.2749323450902));
#6547=CARTESIAN_POINT('Ctrl Pts',(111.830125035191,139.67995568224,-13.0150855744061));
#6548=CARTESIAN_POINT('Ctrl Pts',(111.834595713863,139.86059233168,-12.5028761089927));
#6549=CARTESIAN_POINT('Ctrl Pts',(111.840040816322,140.294092593345,-12.1972499742001));
#6550=CARTESIAN_POINT('Ctrl Pts',(111.841578285054,140.53153428456,-12.1198934602513));
#6551=CARTESIAN_POINT('Ctrl Pts',(112.096074266933,140.010935318194,-13.2749323450902));
#6552=CARTESIAN_POINT('Ctrl Pts',(112.105498967639,140.019045973807,-13.0842620791181));
#6553=CARTESIAN_POINT('Ctrl Pts',(112.130308217078,140.162516230935,-12.7132032406074));
#6554=CARTESIAN_POINT('Ctrl Pts',(112.15998904972,140.47906872397,-12.5052234150123));
#6555=CARTESIAN_POINT('Ctrl Pts',(112.168328469367,140.646804344286,-12.4535004339047));
#6556=CARTESIAN_POINT('Ctrl Pts',(112.394145291582,140.115924505483,-13.2749323450902));
#6557=CARTESIAN_POINT('Ctrl Pts',(112.410566414606,140.120281878922,-13.1060428430759));
#6558=CARTESIAN_POINT('Ctrl Pts',(112.453428005496,140.239037343788,-12.7723957618647));
#6559=CARTESIAN_POINT('Ctrl Pts',(112.503017890642,140.51817530341,-12.5716158320197));
#6560=CARTESIAN_POINT('Ctrl Pts',(112.516837030339,140.670053447687,-12.5207864494092));
#6561=CARTESIAN_POINT('Ctrl Pts',(112.573664871787,140.115924505483,-13.2749323450902));
#6562=CARTESIAN_POINT('Ctrl Pts',(112.592818325793,140.115924505483,-13.1058594940981));
#6563=CARTESIAN_POINT('Ctrl Pts',(112.642500884741,140.222183115535,-12.7664372379521));
#6564=CARTESIAN_POINT('Ctrl Pts',(112.698035354886,140.500974178099,-12.5452121943139));
#6565=CARTESIAN_POINT('Ctrl Pts',(112.713348441834,140.658673056409,-12.4878500745825));
#6566=CARTESIAN_POINT('Ctrl Pts',(112.71012612976,140.627405205516,-12.5000169684921));
#6567=CARTESIAN_POINT('Ctrl Pts',(112.69434199911,140.482591849355,-12.5600819325427));
#6568=CARTESIAN_POINT('Ctrl Pts',(112.640845894781,140.218643504523,-12.7777438300019));
#6569=CARTESIAN_POINT('Ctrl Pts',(112.592818325793,140.115924505483,-13.1058594940981));
#6570=CARTESIAN_POINT('Ctrl Pts',(112.573664871787,140.115924505483,-13.2749323450902));
#6571=CARTESIAN_POINT('Origin',(111.773664871787,140.920038054988,-13.2645804606455));
#6572=CARTESIAN_POINT('Origin',(112.973664871787,139.315924505483,-32.7));
#6573=CARTESIAN_POINT('Origin',(112.973664871787,139.315924505483,-32.7));
#6574=CARTESIAN_POINT('Origin',(111.773664871787,138.615924505479,-4.5));
#6575=CARTESIAN_POINT('',(111.773664871787,126.615924505479,-4.5));
#6576=CARTESIAN_POINT('',(111.773664871787,126.615924505479,-4.5));
#6577=CARTESIAN_POINT('',(111.773664871787,138.615924505479,-4.5));
#6578=CARTESIAN_POINT('',(111.773664871787,138.615924505479,-4.5));
#6579=CARTESIAN_POINT('',(111.773664871787,138.615924505479,-4.5));
#6580=CARTESIAN_POINT('',(111.773664871787,124.315924505483,-12.5));
#6581=CARTESIAN_POINT('Ctrl Pts',(111.773664871787,124.315924505483,-12.5));
#6582=CARTESIAN_POINT('Ctrl Pts',(111.773664871787,124.4771771094,-12.5));
#6583=CARTESIAN_POINT('Ctrl Pts',(111.773664871787,124.654328554721,-12.530874181796));
#6584=CARTESIAN_POINT('Ctrl Pts',(111.773664871787,124.974724350822,-12.5958181123006));
#6585=CARTESIAN_POINT('Ctrl Pts',(111.773664871788,125.09984667794,-12.6626174842931));
#6586=CARTESIAN_POINT('Ctrl Pts',(111.773664871788,125.417036898639,-12.7622322757489));
#6587=CARTESIAN_POINT('Ctrl Pts',(111.773664871787,125.525399124667,-12.7897222548516));
#6588=CARTESIAN_POINT('Ctrl Pts',(111.773664871787,125.704981804065,-12.8036514446454));
#6589=CARTESIAN_POINT('Ctrl Pts',(111.773664871787,125.769585492703,-12.8022372182957));
#6590=CARTESIAN_POINT('Ctrl Pts',(111.773664871787,125.833659733715,-12.7935616750453));
#6591=CARTESIAN_POINT('',(111.773664871787,129.318565089095,-12.5));
#6592=CARTESIAN_POINT('Origin',(110.273664871787,124.315924505483,-13.3));
#6593=CARTESIAN_POINT('',(112.973664871787,125.115924505483,-13.3));
#6594=CARTESIAN_POINT('',(110.273664871787,125.115924505483,-13.3));
#6595=CARTESIAN_POINT('Ctrl Pts',(112.573664871787,125.00874482851,-12.8999999999999));
#6596=CARTESIAN_POINT('Ctrl Pts',(112.609487719964,125.027501627954,-12.9324877296243));
#6597=CARTESIAN_POINT('Ctrl Pts',(112.645310568141,125.043969422182,-12.9662967345531));
#6598=CARTESIAN_POINT('Ctrl Pts',(112.681133416318,125.057985746806,-13.0010934692498));
#6599=CARTESIAN_POINT('Ctrl Pts',(112.716949124495,125.071999277779,-13.0358832684653));
#6600=CARTESIAN_POINT('Ctrl Pts',(112.752764832672,125.083562135202,-13.0716599495976));
#6601=CARTESIAN_POINT('Ctrl Pts',(112.788580540849,125.092560290084,-13.1080706951065));
#6602=CARTESIAN_POINT('Ctrl Pts',(112.824401184577,125.101559684948,-13.1444864581651));
#6603=CARTESIAN_POINT('Ctrl Pts',(112.860221828306,125.10799355189,-13.1815359859268));
#6604=CARTESIAN_POINT('Ctrl Pts',(112.896042472034,125.111798424853,-13.2188538080604));
#6605=CARTESIAN_POINT('Ctrl Pts',(112.921916605285,125.11454677831,-13.2458093901501));
#6606=CARTESIAN_POINT('Ctrl Pts',(112.947790738536,125.115924505483,-13.2729046710202));
#6607=CARTESIAN_POINT('Ctrl Pts',(112.973664871787,125.115924505483,-13.3));
#6608=CARTESIAN_POINT('Origin',(113.773664871787,125.115924505483,-12.5));
#6609=CARTESIAN_POINT('',(112.973664871787,125.115924505483,-7.5));
#6610=CARTESIAN_POINT('Origin',(112.973664871787,125.915924505483,-7.5));
#6611=CARTESIAN_POINT('',(113.773664871787,125.915924505483,-13.3));
#6612=CARTESIAN_POINT('',(113.773664871787,125.915924505483,-7.5));
#6613=CARTESIAN_POINT('Origin',(112.973664871787,125.915924505483,-13.3));
#6614=CARTESIAN_POINT('Origin',(113.773664871787,141.193414486078,-2.5));
#6615=CARTESIAN_POINT('',(113.773664871787,139.315924505483,-13.2079607176871));
#6616=CARTESIAN_POINT('',(113.773664871787,139.315924505483,-7.5));
#6617=CARTESIAN_POINT('',(113.773664871787,140.425612185803,-11.6324833633273));
#6618=CARTESIAN_POINT('Ctrl Pts',(113.773664871787,140.425752881,-11.6328993385659));
#6619=CARTESIAN_POINT('Ctrl Pts',(113.773664871787,140.178089128623,-11.7166665880293));
#6620=CARTESIAN_POINT('Ctrl Pts',(113.773664871787,139.585871237086,-12.1028505140264));
#6621=CARTESIAN_POINT('Ctrl Pts',(113.773664871787,139.315924505483,-12.7844907847416));
#6622=CARTESIAN_POINT('Ctrl Pts',(113.773664871787,139.315924505483,-13.2079607176871));
#6623=CARTESIAN_POINT('',(113.773664871787,140.115924505483,-11.3480833837276));
#6624=CARTESIAN_POINT('Ctrl Pts',(113.773664871787,140.115924505483,-11.3480833837274));
#6625=CARTESIAN_POINT('Ctrl Pts',(113.773664871787,140.118958940542,-11.3510603954314));
#6626=CARTESIAN_POINT('Ctrl Pts',(113.773664871787,140.121995888358,-11.3540345317496));
#6627=CARTESIAN_POINT('Ctrl Pts',(113.773664871787,140.222730769279,-11.4525083351403));
#6628=CARTESIAN_POINT('Ctrl Pts',(113.773664871787,140.323058458176,-11.5449706608787));
#6629=CARTESIAN_POINT('Ctrl Pts',(113.773664871787,140.425612185803,-11.6324833633273));
#6630=CARTESIAN_POINT('',(113.773664871787,139.340194390709,-10.5));
#6631=CARTESIAN_POINT('Ctrl Pts',(113.773664871787,140.115924505483,-11.3480833837274));
#6632=CARTESIAN_POINT('Ctrl Pts',(113.773664871787,139.835209231197,-11.0726803380719));
#6633=CARTESIAN_POINT('Ctrl Pts',(113.773664871787,139.57617614442,-10.7724882580575));
#6634=CARTESIAN_POINT('Ctrl Pts',(113.773664871787,139.340194390709,-10.5));
#6635=CARTESIAN_POINT('',(113.773664871787,139.340194390709,-4.5));
#6636=CARTESIAN_POINT('',(113.773664871787,139.340194390709,-2.5));
#6637=CARTESIAN_POINT('',(113.773664871787,117.463111400973,-4.5));
#6638=CARTESIAN_POINT('',(113.773664871787,129.318565089095,-4.5));
#6639=CARTESIAN_POINT('',(113.773664871787,117.463111400973,-10.5));
#6640=CARTESIAN_POINT('',(113.773664871787,117.463111400973,-2.5));
#6641=CARTESIAN_POINT('',(113.773664871787,124.315924505483,-10.5));
#6642=CARTESIAN_POINT('',(113.773664871787,129.318565089095,-10.5));
#6643=CARTESIAN_POINT('Ctrl Pts',(113.773664871787,125.915924505483,-13.3));
#6644=CARTESIAN_POINT('Ctrl Pts',(113.773664871787,125.915924505483,-13.2829671881334));
#6645=CARTESIAN_POINT('Ctrl Pts',(113.773664871787,125.915924210656,-13.2659296840643));
#6646=CARTESIAN_POINT('Ctrl Pts',(113.773664871787,125.915903327315,-13.2487344342789));
#6647=CARTESIAN_POINT('Ctrl Pts',(113.773664871787,125.915881652942,-13.2308878510912));
#6648=CARTESIAN_POINT('Ctrl Pts',(113.773664871787,125.915837814861,-13.2128715409633));
#6649=CARTESIAN_POINT('Ctrl Pts',(113.773664871787,125.91575282003,-13.1945734479781));
#6650=CARTESIAN_POINT('Ctrl Pts',(113.773664871787,125.915663868139,-13.1754234601323));
#6651=CARTESIAN_POINT('Ctrl Pts',(113.773664871787,125.915529855719,-13.1559650825891));
#6652=CARTESIAN_POINT('Ctrl Pts',(113.773664871787,125.915332744694,-13.1361300818909));
#6653=CARTESIAN_POINT('Ctrl Pts',(113.773664871787,125.915123739258,-13.1150981636309));
#6654=CARTESIAN_POINT('Ctrl Pts',(113.773664871787,125.914843813898,-13.0936431136895));
#6655=CARTESIAN_POINT('Ctrl Pts',(113.773664871787,125.914475255464,-13.071745594929));
#6656=CARTESIAN_POINT('Ctrl Pts',(113.773664871787,125.914075144195,-13.0479733970388));
#6657=CARTESIAN_POINT('Ctrl Pts',(113.773664871787,125.91357060991,-13.0236801875222));
#6658=CARTESIAN_POINT('Ctrl Pts',(113.773664871787,125.912942883968,-12.9989064677268));
#6659=CARTESIAN_POINT('Ctrl Pts',(113.773664871787,125.912222872419,-12.9704906207348));
#6660=CARTESIAN_POINT('Ctrl Pts',(113.773664871787,125.911340855538,-12.9414434515982));
#6661=CARTESIAN_POINT('Ctrl Pts',(113.773664871787,125.91027264739,-12.9118992212527));
#6662=CARTESIAN_POINT('Ctrl Pts',(113.773664871787,125.908893453155,-12.8737538164644));
#6663=CARTESIAN_POINT('Ctrl Pts',(113.773664871787,125.90720423746,-12.8347842703542));
#6664=CARTESIAN_POINT('Ctrl Pts',(113.773664871787,125.905156293526,-12.7953576696205));
#6665=CARTESIAN_POINT('Ctrl Pts',(113.773664871787,125.903537220667,-12.7641876077326));
#6666=CARTESIAN_POINT('Ctrl Pts',(113.773664871787,125.901694143118,-12.732735648877));
#6667=CARTESIAN_POINT('Ctrl Pts',(113.773664871787,125.899600633883,-12.7011609832955));
#6668=CARTESIAN_POINT('Ctrl Pts',(113.773664871787,125.897824235841,-12.6743690431576));
#6669=CARTESIAN_POINT('Ctrl Pts',(113.773664871787,125.89586755909,-12.6474894329384));
#6670=CARTESIAN_POINT('Ctrl Pts',(113.773664871787,125.893711393134,-12.6205796734874));
#6671=CARTESIAN_POINT('Ctrl Pts',(113.773664871787,125.891732237559,-12.5958790699567));
#6672=CARTESIAN_POINT('Ctrl Pts',(113.773664871787,125.889585025616,-12.5711534849659));
#6673=CARTESIAN_POINT('Ctrl Pts',(113.773664871787,125.887251727378,-12.5464038714608));
#6674=CARTESIAN_POINT('Ctrl Pts',(113.773664871787,125.885030897661,-12.5228472269388));
#6675=CARTESIAN_POINT('Ctrl Pts',(113.773664871787,125.882641512394,-12.4992692072402));
#6676=CARTESIAN_POINT('Ctrl Pts',(113.773664871787,125.88006467968,-12.4756235832424));
#6677=CARTESIAN_POINT('Ctrl Pts',(113.773664871787,125.877307591345,-12.4503238911951));
#6678=CARTESIAN_POINT('Ctrl Pts',(113.773664871787,125.874334729339,-12.4249382035216));
#6679=CARTESIAN_POINT('Ctrl Pts',(113.773664871787,125.871124048261,-12.3993861214204));
#6680=CARTESIAN_POINT('Ctrl Pts',(113.773664871787,125.867835783692,-12.3732165940814));
#6681=CARTESIAN_POINT('Ctrl Pts',(113.773664871787,125.864298162574,-12.346872863109));
#6682=CARTESIAN_POINT('Ctrl Pts',(113.773664871787,125.860499045233,-12.3203254100985));
#6683=CARTESIAN_POINT('Ctrl Pts',(113.773664871787,125.856464976258,-12.2921361632451));
#6684=CARTESIAN_POINT('Ctrl Pts',(113.773664871787,125.85213616221,-12.2637175637952));
#6685=CARTESIAN_POINT('Ctrl Pts',(113.773664871787,125.847509450378,-12.2350921299164));
#6686=CARTESIAN_POINT('Ctrl Pts',(113.773664871787,125.842464762501,-12.2038806811593));
#6687=CARTESIAN_POINT('Ctrl Pts',(113.773664871787,125.837066070808,-12.1724238522957));
#6688=CARTESIAN_POINT('Ctrl Pts',(113.773664871787,125.83132056173,-12.1408112105768));
#6689=CARTESIAN_POINT('Ctrl Pts',(113.773664871787,125.824469297196,-12.1031145386026));
#6690=CARTESIAN_POINT('Ctrl Pts',(113.773664871787,125.81712520412,-12.0651972081207));
#6691=CARTESIAN_POINT('Ctrl Pts',(113.773664871787,125.809312358875,-12.0272841334463));
#6692=CARTESIAN_POINT('Ctrl Pts',(113.773664871787,125.799426750503,-11.9793126458996));
#6693=CARTESIAN_POINT('Ctrl Pts',(113.773664871787,125.78879261463,-11.9313547506784));
#6694=CARTESIAN_POINT('Ctrl Pts',(113.773664871787,125.777458781623,-11.8839175225322));
#6695=CARTESIAN_POINT('Ctrl Pts',(113.773664871787,125.76963077678,-11.8511537742529));
#6696=CARTESIAN_POINT('Ctrl Pts',(113.773664871787,125.761469061899,-11.8186398939516));
#6697=CARTESIAN_POINT('Ctrl Pts',(113.773664871787,125.752980195747,-11.7865167838312));
#6698=CARTESIAN_POINT('Ctrl Pts',(113.773664871787,125.74535573545,-11.7576647117993));
#6699=CARTESIAN_POINT('Ctrl Pts',(113.773664871787,125.737467458801,-11.7291284929787));
#6700=CARTESIAN_POINT('Ctrl Pts',(113.773664871787,125.729309919822,-11.7009741205501));
#6701=CARTESIAN_POINT('Ctrl Pts',(113.773664871787,125.721690430295,-11.6746767352203));
#6702=CARTESIAN_POINT('Ctrl Pts',(113.773664871787,125.713836098286,-11.6487128811386));
#6703=CARTESIAN_POINT('Ctrl Pts',(113.773664871787,125.70573189946,-11.6230962450601));
#6704=CARTESIAN_POINT('Ctrl Pts',(113.773664871787,125.697893758411,-11.5983205934436));
#6705=CARTESIAN_POINT('Ctrl Pts',(113.773664871787,125.689821979693,-11.5738701765485));
#6706=CARTESIAN_POINT('Ctrl Pts',(113.773664871787,125.681491484945,-11.54971237613));
#6707=CARTESIAN_POINT('Ctrl Pts',(113.773664871787,125.672878013796,-11.5247339656952));
#6708=CARTESIAN_POINT('Ctrl Pts',(113.773664871787,125.663985454779,-11.5000616964501));
#6709=CARTESIAN_POINT('Ctrl Pts',(113.773664871787,125.654782632282,-11.4756317354899));
#6710=CARTESIAN_POINT('Ctrl Pts',(113.773664871787,125.645285519004,-11.4504205454783));
#6711=CARTESIAN_POINT('Ctrl Pts',(113.773664871787,125.635458089203,-11.4254674209538));
#6712=CARTESIAN_POINT('Ctrl Pts',(113.773664871787,125.625292848742,-11.4007585025917));
#6713=CARTESIAN_POINT('Ctrl Pts',(113.773664871787,125.614232379449,-11.3738735278734));
#6714=CARTESIAN_POINT('Ctrl Pts',(113.773664871787,125.602772242505,-11.347278079366));
#6715=CARTESIAN_POINT('Ctrl Pts',(113.773664871787,125.590930556314,-11.3210149989209));
#6716=CARTESIAN_POINT('Ctrl Pts',(113.773664871787,125.577266205074,-11.290709521301));
#6717=CARTESIAN_POINT('Ctrl Pts',(113.773664871787,125.56309435337,-11.2608473791907));
#6718=CARTESIAN_POINT('Ctrl Pts',(113.773664871787,125.548472413709,-11.2315637112568));
#6719=CARTESIAN_POINT('Ctrl Pts',(113.773664871787,125.530771029361,-11.196112774294));
#6720=CARTESIAN_POINT('Ctrl Pts',(113.773664871787,125.512412424706,-11.1615135372764));
#6721=CARTESIAN_POINT('Ctrl Pts',(113.773664871787,125.493516130181,-11.1280655743078));
#6722=CARTESIAN_POINT('Ctrl Pts',(113.773664871787,125.477878596528,-11.100385880502));
#6723=CARTESIAN_POINT('Ctrl Pts',(113.773664871787,125.461874263119,-11.0734978746231));
#6724=CARTESIAN_POINT('Ctrl Pts',(113.773664871787,125.445554148832,-11.0475536420147));
#6725=CARTESIAN_POINT('Ctrl Pts',(113.773664871787,125.431654091943,-11.0254565964398));
#6726=CARTESIAN_POINT('Ctrl Pts',(113.773664871787,125.417525191905,-11.0040448400043));
#6727=CARTESIAN_POINT('Ctrl Pts',(113.773664871787,125.403177281435,-10.9833780327648));
#6728=CARTESIAN_POINT('Ctrl Pts',(113.773664871787,125.389997327567,-10.9643935564819));
#6729=CARTESIAN_POINT('Ctrl Pts',(113.773664871787,125.376632733624,-10.9460380800663));
#6730=CARTESIAN_POINT('Ctrl Pts',(113.773664871787,125.363068623293,-10.928319594635));
#6731=CARTESIAN_POINT('Ctrl Pts',(113.773664871787,125.349895651116,-10.9111120439792));
#6732=CARTESIAN_POINT('Ctrl Pts',(113.773664871787,125.336534770935,-10.8945058164431));
#6733=CARTESIAN_POINT('Ctrl Pts',(113.773664871787,125.322946885454,-10.8784635377599));
#6734=CARTESIAN_POINT('Ctrl Pts',(113.773664871787,125.308730274323,-10.8616789660898));
#6735=CARTESIAN_POINT('Ctrl Pts',(113.773664871787,125.294259253172,-10.8455041183689));
#6736=CARTESIAN_POINT('Ctrl Pts',(113.773664871787,125.279495689375,-10.8298888629368));
#6737=CARTESIAN_POINT('Ctrl Pts',(113.773664871787,125.26292243747,-10.8123595207404));
#6738=CARTESIAN_POINT('Ctrl Pts',(113.773664871787,125.245980548511,-10.7955353641225));
#6739=CARTESIAN_POINT('Ctrl Pts',(113.773664871787,125.228667375283,-10.7793923918425));
#6740=CARTESIAN_POINT('Ctrl Pts',(113.773664871787,125.210010005256,-10.7619960773032));
#6741=CARTESIAN_POINT('Ctrl Pts',(113.773664871787,125.190922343124,-10.745391598934));
#6742=CARTESIAN_POINT('Ctrl Pts',(113.773664871787,125.171449824447,-10.7295939692127));
#6743=CARTESIAN_POINT('Ctrl Pts',(113.773664871787,125.142551325215,-10.7061492470406));
#6744=CARTESIAN_POINT('Ctrl Pts',(113.773664871787,125.112807055387,-10.6844828859369));
#6745=CARTESIAN_POINT('Ctrl Pts',(113.773664871787,125.082458637668,-10.6647334507149));
#6746=CARTESIAN_POINT('Ctrl Pts',(113.773664871787,125.059903079852,-10.6500552710449));
#6747=CARTESIAN_POINT('Ctrl Pts',(113.773664871787,125.037017404673,-10.636439326988));
#6748=CARTESIAN_POINT('Ctrl Pts',(113.773664871787,125.01388834415,-10.6239340680427));
#6749=CARTESIAN_POINT('Ctrl Pts',(113.773664871787,124.994360614329,-10.6133759514351));
#6750=CARTESIAN_POINT('Ctrl Pts',(113.773664871787,124.974659982504,-10.6036101345694));
#6751=CARTESIAN_POINT('Ctrl Pts',(113.773664871787,124.954809198102,-10.5946407433926));
#6752=CARTESIAN_POINT('Ctrl Pts',(113.773664871787,124.936609622998,-10.5864174356858));
#6753=CARTESIAN_POINT('Ctrl Pts',(113.773664871787,124.918284186484,-10.5788638952244));
#6754=CARTESIAN_POINT('Ctrl Pts',(113.773664871787,124.899817397079,-10.5719546626998));
#6755=CARTESIAN_POINT('Ctrl Pts',(113.773664871787,124.882305188568,-10.5654025805826));
#6756=CARTESIAN_POINT('Ctrl Pts',(113.773664871787,124.864666157799,-10.5594301867704));
#6757=CARTESIAN_POINT('Ctrl Pts',(113.773664871787,124.846851471926,-10.553984631786));
#6758=CARTESIAN_POINT('Ctrl Pts',(113.773664871787,124.830779130733,-10.5490716729881));
#6759=CARTESIAN_POINT('Ctrl Pts',(113.773664871787,124.814557796302,-10.544583708675));
#6760=CARTESIAN_POINT('Ctrl Pts',(113.773664871787,124.798147580113,-10.5404719536418));
#6761=CARTESIAN_POINT('Ctrl Pts',(113.773664871787,124.780362955711,-10.536015825943));
#6762=CARTESIAN_POINT('Ctrl Pts',(113.773664871787,124.762357176349,-10.5320021142662));
#6763=CARTESIAN_POINT('Ctrl Pts',(113.773664871787,124.744140150541,-10.5283969768854));
#6764=CARTESIAN_POINT('Ctrl Pts',(113.773664871787,124.717364459354,-10.5230980852761));
#6765=CARTESIAN_POINT('Ctrl Pts',(113.773664871787,124.690134340574,-10.5186851302984));
#6766=CARTESIAN_POINT('Ctrl Pts',(113.773664871787,124.662599814118,-10.5150857122835));
#6767=CARTESIAN_POINT('Ctrl Pts',(113.773664871787,124.643099249402,-10.5125365243013));
#6768=CARTESIAN_POINT('Ctrl Pts',(113.773664871787,124.623449738403,-10.5103967551537));
#6769=CARTESIAN_POINT('Ctrl Pts',(113.773664871787,124.603695646405,-10.5086211632705));
#6770=CARTESIAN_POINT('Ctrl Pts',(113.773664871787,124.585268107923,-10.5069648083361));
#6771=CARTESIAN_POINT('Ctrl Pts',(113.773664871787,124.566751626516,-10.5056239028584));
#6772=CARTESIAN_POINT('Ctrl Pts',(113.773664871787,124.548141685303,-10.504538019129));
#6773=CARTESIAN_POINT('Ctrl Pts',(113.773664871787,124.520385276627,-10.5029184421394));
#6774=CARTESIAN_POINT('Ctrl Pts',(113.773664871787,124.492414749405,-10.5018657518453));
#6775=CARTESIAN_POINT('Ctrl Pts',(113.773664871787,124.464083949199,-10.5011890329944));
#6776=CARTESIAN_POINT('Ctrl Pts',(113.773664871787,124.446226641034,-10.5007624874337));
#6777=CARTESIAN_POINT('Ctrl Pts',(113.773664871787,124.428223502951,-10.5004856067641));
#6778=CARTESIAN_POINT('Ctrl Pts',(113.773664871787,124.41006457444,-10.5003086272932));
#6779=CARTESIAN_POINT('Ctrl Pts',(113.773664871787,124.394458695405,-10.5001565302014));
#6780=CARTESIAN_POINT('Ctrl Pts',(113.773664871787,124.378737300878,-10.5000782651337));
#6781=CARTESIAN_POINT('Ctrl Pts',(113.773664871787,124.362930810609,-10.5000391079468));
#6782=CARTESIAN_POINT('Ctrl Pts',(113.773664871787,124.347319688042,-10.5000004347413));
#6783=CARTESIAN_POINT('Ctrl Pts',(113.773664871787,124.331624564451,-10.5));
#6784=CARTESIAN_POINT('Ctrl Pts',(113.773664871787,124.315924505483,-10.5));
#6785=CARTESIAN_POINT('Origin',(112.773664871787,132.615924505483,-33.5));
#6786=CARTESIAN_POINT('Ctrl Pts',(99.7736648717868,139.315924505483,-13.2079607176881));
#6787=CARTESIAN_POINT('Ctrl Pts',(99.7736648717868,139.315924505482,-12.7844907849865));
#6788=CARTESIAN_POINT('Ctrl Pts',(99.7736648717868,139.593965428907,-12.0824108045947));
#6789=CARTESIAN_POINT('Ctrl Pts',(99.7736648717868,140.461866494575,-11.5383165274666));
#6790=CARTESIAN_POINT('Ctrl Pts',(99.7736648717868,141.048173411797,-11.5315866134303));
#6791=CARTESIAN_POINT('Ctrl Pts',(99.7736648717868,141.32043401962,-11.6062522298369));
#6792=CARTESIAN_POINT('Ctrl Pts',(99.7736648717868,139.555283945756,-13.207960717688));
#6793=CARTESIAN_POINT('Ctrl Pts',(99.7740091578462,139.546747956501,-12.8452572237946));
#6794=CARTESIAN_POINT('Ctrl Pts',(99.7738844103624,139.767965151321,-12.2272647150173));
#6795=CARTESIAN_POINT('Ctrl Pts',(99.7742205587286,140.517556858929,-11.7312244453593));
#6796=CARTESIAN_POINT('Ctrl Pts',(99.7737302802609,141.031937335059,-11.7252321260647));
#6797=CARTESIAN_POINT('Ctrl Pts',(99.7736648717868,141.269139972206,-11.793290778486));
#6798=CARTESIAN_POINT('Ctrl Pts',(99.974716424104,139.969506620062,-13.2079607176877));
#6799=CARTESIAN_POINT('Ctrl Pts',(99.9597502670195,139.947382782905,-12.9496360772877));
#6800=CARTESIAN_POINT('Ctrl Pts',(99.9284047851165,140.070718283951,-12.4782923842928));
#6801=CARTESIAN_POINT('Ctrl Pts',(99.8988800706963,140.615242239691,-12.0669790431491));
#6802=CARTESIAN_POINT('Ctrl Pts',(99.898835560118,141.003423060831,-12.0625993382071));
#6803=CARTESIAN_POINT('Ctrl Pts',(99.9028420422617,141.179807245787,-12.1190335174322));
#6804=CARTESIAN_POINT('Ctrl Pts',(100.394145291582,140.115924505483,-13.2079607176876));
#6805=CARTESIAN_POINT('Ctrl Pts',(100.3564582761,140.10598864499,-12.9868758216992));
#6806=CARTESIAN_POINT('Ctrl Pts',(100.273464618137,140.226266947471,-12.5949552620834));
#6807=CARTESIAN_POINT('Ctrl Pts',(100.188550761689,140.673900841945,-12.2604976822322));
#6808=CARTESIAN_POINT('Ctrl Pts',(100.188140188988,140.986384852533,-12.2566459965135));
#6809=CARTESIAN_POINT('Ctrl Pts',(100.199704964381,141.129475845067,-12.3025618724091));
#6810=CARTESIAN_POINT('Ctrl Pts',(100.573664871787,140.115924505483,-13.2079607176876));
#6811=CARTESIAN_POINT('Ctrl Pts',(100.52980161968,140.115924505482,-12.9867114679448));
#6812=CARTESIAN_POINT('Ctrl Pts',(100.430688256158,140.254944967196,-12.6108191933298));
#6813=CARTESIAN_POINT('Ctrl Pts',(100.325012531235,140.688895500029,-12.3054745253099));
#6814=CARTESIAN_POINT('Ctrl Pts',(100.324329988317,140.982048958642,-12.3018274593942));
#6815=CARTESIAN_POINT('Ctrl Pts',(100.338750907604,141.118179262551,-12.3437537163948));
#6816=CARTESIAN_POINT('Ctrl Pts',(100.338750907604,141.118179262546,-12.3437537163931));
#6817=CARTESIAN_POINT('Ctrl Pts',(100.337305667725,141.117321010804,-12.343057999115));
#6818=CARTESIAN_POINT('Ctrl Pts',(100.33586161754,141.11646259518,-12.3423600129496));
#6819=CARTESIAN_POINT('Ctrl Pts',(100.221151464583,141.048201738438,-12.2866877148482));
#6820=CARTESIAN_POINT('Ctrl Pts',(100.115776862718,140.979763797331,-12.2179672588715));
#6821=CARTESIAN_POINT('Ctrl Pts',(99.9316858978746,140.822436060104,-12.0476523031681));
#6822=CARTESIAN_POINT('Ctrl Pts',(99.8675522786438,140.742665921886,-11.9552865722307));
#6823=CARTESIAN_POINT('Ctrl Pts',(99.7894735474694,140.584657891613,-11.7824361490371));
#6824=CARTESIAN_POINT('Ctrl Pts',(99.7736648717868,140.506997836207,-11.7019326010307));
#6825=CARTESIAN_POINT('Ctrl Pts',(99.7736648717868,140.425612185803,-11.6324833633273));
#6826=CARTESIAN_POINT('Ctrl Pts',(113.773664871787,141.32043401962,-11.6062522298369));
#6827=CARTESIAN_POINT('Ctrl Pts',(113.773664871787,141.048173411641,-11.5315866133873));
#6828=CARTESIAN_POINT('Ctrl Pts',(113.773664871787,140.46186663215,-11.5383167855506));
#6829=CARTESIAN_POINT('Ctrl Pts',(113.773664871787,139.59396576142,-12.0824110972378));
#6830=CARTESIAN_POINT('Ctrl Pts',(113.773664871787,139.315924505483,-12.7844907847416));
#6831=CARTESIAN_POINT('Ctrl Pts',(113.773664871787,139.315924505483,-13.2079607176871));
#6832=CARTESIAN_POINT('Ctrl Pts',(113.773664871787,141.269139972206,-11.793290778486));
#6833=CARTESIAN_POINT('Ctrl Pts',(113.773599463313,141.031937334923,-11.7252321260255));
#6834=CARTESIAN_POINT('Ctrl Pts',(113.773109011254,140.517556925006,-11.7312246656109));
#6835=CARTESIAN_POINT('Ctrl Pts',(113.773445149926,139.767965392275,-12.2272649274937));
#6836=CARTESIAN_POINT('Ctrl Pts',(113.773320585727,139.546747956496,-12.8452572235848));
#6837=CARTESIAN_POINT('Ctrl Pts',(113.773664871787,139.555283945756,-13.2079607176871));
#6838=CARTESIAN_POINT('Ctrl Pts',(113.644486917701,141.179807423307,-12.1190328701233));
#6839=CARTESIAN_POINT('Ctrl Pts',(113.648493399847,141.003423238249,-12.0625986908657));
#6840=CARTESIAN_POINT('Ctrl Pts',(113.648448714429,140.615241824798,-12.0669786085181));
#6841=CARTESIAN_POINT('Ctrl Pts',(113.618923957711,140.070717822728,-12.4782918129847));
#6842=CARTESIAN_POINT('Ctrl Pts',(113.587577996403,139.947381006909,-12.9496360771383));
#6843=CARTESIAN_POINT('Ctrl Pts',(113.57261183931,139.969504844079,-13.2079607176871));
#6844=CARTESIAN_POINT('Ctrl Pts',(113.347624779192,141.129475845067,-12.3025618724091));
#6845=CARTESIAN_POINT('Ctrl Pts',(113.359189554593,140.986384852451,-12.256645996487));
#6846=CARTESIAN_POINT('Ctrl Pts',(113.358779096746,140.673900876565,-12.2604977651617));
#6847=CARTESIAN_POINT('Ctrl Pts',(113.273865355338,140.226267093699,-12.5949552507027));
#6848=CARTESIAN_POINT('Ctrl Pts',(113.190871467496,140.105988644984,-12.9868758215712));
#6849=CARTESIAN_POINT('Ctrl Pts',(113.153184451992,140.115924505483,-13.2079607176871));
#6850=CARTESIAN_POINT('Ctrl Pts',(113.208578835969,141.118179262551,-12.3437537163948));
#6851=CARTESIAN_POINT('Ctrl Pts',(113.222999755264,140.982048958564,-12.3018274593701));
#6852=CARTESIAN_POINT('Ctrl Pts',(113.222317308542,140.688895568816,-12.3054746232477));
#6853=CARTESIAN_POINT('Ctrl Pts',(113.116641727574,140.254945133452,-12.6108192484496));
#6854=CARTESIAN_POINT('Ctrl Pts',(113.017528123918,140.115924505483,-12.9867114678167));
#6855=CARTESIAN_POINT('Ctrl Pts',(112.973664871787,140.115924505483,-13.2079607176871));
#6856=CARTESIAN_POINT('',(113.208578835969,141.118179262551,-12.3437537163948));
#6857=CARTESIAN_POINT('Ctrl Pts',(113.773664871787,140.425612185803,-11.6324833633273));
#6858=CARTESIAN_POINT('Ctrl Pts',(113.773664871787,140.506998017988,-11.7019327561505));
#6859=CARTESIAN_POINT('Ctrl Pts',(113.757856125519,140.584658238337,-11.7824365077804));
#6860=CARTESIAN_POINT('Ctrl Pts',(113.682786033152,140.736577281561,-11.948626018844));
#6861=CARTESIAN_POINT('Ctrl Pts',(113.625142369043,140.810481215451,-12.033809678666));
#6862=CARTESIAN_POINT('Ctrl Pts',(113.448350274333,140.968781010249,-12.2068646651482));
#6863=CARTESIAN_POINT('Ctrl Pts',(113.335320677978,141.042761321276,-12.2822505471332));
#6864=CARTESIAN_POINT('Ctrl Pts',(113.211468636641,141.116462291651,-12.3423597661465));
#6865=CARTESIAN_POINT('Ctrl Pts',(113.210024331374,141.117320859063,-12.3430578761095));
#6866=CARTESIAN_POINT('Ctrl Pts',(113.208578835969,141.118179262548,-12.3437537163939));
#6867=CARTESIAN_POINT('',(112.973664871787,140.115924505483,-13.2079607176871));
#6868=CARTESIAN_POINT('Origin',(112.973664871787,139.315924505483,-13.2079607176871));
#6869=CARTESIAN_POINT('Ctrl Pts',(112.973664871787,140.115924505483,-13.2079607176871));
#6870=CARTESIAN_POINT('Ctrl Pts',(113.017528123918,140.115924505483,-12.9867114678167));
#6871=CARTESIAN_POINT('Ctrl Pts',(113.116641727574,140.254945133452,-12.6108192484496));
#6872=CARTESIAN_POINT('Ctrl Pts',(113.222317308542,140.688895568816,-12.3054746232477));
#6873=CARTESIAN_POINT('Ctrl Pts',(113.222999755264,140.982048958564,-12.3018274593701));
#6874=CARTESIAN_POINT('Ctrl Pts',(113.208578835969,141.118179262551,-12.3437537163948));
#6875=CARTESIAN_POINT('Origin',(112.973664871787,139.315924505483,-7.5));
#6876=CARTESIAN_POINT('',(112.973664871787,140.115924505483,-7.5));
#6877=CARTESIAN_POINT('Ctrl Pts',(113.22798818636,141.122651432724,-12.3387736171205));
#6878=CARTESIAN_POINT('Ctrl Pts',(112.847450749485,141.034776928414,-12.4368257907984));
#6879=CARTESIAN_POINT('Ctrl Pts',(112.493726269319,140.967283948318,-12.5000000000046));
#6880=CARTESIAN_POINT('Ctrl Pts',(112.148432943491,140.915924505477,-12.5));
#6881=CARTESIAN_POINT('Ctrl Pts',(113.216914160393,140.987798673388,-12.3044432205917));
#6882=CARTESIAN_POINT('Ctrl Pts',(112.844240980979,140.904169458285,-12.4184754459117));
#6883=CARTESIAN_POINT('Ctrl Pts',(112.493709299334,140.842713864696,-12.4922950033159));
#6884=CARTESIAN_POINT('Ctrl Pts',(112.148432943491,140.796244785341,-12.5000000000009));
#6885=CARTESIAN_POINT('Ctrl Pts',(113.217060554806,140.699558012858,-12.3048970553818));
#6886=CARTESIAN_POINT('Ctrl Pts',(112.852975170256,140.635068700324,-12.4456526471075));
#6887=CARTESIAN_POINT('Ctrl Pts',(112.500686161445,140.590531587458,-12.5362993621377));
#6888=CARTESIAN_POINT('Ctrl Pts',(112.14843294349,140.55732296487,-12.5547976507689));
#6889=CARTESIAN_POINT('Ctrl Pts',(113.294548343655,140.260662597595,-12.5451156105211));
#6890=CARTESIAN_POINT('Ctrl Pts',(112.917001809619,140.241755713037,-12.7025745602935));
#6891=CARTESIAN_POINT('Ctrl Pts',(112.534768107892,140.229787441026,-12.8030359305316));
#6892=CARTESIAN_POINT('Ctrl Pts',(112.148432943486,140.220868773182,-12.8223874590369));
#6893=CARTESIAN_POINT('Ctrl Pts',(113.400960915096,140.115924505483,-12.875003384324));
#6894=CARTESIAN_POINT('Ctrl Pts',(112.993624302152,140.116330771653,-13.0202119570392));
#6895=CARTESIAN_POINT('Ctrl Pts',(112.572704175129,140.115778973245,-13.1130979850942));
#6896=CARTESIAN_POINT('Ctrl Pts',(112.148432943482,140.115924505483,-13.1204804197957));
#6897=CARTESIAN_POINT('Ctrl Pts',(113.465242967451,140.115924505483,-13.0742830639687));
#6898=CARTESIAN_POINT('Ctrl Pts',(113.039685178607,140.115924505483,-13.2115561071178));
#6899=CARTESIAN_POINT('Ctrl Pts',(112.595590268152,140.115924505483,-13.3000000000064));
#6900=CARTESIAN_POINT('Ctrl Pts',(112.148432943479,140.115924505483,-13.3));
#6901=CARTESIAN_POINT('Ctrl Pts',(112.148432943491,140.915924505477,-12.5));
#6902=CARTESIAN_POINT('Ctrl Pts',(112.487848369144,140.966409660704,-12.5000000000045));
#6903=CARTESIAN_POINT('Ctrl Pts',(112.835410346604,141.032483748576,-12.438958303032));
#6904=CARTESIAN_POINT('Ctrl Pts',(113.208577831816,141.118181488629,-12.343750559264));
#6905=CARTESIAN_POINT('Ctrl Pts',(112.973526053434,140.115924505483,-13.2073181904019));
#6906=CARTESIAN_POINT('Ctrl Pts',(112.841235414634,140.115924505483,-13.2358997947258));
#6907=CARTESIAN_POINT('Ctrl Pts',(112.707786357821,140.115924505483,-13.2586394016714));
#6908=CARTESIAN_POINT('Ctrl Pts',(112.573607011186,140.115924505483,-13.2744410171297));
#6909=CARTESIAN_POINT('Origin',(111.773664871787,140.115924505483,-12.5));
#6910=CARTESIAN_POINT('Origin',(106.773664871787,-161.184489436094,-4.5));
#6911=CARTESIAN_POINT('',(140.949400451669,111.963023909208,-2.5));
#6912=CARTESIAN_POINT('',(141.197700955679,113.947550769622,-4.5));
#6913=CARTESIAN_POINT('Origin',(140.949400451669,111.963023909208,-4.5));
#6914=CARTESIAN_POINT('',(115.227929426685,115.963808806744,-4.5));
#6915=CARTESIAN_POINT('Origin',(106.773664871787,-161.184489436094,-4.5));
#6916=CARTESIAN_POINT('',(115.166948833215,113.964738681105,-2.5));
#6917=CARTESIAN_POINT('Origin',(115.166948833215,113.964738681105,-4.5));
#6918=CARTESIAN_POINT('Origin',(106.773664871787,-161.184489436094,-2.5));
#6919=CARTESIAN_POINT('Origin',(115.273664871787,117.463111400973,-4.5));
#6920=CARTESIAN_POINT('',(111.773664871787,117.463111400973,-2.5));
#6921=CARTESIAN_POINT('Origin',(111.773664871787,117.463111400973,-4.5));
#6922=CARTESIAN_POINT('Origin',(115.273664871787,117.463111400973,-2.5));
#6923=CARTESIAN_POINT('Origin',(115.273664871787,117.463111400973,-4.5));
#6924=CARTESIAN_POINT('Origin',(111.773664871787,129.318565089095,-4.5));
#6925=CARTESIAN_POINT('',(111.773664871787,139.340194390709,-2.5));
#6926=CARTESIAN_POINT('Origin',(111.773664871787,139.340194390709,-4.5));
#6927=CARTESIAN_POINT('',(111.773664871787,129.318565089095,-2.5));
#6928=CARTESIAN_POINT('Origin',(115.273664871787,139.340194390709,-4.5));
#6929=CARTESIAN_POINT('',(115.62297994028,140.798953789282,-4.5));
#6930=CARTESIAN_POINT('',(116.088733364937,142.743966320712,-2.5));
#6931=CARTESIAN_POINT('Origin',(116.088733364937,142.743966320712,-4.5));
#6932=CARTESIAN_POINT('Origin',(115.273664871787,139.340194390709,-2.5));
#6933=CARTESIAN_POINT('Origin',(115.273664871787,139.340194390709,-4.5));
#6934=CARTESIAN_POINT('Origin',(106.773664871787,103.843715692111,-4.5));
#6935=CARTESIAN_POINT('',(142.80626584582,115.912338937789,-4.5));
#6936=CARTESIAN_POINT('',(144.702718528664,116.54752963493,-2.5));
#6937=CARTESIAN_POINT('Origin',(144.702718528664,116.54752963493,-4.5));
#6938=CARTESIAN_POINT('Origin',(106.773664871787,103.843715692111,-2.5));
#6939=CARTESIAN_POINT('Origin',(106.773664871787,103.843715692111,-4.5));
#6940=CARTESIAN_POINT('Origin',(141.383926333687,115.435945914934,-4.5));
#6941=CARTESIAN_POINT('Origin',(141.383926333687,115.435945914934,-4.5));
#6942=CARTESIAN_POINT('Origin',(141.383926333687,115.435945914934,-2.5));
#6943=CARTESIAN_POINT('Origin',(115.273664871787,117.463111400973,-2.5));
#6944=CARTESIAN_POINT('',(115.227929426685,115.963808806744,-10.5));
#6945=CARTESIAN_POINT('',(115.227929426685,115.963808806744,-2.5));
#6946=CARTESIAN_POINT('Origin',(115.273664871787,117.463111400973,-10.5));
#6947=CARTESIAN_POINT('Origin',(106.773664871787,-161.184489436094,-2.5));
#6948=CARTESIAN_POINT('',(141.197700955679,113.947550769622,-10.5));
#6949=CARTESIAN_POINT('',(141.197700955679,113.947550769622,-2.5));
#6950=CARTESIAN_POINT('Origin',(106.773664871787,-161.184489436094,-10.5));
#6951=CARTESIAN_POINT('Origin',(106.773664871787,117.443715692111,-2.5));
#6952=CARTESIAN_POINT('',(177.472268224435,89.3068996200016,-2.5));
#6953=CARTESIAN_POINT('',(36.0750615191395,89.3068996200018,-2.5));
#6954=CARTESIAN_POINT('Origin',(106.773664871787,-161.184489436094,-2.5));
#6955=CARTESIAN_POINT('',(181.275061519139,102.780531764221,-2.5));
#6956=CARTESIAN_POINT('Origin',(179.373664871787,96.0437156921115,-2.5));
#6957=CARTESIAN_POINT('',(156.563456834258,108.535675060413,-2.5));
#6958=CARTESIAN_POINT('Origin',(106.773664871787,-161.184489436094,-2.5));
#6959=CARTESIAN_POINT('',(146.597067389032,117.18899995096,-2.5));
#6960=CARTESIAN_POINT('Origin',(158.92335864437,121.319683173937,-2.5));
#6961=CARTESIAN_POINT('',(66.9502623545415,117.18899995096,-2.5));
#6962=CARTESIAN_POINT('Origin',(106.773664871787,103.843715692111,-2.5));
#6963=CARTESIAN_POINT('',(56.9838729093152,108.535675060413,-2.5));
#6964=CARTESIAN_POINT('Origin',(54.6239710992037,121.319683173936,-2.5));
#6965=CARTESIAN_POINT('',(32.2722682244347,102.780531764221,-2.5));
#6966=CARTESIAN_POINT('Origin',(106.773664871787,-161.184489436094,-2.5));
#6967=CARTESIAN_POINT('Origin',(34.1736648717868,96.0437156921115,-2.5));
#6968=CARTESIAN_POINT('',(72.5979292919042,111.963023909208,-2.5));
#6969=CARTESIAN_POINT('',(98.3803809103586,113.964738681105,-2.5));
#6970=CARTESIAN_POINT('Origin',(106.773664871787,-161.184489436094,-2.5));
#6971=CARTESIAN_POINT('',(68.84461121491,116.54752963493,-2.5));
#6972=CARTESIAN_POINT('Origin',(72.1634034098867,115.435945914934,-2.5));
#6973=CARTESIAN_POINT('',(97.4585963786361,142.743966320712,-2.5));
#6974=CARTESIAN_POINT('Origin',(106.773664871787,103.843715692111,-2.5));
#6975=CARTESIAN_POINT('',(101.773664871787,139.340194390709,-2.5));
#6976=CARTESIAN_POINT('Origin',(98.2736648717868,139.340194390709,-2.5));
#6977=CARTESIAN_POINT('',(101.773664871787,117.463111400973,-2.5));
#6978=CARTESIAN_POINT('',(101.773664871787,116.724033838282,-2.5));
#6979=CARTESIAN_POINT('Origin',(98.2736648717868,117.463111400973,-2.5));
#6980=CARTESIAN_POINT('',(105.02366487179,132.615924505483,-2.5));
#6981=CARTESIAN_POINT('Origin',(106.77366487179,132.615924505483,-2.5));
#6982=CARTESIAN_POINT('',(34.8445056799737,94.6541756206953,-2.5));
#6983=CARTESIAN_POINT('',(32.9091648717868,96.0437156921115,-2.5));
#6984=CARTESIAN_POINT('Ctrl Pts',(34.8445056799737,94.6541756206953,-2.5));
#6985=CARTESIAN_POINT('Ctrl Pts',(34.786678507524,94.6323640596422,-2.5));
#6986=CARTESIAN_POINT('Ctrl Pts',(34.7276523940578,94.6143959023273,-2.5));
#6987=CARTESIAN_POINT('Ctrl Pts',(34.6677841064455,94.600167853588,-2.5));
#6988=CARTESIAN_POINT('Ctrl Pts',(34.6088791227466,94.5861687396585,-2.5));
#6989=CARTESIAN_POINT('Ctrl Pts',(34.5491576278543,94.5757907798958,-2.5));
#6990=CARTESIAN_POINT('Ctrl Pts',(34.4889545442791,94.5689906538755,-2.5));
#6991=CARTESIAN_POINT('Ctrl Pts',(34.4429407657323,94.5637932541045,-2.5));
#6992=CARTESIAN_POINT('Ctrl Pts',(34.3966454296221,94.5606870461321,-2.5));
#6993=CARTESIAN_POINT('Ctrl Pts',(34.3502225688607,94.5596727172934,-2.5));
#6994=CARTESIAN_POINT('Ctrl Pts',(34.3250560287339,94.5591228341755,-2.5));
#6995=CARTESIAN_POINT('Ctrl Pts',(34.2998521116663,94.5591880236145,-2.5));
#6996=CARTESIAN_POINT('Ctrl Pts',(34.2746363601313,94.5598704106461,-2.5));
#6997=CARTESIAN_POINT('Ctrl Pts',(34.2654396657625,94.5601192909923,-2.5));
#6998=CARTESIAN_POINT('Ctrl Pts',(34.2562425245421,94.5604503134375,-2.5));
#6999=CARTESIAN_POINT('Ctrl Pts',(34.2470561011826,94.5608629450724,-2.5));
#7000=CARTESIAN_POINT('Ctrl Pts',(34.1878895419659,94.5635205619821,-2.5));
#7001=CARTESIAN_POINT('Ctrl Pts',(34.1290544616003,94.569561880278,-2.5));
#7002=CARTESIAN_POINT('Ctrl Pts',(34.0708647335142,94.5789380711121,-2.5));
#7003=CARTESIAN_POINT('Ctrl Pts',(34.0138640950406,94.5881226623032,-2.5));
#7004=CARTESIAN_POINT('Ctrl Pts',(33.9574817521476,94.6005076513955,-2.5));
#7005=CARTESIAN_POINT('Ctrl Pts',(33.9020301650573,94.616092673367,-2.5));
#7006=CARTESIAN_POINT('Ctrl Pts',(33.8604746682547,94.6277721105966,-2.5));
#7007=CARTESIAN_POINT('Ctrl Pts',(33.8194421575977,94.6412496385505,-2.5));
#7008=CARTESIAN_POINT('Ctrl Pts',(33.7790754720535,94.6565403923301,-2.5));
#7009=CARTESIAN_POINT('Ctrl Pts',(33.7586693304539,94.664270164606,-2.5));
#7010=CARTESIAN_POINT('Ctrl Pts',(33.7384335208982,94.6724635073007,-2.5));
#7011=CARTESIAN_POINT('Ctrl Pts',(33.7183877539451,94.6811235698459,-2.5));
#7012=CARTESIAN_POINT('Ctrl Pts',(33.7088499030818,94.685244059983,-2.5));
#7013=CARTESIAN_POINT('Ctrl Pts',(33.6993626596094,94.689466985799,-2.5));
#7014=CARTESIAN_POINT('Ctrl Pts',(33.6899317502188,94.6937904276108,-2.5));
#7015=CARTESIAN_POINT('Ctrl Pts',(33.6392861330678,94.7170080590927,-2.5));
#7016=CARTESIAN_POINT('Ctrl Pts',(33.5902260223217,94.7431369972428,-2.5));
#7017=CARTESIAN_POINT('Ctrl Pts',(33.543036665692,94.7721708273186,-2.5));
#7018=CARTESIAN_POINT('Ctrl Pts',(33.5078814670414,94.7938004941928,-2.5));
#7019=CARTESIAN_POINT('Ctrl Pts',(33.4737649214319,94.8170432781405,-2.5));
#7020=CARTESIAN_POINT('Ctrl Pts',(33.4408174356119,94.8419107421092,-2.5));
#7021=CARTESIAN_POINT('Ctrl Pts',(33.3965697040897,94.8753071862365,-2.5));
#7022=CARTESIAN_POINT('Ctrl Pts',(33.3544288483027,94.9116338926486,-2.5));
#7023=CARTESIAN_POINT('Ctrl Pts',(33.3145596833276,94.9506101662512,-2.5));
#7024=CARTESIAN_POINT('Ctrl Pts',(33.3032636998564,94.9616531701029,-2.5));
#7025=CARTESIAN_POINT('Ctrl Pts',(33.2921503409617,94.9729089766738,-2.5));
#7026=CARTESIAN_POINT('Ctrl Pts',(33.2812240094601,94.984371414563,-2.5));
#7027=CARTESIAN_POINT('Ctrl Pts',(33.2742268631786,94.9917118796261,-2.5));
#7028=CARTESIAN_POINT('Ctrl Pts',(33.2673064283523,94.9991372401975,-2.5));
#7029=CARTESIAN_POINT('Ctrl Pts',(33.2604736174798,95.006634774639,-2.5));
#7030=CARTESIAN_POINT('Ctrl Pts',(33.2229843231138,95.0477711796909,-2.5));
#7031=CARTESIAN_POINT('Ctrl Pts',(33.1880520979685,95.0911574687651,-2.5));
#7032=CARTESIAN_POINT('Ctrl Pts',(33.1557997118954,95.136480771674,-2.5));
#7033=CARTESIAN_POINT('Ctrl Pts',(33.1235595722267,95.1817868650811,-2.5));
#7034=CARTESIAN_POINT('Ctrl Pts',(33.0939968448646,95.2290296749827,-2.5));
#7035=CARTESIAN_POINT('Ctrl Pts',(33.0672814700099,95.2779174261902,-2.5));
#7036=CARTESIAN_POINT('Ctrl Pts',(33.0510410814445,95.3076364954534,-2.5));
#7037=CARTESIAN_POINT('Ctrl Pts',(33.0358538691861,95.3379637730765,-2.5));
#7038=CARTESIAN_POINT('Ctrl Pts',(33.0217674918939,95.3688346990743,-2.5));
#7039=CARTESIAN_POINT('Ctrl Pts',(33.0144791514786,95.3848074231425,-2.5));
#7040=CARTESIAN_POINT('Ctrl Pts',(33.0074856332372,95.4009256843175,-2.5));
#7041=CARTESIAN_POINT('Ctrl Pts',(33.0007943454031,95.4171804636107,-2.5));
#7042=CARTESIAN_POINT('Ctrl Pts',(32.995399148332,95.4302867205539,-2.5));
#7043=CARTESIAN_POINT('Ctrl Pts',(32.9901994861251,95.4434847479481,-2.5));
#7044=CARTESIAN_POINT('Ctrl Pts',(32.9852080055953,95.4567458170737,-2.5));
#7045=CARTESIAN_POINT('Ctrl Pts',(32.9663100196122,95.506952864254,-2.5));
#7046=CARTESIAN_POINT('Ctrl Pts',(32.9503627471033,95.5581312253883,-2.5));
#7047=CARTESIAN_POINT('Ctrl Pts',(32.937535047723,95.6100123958092,-2.5));
#7048=CARTESIAN_POINT('Ctrl Pts',(32.9285597518417,95.6463126583424,-2.5));
#7049=CARTESIAN_POINT('Ctrl Pts',(32.9211126444858,95.6829571737383,-2.5));
#7050=CARTESIAN_POINT('Ctrl Pts',(32.915266710031,95.7198524267599,-2.5));
#7051=CARTESIAN_POINT('Ctrl Pts',(32.9128948748813,95.7348217115942,-2.5));
#7052=CARTESIAN_POINT('Ctrl Pts',(32.9107866781181,95.7498345100965,-2.5));
#7053=CARTESIAN_POINT('Ctrl Pts',(32.9089498342864,95.7648614362094,-2.5));
#7054=CARTESIAN_POINT('Ctrl Pts',(32.9027362421704,95.8156938412349,-2.5));
#7055=CARTESIAN_POINT('Ctrl Pts',(32.899613873223,95.8667455030175,-2.5));
#7056=CARTESIAN_POINT('Ctrl Pts',(32.8997589027262,95.9177716510082,-2.5));
#7057=CARTESIAN_POINT('Ctrl Pts',(32.8998476550815,95.9489976478675,-2.5));
#7058=CARTESIAN_POINT('Ctrl Pts',(32.9011609748367,95.9802139675328,-2.5));
#7059=CARTESIAN_POINT('Ctrl Pts',(32.9037485696489,96.0113617648848,-2.5));
#7060=CARTESIAN_POINT('Ctrl Pts',(32.9046408955727,96.0221030088058,-2.5));
#7061=CARTESIAN_POINT('Ctrl Pts',(32.9056848246724,96.0328360789999,-2.5));
#7062=CARTESIAN_POINT('Ctrl Pts',(32.9068790486962,96.0435583993721,-2.5));
#7063=CARTESIAN_POINT('',(33.2795283469764,96.9378522169218,-2.5));
#7064=CARTESIAN_POINT('Origin',(34.1736648717868,96.0437156921115,-2.5));
#7065=CARTESIAN_POINT('',(35.6305741635812,96.5519128147747,-2.5));
#7066=CARTESIAN_POINT('Ctrl Pts',(33.2795283469764,96.9378522169218,-2.5));
#7067=CARTESIAN_POINT('Ctrl Pts',(33.3111263938342,96.9771814320266,-2.5));
#7068=CARTESIAN_POINT('Ctrl Pts',(33.3451345301165,97.0143019127733,-2.5));
#7069=CARTESIAN_POINT('Ctrl Pts',(33.3812335113382,97.0491896055604,-2.5));
#7070=CARTESIAN_POINT('Ctrl Pts',(33.4189603757155,97.0856505584646,-2.5));
#7071=CARTESIAN_POINT('Ctrl Pts',(33.4589713184259,97.1196734579667,-2.5));
#7072=CARTESIAN_POINT('Ctrl Pts',(33.5009536342414,97.1512064844964,-2.5));
#7073=CARTESIAN_POINT('Ctrl Pts',(33.5351365256443,97.1768813430774,-2.5));
#7074=CARTESIAN_POINT('Ctrl Pts',(33.5706275384884,97.2009051855606,-2.5));
#7075=CARTESIAN_POINT('Ctrl Pts',(33.6072779876668,97.2232343392925,-2.5));
#7076=CARTESIAN_POINT('Ctrl Pts',(33.6246302554733,97.2338061457542,-2.5));
#7077=CARTESIAN_POINT('Ctrl Pts',(33.6422426485298,97.2439978501044,-2.5));
#7078=CARTESIAN_POINT('Ctrl Pts',(33.6601004678983,97.2538035133801,-2.5));
#7079=CARTESIAN_POINT('Ctrl Pts',(33.6689265293639,97.2586498714375,-2.5));
#7080=CARTESIAN_POINT('Ctrl Pts',(33.6778049066513,97.263397685018,-2.5));
#7081=CARTESIAN_POINT('Ctrl Pts',(33.6867299823077,97.2680448785849,-2.5));
#7082=CARTESIAN_POINT('Ctrl Pts',(33.7350774136373,97.2932188805209,-2.5));
#7083=CARTESIAN_POINT('Ctrl Pts',(33.784823753673,97.3154604442986,-2.5));
#7084=CARTESIAN_POINT('Ctrl Pts',(33.8356407293842,97.3347174037687,-2.5));
#7085=CARTESIAN_POINT('Ctrl Pts',(33.8875062404666,97.3543717029637,-2.5));
#7086=CARTESIAN_POINT('Ctrl Pts',(33.9404879081077,97.3709176456452,-2.5));
#7087=CARTESIAN_POINT('Ctrl Pts',(33.9942739140641,97.3842607360049,-2.5));
#7088=CARTESIAN_POINT('Ctrl Pts',(34.0330544418623,97.3938813069585,-2.5));
#7089=CARTESIAN_POINT('Ctrl Pts',(34.0722539515758,97.4018360451517,-2.5));
#7090=CARTESIAN_POINT('Ctrl Pts',(34.1117630537365,97.4080742569441,-2.5));
#7091=CARTESIAN_POINT('Ctrl Pts',(34.1238608497244,97.4099844145905,-2.5));
#7092=CARTESIAN_POINT('Ctrl Pts',(34.1359877028748,97.4117335316885,-2.5));
#7093=CARTESIAN_POINT('Ctrl Pts',(34.1481405366157,97.413319882849,-2.5));
#7094=CARTESIAN_POINT('Ctrl Pts',(34.1568977984546,97.4144629983378,-2.5));
#7095=CARTESIAN_POINT('Ctrl Pts',(34.1656668139851,97.4155213060121,-2.5));
#7096=CARTESIAN_POINT('Ctrl Pts',(34.1744371262062,97.4164933711781,-2.5));
#7097=CARTESIAN_POINT('Ctrl Pts',(34.2309466544327,97.4227566537789,-2.5));
#7098=CARTESIAN_POINT('Ctrl Pts',(34.2876143407814,97.4254574055417,-2.5));
#7099=CARTESIAN_POINT('Ctrl Pts',(34.3441115736259,97.4245147667448,-2.5));
#7100=CARTESIAN_POINT('Ctrl Pts',(34.3858956676393,97.4238176121032,-2.5));
#7101=CARTESIAN_POINT('Ctrl Pts',(34.4275873359268,97.4211268173377,-2.5));
#7102=CARTESIAN_POINT('Ctrl Pts',(34.4690606561501,97.4163927005519,-2.5));
#7103=CARTESIAN_POINT('Ctrl Pts',(34.5237163051651,97.4101538408693,-2.5));
#7104=CARTESIAN_POINT('Ctrl Pts',(34.5779932578263,97.4003684210684,-2.5));
#7105=CARTESIAN_POINT('Ctrl Pts',(34.6316734470151,97.3872478593683,-2.5));
#7106=CARTESIAN_POINT('Ctrl Pts',(34.6470416316815,97.383491553398,-2.5));
#7107=CARTESIAN_POINT('Ctrl Pts',(34.6623608896929,97.3794615631563,-2.5));
#7108=CARTESIAN_POINT('Ctrl Pts',(34.6776260251304,97.3751620854716,-2.5));
#7109=CARTESIAN_POINT('Ctrl Pts',(34.6875787371631,97.372358870036,-2.5));
#7110=CARTESIAN_POINT('Ctrl Pts',(34.6975085519565,97.369440943195,-2.5));
#7111=CARTESIAN_POINT('Ctrl Pts',(34.7073996479895,97.3664141329137,-2.5));
#7112=CARTESIAN_POINT('Ctrl Pts',(34.7615836127029,97.3498331007483,-2.5));
#7113=CARTESIAN_POINT('Ctrl Pts',(34.814712411793,97.3299597422962,-2.5));
#7114=CARTESIAN_POINT('Ctrl Pts',(34.8665594732396,97.3070660155326,-2.5));
#7115=CARTESIAN_POINT('Ctrl Pts',(34.9196554366167,97.2836208203009,-2.5));
#7116=CARTESIAN_POINT('Ctrl Pts',(34.9714080866573,97.2570077115366,-2.5));
#7117=CARTESIAN_POINT('Ctrl Pts',(35.0215725643695,97.227462913763,-2.5));
#7118=CARTESIAN_POINT('Ctrl Pts',(35.0533180956434,97.2087661118731,-2.5));
#7119=CARTESIAN_POINT('Ctrl Pts',(35.0844275350268,97.1888941423537,-2.5));
#7120=CARTESIAN_POINT('Ctrl Pts',(35.114835894065,97.1678966033154,-2.5));
#7121=CARTESIAN_POINT('Ctrl Pts',(35.1384558429254,97.1515865881101,-2.5));
#7122=CARTESIAN_POINT('Ctrl Pts',(35.1616527569832,97.1345972926075,-2.5));
#7123=CARTESIAN_POINT('Ctrl Pts',(35.1843945426541,97.1169490171913,-2.5));
#7124=CARTESIAN_POINT('Ctrl Pts',(35.1932701674962,97.1100612787362,-2.5));
#7125=CARTESIAN_POINT('Ctrl Pts',(35.2020693126353,97.1030786582823,-2.5));
#7126=CARTESIAN_POINT('Ctrl Pts',(35.2107886147547,97.0960042040931,-2.5));
#7127=CARTESIAN_POINT('Ctrl Pts',(35.2533572448767,97.0614659096775,-2.5));
#7128=CARTESIAN_POINT('Ctrl Pts',(35.2940370249233,97.024731175459,-2.5));
#7129=CARTESIAN_POINT('Ctrl Pts',(35.3326283374754,96.9859802689343,-2.5));
#7130=CARTESIAN_POINT('Ctrl Pts',(35.3618202172266,96.9566676664674,-2.5));
#7131=CARTESIAN_POINT('Ctrl Pts',(35.3898169914761,96.9262006402869,-2.5));
#7132=CARTESIAN_POINT('Ctrl Pts',(35.4165258884394,96.8946454122755,-2.5));
#7133=CARTESIAN_POINT('Ctrl Pts',(35.4257361587247,96.8837639378628,-2.5));
#7134=CARTESIAN_POINT('Ctrl Pts',(35.4347942296981,96.8727517148893,-2.5));
#7135=CARTESIAN_POINT('Ctrl Pts',(35.4436929337719,96.8616151668673,-2.5));
#7136=CARTESIAN_POINT('Ctrl Pts',(35.4817382832391,96.8140021821181,-2.5));
#7137=CARTESIAN_POINT('Ctrl Pts',(35.5167731566036,96.7642460318743,-2.5));
#7138=CARTESIAN_POINT('Ctrl Pts',(35.5485213591771,96.7125740077966,-2.5));
#7139=CARTESIAN_POINT('Ctrl Pts',(35.5732168724344,96.6723806408591,-2.5));
#7140=CARTESIAN_POINT('Ctrl Pts',(35.595923498643,96.6310270220546,-2.5));
#7141=CARTESIAN_POINT('Ctrl Pts',(35.6164964771414,96.5886039946099,-2.5));
#7142=CARTESIAN_POINT('Ctrl Pts',(35.6222102791421,96.5768217055695,-2.5));
#7143=CARTESIAN_POINT('Ctrl Pts',(35.6277594066034,96.5649568533422,-2.5));
#7144=CARTESIAN_POINT('Ctrl Pts',(35.6331445783032,96.553012733035,-2.5));
#7145=CARTESIAN_POINT('Origin',(34.1736648717868,96.0437156921115,-2.5));
#7146=CARTESIAN_POINT('',(180.044505679974,94.6541756206953,-2.5));
#7147=CARTESIAN_POINT('',(178.109164871787,96.0437156921115,-2.5));
#7148=CARTESIAN_POINT('Ctrl Pts',(180.044505679974,94.6541756206953,-2.5));
#7149=CARTESIAN_POINT('Ctrl Pts',(179.986678507524,94.6323640596421,-2.5));
#7150=CARTESIAN_POINT('Ctrl Pts',(179.927651120796,94.6143979366499,-2.5));
#7151=CARTESIAN_POINT('Ctrl Pts',(179.867780594178,94.6001734516346,-2.5));
#7152=CARTESIAN_POINT('Ctrl Pts',(179.808873862633,94.5861779522211,-2.5));
#7153=CARTESIAN_POINT('Ctrl Pts',(179.74914969679,94.5758050329984,-2.5));
#7154=CARTESIAN_POINT('Ctrl Pts',(179.688943292262,94.569010912339,-2.5));
#7155=CARTESIAN_POINT('Ctrl Pts',(179.642926561796,94.5638180558383,-2.5));
#7156=CARTESIAN_POINT('Ctrl Pts',(179.596627888659,94.5607169928226,-2.5));
#7157=CARTESIAN_POINT('Ctrl Pts',(179.550201431215,94.5597082046787,-2.5));
#7158=CARTESIAN_POINT('Ctrl Pts',(179.525034014544,94.5591613485766,-2.5));
#7159=CARTESIAN_POINT('Ctrl Pts',(179.499829147839,94.5592296288505,-2.5));
#7160=CARTESIAN_POINT('Ctrl Pts',(179.474612390559,94.5599151369303,-2.5));
#7161=CARTESIAN_POINT('Ctrl Pts',(179.465415307178,94.5601651561893,-2.5));
#7162=CARTESIAN_POINT('Ctrl Pts',(179.456217766133,94.5604973219313,-2.5));
#7163=CARTESIAN_POINT('Ctrl Pts',(179.447030936925,94.5609110983116,-2.5));
#7164=CARTESIAN_POINT('Ctrl Pts',(179.387859459071,94.5635761919335,-2.5));
#7165=CARTESIAN_POINT('Ctrl Pts',(179.329019214528,94.5696253244431,-2.5));
#7166=CARTESIAN_POINT('Ctrl Pts',(179.270824345851,94.5790092222875,-2.5));
#7167=CARTESIAN_POINT('Ctrl Pts',(179.213816072898,94.5882017820757,-2.5));
#7168=CARTESIAN_POINT('Ctrl Pts',(179.157426173682,94.6005949294598,-2.5));
#7169=CARTESIAN_POINT('Ctrl Pts',(179.101967407593,94.6161878762861,-2.5));
#7170=CARTESIAN_POINT('Ctrl Pts',(179.060408623192,94.6278726641207,-2.5));
#7171=CARTESIAN_POINT('Ctrl Pts',(179.019372984314,94.6413552307948,-2.5));
#7172=CARTESIAN_POINT('Ctrl Pts',(178.979003440537,94.6566505259378,-2.5));
#7173=CARTESIAN_POINT('Ctrl Pts',(178.958595790265,94.664382618126,-2.5));
#7174=CARTESIAN_POINT('Ctrl Pts',(178.938358542173,94.6725781563943,-2.5));
#7175=CARTESIAN_POINT('Ctrl Pts',(178.918311421852,94.681240265253,-2.5));
#7176=CARTESIAN_POINT('Ctrl Pts',(178.908773779578,94.6853613606675,-2.5));
#7177=CARTESIAN_POINT('Ctrl Pts',(178.899286757249,94.6895848380699,-2.5));
#7178=CARTESIAN_POINT('Ctrl Pts',(178.889856079511,94.6939087763698,-2.5));
#7179=CARTESIAN_POINT('Ctrl Pts',(178.839204899691,94.7171321949235,-2.5));
#7180=CARTESIAN_POINT('Ctrl Pts',(178.790139982484,94.7432661059623,-2.5));
#7181=CARTESIAN_POINT('Ctrl Pts',(178.742946853777,94.7723036982665,-2.5));
#7182=CARTESIAN_POINT('Ctrl Pts',(178.707792108752,94.7939341597673,-2.5));
#7183=CARTESIAN_POINT('Ctrl Pts',(178.673676398264,94.8171767672454,-2.5));
#7184=CARTESIAN_POINT('Ctrl Pts',(178.640730214776,94.84204290947,-2.5));
#7185=CARTESIAN_POINT('Ctrl Pts',(178.596482043279,94.8754392306556,-2.5));
#7186=CARTESIAN_POINT('Ctrl Pts',(178.554341799151,94.9117640373021,-2.5));
#7187=CARTESIAN_POINT('Ctrl Pts',(178.514474092851,94.9507369902397,-2.5));
#7188=CARTESIAN_POINT('Ctrl Pts',(178.50317796411,94.9617795992745,-2.5));
#7189=CARTESIAN_POINT('Ctrl Pts',(178.492064546029,94.973034917964,-2.5));
#7190=CARTESIAN_POINT('Ctrl Pts',(178.481138237462,94.9844967820492,-2.5));
#7191=CARTESIAN_POINT('Ctrl Pts',(178.4741415595,94.9918364037842,-2.5));
#7192=CARTESIAN_POINT('Ctrl Pts',(178.467221617818,94.9992608736177,-2.5));
#7193=CARTESIAN_POINT('Ctrl Pts',(178.460389321593,95.0067574748491,-2.5));
#7194=CARTESIAN_POINT('Ctrl Pts',(178.422902452942,95.0478891963727,-2.5));
#7195=CARTESIAN_POINT('Ctrl Pts',(178.387973360355,95.0912695632849,-2.5));
#7196=CARTESIAN_POINT('Ctrl Pts',(178.355724592586,95.1365860913677,-2.5));
#7197=CARTESIAN_POINT('Ctrl Pts',(178.323487777335,95.181885823564,-2.5));
#7198=CARTESIAN_POINT('Ctrl Pts',(178.293928908925,95.2291214542402,-2.5));
#7199=CARTESIAN_POINT('Ctrl Pts',(178.267217715605,95.2780015777402,-2.5));
#7200=CARTESIAN_POINT('Ctrl Pts',(178.250981734623,95.3077125961135,-2.5));
#7201=CARTESIAN_POINT('Ctrl Pts',(178.235798807355,95.338031517321,-2.5));
#7202=CARTESIAN_POINT('Ctrl Pts',(178.221716527593,95.3688938877983,-2.5));
#7203=CARTESIAN_POINT('Ctrl Pts',(178.214428165422,95.3848668791976,-2.5));
#7204=CARTESIAN_POINT('Ctrl Pts',(178.20743474847,95.4009854399791,-2.5));
#7205=CARTESIAN_POINT('Ctrl Pts',(178.200743682107,95.4172405582194,-2.5));
#7206=CARTESIAN_POINT('Ctrl Pts',(178.195349384357,95.4303453374891,-2.5));
#7207=CARTESIAN_POINT('Ctrl Pts',(178.19015064751,95.4435418883161,-2.5));
#7208=CARTESIAN_POINT('Ctrl Pts',(178.185160113854,95.4568014893862,-2.5));
#7209=CARTESIAN_POINT('Ctrl Pts',(178.166265792612,95.5070027663234,-2.5));
#7210=CARTESIAN_POINT('Ctrl Pts',(178.150322469403,95.5581754701852,-2.5));
#7211=CARTESIAN_POINT('Ctrl Pts',(178.13749882826,95.6100514086176,-2.5));
#7212=CARTESIAN_POINT('Ctrl Pts',(178.128526081218,95.6463491861302,-2.5));
#7213=CARTESIAN_POINT('Ctrl Pts',(178.121081675132,95.6829914471157,-2.5));
#7214=CARTESIAN_POINT('Ctrl Pts',(178.115238541906,95.7198847781579,-2.5));
#7215=CARTESIAN_POINT('Ctrl Pts',(178.112868519813,95.7348490116054,-2.5));
#7216=CARTESIAN_POINT('Ctrl Pts',(178.110762003365,95.7498567811913,-2.5));
#7217=CARTESIAN_POINT('Ctrl Pts',(178.108926695144,95.7648787307369,-2.5));
#7218=CARTESIAN_POINT('Ctrl Pts',(178.102716484932,95.8157091380648,-2.5));
#7219=CARTESIAN_POINT('Ctrl Pts',(178.099597654733,95.8667595250864,-2.5));
#7220=CARTESIAN_POINT('Ctrl Pts',(178.099746242584,95.9177853836011,-2.5));
#7221=CARTESIAN_POINT('Ctrl Pts',(178.099837143706,95.9490013127024,-2.5));
#7222=CARTESIAN_POINT('Ctrl Pts',(178.101151844481,95.9802079395743,-2.5));
#7223=CARTESIAN_POINT('Ctrl Pts',(178.103739973625,96.0113465385542,-2.5));
#7224=CARTESIAN_POINT('Ctrl Pts',(178.104632691253,96.0220871062158,-2.5));
#7225=CARTESIAN_POINT('Ctrl Pts',(178.105676981715,96.0328195552373,-2.5));
#7226=CARTESIAN_POINT('Ctrl Pts',(178.106871538008,96.043541307519,-2.5));
#7227=CARTESIAN_POINT('',(178.479528346976,96.9378522169219,-2.5));
#7228=CARTESIAN_POINT('Origin',(179.373664871787,96.0437156921115,-2.5));
#7229=CARTESIAN_POINT('',(180.830574163581,96.5519128147747,-2.5));
#7230=CARTESIAN_POINT('Ctrl Pts',(178.479528346976,96.9378522169219,-2.5));
#7231=CARTESIAN_POINT('Ctrl Pts',(178.511120378565,96.9771739449869,-2.5));
#7232=CARTESIAN_POINT('Ctrl Pts',(178.545123098223,97.0142865643506,-2.5));
#7233=CARTESIAN_POINT('Ctrl Pts',(178.581217082404,97.0491663302645,-2.5));
#7234=CARTESIAN_POINT('Ctrl Pts',(178.618941012928,97.0856212103758,-2.5));
#7235=CARTESIAN_POINT('Ctrl Pts',(178.658949756933,97.1196376689118,-2.5));
#7236=CARTESIAN_POINT('Ctrl Pts',(178.700930344413,97.1511642224222,-2.5));
#7237=CARTESIAN_POINT('Ctrl Pts',(178.735117899609,97.1768383697594,-2.5));
#7238=CARTESIAN_POINT('Ctrl Pts',(178.770614352697,97.2008608931876,-2.5));
#7239=CARTESIAN_POINT('Ctrl Pts',(178.807270799154,97.2231882782304,-2.5));
#7240=CARTESIAN_POINT('Ctrl Pts',(178.824585968464,97.2337349211713,-2.5));
#7241=CARTESIAN_POINT('Ctrl Pts',(178.842160191867,97.2439031086132,-2.5));
#7242=CARTESIAN_POINT('Ctrl Pts',(178.859978848545,97.253686959768,-2.5));
#7243=CARTESIAN_POINT('Ctrl Pts',(178.868848777805,97.2585572521363,-2.5));
#7244=CARTESIAN_POINT('Ctrl Pts',(178.877771773349,97.2633281332176,-2.5));
#7245=CARTESIAN_POINT('Ctrl Pts',(178.886741850126,97.2679973437567,-2.5));
#7246=CARTESIAN_POINT('Ctrl Pts',(178.935089743018,97.2931639612398,-2.5));
#7247=CARTESIAN_POINT('Ctrl Pts',(178.984836652505,97.3153985894906,-2.5));
#7248=CARTESIAN_POINT('Ctrl Pts',(179.035654027455,97.3346494094622,-2.5));
#7249=CARTESIAN_POINT('Ctrl Pts',(179.087518533252,97.3542969072914,-2.5));
#7250=CARTESIAN_POINT('Ctrl Pts',(179.140498958066,97.3708370456519,-2.5));
#7251=CARTESIAN_POINT('Ctrl Pts',(179.194283214258,97.3841757165546,-2.5));
#7252=CARTESIAN_POINT('Ctrl Pts',(179.233074547521,97.3937960936856,-2.5));
#7253=CARTESIAN_POINT('Ctrl Pts',(179.272284859535,97.4017503225207,-2.5));
#7254=CARTESIAN_POINT('Ctrl Pts',(179.311804555906,97.4079878162177,-2.5));
#7255=CARTESIAN_POINT('Ctrl Pts',(179.32409473851,97.4099276068428,-2.5));
#7256=CARTESIAN_POINT('Ctrl Pts',(179.336414873558,97.411701263488,-2.5));
#7257=CARTESIAN_POINT('Ctrl Pts',(179.348761731951,97.4133069806032,-2.5));
#7258=CARTESIAN_POINT('Ctrl Pts',(179.357594697897,97.4144557136774,-2.5));
#7259=CARTESIAN_POINT('Ctrl Pts',(179.366439092562,97.4155181412083,-2.5));
#7260=CARTESIAN_POINT('Ctrl Pts',(179.375284858781,97.4164928890184,-2.5));
#7261=CARTESIAN_POINT('Ctrl Pts',(179.431801991735,97.4227207216584,-2.5));
#7262=CARTESIAN_POINT('Ctrl Pts',(179.488474861854,97.4253865173066,-2.5));
#7263=CARTESIAN_POINT('Ctrl Pts',(179.544974563754,97.4244095518435,-2.5));
#7264=CARTESIAN_POINT('Ctrl Pts',(179.586512521186,97.4236912976146,-2.5));
#7265=CARTESIAN_POINT('Ctrl Pts',(179.627957681434,97.4210033179283,-2.5));
#7266=CARTESIAN_POINT('Ctrl Pts',(179.669186197976,97.416296898037,-2.5));
#7267=CARTESIAN_POINT('Ctrl Pts',(179.723847667644,97.4100570463589,-2.5));
#7268=CARTESIAN_POINT('Ctrl Pts',(179.778128832903,97.4002713653672,-2.5));
#7269=CARTESIAN_POINT('Ctrl Pts',(179.831811869839,97.387151066473,-2.5));
#7270=CARTESIAN_POINT('Ctrl Pts',(179.847182893349,97.383394341178,-2.5));
#7271=CARTESIAN_POINT('Ctrl Pts',(179.862504865284,97.3793639025119,-2.5));
#7272=CARTESIAN_POINT('Ctrl Pts',(179.877772593052,97.3750639440816,-2.5));
#7273=CARTESIAN_POINT('Ctrl Pts',(179.887720816149,97.3722621554711,-2.5));
#7274=CARTESIAN_POINT('Ctrl Pts',(179.897646105549,97.3693457879489,-2.5));
#7275=CARTESIAN_POINT('Ctrl Pts',(179.907532668908,97.3663206584531,-2.5));
#7276=CARTESIAN_POINT('Ctrl Pts',(179.961718966485,97.3497405222515,-2.5));
#7277=CARTESIAN_POINT('Ctrl Pts',(180.014848738388,97.3298684217759,-2.5));
#7278=CARTESIAN_POINT('Ctrl Pts',(180.066695675569,97.3069761037201,-2.5));
#7279=CARTESIAN_POINT('Ctrl Pts',(180.119788828024,97.2835335360649,-2.5));
#7280=CARTESIAN_POINT('Ctrl Pts',(180.171537652167,97.2569235331591,-2.5));
#7281=CARTESIAN_POINT('Ctrl Pts',(180.22169758263,97.2273820581941,-2.5));
#7282=CARTESIAN_POINT('Ctrl Pts',(180.253437603214,97.2086889098022,-2.5));
#7283=CARTESIAN_POINT('Ctrl Pts',(180.284541348054,97.1888208757046,-2.5));
#7284=CARTESIAN_POINT('Ctrl Pts',(180.314943915597,97.1678274765503,-2.5));
#7285=CARTESIAN_POINT('Ctrl Pts',(180.33855057921,97.1515267443425,-2.5));
#7286=CARTESIAN_POINT('Ctrl Pts',(180.361734464146,97.1345473604209,-2.5));
#7287=CARTESIAN_POINT('Ctrl Pts',(180.384463553416,97.1169095674908,-2.5));
#7288=CARTESIAN_POINT('Ctrl Pts',(180.393339589813,97.1100217555703,-2.5));
#7289=CARTESIAN_POINT('Ctrl Pts',(180.402139115923,97.1030390249668,-2.5));
#7290=CARTESIAN_POINT('Ctrl Pts',(180.410858762975,97.0959644281784,-2.5));
#7291=CARTESIAN_POINT('Ctrl Pts',(180.453420744119,97.061432198456,-2.5));
#7292=CARTESIAN_POINT('Ctrl Pts',(180.494093808524,97.0247035764777,-2.5));
#7293=CARTESIAN_POINT('Ctrl Pts',(180.532678597207,96.9859586057624,-2.5));
#7294=CARTESIAN_POINT('Ctrl Pts',(180.561866350823,96.9566496812431,-2.5));
#7295=CARTESIAN_POINT('Ctrl Pts',(180.58985904219,96.9261861683655,-2.5));
#7296=CARTESIAN_POINT('Ctrl Pts',(180.61656400229,96.8946341985995,-2.5));
#7297=CARTESIAN_POINT('Ctrl Pts',(180.625771984384,96.883754947271,-2.5));
#7298=CARTESIAN_POINT('Ctrl Pts',(180.634827815532,96.8727449430905,-2.5));
#7299=CARTESIAN_POINT('Ctrl Pts',(180.643724333362,96.8616106055419,-2.5));
#7300=CARTESIAN_POINT('Ctrl Pts',(180.681763163345,96.8140035326292,-2.5));
#7301=CARTESIAN_POINT('Ctrl Pts',(180.716792096996,96.7642527689941,-2.5));
#7302=CARTESIAN_POINT('Ctrl Pts',(180.748535282544,96.7125853092215,-2.5));
#7303=CARTESIAN_POINT('Ctrl Pts',(180.773226785675,96.6723956677998,-2.5));
#7304=CARTESIAN_POINT('Ctrl Pts',(180.795929977056,96.6310452873354,-2.5));
#7305=CARTESIAN_POINT('Ctrl Pts',(180.816500261236,96.5886248684024,-2.5));
#7306=CARTESIAN_POINT('Ctrl Pts',(180.822213348523,96.5768432345662,-2.5));
#7307=CARTESIAN_POINT('Ctrl Pts',(180.827761816481,96.564978987969,-2.5));
#7308=CARTESIAN_POINT('Ctrl Pts',(180.83314638166,96.553035425517,-2.5));
#7309=CARTESIAN_POINT('Origin',(179.373664871787,96.0437156921115,-2.5));
#7310=CARTESIAN_POINT('',(137.873664871787,103.843715692111,-2.5));
#7311=CARTESIAN_POINT('Origin',(141.373664871787,103.843715692111,-2.5));
#7312=CARTESIAN_POINT('',(68.6736648717868,103.843715692111,-2.5));
#7313=CARTESIAN_POINT('Origin',(72.1736648717868,103.843715692111,-2.5));
#7314=CARTESIAN_POINT('Origin',(106.773664871787,-161.184489436094,-4.5));
#7315=CARTESIAN_POINT('',(98.319400316889,115.963808806744,-4.5));
#7316=CARTESIAN_POINT('Origin',(98.3803809103586,113.964738681105,-4.5));
#7317=CARTESIAN_POINT('',(72.3496287878942,113.947550769622,-4.5));
#7318=CARTESIAN_POINT('Origin',(106.773664871787,-161.184489436094,-4.5));
#7319=CARTESIAN_POINT('Origin',(72.5979292919042,111.963023909208,-4.5));
#7320=CARTESIAN_POINT('Origin',(72.1634034098867,115.435945914934,-4.5));
#7321=CARTESIAN_POINT('',(70.7410638977538,115.912338937789,-4.5));
#7322=CARTESIAN_POINT('Origin',(68.84461121491,116.54752963493,-4.5));
#7323=CARTESIAN_POINT('Origin',(72.1634034098867,115.435945914934,-4.5));
#7324=CARTESIAN_POINT('Origin',(106.773664871787,103.843715692111,-4.5));
#7325=CARTESIAN_POINT('',(97.9243498032937,140.798953789282,-4.5));
#7326=CARTESIAN_POINT('Origin',(97.4585963786361,142.743966320712,-4.5));
#7327=CARTESIAN_POINT('Origin',(106.773664871787,103.843715692111,-4.5));
#7328=CARTESIAN_POINT('Origin',(98.2736648717868,139.340194390709,-4.5));
#7329=CARTESIAN_POINT('Origin',(101.773664871787,139.340194390709,-4.5));
#7330=CARTESIAN_POINT('Origin',(98.2736648717868,139.340194390709,-4.5));
#7331=CARTESIAN_POINT('Origin',(101.773664871787,116.724033838282,-4.5));
#7332=CARTESIAN_POINT('Origin',(101.773664871787,117.463111400973,-4.5));
#7333=CARTESIAN_POINT('Origin',(98.2736648717868,117.463111400973,-4.5));
#7334=CARTESIAN_POINT('Origin',(98.2736648717868,117.463111400973,-4.5));
#7335=CARTESIAN_POINT('Origin',(106.773664871787,103.843715692111,-2.5));
#7336=CARTESIAN_POINT('',(70.7410638977538,115.912338937789,-2.5));
#7337=CARTESIAN_POINT('',(97.9243498032937,140.798953789282,-2.5));
#7338=CARTESIAN_POINT('Origin',(72.1634034098867,115.435945914934,-2.5));
#7339=CARTESIAN_POINT('',(72.3496287878942,113.947550769622,-10.5));
#7340=CARTESIAN_POINT('',(72.3496287878942,113.947550769622,-2.5));
#7341=CARTESIAN_POINT('Origin',(72.1634034098867,115.435945914934,-10.5));
#7342=CARTESIAN_POINT('Origin',(106.773664871787,-161.184489436094,-2.5));
#7343=CARTESIAN_POINT('',(98.319400316889,115.963808806744,-10.5));
#7344=CARTESIAN_POINT('',(98.319400316889,115.963808806744,-2.5));
#7345=CARTESIAN_POINT('Origin',(106.773664871787,-161.184489436094,-10.5));
#7346=CARTESIAN_POINT('Ctrl Pts',(103.594726053566,124.315924505483,-11.3268834090835));
#7347=CARTESIAN_POINT('Ctrl Pts',(103.578097028264,124.325576324467,-11.3635058302555));
#7348=CARTESIAN_POINT('Ctrl Pts',(103.528571450657,124.38686714174,-11.3872819645652));
#7349=CARTESIAN_POINT('Ctrl Pts',(103.412452300521,124.555352264702,-11.35197750732));
#7350=CARTESIAN_POINT('Ctrl Pts',(103.261474163948,124.790727038406,-11.3222461928112));
#7351=CARTESIAN_POINT('Ctrl Pts',(103.022987062984,125.123389759017,-11.3532958447388));
#7352=CARTESIAN_POINT('Ctrl Pts',(102.742669178296,125.43976955082,-11.557675279843));
#7353=CARTESIAN_POINT('Ctrl Pts',(102.448407699032,125.654461334572,-11.8964980715885));
#7354=CARTESIAN_POINT('Ctrl Pts',(102.154146219769,125.799622130266,-12.2820728379472));
#7355=CARTESIAN_POINT('Ctrl Pts',(101.87382833508,125.844930669088,-12.6697192142972));
#7356=CARTESIAN_POINT('Ctrl Pts',(101.665152121737,125.822190636955,-12.9142398635468));
#7357=CARTESIAN_POINT('Ctrl Pts',(101.55985216583,125.794555846231,-13.0272978669896));
#7358=CARTESIAN_POINT('Ctrl Pts',(101.476865188351,125.761923130188,-13.1101543705962));
#7359=CARTESIAN_POINT('Ctrl Pts',(101.416626926631,125.724731952463,-13.1684772643062));
#7360=CARTESIAN_POINT('Ctrl Pts',(101.349671855805,125.665798154886,-13.2324785740198));
#7361=CARTESIAN_POINT('Ctrl Pts',(101.3187183698,125.621793563021,-13.2695295211633));
#7362=CARTESIAN_POINT('Ctrl Pts',(101.302089344498,125.585171141849,-13.3));
#7363=CARTESIAN_POINT('Ctrl Pts',(103.531631232948,124.315924505483,-11.4658383419514));
#7364=CARTESIAN_POINT('Ctrl Pts',(103.511441749236,124.32692753187,-11.5028806868114));
#7365=CARTESIAN_POINT('Ctrl Pts',(103.456708388354,124.386593379462,-11.5336984777478));
#7366=CARTESIAN_POINT('Ctrl Pts',(103.337693856555,124.545253561065,-11.5139447811583));
#7367=CARTESIAN_POINT('Ctrl Pts',(103.187917314679,124.762507110101,-11.4959074714827));
#7368=CARTESIAN_POINT('Ctrl Pts',(102.955402691952,125.068746399272,-11.5317268256289));
#7369=CARTESIAN_POINT('Ctrl Pts',(102.685975383245,125.359995973389,-11.7182596968412));
#7370=CARTESIAN_POINT('Ctrl Pts',(102.404242179704,125.562034857663,-12.0224960453515));
#7371=CARTESIAN_POINT('Ctrl Pts',(102.122508419125,125.702933605499,-12.3675885682461));
#7372=CARTESIAN_POINT('Ctrl Pts',(101.853080135711,125.756019038463,-12.7146950289605));
#7373=CARTESIAN_POINT('Ctrl Pts',(101.64963058423,125.745506687825,-12.9362153960127));
#7374=CARTESIAN_POINT('Ctrl Pts',(101.545677728649,125.724894883789,-13.0396808060236));
#7375=CARTESIAN_POINT('Ctrl Pts',(101.462794044894,125.698043776023,-13.1163669479605));
#7376=CARTESIAN_POINT('Ctrl Pts',(101.401364338687,125.664893279744,-13.1712454508068));
#7377=CARTESIAN_POINT('Ctrl Pts',(101.331249036722,125.60974868449,-13.2330601835923));
#7378=CARTESIAN_POINT('Ctrl Pts',(101.297040894131,125.566631522368,-13.2695662244168));
#7379=CARTESIAN_POINT('Ctrl Pts',(101.276851416251,125.529589168702,-13.3));
#7380=CARTESIAN_POINT('Ctrl Pts',(103.373486436802,124.315924505482,-11.729229934915));
#7381=CARTESIAN_POINT('Ctrl Pts',(103.346309307245,124.329629946677,-11.7647804093317));
#7382=CARTESIAN_POINT('Ctrl Pts',(103.281563027097,124.386627443959,-11.8037726652186));
#7383=CARTESIAN_POINT('Ctrl Pts',(103.157719999711,124.526839005471,-11.8052183535185));
#7384=CARTESIAN_POINT('Ctrl Pts',(103.011607334754,124.710171577395,-11.8031129595408));
#7385=CARTESIAN_POINT('Ctrl Pts',(102.793036259004,124.966525092653,-11.8432978893424));
#7386=CARTESIAN_POINT('Ctrl Pts',(102.547742035811,125.209884503267,-11.9966145596024));
#7387=CARTESIAN_POINT('Ctrl Pts',(102.293539742016,125.386159053629,-12.239323303919));
#7388=CARTESIAN_POINT('Ctrl Pts',(102.039337335263,125.516310555229,-12.51318359136));
#7389=CARTESIAN_POINT('Ctrl Pts',(101.79404304319,125.580521224297,-12.7899045303215));
#7390=CARTESIAN_POINT('Ctrl Pts',(101.602793845363,125.591341792464,-12.9723306819497));
#7391=CARTESIAN_POINT('Ctrl Pts',(101.502416075903,125.58396011211,-13.0597392759808));
#7392=CARTESIAN_POINT('Ctrl Pts',(101.420431356147,125.568683108833,-13.1262562686178));
#7393=CARTESIAN_POINT('Ctrl Pts',(101.357118233019,125.544549223855,-13.1755660005777));
#7394=CARTESIAN_POINT('Ctrl Pts',(101.281236743561,125.499066645375,-13.2339619900913));
#7395=CARTESIAN_POINT('Ctrl Pts',(101.240770636048,125.459782992798,-13.2696396309237));
#7396=CARTESIAN_POINT('Ctrl Pts',(101.213593497793,125.424232531516,-13.3));
#7397=CARTESIAN_POINT('Ctrl Pts',(103.052829947718,124.315924505482,-12.060211884233));
#7398=CARTESIAN_POINT('Ctrl Pts',(103.018401022166,124.333683568886,-12.0882363941019));
#7399=CARTESIAN_POINT('Ctrl Pts',(102.944221979005,124.388417061497,-12.1250250783044));
#7400=CARTESIAN_POINT('Ctrl Pts',(102.819270016264,124.505154567307,-12.1354336166245));
#7401=CARTESIAN_POINT('Ctrl Pts',(102.682915242423,124.645551850291,-12.1413875392106));
#7402=CARTESIAN_POINT('Ctrl Pts',(102.488945873774,124.838249768397,-12.1798133343547));
#7403=CARTESIAN_POINT('Ctrl Pts',(102.28129359232,125.020626072742,-12.2946905131085));
#7404=CARTESIAN_POINT('Ctrl Pts',(102.069079904389,125.16072488052,-12.4678627309698));
#7405=CARTESIAN_POINT('Ctrl Pts',(101.85686608146,125.271504034494,-12.6621315871958));
#7406=CARTESIAN_POINT('Ctrl Pts',(101.649213764223,125.340750038491,-12.8619243827872));
#7407=CARTESIAN_POINT('Ctrl Pts',(101.479491167978,125.37380099771,-13.0045206764402));
#7408=CARTESIAN_POINT('Ctrl Pts',(101.387067643677,125.383121967595,-13.0764678336001));
#7409=CARTESIAN_POINT('Ctrl Pts',(101.309190355075,125.38418368477,-13.1337625672684));
#7410=CARTESIAN_POINT('Ctrl Pts',(101.246001963737,125.374932184994,-13.1784474166884));
#7411=CARTESIAN_POINT('Ctrl Pts',(101.166121394886,125.348578733036,-13.2345342806503));
#7412=CARTESIAN_POINT('Ctrl Pts',(101.119759815675,125.31986427983,-13.2697497406842));
#7413=CARTESIAN_POINT('Ctrl Pts',(101.085330902159,125.291839751789,-13.2999999999999));
#7414=CARTESIAN_POINT('Ctrl Pts',(102.665410362467,124.315924505482,-12.3097657878944));
#7415=CARTESIAN_POINT('Ctrl Pts',(102.628506457318,124.337737191096,-12.3275534517231));
#7416=CARTESIAN_POINT('Ctrl Pts',(102.552810196823,124.392130998439,-12.3528113578293));
#7417=CARTESIAN_POINT('Ctrl Pts',(102.434409178155,124.490400304066,-12.356637625624));
#7418=CARTESIAN_POINT('Ctrl Pts',(102.311961005342,124.598097743694,-12.365439860507));
#7419=CARTESIAN_POINT('Ctrl Pts',(102.144379826487,124.743676936009,-12.4050841904407));
#7420=CARTESIAN_POINT('Ctrl Pts',(101.971942162927,124.881729268913,-12.4950508317766));
#7421=CARTESIAN_POINT('Ctrl Pts',(101.797885650082,124.993494131533,-12.6191296582364));
#7422=CARTESIAN_POINT('Ctrl Pts',(101.623829143647,125.086557403791,-12.7569681773322));
#7423=CARTESIAN_POINT('Ctrl Pts',(101.451391821574,125.151881814203,-12.9023803035661));
#7424=CARTESIAN_POINT('Ctrl Pts',(101.304759077775,125.19311731569,-13.0189464095926));
#7425=CARTESIAN_POINT('Ctrl Pts',(101.222587396519,125.212458249386,-13.0820144761829));
#7426=CARTESIAN_POINT('Ctrl Pts',(101.151749648568,125.22583217616,-13.134917900899));
#7427=CARTESIAN_POINT('Ctrl Pts',(101.092296645925,125.231028119517,-13.1782136628582));
#7428=CARTESIAN_POINT('Ctrl Pts',(101.014576559921,125.225578129146,-13.2344379700365));
#7429=CARTESIAN_POINT('Ctrl Pts',(100.96726699575,125.209805820113,-13.2698598504447));
#7430=CARTESIAN_POINT('Ctrl Pts',(100.930363068058,125.192018190324,-13.2999999999999));
#7431=CARTESIAN_POINT('Ctrl Pts',(102.358048684922,124.315924505481,-12.4196736044074));
#7432=CARTESIAN_POINT('Ctrl Pts',(102.322767538896,124.340608506827,-12.4302240729578));
#7433=CARTESIAN_POINT('Ctrl Pts',(102.251502967578,124.395991354907,-12.4423412325177));
#7434=CARTESIAN_POINT('Ctrl Pts',(102.142800130652,124.486158794004,-12.4429366894713));
#7435=CARTESIAN_POINT('Ctrl Pts',(102.032592348851,124.581197668606,-12.4605099348414));
#7436=CARTESIAN_POINT('Ctrl Pts',(101.884043324021,124.708416946887,-12.5054140713037));
#7437=CARTESIAN_POINT('Ctrl Pts',(101.733688388673,124.828372587341,-12.5841297712016));
#7438=CARTESIAN_POINT('Ctrl Pts',(101.58273157107,124.928336650491,-12.6854018507114));
#7439=CARTESIAN_POINT('Ctrl Pts',(101.431774814596,125.013713931862,-12.797289636834));
#7440=CARTESIAN_POINT('Ctrl Pts',(101.28142050752,125.076093028399,-12.9178934108695));
#7441=CARTESIAN_POINT('Ctrl Pts',(101.151441274608,125.114463363237,-13.0222496883781));
#7442=CARTESIAN_POINT('Ctrl Pts',(101.077768960353,125.13304920852,-13.0813684517262));
#7443=CARTESIAN_POINT('Ctrl Pts',(101.013700870905,125.147416779314,-13.1326974526953));
#7444=CARTESIAN_POINT('Ctrl Pts',(100.959256073614,125.157438805513,-13.1763248565215));
#7445=CARTESIAN_POINT('Ctrl Pts',(100.887238995719,125.164482042428,-13.2339329056888));
#7446=CARTESIAN_POINT('Ctrl Pts',(100.842699506187,125.158605587955,-13.2699378448583));
#7447=CARTESIAN_POINT('Ctrl Pts',(100.80741839704,125.148055063718,-13.2999999999998));
#7448=CARTESIAN_POINT('Ctrl Pts',(102.171642797821,124.315924505481,-12.4602954741281));
#7449=CARTESIAN_POINT('Ctrl Pts',(102.138140355445,124.342297516082,-12.4670907289177));
#7450=CARTESIAN_POINT('Ctrl Pts',(102.070811693116,124.398507665834,-12.471208976348));
#7451=CARTESIAN_POINT('Ctrl Pts',(101.968987584494,124.486918521615,-12.4784977005995));
#7452=CARTESIAN_POINT('Ctrl Pts',(101.866470885644,124.57796344845,-12.5002755004777));
#7453=CARTESIAN_POINT('Ctrl Pts',(101.729043004249,124.698081864471,-12.5462033619618));
#7454=CARTESIAN_POINT('Ctrl Pts',(101.59078365837,124.810471184048,-12.6188224235404));
#7455=CARTESIAN_POINT('Ctrl Pts',(101.452247532746,124.9058407134,-12.7105463058191));
#7456=CARTESIAN_POINT('Ctrl Pts',(101.31371155058,124.988636215512,-12.8120346247388));
#7457=CARTESIAN_POINT('Ctrl Pts',(101.175452963828,125.051188323334,-12.9234248003989));
#7458=CARTESIAN_POINT('Ctrl Pts',(101.055204454796,125.089555171729,-13.0233857348083));
#7459=CARTESIAN_POINT('Ctrl Pts',(100.986767845751,125.107375614378,-13.0809528711228));
#7460=CARTESIAN_POINT('Ctrl Pts',(100.927067738471,125.120631668626,-13.131525176294));
#7461=CARTESIAN_POINT('Ctrl Pts',(100.876112926605,125.129535469979,-13.1751242677894));
#7462=CARTESIAN_POINT('Ctrl Pts',(100.808438246899,125.138382846913,-13.2334213814552));
#7463=CARTESIAN_POINT('Ctrl Pts',(100.766358520754,125.138601515992,-13.2699837239252));
#7464=CARTESIAN_POINT('Ctrl Pts',(100.7328560422,125.13180631583,-13.2999999999998));
#7465=CARTESIAN_POINT('Ctrl Pts',(102.115396089534,124.315924505481,-12.4708805906999));
#7466=CARTESIAN_POINT('Ctrl Pts',(102.082475313949,124.342804218858,-12.4765805644185));
#7467=CARTESIAN_POINT('Ctrl Pts',(102.016405215469,124.399345500317,-12.4790875791828));
#7468=CARTESIAN_POINT('Ctrl Pts',(101.916713240963,124.487408190652,-12.4881818973492));
#7469=CARTESIAN_POINT('Ctrl Pts',(101.816532266951,124.57733016117,-12.5106933263082));
#7470=CARTESIAN_POINT('Ctrl Pts',(101.682435916615,124.695529262871,-12.5569641109383));
#7471=CARTESIAN_POINT('Ctrl Pts',(101.547752603433,124.805894309506,-12.6278902256898));
#7472=CARTESIAN_POINT('Ctrl Pts',(101.412873931769,124.900031128289,-12.7170514909619));
#7473=CARTESIAN_POINT('Ctrl Pts',(101.277995416062,124.982132549945,-12.8157553511327));
#7474=CARTESIAN_POINT('Ctrl Pts',(101.143312981145,125.044719498331,-12.9246994999123));
#7475=CARTESIAN_POINT('Ctrl Pts',(101.025979937212,125.083101197689,-13.0235531033754));
#7476=CARTESIAN_POINT('Ctrl Pts',(100.959127838881,125.100844772998,-13.0807771910377));
#7477=CARTESIAN_POINT('Ctrl Pts',(100.900760757208,125.113977809149,-13.131211458822));
#7478=CARTESIAN_POINT('Ctrl Pts',(100.850884972618,125.122788806624,-13.1748228460195));
#7479=CARTESIAN_POINT('Ctrl Pts',(100.784570844127,125.131652452202,-13.2332770691803));
#7480=CARTESIAN_POINT('Ctrl Pts',(100.743277957829,125.133272509645,-13.2699974876453));
#7481=CARTESIAN_POINT('Ctrl Pts',(100.710357358885,125.127572269201,-13.2999999999998));
#7482=CARTESIAN_POINT('Ctrl Pts',(102.058869110212,124.315924505481,-12.4798501615212));
#7483=CARTESIAN_POINT('Ctrl Pts',(102.026578898426,124.343310921634,-12.4844945064248));
#7484=CARTESIAN_POINT('Ctrl Pts',(101.961845584949,124.400181995796,-12.4850939724982));
#7485=CARTESIAN_POINT('Ctrl Pts',(101.864354174686,124.488069016855,-12.496654673716));
#7486=CARTESIAN_POINT('Ctrl Pts',(101.766536558599,124.577084478369,-12.5198556949821));
#7487=CARTESIAN_POINT('Ctrl Pts',(101.635764883034,124.693575486575,-12.5663409598886));
#7488=CARTESIAN_POINT('Ctrl Pts',(101.504601236035,124.802057836349,-12.6356343333816));
#7489=CARTESIAN_POINT('Ctrl Pts',(101.37330733365,124.895087259461,-12.7225159570051));
#7490=CARTESIAN_POINT('Ctrl Pts',(101.242013525602,124.976608191444,-12.8187742958645));
#7491=CARTESIAN_POINT('Ctrl Pts',(101.110850420903,125.039351800958,-12.9256660233515));
#7492=CARTESIAN_POINT('Ctrl Pts',(100.996425641404,125.077861767833,-13.0236287853178));
#7493=CARTESIAN_POINT('Ctrl Pts',(100.931170250243,125.095508669751,-13.0805650828578));
#7494=CARTESIAN_POINT('Ctrl Pts',(100.874157511845,125.108377457535,-13.1308755361732));
#7495=CARTESIAN_POINT('Ctrl Pts',(100.825391656454,125.11686269547,-13.1744978166533));
#7496=CARTESIAN_POINT('Ctrl Pts',(100.760495042935,125.125410647721,-13.2331072821565));
#7497=CARTESIAN_POINT('Ctrl Pts',(100.72003714041,125.128628239943,-13.2700112513653));
#7498=CARTESIAN_POINT('Ctrl Pts',(100.687746567156,125.123984440873,-13.2999999999998));
#7499=CARTESIAN_POINT('Ctrl Pts',(101.945348669595,124.315924505481,-12.4945498486274));
#7500=CARTESIAN_POINT('Ctrl Pts',(101.914401012744,124.344324327187,-12.4971593721525));
#7501=CARTESIAN_POINT('Ctrl Pts',(101.852472849758,124.40214573062,-12.4973528620772));
#7502=CARTESIAN_POINT('Ctrl Pts',(101.759495870487,124.490016225266,-12.511924451475));
#7503=CARTESIAN_POINT('Ctrl Pts',(101.666448348337,124.577462288569,-12.5359554752448));
#7504=CARTESIAN_POINT('Ctrl Pts',(101.542309796455,124.69097374931,-12.582487373003));
#7505=CARTESIAN_POINT('Ctrl Pts',(101.418086982094,124.796260944345,-12.6487415465311));
#7506=CARTESIAN_POINT('Ctrl Pts',(101.293836289479,124.887416055847,-12.7315624332074));
#7507=CARTESIAN_POINT('Ctrl Pts',(101.169585906501,124.967986336874,-12.8236064865767));
#7508=CARTESIAN_POINT('Ctrl Pts',(101.045364696781,125.031216471973,-12.9270137148252));
#7509=CARTESIAN_POINT('Ctrl Pts',(100.936746270359,125.070285343701,-13.0235763857498));
#7510=CARTESIAN_POINT('Ctrl Pts',(100.87470670139,125.088038145613,-13.0801530159147));
#7511=CARTESIAN_POINT('Ctrl Pts',(100.820440820254,125.100788445603,-13.1303568835949));
#7512=CARTESIAN_POINT('Ctrl Pts',(100.773949682602,125.109173222655,-13.1740468862019));
#7513=CARTESIAN_POINT('Ctrl Pts',(100.711988083264,125.116757783295,-13.2328832444913));
#7514=CARTESIAN_POINT('Ctrl Pts',(100.673284865146,125.12071587574,-13.2700387788055));
#7515=CARTESIAN_POINT('Ctrl Pts',(100.642338390909,125.11810456603,-13.2999999999998));
#7516=CARTESIAN_POINT('Ctrl Pts',(101.849968087454,124.315924505481,-12.5000157712814));
#7517=CARTESIAN_POINT('Ctrl Pts',(101.820308638772,124.345168831814,-12.5011057905185));
#7518=CARTESIAN_POINT('Ctrl Pts',(101.760988091843,124.404009673793,-12.502440147101));
#7519=CARTESIAN_POINT('Ctrl Pts',(101.672006125181,124.492290082885,-12.5184733414409));
#7520=CARTESIAN_POINT('Ctrl Pts',(101.583023148023,124.579020659132,-12.5429502197689));
#7521=CARTESIAN_POINT('Ctrl Pts',(101.46437764701,124.690793874888,-12.5891302045746));
#7522=CARTESIAN_POINT('Ctrl Pts',(101.345729660363,124.79407541361,-12.6536703710924));
#7523=CARTESIAN_POINT('Ctrl Pts',(101.227081467691,124.884125555116,-12.7343602760396));
#7524=CARTESIAN_POINT('Ctrl Pts',(101.10843323303,124.964242090421,-12.8243675105388));
#7525=CARTESIAN_POINT('Ctrl Pts',(100.989785105986,125.028011989357,-12.926416740001));
#7526=CARTESIAN_POINT('Ctrl Pts',(100.88596908419,125.067739686733,-13.0227833257761));
#7527=CARTESIAN_POINT('Ctrl Pts',(100.826645554728,125.085693586403,-13.0794432304128));
#7528=CARTESIAN_POINT('Ctrl Pts',(100.774737758913,125.098487889502,-13.1298007972137));
#7529=CARTESIAN_POINT('Ctrl Pts',(100.730245896166,125.106593296452,-13.1736625493086));
#7530=CARTESIAN_POINT('Ctrl Pts',(100.670923047998,125.113557745219,-13.232739001311));
#7531=CARTESIAN_POINT('Ctrl Pts',(100.633847153005,125.117005873745,-13.2700617183389));
#7532=CARTESIAN_POINT('Ctrl Pts',(100.604186158053,125.115918196969,-13.2999999999999));
#7533=CARTESIAN_POINT('Ctrl Pts',(101.668945372656,124.315924505481,-12.5000123266468));
#7534=CARTESIAN_POINT('Ctrl Pts',(101.641866625575,124.346771630784,-12.4985162740764));
#7535=CARTESIAN_POINT('Ctrl Pts',(101.587710520007,124.408002015797,-12.5050508778535));
#7536=CARTESIAN_POINT('Ctrl Pts',(101.506478799389,124.497118906434,-12.5185072051213));
#7537=CARTESIAN_POINT('Ctrl Pts',(101.425249245364,124.583035182096,-12.5439847159259));
#7538=CARTESIAN_POINT('Ctrl Pts',(101.31694569974,124.692382317538,-12.589345420628));
#7539=CARTESIAN_POINT('Ctrl Pts',(101.208645570683,124.792594320147,-12.6527372851167));
#7540=CARTESIAN_POINT('Ctrl Pts',(101.100347013837,124.881040213643,-12.7314948747483));
#7541=CARTESIAN_POINT('Ctrl Pts',(100.99204909798,124.960616529313,-12.8199866074277));
#7542=CARTESIAN_POINT('Ctrl Pts',(100.883752003506,125.025145515309,-12.9218367170867));
#7543=CARTESIAN_POINT('Ctrl Pts',(100.788991654266,125.065859680443,-13.0194793646382));
#7544=CARTESIAN_POINT('Ctrl Pts',(100.734842020615,125.084365978365,-13.0770290455277));
#7545=CARTESIAN_POINT('Ctrl Pts',(100.687460912152,125.097875547147,-13.1282462889558));
#7546=CARTESIAN_POINT('Ctrl Pts',(100.646848543491,125.106107768759,-13.1728490025738));
#7547=CARTESIAN_POINT('Ctrl Pts',(100.592697345418,125.1144694833,-13.2326159461806));
#7548=CARTESIAN_POINT('Ctrl Pts',(100.558853288817,125.114427418162,-13.2701052556499));
#7549=CARTESIAN_POINT('Ctrl Pts',(100.531777072134,125.115919574823,-13.2999999999999));
#7550=CARTESIAN_POINT('Ctrl Pts',(101.407128955316,124.315924505482,-12.4794609740002));
#7551=CARTESIAN_POINT('Ctrl Pts',(101.384059552578,124.34931647668,-12.4748177847504));
#7552=CARTESIAN_POINT('Ctrl Pts',(101.337806148778,124.414011059679,-12.4788577722581));
#7553=CARTESIAN_POINT('Ctrl Pts',(101.268134278077,124.506279977964,-12.4977444164035));
#7554=CARTESIAN_POINT('Ctrl Pts',(101.198219213542,124.592930240354,-12.5229382454852));
#7555=CARTESIAN_POINT('Ctrl Pts',(101.104739243302,124.701247990182,-12.568643625164));
#7556=CARTESIAN_POINT('Ctrl Pts',(101.010966079734,124.799474393083,-12.6309134865623));
#7557=CARTESIAN_POINT('Ctrl Pts',(100.917095741521,124.88686586526,-12.7102174584417));
#7558=CARTESIAN_POINT('Ctrl Pts',(100.823225267367,124.966123256144,-12.800340880065));
#7559=CARTESIAN_POINT('Ctrl Pts',(100.729451680068,125.031700943902,-12.9059622918372));
#7560=CARTESIAN_POINT('Ctrl Pts',(100.647655099999,125.073202323707,-13.0082387773612));
#7561=CARTESIAN_POINT('Ctrl Pts',(100.601010753185,125.091719679339,-13.0685847578129));
#7562=CARTESIAN_POINT('Ctrl Pts',(100.560260807046,125.104679814888,-13.1221831168773));
#7563=CARTESIAN_POINT('Ctrl Pts',(100.525408577111,125.112123465555,-13.1686658681858));
#7564=CARTESIAN_POINT('Ctrl Pts',(100.479031023137,125.117413481817,-13.2306823575913));
#7565=CARTESIAN_POINT('Ctrl Pts',(100.450121873033,125.119483346866,-13.2696010755457));
#7566=CARTESIAN_POINT('Ctrl Pts',(100.427050505198,125.124140115881,-13.2999999999999));
#7567=CARTESIAN_POINT('Ctrl Pts',(101.001199310639,124.315924505482,-12.3649320282755));
#7568=CARTESIAN_POINT('Ctrl Pts',(100.984633259866,124.354213907937,-12.3575889393947));
#7569=CARTESIAN_POINT('Ctrl Pts',(100.951011133732,124.426993838823,-12.3498820115684));
#7570=CARTESIAN_POINT('Ctrl Pts',(100.899335947917,124.527032484096,-12.364941090047));
#7571=CARTESIAN_POINT('Ctrl Pts',(100.846644170746,124.620348850939,-12.3909438070425));
#7572=CARTESIAN_POINT('Ctrl Pts',(100.775333173735,124.734614235855,-12.4401315192638));
#7573=CARTESIAN_POINT('Ctrl Pts',(100.702889101378,124.836421340752,-12.5113478394549));
#7574=CARTESIAN_POINT('Ctrl Pts',(100.630215761244,124.925772636257,-12.6052995159005));
#7575=CARTESIAN_POINT('Ctrl Pts',(100.557689906526,125.006022528879,-12.713543412793));
#7576=CARTESIAN_POINT('Ctrl Pts',(100.485835773268,125.070941363701,-12.8415121793728));
#7577=CARTESIAN_POINT('Ctrl Pts',(100.424340745987,125.109754718962,-12.9636522582323));
#7578=CARTESIAN_POINT('Ctrl Pts',(100.38970600706,125.126445795226,-13.0349695785152));
#7579=CARTESIAN_POINT('Ctrl Pts',(100.359728838607,125.138009242168,-13.0978251309881));
#7580=CARTESIAN_POINT('Ctrl Pts',(100.334421451674,125.145142929982,-13.1518850208786));
#7581=CARTESIAN_POINT('Ctrl Pts',(100.30114552395,125.154462578027,-13.2230092912262));
#7582=CARTESIAN_POINT('Ctrl Pts',(100.280730484462,125.162738680192,-13.2667301928215));
#7583=CARTESIAN_POINT('Ctrl Pts',(100.264678647327,125.169951694171,-13.2999999999999));
#7584=CARTESIAN_POINT('Ctrl Pts',(100.541116720028,124.315924505482,-12.1073863477464));
#7585=CARTESIAN_POINT('Ctrl Pts',(100.531414861636,124.361390269312,-12.0993449953005));
#7586=CARTESIAN_POINT('Ctrl Pts',(100.511194160586,124.448393388994,-12.0873759929879));
#7587=CARTESIAN_POINT('Ctrl Pts',(100.478824110739,124.565579555399,-12.0913420967845));
#7588=CARTESIAN_POINT('Ctrl Pts',(100.444823770573,124.675258139634,-12.11483343763));
#7589=CARTESIAN_POINT('Ctrl Pts',(100.397860690921,124.808126912903,-12.1702633943877));
#7590=CARTESIAN_POINT('Ctrl Pts',(100.349270643858,124.925166400518,-12.2636332842639));
#7591=CARTESIAN_POINT('Ctrl Pts',(100.300689937436,125.024337721387,-12.3922727326039));
#7592=CARTESIAN_POINT('Ctrl Pts',(100.252660218159,125.1108610799,-12.5417726486957));
#7593=CARTESIAN_POINT('Ctrl Pts',(100.20627476812,125.176723281774,-12.7171885882236));
#7594=CARTESIAN_POINT('Ctrl Pts',(100.168557241046,125.213279607652,-12.8789798516601));
#7595=CARTESIAN_POINT('Ctrl Pts',(100.14802717609,125.228922785178,-12.9717167780519));
#7596=CARTESIAN_POINT('Ctrl Pts',(100.130720548345,125.240071781186,-13.0522798616836));
#7597=CARTESIAN_POINT('Ctrl Pts',(100.116654882017,125.247933139864,-13.1203476836232));
#7598=CARTESIAN_POINT('Ctrl Pts',(100.098819550357,125.258555208683,-13.207863137684));
#7599=CARTESIAN_POINT('Ctrl Pts',(100.088420633159,125.266123002682,-13.2605051586583));
#7600=CARTESIAN_POINT('Ctrl Pts',(100.080645611083,125.272969966383,-13.2999999999999));
#7601=CARTESIAN_POINT('Ctrl Pts',(100.128771734004,124.315924505482,-11.6951077174101));
#7602=CARTESIAN_POINT('Ctrl Pts',(100.124280363706,124.370401572593,-11.6882248643109));
#7603=CARTESIAN_POINT('Ctrl Pts',(100.114608019445,124.476457942234,-11.6749048998243));
#7604=CARTESIAN_POINT('Ctrl Pts',(100.098428538371,124.620776391866,-11.6737472149647));
#7605=CARTESIAN_POINT('Ctrl Pts',(100.080965989647,124.758027411445,-11.6975826428715));
#7606=CARTESIAN_POINT('Ctrl Pts',(100.056488179899,124.924211261381,-11.766406702106));
#7607=CARTESIAN_POINT('Ctrl Pts',(100.030991111427,125.070088067568,-11.8962101973083));
#7608=CARTESIAN_POINT('Ctrl Pts',(100.006034734241,125.189458756865,-12.0794508260924));
#7609=CARTESIAN_POINT('Ctrl Pts',(99.9819555438977,125.290301736948,-12.2922306204183));
#7610=CARTESIAN_POINT('Ctrl Pts',(99.9599653794208,125.361694382205,-12.5382076537251));
#7611=CARTESIAN_POINT('Ctrl Pts',(99.9439118106934,125.397230808202,-12.7572710220696));
#7612=CARTESIAN_POINT('Ctrl Pts',(99.9358426381583,125.411219192568,-12.8805086240205));
#7613=CARTESIAN_POINT('Ctrl Pts',(99.9294832351973,125.42028544244,-12.9860884808668));
#7614=CARTESIAN_POINT('Ctrl Pts',(99.9248445088212,125.425476332598,-13.073834041015));
#7615=CARTESIAN_POINT('Ctrl Pts',(99.9196210400007,125.431287050519,-13.1848888103263));
#7616=CARTESIAN_POINT('Ctrl Pts',(99.9171351521275,125.434788166926,-13.2508643566568));
#7617=CARTESIAN_POINT('Ctrl Pts',(99.9157076166733,125.437881418518,-13.3));
#7618=CARTESIAN_POINT('Ctrl Pts',(99.8400428238961,124.315924505482,-11.128273931164));
#7619=CARTESIAN_POINT('Ctrl Pts',(99.8389564622949,124.381232675071,-11.1237425112637));
#7620=CARTESIAN_POINT('Ctrl Pts',(99.83661516358,124.510256965868,-11.1134808332362));
#7621=CARTESIAN_POINT('Ctrl Pts',(99.8327183780597,124.688536964476,-11.115708286163));
#7622=CARTESIAN_POINT('Ctrl Pts',(99.8285578144781,124.860541259068,-11.1500281230786));
#7623=CARTESIAN_POINT('Ctrl Pts',(99.8228203851087,125.069614746339,-11.246659318999));
#7624=CARTESIAN_POINT('Ctrl Pts',(99.8170382930486,125.253072644198,-11.4291023666987));
#7625=CARTESIAN_POINT('Ctrl Pts',(99.8116987687392,125.400181815165,-11.684202573881));
#7626=CARTESIAN_POINT('Ctrl Pts',(99.8068155913853,125.522048920834,-11.9777199203633));
#7627=CARTESIAN_POINT('Ctrl Pts',(99.8028568195665,125.604526416262,-12.3113097550053));
#7628=CARTESIAN_POINT('Ctrl Pts',(99.8006261082749,125.64233366675,-12.6014158743727));
#7629=CARTESIAN_POINT('Ctrl Pts',(99.7997657914617,125.655794350084,-12.7627035001294));
#7630=CARTESIAN_POINT('Ctrl Pts',(99.7992714640267,125.663308331652,-12.8997410839104));
#7631=CARTESIAN_POINT('Ctrl Pts',(99.7991431105701,125.665937153249,-13.0125459009978));
#7632=CARTESIAN_POINT('Ctrl Pts',(99.7993197229616,125.666707934698,-13.1542276904579));
#7633=CARTESIAN_POINT('Ctrl Pts',(99.7997069370873,125.66545962908,-13.2378456435901));
#7634=CARTESIAN_POINT('Ctrl Pts',(99.8002160526304,125.664614933017,-13.3));
#7635=CARTESIAN_POINT('Ctrl Pts',(99.7736648717868,124.315924505483,-10.7094395102392));
#7636=CARTESIAN_POINT('Ctrl Pts',(99.7736605146141,124.388858860071,-10.7076147247718));
#7637=CARTESIAN_POINT('Ctrl Pts',(99.7736509917348,124.533130373261,-10.7031102661846));
#7638=CARTESIAN_POINT('Ctrl Pts',(99.7736490570032,124.733124027924,-10.7173562305127));
#7639=CARTESIAN_POINT('Ctrl Pts',(99.7736568499963,124.926043619521,-10.7681393518438));
#7640=CARTESIAN_POINT('Ctrl Pts',(99.7736755486126,125.160601776255,-10.894005409563));
#7641=CARTESIAN_POINT('Ctrl Pts',(99.7736927091287,125.365981198586,-11.1171377224898));
#7642=CARTESIAN_POINT('Ctrl Pts',(99.7737171430418,125.530386623842,-11.4212046027062));
#7643=CARTESIAN_POINT('Ctrl Pts',(99.7737418865913,125.666559892356,-11.767443873857));
#7644=CARTESIAN_POINT('Ctrl Pts',(99.7737541658436,125.759111154475,-12.1566274192945));
#7645=CARTESIAN_POINT('Ctrl Pts',(99.7737498907138,125.802797240013,-12.4929875827122));
#7646=CARTESIAN_POINT('Ctrl Pts',(99.7737428503046,125.818892747495,-12.6795652737912));
#7647=CARTESIAN_POINT('Ctrl Pts',(99.7737331810649,125.828282244339,-12.8379117415148));
#7648=CARTESIAN_POINT('Ctrl Pts',(99.7737208625117,125.831999606798,-12.9680722963945));
#7649=CARTESIAN_POINT('Ctrl Pts',(99.7736990203171,125.833751489083,-13.1316463727343));
#7650=CARTESIAN_POINT('Ctrl Pts',(99.7736821143785,125.832893892206,-13.2281528765106));
#7651=CARTESIAN_POINT('Ctrl Pts',(99.7736648717868,125.832148701387,-13.3));
#7652=CARTESIAN_POINT('Ctrl Pts',(99.7736648717868,124.315924505483,-10.4999999999999));
#7653=CARTESIAN_POINT('Ctrl Pts',(99.7736648717868,124.392707912609,-10.4999999999999));
#7654=CARTESIAN_POINT('Ctrl Pts',(99.7736648717868,124.544335405391,-10.5001312031471));
#7655=CARTESIAN_POINT('Ctrl Pts',(99.7736648717869,124.754350626176,-10.5235711125619));
#7656=CARTESIAN_POINT('Ctrl Pts',(99.7736648717869,124.956349652817,-10.5857776669492));
#7657=CARTESIAN_POINT('Ctrl Pts',(99.7736648717869,125.201833031209,-10.7293236927323));
#7658=CARTESIAN_POINT('Ctrl Pts',(99.7736648717869,125.416478010599,-10.973245667838));
#7659=CARTESIAN_POINT('Ctrl Pts',(99.7736648717869,125.58870234906,-11.3000261477813));
#7660=CARTESIAN_POINT('Ctrl Pts',(99.7736648717869,125.731805265736,-11.6698715292507));
#7661=CARTESIAN_POINT('Ctrl Pts',(99.7736648717869,125.830068587768,-12.0834046342583));
#7662=CARTESIAN_POINT('Ctrl Pts',(99.7736648717869,125.877875457378,-12.440688703601));
#7663=CARTESIAN_POINT('Ctrl Pts',(99.7736648717869,125.896108354867,-12.6389665299336));
#7664=CARTESIAN_POINT('Ctrl Pts',(99.7736648717869,125.90725067377,-12.8073586364711));
#7665=CARTESIAN_POINT('Ctrl Pts',(99.7736648717869,125.91236768468,-12.9458791372651));
#7666=CARTESIAN_POINT('Ctrl Pts',(99.7736648717869,125.915860062445,-13.1202507947328));
#7667=CARTESIAN_POINT('Ctrl Pts',(99.7736648717868,125.915924505483,-13.2232165928733));
#7668=CARTESIAN_POINT('Ctrl Pts',(99.7736648717868,125.915924505483,-13.3));
#7669=CARTESIAN_POINT('',(101.773664871787,124.315924505483,-12.5));
#7670=CARTESIAN_POINT('Origin',(101.773664871787,124.315924505483,-10.5));
#7671=CARTESIAN_POINT('',(100.573664871787,125.115924505483,-13.3));
#7672=CARTESIAN_POINT('Origin',(100.573664871787,125.915924505483,-13.3));
#7673=CARTESIAN_POINT('Ctrl Pts',(100.573664871787,125.115924505483,-13.3));
#7674=CARTESIAN_POINT('Ctrl Pts',(100.609487719964,125.115924505483,-13.262486401112));
#7675=CARTESIAN_POINT('Ctrl Pts',(100.645310568141,125.113281531164,-13.2249730468531));
#7676=CARTESIAN_POINT('Ctrl Pts',(100.681133416318,125.108021657008,-13.1878300283248));
#7677=CARTESIAN_POINT('Ctrl Pts',(100.716949124495,125.102762831219,-13.1506944129252));
#7678=CARTESIAN_POINT('Ctrl Pts',(100.752764832672,125.094888218922,-13.1139294694899));
#7679=CARTESIAN_POINT('Ctrl Pts',(100.788580540849,125.084475476882,-13.0778977614678));
#7680=CARTESIAN_POINT('Ctrl Pts',(100.824401184578,125.074061299923,-13.041861088129));
#7681=CARTESIAN_POINT('Ctrl Pts',(100.860221828306,125.061108428259,-13.0065583224179));
#7682=CARTESIAN_POINT('Ctrl Pts',(100.896042472034,125.045744633836,-12.9723377039549));
#7683=CARTESIAN_POINT('Ctrl Pts',(100.921916605285,125.034646986704,-12.9476193083627));
#7684=CARTESIAN_POINT('Ctrl Pts',(100.947790738536,125.022292493,-12.9234652432204));
#7685=CARTESIAN_POINT('Ctrl Pts',(100.973664871787,125.00874482851,-12.9000000000001));
#7686=CARTESIAN_POINT('Ctrl Pts',(101.773664871787,125.831087071541,-12.7859159617183));
#7687=CARTESIAN_POINT('Ctrl Pts',(101.773664871787,125.747484097436,-12.7978724673086));
#7688=CARTESIAN_POINT('Ctrl Pts',(101.773664871787,125.663428542275,-12.7975942271181));
#7689=CARTESIAN_POINT('Ctrl Pts',(101.773664871787,125.436845593709,-12.7716728399193));
#7690=CARTESIAN_POINT('Ctrl Pts',(101.773664871794,125.30692014772,-12.7305977606938));
#7691=CARTESIAN_POINT('Ctrl Pts',(101.773664871794,124.999751669854,-12.6223633177851));
#7692=CARTESIAN_POINT('Ctrl Pts',(101.773664871787,124.86611643288,-12.5589522439689));
#7693=CARTESIAN_POINT('Ctrl Pts',(101.773664871787,124.453447021935,-12.5044376485964));
#7694=CARTESIAN_POINT('Ctrl Pts',(101.773664871787,124.372966787419,-12.5));
#7695=CARTESIAN_POINT('Ctrl Pts',(101.773664871787,124.315924505483,-12.5));
#7696=CARTESIAN_POINT('Origin',(98.2736648717868,117.463111400973,-10.5));
#7697=CARTESIAN_POINT('Origin',(101.773664871787,117.463111400973,-10.5));
#7698=CARTESIAN_POINT('Origin',(98.3803809103586,113.964738681105,-10.5));
#7699=CARTESIAN_POINT('Origin',(98.2736648717868,117.463111400973,-10.5));
#7700=CARTESIAN_POINT('Origin',(106.773664871787,-161.184489436094,-10.5));
#7701=CARTESIAN_POINT('Origin',(72.5979292919042,111.963023909208,-10.5));
#7702=CARTESIAN_POINT('Origin',(72.1634034098867,115.435945914934,-10.5));
#7703=CARTESIAN_POINT('Origin',(98.2736648717868,139.340194390709,-10.5));
#7704=CARTESIAN_POINT('Origin',(98.2736648717868,139.340194390709,-10.5));
#7705=CARTESIAN_POINT('Origin',(101.773664871787,116.724033838282,-10.5));
#7706=CARTESIAN_POINT('',(101.773664871787,116.724033838282,-12.5));
#7707=CARTESIAN_POINT('Origin',(100.573664871787,125.915924505483,-7.5));
#7708=CARTESIAN_POINT('',(100.573664871787,125.115924505483,-7.5));
#7709=CARTESIAN_POINT('Origin',(103.27366487179,124.315924505483,-13.3));
#7710=CARTESIAN_POINT('',(103.27366487179,125.115924505483,-13.3));
#7711=CARTESIAN_POINT('Ctrl Pts',(112.244434224692,125.586952373931,-13.3));
#7712=CARTESIAN_POINT('Ctrl Pts',(112.236176704161,125.60525677258,-13.2847641727937));
#7713=CARTESIAN_POINT('Ctrl Pts',(112.215579483899,125.641340104393,-13.2605603684348));
#7714=CARTESIAN_POINT('Ctrl Pts',(112.159222663494,125.70638607889,-13.2062743125877));
#7715=CARTESIAN_POINT('Ctrl Pts',(112.081871778637,125.75766736278,-13.1228311313359));
#7716=CARTESIAN_POINT('Ctrl Pts',(111.975170097749,125.800372978852,-13.0085979019567));
#7717=CARTESIAN_POINT('Ctrl Pts',(111.867202868899,125.827629794464,-12.902131619242));
#7718=CARTESIAN_POINT('Ctrl Pts',(111.768818447103,125.835465574311,-12.7900184717859));
#7719=CARTESIAN_POINT('Ctrl Pts',(111.705212553138,125.834426547203,-12.7082340194102));
#7720=CARTESIAN_POINT('Ctrl Pts',(111.685073741068,125.833613599165,-12.681856142116));
#7721=CARTESIAN_POINT('Ctrl Pts',(111.660681644408,125.832179293877,-12.6493721400332));
#7722=CARTESIAN_POINT('Ctrl Pts',(111.611309726627,125.828155210164,-12.5826237613273));
#7723=CARTESIAN_POINT('Ctrl Pts',(111.496840078969,125.811676631685,-12.422031170739));
#7724=CARTESIAN_POINT('Ctrl Pts',(111.372007545933,125.779055160067,-12.2509459327469));
#7725=CARTESIAN_POINT('Ctrl Pts',(111.262821350188,125.736384549468,-12.1125422145907));
#7726=CARTESIAN_POINT('Ctrl Pts',(111.212476980902,125.713461448443,-12.0492180564167));
#7727=CARTESIAN_POINT('Ctrl Pts',(111.157364498623,125.685073341019,-11.9802741245961));
#7728=CARTESIAN_POINT('Ctrl Pts',(111.083698948774,125.641968376974,-11.8884894567242));
#7729=CARTESIAN_POINT('Ctrl Pts',(111.005429302059,125.587481113718,-11.7927916527074));
#7730=CARTESIAN_POINT('Ctrl Pts',(110.948219791508,125.542609634872,-11.7266582897921));
#7731=CARTESIAN_POINT('Ctrl Pts',(110.920851485515,125.520325264377,-11.6959663715693));
#7732=CARTESIAN_POINT('Ctrl Pts',(110.902634423209,125.505259093172,-11.675877592117));
#7733=CARTESIAN_POINT('Ctrl Pts',(110.777775820781,125.399072665398,-11.541216859553));
#7734=CARTESIAN_POINT('Ctrl Pts',(110.627432692207,125.249441554797,-11.4282305870769));
#7735=CARTESIAN_POINT('Ctrl Pts',(110.432678623226,125.000012856236,-11.3419181171598));
#7736=CARTESIAN_POINT('Ctrl Pts',(110.283504856024,124.785243184611,-11.3145442516987));
#7737=CARTESIAN_POINT('Ctrl Pts',(110.119903718426,124.542981050564,-11.3517941702077));
#7738=CARTESIAN_POINT('Ctrl Pts',(110.026859915211,124.397544377487,-11.3796982243885));
#7739=CARTESIAN_POINT('Ctrl Pts',(109.974293689777,124.336490116572,-11.3591807499083));
#7740=CARTESIAN_POINT('Ctrl Pts',(109.958845774581,124.32072877593,-11.3407347275274));
#7741=CARTESIAN_POINT('Ctrl Pts',(109.950588254049,124.315924505483,-11.3224303288785));
#7742=CARTESIAN_POINT('Ctrl Pts',(112.269589836964,125.531190071731,-13.3));
#7743=CARTESIAN_POINT('Ctrl Pts',(112.259547789817,125.549717061147,-13.2847825636063));
#7744=CARTESIAN_POINT('Ctrl Pts',(112.235861187052,125.585696973124,-13.2598983553623));
#7745=CARTESIAN_POINT('Ctrl Pts',(112.175101581865,125.648484810689,-13.2059599112014));
#7746=CARTESIAN_POINT('Ctrl Pts',(112.095810660937,125.69475123948,-13.1280374835765));
#7747=CARTESIAN_POINT('Ctrl Pts',(111.989232996286,125.729929216305,-13.0229376910041));
#7748=CARTESIAN_POINT('Ctrl Pts',(111.882914260864,125.749747776847,-12.924969522264));
#7749=CARTESIAN_POINT('Ctrl Pts',(111.787119644765,125.752194725042,-12.8232140224374));
#7750=CARTESIAN_POINT('Ctrl Pts',(111.725466104669,125.748366606465,-12.7496202510391));
#7751=CARTESIAN_POINT('Ctrl Pts',(111.705968096818,125.746724188987,-12.7259149670369));
#7752=CARTESIAN_POINT('Ctrl Pts',(111.68237141029,125.744337375616,-12.6967545943777));
#7753=CARTESIAN_POINT('Ctrl Pts',(111.634659262005,125.738513118782,-12.6368972876167));
#7754=CARTESIAN_POINT('Ctrl Pts',(111.52432077276,125.718703910067,-12.4932441395272));
#7755=CARTESIAN_POINT('Ctrl Pts',(111.404490475999,125.684178468396,-12.3401485940004));
#7756=CARTESIAN_POINT('Ctrl Pts',(111.299848140778,125.641595207954,-12.2159327545798));
#7757=CARTESIAN_POINT('Ctrl Pts',(111.251621613838,125.619130074652,-12.1591164233941));
#7758=CARTESIAN_POINT('Ctrl Pts',(111.198841921532,125.591668041056,-12.0972836661826));
#7759=CARTESIAN_POINT('Ctrl Pts',(111.128308169934,125.550464029735,-12.0150227121086));
#7760=CARTESIAN_POINT('Ctrl Pts',(111.053366103549,125.499090454354,-11.9293118306146));
#7761=CARTESIAN_POINT('Ctrl Pts',(110.998563227104,125.45708773451,-11.8700103524962));
#7762=CARTESIAN_POINT('Ctrl Pts',(110.972339281922,125.4362671821,-11.8424637379595));
#7763=CARTESIAN_POINT('Ctrl Pts',(110.954881779613,125.42220067361,-11.8244234538174));
#7764=CARTESIAN_POINT('Ctrl Pts',(110.835200313752,125.323193434014,-11.7034117134819));
#7765=CARTESIAN_POINT('Ctrl Pts',(110.690786873358,125.184337973976,-11.6001511763911));
#7766=CARTESIAN_POINT('Ctrl Pts',(110.502351053084,124.955112111979,-11.5185073735084));
#7767=CARTESIAN_POINT('Ctrl Pts',(110.356905333786,124.757917788053,-11.4892893614397));
#7768=CARTESIAN_POINT('Ctrl Pts',(110.19459418005,124.5332635925,-11.5131200456743));
#7769=CARTESIAN_POINT('Ctrl Pts',(110.098697992376,124.397018933022,-11.5278389667757));
#7770=CARTESIAN_POINT('Ctrl Pts',(110.041284389947,124.337259367676,-11.5002872201947));
#7771=CARTESIAN_POINT('Ctrl Pts',(110.023519334542,124.321405822234,-11.4803630693744));
#7772=CARTESIAN_POINT('Ctrl Pts',(110.013477284729,124.315924505483,-11.4618360843795));
#7773=CARTESIAN_POINT('Ctrl Pts',(112.332752461049,125.425466062311,-13.3));
#7774=CARTESIAN_POINT('Ctrl Pts',(112.31920225618,125.443265562879,-13.2848193452315));
#7775=CARTESIAN_POINT('Ctrl Pts',(112.289492763211,125.477022820231,-13.2587305995549));
#7776=CARTESIAN_POINT('Ctrl Pts',(112.220377423219,125.532475761818,-13.2051597951944));
#7777=CARTESIAN_POINT('Ctrl Pts',(112.137839915378,125.567227333902,-13.1362715505982));
#7778=CARTESIAN_POINT('Ctrl Pts',(112.032399750652,125.587344123867,-13.0463065291003));
#7779=CARTESIAN_POINT('Ctrl Pts',(111.930285418745,125.593408113607,-12.9625383543415));
#7780=CARTESIAN_POINT('Ctrl Pts',(111.84050125663,125.586525580889,-12.8784351288941));
#7781=CARTESIAN_POINT('Ctrl Pts',(111.783291635588,125.578059056108,-12.8189044625312));
#7782=CARTESIAN_POINT('Ctrl Pts',(111.765246109195,125.575056332786,-12.799795181273));
#7783=CARTESIAN_POINT('Ctrl Pts',(111.743447287278,125.571125377624,-12.7763568810485));
#7784=CARTESIAN_POINT('Ctrl Pts',(111.699473863412,125.562430671513,-12.7283809492186));
#7785=CARTESIAN_POINT('Ctrl Pts',(111.598370758499,125.537618057149,-12.6140376385153));
#7786=CARTESIAN_POINT('Ctrl Pts',(111.489607853878,125.500968261353,-12.4923198536449));
#7787=CARTESIAN_POINT('Ctrl Pts',(111.394984249935,125.45971253597,-12.3930287981129));
#7788=CARTESIAN_POINT('Ctrl Pts',(111.351422824548,125.438607171758,-12.3476686856638));
#7789=CARTESIAN_POINT('Ctrl Pts',(111.303778933805,125.413390055356,-12.2983744935504));
#7790=CARTESIAN_POINT('Ctrl Pts',(111.240137187838,125.376364984938,-12.232933894572));
#7791=CARTESIAN_POINT('Ctrl Pts',(111.172517806177,125.3313753437,-12.1649135790993));
#7792=CARTESIAN_POINT('Ctrl Pts',(111.12301618256,125.295099941886,-12.1177678887563));
#7793=CARTESIAN_POINT('Ctrl Pts',(111.0993143976,125.277183910134,-12.0958307355913));
#7794=CARTESIAN_POINT('Ctrl Pts',(111.083531417975,125.265096563033,-12.0814481989514));
#7795=CARTESIAN_POINT('Ctrl Pts',(110.975268705308,125.18024179262,-11.9848581503696));
#7796=CARTESIAN_POINT('Ctrl Pts',(110.843991361525,125.062340501855,-11.8996413983027));
#7797=CARTESIAN_POINT('Ctrl Pts',(110.669845498547,124.871304326784,-11.8284156264441));
#7798=CARTESIAN_POINT('Ctrl Pts',(110.533113502014,124.707102688701,-11.7984366486074));
#7799=CARTESIAN_POINT('Ctrl Pts',(110.374751273358,124.515743530832,-11.803762394103));
#7800=CARTESIAN_POINT('Ctrl Pts',(110.273908573247,124.396457240514,-11.8005453007272));
#7801=CARTESIAN_POINT('Ctrl Pts',(110.207216677408,124.338934994692,-11.7648157429978));
#7802=CARTESIAN_POINT('Ctrl Pts',(110.184934045834,124.322759914843,-11.7439456150895));
#7803=CARTESIAN_POINT('Ctrl Pts',(110.171383844942,124.315924505482,-11.7261461079272));
#7804=CARTESIAN_POINT('Ctrl Pts',(112.461065457616,125.292566937779,-13.2999999999999));
#7805=CARTESIAN_POINT('Ctrl Pts',(112.443865273922,125.30661011601,-13.2848745176693));
#7806=CARTESIAN_POINT('Ctrl Pts',(112.408128682723,125.332524342681,-13.2573587774771));
#7807=CARTESIAN_POINT('Ctrl Pts',(112.33168840247,125.37021509108,-13.2032440777048));
#7808=CARTESIAN_POINT('Ctrl Pts',(112.248373237481,125.385053251208,-13.1422404280724));
#7809=CARTESIAN_POINT('Ctrl Pts',(112.148196851072,125.383953273784,-13.066315651987));
#7810=CARTESIAN_POINT('Ctrl Pts',(112.054853657003,125.373266754784,-12.9960810425105));
#7811=CARTESIAN_POINT('Ctrl Pts',(111.975521087826,125.356843983703,-12.9301018708566));
#7812=CARTESIAN_POINT('Ctrl Pts',(111.925698031375,125.34417583153,-12.8853982437913));
#7813=CARTESIAN_POINT('Ctrl Pts',(111.910042510568,125.339997080211,-12.8711599278179));
#7814=CARTESIAN_POINT('Ctrl Pts',(111.89118202607,125.334783054513,-12.8538082120845));
#7815=CARTESIAN_POINT('Ctrl Pts',(111.853268613721,125.323841575203,-12.8185272023654));
#7816=CARTESIAN_POINT('Ctrl Pts',(111.766855567654,125.29600061915,-12.7358300432455));
#7817=CARTESIAN_POINT('Ctrl Pts',(111.675236757875,125.260181212325,-12.6486626163599));
#7818=CARTESIAN_POINT('Ctrl Pts',(111.595989926177,125.223219346101,-12.5771636510364));
#7819=CARTESIAN_POINT('Ctrl Pts',(111.559569959214,125.20492374581,-12.544613653847));
#7820=CARTESIAN_POINT('Ctrl Pts',(111.519776399323,125.183615895782,-12.5093639915354));
#7821=CARTESIAN_POINT('Ctrl Pts',(111.466658663069,125.153115069901,-12.4627879593544));
#7822=CARTESIAN_POINT('Ctrl Pts',(111.410221093955,125.117206593102,-12.4146415984042));
#7823=CARTESIAN_POINT('Ctrl Pts',(111.368834748327,125.088763649025,-12.3811958276234));
#7824=CARTESIAN_POINT('Ctrl Pts',(111.348999513853,125.074782670516,-12.3655932736311));
#7825=CARTESIAN_POINT('Ctrl Pts',(111.335785348278,125.065367553465,-12.3553452745797));
#7826=CARTESIAN_POINT('Ctrl Pts',(111.245063642527,124.999496887611,-12.2864138337387));
#7827=CARTESIAN_POINT('Ctrl Pts',(111.13421777193,124.909119540194,-12.2222573540733));
#7828=CARTESIAN_POINT('Ctrl Pts',(110.983459097428,124.766532958813,-12.1655919776747));
#7829=CARTESIAN_POINT('Ctrl Pts',(110.862124196014,124.644041001059,-12.1389310036041));
#7830=CARTESIAN_POINT('Ctrl Pts',(110.71432051958,124.495588351114,-12.1342535087485));
#7831=CARTESIAN_POINT('Ctrl Pts',(110.611368670468,124.397213155541,-12.1237682578343));
#7832=CARTESIAN_POINT('Ctrl Pts',(110.536169595933,124.34185806186,-12.0901161239551));
#7833=CARTESIAN_POINT('Ctrl Pts',(110.509366525557,124.324791053757,-12.0724370883639));
#7834=CARTESIAN_POINT('Ctrl Pts',(110.492166336361,124.315924505482,-12.0583939192569));
#7835=CARTESIAN_POINT('Ctrl Pts',(112.616246437483,125.192339459514,-13.2999999999999));
#7836=CARTESIAN_POINT('Ctrl Pts',(112.597792689113,125.201255987441,-13.2849296901072));
#7837=CARTESIAN_POINT('Ctrl Pts',(112.560412216733,125.217091160472,-13.2563108784053));
#7838=CARTESIAN_POINT('Ctrl Pts',(112.483886052777,125.233783207226,-13.2007235338242));
#7839=CARTESIAN_POINT('Ctrl Pts',(112.404921246629,125.228301732267,-13.1426205057639));
#7840=CARTESIAN_POINT('Ctrl Pts',(112.313796221668,125.211193480715,-13.0737160461585));
#7841=CARTESIAN_POINT('Ctrl Pts',(112.231270655506,125.191139108633,-13.0113010998076));
#7842=CARTESIAN_POINT('Ctrl Pts',(112.162979810715,125.171335548943,-12.9573238173929));
#7843=CARTESIAN_POINT('Ctrl Pts',(112.120598339613,125.157740795378,-12.9226858263339));
#7844=CARTESIAN_POINT('Ctrl Pts',(112.107323645617,125.153368988069,-12.9117723769993));
#7845=CARTESIAN_POINT('Ctrl Pts',(112.091367805368,125.148006839801,-12.8985884387837));
#7846=CARTESIAN_POINT('Ctrl Pts',(112.059387819176,125.136977172683,-12.8720371691582));
#7847=CARTESIAN_POINT('Ctrl Pts',(111.987039680167,125.110190716578,-12.8112930842834));
#7848=CARTESIAN_POINT('Ctrl Pts',(111.911300061711,125.077687820125,-12.7485359834011));
#7849=CARTESIAN_POINT('Ctrl Pts',(111.846126141796,125.045645836837,-12.6968549038942));
#7850=CARTESIAN_POINT('Ctrl Pts',(111.816219782035,125.030115024995,-12.6734324605283));
#7851=CARTESIAN_POINT('Ctrl Pts',(111.783572436096,125.012338901427,-12.6481693280633));
#7852=CARTESIAN_POINT('Ctrl Pts',(111.740021397754,124.98735720512,-12.6149587662598));
#7853=CARTESIAN_POINT('Ctrl Pts',(111.69374837318,124.958653762541,-12.5807922643718));
#7854=CARTESIAN_POINT('Ctrl Pts',(111.659763857482,124.936241038541,-12.5569148490764));
#7855=CARTESIAN_POINT('Ctrl Pts',(111.643462022911,124.925266853539,-12.5457243992501));
#7856=CARTESIAN_POINT('Ctrl Pts',(111.63259745233,124.917887538334,-12.5383517921481));
#7857=CARTESIAN_POINT('Ctrl Pts',(111.557947972974,124.866408170799,-12.4886180267705));
#7858=CARTESIAN_POINT('Ctrl Pts',(111.46612114612,124.796455651481,-12.4386026575569));
#7859=CARTESIAN_POINT('Ctrl Pts',(111.338518939177,124.689302899078,-12.3903496523272));
#7860=CARTESIAN_POINT('Ctrl Pts',(111.23370834131,124.597510229317,-12.3644716383843));
#7861=CARTESIAN_POINT('Ctrl Pts',(111.100980336655,124.482247722796,-12.356019064086));
#7862=CARTESIAN_POINT('Ctrl Pts',(111.002694980296,124.399906441796,-12.3521051817816));
#7863=CARTESIAN_POINT('Ctrl Pts',(110.926609047021,124.345195091703,-12.3296758597954));
#7864=CARTESIAN_POINT('Ctrl Pts',(110.898572524095,124.326822192671,-12.3178791599385));
#7865=CARTESIAN_POINT('Ctrl Pts',(110.88011878603,124.315924505482,-12.3089626149203));
#7866=CARTESIAN_POINT('Ctrl Pts',(112.739425011345,125.148190474884,-13.2999999999999));
#7867=CARTESIAN_POINT('Ctrl Pts',(112.72177974625,125.153478918534,-13.2849687705839));
#7868=CARTESIAN_POINT('Ctrl Pts',(112.686314692186,125.162419746863,-13.2558290196275));
#7869=CARTESIAN_POINT('Ctrl Pts',(112.614725999914,125.163604894789,-13.1985801581326));
#7870=CARTESIAN_POINT('Ctrl Pts',(112.542232191962,125.149894289273,-13.1401643402729));
#7871=CARTESIAN_POINT('Ctrl Pts',(112.459823941548,125.13165569627,-13.0738308384868));
#7872=CARTESIAN_POINT('Ctrl Pts',(112.386004726017,125.112531358041,-13.0151360236969));
#7873=CARTESIAN_POINT('Ctrl Pts',(112.325566507773,125.094068593704,-12.966883453392));
#7874=CARTESIAN_POINT('Ctrl Pts',(112.288240849532,125.08130566786,-12.9368819335487));
#7875=CARTESIAN_POINT('Ctrl Pts',(112.276565218584,125.077199857409,-12.9274952980555));
#7876=CARTESIAN_POINT('Ctrl Pts',(112.262544723451,125.072159775462,-12.9162186140484));
#7877=CARTESIAN_POINT('Ctrl Pts',(112.234478366942,125.06178357396,-12.8936535057364));
#7878=CARTESIAN_POINT('Ctrl Pts',(112.171182949877,125.036545340834,-12.8428693920747));
#7879=CARTESIAN_POINT('Ctrl Pts',(112.105278558828,125.005903442263,-12.7912794550006));
#7880=CARTESIAN_POINT('Ctrl Pts',(112.048694433185,124.976139660603,-12.7488060941998));
#7881=CARTESIAN_POINT('Ctrl Pts',(112.022747008113,124.961831863681,-12.7296237717598));
#7882=CARTESIAN_POINT('Ctrl Pts',(111.994432466824,124.945580691551,-12.7089937619663));
#7883=CARTESIAN_POINT('Ctrl Pts',(111.956671814932,124.922936740735,-12.6819686877055));
#7884=CARTESIAN_POINT('Ctrl Pts',(111.916551078947,124.897235755696,-12.6542447275742));
#7885=CARTESIAN_POINT('Ctrl Pts',(111.88706533598,124.877320742063,-12.6347672925549));
#7886=CARTESIAN_POINT('Ctrl Pts',(111.872916173815,124.867589986953,-12.6256041225524));
#7887=CARTESIAN_POINT('Ctrl Pts',(111.863484640017,124.861052134813,-12.6195537860156));
#7888=CARTESIAN_POINT('Ctrl Pts',(111.798659234698,124.815512850758,-12.5786232974558));
#7889=CARTESIAN_POINT('Ctrl Pts',(111.718684166084,124.753960926909,-12.5353670133182));
#7890=CARTESIAN_POINT('Ctrl Pts',(111.606536659394,124.660883902436,-12.4890909404218));
#7891=CARTESIAN_POINT('Ctrl Pts',(111.513646414262,124.581026974388,-12.4606178910855));
#7892=CARTESIAN_POINT('Ctrl Pts',(111.394200652027,124.478654978071,-12.4421539690592));
#7893=CARTESIAN_POINT('Ctrl Pts',(111.30373649697,124.40332049554,-12.442439819736));
#7894=CARTESIAN_POINT('Ctrl Pts',(111.232310973476,124.347900607957,-12.4319963384186));
#7895=CARTESIAN_POINT('Ctrl Pts',(111.205710502638,124.328260916068,-12.4246234921833));
#7896=CARTESIAN_POINT('Ctrl Pts',(111.188065220685,124.315924505481,-12.4193350764925));
#7897=CARTESIAN_POINT('Ctrl Pts',(112.814139202194,125.131872728224,-13.2999999999999));
#7898=CARTESIAN_POINT('Ctrl Pts',(112.797383779936,125.135278629558,-13.2849917590997));
#7899=CARTESIAN_POINT('Ctrl Pts',(112.763793059532,125.139873161444,-13.2555741053594));
#7900=CARTESIAN_POINT('Ctrl Pts',(112.696307699659,125.134725142916,-13.1972477482475));
#7901=CARTESIAN_POINT('Ctrl Pts',(112.628406313756,125.123014848582,-13.1388341786637));
#7902=CARTESIAN_POINT('Ctrl Pts',(112.551624281942,125.106056198706,-13.0736694973858));
#7903=CARTESIAN_POINT('Ctrl Pts',(112.483112288451,125.08755892264,-13.0164126043921));
#7904=CARTESIAN_POINT('Ctrl Pts',(112.427234850035,125.069064733829,-12.970225314574));
#7905=CARTESIAN_POINT('Ctrl Pts',(112.392787318794,125.05630658389,-12.9419149297878));
#7906=CARTESIAN_POINT('Ctrl Pts',(112.382017222086,125.052199516892,-12.9330868746271));
#7907=CARTESIAN_POINT('Ctrl Pts',(112.369088623857,125.04715999839,-12.922509126554));
#7908=CARTESIAN_POINT('Ctrl Pts',(112.343219795016,125.036787894455,-12.9014074980392));
#7909=CARTESIAN_POINT('Ctrl Pts',(112.284947718566,125.011611048422,-12.8543111692321));
#7910=CARTESIAN_POINT('Ctrl Pts',(112.224395757141,124.981279573359,-12.8069782380796));
#7911=CARTESIAN_POINT('Ctrl Pts',(112.172450312986,124.9521706795,-12.7681417007122));
#7912=CARTESIAN_POINT('Ctrl Pts',(112.148635963005,124.938252692478,-12.7506519163252));
#7913=CARTESIAN_POINT('Ctrl Pts',(112.12265285523,124.922519317941,-12.7318884747387));
#7914=CARTESIAN_POINT('Ctrl Pts',(112.088005083858,124.900713761122,-12.707376998476));
#7915=CARTESIAN_POINT('Ctrl Pts',(112.051191823671,124.876153109687,-12.6823135190698));
#7916=CARTESIAN_POINT('Ctrl Pts',(112.02413002402,124.857216438242,-12.6646953961734));
#7917=CARTESIAN_POINT('Ctrl Pts',(112.011142195637,124.847977116413,-12.6563980894348));
#7918=CARTESIAN_POINT('Ctrl Pts',(112.002484216837,124.841773068217,-12.650915843411));
#7919=CARTESIAN_POINT('Ctrl Pts',(111.942968095199,124.798607505538,-12.613795111561));
#7920=CARTESIAN_POINT('Ctrl Pts',(111.869463540516,124.740619416994,-12.5738767941787));
#7921=CARTESIAN_POINT('Ctrl Pts',(111.766042281475,124.653172278622,-12.5294778718409));
#7922=CARTESIAN_POINT('Ctrl Pts',(111.680117589903,124.577949963338,-12.5006630557381));
#7923=CARTESIAN_POINT('Ctrl Pts',(111.569019805932,124.479585234669,-12.4772246916252));
#7924=CARTESIAN_POINT('Ctrl Pts',(111.484211205305,124.405816739231,-12.4724841077234));
#7925=CARTESIAN_POINT('Ctrl Pts',(111.416800768555,124.349599399277,-12.4681465842864));
#7926=CARTESIAN_POINT('Ctrl Pts',(111.391606103525,124.329107223949,-12.4635353719034));
#7927=CARTESIAN_POINT('Ctrl Pts',(111.374850697806,124.315924505481,-12.4601294431427));
#7928=CARTESIAN_POINT('Ctrl Pts',(112.836684249512,125.127620680436,-13.2999999999999));
#7929=CARTESIAN_POINT('Ctrl Pts',(112.82022004122,125.130477674258,-13.2849986556544));
#7930=CARTESIAN_POINT('Ctrl Pts',(112.787235760829,125.13362810536,-13.2554918970128));
#7931=CARTESIAN_POINT('Ctrl Pts',(112.721051696515,125.127575606686,-13.1969019286187));
#7932=CARTESIAN_POINT('Ctrl Pts',(112.654574512794,125.116304967624,-13.1384933846594));
#7933=CARTESIAN_POINT('Ctrl Pts',(112.579509630619,125.099428028174,-13.0735488127966));
#7934=CARTESIAN_POINT('Ctrl Pts',(112.512600697793,125.081021018734,-13.0166128819793));
#7935=CARTESIAN_POINT('Ctrl Pts',(112.458088067454,125.06251669304,-12.9709446046587));
#7936=CARTESIAN_POINT('Ctrl Pts',(112.424498307322,125.049763069118,-12.9430679381055));
#7937=CARTESIAN_POINT('Ctrl Pts',(112.413997793791,125.045656674537,-12.9343835996959));
#7938=CARTESIAN_POINT('Ctrl Pts',(112.401394015148,125.040618940261,-12.9239863390044));
#7939=CARTESIAN_POINT('Ctrl Pts',(112.376178252518,125.030251606008,-12.9032643854142));
#7940=CARTESIAN_POINT('Ctrl Pts',(112.319395350253,125.005101174069,-12.8571332707533));
#7941=CARTESIAN_POINT('Ctrl Pts',(112.260423445623,124.974858771484,-12.8109298983158));
#7942=CARTESIAN_POINT('Ctrl Pts',(112.209845158081,124.94592991456,-12.773063866213));
#7943=CARTESIAN_POINT('Ctrl Pts',(112.186659179597,124.932118154232,-12.7560261743784));
#7944=CARTESIAN_POINT('Ctrl Pts',(112.161362691301,124.916525523435,-12.7377616221004));
#7945=CARTESIAN_POINT('Ctrl Pts',(112.127631460936,124.894946466572,-12.7139221863768));
#7946=CARTESIAN_POINT('Ctrl Pts',(112.091792009369,124.870692862523,-12.6895700087929));
#7947=CARTESIAN_POINT('Ctrl Pts',(112.065444259363,124.852020503093,-12.6724486137135));
#7948=CARTESIAN_POINT('Ctrl Pts',(112.052798636545,124.842914107531,-12.6643826469086));
#7949=CARTESIAN_POINT('Ctrl Pts',(112.044368628561,124.836800467144,-12.6590520722189));
#7950=CARTESIAN_POINT('Ctrl Pts',(111.986417557017,124.794276218135,-12.6229495886087));
#7951=CARTESIAN_POINT('Ctrl Pts',(111.914824395246,124.737238021362,-12.5838929823043));
#7952=CARTESIAN_POINT('Ctrl Pts',(111.813999251929,124.651322484451,-12.5400018717983));
#7953=CARTESIAN_POINT('Ctrl Pts',(111.730161395083,124.577342175975,-12.5110193916658));
#7954=CARTESIAN_POINT('Ctrl Pts',(111.621599009324,124.480117031015,-12.48667846473));
#7955=CARTESIAN_POINT('Ctrl Pts',(111.538549172963,124.406645393264,-12.4805598927774));
#7956=CARTESIAN_POINT('Ctrl Pts',(111.472417516136,124.350109696556,-12.4772235958856));
#7957=CARTESIAN_POINT('Ctrl Pts',(111.447677605144,124.329361116313,-12.4736164225169));
#7958=CARTESIAN_POINT('Ctrl Pts',(111.431213316102,124.315924505481,-12.470759562612));
#7959=CARTESIAN_POINT('Ctrl Pts',(112.859342138883,125.124017555405,-13.2999999999999));
#7960=CARTESIAN_POINT('Ctrl Pts',(112.843193373509,125.126344984222,-13.2850055522091));
#7961=CARTESIAN_POINT('Ctrl Pts',(112.810859070564,125.128135074034,-13.2554132985537));
#7962=CARTESIAN_POINT('Ctrl Pts',(112.746045882791,125.121099597935,-13.1965414887204));
#7963=CARTESIAN_POINT('Ctrl Pts',(112.681037794863,125.11079161184,-13.1381391564368));
#7964=CARTESIAN_POINT('Ctrl Pts',(112.607717724469,125.094111094625,-13.0733890162179));
#7965=CARTESIAN_POINT('Ctrl Pts',(112.542421108398,125.075806589802,-13.016720204924));
#7966=CARTESIAN_POINT('Ctrl Pts',(112.489268435768,125.057217295172,-12.9714746630551));
#7967=CARTESIAN_POINT('Ctrl Pts',(112.45652986304,125.044429981738,-12.94395867177));
#7968=CARTESIAN_POINT('Ctrl Pts',(112.446296570256,125.04031172085,-12.9353942597257));
#7969=CARTESIAN_POINT('Ctrl Pts',(112.434014511364,125.035260983654,-12.925147893695));
#7970=CARTESIAN_POINT('Ctrl Pts',(112.409444951491,125.024869089377,-12.9047438318358));
#7971=CARTESIAN_POINT('Ctrl Pts',(112.354131849189,124.999681749453,-12.859426229133));
#7972=CARTESIAN_POINT('Ctrl Pts',(112.296712916276,124.969476235649,-12.8141906228531));
#7973=CARTESIAN_POINT('Ctrl Pts',(112.247475944559,124.94068355444,-12.7771712252738));
#7974=CARTESIAN_POINT('Ctrl Pts',(112.224906141808,124.926957379677,-12.7605300678029));
#7975=CARTESIAN_POINT('Ctrl Pts',(112.200282740305,124.911481933069,-12.7427051094211));
#7976=CARTESIAN_POINT('Ctrl Pts',(112.167449827286,124.890097082209,-12.7194602168025));
#7977=CARTESIAN_POINT('Ctrl Pts',(112.132564857441,124.866114009616,-12.6957419080083));
#7978=CARTESIAN_POINT('Ctrl Pts',(112.106917332495,124.847677104728,-12.6790676210579));
#7979=CARTESIAN_POINT('Ctrl Pts',(112.094607387086,124.838689512679,-12.6712108192428));
#7980=CARTESIAN_POINT('Ctrl Pts',(112.086401032604,124.832656736845,-12.6660176509838));
#7981=CARTESIAN_POINT('Ctrl Pts',(112.029985762727,124.790708974248,-12.630841227559));
#7982=CARTESIAN_POINT('Ctrl Pts',(111.960272415203,124.734553144352,-12.5926045684592));
#7983=CARTESIAN_POINT('Ctrl Pts',(111.862019790955,124.650012377676,-12.549281434028));
#7984=CARTESIAN_POINT('Ctrl Pts',(111.780264018326,124.577138348238,-12.5202131826061));
#7985=CARTESIAN_POINT('Ctrl Pts',(111.674266970752,124.480823605565,-12.4950448135967));
#7986=CARTESIAN_POINT('Ctrl Pts',(111.593036663579,124.407500093673,-12.4869829550566));
#7987=CARTESIAN_POINT('Ctrl Pts',(111.52825898181,124.350629517356,-12.4848135922009));
#7988=CARTESIAN_POINT('Ctrl Pts',(111.504006639662,124.329615008677,-12.4820950780572));
#7989=CARTESIAN_POINT('Ctrl Pts',(111.48785803953,124.315924505481,-12.4797673751902));
#7990=CARTESIAN_POINT('Ctrl Pts',(112.904845679377,125.118112598946,-13.2999999999999));
#7991=CARTESIAN_POINT('Ctrl Pts',(112.889369947999,125.119421194134,-13.2850193453186));
#7992=CARTESIAN_POINT('Ctrl Pts',(112.85841158565,125.118237244101,-13.2552240594801));
#7993=CARTESIAN_POINT('Ctrl Pts',(112.796461588957,125.112443438732,-13.1959954149288));
#7994=CARTESIAN_POINT('Ctrl Pts',(112.734470517769,125.102405543122,-13.1375235261382));
#7995=CARTESIAN_POINT('Ctrl Pts',(112.66468895322,125.085909591944,-13.0729440221077));
#7996=CARTESIAN_POINT('Ctrl Pts',(112.602633905658,125.067447656997,-13.0165977868915));
#7997=CARTESIAN_POINT('Ctrl Pts',(112.552192964156,125.048680638183,-12.9719890997578));
#7998=CARTESIAN_POINT('Ctrl Pts',(112.521145685935,125.035784313351,-12.9450410218169));
#7999=CARTESIAN_POINT('Ctrl Pts',(112.511442846363,125.031634009523,-12.9366669977596));
#8000=CARTESIAN_POINT('Ctrl Pts',(112.499798984378,125.026546090104,-12.9266616410654));
#8001=CARTESIAN_POINT('Ctrl Pts',(112.476510094126,125.016084510641,-12.9067692168144));
#8002=CARTESIAN_POINT('Ctrl Pts',(112.424103247843,124.990780808539,-12.8627821857018));
#8003=CARTESIAN_POINT('Ctrl Pts',(112.369742889056,124.96060032119,-12.8191723266933));
#8004=CARTESIAN_POINT('Ctrl Pts',(112.323143646974,124.932027530953,-12.7835971213328));
#8005=CARTESIAN_POINT('Ctrl Pts',(112.301785008293,124.9184447944,-12.7676352096541));
#8006=CARTESIAN_POINT('Ctrl Pts',(112.278484275493,124.903169611727,-12.7505655779318));
#8007=CARTESIAN_POINT('Ctrl Pts',(112.247416220336,124.882119472858,-12.7283455215324));
#8008=CARTESIAN_POINT('Ctrl Pts',(112.214406362176,124.858607736207,-12.705724658463));
#8009=CARTESIAN_POINT('Ctrl Pts',(112.190135083479,124.840586080826,-12.689827657983));
#8010=CARTESIAN_POINT('Ctrl Pts',(112.178485055807,124.831808727583,-12.6823351104483));
#8011=CARTESIAN_POINT('Ctrl Pts',(112.170718432472,124.825919351875,-12.6773815943786));
#8012=CARTESIAN_POINT('Ctrl Pts',(112.117323560088,124.784993297778,-12.6438204873771));
#8013=CARTESIAN_POINT('Ctrl Pts',(112.051315411019,124.730402277432,-12.6070570144951));
#8014=CARTESIAN_POINT('Ctrl Pts',(111.958163956163,124.648321266851,-12.5647842572178));
#8015=CARTESIAN_POINT('Ctrl Pts',(111.880563679405,124.577394879641,-12.5357476407727));
#8016=CARTESIAN_POINT('Ctrl Pts',(111.779745129742,124.482710820836,-12.5093930390291));
#8017=CARTESIAN_POINT('Ctrl Pts',(111.702258546689,124.409430521706,-12.4990640163565));
#8018=CARTESIAN_POINT('Ctrl Pts',(111.640313868138,124.351640328483,-12.4961557942082));
#8019=CARTESIAN_POINT('Ctrl Pts',(111.61709316277,124.330122793406,-12.4958374647216));
#8020=CARTESIAN_POINT('Ctrl Pts',(111.601616890764,124.315924505481,-12.4945297663387));
#8021=CARTESIAN_POINT('Ctrl Pts',(112.943079541233,125.115916659913,-13.2999999999999));
#8022=CARTESIAN_POINT('Ctrl Pts',(112.928247935435,125.116461682179,-13.2850308395765));
#8023=CARTESIAN_POINT('Ctrl Pts',(112.898586539395,125.114373292745,-13.2551260866702));
#8024=CARTESIAN_POINT('Ctrl Pts',(112.839260081757,125.109574828943,-13.1956458854291));
#8025=CARTESIAN_POINT('Ctrl Pts',(112.779935452286,125.099866762984,-13.1369548878074));
#8026=CARTESIAN_POINT('Ctrl Pts',(112.713192735909,125.08336682152,-13.0721910120169));
#8027=CARTESIAN_POINT('Ctrl Pts',(112.653865200112,125.06463859711,-13.0157495117226));
#8028=CARTESIAN_POINT('Ctrl Pts',(112.605662292451,125.045599213095,-12.9712491378685));
#8029=CARTESIAN_POINT('Ctrl Pts',(112.575998175942,125.032546790282,-12.9444603163435));
#8030=CARTESIAN_POINT('Ctrl Pts',(112.566728089123,125.028349571454,-12.9361434026771));
#8031=CARTESIAN_POINT('Ctrl Pts',(112.555603987834,125.023206801156,-12.9262135628524));
#8032=CARTESIAN_POINT('Ctrl Pts',(112.533355859439,125.01263953898,-12.9064895774037));
#8033=CARTESIAN_POINT('Ctrl Pts',(112.483297647643,124.987134359915,-12.8629889669185));
#8034=CARTESIAN_POINT('Ctrl Pts',(112.43138555846,124.956868535406,-12.8200761540801));
#8035=CARTESIAN_POINT('Ctrl Pts',(112.386889147983,124.928370047045,-12.7851799188166));
#8036=CARTESIAN_POINT('Ctrl Pts',(112.366494907488,124.914850395496,-12.7695453507323));
#8037=CARTESIAN_POINT('Ctrl Pts',(112.344246646308,124.899673407485,-12.7528463853177));
#8038=CARTESIAN_POINT('Ctrl Pts',(112.314582294298,124.878797946159,-12.7311383268587));
#8039=CARTESIAN_POINT('Ctrl Pts',(112.283063939412,124.855547540958,-12.7090799415764));
#8040=CARTESIAN_POINT('Ctrl Pts',(112.259888700193,124.837765840379,-12.6935912507892));
#8041=CARTESIAN_POINT('Ctrl Pts',(112.248764596168,124.82911139731,-12.6862920439591));
#8042=CARTESIAN_POINT('Ctrl Pts',(112.241348543755,124.823306373452,-12.6814663712001));
#8043=CARTESIAN_POINT('Ctrl Pts',(112.190362914133,124.782983346738,-12.6487747009428));
#8044=CARTESIAN_POINT('Ctrl Pts',(112.12732423781,124.729357011822,-12.6129059811562));
#8045=CARTESIAN_POINT('Ctrl Pts',(112.038332946052,124.648739859928,-12.5713776728299));
#8046=CARTESIAN_POINT('Ctrl Pts',(111.964171536646,124.578919685281,-12.5425565625942));
#8047=CARTESIAN_POINT('Ctrl Pts',(111.867764984452,124.484983601006,-12.5157252244269));
#8048=CARTESIAN_POINT('Ctrl Pts',(111.793604801969,124.411307598136,-12.5039636764924));
#8049=CARTESIAN_POINT('Ctrl Pts',(111.734280154712,124.352543726932,-12.5001473286703));
#8050=CARTESIAN_POINT('Ctrl Pts',(111.712032444232,124.330545947346,-12.5005658123351));
#8051=CARTESIAN_POINT('Ctrl Pts',(111.697201545404,124.315924505481,-12.5000196139213));
#8052=CARTESIAN_POINT('Ctrl Pts',(113.015553887892,125.115917924136,-13.2999999999999));
#8053=CARTESIAN_POINT('Ctrl Pts',(113.002015690213,125.11517180951,-13.2850526278249));
#8054=CARTESIAN_POINT('Ctrl Pts',(112.974941372574,125.115973290737,-13.2551017637461));
#8055=CARTESIAN_POINT('Ctrl Pts',(112.920790104533,125.110943699014,-13.1952337255953));
#8056=CARTESIAN_POINT('Ctrl Pts',(112.866641911079,125.100197021866,-13.1355887564302));
#8057=CARTESIAN_POINT('Ctrl Pts',(112.805723881387,125.082948138859,-13.0697605141632));
#8058=CARTESIAN_POINT('Ctrl Pts',(112.751574681665,125.063566504601,-13.0124569597982));
#8059=CARTESIAN_POINT('Ctrl Pts',(112.707579412198,125.044015776089,-12.9674950669183));
#8060=CARTESIAN_POINT('Ctrl Pts',(112.680504943573,125.030676645008,-12.9405227520113));
#8061=CARTESIAN_POINT('Ctrl Pts',(112.67204414064,125.026393403678,-12.9321580191322));
#8062=CARTESIAN_POINT('Ctrl Pts',(112.661891192774,125.021149982068,-12.9221795448754));
#8063=CARTESIAN_POINT('Ctrl Pts',(112.641585336439,125.010388687804,-12.9023836396965));
#8064=CARTESIAN_POINT('Ctrl Pts',(112.595897323205,124.984505232731,-12.8588708756662));
#8065=CARTESIAN_POINT('Ctrl Pts',(112.548517164917,124.954044441929,-12.8162946039799));
#8066=CARTESIAN_POINT('Ctrl Pts',(112.507905484698,124.925600297135,-12.7818730033309));
#8067=CARTESIAN_POINT('Ctrl Pts',(112.489291754279,124.91214687889,-12.7664859253071));
#8068=CARTESIAN_POINT('Ctrl Pts',(112.4689858638,124.897083399823,-12.7500811073219));
#8069=CARTESIAN_POINT('Ctrl Pts',(112.441911257509,124.876420919088,-12.7288010336695));
#8070=CARTESIAN_POINT('Ctrl Pts',(112.413144376823,124.853505019426,-12.7072414044174));
#8071=CARTESIAN_POINT('Ctrl Pts',(112.391992229691,124.836040653672,-12.6921262586586));
#8072=CARTESIAN_POINT('Ctrl Pts',(112.381839192921,124.827550389877,-12.6850059924884));
#8073=CARTESIAN_POINT('Ctrl Pts',(112.375070505387,124.821858548417,-12.680299162564));
#8074=CARTESIAN_POINT('Ctrl Pts',(112.328535590122,124.782349919143,-12.6484290722055));
#8075=CARTESIAN_POINT('Ctrl Pts',(112.271000080961,124.730104169073,-12.6135867236047));
#8076=CARTESIAN_POINT('Ctrl Pts',(112.189773738781,124.651471154996,-12.5728054110432));
#8077=CARTESIAN_POINT('Ctrl Pts',(112.122083656048,124.583108286561,-12.5443963157775));
#8078=CARTESIAN_POINT('Ctrl Pts',(112.034084912135,124.490009414561,-12.5172136317));
#8079=CARTESIAN_POINT('Ctrl Pts',(111.966391603792,124.415374881743,-12.5062590731394));
#8080=CARTESIAN_POINT('Ctrl Pts',(111.912235461384,124.354378991555,-12.5012294477421));
#8081=CARTESIAN_POINT('Ctrl Pts',(111.891926765236,124.331348068133,-12.4992683860399));
#8082=CARTESIAN_POINT('Ctrl Pts',(111.878387412051,124.315924505482,-12.5000164533643));
#8083=CARTESIAN_POINT('Ctrl Pts',(113.120281458111,125.124137166108,-13.2999999999999));
#8084=CARTESIAN_POINT('Ctrl Pts',(113.108745953396,125.121808853538,-13.2848005377728));
#8085=CARTESIAN_POINT('Ctrl Pts',(113.085649232036,125.117093023816,-13.2539878248234));
#8086=CARTESIAN_POINT('Ctrl Pts',(113.039345970711,125.114542933539,-13.1919694839353));
#8087=CARTESIAN_POINT('Ctrl Pts',(112.992900095343,125.105831308896,-13.1297625972333));
#8088=CARTESIAN_POINT('Ctrl Pts',(112.940509002201,125.089156388229,-13.0607379265831));
#8089=CARTESIAN_POINT('Ctrl Pts',(112.893847558353,125.069764343908,-13.0007303299271));
#8090=CARTESIAN_POINT('Ctrl Pts',(112.855862269663,125.049922284633,-12.9536672365513));
#8091=CARTESIAN_POINT('Ctrl Pts',(112.832464550679,125.036385029294,-12.9254558087082));
#8092=CARTESIAN_POINT('Ctrl Pts',(112.825150886482,125.032038175967,-12.9167114702352));
#8093=CARTESIAN_POINT('Ctrl Pts',(112.816372936234,125.026718277891,-12.9062839322501));
#8094=CARTESIAN_POINT('Ctrl Pts',(112.79881304363,125.01580449189,-12.8856105268004));
#8095=CARTESIAN_POINT('Ctrl Pts',(112.759279984664,124.98959701296,-12.8402656903398));
#8096=CARTESIAN_POINT('Ctrl Pts',(112.71824041299,124.958964911969,-12.7963078858803));
#8097=CARTESIAN_POINT('Ctrl Pts',(112.683048193049,124.930564157153,-12.7611143005658));
#8098=CARTESIAN_POINT('Ctrl Pts',(112.666916284004,124.91715969279,-12.7454246632018));
#8099=CARTESIAN_POINT('Ctrl Pts',(112.649316527931,124.902178368164,-12.7287339316122));
#8100=CARTESIAN_POINT('Ctrl Pts',(112.625848888017,124.881667916542,-12.7071260708325));
#8101=CARTESIAN_POINT('Ctrl Pts',(112.600914515127,124.858992241821,-12.6853037531123));
#8102=CARTESIAN_POINT('Ctrl Pts',(112.582582837068,124.841763353141,-12.6700586037057));
#8103=CARTESIAN_POINT('Ctrl Pts',(112.573784286246,124.833396503139,-12.6628877911001));
#8104=CARTESIAN_POINT('Ctrl Pts',(112.567918804476,124.827790422974,-12.6581509922054));
#8105=CARTESIAN_POINT('Ctrl Pts',(112.527595925476,124.788901171577,-12.6261091152092));
#8106=CARTESIAN_POINT('Ctrl Pts',(112.477767630941,124.73781243371,-12.5914054616446));
#8107=CARTESIAN_POINT('Ctrl Pts',(112.407548349163,124.660423381739,-12.5508927268086));
#8108=CARTESIAN_POINT('Ctrl Pts',(112.34912080883,124.592670005698,-12.5221860972271));
#8109=CARTESIAN_POINT('Ctrl Pts',(112.273378455405,124.498973587755,-12.4948843102596));
#8110=CARTESIAN_POINT('Ctrl Pts',(112.215340897801,124.421494964496,-12.4799277115679));
#8111=CARTESIAN_POINT('Ctrl Pts',(112.169065691953,124.357199637776,-12.4746047289174));
#8112=CARTESIAN_POINT('Ctrl Pts',(112.151741078964,124.332620491081,-12.4771468363342));
#8113=CARTESIAN_POINT('Ctrl Pts',(112.140206337598,124.315924505482,-12.4794683484335));
#8114=CARTESIAN_POINT('Ctrl Pts',(113.282652126287,125.169950294027,-13.2999999999999));
#8115=CARTESIAN_POINT('Ctrl Pts',(113.274625978414,125.166343695307,-13.2833650964107));
#8116=CARTESIAN_POINT('Ctrl Pts',(113.258436952109,125.159082275696,-13.2496207373538));
#8117=CARTESIAN_POINT('Ctrl Pts',(113.2255271856,125.147930321194,-13.179570431236));
#8118=CARTESIAN_POINT('Ctrl Pts',(113.191890874366,125.13957931347,-13.1068487201161));
#8119=CARTESIAN_POINT('Ctrl Pts',(113.153349996716,125.124619507244,-13.0255916805212));
#8120=CARTESIAN_POINT('Ctrl Pts',(113.118622296373,125.107196846005,-12.9550812386885));
#8121=CARTESIAN_POINT('Ctrl Pts',(113.090019370613,125.088407690998,-12.8991545697582));
#8122=CARTESIAN_POINT('Ctrl Pts',(113.07230169496,125.075339714266,-12.8652316281095));
#8123=CARTESIAN_POINT('Ctrl Pts',(113.066754966813,125.0711223099,-12.8546963103728));
#8124=CARTESIAN_POINT('Ctrl Pts',(113.060090359287,125.065944521299,-12.842109420655));
#8125=CARTESIAN_POINT('Ctrl Pts',(113.046738847458,125.055282317244,-12.8171133761498));
#8126=CARTESIAN_POINT('Ctrl Pts',(113.016567914675,125.02943838678,-12.7620420348148));
#8127=CARTESIAN_POINT('Ctrl Pts',(112.985034033848,124.998920922662,-12.708921722625));
#8128=CARTESIAN_POINT('Ctrl Pts',(112.957899914341,124.970407142214,-12.6669010996417));
#8129=CARTESIAN_POINT('Ctrl Pts',(112.945447366808,124.956882366414,-12.6481826885435));
#8130=CARTESIAN_POINT('Ctrl Pts',(112.931850621887,124.941700015672,-12.6282723748103));
#8131=CARTESIAN_POINT('Ctrl Pts',(112.913706436916,124.920813718292,-12.6024796761602));
#8132=CARTESIAN_POINT('Ctrl Pts',(112.894412276415,124.897574308303,-12.5764254779704));
#8133=CARTESIAN_POINT('Ctrl Pts',(112.880225745746,124.879863463665,-12.5583057377939));
#8134=CARTESIAN_POINT('Ctrl Pts',(112.873417267842,124.871256980149,-12.5498073934819));
#8135=CARTESIAN_POINT('Ctrl Pts',(112.868878658035,124.865489650392,-12.5442036898811));
#8136=CARTESIAN_POINT('Ctrl Pts',(112.837680582219,124.825456453062,-12.5063684315256));
#8137=CARTESIAN_POINT('Ctrl Pts',(112.799170566757,124.773028294288,-12.4669828391579));
#8138=CARTESIAN_POINT('Ctrl Pts',(112.745264058391,124.691770098178,-12.4218780257815));
#8139=CARTESIAN_POINT('Ctrl Pts',(112.700691899116,124.619926687794,-12.3907511790348));
#8140=CARTESIAN_POINT('Ctrl Pts',(112.643608651496,124.51967694959,-12.3626373361027));
#8141=CARTESIAN_POINT('Ctrl Pts',(112.600648940737,124.434918844796,-12.35158796992));
#8142=CARTESIAN_POINT('Ctrl Pts',(112.566933426324,124.363150608641,-12.3568346712622));
#8143=CARTESIAN_POINT('Ctrl Pts',(112.554415982552,124.33506920671,-12.3612638785239));
#8144=CARTESIAN_POINT('Ctrl Pts',(112.546133008039,124.315924505482,-12.3649355286365));
#8145=CARTESIAN_POINT('Ctrl Pts',(113.466688696012,125.272963988723,-13.2999999999999));
#8146=CARTESIAN_POINT('Ctrl Pts',(113.462801666481,125.26954069925,-13.2802525793291));
#8147=CARTESIAN_POINT('Ctrl Pts',(113.454759624209,125.262826078211,-13.2403742538844));
#8148=CARTESIAN_POINT('Ctrl Pts',(113.437643790592,125.251438517353,-13.1558623177946));
#8149=CARTESIAN_POINT('Ctrl Pts',(113.419100902158,125.241256690722,-13.0639253800824));
#8150=CARTESIAN_POINT('Ctrl Pts',(113.396852828165,125.227023940227,-12.9592030709417));
#8151=CARTESIAN_POINT('Ctrl Pts',(113.376137294669,125.210902699382,-12.8680585680437));
#8152=CARTESIAN_POINT('Ctrl Pts',(113.358517220152,125.193004580608,-12.794217585314));
#8153=CARTESIAN_POINT('Ctrl Pts',(113.347433423643,125.180164824337,-12.7486093681515));
#8154=CARTESIAN_POINT('Ctrl Pts',(113.343948948714,125.175998472369,-12.7343938419326));
#8155=CARTESIAN_POINT('Ctrl Pts',(113.33974958609,125.17085782904,-12.7173568782932));
#8156=CARTESIAN_POINT('Ctrl Pts',(113.331303738311,125.160215585691,-12.683412642797));
#8157=CARTESIAN_POINT('Ctrl Pts',(113.312023355988,125.134041697742,-12.6079636982168));
#8158=CARTESIAN_POINT('Ctrl Pts',(113.291490469927,125.102477480391,-12.5349216088014));
#8159=CARTESIAN_POINT('Ctrl Pts',(113.273633544842,125.072333644163,-12.4775107589783));
#8160=CARTESIAN_POINT('Ctrl Pts',(113.265407775599,125.05786875744,-12.4518936526536));
#8161=CARTESIAN_POINT('Ctrl Pts',(113.256400457116,125.041463804671,-12.4245928458791));
#8162=CARTESIAN_POINT('Ctrl Pts',(113.24434549849,125.018639027373,-12.3891249773149));
#8163=CARTESIAN_POINT('Ctrl Pts',(113.231477555463,124.99284671627,-12.3531873497745));
#8164=CARTESIAN_POINT('Ctrl Pts',(113.221995502069,124.973017648758,-12.3282836836262));
#8165=CARTESIAN_POINT('Ctrl Pts',(113.217442259889,124.963359697935,-12.3166382801462));
#8166=CARTESIAN_POINT('Ctrl Pts',(113.214406307514,124.95688275586,-12.3089735901412));
#8167=CARTESIAN_POINT('Ctrl Pts',(113.193530061751,124.911838239963,-12.2573335431616));
#8168=CARTESIAN_POINT('Ctrl Pts',(113.167712656849,124.852668440452,-12.2059797775791));
#8169=CARTESIAN_POINT('Ctrl Pts',(113.131880552666,124.75830621954,-12.15024649466));
#8170=CARTESIAN_POINT('Ctrl Pts',(113.102524695952,124.674171751515,-12.1145560755659));
#8171=CARTESIAN_POINT('Ctrl Pts',(113.065689077172,124.557529340218,-12.0895623029207));
#8172=CARTESIAN_POINT('Ctrl Pts',(113.038879815546,124.457221340456,-12.0882261090046));
#8173=CARTESIAN_POINT('Ctrl Pts',(113.018506364374,124.372137439765,-12.0979580093996));
#8174=CARTESIAN_POINT('Ctrl Pts',(113.01107546814,124.338657387397,-12.103380837624));
#8175=CARTESIAN_POINT('Ctrl Pts',(113.00622443235,124.315924505482,-12.1074012918973));
#8176=CARTESIAN_POINT('Ctrl Pts',(113.631621152501,125.437882675111,-13.3));
#8177=CARTESIAN_POINT('Ctrl Pts',(113.630906133974,125.436335549751,-13.2754321783284));
#8178=CARTESIAN_POINT('Ctrl Pts',(113.629200832148,125.433384149864,-13.2261162902858));
#8179=CARTESIAN_POINT('Ctrl Pts',(113.624721259272,125.427562105951,-13.1202164358139));
#8180=CARTESIAN_POINT('Ctrl Pts',(113.618756653652,125.421147576561,-13.001438497718));
#8181=CARTESIAN_POINT('Ctrl Pts',(113.610580234918,125.409614085525,-12.8636622016673));
#8182=CARTESIAN_POINT('Ctrl Pts',(113.602310574996,125.395209039796,-12.7429117854305));
#8183=CARTESIAN_POINT('Ctrl Pts',(113.594736103692,125.377472860505,-12.6430182993827));
#8184=CARTESIAN_POINT('Ctrl Pts',(113.58980768439,125.364185104253,-12.5803736549371));
#8185=CARTESIAN_POINT('Ctrl Pts',(113.588244364134,125.359833746883,-12.5607835679471));
#8186=CARTESIAN_POINT('Ctrl Pts',(113.58634822052,125.354428647709,-12.537241807334));
#8187=CARTESIAN_POINT('Ctrl Pts',(113.582502957219,125.343152400632,-12.4901939156466));
#8188=CARTESIAN_POINT('Ctrl Pts',(113.573537070633,125.314871910821,-12.3847631704722));
#8189=CARTESIAN_POINT('Ctrl Pts',(113.563612414164,125.27979384579,-12.2818200888829));
#8190=CARTESIAN_POINT('Ctrl Pts',(113.554779019412,125.245385493673,-12.2008316246264));
#8191=CARTESIAN_POINT('Ctrl Pts',(113.550675990721,125.228661041744,-12.1645973803696));
#8192=CARTESIAN_POINT('Ctrl Pts',(113.546153555696,125.209483932933,-12.1258867685486));
#8193=CARTESIAN_POINT('Ctrl Pts',(113.540058581348,125.182484973407,-12.0754418865653));
#8194=CARTESIAN_POINT('Ctrl Pts',(113.533488035563,125.151484088869,-12.0241388657049));
#8195=CARTESIAN_POINT('Ctrl Pts',(113.528611850119,125.127424861716,-11.9886137570414));
#8196=CARTESIAN_POINT('Ctrl Pts',(113.526264907455,125.115676367044,-11.9720227808402));
#8197=CARTESIAN_POINT('Ctrl Pts',(113.524698509086,125.107789988788,-11.9611125393624));
#8198=CARTESIAN_POINT('Ctrl Pts',(113.513908424761,125.052832584463,-11.8876721232688));
#8199=CARTESIAN_POINT('Ctrl Pts',(113.500404703209,124.980203197239,-11.8163703789403));
#8200=CARTESIAN_POINT('Ctrl Pts',(113.481669984222,124.861964909624,-11.7421107012896));
#8201=CARTESIAN_POINT('Ctrl Pts',(113.466366215644,124.756171106256,-11.6971382503392));
#8202=CARTESIAN_POINT('Ctrl Pts',(113.44744907583,124.611309059928,-11.6723450553545));
#8203=CARTESIAN_POINT('Ctrl Pts',(113.434093533382,124.486963803344,-11.675494746863));
#8204=CARTESIAN_POINT('Ctrl Pts',(113.424301312194,124.38368112764,-11.6866662367581));
#8205=CARTESIAN_POINT('Ctrl Pts',(113.42080098199,124.343163039038,-11.6916625727851));
#8206=CARTESIAN_POINT('Ctrl Pts',(113.418555573574,124.315924505482,-11.6951045759271));
#8207=CARTESIAN_POINT('Ctrl Pts',(113.747111015975,125.664618340488,-13.3));
#8208=CARTESIAN_POINT('Ctrl Pts',(113.747366411565,125.665041023145,-13.268922821795));
#8209=CARTESIAN_POINT('Ctrl Pts',(113.747773519046,125.665915882994,-13.2066801982916));
#8210=CARTESIAN_POINT('Ctrl Pts',(113.748218611108,125.666564935953,-13.0723640691111));
#8211=CARTESIAN_POINT('Ctrl Pts',(113.748123418533,125.663698777333,-12.9196813811694));
#8212=CARTESIAN_POINT('Ctrl Pts',(113.747487578374,125.654253332606,-12.7406358711398));
#8213=CARTESIAN_POINT('Ctrl Pts',(113.746553434994,125.64025696459,-12.5825775340078));
#8214=CARTESIAN_POINT('Ctrl Pts',(113.745468244222,125.621130595399,-12.4501235543906));
#8215=CARTESIAN_POINT('Ctrl Pts',(113.744699353183,125.606297225921,-12.3663978382713));
#8216=CARTESIAN_POINT('Ctrl Pts',(113.744450189491,125.601406757909,-12.3401633921041));
#8217=CARTESIAN_POINT('Ctrl Pts',(113.744143267826,125.595301699813,-12.3085888748956));
#8218=CARTESIAN_POINT('Ctrl Pts',(113.743508263005,125.582493141932,-12.2453666139448));
#8219=CARTESIAN_POINT('Ctrl Pts',(113.741954418116,125.549926217347,-12.1029626293091));
#8220=CARTESIAN_POINT('Ctrl Pts',(113.740086126953,125.508738398094,-11.9625958556188));
#8221=CARTESIAN_POINT('Ctrl Pts',(113.738341180504,125.467641820733,-11.8514543376779));
#8222=CARTESIAN_POINT('Ctrl Pts',(113.737516733091,125.447515824809,-11.8015884078665));
#8223=CARTESIAN_POINT('Ctrl Pts',(113.736595411539,125.424292482444,-11.7481863865942));
#8224=CARTESIAN_POINT('Ctrl Pts',(113.735335111312,125.391378294842,-11.6784103564057));
#8225=CARTESIAN_POINT('Ctrl Pts',(113.733946627433,125.353242454104,-11.607166353868));
#8226=CARTESIAN_POINT('Ctrl Pts',(113.732898454885,125.323476328796,-11.5576928084432));
#8227=CARTESIAN_POINT('Ctrl Pts',(113.732390940642,125.308916946973,-11.534565735126));
#8228=CARTESIAN_POINT('Ctrl Pts',(113.73205131525,125.299137221929,-11.5193513388833));
#8229=CARTESIAN_POINT('Ctrl Pts',(113.72970156938,125.230902243877,-11.4168590302708));
#8230=CARTESIAN_POINT('Ctrl Pts',(113.72666922913,125.140221134102,-11.3168211035321));
#8231=CARTESIAN_POINT('Ctrl Pts',(113.722349191684,124.99128576735,-11.2125352375753));
#8232=CARTESIAN_POINT('Ctrl Pts',(113.718763714655,124.857934220117,-11.1493402358351));
#8233=CARTESIAN_POINT('Ctrl Pts',(113.714256175375,124.67694650312,-11.1136821014778));
#8234=CARTESIAN_POINT('Ctrl Pts',(113.711038133247,124.523049699268,-11.1144041757209));
#8235=CARTESIAN_POINT('Ctrl Pts',(113.708669219425,124.397527210407,-11.1224190759146));
#8236=CARTESIAN_POINT('Ctrl Pts',(113.707823598423,124.348578590277,-11.1260000887504));
#8237=CARTESIAN_POINT('Ctrl Pts',(113.707280232256,124.315924505482,-11.1282654124847));
#8238=CARTESIAN_POINT('Ctrl Pts',(113.773664871787,125.832148701387,-13.3));
#8239=CARTESIAN_POINT('Ctrl Pts',(113.773655715998,125.832521083319,-13.2640764382553));
#8240=CARTESIAN_POINT('Ctrl Pts',(113.773644950074,125.833263917397,-13.1920397712114));
#8241=CARTESIAN_POINT('Ctrl Pts',(113.773619092428,125.833092576694,-13.0368235261824));
#8242=CARTESIAN_POINT('Ctrl Pts',(113.77360831337,125.828932606116,-12.8609470821565));
#8243=CARTESIAN_POINT('Ctrl Pts',(113.773597650021,125.817066151933,-12.6542585330181));
#8244=CARTESIAN_POINT('Ctrl Pts',(113.773592863691,125.800380525795,-12.4710612175621));
#8245=CARTESIAN_POINT('Ctrl Pts',(113.773594516726,125.77838400936,-12.3172394756528));
#8246=CARTESIAN_POINT('Ctrl Pts',(113.773595797246,125.761524240566,-12.2199886466011));
#8247=CARTESIAN_POINT('Ctrl Pts',(113.773596210684,125.755977845409,-12.1895058905959));
#8248=CARTESIAN_POINT('Ctrl Pts',(113.773596869106,125.749064873636,-12.1528119550219));
#8249=CARTESIAN_POINT('Ctrl Pts',(113.77359826348,125.734586880296,-12.0793100628102));
#8250=CARTESIAN_POINT('Ctrl Pts',(113.773603307744,125.697923588519,-11.9135633712907));
#8251=CARTESIAN_POINT('Ctrl Pts',(113.773609618624,125.651766673487,-11.7492678450601));
#8252=CARTESIAN_POINT('Ctrl Pts',(113.773617903841,125.605781066784,-11.6183197528155));
#8253=CARTESIAN_POINT('Ctrl Pts',(113.773621885855,125.583275998507,-11.5594611953195));
#8254=CARTESIAN_POINT('Ctrl Pts',(113.773626772642,125.557319205563,-11.4963360259501));
#8255=CARTESIAN_POINT('Ctrl Pts',(113.773632711071,125.520545913569,-11.4137306138598));
#8256=CARTESIAN_POINT('Ctrl Pts',(113.773638686157,125.477948879496,-11.3291529815429));
#8257=CARTESIAN_POINT('Ctrl Pts',(113.773644105201,125.444687276528,-11.2701899052539));
#8258=CARTESIAN_POINT('Ctrl Pts',(113.773646854509,125.428414346561,-11.2425756086066));
#8259=CARTESIAN_POINT('Ctrl Pts',(113.773648836405,125.417482139722,-11.2243917313248));
#8260=CARTESIAN_POINT('Ctrl Pts',(113.773660039445,125.341195411545,-11.1017202724842));
#8261=CARTESIAN_POINT('Ctrl Pts',(113.773656864938,125.239596966659,-10.9796056462142));
#8262=CARTESIAN_POINT('Ctrl Pts',(113.773679917454,125.072716119482,-10.8491580240468));
#8263=CARTESIAN_POINT('Ctrl Pts',(113.773681724459,124.923214133917,-10.7674265952848));
#8264=CARTESIAN_POINT('Ctrl Pts',(113.773689899633,124.720027500192,-10.7140898026446));
#8265=CARTESIAN_POINT('Ctrl Pts',(113.773677985484,124.547553791695,-10.7051846490062));
#8266=CARTESIAN_POINT('Ctrl Pts',(113.77367379459,124.407083892732,-10.7071228023539));
#8267=CARTESIAN_POINT('Ctrl Pts',(113.773666932116,124.352391682777,-10.7085268711166));
#8268=CARTESIAN_POINT('Ctrl Pts',(113.773664871787,124.315924505483,-10.7094395102393));
#8269=CARTESIAN_POINT('Ctrl Pts',(113.773664871787,125.915924505483,-13.3));
#8270=CARTESIAN_POINT('Ctrl Pts',(113.773664871787,125.915924505483,-13.2616082964367));
#8271=CARTESIAN_POINT('Ctrl Pts',(113.773664871787,125.915908703102,-13.1845143286731));
#8272=CARTESIAN_POINT('Ctrl Pts',(113.773664871787,125.914162156532,-13.0187793809323));
#8273=CARTESIAN_POINT('Ctrl Pts',(113.773664871786,125.908151645024,-12.8318190196451));
#8274=CARTESIAN_POINT('Ctrl Pts',(113.773664871786,125.894046420452,-12.6122126433319));
#8275=CARTESIAN_POINT('Ctrl Pts',(113.773664871786,125.875190041405,-12.4172593579984));
#8276=CARTESIAN_POINT('Ctrl Pts',(113.773664871786,125.851254628474,-12.2537050336951));
#8277=CARTESIAN_POINT('Ctrl Pts',(113.773664871786,125.833123651832,-12.150434817251));
#8278=CARTESIAN_POINT('Ctrl Pts',(113.773664871786,125.827173280615,-12.11806873885));
#8279=CARTESIAN_POINT('Ctrl Pts',(113.773664871786,125.819769524594,-12.0791131142002));
#8280=CARTESIAN_POINT('Ctrl Pts',(113.773664871786,125.804294101458,-12.0010835775418));
#8281=CARTESIAN_POINT('Ctrl Pts',(113.773664871786,125.765285354598,-11.825135603634));
#8282=CARTESIAN_POINT('Ctrl Pts',(113.773664871786,125.716453564427,-11.6502931990518));
#8283=CARTESIAN_POINT('Ctrl Pts',(113.773664871787,125.667984063698,-11.5104225987404));
#8284=CARTESIAN_POINT('Ctrl Pts',(113.773664871787,125.644304594345,-11.4475002610974));
#8285=CARTESIAN_POINT('Ctrl Pts',(113.773664871787,125.617031908987,-11.3799704047869));
#8286=CARTESIAN_POINT('Ctrl Pts',(113.773664871787,125.578449722682,-11.2915398367986));
#8287=CARTESIAN_POINT('Ctrl Pts',(113.773664871787,125.53383473521,-11.2008688646552));
#8288=CARTESIAN_POINT('Ctrl Pts',(113.773664871787,125.499021980539,-11.1375052445751));
#8289=CARTESIAN_POINT('Ctrl Pts',(113.773664871787,125.481992138136,-11.1077943268962));
#8290=CARTESIAN_POINT('Ctrl Pts',(113.773664871787,125.470551733556,-11.0882173734046));
#8291=CARTESIAN_POINT('Ctrl Pts',(113.773664871787,125.390724553834,-10.9560267707235));
#8292=CARTESIAN_POINT('Ctrl Pts',(113.773664871787,125.284320584647,-10.8227012845584));
#8293=CARTESIAN_POINT('Ctrl Pts',(113.773664871787,125.109874122993,-10.6778230968988));
#8294=CARTESIAN_POINT('Ctrl Pts',(113.773664871787,124.953533891883,-10.5850465420442));
#8295=CARTESIAN_POINT('Ctrl Pts',(113.773664871787,124.740508710853,-10.5193332289826));
#8296=CARTESIAN_POINT('Ctrl Pts',(113.773664871787,124.559574502618,-10.5029960250356));
#8297=CARTESIAN_POINT('Ctrl Pts',(113.773664871787,124.411832957707,-10.5001200389774));
#8298=CARTESIAN_POINT('Ctrl Pts',(113.773664871787,124.354316209046,-10.5));
#8299=CARTESIAN_POINT('Ctrl Pts',(113.773664871787,124.315924505483,-10.5));
#8300=CARTESIAN_POINT('Origin',(111.773664871787,124.315924505483,-10.5));
#8301=CARTESIAN_POINT('Origin',(111.773664871787,129.318565089095,-10.5));
#8302=CARTESIAN_POINT('Origin',(111.773664871787,117.463111400973,-10.5));
#8303=CARTESIAN_POINT('Origin',(115.273664871787,117.463111400973,-10.5));
#8304=CARTESIAN_POINT('Origin',(115.166948833215,113.964738681105,-10.5));
#8305=CARTESIAN_POINT('Origin',(106.773664871787,-161.184489436094,-10.5));
#8306=CARTESIAN_POINT('Origin',(140.949400451669,111.963023909208,-10.5));
#8307=CARTESIAN_POINT('Origin',(141.383926333687,115.435945914934,-10.5));
#8308=CARTESIAN_POINT('Origin',(141.383926333687,115.435945914934,-10.5));
#8309=CARTESIAN_POINT('Origin',(115.273664871787,139.340194390709,-10.5));
#8310=CARTESIAN_POINT('Origin',(115.273664871787,139.340194390709,-10.5));
#8311=CARTESIAN_POINT('Origin',(106.773664871787,103.843715692111,-2.5));
#8312=CARTESIAN_POINT('',(115.62297994028,140.798953789282,-2.5));
#8313=CARTESIAN_POINT('',(142.80626584582,115.912338937789,-2.5));
#8314=CARTESIAN_POINT('Origin',(141.383926333687,115.435945914934,-2.5));
#8315=CARTESIAN_POINT('Origin',(99.7736648717929,125.115924505483,-12.5));
#8316=CARTESIAN_POINT('Origin',(106.77366487179,132.615924505483,-4.5));
#8317=CARTESIAN_POINT('',(104.52366487179,132.615924505483,-3.5));
#8318=CARTESIAN_POINT('Origin',(106.77366487179,132.615924505483,-3.5));
#8319=CARTESIAN_POINT('',(104.52366487179,132.615924505483,-4.5));
#8320=CARTESIAN_POINT('Origin',(106.77366487179,132.615924505483,-4.5));
#8321=CARTESIAN_POINT('Origin',(106.77366487179,132.615924505482,-3.5));
#8322=CARTESIAN_POINT('',(105.02366487179,132.615924505483,-3.5));
#8323=CARTESIAN_POINT('Origin',(106.77366487179,132.615924505483,-3.5));
#8324=CARTESIAN_POINT('Origin',(101.773664871787,126.615924505479,-4.5));
#8325=CARTESIAN_POINT('',(101.773664871787,138.615924505479,-4.5));
#8326=CARTESIAN_POINT('',(101.773664871787,138.615924505479,-4.5));
#8327=CARTESIAN_POINT('',(101.773664871787,126.615924505479,-4.5));
#8328=CARTESIAN_POINT('',(101.773664871787,126.615924505479,-4.5));
#8329=CARTESIAN_POINT('',(101.773664871787,126.615924505479,-4.5));
#8330=CARTESIAN_POINT('Origin',(111.773664871787,126.615924505479,-4.5));
#8331=CARTESIAN_POINT('',(111.773664871787,126.615924505479,-4.5));
#8332=CARTESIAN_POINT('Origin',(101.773664871787,138.615924505479,-4.5));
#8333=CARTESIAN_POINT('',(101.773664871787,138.615924505479,-4.5));
#8334=CARTESIAN_POINT('Origin',(106.773664871787,132.615924505479,-4.5));
#8335=CARTESIAN_POINT('Origin',(106.77366487179,132.615924505483,-2.5));
#8336=CARTESIAN_POINT('Origin',(34.1736648717868,96.0437156921115,-1.52670795003069));
#8337=CARTESIAN_POINT('Ctrl Pts',(34.8445056799737,94.6541756206953,-2.5));
#8338=CARTESIAN_POINT('Ctrl Pts',(34.3824681235839,94.4311135772774,-2.52646039596346));
#8339=CARTESIAN_POINT('Ctrl Pts',(33.2261877216399,94.4862782986538,-2.57938118789038));
#8340=CARTESIAN_POINT('Ctrl Pts',(32.3494054333576,95.9974285525013,-2.65876237578077));
#8341=CARTESIAN_POINT('Ctrl Pts',(33.146301682553,97.5500800374575,-2.73814356367116));
#8342=CARTESIAN_POINT('Ctrl Pts',(34.8815154772072,97.7244329926893,-2.81752475156154));
#8343=CARTESIAN_POINT('Ctrl Pts',(35.9698596615676,96.3603164646889,-2.89690593945193));
#8344=CARTESIAN_POINT('Ctrl Pts',(35.4137436418462,94.7065307460494,-2.97628712734231));
#8345=CARTESIAN_POINT('Ctrl Pts',(33.7228987185644,94.2765505683083,-3.0556683152327));
#8346=CARTESIAN_POINT('Ctrl Pts',(32.4444905367813,95.463989023315,-3.13504950312308));
#8347=CARTESIAN_POINT('Ctrl Pts',(32.7487683262513,97.1820083148004,-3.21443069101346));
#8348=CARTESIAN_POINT('Ctrl Pts',(34.357147356571,97.8582143750927,-3.29381187890385));
#8349=CARTESIAN_POINT('Ctrl Pts',(35.7976105254143,96.8737017177671,-3.37319306679424));
#8350=CARTESIAN_POINT('Ctrl Pts',(35.7517532940131,95.1295479634442,-3.45257425468462));
#8351=CARTESIAN_POINT('Ctrl Pts',(34.2615585138001,94.2220832032628,-3.53195544257501));
#8352=CARTESIAN_POINT('Ctrl Pts',(32.6909172470298,94.981863576719,-3.61133663046539));
#8353=CARTESIAN_POINT('Ctrl Pts',(32.4773581840204,96.713501324857,-3.69071781835578));
#8354=CARTESIAN_POINT('Ctrl Pts',(33.8163391948341,97.8321194962583,-3.77009900624616));
#8355=CARTESIAN_POINT('Ctrl Pts',(35.4823619271461,97.3139053617929,-3.84948019413655));
#8356=CARTESIAN_POINT('Ctrl Pts',(35.9506027153718,95.6331532318431,-3.92886138202693));
#8357=CARTESIAN_POINT('Ctrl Pts',(34.7925055080647,94.3281673870561,-4.00824256991732));
#8358=CARTESIAN_POINT('Ctrl Pts',(33.0680158727275,94.5933329837251,-4.0876237578077));
#8359=CARTESIAN_POINT('Ctrl Pts',(32.3554688249829,96.1859578412426,-4.16700494569809));
#8360=CARTESIAN_POINT('Ctrl Pts',(33.307021300947,97.6483959176399,-4.24638613358848));
#8361=CARTESIAN_POINT('Ctrl Pts',(35.0517672122151,97.6421542998401,-4.32576732147886));
#8362=CARTESIAN_POINT('Ctrl Pts',(35.992832079141,96.172945614694,-4.40514850936925));
#8363=CARTESIAN_POINT('Ctrl Pts',(35.2689085626866,94.5854595554063,-4.48452969725963));
#8364=CARTESIAN_POINT('Ctrl Pts',(33.5425659079045,94.3326388966088,-4.56391088515002));
#8365=CARTESIAN_POINT('Ctrl Pts',(32.3938350529326,95.6458771343212,-4.6432920730404));
#8366=CARTESIAN_POINT('Ctrl Pts',(32.8740891326398,97.3232361493755,-4.72267326093079));
#8367=CARTESIAN_POINT('Ctrl Pts',(34.5437767629137,97.8295171621309,-4.80205444882117));
#8368=CARTESIAN_POINT('Ctrl Pts',(35.8747203804081,96.7013477007992,-4.88143563671156));
#8369=CARTESIAN_POINT('Ctrl Pts',(35.6487770599245,94.9712821348722,-4.96081682460194));
#8370=CARTESIAN_POINT('Ctrl Pts',(34.0727408787641,94.2227587871001,-5.04019801249233));
#8371=CARTESIAN_POINT('Ctrl Pts',(32.589075138003,95.1408618402273,-5.11957920038271));
#8372=CARTESIAN_POINT('Ctrl Pts',(32.5557013166428,96.8852996965363,-5.1989603882731));
#8373=CARTESIAN_POINT('Ctrl Pts',(34.0031647239277,97.8594798292882,-5.27834157616348));
#8374=CARTESIAN_POINT('Ctrl Pts',(35.6066779789582,97.1717862293349,-5.35772276405387));
#8375=CARTESIAN_POINT('Ctrl Pts',(35.8986294553027,95.4516287999303,-5.43710395194425));
#8376=CARTESIAN_POINT('Ctrl Pts',(34.6118112707103,94.273377465843,-5.51648513983464));
#8377=CARTESIAN_POINT('Ctrl Pts',(32.9239806547443,94.7154239094252,-5.59586632772502));
#8378=CARTESIAN_POINT('Ctrl Pts',(32.3799204943994,96.3731861928667,-5.67524751561541));
#8379=CARTESIAN_POINT('Ctrl Pts',(33.4775805348965,97.7294013977557,-5.7546287035058));
#8380=CARTESIAN_POINT('Ctrl Pts',(35.2123300803246,97.5427968396314,-5.83400989139618));
#8381=CARTESIAN_POINT('Ctrl Pts',(35.9964438070348,95.9841618887657,-5.91339107928656));
#8382=CARTESIAN_POINT('Ctrl Pts',(35.1122635240798,94.4800334123017,-5.99277226717696));
#8383=CARTESIAN_POINT('Ctrl Pts',(33.3690330958655,94.407061358584,-6.07215345506733));
#8384=CARTESIAN_POINT('Ctrl Pts',(32.3622399534887,95.8320332231969,-6.15153464295772));
#8385=CARTESIAN_POINT('Ctrl Pts',(33.0133490842385,97.4507469552478,-6.2309158308481));
#8386=CARTESIAN_POINT('Ctrl Pts',(34.7264344317715,97.7816787284939,-6.3102970187385));
#8387=CARTESIAN_POINT('Ctrl Pts',(35.9335987771384,96.521944038271,-6.38967820662887));
#8388=CARTESIAN_POINT('Ctrl Pts',(35.5299878743784,94.8245120114585,-6.46905939451926));
#8389=CARTESIAN_POINT('Ctrl Pts',(33.8850056255714,94.2429532030943,-6.54844058240965));
#8390=CARTESIAN_POINT('Ctrl Pts',(32.504218053356,95.3095379052586,-6.62782177030003));
#8391=CARTESIAN_POINT('Ctrl Pts',(32.6513876419268,97.0480770502526,-6.70720295819042));
#8392=CARTESIAN_POINT('Ctrl Pts',(34.1918177814705,97.8673768925944,-6.78658414608081));
#8393=CARTESIAN_POINT('Ctrl Pts',(35.7156335143531,97.0175752341498,-6.86596533397118));
#8394=CARTESIAN_POINT('Ctrl Pts',(35.8281661784335,95.2764509864321,-6.94534652186158));
#8395=CARTESIAN_POINT('Ctrl Pts',(34.4264205252222,94.2375639039349,-7.02472770975196));
#8396=CARTESIAN_POINT('Ctrl Pts',(32.7933408718308,94.8517528749808,-7.10410889764235));
#8397=CARTESIAN_POINT('Ctrl Pts',(32.4235994192454,96.5568829300545,-7.18349008553272));
#8398=CARTESIAN_POINT('Ctrl Pts',(33.6556011372326,97.7923379123801,-7.26287127342311));
#8399=CARTESIAN_POINT('Ctrl Pts',(35.3617594346427,97.4273706389783,-7.3422524613135));
#8400=CARTESIAN_POINT('Ctrl Pts',(35.9805170583895,95.7960165236706,-7.42163364920389));
#8401=CARTESIAN_POINT('Ctrl Pts',(34.9455575906285,94.3913684728878,-7.50101483709426));
#8402=CARTESIAN_POINT('Ctrl Pts',(33.2041251797992,94.4990272160953,-7.58039602498466));
#8403=CARTESIAN_POINT('Ctrl Pts',(32.3500616259374,96.0204583490884,-7.65977721287504));
#8404=CARTESIAN_POINT('Ctrl Pts',(33.1650465300241,97.5631757090046,-7.73915840076543));
#8405=CARTESIAN_POINT('Ctrl Pts',(34.9031669307211,97.7152109652988,-7.81853958865581));
#8406=CARTESIAN_POINT('Ctrl Pts',(35.9736123372517,96.3374142175476,-7.89792077654619));
#8407=CARTESIAN_POINT('Ctrl Pts',(35.3966601815877,94.6908106050925,-7.97730196443658));
#8408=CARTESIAN_POINT('Ctrl Pts',(33.7003645280728,94.282450099727,-8.05668315232696));
#8409=CARTESIAN_POINT('Ctrl Pts',(32.4372558688343,95.4860836658231,-8.13606434021735));
#8410=CARTESIAN_POINT('Ctrl Pts',(32.7633913477284,97.200088594603,-8.21544552810774));
#8411=CARTESIAN_POINT('Ctrl Pts',(34.3802762568906,97.8557260226071,-8.29482671599812));
#8412=CARTESIAN_POINT('Ctrl Pts',(35.8080605958016,96.8529253803871,-8.37420790388851));
#8413=CARTESIAN_POINT('Ctrl Pts',(35.7399682032726,95.1094975291253,-8.45358909177889));
#8414=CARTESIAN_POINT('Ctrl Pts',(34.2383204767937,94.2211105908846,-8.53297027966928));
#8415=CARTESIAN_POINT('Ctrl Pts',(32.677496864288,95.000858561142,-8.61235146755967));
#8416=CARTESIAN_POINT('Ctrl Pts',(32.4860374001688,96.735078996979,-8.69173265545004));
#8417=CARTESIAN_POINT('Ctrl Pts',(33.8391748956715,97.8365308410199,-8.77111384334044));
#8418=CARTESIAN_POINT('Ctrl Pts',(35.4984535324037,97.2971129583354,-8.85049503123082));
#8419=CARTESIAN_POINT('Ctrl Pts',(35.9452225532736,95.6105262607517,-8.9298762191212));
#8420=CARTESIAN_POINT('Ctrl Pts',(34.7705776930364,94.3204151419737,-9.00925740701159));
#8421=CARTESIAN_POINT('Ctrl Pts',(33.0496098175797,94.6075506816101,-9.08863859490197));
#8422=CARTESIAN_POINT('Ctrl Pts',(32.3574306104607,96.2091327718282,-9.16801978279236));
#8423=CARTESIAN_POINT('Ctrl Pts',(33.3275554160368,97.6593172801175,-9.24740097068275));
#8424=CARTESIAN_POINT('Ctrl Pts',(35.0720798535446,97.63082634447,-9.32678215857313));
#8425=CARTESIAN_POINT('Ctrl Pts',(35.9943321530128,96.1497362247943,-9.40616334646352));
#8426=CARTESIAN_POINT('Ctrl Pts',(35.2502231290495,94.5716110691323,-9.4855445343539));
#8427=CARTESIAN_POINT('Ctrl Pts',(33.5207967652178,94.340826107405,-9.56492572224429));
#8428=CARTESIAN_POINT('Ctrl Pts',(32.3889063560915,95.6686067173718,-9.64430691013467));
#8429=CARTESIAN_POINT('Ctrl Pts',(32.8905118596379,97.3397049087681,-9.72368809802505));
#8430=CARTESIAN_POINT('Ctrl Pts',(34.5665200525376,97.8246521056968,-9.80306928591544));
#8431=CARTESIAN_POINT('Ctrl Pts',(35.8829684918989,96.6796015596603,-9.88245047380583));
#8432=CARTESIAN_POINT('Ctrl Pts',(35.6349809291822,94.9525580120871,-9.9618316616962));
#8433=CARTESIAN_POINT('Ctrl Pts',(34.0495273810743,94.2241938907376,-10.0412128495866));
#8434=CARTESIAN_POINT('Ctrl Pts',(32.5776903709505,95.1611426951551,-10.120594037477));
#8435=CARTESIAN_POINT('Ctrl Pts',(32.5665651607226,96.9058642993612,-10.1999752253674));
#8436=CARTESIAN_POINT('Ctrl Pts',(34.0263340721388,97.8615064770305,-10.2793564132577));
#8437=CARTESIAN_POINT('Ctrl Pts',(35.6209471414062,97.1534200375669,-10.3587376011481));
#8438=CARTESIAN_POINT('Ctrl Pts',(35.8909386156069,95.4296793811961,-10.4381187890385));
#8439=CARTESIAN_POINT('Ctrl Pts',(34.5891994512498,94.2679339725814,-10.5174999769289));
#8440=CARTESIAN_POINT('Ctrl Pts',(32.9071432686471,94.7314684855601,-10.5968811648193));
#8441=CARTESIAN_POINT('Ctrl Pts',(32.3842679183809,96.3960340791368,-10.6762623527097));
#8442=CARTESIAN_POINT('Ctrl Pts',(33.4991338000083,97.7381411211017,-10.7556435406001));
#8443=CARTESIAN_POINT('Ctrl Pts',(35.2313626121715,97.5294293902809,-10.8350247284904));
#8444=CARTESIAN_POINT('Ctrl Pts',(35.9955361282048,95.9609217906584,-10.9144059163808));
#8445=CARTESIAN_POINT('Ctrl Pts',(35.0922463828317,94.4681911124337,-10.9937871042712));
#8446=CARTESIAN_POINT('Ctrl Pts',(33.3482271374433,94.4174554864158,-11.0731682921616));
#8447=CARTESIAN_POINT('Ctrl Pts',(32.3596877707472,95.8551505919701,-11.152549480052));
#8448=CARTESIAN_POINT('Ctrl Pts',(33.0313865766146,97.4654294221304,-11.2319306679424));
#8449=CARTESIAN_POINT('Ctrl Pts',(34.7485527875561,97.7744882548632,-11.3113118558328));
#8450=CARTESIAN_POINT('Ctrl Pts',(35.9395543051295,96.4994615810725,-11.3906930437231));
#8451=CARTESIAN_POINT('Ctrl Pts',(35.514329632197,94.8073147971798,-11.4700742316135));
#8452=CARTESIAN_POINT('Ctrl Pts',(33.8620650990541,94.2467805192912,-11.5494554195039));
#8453=CARTESIAN_POINT('Ctrl Pts',(32.4949908727644,95.3308876471089,-11.6288366073943));
#8454=CARTESIAN_POINT('Ctrl Pts',(32.6643202162227,97.0674072546544,-11.7082177952847));
#8455=CARTESIAN_POINT('Ctrl Pts',(34.2150711106932,97.8669989427609,-11.7875989831751));
#8456=CARTESIAN_POINT('Ctrl Pts',(35.7279299989115,96.9978284775659,-11.8669801710655));
#8457=CARTESIAN_POINT('Ctrl Pts',(35.8182416458718,95.2554216514852,-11.9463613589558));
#8458=CARTESIAN_POINT('Ctrl Pts',(34.4033779447811,94.2344730894044,-12.0257425468462));
#8459=CARTESIAN_POINT('Ctrl Pts',(32.7782310274558,94.8694810112347,-12.1051237347366));
#8460=CARTESIAN_POINT('Ctrl Pts',(32.4303288317546,96.5791018961286,-12.184504922627));
#8461=CARTESIAN_POINT('Ctrl Pts',(33.6778571567509,97.7989155330819,-12.2638861105174));
#8462=CARTESIAN_POINT('Ctrl Pts',(35.3794775520587,97.4118819481462,-12.3432672984078));
#8463=CARTESIAN_POINT('Ctrl Pts',(35.9717818623461,95.7874066883171,-12.4219719282353));
#8464=CARTESIAN_POINT('Ctrl Pts',(35.2934420556432,94.8687569043815,-12.4742161620994));
#8465=CARTESIAN_POINT('Ctrl Pts',(34.8455455050787,94.6515803172799,-12.5));
#8466=CARTESIAN_POINT('Ctrl Pts',(35.6331445783032,96.553012733035,-2.5));
#8467=CARTESIAN_POINT('Ctrl Pts',(35.7962882081722,96.0827350264615,-2.52578383790061));
#8468=CARTESIAN_POINT('Ctrl Pts',(35.6263635175239,94.9534927483948,-2.57802807176469));
#8469=CARTESIAN_POINT('Ctrl Pts',(34.0588635104737,94.2236377280653,-2.65673270159223));
#8470=CARTESIAN_POINT('Ctrl Pts',(32.5819621690468,95.153190956713,-2.73611388948262));
#8471=CARTESIAN_POINT('Ctrl Pts',(32.562364882279,96.8978652294566,-2.815495077373));
#8472=CARTESIAN_POINT('Ctrl Pts',(34.0172534500682,97.8607457548484,-2.89487626526339));
#8473=CARTESIAN_POINT('Ctrl Pts',(35.615424271821,97.1606117504477,-2.97425745315376));
#8474=CARTESIAN_POINT('Ctrl Pts',(35.8939643495792,95.4382323556478,-3.05363864104416));
#8475=CARTESIAN_POINT('Ctrl Pts',(34.5980366667398,94.2700246356858,-3.13301982893453));
#8476=CARTESIAN_POINT('Ctrl Pts',(32.9136875366971,94.7251810906125,-3.21240101682493));
#8477=CARTESIAN_POINT('Ctrl Pts',(32.3825377593622,96.3871242923645,-3.2917822047153));
#8478=CARTESIAN_POINT('Ctrl Pts',(33.4907086387766,97.734763028384,-3.3711633926057));
#8479=CARTESIAN_POINT('Ctrl Pts',(35.2239556201389,97.5346750714268,-3.45054458049608));
#8480=CARTESIAN_POINT('Ctrl Pts',(35.9959254979009,95.9699900047591,-3.52992576838647));
#8481=CARTESIAN_POINT('Ctrl Pts',(35.1000762693168,94.4727822683308,-3.60930695627685));
#8482=CARTESIAN_POINT('Ctrl Pts',(33.3563309881801,94.413367509742,-3.68868814416723));
#8483=CARTESIAN_POINT('Ctrl Pts',(32.3606486983976,95.8461249984533,-3.76806933205763));
#8484=CARTESIAN_POINT('Ctrl Pts',(33.024325007597,97.4597268820615,-3.84745051994801));
#8485=CARTESIAN_POINT('Ctrl Pts',(34.7399318797545,97.7773279552767,-3.9268317078384));
#8486=CARTESIAN_POINT('Ctrl Pts',(35.9372642263006,96.5082445973182,-4.00621289572877));
#8487=CARTESIAN_POINT('Ctrl Pts',(35.5204665397174,94.8140022841408,-4.08559408361917));
#8488=CARTESIAN_POINT('Ctrl Pts',(33.8710118813321,94.2452521913094,-4.16497527150955));
#8489=CARTESIAN_POINT('Ctrl Pts',(32.4985596422361,95.3225414659066,-4.24435645939994));
#8490=CARTESIAN_POINT('Ctrl Pts',(32.659243409932,97.0598837057654,-4.32373764729032));
#8491=CARTESIAN_POINT('Ctrl Pts',(34.2059977564867,97.8671806301604,-4.40311883518071));
#8492=CARTESIAN_POINT('Ctrl Pts',(35.7231595082866,97.0055556824483,-4.48250002307108));
#8493=CARTESIAN_POINT('Ctrl Pts',(35.8221500436858,95.263609011092,-4.56188121096148));
#8494=CARTESIAN_POINT('Ctrl Pts',(34.4123685144939,94.2356530918009,-4.64126239885185));
#8495=CARTESIAN_POINT('Ctrl Pts',(32.7841140539721,94.8625220922398,-4.72064358674225));
#8496=CARTESIAN_POINT('Ctrl Pts',(32.4276426169568,96.5704756766673,-4.80002477463263));
#8497=CARTESIAN_POINT('Ctrl Pts',(33.6692138236013,97.7963134599027,-4.87940596252302));
#8498=CARTESIAN_POINT('Ctrl Pts',(35.3724826314058,97.4180903771603,-4.9587871504134));
#8499=CARTESIAN_POINT('Ctrl Pts',(35.97853638566,95.7819741896844,-5.03816833830379));
#8500=CARTESIAN_POINT('Ctrl Pts',(34.9326858543282,94.3854162789341,-5.11754952619417));
#8501=CARTESIAN_POINT('Ctrl Pts',(33.1921432054299,94.5066128932868,-5.19693071408456));
#8502=CARTESIAN_POINT('Ctrl Pts',(32.3499358865459,96.0346391247318,-5.27631190197494));
#8503=CARTESIAN_POINT('Ctrl Pts',(33.1768921082844,97.5709726625071,-5.35569308986533));
#8504=CARTESIAN_POINT('Ctrl Pts',(34.9161421897946,97.7094879538348,-5.43507427775571));
#8505=CARTESIAN_POINT('Ctrl Pts',(35.9758417026694,96.3234092135106,-5.5144554656461));
#8506=CARTESIAN_POINT('Ctrl Pts',(35.3861032320457,94.6813416545375,-5.59383665353648));
#8507=CARTESIAN_POINT('Ctrl Pts',(33.6866834860934,94.2861836367365,-5.67321784142687));
#8508=CARTESIAN_POINT('Ctrl Pts',(32.4329722749833,95.4996025796833,-5.75259902931725));
#8509=CARTESIAN_POINT('Ctrl Pts',(32.7724257509124,97.2110197321172,-5.83198021720765));
#8510=CARTESIAN_POINT('Ctrl Pts',(34.3943599414571,97.8540646866167,-5.91136140509801));
#8511=CARTESIAN_POINT('Ctrl Pts',(35.8143035035313,96.8401921046374,-5.99074259298842));
#8512=CARTESIAN_POINT('Ctrl Pts',(35.7326565279728,95.0973464134337,-6.07012378087879));
#8513=CARTESIAN_POINT('Ctrl Pts',(34.2241462115895,94.2206629144843,-6.14950496876919));
#8514=CARTESIAN_POINT('Ctrl Pts',(32.6694329711081,95.0125240587748,-6.22888615665956));
#8515=CARTESIAN_POINT('Ctrl Pts',(32.4914643377331,96.7481808501655,-6.30826734454995));
#8516=CARTESIAN_POINT('Ctrl Pts',(33.8531256725063,97.8390776103349,-6.38764853244034));
#8517=CARTESIAN_POINT('Ctrl Pts',(35.5081597337698,97.2867737193266,-6.46702972033072));
#8518=CARTESIAN_POINT('Ctrl Pts',(35.9418006018579,95.5967639769022,-6.54641090822111));
#8519=CARTESIAN_POINT('Ctrl Pts',(34.7571595215916,94.3158257102747,-6.6257920961115));
#8520=CARTESIAN_POINT('Ctrl Pts',(33.038476375051,94.6163345683182,-6.70517328400187));
#8521=CARTESIAN_POINT('Ctrl Pts',(32.3587717531813,96.2232505458895,-6.78455447189226));
#8522=CARTESIAN_POINT('Ctrl Pts',(33.3401436663771,97.665847682985,-6.86393565978265));
#8523=CARTESIAN_POINT('Ctrl Pts',(35.084393845842,97.6237924407218,-6.94331684767303));
#8524=CARTESIAN_POINT('Ctrl Pts',(35.9951015356149,96.1355757778149,-7.02269803556342));
#8525=CARTESIAN_POINT('Ctrl Pts',(35.2387437263915,94.563284393754,-7.10207922345381));
#8526=CARTESIAN_POINT('Ctrl Pts',(33.5075750728041,94.3459541731182,-7.18146041134418));
#8527=CARTESIAN_POINT('Ctrl Pts',(32.3860434959095,95.6824960744421,-7.26084159923458));
#8528=CARTESIAN_POINT('Ctrl Pts',(32.9006280575415,97.3496433567463,-7.34022278712496));
#8529=CARTESIAN_POINT('Ctrl Pts',(34.580356482875,97.8215435041207,-7.41960397501535));
#8530=CARTESIAN_POINT('Ctrl Pts',(35.8878613952858,96.6662910485999,-7.49898516290573));
#8531=CARTESIAN_POINT('Ctrl Pts',(35.6264520876334,94.9412280045813,-7.57836635079611));
#8532=CARTESIAN_POINT('Ctrl Pts',(34.0353827961797,94.225214148739,-7.6577475386865));
#8533=CARTESIAN_POINT('Ctrl Pts',(32.5708758398059,95.1735794299981,-7.73712872657688));
#8534=CARTESIAN_POINT('Ctrl Pts',(32.5733176664708,96.9183348195723,-7.81650991446727));
#8535=CARTESIAN_POINT('Ctrl Pts',(34.0404734002283,97.86259716917,-7.89589110235766));
#8536=CARTESIAN_POINT('Ctrl Pts',(35.6295323060285,97.1421326482794,-7.97527229024804));
#8537=CARTESIAN_POINT('Ctrl Pts',(35.8861120655951,95.4163446662415,-8.05465347813842));
#8538=CARTESIAN_POINT('Ctrl Pts',(34.5753786748647,94.2647564974982,-8.13403466602881));
#8539=CARTESIAN_POINT('Ctrl Pts',(32.8969776979476,94.7413564268405,-8.21341585391919));
#8540=CARTESIAN_POINT('Ctrl Pts',(32.3870615675172,96.4099375222303,-8.29279704180959));
#8541=CARTESIAN_POINT('Ctrl Pts',(33.5123297880379,97.7433349737995,-8.37217822969996));
#8542=CARTESIAN_POINT('Ctrl Pts',(35.2428833436394,97.5211599905984,-8.45155941759035));
#8543=CARTESIAN_POINT('Ctrl Pts',(35.9948372802079,95.9467576883758,-8.53094060548074));
#8544=CARTESIAN_POINT('Ctrl Pts',(35.079967576902,94.4610959644498,-8.61032179337112));
#8545=CARTESIAN_POINT('Ctrl Pts',(33.3356065158405,94.4239231165911,-8.6897029812615));
#8546=CARTESIAN_POINT('Ctrl Pts',(32.3582763370977,95.8692615038497,-8.7690841691519));
#8547=CARTESIAN_POINT('Ctrl Pts',(33.042476121792,97.4742686647649,-8.84846535704227));
#8548=CARTESIAN_POINT('Ctrl Pts',(34.7619936726313,97.7699656791586,-8.92784654493266));
#8549=CARTESIAN_POINT('Ctrl Pts',(35.943044712155,96.4857165701437,-9.00722773282305));
#8550=CARTESIAN_POINT('Ctrl Pts',(35.5046751343854,94.7969272270782,-9.08660892071342));
#8551=CARTESIAN_POINT('Ctrl Pts',(33.8481016345949,94.2492580096147,-9.16599010860383));
#8552=CARTESIAN_POINT('Ctrl Pts',(32.4894990998357,95.3439618437685,-9.2453712964942));
#8553=CARTESIAN_POINT('Ctrl Pts',(32.6723252124548,97.0791136943307,-9.32475248438459));
#8554=CARTESIAN_POINT('Ctrl Pts',(34.2292488152864,97.8666200288521,-9.40413367227498));
#8555=CARTESIAN_POINT('Ctrl Pts',(35.7352993483338,96.9857175802956,-9.48351486016535));
#8556=CARTESIAN_POINT('Ctrl Pts',(35.8120677056162,95.2426501830658,-9.56289604805576));
#8557=CARTESIAN_POINT('Ctrl Pts',(34.3892918338973,94.2327560545454,-9.64227723594611));
#8558=CARTESIAN_POINT('Ctrl Pts',(32.7691639068882,94.8803383520874,-9.72165842383653));
#8559=CARTESIAN_POINT('Ctrl Pts',(32.4345020893444,96.5926989449079,-9.80103961172689));
#8560=CARTESIAN_POINT('Ctrl Pts',(33.6916047999485,97.8026039440537,-9.88042079961729));
#8561=CARTESIAN_POINT('Ctrl Pts',(35.3899118247958,97.4026907268263,-9.95980198750768));
#8562=CARTESIAN_POINT('Ctrl Pts',(35.9750517690199,95.7589788975663,-10.039183175398));
#8563=CARTESIAN_POINT('Ctrl Pts',(34.9114767145993,94.3758717305032,-10.1185643632884));
#8564=CARTESIAN_POINT('Ctrl Pts',(33.1726211564407,94.5192547133885,-10.1979455511788));
#8565=CARTESIAN_POINT('Ctrl Pts',(32.3499684363647,96.0578969181285,-10.2773267390692));
#8566=CARTESIAN_POINT('Ctrl Pts',(33.1964494658262,97.5835597900339,-10.3567079269596));
#8567=CARTESIAN_POINT('Ctrl Pts',(34.9373245307796,97.6998840775583,-10.43608911485));
#8568=CARTESIAN_POINT('Ctrl Pts',(35.979261940998,96.3004042578002,-10.5154703027404));
#8569=CARTESIAN_POINT('Ctrl Pts',(35.3686310024082,94.6659908497435,-10.5948514906308));
#8570=CARTESIAN_POINT('Ctrl Pts',(33.6643102052919,94.2925367691945,-10.6742326785211));
#8571=CARTESIAN_POINT('Ctrl Pts',(32.4261750323306,95.5218449614886,-10.7536138664115));
#8572=CARTESIAN_POINT('Ctrl Pts',(32.7874257098777,97.2287940747528,-10.8329950543019));
#8573=CARTESIAN_POINT('Ctrl Pts',(34.417428418781,97.8511030707512,-10.9123762421923));
#8574=CARTESIAN_POINT('Ctrl Pts',(35.8243271453029,96.8192051325748,-10.9917574300827));
#8575=CARTESIAN_POINT('Ctrl Pts',(35.7204611922184,95.0775423793512,-11.0711386179731));
#8576=CARTESIAN_POINT('Ctrl Pts',(34.2008937056891,94.220167375326,-11.1505198058635));
#8577=CARTESIAN_POINT('Ctrl Pts',(32.6564049838404,95.0317906297409,-11.2299009937538));
#8578=CARTESIAN_POINT('Ctrl Pts',(32.5005849234801,96.7695757013664,-11.3092821816442));
#8579=CARTESIAN_POINT('Ctrl Pts',(33.8760467988902,97.8430194489929,-11.3886633695346));
#8580=CARTESIAN_POINT('Ctrl Pts',(35.5239037664972,97.2696542048163,-11.468044557425));
#8581=CARTESIAN_POINT('Ctrl Pts',(35.9359561217195,95.5742528607807,-11.5474257453154));
#8582=CARTESIAN_POINT('Ctrl Pts',(34.7350791157865,94.3085239370237,-11.6268069332058));
#8583=CARTESIAN_POINT('Ctrl Pts',(33.0203622431205,94.6309296394102,-11.7061881210961));
#8584=CARTESIAN_POINT('Ctrl Pts',(32.3612164012711,96.246375273067,-11.7855693089865));
#8585=CARTESIAN_POINT('Ctrl Pts',(33.360882625997,97.6763552707212,-11.8649504968769));
#8586=CARTESIAN_POINT('Ctrl Pts',(35.1044995146197,97.6120299620955,-11.9443316847673));
#8587=CARTESIAN_POINT('Ctrl Pts',(35.9960655642292,96.1123801262852,-12.0237128726577));
#8588=CARTESIAN_POINT('Ctrl Pts',(35.2198958206097,94.5497436040217,-12.1030940605481));
#8589=CARTESIAN_POINT('Ctrl Pts',(33.4857442751789,94.3547431048477,-12.1824752484384));
#8590=CARTESIAN_POINT('Ctrl Pts',(32.3820488382216,95.7050107123174,-12.2618564363288));
#8591=CARTESIAN_POINT('Ctrl Pts',(32.9164487369356,97.3663919160026,-12.3412376242192));
#8592=CARTESIAN_POINT('Ctrl Pts',(34.6049715824655,97.8149576783765,-12.4206188121096));
#8593=CARTESIAN_POINT('Ctrl Pts',(35.4615929578212,97.036351387587,-12.4735396040365));
#8594=CARTESIAN_POINT('Ctrl Pts',(35.6305741635811,96.5519128147748,-12.5));
#8595=CARTESIAN_POINT('Ctrl Pts',(33.2795283469764,96.9378522169218,-2.5));
#8596=CARTESIAN_POINT('Ctrl Pts',(33.5768387041949,97.2351625741404,-2.52646039596346));
#8597=CARTESIAN_POINT('Ctrl Pts',(34.4864391846465,97.5045686466752,-2.57938118789038));
#8598=CARTESIAN_POINT('Ctrl Pts',(35.572753374709,96.5719181082804,-2.65876237578077));
#8599=CARTESIAN_POINT('Ctrl Pts',(35.3752046841475,95.1554114170975,-2.73814356367116));
#8600=CARTESIAN_POINT('Ctrl Pts',(34.0795843005746,94.5521482355099,-2.81752475156154));
#8601=CARTESIAN_POINT('Ctrl Pts',(32.8692526439095,95.3139240343594,-2.89690593945193));
#8602=CARTESIAN_POINT('Ctrl Pts',(32.8531925213444,96.743697603954,-2.97628712734231));
#8603=CARTESIAN_POINT('Ctrl Pts',(34.0454845459519,97.5327853708741,-3.0556683152327));
#8604=CARTESIAN_POINT('Ctrl Pts',(35.3551974455671,96.9590203361596,-3.13504950312308));
#8605=CARTESIAN_POINT('Ctrl Pts',(35.5834631152531,95.5475175852039,-3.21443069101347));
#8606=CARTESIAN_POINT('Ctrl Pts',(34.5214407205995,94.5901626520271,-3.29381187890385));
#8607=CARTESIAN_POINT('Ctrl Pts',(33.1411040550526,94.9631667591267,-3.37319306679424));
#8608=CARTESIAN_POINT('Ctrl Pts',(32.70582285386,96.3251415994479,-3.45257425468462));
#8609=CARTESIAN_POINT('Ctrl Pts',(33.6139771487528,97.4295415875857,-3.53195544257501));
#8610=CARTESIAN_POINT('Ctrl Pts',(35.0343859678925,97.2655680156009,-3.61133663046539));
#8611=CARTESIAN_POINT('Ctrl Pts',(35.6670210362206,95.9832969418478,-3.69071781835578));
#8612=CARTESIAN_POINT('Ctrl Pts',(34.9328659166194,94.756324043135,-3.77009900624616));
#8613=CARTESIAN_POINT('Ctrl Pts',(33.5038536625706,94.7076332056526,-3.84948019413655));
#8614=CARTESIAN_POINT('Ctrl Pts',(32.6878846052602,95.8817886460124,-3.92886138202693));
#8615=CARTESIAN_POINT('Ctrl Pts',(33.2317722870376,97.2041474158262,-4.00824256991732));
#8616=CARTESIAN_POINT('Ctrl Pts',(34.6377249052121,97.4644238624112,-4.0876237578077));
#8617=CARTESIAN_POINT('Ctrl Pts',(35.6189476869408,96.4244005920686,-4.16700494569809));
#8618=CARTESIAN_POINT('Ctrl Pts',(35.2773788763872,95.035956389209,-4.24638613358847));
#8619=CARTESIAN_POINT('Ctrl Pts',(33.9256384904323,94.569861449231,-4.32576732147886));
#8620=CARTESIAN_POINT('Ctrl Pts',(32.800903651588,95.4527080388154,-4.40514850936925));
#8621=CARTESIAN_POINT('Ctrl Pts',(32.932585196793,96.8764729528148,-4.48452969725963));
#8622=CARTESIAN_POINT('Ctrl Pts',(34.2001619117758,97.5380587991517,-4.56391088515002));
#8623=CARTESIAN_POINT('Ctrl Pts',(35.4434872748031,96.831950732799,-4.6432920730404));
#8624=CARTESIAN_POINT('Ctrl Pts',(35.5246107563405,95.4044124528703,-4.72267326093079));
#8625=CARTESIAN_POINT('Ctrl Pts',(34.3692842860468,94.5619949156418,-4.80205444882116));
#8626=CARTESIAN_POINT('Ctrl Pts',(33.0349176202465,95.0757187335646,-4.88143563671156));
#8627=CARTESIAN_POINT('Ctrl Pts',(32.7427866208259,96.4753994254043,-4.96081682460194));
#8628=CARTESIAN_POINT('Ctrl Pts',(33.7602634781182,97.4799826249515,-5.04019801249234));
#8629=CARTESIAN_POINT('Ctrl Pts',(35.1561049605996,97.1700259897421,-5.1195792003827));
#8630=CARTESIAN_POINT('Ctrl Pts',(35.6527705291379,95.8292165801096,-5.19896038827311));
#8631=CARTESIAN_POINT('Ctrl Pts',(34.7956882239732,94.6847269636844,-5.27834157616348));
#8632=CARTESIAN_POINT('Ctrl Pts',(33.369300550913,94.7840484924267,-5.35772276405387));
#8633=CARTESIAN_POINT('Ctrl Pts',(32.679105376105,96.036277377496,-5.43710395194425));
#8634=CARTESIAN_POINT('Ctrl Pts',(33.3568021631356,97.2953141620178,-5.51648513983464));
#8635=CARTESIAN_POINT('Ctrl Pts',(34.7821305675878,97.4088284756169,-5.59586632772502));
#8636=CARTESIAN_POINT('Ctrl Pts',(35.6505622163436,96.2729266174578,-5.67524751561541));
#8637=CARTESIAN_POINT('Ctrl Pts',(35.1672671443385,94.9272400145273,-5.75462870350579));
#8638=CARTESIAN_POINT('Ctrl Pts',(33.7745799967322,94.6034050738213,-5.83400989139618));
#8639=CARTESIAN_POINT('Ctrl Pts',(32.7471543153007,95.5978109411941,-5.91339107928656));
#8640=CARTESIAN_POINT('Ctrl Pts',(33.0253389687759,97.0003300528291,-5.99277226717696));
#8641=CARTESIAN_POINT('Ctrl Pts',(34.3545261262249,97.5273101856641,-6.07215345506733));
#8642=CARTESIAN_POINT('Ctrl Pts',(35.5181804582035,96.6964340483261,-6.15153464295773));
#8643=CARTESIAN_POINT('Ctrl Pts',(35.4512701532173,95.2681590149318,-6.2309158308481));
#8644=CARTESIAN_POINT('Ctrl Pts',(34.2150347059932,94.5497103536089,-6.3102970187385));
#8645=CARTESIAN_POINT('Ctrl Pts',(32.9409356181198,95.1986464631068,-6.38967820662887));
#8646=CARTESIAN_POINT('Ctrl Pts',(32.7950889966663,96.6210301395251,-6.46905939451927));
#8647=CARTESIAN_POINT('Ctrl Pts',(33.9109806089935,97.5150281649525,-6.54844058240964));
#8648=CARTESIAN_POINT('Ctrl Pts',(35.2672933571902,97.0624110099426,-6.62782177030004));
#8649=CARTESIAN_POINT('Ctrl Pts',(35.6226652805198,95.6774354303603,-6.70720295819042));
#8650=CARTESIAN_POINT('Ctrl Pts',(34.6518430860954,94.6276969740087,-6.7865841460808));
#8651=CARTESIAN_POINT('Ctrl Pts',(33.2433694381365,94.8739662228719,-6.86596533397119));
#8652=CARTESIAN_POINT('Ctrl Pts',(32.6863464346665,96.1908458428584,-6.94534652186157));
#8653=CARTESIAN_POINT('Ctrl Pts',(33.4905880317086,97.373064948404,-7.02472770975196));
#8654=CARTESIAN_POINT('Ctrl Pts',(34.9200140537005,97.3386003639312,-7.10410889764234));
#8655=CARTESIAN_POINT('Ctrl Pts',(35.6663457929862,96.1189957169798,-7.18349008553273));
#8656=CARTESIAN_POINT('Ctrl Pts',(35.0465049311826,94.830491209433,-7.26287127342311));
#8657=CARTESIAN_POINT('Ctrl Pts',(33.6277993171441,94.6523874738567,-7.3422524613135));
#8658=CARTESIAN_POINT('Ctrl Pts',(32.708695831089,95.7476935232567,-7.42163364920388));
#8659=CARTESIAN_POINT('Ctrl Pts',(33.130401714552,97.1139331463763,-7.50101483709427));
#8660=CARTESIAN_POINT('Ctrl Pts',(34.5069516781517,97.5006588342279,-7.58039602498465));
#8661=CARTESIAN_POINT('Ctrl Pts',(35.5784616987243,96.5539208368162,-7.65977721287504));
#8662=CARTESIAN_POINT('Ctrl Pts',(35.364234822816,95.1402188153249,-7.73915840076542));
#8663=CARTESIAN_POINT('Ctrl Pts',(34.0603416802086,94.553440124001,-7.81853958865581));
#8664=CARTESIAN_POINT('Ctrl Pts',(32.86016731447,95.3306325401721,-7.89792077654619));
#8665=CARTESIAN_POINT('Ctrl Pts',(32.8621684096209,96.7604725856139,-7.97730196443658));
#8666=CARTESIAN_POINT('Ctrl Pts',(34.0645134681668,97.5343026187094,-8.05668315232697));
#8667=CARTESIAN_POINT('Ctrl Pts',(35.3667590847477,96.9438765742076,-8.13606434021736));
#8668=CARTESIAN_POINT('Ctrl Pts',(35.5770281100049,95.5295804606063,-8.21544552810773));
#8669=CARTESIAN_POINT('Ctrl Pts',(34.5028723273876,94.5858453735188,-8.29482671599813));
#8670=CARTESIAN_POINT('Ctrl Pts',(33.1274102176587,94.9764225677205,-8.37420790388851));
#8671=CARTESIAN_POINT('Ctrl Pts',(32.7095301483591,96.3438372113501,-8.45358909177889));
#8672=CARTESIAN_POINT('Ctrl Pts',(33.6316958417152,97.4365663607404,-8.53297027966928));
#8673=CARTESIAN_POINT('Ctrl Pts',(35.0498973783699,97.254492306134,-8.61235146755966));
#8674=CARTESIAN_POINT('Ctrl Pts',(35.6661292337106,95.9642578854209,-8.69173265545005));
#8675=CARTESIAN_POINT('Ctrl Pts',(34.9163866933151,94.7467470300063,-8.77111384334043));
#8676=CARTESIAN_POINT('Ctrl Pts',(33.4868698030285,94.7162836041364,-8.85049503123082));
#8677=CARTESIAN_POINT('Ctrl Pts',(32.6859404374936,95.9007491846215,-8.92987621912121));
#8678=CARTESIAN_POINT('Ctrl Pts',(33.2466472604009,97.2160645151319,-9.00925740701158));
#8679=CARTESIAN_POINT('Ctrl Pts',(34.6558047089014,97.4583904222612,-9.08863859490198));
#8680=CARTESIAN_POINT('Ctrl Pts',(35.6236848381806,96.4059387058974,-9.16801978279235));
#8681=CARTESIAN_POINT('Ctrl Pts',(35.264437702024,95.0219632526854,-9.24740097068275));
#8682=CARTESIAN_POINT('Ctrl Pts',(33.9068633724808,94.5731442471878,-9.32678215857312));
#8683=CARTESIAN_POINT('Ctrl Pts',(32.7934784695624,95.4702621981194,-9.40616334646353));
#8684=CARTESIAN_POINT('Ctrl Pts',(32.9433058314593,96.8922320717655,-9.4855445343539));
#8685=CARTESIAN_POINT('Ctrl Pts',(34.2192163277526,97.5375993822013,-9.56492572224429));
#8686=CARTESIAN_POINT('Ctrl Pts',(35.4534359642001,96.8156932602313,-9.64430691013466));
#8687=CARTESIAN_POINT('Ctrl Pts',(35.5163482051486,95.3872365370965,-9.72368809802506));
#8688=CARTESIAN_POINT('Ctrl Pts',(34.350372774307,94.5596207720191,-9.80306928591543));
#8689=CARTESIAN_POINT('Ctrl Pts',(33.0226658632876,95.0903192912946,-9.88245047380583));
#8690=CARTESIAN_POINT('Ctrl Pts',(32.7484080095713,96.4936115593578,-9.96183166169621));
#8691=CARTESIAN_POINT('Ctrl Pts',(33.778613050115,97.4851377235962,-10.0412128495866));
#8692=CARTESIAN_POINT('Ctrl Pts',(35.1703883144828,97.1574058615196,-10.120594037477));
#8693=CARTESIAN_POINT('Ctrl Pts',(35.6499148598304,95.8103717668347,-10.1999752253674));
#8694=CARTESIAN_POINT('Ctrl Pts',(34.7783071758934,94.6769051351095,-10.2793564132577));
#8695=CARTESIAN_POINT('Ctrl Pts',(33.3533020862683,94.7944085582197,-10.3587376011482));
#8696=CARTESIAN_POINT('Ctrl Pts',(32.6791320509241,96.0553373125252,-10.4381187890385));
#8697=CARTESIAN_POINT('Ctrl Pts',(33.3728295634024,97.3056294068379,-10.5174999769289));
#8698=CARTESIAN_POINT('Ctrl Pts',(34.7994896538972,97.4009580274307,-10.5968811648193));
#8699=CARTESIAN_POINT('Ctrl Pts',(35.653365127145,96.2540738847967,-10.6762623527097));
#8700=CARTESIAN_POINT('Ctrl Pts',(35.1529485219299,94.914659915589,-10.7556435406001));
#8701=CARTESIAN_POINT('Ctrl Pts',(33.7562449263669,94.6086115132207,-10.8350247284904));
#8702=CARTESIAN_POINT('Ctrl Pts',(32.7415839242869,95.6160387388563,-10.9144059163808));
#8703=CARTESIAN_POINT('Ctrl Pts',(33.0376315469429,97.0148962590913,-10.9937871042712));
#8704=CARTESIAN_POINT('Ctrl Pts',(34.3734309153216,97.5248831193895,-11.0731682921616));
#8705=CARTESIAN_POINT('Ctrl Pts',(35.5263949073416,96.6792350683045,-11.152549480052));
#8706=CARTESIAN_POINT('Ctrl Pts',(35.4412759846745,95.2519294614017,-11.2319306679424));
#8707=CARTESIAN_POINT('Ctrl Pts',(34.1959791041066,94.5493042555752,-11.3113118558328));
#8708=CARTESIAN_POINT('Ctrl Pts',(32.9302590854562,95.2144355616077,-11.3906930437232));
#8709=CARTESIAN_POINT('Ctrl Pts',(32.8025633846618,96.6385633795402,-11.4700742316135));
#8710=CARTESIAN_POINT('Ctrl Pts',(33.9297646428965,97.5182585311113,-11.5494554195039));
#8711=CARTESIAN_POINT('Ctrl Pts',(35.2801957093508,97.0483814402095,-11.6288366073943));
#8712=CARTESIAN_POINT('Ctrl Pts',(35.6178756854873,95.6589874029231,-11.7082177952847));
#8713=CARTESIAN_POINT('Ctrl Pts',(34.6337480289725,94.6217131164092,-11.7875989831751));
#8714=CARTESIAN_POINT('Ctrl Pts',(33.2285247720146,94.8859269924092,-11.8669801710655));
#8715=CARTESIAN_POINT('Ctrl Pts',(32.688349841996,96.2097967291291,-11.9463613589558));
#8716=CARTESIAN_POINT('Ctrl Pts',(33.5075837636849,97.3816759948672,-12.0257425468462));
#8717=CARTESIAN_POINT('Ctrl Pts',(34.9364907991116,97.328960925031,-12.1051237347366));
#8718=CARTESIAN_POINT('Ctrl Pts',(35.6671358216205,96.0999867076738,-12.184504922627));
#8719=CARTESIAN_POINT('Ctrl Pts',(35.0310589319207,94.8193944313277,-12.2638861105174));
#8720=CARTESIAN_POINT('Ctrl Pts',(33.6099088157851,94.659590068913,-12.3432672984078));
#8721=CARTESIAN_POINT('Ctrl Pts',(32.7054221793415,95.7661444367975,-12.4226484862982));
#8722=CARTESIAN_POINT('Ctrl Pts',(33.1433668792272,97.1276587155142,-12.5020296741885));
#8723=CARTESIAN_POINT('Ctrl Pts',(34.5271239357228,97.4952617009463,-12.5814108620789));
#8724=CARTESIAN_POINT('Ctrl Pts',(35.2291315372375,96.857188042681,-12.6343316540058));
#8725=CARTESIAN_POINT('Ctrl Pts',(35.367612894777,96.4601870217341,-12.6607920499693));
#8726=CARTESIAN_POINT('Ctrl Pts',(33.2138852674562,97.003495296442,-2.44640265001023));
#8727=CARTESIAN_POINT('Ctrl Pts',(33.5330226800288,97.3226327090146,-2.47286304597369));
#8728=CARTESIAN_POINT('Ctrl Pts',(34.509401527109,97.6118172423905,-2.52578383790061));
#8729=CARTESIAN_POINT('Ctrl Pts',(35.6754675299915,96.610696116163,-2.605165025791));
#8730=CARTESIAN_POINT('Ctrl Pts',(35.4634157920274,95.0901965124997,-2.68454621368139));
#8731=CARTESIAN_POINT('Ctrl Pts',(34.072677370541,94.4426447330283,-2.76392740157176));
#8732=CARTESIAN_POINT('Ctrl Pts',(32.7734891522886,95.2603463418107,-2.84330858946216));
#8733=CARTESIAN_POINT('Ctrl Pts',(32.7562499749893,96.7950868124549,-2.92268977735254));
#8734=CARTESIAN_POINT('Ctrl Pts',(34.0360741806573,97.6421054988656,-3.00207096524293));
#8735=CARTESIAN_POINT('Ctrl Pts',(35.4419397209852,97.0262174742555,-3.08145215313331));
#8736=CARTESIAN_POINT('Ctrl Pts',(35.6869635266951,95.511089175352,-3.1608333410237));
#8737=CARTESIAN_POINT('Ctrl Pts',(34.5469727026463,94.4834499799132,-3.24021452891408));
#8738=CARTESIAN_POINT('Ctrl Pts',(33.0652985489341,94.8838382029553,-3.31959571680447));
#8739=CARTESIAN_POINT('Ctrl Pts',(32.5980611556941,96.3458024970867,-3.39897690469485));
#8740=CARTESIAN_POINT('Ctrl Pts',(33.5728876454274,97.5312820678518,-3.47835809258524));
#8741=CARTESIAN_POINT('Ctrl Pts',(35.0975758519746,97.3552703675428,-3.55773928047562));
#8742=CARTESIAN_POINT('Ctrl Pts',(35.7766558567807,95.9788612961515,-3.63712046836601));
#8743=CARTESIAN_POINT('Ctrl Pts',(34.9886027008519,94.6618101182003,-3.71650165625639));
#8744=CARTESIAN_POINT('Ctrl Pts',(33.4546794377737,94.6095446403491,-3.79588284414678));
#8745=CARTESIAN_POINT('Ctrl Pts',(32.5788059696393,95.8699007634926,-3.87526403203716));
#8746=CARTESIAN_POINT('Ctrl Pts',(33.1626231938907,97.289340571238,-3.95464521992755));
#8747=CARTESIAN_POINT('Ctrl Pts',(34.6717938967262,97.5687252266997,-4.03402640781793));
#8748=CARTESIAN_POINT('Ctrl Pts',(35.7250532000608,96.4523485938184,-4.11340759570832));
#8749=CARTESIAN_POINT('Ctrl Pts',(35.3584080974972,94.9619716875197,-4.1927887835987));
#8750=CARTESIAN_POINT('Ctrl Pts',(33.9074296207322,94.4616583632571,-4.27216997148909));
#8751=CARTESIAN_POINT('Ctrl Pts',(32.7001223151374,95.4093191811792,-4.35155115937947));
#8752=CARTESIAN_POINT('Ctrl Pts',(32.8414712678394,96.937609870465,-4.43093234726986));
#8753=CARTESIAN_POINT('Ctrl Pts',(34.2021071933461,97.6477660761546,-4.51031353516025));
#8754=CARTESIAN_POINT('Ctrl Pts',(35.5367113526309,96.8898190493488,-4.58969472305063));
#8755=CARTESIAN_POINT('Ctrl Pts',(35.6237905187889,95.3574779722774,-4.66907591094102));
#8756=CARTESIAN_POINT('Ctrl Pts',(34.3836456955291,94.453214307695,-4.7484570988314));
#8757=CARTESIAN_POINT('Ctrl Pts',(32.9513164314884,95.0046531864563,-4.82783828672178));
#8758=CARTESIAN_POINT('Ctrl Pts',(32.6377386195362,96.5070915091587,-4.90721947461217));
#8759=CARTESIAN_POINT('Ctrl Pts',(33.7299135932792,97.5854262366018,-4.98660066250256));
#8760=CARTESIAN_POINT('Ctrl Pts',(35.2282308508684,97.2527141188815,-5.06598185039294));
#8761=CARTESIAN_POINT('Ctrl Pts',(35.7613591479786,95.8134691166345,-5.14536303828333));
#8762=CARTESIAN_POINT('Ctrl Pts',(34.8413541007582,94.5849567354343,-5.22474422617371));
#8763=CARTESIAN_POINT('Ctrl Pts',(33.3102481024187,94.6915699593801,-5.30412541406411));
#8764=CARTESIAN_POINT('Ctrl Pts',(32.5693822129186,96.0357312932412,-5.38350660195447));
#8765=CARTESIAN_POINT('Ctrl Pts',(33.2968321448518,97.3872003288477,-5.46288778984488));
#8766=CARTESIAN_POINT('Ctrl Pts',(34.8268011083234,97.5090483016895,-5.54226897773525));
#8767=CARTESIAN_POINT('Ctrl Pts',(35.7589887117855,96.2897541494755,-5.62165016562564));
#8768=CARTESIAN_POINT('Ctrl Pts',(35.2402125069076,94.8452738945307,-5.70103135351602));
#8769=CARTESIAN_POINT('Ctrl Pts',(33.7452811598526,94.4976645947931,-5.78041254140641));
#8770=CARTESIAN_POINT('Ctrl Pts',(32.6424269685282,95.5650748206904,-5.85979372929679));
#8771=CARTESIAN_POINT('Ctrl Pts',(32.9410345628214,97.0705599459252,-5.93917491718718));
#8772=CARTESIAN_POINT('Ctrl Pts',(34.3678040646356,97.6362283526483,-6.01855610507756));
#8773=CARTESIAN_POINT('Ctrl Pts',(35.6168881399794,96.7443534004298,-6.09793729296795));
#8774=CARTESIAN_POINT('Ctrl Pts',(35.5450656114691,95.2112214810991,-6.17731848085833));
#8775=CARTESIAN_POINT('Ctrl Pts',(34.2180718745253,94.4400278739008,-6.25669966874873));
#8776=CARTESIAN_POINT('Ctrl Pts',(32.8504347357826,95.1366056616627,-6.3360808566391));
#8777=CARTESIAN_POINT('Ctrl Pts',(32.6938807770218,96.6634137097386,-6.4154620445295));
#8778=CARTESIAN_POINT('Ctrl Pts',(33.8916956301644,97.6230446467466,-6.49484323241987));
#8779=CARTESIAN_POINT('Ctrl Pts',(35.3475821493834,97.1371985797374,-6.57422442031026));
#8780=CARTESIAN_POINT('Ctrl Pts',(35.7290437209658,95.6505449458741,-6.65360560820065));
#8781=CARTESIAN_POINT('Ctrl Pts',(34.6869485645941,94.5237398860975,-6.73298679609103));
#8782=CARTESIAN_POINT('Ctrl Pts',(33.1750717504413,94.7880890046872,-6.81236798398142));
#8783=CARTESIAN_POINT('Ctrl Pts',(32.5771548741714,96.2016474105356,-6.8917491718718));
#8784=CARTESIAN_POINT('Ctrl Pts',(33.4404399099314,97.4706591932642,-6.97113035976219));
#8785=CARTESIAN_POINT('Ctrl Pts',(34.9748073177477,97.4336643895283,-7.05051154765258));
#8786=CARTESIAN_POINT('Ctrl Pts',(35.7759310405291,96.1245224039247,-7.12989273554295));
#8787=CARTESIAN_POINT('Ctrl Pts',(35.1105845295856,94.7414222708734,-7.20927392343335));
#8788=CARTESIAN_POINT('Ctrl Pts',(33.5877245690308,94.5502430402772,-7.28865511132373));
#8789=CARTESIAN_POINT('Ctrl Pts',(32.6011450526958,95.7259610403184,-7.36803629921411));
#8790=CARTESIAN_POINT('Ctrl Pts',(33.0538104955485,97.1925032164998,-7.4474174871045));
#8791=CARTESIAN_POINT('Ctrl Pts',(34.5314199463928,97.6076203908588,-7.52679867499489));
#8792=CARTESIAN_POINT('Ctrl Pts',(35.6815949309115,96.5913775740775,-7.60617986288527));
#8793=CARTESIAN_POINT('Ctrl Pts',(35.4516405777551,95.0738885450769,-7.68556105077566));
#8794=CARTESIAN_POINT('Ctrl Pts',(34.052022052199,94.4440314655804,-7.76494223866604));
#8795=CARTESIAN_POINT('Ctrl Pts',(32.7637368229153,95.2782815034474,-7.84432342655642));
#8796=CARTESIAN_POINT('Ctrl Pts',(32.7658848285709,96.8130933302666,-7.92370461444681));
#8797=CARTESIAN_POINT('Ctrl Pts',(34.0565001121872,97.6437341355296,-8.0030858023372));
#8798=CARTESIAN_POINT('Ctrl Pts',(35.454350158508,97.0099619322315,-8.08246699022758));
#8799=CARTESIAN_POINT('Ctrl Pts',(35.6800560952016,95.4918351958181,-8.16184817811797));
#8800=CARTESIAN_POINT('Ctrl Pts',(34.52704110988,94.4788157481785,-8.24122936600835));
#8801=CARTESIAN_POINT('Ctrl Pts',(33.050599377755,94.8980671874272,-8.32061055389874));
#8802=CARTESIAN_POINT('Ctrl Pts',(32.6020406214118,96.3658706483102,-8.39999174178912));
#8803=CARTESIAN_POINT('Ctrl Pts',(33.5919071571561,97.5388225650935,-8.47937292967951));
#8804=CARTESIAN_POINT('Ctrl Pts',(35.1142260334597,97.3433815342889,-8.55875411756988));
#8805=CARTESIAN_POINT('Ctrl Pts',(35.7756985825431,95.9584244864057,-8.63813530546028));
#8806=CARTESIAN_POINT('Ctrl Pts',(34.9709136545107,94.6515300081543,-8.71751649335066));
#8807=CARTESIAN_POINT('Ctrl Pts',(33.4364487072992,94.6188301082879,-8.79689768124105));
#8808=CARTESIAN_POINT('Ctrl Pts',(32.576719070695,95.8902532910309,-8.87627886913143));
#8809=CARTESIAN_POINT('Ctrl Pts',(33.1785902141979,97.3021325650095,-8.95566005702181));
#8810=CARTESIAN_POINT('Ctrl Pts',(34.6912010301447,97.562248841227,-9.03504124491221));
#8811=CARTESIAN_POINT('Ctrl Pts',(35.7301381295054,96.4325313273128,-9.11442243280258));
#8812=CARTESIAN_POINT('Ctrl Pts',(35.3445168461445,94.9469512441496,-9.19380362069298));
#8813=CARTESIAN_POINT('Ctrl Pts',(33.8872761265189,94.4651821679968,-9.27318480858336));
#8814=CARTESIAN_POINT('Ctrl Pts',(32.6921520129868,95.4281620800024,-9.35256599647375));
#8815=CARTESIAN_POINT('Ctrl Pts',(32.8529789584578,96.9545259459541,-9.43194718436413));
#8816=CARTESIAN_POINT('Ctrl Pts',(34.2225604902638,97.6472729310848,-9.51132837225452));
#8817=CARTESIAN_POINT('Ctrl Pts',(35.547390425578,96.8723680335861,-9.5907095601449));
#8818=CARTESIAN_POINT('Ctrl Pts',(35.6149213719711,95.3390410857529,-9.67009074803529));
#8819=CARTESIAN_POINT('Ctrl Pts',(34.3633457941705,94.4506658661946,-9.74947193592567));
#8820=CARTESIAN_POINT('Ctrl Pts',(32.9381652111545,95.0203256448921,-9.82885312381605));
#8821=CARTESIAN_POINT('Ctrl Pts',(32.643772702829,96.5266406878746,-9.90823431170645));
#8822=CARTESIAN_POINT('Ctrl Pts',(33.7496103000595,97.590959797082,-9.98761549959682));
#8823=CARTESIAN_POINT('Ctrl Pts',(35.2435628179205,97.2391674832886,-10.0669966874872));
#8824=CARTESIAN_POINT('Ctrl Pts',(35.7582938295602,95.7932408104118,-10.1463778753776));
#8825=CARTESIAN_POINT('Ctrl Pts',(34.8226970221287,94.5765606669075,-10.225759063268));
#8826=CARTESIAN_POINT('Ctrl Pts',(33.293075109659,94.7026906099426,-10.3051402511584));
#8827=CARTESIAN_POINT('Ctrl Pts',(32.569410846071,96.056190514393,-10.3845214390487));
#8828=CARTESIAN_POINT('Ctrl Pts',(33.3140361975436,97.3982728679032,-10.4639026269391));
#8829=CARTESIAN_POINT('Ctrl Pts',(34.845434612858,97.50060004414,-10.5432838148295));
#8830=CARTESIAN_POINT('Ctrl Pts',(35.7619973984293,96.2695173424645,-10.6226650027199));
#8831=CARTESIAN_POINT('Ctrl Pts',(35.2248426820894,94.8317702269738,-10.7020461906103));
#8832=CARTESIAN_POINT('Ctrl Pts',(33.7256000193419,94.503253265212,-10.7814273785007));
#8833=CARTESIAN_POINT('Ctrl Pts',(32.6364476269682,95.5846408130671,-10.8608085663911));
#8834=CARTESIAN_POINT('Ctrl Pts',(32.9542296012545,97.0861955309785,-10.9401897542815));
#8835=CARTESIAN_POINT('Ctrl Pts',(34.3880967498081,97.6336231031768,-11.0195709421718));
#8836=CARTESIAN_POINT('Ctrl Pts',(35.6257056533287,96.7258917563946,-11.0989521300622));
#8837=CARTESIAN_POINT('Ctrl Pts',(35.5343377205225,95.1938004340516,-11.1783333179526));
#8838=CARTESIAN_POINT('Ctrl Pts',(34.1976173046341,94.4395919621588,-11.257714505843));
#8839=CARTESIAN_POINT('Ctrl Pts',(32.8389743849176,95.1535539176521,-11.3370956937334));
#8840=CARTESIAN_POINT('Ctrl Pts',(32.7019038976013,96.6822341534823,-11.4164768816238));
#8841=CARTESIAN_POINT('Ctrl Pts',(33.9118586948943,97.6265121704052,-11.4958580695141));
#8842=CARTESIAN_POINT('Ctrl Pts',(35.3614317283997,97.1221390284116,-11.5752392574045));
#8843=CARTESIAN_POINT('Ctrl Pts',(35.7239024975646,95.6307425555424,-11.6546204452949));
#8844=CARTESIAN_POINT('Ctrl Pts',(34.6675250579106,94.5173167232807,-11.7340016331853));
#8845=CARTESIAN_POINT('Ctrl Pts',(33.1591372623832,94.8009278747429,-11.8133828210757));
#8846=CARTESIAN_POINT('Ctrl Pts',(32.5793053617544,96.2219895771084,-11.8927640089661));
#8847=CARTESIAN_POINT('Ctrl Pts',(33.4586833844556,97.4799024201518,-11.9721451968565));
#8848=CARTESIAN_POINT('Ctrl Pts',(34.9924937042809,97.4233172707192,-12.0515263847468));
#8849=CARTESIAN_POINT('Ctrl Pts',(35.7767790691567,96.104117847211,-12.1309075726372));
#8850=CARTESIAN_POINT('Ctrl Pts',(35.0940045614837,94.7295108222257,-12.2102887605276));
#8851=CARTESIAN_POINT('Ctrl Pts',(33.568520635583,94.5579744142246,-12.289669948418));
#8852=CARTESIAN_POINT('Ctrl Pts',(32.5976310656348,95.7457665286373,-12.3690511363084));
#8853=CARTESIAN_POINT('Ctrl Pts',(33.0677274984634,97.2072364490105,-12.4484323241987));
#8854=CARTESIAN_POINT('Ctrl Pts',(34.5530731513037,97.6018270267563,-12.5278135120892));
#8855=CARTESIAN_POINT('Ctrl Pts',(35.3066186774321,96.9169091576497,-12.5807343040161));
#8856=CARTESIAN_POINT('Ctrl Pts',(35.4552666510451,96.490762286081,-12.6071946999795));
#8857=CARTESIAN_POINT('Ctrl Pts',(33.1482421879361,97.0691383759621,-2.39280530002046));
#8858=CARTESIAN_POINT('Ctrl Pts',(33.4892066558626,97.4101028438887,-2.41926569598392));
#8859=CARTESIAN_POINT('Ctrl Pts',(34.5323638695715,97.7190658381058,-2.47218648791084));
#8860=CARTESIAN_POINT('Ctrl Pts',(35.7781816852739,96.6494741240457,-2.55156767580123));
#8861=CARTESIAN_POINT('Ctrl Pts',(35.5516268999073,95.0249816079021,-2.63094886369161));
#8862=CARTESIAN_POINT('Ctrl Pts',(34.0657704405074,94.3331412305467,-2.710330051582));
#8863=CARTESIAN_POINT('Ctrl Pts',(32.6777256606677,95.2067686492619,-2.78971123947239));
#8864=CARTESIAN_POINT('Ctrl Pts',(32.6593074286341,96.8464760209556,-2.86909242736277));
#8865=CARTESIAN_POINT('Ctrl Pts',(34.0266638153628,97.751425626857,-2.94847361525316));
#8866=CARTESIAN_POINT('Ctrl Pts',(35.528681996403,97.0934146123516,-3.02785480314354));
#8867=CARTESIAN_POINT('Ctrl Pts',(35.7904639381372,95.4746607654999,-3.10723599103393));
#8868=CARTESIAN_POINT('Ctrl Pts',(34.572504684693,94.3767373077996,-3.18661717892431));
#8869=CARTESIAN_POINT('Ctrl Pts',(32.9894930428157,94.8045096467838,-3.2659983668147));
#8870=CARTESIAN_POINT('Ctrl Pts',(32.4902994575281,96.3664633947256,-3.34537955470508));
#8871=CARTESIAN_POINT('Ctrl Pts',(33.531798142102,97.6330225481179,-3.42476074259547));
#8872=CARTESIAN_POINT('Ctrl Pts',(35.1607657360567,97.4449727194848,-3.50414193048585));
#8873=CARTESIAN_POINT('Ctrl Pts',(35.8862906773408,95.9744256504553,-3.58352311837624));
#8874=CARTESIAN_POINT('Ctrl Pts',(35.0443394850844,94.5672961932656,-3.66290430626662));
#8875=CARTESIAN_POINT('Ctrl Pts',(33.4055052129769,94.5114560750456,-3.74228549415701));
#8876=CARTESIAN_POINT('Ctrl Pts',(32.4697273340185,95.8580128809729,-3.82166668204739));
#8877=CARTESIAN_POINT('Ctrl Pts',(33.0934741007439,97.3745337266497,-3.90104786993779));
#8878=CARTESIAN_POINT('Ctrl Pts',(34.7058628882403,97.6730265909882,-3.98042905782816));
#8879=CARTESIAN_POINT('Ctrl Pts',(35.8311587131807,96.4802965955683,-4.05981024571855));
#8880=CARTESIAN_POINT('Ctrl Pts',(35.4394373186073,94.8879869858303,-4.13919143360893));
#8881=CARTESIAN_POINT('Ctrl Pts',(33.8892207510322,94.3534552772832,-4.21857262149932));
#8882=CARTESIAN_POINT('Ctrl Pts',(32.5993409786867,95.365930323543,-4.2979538093897));
#8883=CARTESIAN_POINT('Ctrl Pts',(32.7503573388857,96.9987467881151,-4.37733499728009));
#8884=CARTESIAN_POINT('Ctrl Pts',(34.2040524749165,97.7574733531576,-4.45671618517048));
#8885=CARTESIAN_POINT('Ctrl Pts',(35.6299354304588,96.9476873658984,-4.53609737306086));
#8886=CARTESIAN_POINT('Ctrl Pts',(35.7229702812374,95.3105434916849,-4.61547856095125));
#8887=CARTESIAN_POINT('Ctrl Pts',(34.3980071050115,94.3444336997478,-4.69485974884163));
#8888=CARTESIAN_POINT('Ctrl Pts',(32.8677152427303,94.9335876393482,-4.77424093673202));
#8889=CARTESIAN_POINT('Ctrl Pts',(32.5326906182465,96.5387835929129,-4.8536221246224));
#8890=CARTESIAN_POINT('Ctrl Pts',(33.6995637084403,97.6908698482524,-4.93300331251279));
#8891=CARTESIAN_POINT('Ctrl Pts',(35.3003567411371,97.3354022480208,-5.01238450040317));
#8892=CARTESIAN_POINT('Ctrl Pts',(35.8699477668193,95.7977216531596,-5.09176568829356));
#8893=CARTESIAN_POINT('Ctrl Pts',(34.8870199775432,94.4851865071841,-5.17114687618394));
#8894=CARTESIAN_POINT('Ctrl Pts',(33.2511956539243,94.5990914263336,-5.25052806407433));
#8895=CARTESIAN_POINT('Ctrl Pts',(32.4596590497323,96.0351852089864,-5.32990925196471));
#8896=CARTESIAN_POINT('Ctrl Pts',(33.2368621265681,97.4790864956775,-5.4092904398551));
#8897=CARTESIAN_POINT('Ctrl Pts',(34.871471649059,97.6092681277621,-5.48867162774548));
#8898=CARTESIAN_POINT('Ctrl Pts',(35.8674152072275,96.3065816814932,-5.56805281563587));
#8899=CARTESIAN_POINT('Ctrl Pts',(35.3131578694766,94.7633077745341,-5.64743400352625));
#8900=CARTESIAN_POINT('Ctrl Pts',(33.715982322973,94.3919241157648,-5.72681519141664));
#8901=CARTESIAN_POINT('Ctrl Pts',(32.5376996217558,95.5323387001868,-5.80619637930702));
#8902=CARTESIAN_POINT('Ctrl Pts',(32.8567301568669,97.1407898390213,-5.88557756719741));
#8903=CARTESIAN_POINT('Ctrl Pts',(34.3810820030464,97.7451465196324,-5.9649587550878));
#8904=CARTESIAN_POINT('Ctrl Pts',(35.7155958217554,96.7922727525337,-6.04433994297818));
#8905=CARTESIAN_POINT('Ctrl Pts',(35.6388610697209,95.1542839472664,-6.12372113086857));
#8906=CARTESIAN_POINT('Ctrl Pts',(34.2211090430574,94.3303453941925,-6.20310231875895));
#8907=CARTESIAN_POINT('Ctrl Pts',(32.7599338534453,95.0745648602189,-6.28248350664933));
#8908=CARTESIAN_POINT('Ctrl Pts',(32.5926725573775,96.7057972799519,-6.36186469453973));
#8909=CARTESIAN_POINT('Ctrl Pts',(33.8724106513354,97.7310611285409,-6.4412458824301));
#8910=CARTESIAN_POINT('Ctrl Pts',(35.4278709415766,97.2119861495319,-6.52062707032049));
#8911=CARTESIAN_POINT('Ctrl Pts',(35.8354221614119,95.6236544613882,-6.60000825821088));
#8912=CARTESIAN_POINT('Ctrl Pts',(34.7220540430928,94.4197827981861,-6.67938944610126));
#8913=CARTESIAN_POINT('Ctrl Pts',(33.1067740627461,94.7022117865028,-6.75877063399165));
#8914=CARTESIAN_POINT('Ctrl Pts',(32.4679633136764,96.2124489782125,-6.83815182188203));
#8915=CARTESIAN_POINT('Ctrl Pts',(33.3902917881542,97.5682534381247,-6.91753300977242));
#8916=CARTESIAN_POINT('Ctrl Pts',(35.0296005817949,97.5287284151249,-6.9969141976628));
#8917=CARTESIAN_POINT('Ctrl Pts',(35.885516288072,96.1300490908698,-7.07629538555319));
#8918=CARTESIAN_POINT('Ctrl Pts',(35.1746641279886,94.6523533323137,-7.15567657344357));
#8919=CARTESIAN_POINT('Ctrl Pts',(33.5476498209174,94.4480986066977,-7.23505776133396));
#8920=CARTESIAN_POINT('Ctrl Pts',(32.4935942743027,95.7042285573802,-7.31443894922435));
#8921=CARTESIAN_POINT('Ctrl Pts',(32.977219276545,97.271073286623,-7.39382013711472));
#8922=CARTESIAN_POINT('Ctrl Pts',(34.5558882146339,97.7145819474898,-7.47320132500512));
#8923=CARTESIAN_POINT('Ctrl Pts',(35.7847281630987,96.6288343113386,-7.5525825128955));
#8924=CARTESIAN_POINT('Ctrl Pts',(35.5390463326942,95.0075582748292,-7.63196370078588));
#8925=CARTESIAN_POINT('Ctrl Pts',(34.0437024241894,94.3346228071597,-7.71134488867628));
#8926=CARTESIAN_POINT('Ctrl Pts',(32.6673063313606,95.2259304667227,-7.79072607656664));
#8927=CARTESIAN_POINT('Ctrl Pts',(32.6696012475208,96.8657140749195,-7.87010726445704));
#8928=CARTESIAN_POINT('Ctrl Pts',(34.0484867562078,97.7531656523498,-7.94948845234743));
#8929=CARTESIAN_POINT('Ctrl Pts',(35.5419412322682,97.0760472902555,-8.02886964023781));
#8930=CARTESIAN_POINT('Ctrl Pts',(35.7830840803983,95.4540899310297,-8.10825082812819));
#8931=CARTESIAN_POINT('Ctrl Pts',(34.5512098923723,94.3717861228385,-8.18763201601859));
#8932=CARTESIAN_POINT('Ctrl Pts',(32.9737885378513,94.8197118071337,-8.26701320390896));
#8933=CARTESIAN_POINT('Ctrl Pts',(32.4945510944645,96.3879040852703,-8.34639439179936));
#8934=CARTESIAN_POINT('Ctrl Pts',(33.552118472597,97.6410787694464,-8.42577557968973));
#8935=CARTESIAN_POINT('Ctrl Pts',(35.1785546885496,97.4322707624437,-8.50515676758012));
#8936=CARTESIAN_POINT('Ctrl Pts',(35.8852679313755,95.9525910873908,-8.58453795547051));
#8937=CARTESIAN_POINT('Ctrl Pts',(35.0254406157064,94.5563129863021,-8.66391914336089));
#8938=CARTESIAN_POINT('Ctrl Pts',(33.3860276115699,94.5213766124393,-8.74330033125127));
#8939=CARTESIAN_POINT('Ctrl Pts',(32.4674977038963,95.8797573974405,-8.82268151914167));
#8940=CARTESIAN_POINT('Ctrl Pts',(33.110533167995,97.3882006148872,-8.90206270703204));
#8941=CARTESIAN_POINT('Ctrl Pts',(34.7265973513879,97.6661072601929,-8.98144389492244));
#8942=CARTESIAN_POINT('Ctrl Pts',(35.8365914208302,96.4591239487281,-9.06082508281281));
#8943=CARTESIAN_POINT('Ctrl Pts',(35.4245959902649,94.8719392356141,-9.1402062707032));
#8944=CARTESIAN_POINT('Ctrl Pts',(33.8676888805569,94.3572200888056,-9.21958745859359));
#8945=CARTESIAN_POINT('Ctrl Pts',(32.5908255564112,95.3860619618855,-9.29896864648397));
#8946=CARTESIAN_POINT('Ctrl Pts',(32.7626520854563,97.0168198201423,-9.37834983437436));
#8947=CARTESIAN_POINT('Ctrl Pts',(34.2259046527751,97.7569464799685,-9.45773102226475));
#8948=CARTESIAN_POINT('Ctrl Pts',(35.6413448869559,96.9290428069409,-9.53711221015513));
#8949=CARTESIAN_POINT('Ctrl Pts',(35.7134945387937,95.2908456344093,-9.61649339804552));
#8950=CARTESIAN_POINT('Ctrl Pts',(34.3763188140339,94.3417109603699,-9.69587458593589));
#8951=CARTESIAN_POINT('Ctrl Pts',(32.8536645590213,94.9503319984898,-9.77525577382629));
#8952=CARTESIAN_POINT('Ctrl Pts',(32.5391373960867,96.5596698163912,-9.85463696171667));
#8953=CARTESIAN_POINT('Ctrl Pts',(33.7206075500039,97.6967818705678,-9.93401814960705));
#8954=CARTESIAN_POINT('Ctrl Pts',(35.3167373213582,97.3209291050575,-10.0133993374974));
#8955=CARTESIAN_POINT('Ctrl Pts',(35.8666727992901,95.7761098539891,-10.0927805253878));
#8956=CARTESIAN_POINT('Ctrl Pts',(34.867086868364,94.4762161987054,-10.1721617132782));
#8957=CARTESIAN_POINT('Ctrl Pts',(33.2328481330499,94.6109726616656,-10.2515429011686));
#8958=CARTESIAN_POINT('Ctrl Pts',(32.4596896412179,96.0570437162607,-10.330924089059));
#8959=CARTESIAN_POINT('Ctrl Pts',(33.2552428316849,97.4909163289687,-10.4103052769494));
#8960=CARTESIAN_POINT('Ctrl Pts',(34.8913795718188,97.600242060849,-10.4896864648397));
#8961=CARTESIAN_POINT('Ctrl Pts',(35.8706296697137,96.2849608001325,-10.5690676527301));
#8962=CARTESIAN_POINT('Ctrl Pts',(35.2967368422488,94.7488805383586,-10.6484488406205));
#8963=CARTESIAN_POINT('Ctrl Pts',(33.6949551123169,94.3978950172034,-10.7278300285109));
#8964=CARTESIAN_POINT('Ctrl Pts',(32.5313113296494,95.5532428872777,-10.8072112164013));
#8965=CARTESIAN_POINT('Ctrl Pts',(32.8708276555661,97.1574948028657,-10.8865924042917));
#8966=CARTESIAN_POINT('Ctrl Pts',(34.4027625842945,97.7423630869639,-10.9659735921821));
#8967=CARTESIAN_POINT('Ctrl Pts',(35.7250163993158,96.7725484444848,-11.0453547800724));
#8968=CARTESIAN_POINT('Ctrl Pts',(35.6273994563705,95.1356714067013,-11.1247359679628));
#8969=CARTESIAN_POINT('Ctrl Pts',(34.1992555051616,94.3298796687425,-11.2041171558532));
#8970=CARTESIAN_POINT('Ctrl Pts',(32.747689684379,95.0926722736964,-11.2834983437436));
#8971=CARTESIAN_POINT('Ctrl Pts',(32.6012444105407,96.7259049274245,-11.362879531634));
#8972=CARTESIAN_POINT('Ctrl Pts',(33.8939527468923,97.734765809699,-11.4422607195244));
#8973=CARTESIAN_POINT('Ctrl Pts',(35.4426677474484,97.1958966166141,-11.5216419074148));
#8974=CARTESIAN_POINT('Ctrl Pts',(35.8299293096421,95.6024977081615,-11.6010230953051));
#8975=CARTESIAN_POINT('Ctrl Pts',(34.7013020868485,94.4129203301523,-11.6804042831955));
#8976=CARTESIAN_POINT('Ctrl Pts',(33.0897497527519,94.7159287570765,-11.7597854710859));
#8977=CARTESIAN_POINT('Ctrl Pts',(32.4702608815127,96.2341824250877,-11.8391666589763));
#8978=CARTESIAN_POINT('Ctrl Pts',(33.4097830052263,97.5781288454366,-11.9185478468667));
#8979=CARTESIAN_POINT('Ctrl Pts',(35.0484966094503,97.5176736164073,-11.9979290347571));
#8980=CARTESIAN_POINT('Ctrl Pts',(35.8864223166929,96.1082489867481,-12.0773102226474));
#8981=CARTESIAN_POINT('Ctrl Pts',(35.1569501910468,94.6396272131237,-12.1566914105379));
#8982=CARTESIAN_POINT('Ctrl Pts',(33.5271324553809,94.4563587595362,-12.2360725984282));
#8983=CARTESIAN_POINT('Ctrl Pts',(32.4898399519283,95.7253886204773,-12.3154537863186));
#8984=CARTESIAN_POINT('Ctrl Pts',(32.9920881176994,97.2868141825067,-12.394834974209));
#8985=CARTESIAN_POINT('Ctrl Pts',(34.5790223668847,97.7083923525663,-12.4742161620994));
#8986=CARTESIAN_POINT('Ctrl Pts',(35.3841058176266,96.9766302726184,-12.5271369540263));
#8987=CARTESIAN_POINT('Ctrl Pts',(35.5429204073131,96.5213375504279,-12.5535973499898));
#8988=CARTESIAN_POINT('Ctrl Pts',(33.0825991084159,97.1347814554823,-2.33920795003069));
#8989=CARTESIAN_POINT('Ctrl Pts',(33.4453906316965,97.4975729787628,-2.36566834599415));
#8990=CARTESIAN_POINT('Ctrl Pts',(34.555326212034,97.8263144338211,-2.41858913792107));
#8991=CARTESIAN_POINT('Ctrl Pts',(35.8808958405563,96.6882521319284,-2.49797032581146));
#8992=CARTESIAN_POINT('Ctrl Pts',(35.6398380077872,94.9597667033044,-2.57735151370184));
#8993=CARTESIAN_POINT('Ctrl Pts',(34.0588635104737,94.2236377280653,-2.65673270159223));
#8994=CARTESIAN_POINT('Ctrl Pts',(32.5819621690468,95.153190956713,-2.73611388948262));
#8995=CARTESIAN_POINT('Ctrl Pts',(32.562364882279,96.8978652294566,-2.815495077373));
#8996=CARTESIAN_POINT('Ctrl Pts',(34.0172534500682,97.8607457548484,-2.89487626526339));
#8997=CARTESIAN_POINT('Ctrl Pts',(35.615424271821,97.1606117504477,-2.97425745315376));
#8998=CARTESIAN_POINT('Ctrl Pts',(35.8939643495792,95.4382323556478,-3.05363864104416));
#8999=CARTESIAN_POINT('Ctrl Pts',(34.5980366667398,94.2700246356858,-3.13301982893453));
#9000=CARTESIAN_POINT('Ctrl Pts',(32.9136875366971,94.7251810906125,-3.21240101682493));
#9001=CARTESIAN_POINT('Ctrl Pts',(32.3825377593622,96.3871242923645,-3.2917822047153));
#9002=CARTESIAN_POINT('Ctrl Pts',(33.4907086387766,97.734763028384,-3.3711633926057));
#9003=CARTESIAN_POINT('Ctrl Pts',(35.2239556201389,97.5346750714268,-3.45054458049608));
#9004=CARTESIAN_POINT('Ctrl Pts',(35.9959254979009,95.9699900047591,-3.52992576838647));
#9005=CARTESIAN_POINT('Ctrl Pts',(35.1000762693168,94.4727822683308,-3.60930695627685));
#9006=CARTESIAN_POINT('Ctrl Pts',(33.3563309881801,94.413367509742,-3.68868814416723));
#9007=CARTESIAN_POINT('Ctrl Pts',(32.3606486983976,95.8461249984533,-3.76806933205763));
#9008=CARTESIAN_POINT('Ctrl Pts',(33.024325007597,97.4597268820615,-3.84745051994801));
#9009=CARTESIAN_POINT('Ctrl Pts',(34.7399318797545,97.7773279552767,-3.9268317078384));
#9010=CARTESIAN_POINT('Ctrl Pts',(35.9372642263006,96.5082445973182,-4.00621289572877));
#9011=CARTESIAN_POINT('Ctrl Pts',(35.5204665397174,94.8140022841408,-4.08559408361917));
#9012=CARTESIAN_POINT('Ctrl Pts',(33.8710118813321,94.2452521913094,-4.16497527150955));
#9013=CARTESIAN_POINT('Ctrl Pts',(32.4985596422361,95.3225414659066,-4.24435645939994));
#9014=CARTESIAN_POINT('Ctrl Pts',(32.659243409932,97.0598837057654,-4.32373764729032));
#9015=CARTESIAN_POINT('Ctrl Pts',(34.2059977564867,97.8671806301604,-4.40311883518071));
#9016=CARTESIAN_POINT('Ctrl Pts',(35.7231595082866,97.0055556824483,-4.48250002307108));
#9017=CARTESIAN_POINT('Ctrl Pts',(35.8221500436858,95.263609011092,-4.56188121096148));
#9018=CARTESIAN_POINT('Ctrl Pts',(34.4123685144939,94.2356530918009,-4.64126239885185));
#9019=CARTESIAN_POINT('Ctrl Pts',(32.7841140539721,94.8625220922398,-4.72064358674225));
#9020=CARTESIAN_POINT('Ctrl Pts',(32.4276426169568,96.5704756766673,-4.80002477463263));
#9021=CARTESIAN_POINT('Ctrl Pts',(33.6692138236013,97.7963134599027,-4.87940596252302));
#9022=CARTESIAN_POINT('Ctrl Pts',(35.3724826314058,97.4180903771603,-4.9587871504134));
#9023=CARTESIAN_POINT('Ctrl Pts',(35.97853638566,95.7819741896844,-5.03816833830379));
#9024=CARTESIAN_POINT('Ctrl Pts',(34.9326858543282,94.3854162789341,-5.11754952619417));
#9025=CARTESIAN_POINT('Ctrl Pts',(33.1921432054299,94.5066128932868,-5.19693071408456));
#9026=CARTESIAN_POINT('Ctrl Pts',(32.3499358865459,96.0346391247318,-5.27631190197494));
#9027=CARTESIAN_POINT('Ctrl Pts',(33.1768921082844,97.5709726625071,-5.35569308986533));
#9028=CARTESIAN_POINT('Ctrl Pts',(34.9161421897946,97.7094879538348,-5.43507427775571));
#9029=CARTESIAN_POINT('Ctrl Pts',(35.9758417026694,96.3234092135106,-5.5144554656461));
#9030=CARTESIAN_POINT('Ctrl Pts',(35.3861032320457,94.6813416545375,-5.59383665353648));
#9031=CARTESIAN_POINT('Ctrl Pts',(33.6866834860934,94.2861836367365,-5.67321784142687));
#9032=CARTESIAN_POINT('Ctrl Pts',(32.4329722749833,95.4996025796833,-5.75259902931725));
#9033=CARTESIAN_POINT('Ctrl Pts',(32.7724257509124,97.2110197321172,-5.83198021720765));
#9034=CARTESIAN_POINT('Ctrl Pts',(34.3943599414571,97.8540646866167,-5.91136140509801));
#9035=CARTESIAN_POINT('Ctrl Pts',(35.8143035035313,96.8401921046374,-5.99074259298842));
#9036=CARTESIAN_POINT('Ctrl Pts',(35.7326565279728,95.0973464134337,-6.07012378087879));
#9037=CARTESIAN_POINT('Ctrl Pts',(34.2241462115895,94.2206629144843,-6.14950496876919));
#9038=CARTESIAN_POINT('Ctrl Pts',(32.6694329711081,95.0125240587748,-6.22888615665956));
#9039=CARTESIAN_POINT('Ctrl Pts',(32.4914643377331,96.7481808501655,-6.30826734454995));
#9040=CARTESIAN_POINT('Ctrl Pts',(33.8531256725063,97.8390776103349,-6.38764853244034));
#9041=CARTESIAN_POINT('Ctrl Pts',(35.5081597337698,97.2867737193266,-6.46702972033072));
#9042=CARTESIAN_POINT('Ctrl Pts',(35.9418006018579,95.5967639769022,-6.54641090822111));
#9043=CARTESIAN_POINT('Ctrl Pts',(34.7571595215916,94.3158257102747,-6.6257920961115));
#9044=CARTESIAN_POINT('Ctrl Pts',(33.038476375051,94.6163345683182,-6.70517328400187));
#9045=CARTESIAN_POINT('Ctrl Pts',(32.3587717531813,96.2232505458895,-6.78455447189226));
#9046=CARTESIAN_POINT('Ctrl Pts',(33.3401436663771,97.665847682985,-6.86393565978265));
#9047=CARTESIAN_POINT('Ctrl Pts',(35.084393845842,97.6237924407218,-6.94331684767303));
#9048=CARTESIAN_POINT('Ctrl Pts',(35.9951015356149,96.1355757778149,-7.02269803556342));
#9049=CARTESIAN_POINT('Ctrl Pts',(35.2387437263915,94.563284393754,-7.10207922345381));
#9050=CARTESIAN_POINT('Ctrl Pts',(33.5075750728041,94.3459541731182,-7.18146041134418));
#9051=CARTESIAN_POINT('Ctrl Pts',(32.3860434959095,95.6824960744421,-7.26084159923458));
#9052=CARTESIAN_POINT('Ctrl Pts',(32.9006280575415,97.3496433567463,-7.34022278712496));
#9053=CARTESIAN_POINT('Ctrl Pts',(34.580356482875,97.8215435041207,-7.41960397501535));
#9054=CARTESIAN_POINT('Ctrl Pts',(35.8878613952858,96.6662910485999,-7.49898516290573));
#9055=CARTESIAN_POINT('Ctrl Pts',(35.6264520876334,94.9412280045813,-7.57836635079611));
#9056=CARTESIAN_POINT('Ctrl Pts',(34.0353827961797,94.225214148739,-7.6577475386865));
#9057=CARTESIAN_POINT('Ctrl Pts',(32.5708758398059,95.1735794299981,-7.73712872657688));
#9058=CARTESIAN_POINT('Ctrl Pts',(32.5733176664708,96.9183348195723,-7.81650991446727));
#9059=CARTESIAN_POINT('Ctrl Pts',(34.0404734002283,97.86259716917,-7.89589110235766));
#9060=CARTESIAN_POINT('Ctrl Pts',(35.6295323060285,97.1421326482794,-7.97527229024804));
#9061=CARTESIAN_POINT('Ctrl Pts',(35.8861120655951,95.4163446662415,-8.05465347813842));
#9062=CARTESIAN_POINT('Ctrl Pts',(34.5753786748647,94.2647564974982,-8.13403466602881));
#9063=CARTESIAN_POINT('Ctrl Pts',(32.8969776979476,94.7413564268405,-8.21341585391919));
#9064=CARTESIAN_POINT('Ctrl Pts',(32.3870615675172,96.4099375222303,-8.29279704180959));
#9065=CARTESIAN_POINT('Ctrl Pts',(33.5123297880379,97.7433349737995,-8.37217822969996));
#9066=CARTESIAN_POINT('Ctrl Pts',(35.2428833436394,97.5211599905984,-8.45155941759035));
#9067=CARTESIAN_POINT('Ctrl Pts',(35.9948372802079,95.9467576883758,-8.53094060548074));
#9068=CARTESIAN_POINT('Ctrl Pts',(35.079967576902,94.4610959644498,-8.61032179337112));
#9069=CARTESIAN_POINT('Ctrl Pts',(33.3356065158405,94.4239231165911,-8.6897029812615));
#9070=CARTESIAN_POINT('Ctrl Pts',(32.3582763370977,95.8692615038497,-8.7690841691519));
#9071=CARTESIAN_POINT('Ctrl Pts',(33.042476121792,97.4742686647649,-8.84846535704227));
#9072=CARTESIAN_POINT('Ctrl Pts',(34.7619936726313,97.7699656791586,-8.92784654493266));
#9073=CARTESIAN_POINT('Ctrl Pts',(35.943044712155,96.4857165701437,-9.00722773282305));
#9074=CARTESIAN_POINT('Ctrl Pts',(35.5046751343854,94.7969272270782,-9.08660892071342));
#9075=CARTESIAN_POINT('Ctrl Pts',(33.8481016345949,94.2492580096147,-9.16599010860383));
#9076=CARTESIAN_POINT('Ctrl Pts',(32.4894990998357,95.3439618437685,-9.2453712964942));
#9077=CARTESIAN_POINT('Ctrl Pts',(32.6723252124548,97.0791136943307,-9.32475248438459));
#9078=CARTESIAN_POINT('Ctrl Pts',(34.2292488152864,97.8666200288521,-9.40413367227498));
#9079=CARTESIAN_POINT('Ctrl Pts',(35.7352993483338,96.9857175802956,-9.48351486016535));
#9080=CARTESIAN_POINT('Ctrl Pts',(35.8120677056162,95.2426501830658,-9.56289604805576));
#9081=CARTESIAN_POINT('Ctrl Pts',(34.3892918338973,94.2327560545454,-9.64227723594611));
#9082=CARTESIAN_POINT('Ctrl Pts',(32.7691639068882,94.8803383520874,-9.72165842383653));
#9083=CARTESIAN_POINT('Ctrl Pts',(32.4345020893444,96.5926989449079,-9.80103961172689));
#9084=CARTESIAN_POINT('Ctrl Pts',(33.6916047999485,97.8026039440537,-9.88042079961729));
#9085=CARTESIAN_POINT('Ctrl Pts',(35.3899118247958,97.4026907268263,-9.95980198750768));
#9086=CARTESIAN_POINT('Ctrl Pts',(35.9750517690199,95.7589788975663,-10.039183175398));
#9087=CARTESIAN_POINT('Ctrl Pts',(34.9114767145993,94.3758717305032,-10.1185643632884));
#9088=CARTESIAN_POINT('Ctrl Pts',(33.1726211564407,94.5192547133885,-10.1979455511788));
#9089=CARTESIAN_POINT('Ctrl Pts',(32.3499684363647,96.0578969181285,-10.2773267390692));
#9090=CARTESIAN_POINT('Ctrl Pts',(33.1964494658262,97.5835597900339,-10.3567079269596));
#9091=CARTESIAN_POINT('Ctrl Pts',(34.9373245307796,97.6998840775583,-10.43608911485));
#9092=CARTESIAN_POINT('Ctrl Pts',(35.979261940998,96.3004042578002,-10.5154703027404));
#9093=CARTESIAN_POINT('Ctrl Pts',(35.3686310024082,94.6659908497435,-10.5948514906308));
#9094=CARTESIAN_POINT('Ctrl Pts',(33.6643102052919,94.2925367691945,-10.6742326785211));
#9095=CARTESIAN_POINT('Ctrl Pts',(32.4261750323306,95.5218449614886,-10.7536138664115));
#9096=CARTESIAN_POINT('Ctrl Pts',(32.7874257098777,97.2287940747528,-10.8329950543019));
#9097=CARTESIAN_POINT('Ctrl Pts',(34.417428418781,97.8511030707512,-10.9123762421923));
#9098=CARTESIAN_POINT('Ctrl Pts',(35.8243271453029,96.8192051325748,-10.9917574300827));
#9099=CARTESIAN_POINT('Ctrl Pts',(35.7204611922184,95.0775423793512,-11.0711386179731));
#9100=CARTESIAN_POINT('Ctrl Pts',(34.2008937056891,94.220167375326,-11.1505198058635));
#9101=CARTESIAN_POINT('Ctrl Pts',(32.6564049838404,95.0317906297409,-11.2299009937538));
#9102=CARTESIAN_POINT('Ctrl Pts',(32.5005849234801,96.7695757013664,-11.3092821816442));
#9103=CARTESIAN_POINT('Ctrl Pts',(33.8760467988902,97.8430194489929,-11.3886633695346));
#9104=CARTESIAN_POINT('Ctrl Pts',(35.5239037664972,97.2696542048163,-11.468044557425));
#9105=CARTESIAN_POINT('Ctrl Pts',(35.9359561217195,95.5742528607807,-11.5474257453154));
#9106=CARTESIAN_POINT('Ctrl Pts',(34.7350791157865,94.3085239370237,-11.6268069332058));
#9107=CARTESIAN_POINT('Ctrl Pts',(33.0203622431205,94.6309296394102,-11.7061881210961));
#9108=CARTESIAN_POINT('Ctrl Pts',(32.3612164012711,96.246375273067,-11.7855693089865));
#9109=CARTESIAN_POINT('Ctrl Pts',(33.360882625997,97.6763552707212,-11.8649504968769));
#9110=CARTESIAN_POINT('Ctrl Pts',(35.1044995146197,97.6120299620955,-11.9443316847673));
#9111=CARTESIAN_POINT('Ctrl Pts',(35.9960655642292,96.1123801262852,-12.0237128726577));
#9112=CARTESIAN_POINT('Ctrl Pts',(35.2198958206097,94.5497436040217,-12.1030940605481));
#9113=CARTESIAN_POINT('Ctrl Pts',(33.4857442751789,94.3547431048477,-12.1824752484384));
#9114=CARTESIAN_POINT('Ctrl Pts',(32.3820488382216,95.7050107123174,-12.2618564363288));
#9115=CARTESIAN_POINT('Ctrl Pts',(32.9164487369356,97.3663919160026,-12.3412376242192));
#9116=CARTESIAN_POINT('Ctrl Pts',(34.6049715824655,97.8149576783765,-12.4206188121096));
#9117=CARTESIAN_POINT('Ctrl Pts',(35.4615929578212,97.036351387587,-12.4735396040365));
#9118=CARTESIAN_POINT('Ctrl Pts',(35.6305741635811,96.5519128147748,-12.5));
#9119=CARTESIAN_POINT('Ctrl Pts',(33.2780232659304,96.9395797787782,-12.5));
#9120=CARTESIAN_POINT('Ctrl Pts',(32.9900664643502,96.6506402982074,-12.4742161620994));
#9121=CARTESIAN_POINT('Ctrl Pts',(32.853391891507,96.2094649764458,-12.4484323241988));
#9122=CARTESIAN_POINT('Ctrl Pts',(32.9291607353964,95.8086377552695,-12.4226484862982));
#9123=CARTESIAN_POINT('Ctrl Pts',(33.0069177248227,95.397292980836,-12.3961880903347));
#9124=CARTESIAN_POINT('Ctrl Pts',(33.3084132703039,95.0284415248745,-12.3697276943712));
#9125=CARTESIAN_POINT('Ctrl Pts',(33.6960193957337,94.8706498572962,-12.3432672984078));
#9126=CARTESIAN_POINT('Ctrl Pts',(34.0836255211636,94.7128581897179,-12.3168069024443));
#9127=CARTESIAN_POINT('Ctrl Pts',(34.5573422265421,94.7661263105228,-12.2903465064808));
#9128=CARTESIAN_POINT('Ctrl Pts',(34.9002133941814,95.0061924169829,-12.2638861105174));
#9129=CARTESIAN_POINT('Ctrl Pts',(35.2430845618206,95.2462585234431,-12.2374257145539));
#9130=CARTESIAN_POINT('Ctrl Pts',(35.4551101917205,95.6731226155584,-12.2109653185905));
#9131=CARTESIAN_POINT('Ctrl Pts',(35.4393488362524,96.0913836978423,-12.184504922627));
#9132=CARTESIAN_POINT('Ctrl Pts',(35.4235874807842,96.5096447801262,-12.1580445266635));
#9133=CARTESIAN_POINT('Ctrl Pts',(35.1800391399479,96.9193028525786,-12.1315841307001));
#9134=CARTESIAN_POINT('Ctrl Pts',(34.8201137969586,97.1329177337775,-12.1051237347366));
#9135=CARTESIAN_POINT('Ctrl Pts',(34.4601884539694,97.3465326149764,-12.0786633387731));
#9136=CARTESIAN_POINT('Ctrl Pts',(33.9838861088271,97.3641043049218,-12.0522029428097));
#9137=CARTESIAN_POINT('Ctrl Pts',(33.6091959493079,97.1775769389381,-12.0257425468462));
#9138=CARTESIAN_POINT('Ctrl Pts',(33.2345057897886,96.9910495729545,-11.9992821508828));
#9139=CARTESIAN_POINT('Ctrl Pts',(32.9614278158923,96.6004231510418,-11.9728217549193));
#9140=CARTESIAN_POINT('Ctrl Pts',(32.9149179839473,96.1844649839654,-11.9463613589558));
#9141=CARTESIAN_POINT('Ctrl Pts',(32.8684081520022,95.7685068168891,-11.9199009629924));
#9142=CARTESIAN_POINT('Ctrl Pts',(33.0484664620084,95.3272169046491,-11.8934405670289));
#9143=CARTESIAN_POINT('Ctrl Pts',(33.3726994931711,95.0625363025292,-11.8669801710655));
#9144=CARTESIAN_POINT('Ctrl Pts',(33.6969325243339,94.7978557004092,-11.840519775102));
#9145=CARTESIAN_POINT('Ctrl Pts',(34.1653402766532,94.7097844084092,-11.8140593791385));
#9146=CARTESIAN_POINT('Ctrl Pts',(34.5635654288987,94.8386278101616,-11.7875989831751));
#9147=CARTESIAN_POINT('Ctrl Pts',(34.9617905811441,94.9674712119139,-11.7611385872116));
#9148=CARTESIAN_POINT('Ctrl Pts',(35.2898331333157,95.3132293074185,-11.7346781912481));
#9149=CARTESIAN_POINT('Ctrl Pts',(35.3975744133788,95.7176740280519,-11.7082177952847));
#9150=CARTESIAN_POINT('Ctrl Pts',(35.5053156934418,96.1221187486852,-11.6817573993212));
#9151=CARTESIAN_POINT('Ctrl Pts',(35.3927557013963,96.5852500944473,-11.6552970033578));
#9152=CARTESIAN_POINT('Ctrl Pts',(35.1114038609645,96.895128615812,-11.6288366073943));
#9153=CARTESIAN_POINT('Ctrl Pts',(34.8300520205327,97.2050071371767,-11.6023762114308));
#9154=CARTESIAN_POINT('Ctrl Pts',(34.3799083317146,97.361632834144,-11.5759158154674));
#9155=CARTESIAN_POINT('Ctrl Pts',(33.9669696109331,97.2933298240325,-11.5494554195039));
#9156=CARTESIAN_POINT('Ctrl Pts',(33.5540308901516,97.2250268139209,-11.5229950235404));
#9157=CARTESIAN_POINT('Ctrl Pts',(33.1782971374067,96.9317950967306,-11.496534627577));
#9158=CARTESIAN_POINT('Ctrl Pts',(33.0117128778333,96.5478246018133,-11.4700742316135));
#9159=CARTESIAN_POINT('Ctrl Pts',(32.8451286182599,96.1638541068961,-11.4436138356501));
#9160=CARTESIAN_POINT('Ctrl Pts',(32.8876938518581,95.6891448342519,-11.4171534396866));
#9161=CARTESIAN_POINT('Ctrl Pts',(33.1199298050989,95.3409349802577,-11.3906930437232));
#9162=CARTESIAN_POINT('Ctrl Pts',(33.3521657583397,94.9927251262636,-11.3642326477597));
#9163=CARTESIAN_POINT('Ctrl Pts',(33.7740724312231,94.7710146909194,-11.3377722517962));
#9164=CARTESIAN_POINT('Ctrl Pts',(34.1925752477595,94.7772636742184,-11.3113118558328));
#9165=CARTESIAN_POINT('Ctrl Pts',(34.6110780642959,94.7835126575173,-11.2848514598693));
#9166=CARTESIAN_POINT('Ctrl Pts',(35.0261770244852,95.0177210594595,-11.2583910639058));
#9167=CARTESIAN_POINT('Ctrl Pts',(35.2479129916911,95.3727095282477,-11.2319306679424));
#9168=CARTESIAN_POINT('Ctrl Pts',(35.4696489588969,95.7276979970359,-11.2054702719789));
#9169=CARTESIAN_POINT('Ctrl Pts',(35.4980219331193,96.2034665326702,-11.1790098760155));
#9170=CARTESIAN_POINT('Ctrl Pts',(35.3200477548938,96.5822921423349,-11.152549480052));
#9171=CARTESIAN_POINT('Ctrl Pts',(35.1420735766683,96.9611177519995,-11.1260890840885));
#9172=CARTESIAN_POINT('Ctrl Pts',(34.7577522459949,97.2430004356945,-11.0996286881251));
#9173=CARTESIAN_POINT('Ctrl Pts',(34.3429583525951,97.2989439674923,-11.0731682921616));
#9174=CARTESIAN_POINT('Ctrl Pts',(33.9281644591953,97.3548874992901,-11.0467078961981));
#9175=CARTESIAN_POINT('Ctrl Pts',(33.4828980030691,97.1848918791907,-11.0202475002347));
#9176=CARTESIAN_POINT('Ctrl Pts',(33.2109235045633,96.8667511491019,-10.9937871042712));
#9177=CARTESIAN_POINT('Ctrl Pts',(32.9389490060576,96.548610419013,-10.9673267083078));
#9178=CARTESIAN_POINT('Ctrl Pts',(32.8402664651722,96.0823245789347,-10.9408663123443));
#9179=CARTESIAN_POINT('Ctrl Pts',(32.9600353617429,95.6812771212896,-10.9144059163808));
#9180=CARTESIAN_POINT('Ctrl Pts',(33.0798042583136,95.2802296636445,-10.8879455204174));
#9181=CARTESIAN_POINT('Ctrl Pts',(33.4180245923402,94.9444205884326,-10.8614851244539));
#9182=CARTESIAN_POINT('Ctrl Pts',(33.8199186919474,94.827524117888,-10.8350247284904));
#9183=CARTESIAN_POINT('Ctrl Pts',(34.2218127915546,94.7106276473434,-10.808564332527));
#9184=CARTESIAN_POINT('Ctrl Pts',(34.6873806567422,94.8126437814662,-10.7821039365635));
#9185=CARTESIAN_POINT('Ctrl Pts',(35.0035673568719,95.0868875100622,-10.7556435406001));
#9186=CARTESIAN_POINT('Ctrl Pts',(35.3197540570016,95.3611312386582,-10.7291831446366));
#9187=CARTESIAN_POINT('Ctrl Pts',(35.4865595920733,95.8076025617275,-10.7027227486731));
#9188=CARTESIAN_POINT('Ctrl Pts',(35.4276497807345,96.2219855803678,-10.6762623527097));
#9189=CARTESIAN_POINT('Ctrl Pts',(35.3687399693957,96.6363685990081,-10.6498019567462));
#9190=CARTESIAN_POINT('Ctrl Pts',(35.0841148116464,97.0186633132194,-10.6233415607828));
#9191=CARTESIAN_POINT('Ctrl Pts',(34.7040255510227,97.1939225668929,-10.5968811648193));
#9192=CARTESIAN_POINT('Ctrl Pts',(34.3239362903989,97.3691818205664,-10.5704207688558));
#9193=CARTESIAN_POINT('Ctrl Pts',(33.8483829269006,97.3374056137022,-10.5439603728924));
#9194=CARTESIAN_POINT('Ctrl Pts',(33.4949899930718,97.1131354945513,-10.5174999769289));
#9195=CARTESIAN_POINT('Ctrl Pts',(33.1415970592429,96.8888653754004,-10.4910395809654));
#9196=CARTESIAN_POINT('Ctrl Pts',(32.9103645550835,96.4721013439628,-10.464579185002));
#9197=CARTESIAN_POINT('Ctrl Pts',(32.9071099755612,96.0535645358598,-10.4381187890385));
#9198=CARTESIAN_POINT('Ctrl Pts',(32.9038553960388,95.6350277277567,-10.411658393075));
#9199=CARTESIAN_POINT('Ctrl Pts',(33.1285787411535,95.2147181429882,-10.3851979971116));
#9200=CARTESIAN_POINT('Ctrl Pts',(33.4784412619818,94.9849794467523,-10.3587376011481));
#9201=CARTESIAN_POINT('Ctrl Pts',(33.82830378281,94.7552407505164,-10.3322772051847));
#9202=CARTESIAN_POINT('Ctrl Pts',(34.3033054793517,94.716072942813,-10.3058168092212));
#9203=CARTESIAN_POINT('Ctrl Pts',(34.6860742749454,94.8854001442488,-10.2793564132577));
#9204=CARTESIAN_POINT('Ctrl Pts',(35.068843070539,95.0547273456846,-10.2528960172943));
#9205=CARTESIAN_POINT('Ctrl Pts',(35.3593789651847,95.4325495562597,-10.2264356213308));
#9206=CARTESIAN_POINT('Ctrl Pts',(35.4247258216163,95.8459663439947,-10.1999752253674));
#9207=CARTESIAN_POINT('Ctrl Pts',(35.4900726780479,96.2593831317297,-10.1735148294039));
#9208=CARTESIAN_POINT('Ctrl Pts',(35.3302304962653,96.7083944966246,-10.1470544334404));
#9209=CARTESIAN_POINT('Ctrl Pts',(35.0183468613128,96.9875221560849,-10.120594037477));
#9210=CARTESIAN_POINT('Ctrl Pts',(34.7064632263602,97.2666498155452,-10.0941336415135));
#9211=CARTESIAN_POINT('Ctrl Pts',(34.2425381382376,97.3758937695707,-10.0676732455501));
#9212=CARTESIAN_POINT('Ctrl Pts',(33.8388747540857,97.2652613858771,-10.0412128495866));
#9213=CARTESIAN_POINT('Ctrl Pts',(33.4352113699338,97.1546290021834,-10.0147524536231));
#9214=CARTESIAN_POINT('Ctrl Pts',(33.0918096897525,96.8241202807706,-9.98829205765967));
#9215=CARTESIAN_POINT('Ctrl Pts',(32.965818491948,96.424983875387,-9.96183166169621));
#9216=CARTESIAN_POINT('Ctrl Pts',(32.8398272941434,96.0258474700034,-9.93537126573275));
#9217=CARTESIAN_POINT('Ctrl Pts',(32.9312465787155,95.558083380649,-9.90891086976929));
#9218=CARTESIAN_POINT('Ctrl Pts',(33.1982407061715,95.2357515827592,-9.88245047380583));
#9219=CARTESIAN_POINT('Ctrl Pts',(33.4652348336274,94.9134197848695,-9.85599007784237));
#9220=CARTESIAN_POINT('Ctrl Pts',(33.9078038039672,94.7365202784443,-9.8295296818789));
#9221=CARTESIAN_POINT('Ctrl Pts',(34.3234175276107,94.7860064860779,-9.80306928591544));
#9222=CARTESIAN_POINT('Ctrl Pts',(34.7390312512543,94.8354926937115,-9.77660888995197));
#9223=CARTESIAN_POINT('Ctrl Pts',(35.1276897282014,95.111364615404,-9.75014849398852));
#9224=CARTESIAN_POINT('Ctrl Pts',(35.3115335931836,95.4873766967727,-9.72368809802506));
#9225=CARTESIAN_POINT('Ctrl Pts',(35.4953774581658,95.8633887781414,-9.6972277020616));
#9226=CARTESIAN_POINT('Ctrl Pts',(35.4744067111829,96.3395410191864,-9.67076730609813));
#9227=CARTESIAN_POINT('Ctrl Pts',(35.2582180649502,96.6979348267038,-9.64430691013467));
#9228=CARTESIAN_POINT('Ctrl Pts',(35.0420294187176,97.0563286342213,-9.61784651417121));
#9229=CARTESIAN_POINT('Ctrl Pts',(34.630622873235,97.2969640082113,-9.59138611820775));
#9230=CARTESIAN_POINT('Ctrl Pts',(34.2122678511116,97.3097204768003,-9.56492572224429));
#9231=CARTESIAN_POINT('Ctrl Pts',(33.7939128289881,97.3224769453894,-9.53846532628083));
#9232=CARTESIAN_POINT('Ctrl Pts',(33.3686093302237,97.1073545085775,-9.51200493031736));
#9233=CARTESIAN_POINT('Ctrl Pts',(33.1309863538587,96.7627983112305,-9.4855445343539));
#9234=CARTESIAN_POINT('Ctrl Pts',(32.8933633774937,96.4182421138835,-9.45908413839044));
#9235=CARTESIAN_POINT('Ctrl Pts',(32.8434209235281,95.9442521560015,-9.43262374242698));
#9236=CARTESIAN_POINT('Ctrl Pts',(33.0040138470316,95.5577375185718,-9.40616334646352));
#9237=CARTESIAN_POINT('Ctrl Pts',(33.1646067705352,95.1712228811422,-9.37970295050006));
#9238=CARTESIAN_POINT('Ctrl Pts',(33.535735071508,94.872183564165,-9.35324255453659));
#9239=CARTESIAN_POINT('Ctrl Pts',(33.9475616102516,94.7974670732593,-9.32678215857313));
#9240=CARTESIAN_POINT('Ctrl Pts',(34.3593881489952,94.7227505823537,-9.30032176260966));
#9241=CARTESIAN_POINT('Ctrl Pts',(34.8119129255096,94.8723569175195,-9.27386136664621));
#9242=CARTESIAN_POINT('Ctrl Pts',(35.0980498364596,95.1778226606378,-9.24740097068274));
#9243=CARTESIAN_POINT('Ctrl Pts',(35.3841867474095,95.483288403756,-9.22094057471928));
#9244=CARTESIAN_POINT('Ctrl Pts',(35.503935792795,95.9446135548267,-9.19448017875582));
#9245=CARTESIAN_POINT('Ctrl Pts',(35.4024969606079,96.350684749756,-9.16801978279236));
#9246=CARTESIAN_POINT('Ctrl Pts',(35.3010581284209,96.7567559446853,-9.1415593868289));
#9247=CARTESIAN_POINT('Ctrl Pts',(34.9784314186611,97.1075731834732,-9.11509899086544));
#9248=CARTESIAN_POINT('Ctrl Pts',(34.5822584890312,97.242594151679,-9.08863859490198));
#9249=CARTESIAN_POINT('Ctrl Pts',(34.1860855594012,97.3776151198848,-9.06217819893851));
#9250=CARTESIAN_POINT('Ctrl Pts',(33.7163664099011,97.2968398175083,-9.03571780297505));
#9251=CARTESIAN_POINT('Ctrl Pts',(33.3880556979998,97.0372329445684,-9.00925740701159));
#9252=CARTESIAN_POINT('Ctrl Pts',(33.0597449860985,96.7776260716284,-8.98279701104812));
#9253=CARTESIAN_POINT('Ctrl Pts',(32.872842711796,96.3391876281249,-8.95633661508466));
#9254=CARTESIAN_POINT('Ctrl Pts',(32.912879802234,95.9225574762924,-8.9298762191212));
#9255=CARTESIAN_POINT('Ctrl Pts',(32.9529168926719,95.5059273244598,-8.90341582315774));
#9256=CARTESIAN_POINT('Ctrl Pts',(33.2198933478502,95.1111054642981,-8.87695542719428));
#9257=CARTESIAN_POINT('Ctrl Pts',(33.5916343904871,94.9187717718623,-8.85049503123082));
#9258=CARTESIAN_POINT('Ctrl Pts',(33.9633754331241,94.7264380794264,-8.82403463526736));
#9259=CARTESIAN_POINT('Ctrl Pts',(34.4398810632196,94.7365925547164,-8.79757423930389));
#9260=CARTESIAN_POINT('Ctrl Pts',(34.8030909683333,94.9445882682638,-8.77111384334043));
#9261=CARTESIAN_POINT('Ctrl Pts',(35.1663008734469,95.1525839818112,-8.74465344737697));
#9262=CARTESIAN_POINT('Ctrl Pts',(35.4162150535788,95.558420933616,-8.71819305141351));
#9263=CARTESIAN_POINT('Ctrl Pts',(35.4384668344212,95.9763784796373,-8.69173265545005));
#9264=CARTESIAN_POINT('Ctrl Pts',(35.4607186152637,96.3943360256586,-8.66527225948658));
#9265=CARTESIAN_POINT('Ctrl Pts',(35.2553079968168,96.8244141658963,-8.63881186352312));
#9266=CARTESIAN_POINT('Ctrl Pts',(34.9162357648175,97.0697989117829,-8.61235146755966));
#9267=CARTESIAN_POINT('Ctrl Pts',(34.5771635328183,97.3151836576695,-8.5858910715962));
#9268=CARTESIAN_POINT('Ctrl Pts',(34.1044296872668,97.3758750092049,-8.55943067563274));
#9269=CARTESIAN_POINT('Ctrl Pts',(33.714368482265,97.2240991600743,-8.53297027966928));
#9270=CARTESIAN_POINT('Ctrl Pts',(33.3243072772632,97.0723233109436,-8.50650988370582));
#9271=CARTESIAN_POINT('Ctrl Pts',(33.0169187128111,96.7080802611469,-8.48004948774235));
#9272=CARTESIAN_POINT('Ctrl Pts',(32.9328711088017,96.2980562956436,-8.45358909177889));
#9273=CARTESIAN_POINT('Ctrl Pts',(32.8488235047923,95.8880323301402,-8.42712869581543));
#9274=CARTESIAN_POINT('Ctrl Pts',(32.9881168612255,95.4322274489304,-8.40066829985197));
#9275=CARTESIAN_POINT('Ctrl Pts',(33.2870072243969,95.1392288092918,-8.37420790388851));
#9276=CARTESIAN_POINT('Ctrl Pts',(33.5858975875683,94.8462301696533,-8.34774750792505));
#9277=CARTESIAN_POINT('Ctrl Pts',(34.0443849574779,94.7160377715861,-8.32128711196158));
#9278=CARTESIAN_POINT('Ctrl Pts',(34.4526546062023,94.8082307537337,-8.29482671599812));
#9279=CARTESIAN_POINT('Ctrl Pts',(34.8609242549267,94.9004237358813,-8.26836632003466));
#9280=CARTESIAN_POINT('Ctrl Pts',(35.2189761824658,95.2150020982438,-8.2419059240712));
#9281=CARTESIAN_POINT('Ctrl Pts',(35.3629573086925,95.6080072983586,-8.21544552810774));
#9282=CARTESIAN_POINT('Ctrl Pts',(35.5069384349191,96.0010124984734,-8.18898513214427));
#9283=CARTESIAN_POINT('Ctrl Pts',(35.4368487598334,96.4724445363405,-8.16252473618082));
#9284=CARTESIAN_POINT('Ctrl Pts',(35.1847629861937,96.8065648960243,-8.13606434021736));
#9285=CARTESIAN_POINT('Ctrl Pts',(34.9326772125541,97.1406852557082,-8.10960394425389));
#9286=CARTESIAN_POINT('Ctrl Pts',(34.4985953403604,97.3374939372088,-8.08314354829043));
#9287=CARTESIAN_POINT('Ctrl Pts',(34.0811635611726,97.3069266057765,-8.05668315232697));
#9288=CARTESIAN_POINT('Ctrl Pts',(33.6637317819848,97.2763592743442,-8.03022275636351));
#9289=CARTESIAN_POINT('Ctrl Pts',(33.2629500958028,97.0184159299791,-8.00376236040004));
#9290=CARTESIAN_POINT('Ctrl Pts',(33.0622257368534,96.6511375835562,-7.97730196443658));
#9291=CARTESIAN_POINT('Ctrl Pts',(32.8615013779039,96.2838592371333,-7.95084156847311));
#9292=CARTESIAN_POINT('Ctrl Pts',(32.860834346187,95.8072458886527,-7.92438117250965));
#9293=CARTESIAN_POINT('Ctrl Pts',(33.0605298912849,95.4394071450505,-7.89792077654619));
#9294=CARTESIAN_POINT('Ctrl Pts',(33.2602254363829,95.0715684014484,-7.87146038058273));
#9295=CARTESIAN_POINT('Ctrl Pts',(33.6602835582958,94.8125042627247,-7.84499998461927));
#9296=CARTESIAN_POINT('Ctrl Pts',(34.0776281430201,94.7807686419168,-7.81853958865581));
#9297=CARTESIAN_POINT('Ctrl Pts',(34.4949727277444,94.7490330211089,-7.79207919269235));
#9298=CARTESIAN_POINT('Ctrl Pts',(34.9296037752802,94.9446259182169,-7.76561879672888));
#9299=CARTESIAN_POINT('Ctrl Pts',(35.1826237783661,95.2780393703528,-7.73915840076542));
#9300=CARTESIAN_POINT('Ctrl Pts',(35.4356437814521,95.6114528224887,-7.71269800480196));
#9301=CARTESIAN_POINT('Ctrl Pts',(35.5070527400882,96.0826868296525,-7.6862376088385));
#9302=CARTESIAN_POINT('Ctrl Pts',(35.3641722159775,96.4760934994697,-7.65977721287504));
#9303=CARTESIAN_POINT('Ctrl Pts',(35.2212916918667,96.8695001692868,-7.63331681691158));
#9304=CARTESIAN_POINT('Ctrl Pts',(34.8641216850092,97.1850795017574,-7.60685642094812));
#9305=CARTESIAN_POINT('Ctrl Pts',(34.4561116876472,97.278414886684,-7.58039602498465));
#9306=CARTESIAN_POINT('Ctrl Pts',(34.0481016902851,97.3717502716107,-7.55393562902119));
#9307=CARTESIAN_POINT('Ctrl Pts',(33.5892517024186,97.2428417089935,-7.52747523305773));
#9308=CARTESIAN_POINT('Ctrl Pts',(33.2895423945748,96.9506808238316,-7.50101483709427));
#9309=CARTESIAN_POINT('Ctrl Pts',(32.989833086731,96.6585199386697,-7.47455444113081));
#9310=CARTESIAN_POINT('Ctrl Pts',(32.84926445891,96.2031067309632,-7.44809404516734));
#9311=CARTESIAN_POINT('Ctrl Pts',(32.932164059342,95.7928491188766,-7.42163364920388));
#9312=CARTESIAN_POINT('Ctrl Pts',(33.015063659774,95.38259150679,-7.39517325324042));
#9313=CARTESIAN_POINT('Ctrl Pts',(33.3214314884591,95.0174894903234,-7.36871285727696));
#9314=CARTESIAN_POINT('Ctrl Pts',(33.7110663384747,94.8646224380194,-7.3422524613135));
#9315=CARTESIAN_POINT('Ctrl Pts',(34.1007011884903,94.7117553857154,-7.31579206535004));
#9316=CARTESIAN_POINT('Ctrl Pts',(34.5736030598365,94.7711232975742,-7.28933166938658));
#9317=CARTESIAN_POINT('Ctrl Pts',(34.9133608058101,95.0155580047614,-7.26287127342311));
#9318=CARTESIAN_POINT('Ctrl Pts',(35.2531185517838,95.2599927119486,-7.23641087745965));
#9319=CARTESIAN_POINT('Ctrl Pts',(35.459732172385,95.6894942144641,-7.20995048149619));
#9320=CARTESIAN_POINT('Ctrl Pts',(35.4386503594713,96.1075124068805,-7.18349008553273));
#9321=CARTESIAN_POINT('Ctrl Pts',(35.4175685465576,96.5255305992969,-7.15702968956927));
#9322=CARTESIAN_POINT('Ctrl Pts',(35.1687913001291,96.9320654816141,-7.1305692936058));
#9323=CARTESIAN_POINT('Ctrl Pts',(34.8061650065828,97.1410770201848,-7.10410889764234));
#9324=CARTESIAN_POINT('Ctrl Pts',(34.4435387130366,97.3500885587555,-7.07764850167888));
#9325=CARTESIAN_POINT('Ctrl Pts',(33.9670633723726,97.3615767535798,-7.05118810571542));
#9326=CARTESIAN_POINT('Ctrl Pts',(33.5947854358669,97.170284333401,-7.02472770975196));
#9327=CARTESIAN_POINT('Ctrl Pts',(33.2225074993612,96.9789919132221,-6.9982673137885));
#9328=CARTESIAN_POINT('Ctrl Pts',(32.9544269670139,96.5849188780403,-6.97180691782503));
#9329=CARTESIAN_POINT('Ctrl Pts',(32.9132238680852,96.1684024237849,-6.94534652186157));
#9330=CARTESIAN_POINT('Ctrl Pts',(32.8720207691565,95.7518859695296,-6.91888612589811));
#9331=CARTESIAN_POINT('Ctrl Pts',(33.0576951036465,95.3129260962007,-6.89242572993465));
#9332=CARTESIAN_POINT('Ctrl Pts',(33.3852778788846,95.0524012847258,-6.86596533397119));
#9333=CARTESIAN_POINT('Ctrl Pts',(33.7128606541228,94.7918764732508,-6.83950493800773));
#9334=CARTESIAN_POINT('Ctrl Pts',(34.1823518701091,94.7097867236298,-6.81304454204427));
#9335=CARTESIAN_POINT('Ctrl Pts',(34.578901177173,94.8436982582112,-6.78658414608081));
#9336=CARTESIAN_POINT('Ctrl Pts',(34.9754504842368,94.9776097927926,-6.76012375011734));
#9337=CARTESIAN_POINT('Ctrl Pts',(35.2990578823783,95.3275226115764,-6.73366335415388));
#9338=CARTESIAN_POINT('Ctrl Pts',(35.4016329275608,95.7333082842321,-6.70720295819042));
#9339=CARTESIAN_POINT('Ctrl Pts',(35.5042079727433,96.1390939568877,-6.68074256222696));
#9340=CARTESIAN_POINT('Ctrl Pts',(35.3857506649667,96.6007524834152,-6.6542821662635));
#9341=CARTESIAN_POINT('Ctrl Pts',(35.100469886379,96.9070179391805,-6.62782177030003));
#9342=CARTESIAN_POINT('Ctrl Pts',(34.8151891077913,97.2132833949459,-6.60136137433657));
#9343=CARTESIAN_POINT('Ctrl Pts',(34.3630848583924,97.3641557799492,-6.57490097837311));
#9344=CARTESIAN_POINT('Ctrl Pts',(33.951050798305,97.2905923015463,-6.54844058240965));
#9345=CARTESIAN_POINT('Ctrl Pts',(33.5390167382177,97.2170288231434,-6.52198018644618));
#9346=CARTESIAN_POINT('Ctrl Pts',(33.167052867442,96.9190294813342,-6.49551979048273));
#9347=CARTESIAN_POINT('Ctrl Pts',(33.0053787022964,96.53296586436,-6.46905939451926));
#9348=CARTESIAN_POINT('Ctrl Pts',(32.8437045371508,96.1469022473857,-6.4425989985558));
#9349=CARTESIAN_POINT('Ctrl Pts',(32.8923200776353,95.6727743552462,-6.41613860259234));
#9350=CARTESIAN_POINT('Ctrl Pts',(33.1289776958564,95.3275543909268,-6.38967820662887));
#9351=CARTESIAN_POINT('Ctrl Pts',(33.3656353140776,94.9823344266075,-6.36321781066541));
#9352=CARTESIAN_POINT('Ctrl Pts',(33.7903350100354,94.7660223901082,-6.33675741470195));
#9353=CARTESIAN_POINT('Ctrl Pts',(34.2087240992183,94.7776078154124,-6.31029701873849));
#9354=CARTESIAN_POINT('Ctrl Pts',(34.6271131884012,94.7891932407165,-6.28383662277503));
#9355=CARTESIAN_POINT('Ctrl Pts',(35.0391916708092,95.0286761278241,-6.25737622681156));
#9356=CARTESIAN_POINT('Ctrl Pts',(35.256382629511,95.386463410277,-6.2309158308481));
#9357=CARTESIAN_POINT('Ctrl Pts',(35.4735735882127,95.7442506927299,-6.20445543488464));
#9358=CARTESIAN_POINT('Ctrl Pts',(35.4958770232081,96.220342370528,-6.17799503892118));
#9359=CARTESIAN_POINT('Ctrl Pts',(35.3130863520427,96.5968675656501,-6.15153464295772));
#9360=CARTESIAN_POINT('Ctrl Pts',(35.1302956808773,96.9733927607721,-6.12507424699426));
#9361=CARTESIAN_POINT('Ctrl Pts',(34.7424109035511,97.2503514732181,-6.09861385103079));
#9362=CARTESIAN_POINT('Ctrl Pts',(34.3269373219799,97.3010008073019,-6.07215345506733));
#9363=CARTESIAN_POINT('Ctrl Pts',(33.9114637404086,97.3516501413857,-6.04569305910387));
#9364=CARTESIAN_POINT('Ctrl Pts',(33.4684013545923,97.1759900971074,-6.01923266314042));
#9365=CARTESIAN_POINT('Ctrl Pts',(33.2005060527716,96.8544068896958,-5.99277226717695));
#9366=CARTESIAN_POINT('Ctrl Pts',(32.9326107509509,96.5328236822841,-5.96631187121349));
#9367=CARTESIAN_POINT('Ctrl Pts',(32.8398825331258,96.0653173117391,-5.93985147525003));
#9368=CARTESIAN_POINT('Ctrl Pts',(32.9647560377852,95.6658298152378,-5.91339107928656));
#9369=CARTESIAN_POINT('Ctrl Pts',(33.0896295424445,95.2663423187365,-5.8869306833231));
#9370=CARTESIAN_POINT('Ctrl Pts',(33.4321047695883,94.9348736962789,-5.86047028735964));
#9371=CARTESIAN_POINT('Ctrl Pts',(33.8354569077613,94.8231118751678,-5.83400989139618));
#9372=CARTESIAN_POINT('Ctrl Pts',(34.2388090459343,94.7113500540567,-5.80754949543272));
#9373=CARTESIAN_POINT('Ctrl Pts',(34.7030380951364,94.819295034292,-5.78108909946925));
#9374=CARTESIAN_POINT('Ctrl Pts',(35.015701798405,95.0975486248981,-5.75462870350579));
#9375=CARTESIAN_POINT('Ctrl Pts',(35.3283655016735,95.3758022155042,-5.72816830754233));
#9376=CARTESIAN_POINT('Ctrl Pts',(35.4894638590086,95.824364416481,-5.70170791157887));
#9377=CARTESIAN_POINT('Ctrl Pts',(35.4252744295501,96.2379624933293,-5.67524751561541));
#9378=CARTESIAN_POINT('Ctrl Pts',(35.3610850000916,96.6515605701775,-5.64878711965195));
#9379=CARTESIAN_POINT('Ctrl Pts',(35.0716077838397,97.0301945228972,-5.62232672368848));
#9380=CARTESIAN_POINT('Ctrl Pts',(34.6893144416384,97.2005924469906,-5.59586632772502));
#9381=CARTESIAN_POINT('Ctrl Pts',(34.307021099437,97.3709903710839,-5.56940593176156));
#9382=CARTESIAN_POINT('Ctrl Pts',(33.8319116312863,97.3331522665509,-5.5429455357981));
#9383=CARTESIAN_POINT('Ctrl Pts',(33.4814074327058,97.1043937501973,-5.51648513983464));
#9384=CARTESIAN_POINT('Ctrl Pts',(33.1309032341254,96.8756352338439,-5.49002474387118));
#9385=CARTESIAN_POINT('Ctrl Pts',(32.9050043051152,96.4559563056699,-5.46356434790771));
#9386=CARTESIAN_POINT('Ctrl Pts',(32.9070873697447,96.0374120274047,-5.43710395194425));
#9387=CARTESIAN_POINT('Ctrl Pts',(32.9091704343743,95.6188677491395,-5.41064355598079));
#9388=CARTESIAN_POINT('Ctrl Pts',(33.1392354926437,95.2014581207831,-5.38418316001733));
#9389=CARTESIAN_POINT('Ctrl Pts',(33.4919993006217,94.9761997184812,-5.35772276405387));
#9390=CARTESIAN_POINT('Ctrl Pts',(33.8447631085997,94.7509413161793,-5.33126236809041));
#9391=CARTESIAN_POINT('Ctrl Pts',(34.3202256662865,94.7178341399318,-5.30480197212694));
#9392=CARTESIAN_POINT('Ctrl Pts',(34.7008039959906,94.8920288212123,-5.27834157616348));
#9393=CARTESIAN_POINT('Ctrl Pts',(35.0813823256948,95.0662235024928,-5.25188118020002));
#9394=CARTESIAN_POINT('Ctrl Pts',(35.3670764274163,95.4477200413012,-5.22542078423656));
#9395=CARTESIAN_POINT('Ctrl Pts',(35.4271458835207,95.8619365456442,-5.1989603882731));
#9396=CARTESIAN_POINT('Ctrl Pts',(35.4872153396251,96.2761530499871,-5.17249999230964));
#9397=CARTESIAN_POINT('Ctrl Pts',(35.3216601501124,96.7230895198646,-5.14603959634617));
#9398=CARTESIAN_POINT('Ctrl Pts',(35.0062423082758,96.9982171940049,-5.11957920038271));
#9399=CARTESIAN_POINT('Ctrl Pts',(34.6908244664392,97.2733448681452,-5.09311880441925));
#9400=CARTESIAN_POINT('Ctrl Pts',(34.2255439722787,97.3766637465484,-5.06665840845579));
#9401=CARTESIAN_POINT('Ctrl Pts',(33.8233242489831,97.2608926524921,-5.04019801249233));
#9402=CARTESIAN_POINT('Ctrl Pts',(33.4211045256875,97.1451215584358,-5.01373761652887));
#9403=CARTESIAN_POINT('Ctrl Pts',(33.0819455732567,96.81026049192,-4.9872772205654));
#9404=CARTESIAN_POINT('Ctrl Pts',(32.9610545969447,96.4095498433555,-4.96081682460194));
#9405=CARTESIAN_POINT('Ctrl Pts',(32.8401636206328,96.0088391947911,-4.93435642863848));
#9406=CARTESIAN_POINT('Ctrl Pts',(32.9375406204397,95.5422789641779,-4.90789603267502));
#9407=CARTESIAN_POINT('Ctrl Pts',(33.2086235646431,95.2233782125508,-4.88143563671156));
#9408=CARTESIAN_POINT('Ctrl Pts',(33.4797065088466,94.9044774609237,-4.8549752407481));
#9409=CARTESIAN_POINT('Ctrl Pts',(33.9244953974467,94.7332361882827,-4.82851484478463));
#9410=CARTESIAN_POINT('Ctrl Pts',(34.3394442534624,94.7880184748337,-4.80205444882117));
#9411=CARTESIAN_POINT('Ctrl Pts',(34.754393109478,94.8428007613846,-4.77559405285771));
#9412=CARTESIAN_POINT('Ctrl Pts',(35.1395019329092,95.1236066071275,-4.74913365689425));
#9413=CARTESIAN_POINT('Ctrl Pts',(35.3185357643686,95.5019325766537,-4.72267326093079));
#9414=CARTESIAN_POINT('Ctrl Pts',(35.497569595828,95.8802585461799,-4.69621286496733));
#9415=CARTESIAN_POINT('Ctrl Pts',(35.4705284353155,96.3561046394894,-4.66975246900386));
#9416=CARTESIAN_POINT('Ctrl Pts',(35.2497869612214,96.7117123638697,-4.6432920730404));
#9417=CARTESIAN_POINT('Ctrl Pts',(35.0290454871273,97.0673200882499,-4.61683167707694));
#9418=CARTESIAN_POINT('Ctrl Pts',(34.6146036994515,97.3026894437008,-4.59037128111348));
#9419=CARTESIAN_POINT('Ctrl Pts',(34.1961200197832,97.3101098137034,-4.56391088515002));
#9420=CARTESIAN_POINT('Ctrl Pts',(33.7776363401149,97.317530183706,-4.53745048918656));
#9421=CARTESIAN_POINT('Ctrl Pts',(33.355110768454,97.0970015682604,-4.51099009322309));
#9422=CARTESIAN_POINT('Ctrl Pts',(33.1219010584227,96.7494431082044,-4.48452969725963));
#9423=CARTESIAN_POINT('Ctrl Pts',(32.8886913483914,96.4018846481483,-4.45806930129617));
#9424=CARTESIAN_POINT('Ctrl Pts',(32.8447974999897,95.9272963434819,-4.43160890533271));
#9425=CARTESIAN_POINT('Ctrl Pts',(33.0103063822629,95.5428610928846,-4.40514850936925));
#9426=CARTESIAN_POINT('Ctrl Pts',(33.1758152645361,95.1584258422873,-4.37868811340579));
#9427=CARTESIAN_POINT('Ctrl Pts',(33.5507268774842,94.8641436457592,-4.35222771744232));
#9428=CARTESIAN_POINT('Ctrl Pts',(33.9634727482841,94.7946850374914,-4.32576732147886));
#9429=CARTESIAN_POINT('Ctrl Pts',(34.3762186190839,94.7252264292237,-4.2993069255154));
#9430=CARTESIAN_POINT('Ctrl Pts',(34.8267987477355,94.8805914092163,-4.27284652955194));
#9431=CARTESIAN_POINT('Ctrl Pts',(35.1090169471536,95.1896812663559,-4.24638613358847));
#9432=CARTESIAN_POINT('Ctrl Pts',(35.3912351465717,95.4987711234955,-4.21992573762501));
#9433=CARTESIAN_POINT('Ctrl Pts',(35.5050914167563,95.961585857782,-4.19346534166155));
#9434=CARTESIAN_POINT('Ctrl Pts',(35.3984824215604,96.3663304366491,-4.16700494569809));
#9435=CARTESIAN_POINT('Ctrl Pts',(35.2918734263646,96.7710750155161,-4.14054454973463));
#9436=CARTESIAN_POINT('Ctrl Pts',(34.9647991657883,97.1177494389637,-4.11408415377116));
#9437=CARTESIAN_POINT('Ctrl Pts',(34.5669365991378,97.2477072429233,-4.0876237578077));
#9438=CARTESIAN_POINT('Ctrl Pts',(34.1690740324872,97.3776650468828,-4.06116336184424));
#9439=CARTESIAN_POINT('Ctrl Pts',(33.7004231597624,97.2909062313545,-4.03470296588078));
#9440=CARTESIAN_POINT('Ctrl Pts',(33.3754497764371,97.0271336952881,-4.00824256991732));
#9441=CARTESIAN_POINT('Ctrl Pts',(33.0504763931118,96.7633611592216,-3.98178217395386));
#9442=CARTESIAN_POINT('Ctrl Pts',(32.869180499186,96.322574902617,-3.9553217779904));
#9443=CARTESIAN_POINT('Ctrl Pts',(32.9145273951081,95.9064892009214,-3.92886138202693));
#9444=CARTESIAN_POINT('Ctrl Pts',(32.9598742910303,95.4904034992258,-3.90240098606347));
#9445=CARTESIAN_POINT('Ctrl Pts',(33.2318639768004,95.0990183524392,-3.87594059010001));
#9446=CARTESIAN_POINT('Ctrl Pts',(33.6060275286937,94.9114409186263,-3.84948019413655));
#9447=CARTESIAN_POINT('Ctrl Pts',(33.9801910805869,94.7238634848134,-3.82301979817309));
#9448=CARTESIAN_POINT('Ctrl Pts',(34.4565284986031,94.7400937639742,-3.79655940220962));
#9449=CARTESIAN_POINT('Ctrl Pts',(34.8170563942115,94.9527043866733,-3.77009900624616));
#9450=CARTESIAN_POINT('Ctrl Pts',(35.1775842898198,95.1653150093725,-3.7436386102827));
#9451=CARTESIAN_POINT('Ctrl Pts',(35.4223026630202,95.5743059756102,-3.71717821431924));
#9452=CARTESIAN_POINT('Ctrl Pts',(35.4392226715657,95.9925133043545,-3.69071781835578));
#9453=CARTESIAN_POINT('Ctrl Pts',(35.4561426801112,96.4107206330988,-3.66425742239232));
#9454=CARTESIAN_POINT('Ctrl Pts',(35.2452643240019,96.8381443243498,-3.63779702642885));
#9455=CARTESIAN_POINT('Ctrl Pts',(34.9030903427573,97.0791850986395,-3.61133663046539));
#9456=CARTESIAN_POINT('Ctrl Pts',(34.5609163615126,97.3202258729291,-3.58487623450193));
#9457=CARTESIAN_POINT('Ctrl Pts',(34.0874467551327,97.3748837302574,-3.55841583853847));
#9458=CARTESIAN_POINT('Ctrl Pts',(33.699352902794,97.2181459942319,-3.53195544257501));
#9459=CARTESIAN_POINT('Ctrl Pts',(33.3112590504552,97.0614082582064,-3.50549504661155));
#9460=CARTESIAN_POINT('Ctrl Pts',(33.0085409521576,96.6932749288271,-3.47903465064808));
#9461=CARTESIAN_POINT('Ctrl Pts',(32.9297287698743,96.2822124574173,-3.45257425468462));
#9462=CARTESIAN_POINT('Ctrl Pts',(32.8509165875909,95.8711499860075,-3.42611385872116));
#9463=CARTESIAN_POINT('Ctrl Pts',(32.9960103213217,95.4171583725671,-3.3996534627577));
#9464=CARTESIAN_POINT('Ctrl Pts',(33.2986132991117,95.1279952146636,-3.37319306679424));
#9465=CARTESIAN_POINT('Ctrl Pts',(33.6012162769016,94.8388320567601,-3.34673267083078));
#9466=CARTESIAN_POINT('Ctrl Pts',(34.0613284987505,94.7144973543936,-3.32027227486731));
#9467=CARTESIAN_POINT('Ctrl Pts',(34.4683883421173,94.8118891587398,-3.29381187890385));
#9468=CARTESIAN_POINT('Ctrl Pts',(34.875448185484,94.909280963086,-3.26735148294039));
#9469=CARTESIAN_POINT('Ctrl Pts',(35.2294556503686,95.228399274145,-3.24089108697693));
#9470=CARTESIAN_POINT('Ctrl Pts',(35.3684151045299,95.6232088881671,-3.21443069101347));
#9471=CARTESIAN_POINT('Ctrl Pts',(35.5073745586911,96.0180185021892,-3.18797029505001));
#9472=CARTESIAN_POINT('Ctrl Pts',(35.4312860021291,96.4885194191744,-3.16150989908654));
#9473=CARTESIAN_POINT('Ctrl Pts',(35.1749562405789,96.8193973834528,-3.13504950312308));
#9474=CARTESIAN_POINT('Ctrl Pts',(34.9186264790287,97.1502753477311,-3.10858910715962));
#9475=CARTESIAN_POINT('Ctrl Pts',(34.4820555124903,97.3415303593026,-3.08212871119616));
#9476=CARTESIAN_POINT('Ctrl Pts',(34.0650546917865,97.3056432372684,-3.0556683152327));
#9477=CARTESIAN_POINT('Ctrl Pts',(33.6480538710828,97.2697561152341,-3.02920791926924));
#9478=CARTESIAN_POINT('Ctrl Pts',(33.2506231962136,97.006726859594,-3.00274752330577));
#9479=CARTESIAN_POINT('Ctrl Pts',(33.0545845458732,96.6369166368416,-2.97628712734231));
#9480=CARTESIAN_POINT('Ctrl Pts',(32.8585458955327,96.2671064140891,-2.94982673137885));
#9481=CARTESIAN_POINT('Ctrl Pts',(32.8638992697211,95.7905152242243,-2.92336633541539));
#9482=CARTESIAN_POINT('Ctrl Pts',(33.0682978995928,95.4252569961503,-2.89690593945193));
#9483=CARTESIAN_POINT('Ctrl Pts',(33.2726965294645,95.0599987680762,-2.87044554348847));
#9484=CARTESIAN_POINT('Ctrl Pts',(33.6761404150196,94.8060735017931,-2.843985147525));
#9485=CARTESIAN_POINT('Ctrl Pts',(34.0937990883926,94.7796547322494,-2.81752475156154));
#9486=CARTESIAN_POINT('Ctrl Pts',(34.5114577617656,94.7532359627057,-2.79106435559808));
#9487=CARTESIAN_POINT('Ctrl Pts',(34.9433312229565,94.9543236899016,-2.76460395963462));
#9488=CARTESIAN_POINT('Ctrl Pts',(35.1921927353122,95.29095200203,-2.73814356367116));
#9489=CARTESIAN_POINT('Ctrl Pts',(35.441054247668,95.6275803141584,-2.71168316770769));
#9490=CARTESIAN_POINT('Ctrl Pts',(35.5069038111885,96.0997492112194,-2.68522277174423));
#9491=CARTESIAN_POINT('Ctrl Pts',(35.3587762279383,96.491275416149,-2.65876237578077));
#9492=CARTESIAN_POINT('Ctrl Pts',(35.2106486446882,96.8828016210786,-2.63230197981731));
#9493=CARTESIAN_POINT('Ctrl Pts',(34.8485439146674,97.1936851338769,-2.60584158385385));
#9494=CARTESIAN_POINT('Ctrl Pts',(34.440091429544,97.2817753721423,-2.57938118789038));
#9495=CARTESIAN_POINT('Ctrl Pts',(34.0316389444207,97.3698656104078,-2.55292079192692));
#9496=CARTESIAN_POINT('Ctrl Pts',(33.5768387041949,97.2351625741405,-2.52646039596346));
#9497=CARTESIAN_POINT('Ctrl Pts',(33.2795283469764,96.9378522169219,-2.5));
#9498=CARTESIAN_POINT('Ctrl Pts',(34.8445056799737,94.6541756206953,-2.5));
#9499=CARTESIAN_POINT('Ctrl Pts',(34.3824681235839,94.4311135772774,-2.52646039596346));
#9500=CARTESIAN_POINT('Ctrl Pts',(33.2261877216399,94.4862782986538,-2.57938118789038));
#9501=CARTESIAN_POINT('Ctrl Pts',(32.3494054333576,95.9974285525013,-2.65876237578077));
#9502=CARTESIAN_POINT('Ctrl Pts',(33.146301682553,97.5500800374575,-2.73814356367116));
#9503=CARTESIAN_POINT('Ctrl Pts',(34.8815154772072,97.7244329926893,-2.81752475156154));
#9504=CARTESIAN_POINT('Ctrl Pts',(35.9698596615676,96.3603164646889,-2.89690593945193));
#9505=CARTESIAN_POINT('Ctrl Pts',(35.4137436418462,94.7065307460494,-2.97628712734231));
#9506=CARTESIAN_POINT('Ctrl Pts',(33.7228987185644,94.2765505683083,-3.0556683152327));
#9507=CARTESIAN_POINT('Ctrl Pts',(32.4444905367813,95.463989023315,-3.13504950312308));
#9508=CARTESIAN_POINT('Ctrl Pts',(32.7487683262513,97.1820083148004,-3.21443069101346));
#9509=CARTESIAN_POINT('Ctrl Pts',(34.357147356571,97.8582143750927,-3.29381187890385));
#9510=CARTESIAN_POINT('Ctrl Pts',(35.7976105254143,96.8737017177671,-3.37319306679424));
#9511=CARTESIAN_POINT('Ctrl Pts',(35.7517532940131,95.1295479634442,-3.45257425468462));
#9512=CARTESIAN_POINT('Ctrl Pts',(34.2615585138001,94.2220832032628,-3.53195544257501));
#9513=CARTESIAN_POINT('Ctrl Pts',(32.6909172470298,94.981863576719,-3.61133663046539));
#9514=CARTESIAN_POINT('Ctrl Pts',(32.4773581840204,96.713501324857,-3.69071781835578));
#9515=CARTESIAN_POINT('Ctrl Pts',(33.8163391948341,97.8321194962583,-3.77009900624616));
#9516=CARTESIAN_POINT('Ctrl Pts',(35.4823619271461,97.3139053617929,-3.84948019413655));
#9517=CARTESIAN_POINT('Ctrl Pts',(35.9506027153718,95.6331532318431,-3.92886138202693));
#9518=CARTESIAN_POINT('Ctrl Pts',(34.7925055080647,94.3281673870561,-4.00824256991732));
#9519=CARTESIAN_POINT('Ctrl Pts',(33.0680158727275,94.5933329837251,-4.0876237578077));
#9520=CARTESIAN_POINT('Ctrl Pts',(32.3554688249829,96.1859578412426,-4.16700494569809));
#9521=CARTESIAN_POINT('Ctrl Pts',(33.307021300947,97.6483959176399,-4.24638613358848));
#9522=CARTESIAN_POINT('Ctrl Pts',(35.0517672122151,97.6421542998401,-4.32576732147886));
#9523=CARTESIAN_POINT('Ctrl Pts',(35.992832079141,96.172945614694,-4.40514850936925));
#9524=CARTESIAN_POINT('Ctrl Pts',(35.2689085626866,94.5854595554063,-4.48452969725963));
#9525=CARTESIAN_POINT('Ctrl Pts',(33.5425659079045,94.3326388966088,-4.56391088515002));
#9526=CARTESIAN_POINT('Ctrl Pts',(32.3938350529326,95.6458771343212,-4.6432920730404));
#9527=CARTESIAN_POINT('Ctrl Pts',(32.8740891326398,97.3232361493755,-4.72267326093079));
#9528=CARTESIAN_POINT('Ctrl Pts',(34.5437767629137,97.8295171621309,-4.80205444882117));
#9529=CARTESIAN_POINT('Ctrl Pts',(35.8747203804081,96.7013477007992,-4.88143563671156));
#9530=CARTESIAN_POINT('Ctrl Pts',(35.6487770599245,94.9712821348722,-4.96081682460194));
#9531=CARTESIAN_POINT('Ctrl Pts',(34.0727408787641,94.2227587871001,-5.04019801249233));
#9532=CARTESIAN_POINT('Ctrl Pts',(32.589075138003,95.1408618402273,-5.11957920038271));
#9533=CARTESIAN_POINT('Ctrl Pts',(32.5557013166428,96.8852996965363,-5.1989603882731));
#9534=CARTESIAN_POINT('Ctrl Pts',(34.0031647239277,97.8594798292882,-5.27834157616348));
#9535=CARTESIAN_POINT('Ctrl Pts',(35.6066779789582,97.1717862293349,-5.35772276405387));
#9536=CARTESIAN_POINT('Ctrl Pts',(35.8986294553027,95.4516287999303,-5.43710395194425));
#9537=CARTESIAN_POINT('Ctrl Pts',(34.6118112707103,94.273377465843,-5.51648513983464));
#9538=CARTESIAN_POINT('Ctrl Pts',(32.9239806547443,94.7154239094252,-5.59586632772502));
#9539=CARTESIAN_POINT('Ctrl Pts',(32.3799204943994,96.3731861928667,-5.67524751561541));
#9540=CARTESIAN_POINT('Ctrl Pts',(33.4775805348965,97.7294013977557,-5.7546287035058));
#9541=CARTESIAN_POINT('Ctrl Pts',(35.2123300803246,97.5427968396314,-5.83400989139618));
#9542=CARTESIAN_POINT('Ctrl Pts',(35.9964438070348,95.9841618887657,-5.91339107928656));
#9543=CARTESIAN_POINT('Ctrl Pts',(35.1122635240798,94.4800334123017,-5.99277226717696));
#9544=CARTESIAN_POINT('Ctrl Pts',(33.3690330958655,94.407061358584,-6.07215345506733));
#9545=CARTESIAN_POINT('Ctrl Pts',(32.3622399534887,95.8320332231969,-6.15153464295772));
#9546=CARTESIAN_POINT('Ctrl Pts',(33.0133490842385,97.4507469552478,-6.2309158308481));
#9547=CARTESIAN_POINT('Ctrl Pts',(34.7264344317715,97.7816787284939,-6.3102970187385));
#9548=CARTESIAN_POINT('Ctrl Pts',(35.9335987771384,96.521944038271,-6.38967820662887));
#9549=CARTESIAN_POINT('Ctrl Pts',(35.5299878743784,94.8245120114585,-6.46905939451926));
#9550=CARTESIAN_POINT('Ctrl Pts',(33.8850056255714,94.2429532030943,-6.54844058240965));
#9551=CARTESIAN_POINT('Ctrl Pts',(32.504218053356,95.3095379052586,-6.62782177030003));
#9552=CARTESIAN_POINT('Ctrl Pts',(32.6513876419268,97.0480770502526,-6.70720295819042));
#9553=CARTESIAN_POINT('Ctrl Pts',(34.1918177814705,97.8673768925944,-6.78658414608081));
#9554=CARTESIAN_POINT('Ctrl Pts',(35.7156335143531,97.0175752341498,-6.86596533397118));
#9555=CARTESIAN_POINT('Ctrl Pts',(35.8281661784335,95.2764509864321,-6.94534652186158));
#9556=CARTESIAN_POINT('Ctrl Pts',(34.4264205252222,94.2375639039349,-7.02472770975196));
#9557=CARTESIAN_POINT('Ctrl Pts',(32.7933408718308,94.8517528749808,-7.10410889764235));
#9558=CARTESIAN_POINT('Ctrl Pts',(32.4235994192454,96.5568829300545,-7.18349008553272));
#9559=CARTESIAN_POINT('Ctrl Pts',(33.6556011372326,97.7923379123801,-7.26287127342311));
#9560=CARTESIAN_POINT('Ctrl Pts',(35.3617594346427,97.4273706389783,-7.3422524613135));
#9561=CARTESIAN_POINT('Ctrl Pts',(35.9805170583895,95.7960165236706,-7.42163364920389));
#9562=CARTESIAN_POINT('Ctrl Pts',(34.9455575906285,94.3913684728878,-7.50101483709426));
#9563=CARTESIAN_POINT('Ctrl Pts',(33.2041251797992,94.4990272160953,-7.58039602498466));
#9564=CARTESIAN_POINT('Ctrl Pts',(32.3500616259374,96.0204583490884,-7.65977721287504));
#9565=CARTESIAN_POINT('Ctrl Pts',(33.1650465300241,97.5631757090046,-7.73915840076543));
#9566=CARTESIAN_POINT('Ctrl Pts',(34.9031669307211,97.7152109652988,-7.81853958865581));
#9567=CARTESIAN_POINT('Ctrl Pts',(35.9736123372517,96.3374142175476,-7.89792077654619));
#9568=CARTESIAN_POINT('Ctrl Pts',(35.3966601815877,94.6908106050925,-7.97730196443658));
#9569=CARTESIAN_POINT('Ctrl Pts',(33.7003645280728,94.282450099727,-8.05668315232696));
#9570=CARTESIAN_POINT('Ctrl Pts',(32.4372558688343,95.4860836658231,-8.13606434021735));
#9571=CARTESIAN_POINT('Ctrl Pts',(32.7633913477284,97.200088594603,-8.21544552810774));
#9572=CARTESIAN_POINT('Ctrl Pts',(34.3802762568906,97.8557260226071,-8.29482671599812));
#9573=CARTESIAN_POINT('Ctrl Pts',(35.8080605958016,96.8529253803871,-8.37420790388851));
#9574=CARTESIAN_POINT('Ctrl Pts',(35.7399682032726,95.1094975291253,-8.45358909177889));
#9575=CARTESIAN_POINT('Ctrl Pts',(34.2383204767937,94.2211105908846,-8.53297027966928));
#9576=CARTESIAN_POINT('Ctrl Pts',(32.677496864288,95.000858561142,-8.61235146755967));
#9577=CARTESIAN_POINT('Ctrl Pts',(32.4860374001688,96.735078996979,-8.69173265545004));
#9578=CARTESIAN_POINT('Ctrl Pts',(33.8391748956715,97.8365308410199,-8.77111384334044));
#9579=CARTESIAN_POINT('Ctrl Pts',(35.4984535324037,97.2971129583354,-8.85049503123082));
#9580=CARTESIAN_POINT('Ctrl Pts',(35.9452225532736,95.6105262607517,-8.9298762191212));
#9581=CARTESIAN_POINT('Ctrl Pts',(34.7705776930364,94.3204151419737,-9.00925740701159));
#9582=CARTESIAN_POINT('Ctrl Pts',(33.0496098175797,94.6075506816101,-9.08863859490197));
#9583=CARTESIAN_POINT('Ctrl Pts',(32.3574306104607,96.2091327718282,-9.16801978279236));
#9584=CARTESIAN_POINT('Ctrl Pts',(33.3275554160368,97.6593172801175,-9.24740097068275));
#9585=CARTESIAN_POINT('Ctrl Pts',(35.0720798535446,97.63082634447,-9.32678215857313));
#9586=CARTESIAN_POINT('Ctrl Pts',(35.9943321530128,96.1497362247943,-9.40616334646352));
#9587=CARTESIAN_POINT('Ctrl Pts',(35.2502231290495,94.5716110691323,-9.4855445343539));
#9588=CARTESIAN_POINT('Ctrl Pts',(33.5207967652178,94.340826107405,-9.56492572224429));
#9589=CARTESIAN_POINT('Ctrl Pts',(32.3889063560915,95.6686067173718,-9.64430691013467));
#9590=CARTESIAN_POINT('Ctrl Pts',(32.8905118596379,97.3397049087681,-9.72368809802505));
#9591=CARTESIAN_POINT('Ctrl Pts',(34.5665200525376,97.8246521056968,-9.80306928591544));
#9592=CARTESIAN_POINT('Ctrl Pts',(35.8829684918989,96.6796015596603,-9.88245047380583));
#9593=CARTESIAN_POINT('Ctrl Pts',(35.6349809291822,94.9525580120871,-9.9618316616962));
#9594=CARTESIAN_POINT('Ctrl Pts',(34.0495273810743,94.2241938907376,-10.0412128495866));
#9595=CARTESIAN_POINT('Ctrl Pts',(32.5776903709505,95.1611426951551,-10.120594037477));
#9596=CARTESIAN_POINT('Ctrl Pts',(32.5665651607226,96.9058642993612,-10.1999752253674));
#9597=CARTESIAN_POINT('Ctrl Pts',(34.0263340721388,97.8615064770305,-10.2793564132577));
#9598=CARTESIAN_POINT('Ctrl Pts',(35.6209471414062,97.1534200375669,-10.3587376011481));
#9599=CARTESIAN_POINT('Ctrl Pts',(35.8909386156069,95.4296793811961,-10.4381187890385));
#9600=CARTESIAN_POINT('Ctrl Pts',(34.5891994512498,94.2679339725814,-10.5174999769289));
#9601=CARTESIAN_POINT('Ctrl Pts',(32.9071432686471,94.7314684855601,-10.5968811648193));
#9602=CARTESIAN_POINT('Ctrl Pts',(32.3842679183809,96.3960340791368,-10.6762623527097));
#9603=CARTESIAN_POINT('Ctrl Pts',(33.4991338000083,97.7381411211017,-10.7556435406001));
#9604=CARTESIAN_POINT('Ctrl Pts',(35.2313626121715,97.5294293902809,-10.8350247284904));
#9605=CARTESIAN_POINT('Ctrl Pts',(35.9955361282048,95.9609217906584,-10.9144059163808));
#9606=CARTESIAN_POINT('Ctrl Pts',(35.0922463828317,94.4681911124337,-10.9937871042712));
#9607=CARTESIAN_POINT('Ctrl Pts',(33.3482271374433,94.4174554864158,-11.0731682921616));
#9608=CARTESIAN_POINT('Ctrl Pts',(32.3596877707472,95.8551505919701,-11.152549480052));
#9609=CARTESIAN_POINT('Ctrl Pts',(33.0313865766146,97.4654294221304,-11.2319306679424));
#9610=CARTESIAN_POINT('Ctrl Pts',(34.7485527875561,97.7744882548632,-11.3113118558328));
#9611=CARTESIAN_POINT('Ctrl Pts',(35.9395543051295,96.4994615810725,-11.3906930437231));
#9612=CARTESIAN_POINT('Ctrl Pts',(35.514329632197,94.8073147971798,-11.4700742316135));
#9613=CARTESIAN_POINT('Ctrl Pts',(33.8620650990541,94.2467805192912,-11.5494554195039));
#9614=CARTESIAN_POINT('Ctrl Pts',(32.4949908727644,95.3308876471089,-11.6288366073943));
#9615=CARTESIAN_POINT('Ctrl Pts',(32.6643202162227,97.0674072546544,-11.7082177952847));
#9616=CARTESIAN_POINT('Ctrl Pts',(34.2150711106932,97.8669989427609,-11.7875989831751));
#9617=CARTESIAN_POINT('Ctrl Pts',(35.7279299989115,96.9978284775659,-11.8669801710655));
#9618=CARTESIAN_POINT('Ctrl Pts',(35.8182416458718,95.2554216514852,-11.9463613589558));
#9619=CARTESIAN_POINT('Ctrl Pts',(34.4033779447811,94.2344730894044,-12.0257425468462));
#9620=CARTESIAN_POINT('Ctrl Pts',(32.7782310274558,94.8694810112347,-12.1051237347366));
#9621=CARTESIAN_POINT('Ctrl Pts',(32.4303288317546,96.5791018961286,-12.184504922627));
#9622=CARTESIAN_POINT('Ctrl Pts',(33.6778571567509,97.7989155330819,-12.2638861105174));
#9623=CARTESIAN_POINT('Ctrl Pts',(35.3794775520587,97.4118819481462,-12.3432672984078));
#9624=CARTESIAN_POINT('Ctrl Pts',(35.9768734085189,95.7734424293232,-12.4226484862982));
#9625=CARTESIAN_POINT('Ctrl Pts',(34.9251035242424,94.3807650164788,-12.5020296741885));
#9626=CARTESIAN_POINT('Ctrl Pts',(33.1830522147627,94.5133527455088,-12.5814108620789));
#9627=CARTESIAN_POINT('Ctrl Pts',(32.6306648717868,95.530650999574,-12.6343316540058));
#9628=CARTESIAN_POINT('Ctrl Pts',(32.6306648717868,96.0437156921114,-12.6607920499693));
#9629=CARTESIAN_POINT('Ctrl Pts',(34.8041450912763,94.7377761629052,-2.44640265001023));
#9630=CARTESIAN_POINT('Ctrl Pts',(34.3699056466719,94.5281344649381,-2.47286304597369));
#9631=CARTESIAN_POINT('Ctrl Pts',(33.2831919096537,94.5799802459594,-2.52578383790062));
#9632=CARTESIAN_POINT('Ctrl Pts',(32.4591605108263,96.0002133804083,-2.605165025791));
#9633=CARTESIAN_POINT('Ctrl Pts',(33.208112148788,97.4594508583304,-2.68454621368138));
#9634=CARTESIAN_POINT('Ctrl Pts',(34.8389282243212,97.6233140105743,-2.76392740157177));
#9635=CARTESIAN_POINT('Ctrl Pts',(35.8617930707372,96.341268438082,-2.84330858946215));
#9636=CARTESIAN_POINT('Ctrl Pts',(35.3391353166223,94.7869813849517,-2.92268977735254));
#9637=CARTESIAN_POINT('Ctrl Pts',(33.7500186955945,94.3828706130217,-3.00207096524292));
#9638=CARTESIAN_POINT('Ctrl Pts',(32.5485248967509,95.4988678043175,-3.08145215313331));
#9639=CARTESIAN_POINT('Ctrl Pts',(32.8344960618166,97.1135238699053,-3.16083334102369));
#9640=CARTESIAN_POINT('Ctrl Pts',(34.3461082829023,97.7490465454944,-3.24021452891408));
#9641=CARTESIAN_POINT('Ctrl Pts',(35.6999071630174,96.8237662871892,-3.31959571680447));
#9642=CARTESIAN_POINT('Ctrl Pts',(35.6568088944473,95.1845481173508,-3.39897690469485));
#9643=CARTESIAN_POINT('Ctrl Pts',(34.2562704646965,94.3316802324579,-3.47835809258524));
#9644=CARTESIAN_POINT('Ctrl Pts',(32.7801255454733,95.0457490409957,-3.55773928047562));
#9645=CARTESIAN_POINT('Ctrl Pts',(32.5794150888687,96.6732042199273,-3.63712046836601));
#9646=CARTESIAN_POINT('Ctrl Pts',(33.8378374020131,97.7245216437082,-3.71650165625639));
#9647=CARTESIAN_POINT('Ctrl Pts',(35.4036252388943,97.237485438914,-3.79588284414678));
#9648=CARTESIAN_POINT('Ctrl Pts',(35.8436947029634,95.65785438656,-3.87526403203716));
#9649=CARTESIAN_POINT('Ctrl Pts',(34.7552734671913,94.4313819480753,-3.95464521992755));
#9650=CARTESIAN_POINT('Ctrl Pts',(33.1345363406985,94.6805940734389,-4.03402640781794));
#9651=CARTESIAN_POINT('Ctrl Pts',(32.4648591034523,96.1773999586475,-4.11340759570832));
#9652=CARTESIAN_POINT('Ctrl Pts',(33.3591622027571,97.5518516439717,-4.19278878359871));
#9653=CARTESIAN_POINT('Ctrl Pts',(34.9989369029023,97.5459855480033,-4.27216997148909));
#9654=CARTESIAN_POINT('Ctrl Pts',(35.8833833715912,96.1651706020694,-4.35155115937948));
#9655=CARTESIAN_POINT('Ctrl Pts',(35.2030141215728,94.6731943434971,-4.43093234726986));
#9656=CARTESIAN_POINT('Ctrl Pts',(33.5805354610351,94.4355844329119,-4.51031353516025));
#9657=CARTESIAN_POINT('Ctrl Pts',(32.5009170586683,95.6698127658495,-4.58969472305063));
#9658=CARTESIAN_POINT('Ctrl Pts',(32.9522770443599,97.2462548472912,-4.66907591094102));
#9659=CARTESIAN_POINT('Ctrl Pts',(34.5215092836138,97.7220758768857,-4.7484570988314));
#9660=CARTESIAN_POINT('Ctrl Pts',(35.7723777666361,96.6617818087232,-4.82783828672179));
#9661=CARTESIAN_POINT('Ctrl Pts',(35.5600281412819,95.0358042229455,-4.90721947461217));
#9662=CARTESIAN_POINT('Ctrl Pts',(34.0788128882817,94.332315170346,-4.98660066250256));
#9663=CARTESIAN_POINT('Ctrl Pts',(32.6844106836627,95.1951813039883,-5.06598185039294));
#9664=CARTESIAN_POINT('Ctrl Pts',(32.6530447709758,96.8346664830491,-5.14536303828333));
#9665=CARTESIAN_POINT('Ctrl Pts',(34.0134227259106,97.750235864673,-5.22474422617371));
#9666=CARTESIAN_POINT('Ctrl Pts',(35.5204619170987,97.1039167878536,-5.3041254140641));
#9667=CARTESIAN_POINT('Ctrl Pts',(35.7948483715894,95.487251223666,-5.38350660195449));
#9668=CARTESIAN_POINT('Ctrl Pts',(34.5854505508787,94.3798884176719,-5.46288778984487));
#9669=CARTESIAN_POINT('Ctrl Pts',(32.9991668838319,94.7953394984245,-5.54226897773525));
#9670=CARTESIAN_POINT('Ctrl Pts',(32.4878396581717,96.3533638695875,-5.62165016562565));
#9671=CARTESIAN_POINT('Ctrl Pts',(33.5194598798574,97.6279834956122,-5.70103135351602));
#9672=CARTESIAN_POINT('Ctrl Pts',(35.1498396373396,97.4526058481465,-5.78041254140641));
#9673=CARTESIAN_POINT('Ctrl Pts',(35.8867778028295,95.9877448946485,-5.85979372929679));
#9674=CARTESIAN_POINT('Ctrl Pts',(35.0557935036296,94.5741110780886,-5.93917491718718));
#9675=CARTESIAN_POINT('Ctrl Pts',(33.4174431087396,94.5055293283155,-6.01855610507757));
#9676=CARTESIAN_POINT('Ctrl Pts',(32.4712228525481,95.8447689258525,-6.09793729296795));
#9677=CARTESIAN_POINT('Ctrl Pts',(33.0831585348395,97.3660940697902,-6.17731848085833));
#9678=CARTESIAN_POINT('Ctrl Pts',(34.6931775031788,97.6771156034921,-6.25669966874873));
#9679=CARTESIAN_POINT('Ctrl Pts',(35.8277137927702,96.493171820858,-6.3360808566391));
#9680=CARTESIAN_POINT('Ctrl Pts',(35.4483858099538,94.8978644039971,-6.41546204452949));
#9681=CARTESIAN_POINT('Ctrl Pts',(33.9023725730916,94.3512946058145,-6.49484323241987));
#9682=CARTESIAN_POINT('Ctrl Pts',(32.6046589561283,95.3537091114885,-6.57422442031026));
#9683=CARTESIAN_POINT('Ctrl Pts',(32.7429742067391,96.9876504703773,-6.65360560820065));
#9684=CARTESIAN_POINT('Ctrl Pts',(34.1907256265024,97.7576578076227,-6.73298679609104));
#9685=CARTESIAN_POINT('Ctrl Pts',(35.6228622317965,96.9589837711,-6.81236798398141));
#9686=CARTESIAN_POINT('Ctrl Pts',(35.7286244601571,95.322612840079,-6.89174917187181));
#9687=CARTESIAN_POINT('Ctrl Pts',(34.4112136880044,94.3462295494323,-6.97113035976218));
#9688=CARTESIAN_POINT('Ctrl Pts',(32.8763869366369,94.9234663432398,-7.05051154765258));
#9689=CARTESIAN_POINT('Ctrl Pts',(32.5288906762194,96.5260086427858,-7.12989273554295));
#9690=CARTESIAN_POINT('Ctrl Pts',(33.6867700182162,97.6871334862956,-7.20927392343335));
#9691=CARTESIAN_POINT('Ctrl Pts',(35.2902786967392,97.3441241704748,-7.28865511132372));
#9692=CARTESIAN_POINT('Ctrl Pts',(35.8718092739935,95.8109191416035,-7.36803629921412));
#9693=CARTESIAN_POINT('Ctrl Pts',(34.8991172963538,94.4907805922556,-7.44741748710449));
#9694=CARTESIAN_POINT('Ctrl Pts',(33.2624567426029,94.5919621352075,-7.52679867499489));
#9695=CARTESIAN_POINT('Ctrl Pts',(32.459777224116,96.0218576081145,-7.60617986288527));
#9696=CARTESIAN_POINT('Ctrl Pts',(33.2257292278381,97.4717586395069,-7.68556105077566));
#9697=CARTESIAN_POINT('Ctrl Pts',(34.8592770358382,97.614646818921,-7.76494223866604));
#9698=CARTESIAN_POINT('Ctrl Pts',(35.8653199697572,96.3197440859136,-7.84432342655643));
#9699=CARTESIAN_POINT('Ctrl Pts',(35.3230796687816,94.7722070334215,-7.92370461444681));
#9700=CARTESIAN_POINT('Ctrl Pts',(33.7288402562482,94.3884152039567,-8.0030858023372));
#9701=CARTESIAN_POINT('Ctrl Pts',(32.5417254966853,95.5196331407251,-8.08246699022758));
#9702=CARTESIAN_POINT('Ctrl Pts',(32.8482393011633,97.1305163644575,-8.16184817811797));
#9703=CARTESIAN_POINT('Ctrl Pts',(34.367845651846,97.7467079027014,-8.24122936600835));
#9704=CARTESIAN_POINT('Ctrl Pts',(35.7097285134645,96.8042399411595,-8.32061055389874));
#9705=CARTESIAN_POINT('Ctrl Pts',(35.6457328440549,95.1657040010182,-8.39999174178913));
#9706=CARTESIAN_POINT('Ctrl Pts',(34.2344305251855,94.3307661365081,-8.4793729296795));
#9707=CARTESIAN_POINT('Ctrl Pts',(32.7675125890857,95.0636012077125,-8.5587541175699));
#9708=CARTESIAN_POINT('Ctrl Pts',(32.5875721270744,96.6934836890495,-8.63813530546027));
#9709=CARTESIAN_POINT('Ctrl Pts',(33.8592992115816,97.7286675835191,-8.71751649335067));
#9710=CARTESIAN_POINT('Ctrl Pts',(35.4187487058793,97.2217033366799,-8.79689768124104));
#9711=CARTESIAN_POINT('Ctrl Pts',(35.8386382339186,95.6365887486829,-8.87627886913144));
#9712=CARTESIAN_POINT('Ctrl Pts',(34.7346649212243,94.4240961104795,-8.95566005702182));
#9713=CARTESIAN_POINT('Ctrl Pts',(33.1172376708086,94.6939563751562,-9.0350412449122));
#9714=CARTESIAN_POINT('Ctrl Pts',(32.4667028597109,96.1991805884839,-9.11442243280259));
#9715=CARTESIAN_POINT('Ctrl Pts',(33.3784608996027,97.5621159316059,-9.19380362069297));
#9716=CARTESIAN_POINT('Ctrl Pts',(35.0180274507752,97.5353391298056,-9.27318480858336));
#9717=CARTESIAN_POINT('Ctrl Pts',(35.884793194745,96.1433575861353,-9.35256599647374));
#9718=CARTESIAN_POINT('Ctrl Pts',(35.185452881772,94.6601790400764,-9.43194718436413));
#9719=CARTESIAN_POINT('Ctrl Pts',(33.560076041018,94.443279066865,-9.51132837225451));
#9720=CARTESIAN_POINT('Ctrl Pts',(32.4962848928427,95.6911748421213,-9.59070956014491));
#9721=CARTESIAN_POINT('Ctrl Pts',(32.9677117114165,97.261732777241,-9.67009074803528));
#9722=CARTESIAN_POINT('Ctrl Pts',(34.5428842418141,97.7175035225938,-9.74947193592567));
#9723=CARTESIAN_POINT('Ctrl Pts',(35.7801296372432,96.6413440063849,-9.82885312381605));
#9724=CARTESIAN_POINT('Ctrl Pts',(35.547062043465,95.0182066216974,-9.90823431170645));
#9725=CARTESIAN_POINT('Ctrl Pts',(34.0569960116994,94.3336639321467,-9.98761549959682));
#9726=CARTESIAN_POINT('Ctrl Pts',(32.6737108718109,95.2142419778624,-10.0669966874872));
#9727=CARTESIAN_POINT('Ctrl Pts',(32.6632550007597,96.8539938333601,-10.1463778753776));
#9728=CARTESIAN_POINT('Ctrl Pts',(34.0351981092314,97.7521405808111,-10.225759063268));
#9729=CARTESIAN_POINT('Ctrl Pts',(35.5338725870556,97.0866555829958,-10.3051402511584));
#9730=CARTESIAN_POINT('Ctrl Pts',(35.7876202449753,95.4666223737626,-10.3845214390487));
#9731=CARTESIAN_POINT('Ctrl Pts',(34.5641991530471,94.3747724277312,-10.4639026269391));
#9732=CARTESIAN_POINT('Ctrl Pts',(32.9833425053018,94.8104187657556,-10.5432838148295));
#9733=CARTESIAN_POINT('Ctrl Pts',(32.4919255229443,96.374837131462,-10.6226650027199));
#9734=CARTESIAN_POINT('Ctrl Pts',(33.5397164103972,97.6361974006495,-10.7020461906103));
#9735=CARTESIAN_POINT('Ctrl Pts',(35.1677270924703,97.4400426404558,-10.7814273785007));
#9736=CARTESIAN_POINT('Ctrl Pts',(35.885924733754,95.9659030180412,-10.8608085663911));
#9737=CARTESIAN_POINT('Ctrl Pts',(35.0369806773173,94.5629812605088,-10.9401897542814));
#9738=CARTESIAN_POINT('Ctrl Pts',(33.3978889237935,94.5152981019454,-11.0195709421718));
#9739=CARTESIAN_POINT('Ctrl Pts',(32.4688242197944,95.8664954570358,-11.0989521300622));
#9740=CARTESIAN_POINT('Ctrl Pts',(33.1001108162356,97.3798931780583,-11.1783333179526));
#9741=CARTESIAN_POINT('Ctrl Pts',(34.7139651261731,97.6703577388281,-11.257714505843));
#9742=CARTESIAN_POINT('Ctrl Pts',(35.8333110112894,96.4720420023134,-11.3370956937334));
#9743=CARTESIAN_POINT('Ctrl Pts',(35.4336696331099,94.8817018460541,-11.4164768816238));
#9744=CARTESIAN_POINT('Ctrl Pts',(33.8808122445944,94.3548916546617,-11.4958580695141));
#9745=CARTESIAN_POINT('Ctrl Pts',(32.5959869213123,95.3737743635777,-11.5752392574045));
#9746=CARTESIAN_POINT('Ctrl Pts',(32.755128703277,97.0058176888371,-11.6546204452949));
#9747=CARTESIAN_POINT('Ctrl Pts',(34.2125799381861,97.7573025968319,-11.7340016331853));
#9748=CARTESIAN_POINT('Ctrl Pts',(35.6344189084159,96.9404250619795,-11.8133828210757));
#9749=CARTESIAN_POINT('Ctrl Pts',(35.719297028982,95.3028487178742,-11.8927640089661));
#9750=CARTESIAN_POINT('Ctrl Pts',(34.3895574455741,94.3433246912306,-11.9721451968565));
#9751=CARTESIAN_POINT('Ctrl Pts',(32.8621861636939,94.9401278806719,-12.0515263847468));
#9752=CARTESIAN_POINT('Ctrl Pts',(32.5352152191275,96.5468908229336,-12.1309075726372));
#9753=CARTESIAN_POINT('Ctrl Pts',(33.7076870225184,97.6933153698265,-12.2102887605276));
#9754=CARTESIAN_POINT('Ctrl Pts',(35.3069308181084,97.3295673440618,-12.289669948418));
#9755=CARTESIAN_POINT('Ctrl Pts',(35.8683848413382,95.7897031991843,-12.3690511363084));
#9756=CARTESIAN_POINT('Ctrl Pts',(34.8798938321471,94.4808150841314,-12.4484323241988));
#9757=CARTESIAN_POINT('Ctrl Pts',(33.2426516152771,94.6054257808574,-12.5278135120892));
#9758=CARTESIAN_POINT('Ctrl Pts',(32.7234982051202,95.5615191172823,-12.5807343040161));
#9759=CARTESIAN_POINT('Ctrl Pts',(32.7234982051201,96.0437156921114,-12.6071946999795));
#9760=CARTESIAN_POINT('Ctrl Pts',(34.763784502579,94.821376705115,-2.39280530002046));
#9761=CARTESIAN_POINT('Ctrl Pts',(34.35734316976,94.6251553525987,-2.41926569598392));
#9762=CARTESIAN_POINT('Ctrl Pts',(33.3401960976675,94.6736821932651,-2.47218648791084));
#9763=CARTESIAN_POINT('Ctrl Pts',(32.568915588295,96.0029982083153,-2.55156767580123));
#9764=CARTESIAN_POINT('Ctrl Pts',(33.2699226150229,97.3688216792034,-2.63094886369162));
#9765=CARTESIAN_POINT('Ctrl Pts',(34.7963409714351,97.5221950284592,-2.710330051582));
#9766=CARTESIAN_POINT('Ctrl Pts',(35.7537264799067,96.3222204114751,-2.78971123947239));
#9767=CARTESIAN_POINT('Ctrl Pts',(35.2645269913984,94.8674320238539,-2.86909242736277));
#9768=CARTESIAN_POINT('Ctrl Pts',(33.7771386726247,94.4891906577354,-2.94847361525316));
#9769=CARTESIAN_POINT('Ctrl Pts',(32.6525592567204,95.5337465853198,-3.02785480314354));
#9770=CARTESIAN_POINT('Ctrl Pts',(32.9202237973818,97.0450394250103,-3.10723599103392));
#9771=CARTESIAN_POINT('Ctrl Pts',(34.3350692092337,97.6398787158962,-3.18661717892431));
#9772=CARTESIAN_POINT('Ctrl Pts',(35.6022038006205,96.7738308566114,-3.2659983668147));
#9773=CARTESIAN_POINT('Ctrl Pts',(35.5618644948815,95.2395482712574,-3.34537955470508));
#9774=CARTESIAN_POINT('Ctrl Pts',(34.2509824155928,94.4412772616531,-3.42476074259547));
#9775=CARTESIAN_POINT('Ctrl Pts',(32.8693338439168,95.1096345052724,-3.50414193048585));
#9776=CARTESIAN_POINT('Ctrl Pts',(32.681471993717,96.6329071149976,-3.58352311837624));
#9777=CARTESIAN_POINT('Ctrl Pts',(33.859335609192,97.6169237911579,-3.66290430626662));
#9778=CARTESIAN_POINT('Ctrl Pts',(35.3248885506425,97.1610655160352,-3.74228549415701));
#9779=CARTESIAN_POINT('Ctrl Pts',(35.736786690555,95.682555541277,-3.82166668204739));
#9780=CARTESIAN_POINT('Ctrl Pts',(34.7180414263177,94.5345965090945,-3.90104786993778));
#9781=CARTESIAN_POINT('Ctrl Pts',(33.2010568086696,94.7678551631528,-3.98042905782817));
#9782=CARTESIAN_POINT('Ctrl Pts',(32.5742493819218,96.1688420760522,-4.05981024571854));
#9783=CARTESIAN_POINT('Ctrl Pts',(33.4113031045671,97.4553073703037,-4.13919143360894));
#9784=CARTESIAN_POINT('Ctrl Pts',(34.9461065935894,97.4498167961666,-4.21857262149932));
#9785=CARTESIAN_POINT('Ctrl Pts',(35.7739346640413,96.1573955894448,-4.2979538093897));
#9786=CARTESIAN_POINT('Ctrl Pts',(35.1371196804591,94.760929131588,-4.37733499728009));
#9787=CARTESIAN_POINT('Ctrl Pts',(33.6185050141656,94.5385299692151,-4.45671618517047));
#9788=CARTESIAN_POINT('Ctrl Pts',(32.6079990644041,95.6937483973779,-4.53609737306086));
#9789=CARTESIAN_POINT('Ctrl Pts',(33.03046495608,97.1692735452069,-4.61547856095125));
#9790=CARTESIAN_POINT('Ctrl Pts',(34.499241804314,97.6146345916405,-4.69485974884163));
#9791=CARTESIAN_POINT('Ctrl Pts',(35.6700351528639,96.6222159166473,-4.77424093673202));
#9792=CARTESIAN_POINT('Ctrl Pts',(35.4712792226394,95.1003263110187,-4.8536221246224));
#9793=CARTESIAN_POINT('Ctrl Pts',(34.0848848977993,94.4418715535921,-4.93300331251278));
#9794=CARTESIAN_POINT('Ctrl Pts',(32.7797462293224,95.2495007677492,-5.01238450040318));
#9795=CARTESIAN_POINT('Ctrl Pts',(32.7503882253089,96.7840332695619,-5.09176568829355));
#9796=CARTESIAN_POINT('Ctrl Pts',(34.0236807278934,97.6409919000578,-5.17114687618395));
#9797=CARTESIAN_POINT('Ctrl Pts',(35.4342458552394,97.0360473463724,-5.25052806407433));
#9798=CARTESIAN_POINT('Ctrl Pts',(35.691067287876,95.5228736474017,-5.32990925196472));
#9799=CARTESIAN_POINT('Ctrl Pts',(34.5590898310472,94.4863993695007,-5.40929043985509));
#9800=CARTESIAN_POINT('Ctrl Pts',(33.0743531129194,94.8752550874241,-5.48867162774549));
#9801=CARTESIAN_POINT('Ctrl Pts',(32.5957588219441,96.3335415463079,-5.56805281563586));
#9802=CARTESIAN_POINT('Ctrl Pts',(33.5613392248183,97.5265655934688,-5.64743400352626));
#9803=CARTESIAN_POINT('Ctrl Pts',(35.0873491943546,97.3624148566614,-5.72681519141664));
#9804=CARTESIAN_POINT('Ctrl Pts',(35.7771117986241,95.9913279005314,-5.80619637930702));
#9805=CARTESIAN_POINT('Ctrl Pts',(34.9993234831795,94.6681887438754,-5.88557756719741));
#9806=CARTESIAN_POINT('Ctrl Pts',(33.4658531216137,94.603997298047,-5.9649587550878));
#9807=CARTESIAN_POINT('Ctrl Pts',(32.5802057516075,95.8575046285082,-6.04433994297818));
#9808=CARTESIAN_POINT('Ctrl Pts',(33.1529679854406,97.2814411843325,-6.12372113086857));
#9809=CARTESIAN_POINT('Ctrl Pts',(34.659920574586,97.5725524784906,-6.20310231875895));
#9810=CARTESIAN_POINT('Ctrl Pts',(35.7218288084021,96.4643996034447,-6.28248350664934));
#9811=CARTESIAN_POINT('Ctrl Pts',(35.3667837455291,94.971216796536,-6.36186469453972));
#9812=CARTESIAN_POINT('Ctrl Pts',(33.9197395206118,94.4596360085345,-6.44124588243011));
#9813=CARTESIAN_POINT('Ctrl Pts',(32.7050998589005,95.3978803177186,-6.52062707032049));
#9814=CARTESIAN_POINT('Ctrl Pts',(32.8345607715514,96.9272238905021,-6.60000825821088));
#9815=CARTESIAN_POINT('Ctrl Pts',(34.1896334715344,97.6479387226508,-6.67938944610126));
#9816=CARTESIAN_POINT('Ctrl Pts',(35.5300909492398,96.9003923080501,-6.75877063399165));
#9817=CARTESIAN_POINT('Ctrl Pts',(35.6290827418808,95.3687746937259,-6.83815182188203));
#9818=CARTESIAN_POINT('Ctrl Pts',(34.3960068507864,94.4548951949296,-6.91753300977242));
#9819=CARTESIAN_POINT('Ctrl Pts',(32.9594330014431,94.9951798114987,-6.9969141976628));
#9820=CARTESIAN_POINT('Ctrl Pts',(32.6341819331935,96.495134355517,-7.07629538555319));
#9821=CARTESIAN_POINT('Ctrl Pts',(33.7179388991999,97.5819290602112,-7.15567657344358));
#9822=CARTESIAN_POINT('Ctrl Pts',(35.2187979588357,97.2608777019714,-7.23505776133395));
#9823=CARTESIAN_POINT('Ctrl Pts',(35.7631014895975,95.8258217595362,-7.31443894922435));
#9824=CARTESIAN_POINT('Ctrl Pts',(34.8526770020791,94.5901927116236,-7.39382013711472));
#9825=CARTESIAN_POINT('Ctrl Pts',(33.3207883054067,94.6848970543196,-7.47320132500512));
#9826=CARTESIAN_POINT('Ctrl Pts',(32.5694928222947,96.0232568671407,-7.55258251289549));
#9827=CARTESIAN_POINT('Ctrl Pts',(33.2864119256521,97.3803415700092,-7.63196370078589));
#9828=CARTESIAN_POINT('Ctrl Pts',(34.8153871409552,97.5140826725432,-7.71134488867626));
#9829=CARTESIAN_POINT('Ctrl Pts',(35.7570276022627,96.3020739542795,-7.79072607656666));
#9830=CARTESIAN_POINT('Ctrl Pts',(35.2494991559754,94.8536034617504,-7.87010726445704));
#9831=CARTESIAN_POINT('Ctrl Pts',(33.7573159844238,94.4943803081864,-7.94948845234743));
#9832=CARTESIAN_POINT('Ctrl Pts',(32.6461951245363,95.553182615627,-8.02886964023781));
#9833=CARTESIAN_POINT('Ctrl Pts',(32.9330872545983,97.0609441343121,-8.10825082812819));
#9834=CARTESIAN_POINT('Ctrl Pts',(34.3554150468014,97.6376897827957,-8.18763201601858));
#9835=CARTESIAN_POINT('Ctrl Pts',(35.6113964311275,96.7555545019319,-8.26701320390896));
#9836=CARTESIAN_POINT('Ctrl Pts',(35.5514974848372,95.2219104729108,-8.34639439179936));
#9837=CARTESIAN_POINT('Ctrl Pts',(34.2305405735773,94.4404216821318,-8.42577557968973));
#9838=CARTESIAN_POINT('Ctrl Pts',(32.8575283138833,95.1263438542831,-8.50515676758013));
#9839=CARTESIAN_POINT('Ctrl Pts',(32.6891068539799,96.6518883811199,-8.58453795547051));
#9840=CARTESIAN_POINT('Ctrl Pts',(33.8794235274918,97.6208043260185,-8.66391914336089));
#9841=CARTESIAN_POINT('Ctrl Pts',(35.3390438793548,97.1462937150242,-8.74330033125128));
#9842=CARTESIAN_POINT('Ctrl Pts',(35.7320539145637,95.6626512366142,-8.82268151914166));
#9843=CARTESIAN_POINT('Ctrl Pts',(34.6987521494123,94.5277770789853,-8.90206270703205));
#9844=CARTESIAN_POINT('Ctrl Pts',(33.1848655240376,94.7803620687022,-8.98144389492243));
#9845=CARTESIAN_POINT('Ctrl Pts',(32.5759751089611,96.1892284051396,-9.06082508281282));
#9846=CARTESIAN_POINT('Ctrl Pts',(33.4293663831685,97.4649145830944,-9.14020627070321));
#9847=CARTESIAN_POINT('Ctrl Pts',(34.9639750480058,97.4398519151411,-9.21958745859359));
#9848=CARTESIAN_POINT('Ctrl Pts',(35.7752542364772,96.1369789474763,-9.29896864648398));
#9849=CARTESIAN_POINT('Ctrl Pts',(35.1206826344945,94.7487470110204,-9.37834983437436));
#9850=CARTESIAN_POINT('Ctrl Pts',(33.5993553168183,94.5457320263251,-9.45773102226475));
#9851=CARTESIAN_POINT('Ctrl Pts',(32.6036634295938,95.7137429668707,-9.53711221015512));
#9852=CARTESIAN_POINT('Ctrl Pts',(33.0449115631952,97.1837606457139,-9.61649339804552));
#9853=CARTESIAN_POINT('Ctrl Pts',(34.5192484310906,97.6103549394908,-9.6958745859359));
#9854=CARTESIAN_POINT('Ctrl Pts',(35.6772907825875,96.6030864531094,-9.77525577382629));
#9855=CARTESIAN_POINT('Ctrl Pts',(35.4591431577479,95.0838552313078,-9.85463696171667));
#9856=CARTESIAN_POINT('Ctrl Pts',(34.0644646423245,94.4431339735558,-9.93401814960705));
#9857=CARTESIAN_POINT('Ctrl Pts',(32.7697313726713,95.2673412605697,-10.0133993374975));
#9858=CARTESIAN_POINT('Ctrl Pts',(32.7599448407967,96.8021233673591,-10.0927805253878));
#9859=CARTESIAN_POINT('Ctrl Pts',(34.0440621463241,97.6427746845916,-10.1721617132782));
#9860=CARTESIAN_POINT('Ctrl Pts',(35.4467980327049,97.0198911284247,-10.2515429011686));
#9861=CARTESIAN_POINT('Ctrl Pts',(35.6843018743436,95.5035653663291,-10.330924089059));
#9862=CARTESIAN_POINT('Ctrl Pts',(34.5391988548444,94.4816108828811,-10.4103052769494));
#9863=CARTESIAN_POINT('Ctrl Pts',(33.0595417419564,94.8893690459511,-10.4896864648398));
#9864=CARTESIAN_POINT('Ctrl Pts',(32.5995831275076,96.3536401837873,-10.5690676527301));
#9865=CARTESIAN_POINT('Ctrl Pts',(33.5802990207861,97.534253680197,-10.6484488406205));
#9866=CARTESIAN_POINT('Ctrl Pts',(35.1040915727691,97.3506558906309,-10.7278300285109));
#9867=CARTESIAN_POINT('Ctrl Pts',(35.7763133393033,95.9708842454238,-10.8072112164013));
#9868=CARTESIAN_POINT('Ctrl Pts',(34.981714971803,94.6577714085842,-10.8865924042917));
#9869=CARTESIAN_POINT('Ctrl Pts',(33.4475507101435,94.6131407174749,-10.9659735921821));
#9870=CARTESIAN_POINT('Ctrl Pts',(32.5779606688416,95.8778403221015,-11.0453547800725));
#9871=CARTESIAN_POINT('Ctrl Pts',(33.1688350558566,97.2943569339861,-11.1247359679628));
#9872=CARTESIAN_POINT('Ctrl Pts',(34.6793774647902,97.566227222793,-11.2041171558532));
#9873=CARTESIAN_POINT('Ctrl Pts',(35.7270677174493,96.4446224235545,-11.2834983437436));
#9874=CARTESIAN_POINT('Ctrl Pts',(35.3530096340228,94.9560888949281,-11.362879531634));
#9875=CARTESIAN_POINT('Ctrl Pts',(33.8995593901347,94.4630027900324,-11.4422607195244));
#9876=CARTESIAN_POINT('Ctrl Pts',(32.6969829698601,95.4166610800462,-11.5216419074148));
#9877=CARTESIAN_POINT('Ctrl Pts',(32.8459371903314,96.9442281230198,-11.6010230953051));
#9878=CARTESIAN_POINT('Ctrl Pts',(34.210088765679,97.6476062509027,-11.6804042831955));
#9879=CARTESIAN_POINT('Ctrl Pts',(35.5409078179202,96.8830216463933,-11.7597854710859));
#9880=CARTESIAN_POINT('Ctrl Pts',(35.6203524120923,95.3502757842631,-11.8391666589763));
#9881=CARTESIAN_POINT('Ctrl Pts',(34.3757369463672,94.4521762930569,-11.9185478468667));
#9882=CARTESIAN_POINT('Ctrl Pts',(32.9461412999321,95.010774750109,-11.9979290347571));
#9883=CARTESIAN_POINT('Ctrl Pts',(32.6401016065003,96.5146797497388,-12.0773102226475));
#9884=CARTESIAN_POINT('Ctrl Pts',(33.7375168882858,97.5877152065708,-12.1566914105378));
#9885=CARTESIAN_POINT('Ctrl Pts',(35.2343840841582,97.2472527399778,-12.2360725984282));
#9886=CARTESIAN_POINT('Ctrl Pts',(35.7598962741573,95.8059639690452,-12.3154537863186));
#9887=CARTESIAN_POINT('Ctrl Pts',(34.8346841400519,94.580865151784,-12.394834974209));
#9888=CARTESIAN_POINT('Ctrl Pts',(33.3022510157915,94.697498816206,-12.4742161620994));
#9889=CARTESIAN_POINT('Ctrl Pts',(32.8163315384535,95.5923872349906,-12.5271369540263));
#9890=CARTESIAN_POINT('Ctrl Pts',(32.8163315384535,96.0437156921114,-12.5535973499898));
#9891=CARTESIAN_POINT('Ctrl Pts',(34.7234239138816,94.9049772473249,-2.33920795003069));
#9892=CARTESIAN_POINT('Ctrl Pts',(34.344780692848,94.7221762402594,-2.36566834599415));
#9893=CARTESIAN_POINT('Ctrl Pts',(33.3972002856813,94.7673841405708,-2.41858913792108));
#9894=CARTESIAN_POINT('Ctrl Pts',(32.6786706657637,96.0057830362222,-2.49797032581146));
#9895=CARTESIAN_POINT('Ctrl Pts',(33.3317330812579,97.2781925000766,-2.57735151370185));
#9896=CARTESIAN_POINT('Ctrl Pts',(34.753753718549,97.4210760463439,-2.65673270159223));
#9897=CARTESIAN_POINT('Ctrl Pts',(35.6456598890763,96.3031723848685,-2.73611388948261));
#9898=CARTESIAN_POINT('Ctrl Pts',(35.1899186661744,94.947882662756,-2.815495077373));
#9899=CARTESIAN_POINT('Ctrl Pts',(33.8042586496548,94.595510702449,-2.89487626526338));
#9900=CARTESIAN_POINT('Ctrl Pts',(32.75659361669,95.5686253663222,-2.97425745315377));
#9901=CARTESIAN_POINT('Ctrl Pts',(33.0059515329472,96.9765549801153,-3.05363864104415));
#9902=CARTESIAN_POINT('Ctrl Pts',(34.3240301355649,97.5307108862981,-3.13301982893454));
#9903=CARTESIAN_POINT('Ctrl Pts',(35.5045004382236,96.7238954260334,-3.21240101682493));
#9904=CARTESIAN_POINT('Ctrl Pts',(35.4669200953157,95.2945484251641,-3.29178220471531));
#9905=CARTESIAN_POINT('Ctrl Pts',(34.2456943664892,94.5508742908482,-3.3711633926057));
#9906=CARTESIAN_POINT('Ctrl Pts',(32.9585421423602,95.1735199695491,-3.45054458049608));
#9907=CARTESIAN_POINT('Ctrl Pts',(32.7835288985654,96.5926100100678,-3.52992576838647));
#9908=CARTESIAN_POINT('Ctrl Pts',(33.880833816371,97.5093259386078,-3.60930695627685));
#9909=CARTESIAN_POINT('Ctrl Pts',(35.2461518623907,97.0846455931563,-3.68868814416724));
#9910=CARTESIAN_POINT('Ctrl Pts',(35.6298786781467,95.707256695994,-3.76806933205762));
#9911=CARTESIAN_POINT('Ctrl Pts',(34.6808093854442,94.6378110701137,-3.84745051994801));
#9912=CARTESIAN_POINT('Ctrl Pts',(33.2675772766407,94.8551162528667,-3.92683170783839));
#9913=CARTESIAN_POINT('Ctrl Pts',(32.6836396603911,96.1602841934572,-4.00621289572878));
#9914=CARTESIAN_POINT('Ctrl Pts',(33.4634440063773,97.3587630966355,-4.08559408361917));
#9915=CARTESIAN_POINT('Ctrl Pts',(34.8932762842765,97.3536480443298,-4.16497527150955));
#9916=CARTESIAN_POINT('Ctrl Pts',(35.6644859564915,96.1496205768203,-4.24435645939993));
#9917=CARTESIAN_POINT('Ctrl Pts',(35.0712252393453,94.8486639196788,-4.32373764729032));
#9918=CARTESIAN_POINT('Ctrl Pts',(33.6564745672961,94.6414755055183,-4.40311883518071));
#9919=CARTESIAN_POINT('Ctrl Pts',(32.7150810701399,95.7176840289062,-4.48250002307109));
#9920=CARTESIAN_POINT('Ctrl Pts',(33.1086528678001,97.0922922431227,-4.56188121096148));
#9921=CARTESIAN_POINT('Ctrl Pts',(34.4769743250142,97.5071933063951,-4.64126239885186));
#9922=CARTESIAN_POINT('Ctrl Pts',(35.5676925390918,96.5826500245714,-4.72064358674224));
#9923=CARTESIAN_POINT('Ctrl Pts',(35.3825303039969,95.164848399092,-4.80002477463263));
#9924=CARTESIAN_POINT('Ctrl Pts',(34.0909569073168,94.5514279368381,-4.87940596252301));
#9925=CARTESIAN_POINT('Ctrl Pts',(32.8750817749822,95.3038202315102,-4.95878715041341));
#9926=CARTESIAN_POINT('Ctrl Pts',(32.8477316796418,96.7334000560747,-5.03816833830377));
#9927=CARTESIAN_POINT('Ctrl Pts',(34.0339387298763,97.5317479354425,-5.11754952619418));
#9928=CARTESIAN_POINT('Ctrl Pts',(35.34802979338,96.9681779048913,-5.19693071408455));
#9929=CARTESIAN_POINT('Ctrl Pts',(35.5872862041626,95.5584960711373,-5.27631190197495));
#9930=CARTESIAN_POINT('Ctrl Pts',(34.5327291112157,94.5929103213297,-5.35569308986532));
#9931=CARTESIAN_POINT('Ctrl Pts',(33.149539342007,94.9551706764233,-5.43507427775572));
#9932=CARTESIAN_POINT('Ctrl Pts',(32.7036779857165,96.3137192230286,-5.51445546564609));
#9933=CARTESIAN_POINT('Ctrl Pts',(33.6032185697792,97.4251476913254,-5.59383665353649));
#9934=CARTESIAN_POINT('Ctrl Pts',(35.0248587513695,97.2722238651763,-5.67321784142686));
#9935=CARTESIAN_POINT('Ctrl Pts',(35.6674457944187,95.9949109064142,-5.75259902931726));
#9936=CARTESIAN_POINT('Ctrl Pts',(34.9428534627295,94.7622664096621,-5.83198021720764));
#9937=CARTESIAN_POINT('Ctrl Pts',(33.5142631344877,94.7024652677786,-5.91136140509803));
#9938=CARTESIAN_POINT('Ctrl Pts',(32.6891886506669,95.8702403311637,-5.9907425929884));
#9939=CARTESIAN_POINT('Ctrl Pts',(33.2227774360416,97.1967882988749,-6.0701237808788));
#9940=CARTESIAN_POINT('Ctrl Pts',(34.6266636459933,97.467989353489,-6.14950496876918));
#9941=CARTESIAN_POINT('Ctrl Pts',(35.6159438240338,96.4356273860316,-6.22888615665957));
#9942=CARTESIAN_POINT('Ctrl Pts',(35.2851816811044,95.0445691890747,-6.30826734454995));
#9943=CARTESIAN_POINT('Ctrl Pts',(33.937106468132,94.5679774112545,-6.38764853244033));
#9944=CARTESIAN_POINT('Ctrl Pts',(32.8055407616729,95.4420515239486,-6.46702972033072));
#9945=CARTESIAN_POINT('Ctrl Pts',(32.9261473363636,96.8667973106269,-6.54641090822111));
#9946=CARTESIAN_POINT('Ctrl Pts',(34.1885413165664,97.538219637679,-6.62579209611149));
#9947=CARTESIAN_POINT('Ctrl Pts',(35.4373196666832,96.8418008450004,-6.70517328400188));
#9948=CARTESIAN_POINT('Ctrl Pts',(35.5295410236045,95.4149365473729,-6.78455447189226));
#9949=CARTESIAN_POINT('Ctrl Pts',(34.3808000135685,94.5635608404268,-6.86393565978265));
#9950=CARTESIAN_POINT('Ctrl Pts',(33.0424790662493,95.0668932797579,-6.94331684767303));
#9951=CARTESIAN_POINT('Ctrl Pts',(32.7394731901675,96.4642600682481,-7.02269803556342));
#9952=CARTESIAN_POINT('Ctrl Pts',(33.7491077801836,97.4767246341269,-7.10207922345381));
#9953=CARTESIAN_POINT('Ctrl Pts',(35.1473172209322,97.1776312334678,-7.18146041134418));
#9954=CARTESIAN_POINT('Ctrl Pts',(35.6543937052016,95.8407243774691,-7.26084159923458));
#9955=CARTESIAN_POINT('Ctrl Pts',(34.8062367078045,94.6896048309913,-7.34022278712496));
#9956=CARTESIAN_POINT('Ctrl Pts',(33.3791198682104,94.7778319734319,-7.41960397501535));
#9957=CARTESIAN_POINT('Ctrl Pts',(32.6792084204734,96.0246561261668,-7.49898516290573));
#9958=CARTESIAN_POINT('Ctrl Pts',(33.347094623466,97.2889245005116,-7.57836635079612));
#9959=CARTESIAN_POINT('Ctrl Pts',(34.7714972460723,97.4135185261654,-7.6577475386865));
#9960=CARTESIAN_POINT('Ctrl Pts',(35.6487352347682,96.2844038226456,-7.73712872657689));
#9961=CARTESIAN_POINT('Ctrl Pts',(35.1759186431694,94.9349998900794,-7.81650991446727));
#9962=CARTESIAN_POINT('Ctrl Pts',(33.7857917125992,94.6003454124159,-7.89589110235766));
#9963=CARTESIAN_POINT('Ctrl Pts',(32.7506647523874,95.5867320905291,-7.97527229024804));
#9964=CARTESIAN_POINT('Ctrl Pts',(33.0179352080331,96.9913719041663,-8.05465347813843));
#9965=CARTESIAN_POINT('Ctrl Pts',(34.3429844417568,97.5286716628903,-8.13403466602881));
#9966=CARTESIAN_POINT('Ctrl Pts',(35.5130643487904,96.7068690627042,-8.21341585391919));
#9967=CARTESIAN_POINT('Ctrl Pts',(35.4572621256195,95.2781169448037,-8.29279704180959));
#9968=CARTESIAN_POINT('Ctrl Pts',(34.2266506219691,94.5500772277554,-8.37217822969996));
#9969=CARTESIAN_POINT('Ctrl Pts',(32.9475440386811,95.1890865008536,-8.45155941759035));
#9970=CARTESIAN_POINT('Ctrl Pts',(32.7906415808853,96.6102930731906,-8.53094060548074));
#9971=CARTESIAN_POINT('Ctrl Pts',(33.899547843402,97.5129410685176,-8.61032179337112));
#9972=CARTESIAN_POINT('Ctrl Pts',(35.2593390528303,97.0708840933689,-8.68970298126151));
#9973=CARTESIAN_POINT('Ctrl Pts',(35.6254695952088,95.6887137245454,-8.7690841691519));
#9974=CARTESIAN_POINT('Ctrl Pts',(34.6628393776002,94.6314580474912,-8.84846535704227));
#9975=CARTESIAN_POINT('Ctrl Pts',(33.2524933772665,94.8667677622482,-8.92784654493266));
#9976=CARTESIAN_POINT('Ctrl Pts',(32.6852473582113,96.1792762217951,-9.00722773282305));
#9977=CARTESIAN_POINT('Ctrl Pts',(33.4802718667344,97.3677132345831,-9.08660892071343));
#9978=CARTESIAN_POINT('Ctrl Pts',(34.9099226452363,97.3443647004766,-9.16599010860382));
#9979=CARTESIAN_POINT('Ctrl Pts',(35.6657152782095,96.1306003088174,-9.2453712964942));
#9980=CARTESIAN_POINT('Ctrl Pts',(35.0559123872169,94.8373149819644,-9.32475248438459));
#9981=CARTESIAN_POINT('Ctrl Pts',(33.6386345926186,94.6481849857852,-9.40413367227497));
#9982=CARTESIAN_POINT('Ctrl Pts',(32.711041966345,95.7363110916201,-9.48351486016536));
#9983=CARTESIAN_POINT('Ctrl Pts',(33.1221114149739,97.1057885141868,-9.56289604805574));
#9984=CARTESIAN_POINT('Ctrl Pts',(34.4956126203671,97.5032063563879,-9.64227723594613));
#9985=CARTESIAN_POINT('Ctrl Pts',(35.5744519279318,96.5648288998338,-9.72165842383651));
#9986=CARTESIAN_POINT('Ctrl Pts',(35.3712242720308,95.1495038409183,-9.8010396117269));
#9987=CARTESIAN_POINT('Ctrl Pts',(34.0719332729495,94.5526040149648,-9.88042079961728));
#9988=CARTESIAN_POINT('Ctrl Pts',(32.8657518735318,95.3204405432772,-9.95980198750768));
#9989=CARTESIAN_POINT('Ctrl Pts',(32.8566346808337,96.7502529013579,-10.0391831753981));
#9990=CARTESIAN_POINT('Ctrl Pts',(34.0529261834168,97.5334087883722,-10.1185643632884));
#9991=CARTESIAN_POINT('Ctrl Pts',(35.3597234783543,96.9531266738537,-10.1979455511788));
#9992=CARTESIAN_POINT('Ctrl Pts',(35.580983503712,95.5405083588954,-10.2773267390692));
#9993=CARTESIAN_POINT('Ctrl Pts',(34.5141985566416,94.5884493380312,-10.3567079269596));
#9994=CARTESIAN_POINT('Ctrl Pts',(33.1357409786111,94.9683193261464,-10.43608911485));
#9995=CARTESIAN_POINT('Ctrl Pts',(32.7072407320709,96.3324432361125,-10.5154703027403));
#9996=CARTESIAN_POINT('Ctrl Pts',(33.620881631175,97.4323099597447,-10.5948514906308));
#9997=CARTESIAN_POINT('Ctrl Pts',(35.0404560530678,97.2612691408058,-10.6742326785211));
#9998=CARTESIAN_POINT('Ctrl Pts',(35.6667019448526,95.9758654728066,-10.7536138664115));
#9999=CARTESIAN_POINT('Ctrl Pts',(34.9264492662886,94.7525615566593,-10.8329950543019));
#10000=CARTESIAN_POINT('Ctrl Pts',(33.4972124964937,94.7109833330044,-10.9123762421923));
#10001=CARTESIAN_POINT('Ctrl Pts',(32.6870971178889,95.8891851871673,-10.9917574300827));
#10002=CARTESIAN_POINT('Ctrl Pts',(33.2375592954775,97.2088206899138,-11.0711386179731));
#10003=CARTESIAN_POINT('Ctrl Pts',(34.6447898034072,97.462096706758,-11.1505198058634));
#10004=CARTESIAN_POINT('Ctrl Pts',(35.6208244236092,96.4172028447953,-11.2299009937538));
#10005=CARTESIAN_POINT('Ctrl Pts',(35.2723496349357,95.0304759438023,-11.3092821816442));
#10006=CARTESIAN_POINT('Ctrl Pts',(33.918306535675,94.5711139254028,-11.3886633695346));
#10007=CARTESIAN_POINT('Ctrl Pts',(32.7979790184079,95.4595477965149,-11.468044557425));
#10008=CARTESIAN_POINT('Ctrl Pts',(32.9367456773857,96.8826385572025,-11.5474257453154));
#10009=CARTESIAN_POINT('Ctrl Pts',(34.2075975931719,97.5379099049736,-11.6268069332057));
#10010=CARTESIAN_POINT('Ctrl Pts',(35.4473967274246,96.825618230807,-11.7061881210962));
#10011=CARTESIAN_POINT('Ctrl Pts',(35.5214077952026,95.397702850652,-11.7855693089865));
#10012=CARTESIAN_POINT('Ctrl Pts',(34.3619164471602,94.5610278948833,-11.8649504968769));
#10013=CARTESIAN_POINT('Ctrl Pts',(33.0300964361702,95.081421619546,-11.9443316847673));
#10014=CARTESIAN_POINT('Ctrl Pts',(32.7449879938732,96.4824686765441,-12.0237128726577));
#10015=CARTESIAN_POINT('Ctrl Pts',(33.7673467540532,97.482115043315,-12.1030940605481));
#10016=CARTESIAN_POINT('Ctrl Pts',(35.1618373502079,97.1649381358936,-12.1824752484385));
#10017=CARTESIAN_POINT('Ctrl Pts',(35.6514077069765,95.8222247389061,-12.2618564363288));
#10018=CARTESIAN_POINT('Ctrl Pts',(34.7894744479567,94.6809152194365,-12.3412376242192));
#10019=CARTESIAN_POINT('Ctrl Pts',(33.3618504163059,94.7895718515547,-12.4206188121096));
#10020=CARTESIAN_POINT('Ctrl Pts',(32.9091648717868,95.6232553526989,-12.4735396040365));
#10021=CARTESIAN_POINT('Ctrl Pts',(32.9091648717868,96.0437156921114,-12.5));
#10022=CARTESIAN_POINT('Ctrl Pts',(32.9068790486963,96.043558399372,-2.5));
#10023=CARTESIAN_POINT('Ctrl Pts',(32.9075738966834,96.4514856928948,-2.52578383790061));
#10024=CARTESIAN_POINT('Ctrl Pts',(33.1228884738868,96.8600872137406,-2.55156767580123));
#10025=CARTESIAN_POINT('Ctrl Pts',(33.4598927848907,97.0899381804787,-2.57735151370185));
#10026=CARTESIAN_POINT('Ctrl Pts',(33.8057399603549,97.3258203488324,-2.60381190966531));
#10027=CARTESIAN_POINT('Ctrl Pts',(34.279746839452,97.3734481975881,-2.63027230562877));
#10028=CARTESIAN_POINT('Ctrl Pts',(34.6654013074217,97.2109448450535,-2.65673270159223));
#10029=CARTESIAN_POINT('Ctrl Pts',(35.0510557753915,97.0484414925188,-2.68319309755569));
#10030=CARTESIAN_POINT('Ctrl Pts',(35.3483578322339,96.6758069386937,-2.70965349351915));
#10031=CARTESIAN_POINT('Ctrl Pts',(35.4210519901715,96.263608041429,-2.73611388948261));
#10032=CARTESIAN_POINT('Ctrl Pts',(35.493746148109,95.8514091441644,-2.76257428544608));
#10033=CARTESIAN_POINT('Ctrl Pts',(35.3418324071417,95.3996459034602,-2.78903468140954));
#10034=CARTESIAN_POINT('Ctrl Pts',(35.0349322005715,95.1150356230569,-2.815495077373));
#10035=CARTESIAN_POINT('Ctrl Pts',(34.7280319940012,94.8304253426537,-2.84195547333646));
#10036=CARTESIAN_POINT('Ctrl Pts',(34.266145321828,94.7129680225513,-2.86841586929992));
#10037=CARTESIAN_POINT('Ctrl Pts',(33.8605911469139,94.8164251398124,-2.89487626526339));
#10038=CARTESIAN_POINT('Ctrl Pts',(33.4550369719998,94.9198822570734,-2.92133666122685));
#10039=CARTESIAN_POINT('Ctrl Pts',(33.1058152943449,95.2442538116978,-2.94779705719031));
#10040=CARTESIAN_POINT('Ctrl Pts',(32.972764108227,95.6410945246421,-2.97425745315377));
#10041=CARTESIAN_POINT('Ctrl Pts',(32.839712922109,96.0379352375865,-3.00071784911723));
#10042=CARTESIAN_POINT('Ctrl Pts',(32.9228322275281,96.5072451088509,-3.02717824508069));
#10043=CARTESIAN_POINT('Ctrl Pts',(33.1840716473406,96.8342593621802,-3.05363864104416));
#10044=CARTESIAN_POINT('Ctrl Pts',(33.4453110671531,97.1612736155095,-3.08009903700762));
#10045=CARTESIAN_POINT('Ctrl Pts',(33.884670601359,97.3459922509038,-3.10655943297108));
#10046=CARTESIAN_POINT('Ctrl Pts',(34.3010954189051,97.3038823252235,-3.13301982893454));
#10047=CARTESIAN_POINT('Ctrl Pts',(34.7175202364512,97.2617723995432,-3.159480224898));
#10048=CARTESIAN_POINT('Ctrl Pts',(35.1110103373374,96.9928339127883,-3.18594062086147));
#10049=CARTESIAN_POINT('Ctrl Pts',(35.3014919972959,96.6201401692659,-3.21240101682493));
#10050=CARTESIAN_POINT('Ctrl Pts',(35.4919736572543,96.2474464257436,-3.23886141278839));
#10051=CARTESIAN_POINT('Ctrl Pts',(35.479446876285,95.7709974254539,-3.26532180875185));
#10052=CARTESIAN_POINT('Ctrl Pts',(35.2696458643293,95.4088272362563,-3.29178220471531));
#10053=CARTESIAN_POINT('Ctrl Pts',(35.0598448523735,95.0466570470588,-3.31824260067877));
#10054=CARTESIAN_POINT('Ctrl Pts',(34.6527696094314,94.7987656689535,-3.34470299664224));
#10055=CARTESIAN_POINT('Ctrl Pts',(34.2347066172721,94.7785942596844,-3.3711633926057));
#10056=CARTESIAN_POINT('Ctrl Pts',(33.8166436251129,94.7584228504152,-3.39762378856916));
#10057=CARTESIAN_POINT('Ctrl Pts',(33.3875928837366,94.9659714099822,-3.42408418453262));
#10058=CARTESIAN_POINT('Ctrl Pts',(33.1438986390826,95.3062606965187,-3.45054458049608));
#10059=CARTESIAN_POINT('Ctrl Pts',(32.9002043944286,95.6465499830554,-3.47700497645954));
#10060=CARTESIAN_POINT('Ctrl Pts',(32.841866646497,96.1195799965616,-3.50346537242301));
#10061=CARTESIAN_POINT('Ctrl Pts',(32.9955819254988,96.5088809914047,-3.52992576838647));
#10062=CARTESIAN_POINT('Ctrl Pts',(33.1492972045006,96.8981819862478,-3.55638616434993));
#10063=CARTESIAN_POINT('Ctrl Pts',(33.5150655104358,97.2037539624278,-3.58284656031339));
#10064=CARTESIAN_POINT('Ctrl Pts',(33.9255026710733,97.2857598929426,-3.60930695627685));
#10065=CARTESIAN_POINT('Ctrl Pts',(34.3359398317109,97.3677658234573,-3.63576735224032));
#10066=CARTESIAN_POINT('Ctrl Pts',(34.7910458470508,97.2262057083068,-3.66222774820378));
#10067=CARTESIAN_POINT('Ctrl Pts',(35.0825533240134,96.9258608345378,-3.68868814416724));
#10068=CARTESIAN_POINT('Ctrl Pts',(35.374060800976,96.6255159607689,-3.7151485401307));
#10069=CARTESIAN_POINT('Ctrl Pts',(35.5019697395613,96.1663863283814,-3.74160893609416));
#10070=CARTESIAN_POINT('Ctrl Pts',(35.4077459934036,95.758580574541,-3.76806933205762));
#10071=CARTESIAN_POINT('Ctrl Pts',(35.3135222472458,95.3507748207006,-3.79452972802109));
#10072=CARTESIAN_POINT('Ctrl Pts',(34.997165816345,94.9942929454072,-3.82099012398455));
#10073=CARTESIAN_POINT('Ctrl Pts',(34.603448916094,94.8522695382192,-3.84745051994801));
#10074=CARTESIAN_POINT('Ctrl Pts',(34.209732015843,94.7102461310314,-3.87391091591147));
#10075=CARTESIAN_POINT('Ctrl Pts',(33.7386546462419,94.7826811919491,-3.90037131187493));
#10076=CARTESIAN_POINT('Ctrl Pts',(33.4057930253997,95.0364267125063,-3.92683170783839));
#10077=CARTESIAN_POINT('Ctrl Pts',(33.0729314045575,95.2901722330635,-3.95329210380186));
#10078=CARTESIAN_POINT('Ctrl Pts',(32.8782855324743,95.7252282132604,-3.97975249976532));
#10079=CARTESIAN_POINT('Ctrl Pts',(32.9109299874304,96.1425026872218,-4.00621289572878));
#10080=CARTESIAN_POINT('Ctrl Pts',(32.9435744423865,96.5597771611833,-4.03267329169224));
#10081=CARTESIAN_POINT('Ctrl Pts',(33.2035092243819,96.9592701289094,-4.0591336876557));
#10082=CARTESIAN_POINT('Ctrl Pts',(33.5717819950294,97.1581641040548,-4.08559408361917));
#10083=CARTESIAN_POINT('Ctrl Pts',(33.940054765677,97.3570580792002,-4.11205447958263));
#10084=CARTESIAN_POINT('Ctrl Pts',(34.4166655249768,97.355353061765,-4.13851487554609));
#10085=CARTESIAN_POINT('Ctrl Pts',(34.7835058499958,97.1538293084625,-4.16497527150955));
#10086=CARTESIAN_POINT('Ctrl Pts',(35.1503461750148,96.95230555516,-4.19143566747301));
#10087=CARTESIAN_POINT('Ctrl Pts',(35.4074160657532,96.5509630659901,-4.21789606343647));
#10088=CARTESIAN_POINT('Ctrl Pts',(35.4370742249313,96.1334657118816,-4.24435645939993));
#10089=CARTESIAN_POINT('Ctrl Pts',(35.4667323841095,95.7159683577731,-4.2708168553634));
#10090=CARTESIAN_POINT('Ctrl Pts',(35.2689788117274,95.2823161387259,-4.29727725132686));
#10091=CARTESIAN_POINT('Ctrl Pts',(34.9343102468615,95.0309586268423,-4.32373764729032));
#10092=CARTESIAN_POINT('Ctrl Pts',(34.5996416819956,94.7796011149586,-4.35019804325378));
#10093=CARTESIAN_POINT('Ctrl Pts',(34.1280581246459,94.7105383102385,-4.37665843921724));
#10094=CARTESIAN_POINT('Ctrl Pts',(33.7353674297783,94.8553749951097,-4.40311883518071));
#10095=CARTESIAN_POINT('Ctrl Pts',(33.3426767349107,95.0002116799809,-4.42957923114417));
#10096=CARTESIAN_POINT('Ctrl Pts',(33.0288789025253,95.3589478544436,-4.45603962710763));
#10097=CARTESIAN_POINT('Ctrl Pts',(32.9375752859426,95.767417310711,-4.48250002307109));
#10098=CARTESIAN_POINT('Ctrl Pts',(32.84627166936,96.1758867669784,-4.50896041903455));
#10099=CARTESIAN_POINT('Ctrl Pts',(32.97746226858,96.6340895050505,-4.53542081499802));
#10100=CARTESIAN_POINT('Ctrl Pts',(33.2711111443924,96.9323410512987,-4.56188121096148));
#10101=CARTESIAN_POINT('Ctrl Pts',(33.5647600202048,97.2305925975468,-4.58834160692494));
#10102=CARTESIAN_POINT('Ctrl Pts',(34.0208671726095,97.3688929519709,-4.6148020028884));
#10103=CARTESIAN_POINT('Ctrl Pts',(34.4307071178248,97.2839525822124,-4.64126239885186));
#10104=CARTESIAN_POINT('Ctrl Pts',(34.8405470630401,97.1990122124539,-4.66772279481532));
#10105=CARTESIAN_POINT('Ctrl Pts',(35.2041198010659,96.8908311185126,-4.69418319077878));
#10106=CARTESIAN_POINT('Ctrl Pts',(35.355045797563,96.5004403006288,-4.72064358674224));
#10107=CARTESIAN_POINT('Ctrl Pts',(35.5059717940602,96.1100494827449,-4.74710398270571));
#10108=CARTESIAN_POINT('Ctrl Pts',(35.4442510490285,95.6374489409184,-4.77356437866917));
#10109=CARTESIAN_POINT('Ctrl Pts',(35.1981284437327,95.2989119262962,-4.80002477463263));
#10110=CARTESIAN_POINT('Ctrl Pts',(34.9520058384368,94.960374911674,-4.82648517059609));
#10111=CARTESIAN_POINT('Ctrl Pts',(34.5214813728768,94.7559014242561,-4.85294556655955));
#10112=CARTESIAN_POINT('Ctrl Pts',(34.1035732847077,94.7790633963258,-4.87940596252302));
#10113=CARTESIAN_POINT('Ctrl Pts',(33.6856651965386,94.8022253683955,-4.90586635848648));
#10114=CARTESIAN_POINT('Ctrl Pts',(33.2803734857604,95.0530227999528,-4.93232675444994));
#10115=CARTESIAN_POINT('Ctrl Pts',(33.0731692811479,95.4166848198256,-4.9587871504134));
#10116=CARTESIAN_POINT('Ctrl Pts',(32.8659650765354,95.7803468396984,-4.98524754637686));
#10117=CARTESIAN_POINT('Ctrl Pts',(32.8568483780886,96.2568734478865,-5.01170794234032));
#10118=CARTESIAN_POINT('Ctrl Pts',(33.0499912039043,96.6281947318753,-5.03816833830378));
#10119=CARTESIAN_POINT('Ctrl Pts',(33.24313402972,96.999516015864,-5.06462873426725));
#10120=CARTESIAN_POINT('Ctrl Pts',(33.6385363797982,97.2656319756532,-5.09108913023072));
#10121=CARTESIAN_POINT('Ctrl Pts',(34.0552527320879,97.3047616171227,-5.11754952619418));
#10122=CARTESIAN_POINT('Ctrl Pts',(34.4719690843775,97.3438912585921,-5.14400992215764));
#10123=CARTESIAN_POINT('Ctrl Pts',(34.9099994388787,97.1560345817417,-5.17047031812109));
#10124=CARTESIAN_POINT('Ctrl Pts',(35.1688906845931,96.8271592710241,-5.19693071408455));
#10125=CARTESIAN_POINT('Ctrl Pts',(35.4277819303075,96.4982839603066,-5.22339111004802));
#10126=CARTESIAN_POINT('Ctrl Pts',(35.5075340672351,96.0283900157219,-5.24985150601148));
#10127=CARTESIAN_POINT('Ctrl Pts',(35.3716506202077,95.6325120851284,-5.27631190197495));
#10128=CARTESIAN_POINT('Ctrl Pts',(35.2357671731803,95.2366341545347,-5.30277229793841));
#10129=CARTESIAN_POINT('Ctrl Pts',(34.884248142198,94.9147722379322,-5.32923269390187));
#10130=CARTESIAN_POINT('Ctrl Pts',(34.4779569985054,94.8142180054799,-5.35569308986533));
#10131=CARTESIAN_POINT('Ctrl Pts',(34.0716658548128,94.7136637730275,-5.38215348582879));
#10132=CARTESIAN_POINT('Ctrl Pts',(33.6106025984099,94.8344172247254,-5.40861388179225));
#10133=CARTESIAN_POINT('Ctrl Pts',(33.30576074416,95.1212187083419,-5.43507427775572));
#10134=CARTESIAN_POINT('Ctrl Pts',(33.0009188899102,95.4080201919584,-5.46153467371918));
#10135=CARTESIAN_POINT('Ctrl Pts',(32.8522984378134,95.8608697074935,-5.48799506968264));
#10136=CARTESIAN_POINT('Ctrl Pts',(32.9279116424421,96.2725325433105,-5.5144554656461));
#10137=CARTESIAN_POINT('Ctrl Pts',(33.0035248470708,96.6841953791275,-5.54091586160956));
#10138=CARTESIAN_POINT('Ctrl Pts',(33.303371708425,97.0546715352265,-5.56737625757303));
#10139=CARTESIAN_POINT('Ctrl Pts',(33.6902351693671,97.2144223089178,-5.59383665353649));
#10140=CARTESIAN_POINT('Ctrl Pts',(34.0770986303093,97.374173082609,-5.62029704949995));
#10141=CARTESIAN_POINT('Ctrl Pts',(34.5509786908394,97.3231984738927,-5.64675744546341));
#10142=CARTESIAN_POINT('Ctrl Pts',(34.8950165616127,97.0848256764075,-5.67321784142687));
#10143=CARTESIAN_POINT('Ctrl Pts',(35.2390544323859,96.8464528789223,-5.69967823739033));
#10144=CARTESIAN_POINT('Ctrl Pts',(35.4532501134023,96.4206818926682,-5.72613863335379));
#10145=CARTESIAN_POINT('Ctrl Pts',(35.4395825652957,96.0023556500825,-5.75259902931726));
#10146=CARTESIAN_POINT('Ctrl Pts',(35.425915017189,95.5840294074969,-5.77905942528072));
#10147=CARTESIAN_POINT('Ctrl Pts',(35.1843842399592,95.1731479085795,-5.80551982124418));
#10148=CARTESIAN_POINT('Ctrl Pts',(34.8255204633041,94.9577403021402,-5.83198021720764));
#10149=CARTESIAN_POINT('Ctrl Pts',(34.4666566866489,94.742332695701,-5.8584406131711));
#10150=CARTESIAN_POINT('Ctrl Pts',(33.9904599105683,94.7223989817398,-5.88490100913457));
#10151=CARTESIAN_POINT('Ctrl Pts',(33.6148491085579,94.90706130199,-5.91136140509803));
#10152=CARTESIAN_POINT('Ctrl Pts',(33.2392383065475,95.0917236222403,-5.93782180106149));
#10153=CARTESIAN_POINT('Ctrl Pts',(32.9642134786072,95.480981976702,-5.96428219702495));
#10154=CARTESIAN_POINT('Ctrl Pts',(32.9156325288662,95.8967024818847,-5.99074259298841));
#10155=CARTESIAN_POINT('Ctrl Pts',(32.8670515791252,96.3124229870674,-6.01720298895187));
#10156=CARTESIAN_POINT('Ctrl Pts',(33.0449145075834,96.7546056429711,-6.04366338491534));
#10157=CARTESIAN_POINT('Ctrl Pts',(33.3678270068044,97.020897146692,-6.0701237808788));
#10158=CARTESIAN_POINT('Ctrl Pts',(33.6907395060255,97.2871886504129,-6.09658417684226));
#10159=CARTESIAN_POINT('Ctrl Pts',(34.1587015760094,97.3775890019509,-6.12304457280572));
#10160=CARTESIAN_POINT('Ctrl Pts',(34.5575626406748,97.2507288498104,-6.14950496876918));
#10161=CARTESIAN_POINT('Ctrl Pts',(34.9564237053401,97.1238686976698,-6.17596536473264));
#10162=CARTESIAN_POINT('Ctrl Pts',(35.286183764687,96.7797480418507,-6.2024257606961));
#10163=CARTESIAN_POINT('Ctrl Pts',(35.3959367705388,96.375844681115,-6.22888615665957));
#10164=CARTESIAN_POINT('Ctrl Pts',(35.5056897763907,95.9719413203793,-6.25534655262303));
#10165=CARTESIAN_POINT('Ctrl Pts',(35.3954357287476,95.508255254727,-6.28180694858649));
#10166=CARTESIAN_POINT('Ctrl Pts',(35.1156295027639,95.1969802589308,-6.30826734454995));
#10167=CARTESIAN_POINT('Ctrl Pts',(34.8358232767803,94.8857052631347,-6.33472774051341));
#10168=CARTESIAN_POINT('Ctrl Pts',(34.3864648724561,94.7268413371946,-6.36118813647688));
#10169=CARTESIAN_POINT('Ctrl Pts',(33.9731913858842,94.7930883930069,-6.38764853244034));
#10170=CARTESIAN_POINT('Ctrl Pts',(33.5599178993123,94.8593354488192,-6.4141089284038));
#10171=CARTESIAN_POINT('Ctrl Pts',(33.1827293304926,95.1506934863839,-6.44056932436726));
#10172=CARTESIAN_POINT('Ctrl Pts',(33.0142361418645,95.5338301362793,-6.46702972033072));
#10173=CARTESIAN_POINT('Ctrl Pts',(32.8457429532365,95.9169667861747,-6.49349011629418));
#10174=CARTESIAN_POINT('Ctrl Pts',(32.8859451448,96.3918820484008,-6.51995051225765));
#10175=CARTESIAN_POINT('Ctrl Pts',(33.1164452372823,96.7412434006892,-6.54641090822111));
#10176=CARTESIAN_POINT('Ctrl Pts',(33.3469453297646,97.0906047529776,-6.57287130418457));
#10177=CARTESIAN_POINT('Ctrl Pts',(33.7677433231655,97.3144121953283,-6.59933170014803));
#10178=CARTESIAN_POINT('Ctrl Pts',(34.1862720448854,97.3102461177239,-6.62579209611149));
#10179=CARTESIAN_POINT('Ctrl Pts',(34.6048007666053,97.3060800401194,-6.65225249207495));
#10180=CARTESIAN_POINT('Ctrl Pts',(35.0210602166443,97.0739404425599,-6.67871288803842));
#10181=CARTESIAN_POINT('Ctrl Pts',(35.2445601678173,96.7200599275089,-6.70517328400188));
#10182=CARTESIAN_POINT('Ctrl Pts',(35.4680601189903,96.3661794124579,-6.73163367996534));
#10183=CARTESIAN_POINT('Ctrl Pts',(35.4988005712974,95.8905579799154,-6.7580940759288));
#10184=CARTESIAN_POINT('Ctrl Pts',(35.322713962445,95.5108513124865,-6.78455447189226));
#10185=CARTESIAN_POINT('Ctrl Pts',(35.1466273535925,95.1311446450575,-6.81101486785573));
#10186=CARTESIAN_POINT('Ctrl Pts',(34.7637136835805,94.8473527427422,-6.83747526381918));
#10187=CARTESIAN_POINT('Ctrl Pts',(34.3492033573546,94.789345531473,-6.86393565978265));
#10188=CARTESIAN_POINT('Ctrl Pts',(33.9346930311287,94.7313383202039,-6.89039605574611));
#10189=CARTESIAN_POINT('Ctrl Pts',(33.488586048689,94.8991157999809,-6.91685645170957));
#10190=CARTESIAN_POINT('Ctrl Pts',(33.2150315781222,95.2158990046178,-6.94331684767303));
#10191=CARTESIAN_POINT('Ctrl Pts',(32.9414771075553,95.5326822092546,-6.96977724363649));
#10192=CARTESIAN_POINT('Ctrl Pts',(32.8404751488614,95.9984711387514,-6.99623763959996));
#10193=CARTESIAN_POINT('Ctrl Pts',(32.9582466011838,96.4001096978129,-7.02269803556342));
#10194=CARTESIAN_POINT('Ctrl Pts',(33.0760180535062,96.8017482568744,-7.04915843152688));
#10195=CARTESIAN_POINT('Ctrl Pts',(33.4125629168449,97.1392364455006,-7.07561882749035));
#10196=CARTESIAN_POINT('Ctrl Pts',(33.8138702553057,97.2581316397039,-7.10207922345381));
#10197=CARTESIAN_POINT('Ctrl Pts',(34.2151775937664,97.3770268339072,-7.12853961941727));
#10198=CARTESIAN_POINT('Ctrl Pts',(34.6812474073493,97.2773290336875,-7.15500001538072));
#10199=CARTESIAN_POINT('Ctrl Pts',(34.998795061519,97.0046623242445,-7.18146041134419));
#10200=CARTESIAN_POINT('Ctrl Pts',(35.3163427156886,96.7319956148016,-7.20792080730765));
#10201=CARTESIAN_POINT('Ctrl Pts',(35.4853682104451,96.2863599961353,-7.23438120327111));
#10202=CARTESIAN_POINT('Ctrl Pts',(35.4285214582572,95.8716889290559,-7.26084159923457));
#10203=CARTESIAN_POINT('Ctrl Pts',(35.3716747060692,95.4570178619765,-7.28730199519804));
#10204=CARTESIAN_POINT('Ctrl Pts',(35.0889557069369,95.0733113464839,-7.3137623911615));
#10205=CARTESIAN_POINT('Ctrl Pts',(34.7097434007717,94.8961626124777,-7.34022278712496));
#10206=CARTESIAN_POINT('Ctrl Pts',(34.3305310946065,94.7190138784715,-7.36668318308842));
#10207=CARTESIAN_POINT('Ctrl Pts',(33.8548254814084,94.7484229259517,-7.39314357905188));
#10208=CARTESIAN_POINT('Ctrl Pts',(33.5003207668532,94.9709314751476,-7.41960397501535));
#10209=CARTESIAN_POINT('Ctrl Pts',(33.1458160522981,95.1934400243435,-7.44606437097881));
#10210=CARTESIAN_POINT('Ctrl Pts',(32.9125122363857,95.6090480752552,-7.47252476694227));
#10211=CARTESIAN_POINT('Ctrl Pts',(32.907174695595,96.0275634964351,-7.49898516290573));
#10212=CARTESIAN_POINT('Ctrl Pts',(32.9018371548043,96.446078917615,-7.52544555886919));
#10213=CARTESIAN_POINT('Ctrl Pts',(33.1244658891351,96.8675017090633,-7.55190595483266));
#10214=CARTESIAN_POINT('Ctrl Pts',(33.4731806934016,97.0989787757298,-7.57836635079612));
#10215=CARTESIAN_POINT('Ctrl Pts',(33.8218954976681,97.3304558423962,-7.60482674675958));
#10216=CARTESIAN_POINT('Ctrl Pts',(34.2966963718702,97.3719871842808,-7.63128714272304));
#10217=CARTESIAN_POINT('Ctrl Pts',(34.6803031404206,97.2045670713032,-7.6577475386865));
#10218=CARTESIAN_POINT('Ctrl Pts',(35.0639099089709,97.0371469583255,-7.68420793464996));
#10219=CARTESIAN_POINT('Ctrl Pts',(35.3563225718696,96.6607753904855,-7.71066833061342));
#10220=CARTESIAN_POINT('Ctrl Pts',(35.4237261380524,96.2476889511379,-7.73712872657689));
#10221=CARTESIAN_POINT('Ctrl Pts',(35.4911297042352,95.8346025117902,-7.76358912254035));
#10222=CARTESIAN_POINT('Ctrl Pts',(35.3335241737023,95.3848012009348,-7.79004951850381));
#10223=CARTESIAN_POINT('Ctrl Pts',(35.0230335866741,95.1041247992298,-7.81650991446727));
#10224=CARTESIAN_POINT('Ctrl Pts',(34.7125429996459,94.8234483975249,-7.84297031043073));
#10225=CARTESIAN_POINT('Ctrl Pts',(34.2491673561226,94.7118969049704,-7.8694307063942));
#10226=CARTESIAN_POINT('Ctrl Pts',(33.8449583743256,94.8205189383787,-7.89589110235766));
#10227=CARTESIAN_POINT('Ctrl Pts',(33.4407493925286,94.929140971787,-7.92235149832112));
#10228=CARTESIAN_POINT('Ctrl Pts',(33.095707072458,95.2579365311581,-7.94881189428458));
#10229=CARTESIAN_POINT('Ctrl Pts',(32.9677309883636,95.6564409464498,-7.97527229024804));
#10230=CARTESIAN_POINT('Ctrl Pts',(32.8397549042693,96.0549453617415,-8.0017326862115));
#10231=CARTESIAN_POINT('Ctrl Pts',(32.9288450561512,96.5231586329539,-8.02819308217497));
#10232=CARTESIAN_POINT('Ctrl Pts',(33.1942316710461,96.8468152283474,-8.05465347813843));
#10233=CARTESIAN_POINT('Ctrl Pts',(33.459618285941,97.170471823741,-8.08111387410189));
#10234=CARTESIAN_POINT('Ctrl Pts',(33.9013013638489,97.3495717433156,-8.10757427006535));
#10235=CARTESIAN_POINT('Ctrl Pts',(34.3171562206418,97.3021546030719,-8.13403466602881));
#10236=CARTESIAN_POINT('Ctrl Pts',(34.7330110774347,97.2547374628282,-8.16049506199227));
#10237=CARTESIAN_POINT('Ctrl Pts',(35.1230377131126,96.9808032627662,-8.18695545795573));
#10238=CARTESIAN_POINT('Ctrl Pts',(35.308750660423,96.6057108097518,-8.21341585391919));
#10239=CARTESIAN_POINT('Ctrl Pts',(35.4944636077335,96.2306183567374,-8.23987624988266));
#10240=CARTESIAN_POINT('Ctrl Pts',(35.4758628666765,95.7543676507705,-8.26633664584612));
#10241=CARTESIAN_POINT('Ctrl Pts',(35.2614605788729,95.3949023449457,-8.29279704180958));
#10242=CARTESIAN_POINT('Ctrl Pts',(35.0470582910694,95.0354370391209,-8.31925743777304));
#10243=CARTESIAN_POINT('Ctrl Pts',(34.6368544565192,94.7927571334382,-8.3457178337365));
#10244=CARTESIAN_POINT('Ctrl Pts',(34.2185681086961,94.7779187261131,-8.37217822969997));
#10245=CARTESIAN_POINT('Ctrl Pts',(33.8002817608731,94.7630803187881,-8.39863862566343));
#10246=CARTESIAN_POINT('Ctrl Pts',(33.3739128997771,94.9760834098208,-8.42509902162689));
#10247=CARTESIAN_POINT('Ctrl Pts',(33.1345780595964,95.3194527173934,-8.45155941759035));
#10248=CARTESIAN_POINT('Ctrl Pts',(32.8952432194158,95.6628220249659,-8.47801981355382));
#10249=CARTESIAN_POINT('Ctrl Pts',(32.8429424001506,96.1365575490782,-8.50448020951728));
#10250=CARTESIAN_POINT('Ctrl Pts',(33.0016097009374,96.5238666436889,-8.53094060548074));
#10251=CARTESIAN_POINT('Ctrl Pts',(33.1602770017242,96.9111757382996,-8.5574010014442));
#10252=CARTESIAN_POINT('Ctrl Pts',(33.5299124225631,97.2120584034086,-8.58386139740766));
#10253=CARTESIAN_POINT('Ctrl Pts',(33.9413620012206,97.2888235734383,-8.61032179337112));
#10254=CARTESIAN_POINT('Ctrl Pts',(34.3528115798781,97.3655887434681,-8.63678218933459));
#10255=CARTESIAN_POINT('Ctrl Pts',(34.8060753163542,97.2182364184184,-8.66324258529805));
#10256=CARTESIAN_POINT('Ctrl Pts',(35.0937289416553,96.9141985277564,-8.68970298126151));
#10257=CARTESIAN_POINT('Ctrl Pts',(35.3813825669565,96.6101606370943,-8.71616337722497));
#10258=CARTESIAN_POINT('Ctrl Pts',(35.5034260810826,96.1494371808199,-8.74262377318843));
#10259=CARTESIAN_POINT('Ctrl Pts',(35.4040094685443,95.7428661731736,-8.76908416915189));
#10260=CARTESIAN_POINT('Ctrl Pts',(35.3045928560059,95.3362951655273,-8.79554456511535));
#10261=CARTESIAN_POINT('Ctrl Pts',(34.9837161168031,94.9838766065092,-8.82200496107881));
#10262=CARTESIAN_POINT('Ctrl Pts',(34.5882200804794,94.846885612793,-8.84846535704227));
#10263=CARTESIAN_POINT('Ctrl Pts',(34.1927240441556,94.7098946190768,-8.87492575300574));
#10264=CARTESIAN_POINT('Ctrl Pts',(33.7226087107111,94.7883311906625,-8.9013861489692));
#10265=CARTESIAN_POINT('Ctrl Pts',(33.3930100408129,95.0463008863798,-8.92784654493266));
#10266=CARTESIAN_POINT('Ctrl Pts',(33.0634113709148,95.3042705820972,-8.95430694089613));
#10267=CARTESIAN_POINT('Ctrl Pts',(32.874329364563,95.7417734019461,-8.98076733685959));
#10268=CARTESIAN_POINT('Ctrl Pts',(32.912292446141,96.1585976473353,-9.00722773282305));
#10269=CARTESIAN_POINT('Ctrl Pts',(32.950255527719,96.5754218927244,-9.03368812878651));
#10270=CARTESIAN_POINT('Ctrl Pts',(33.2152636972267,96.9715675636537,-9.06014852474997));
#10271=CARTESIAN_POINT('Ctrl Pts',(33.5860429117309,97.1657489767673,-9.08660892071343));
#10272=CARTESIAN_POINT('Ctrl Pts',(33.9568221262351,97.3599303898809,-9.11306931667689));
#10273=CARTESIAN_POINT('Ctrl Pts',(34.4333723857357,97.3521475451788,-9.13952971264036));
#10274=CARTESIAN_POINT('Ctrl Pts',(34.7976129543149,97.1459620575511,-9.16599010860382));
#10275=CARTESIAN_POINT('Ctrl Pts',(35.1618535228941,96.9397765699236,-9.19245050456728));
#10276=CARTESIAN_POINT('Ctrl Pts',(35.4137844005518,96.5351884393705,-9.21891090053074));
#10277=CARTESIAN_POINT('Ctrl Pts',(35.4381160242152,96.1173468196185,-9.24537129649421));
#10278=CARTESIAN_POINT('Ctrl Pts',(35.4624476478786,95.6995051998664,-9.27183169245767));
#10279=CARTESIAN_POINT('Ctrl Pts',(35.2591800175478,95.2684100909154,-9.29829208842113));
#10280=CARTESIAN_POINT('Ctrl Pts',(34.921333236616,95.02134087041,-9.32475248438459));
#10281=CARTESIAN_POINT('Ctrl Pts',(34.5834864556842,94.7742716499046,-9.35121288034805));
#10282=CARTESIAN_POINT('Ctrl Pts',(34.1110605241514,94.7112283178449,-9.37767327631151));
#10283=CARTESIAN_POINT('Ctrl Pts',(33.7202487873394,94.8610610027875,-9.40413367227497));
#10284=CARTESIAN_POINT('Ctrl Pts',(33.3294370505274,95.0108936877301,-9.43059406823843));
#10285=CARTESIAN_POINT('Ctrl Pts',(33.0202395084362,95.3736023896751,-9.4570544642019));
#10286=CARTESIAN_POINT('Ctrl Pts',(32.9341523121621,95.783202977742,-9.48351486016536));
#10287=CARTESIAN_POINT('Ctrl Pts',(32.848065115888,96.192803565809,-9.50997525612882));
#10288=CARTESIAN_POINT('Ctrl Pts',(32.9850882654309,96.6492960399979,-9.53643565209228));
#10289=CARTESIAN_POINT('Ctrl Pts',(33.282516707768,96.9437785841259,-9.56289604805575));
#10290=CARTESIAN_POINT('Ctrl Pts',(33.579945150105,97.2382611282539,-9.58935644401921));
#10291=CARTESIAN_POINT('Ctrl Pts',(34.0377788852361,97.3707337423209,-9.61581683998267));
#10292=CARTESIAN_POINT('Ctrl Pts',(34.4465023040624,97.2805738065954,-9.64227723594613));
#10293=CARTESIAN_POINT('Ctrl Pts',(34.8552257228887,97.1904138708699,-9.66873763190959));
#10294=CARTESIAN_POINT('Ctrl Pts',(35.2148388254102,96.8776213853518,-9.69519802787305));
#10295=CARTESIAN_POINT('Ctrl Pts',(35.3607741006875,96.4853376327736,-9.72165842383652));
#10296=CARTESIAN_POINT('Ctrl Pts',(35.5067093759648,96.0930538801953,-9.74811881979998));
#10297=CARTESIAN_POINT('Ctrl Pts',(35.4389668239978,95.6212788605568,-9.77457921576344));
#10298=CARTESIAN_POINT('Ctrl Pts',(35.1885470481674,95.285908046412,-9.8010396117269));
#10299=CARTESIAN_POINT('Ctrl Pts',(34.938127272337,94.9505372322672,-9.82750000769036));
#10300=CARTESIAN_POINT('Ctrl Pts',(34.5050302726433,94.751570623616,-9.85396040365382));
#10301=CARTESIAN_POINT('Ctrl Pts',(34.0874515395601,94.7800600740091,-9.88042079961728));
#10302=CARTESIAN_POINT('Ctrl Pts',(33.669872806477,94.8085495244023,-9.90688119558075));
#10303=CARTESIAN_POINT('Ctrl Pts',(33.2678123400044,95.0644950338397,-9.93334159154421));
#10304=CARTESIAN_POINT('Ctrl Pts',(33.0652625746517,95.4307698482386,-9.95980198750768));
#10305=CARTESIAN_POINT('Ctrl Pts',(32.8627128092991,95.7970446626375,-9.98626238347114));
#10306=CARTESIAN_POINT('Ctrl Pts',(32.8596737450664,96.2736487819977,-10.0127227794346));
#10307=CARTESIAN_POINT('Ctrl Pts',(33.0575361300472,96.6424768228468,-10.0391831753981));
#10308=CARTESIAN_POINT('Ctrl Pts',(33.255398515028,97.011304863696,-10.0656435713615));
#10309=CARTESIAN_POINT('Ctrl Pts',(33.6541623492224,97.2723568260341,-10.092103967325));
#10310=CARTESIAN_POINT('Ctrl Pts',(34.0713438154758,97.3061691214501,-10.1185643632884));
#10311=CARTESIAN_POINT('Ctrl Pts',(34.4885252817293,97.339981416866,-10.1450247592519));
#10312=CARTESIAN_POINT('Ctrl Pts',(34.9241243800418,97.1465540453599,-10.1714851552154));
#10313=CARTESIAN_POINT('Ctrl Pts',(35.178800600091,96.8144039737804,-10.1979455511788));
#10314=CARTESIAN_POINT('Ctrl Pts',(35.4334768201402,96.4822539022009,-10.2244059471423));
#10315=CARTESIAN_POINT('Ctrl Pts',(35.5072301619261,96.0113811305482,-10.2508663431058));
#10316=CARTESIAN_POINT('Ctrl Pts',(35.3663093416406,95.6172682412444,-10.2773267390692));
#10317=CARTESIAN_POINT('Ctrl Pts',(35.2253885213552,95.2231553519407,-10.3037871350327));
#10318=CARTESIAN_POINT('Ctrl Pts',(34.8697935389984,94.9058023449859,-10.3302475309961));
#10319=CARTESIAN_POINT('Ctrl Pts',(34.4622531181483,94.8104375061944,-10.3567079269596));
#10320=CARTESIAN_POINT('Ctrl Pts',(34.0547126972981,94.7150726674029,-10.3831683229231));
#10321=CARTESIAN_POINT('Ctrl Pts',(33.5952268379546,94.8416959967746,-10.4096287188865));
#10322=CARTESIAN_POINT('Ctrl Pts',(33.2940672005261,95.1323616464549,-10.43608911485));
#10323=CARTESIAN_POINT('Ctrl Pts',(32.9929075630977,95.4230272961351,-10.4625495108135));
#10324=CARTESIAN_POINT('Ctrl Pts',(32.8500741475843,95.8777352661238,-10.4890099067769));
#10325=CARTESIAN_POINT('Ctrl Pts',(32.9309309230116,96.2884003717235,-10.5154703027404));
#10326=CARTESIAN_POINT('Ctrl Pts',(33.0117876984389,96.6990654773232,-10.5419306987038));
#10327=CARTESIAN_POINT('Ctrl Pts',(33.316334664807,97.065687718534,-10.5683910946673));
#10328=CARTESIAN_POINT('Ctrl Pts',(33.7052038849731,97.2204920359829,-10.5948514906308));
#10329=CARTESIAN_POINT('Ctrl Pts',(34.0940731051393,97.3752963534317,-10.6213118865942));
#10330=CARTESIAN_POINT('Ctrl Pts',(34.5672645791035,97.3182827471188,-10.6477722825577));
#10331=CARTESIAN_POINT('Ctrl Pts',(34.9082346313831,97.0755419992958,-10.6742326785211));
#10332=CARTESIAN_POINT('Ctrl Pts',(35.2492046836627,96.8328012514728,-10.7006930744846));
#10333=CARTESIAN_POINT('Ctrl Pts',(35.4579533142576,96.4043333621397,-10.7271534704481));
#10334=CARTESIAN_POINT('Ctrl Pts',(35.4389521831278,95.9862154314486,-10.7536138664115));
#10335=CARTESIAN_POINT('Ctrl Pts',(35.4199510519979,95.5680975007575,-10.780074262375));
#10336=CARTESIAN_POINT('Ctrl Pts',(35.1732001591433,95.1603295287084,-10.8065346583384));
#10337=CARTESIAN_POINT('Ctrl Pts',(34.8116185844168,94.9495158387414,-10.8329950543019));
#10338=CARTESIAN_POINT('Ctrl Pts',(34.4500370096903,94.7387021487744,-10.8594554502654));
#10339=CARTESIAN_POINT('Ctrl Pts',(33.973624753092,94.7248427408894,-10.8859158462288));
#10340=CARTESIAN_POINT('Ctrl Pts',(33.6003993950253,94.9142800126407,-10.9123762421923));
#10341=CARTESIAN_POINT('Ctrl Pts',(33.2271740369587,95.1037172843921,-10.9388366381558));
#10342=CARTESIAN_POINT('Ctrl Pts',(32.9571355774238,95.4964512357797,-10.9652970341192));
#10343=CARTESIAN_POINT('Ctrl Pts',(32.9138600439211,95.9127574619312,-10.9917574300827));
#10344=CARTESIAN_POINT('Ctrl Pts',(32.8705845104184,96.3290636880828,-11.0182178260461));
#10345=CARTESIAN_POINT('Ctrl Pts',(33.054071902948,96.7689421889983,-11.0446782220096));
#10346=CARTESIAN_POINT('Ctrl Pts',(33.380354017201,97.0310941089301,-11.0711386179731));
#10347=CARTESIAN_POINT('Ctrl Pts',(33.7066361314541,97.2932460288619,-11.0975990139365));
#10348=CARTESIAN_POINT('Ctrl Pts',(34.1757129674307,97.3776713678099,-11.1240594099));
#10349=CARTESIAN_POINT('Ctrl Pts',(34.5729238221193,97.2457350602902,-11.1505198058635));
#10350=CARTESIAN_POINT('Ctrl Pts',(34.9701346768079,97.1137987527704,-11.1769802018269));
#10351=CARTESIAN_POINT('Ctrl Pts',(35.2954795502085,96.7655007987828,-11.2034405977904));
#10352=CARTESIAN_POINT('Ctrl Pts',(35.4000728554633,96.3602306716236,-11.2299009937538));
#10353=CARTESIAN_POINT('Ctrl Pts',(35.504666160718,95.9549605444643,-11.2563613897173));
#10354=CARTESIAN_POINT('Ctrl Pts',(35.3885078978268,95.4927182441333,-11.2828217856808));
#10355=CARTESIAN_POINT('Ctrl Pts',(35.1047549165045,95.1850367575679,-11.3092821816442));
#10356=CARTESIAN_POINT('Ctrl Pts',(34.8210019351821,94.8773552710025,-11.3357425776077));
#10357=CARTESIAN_POINT('Ctrl Pts',(34.3696542354286,94.7242345982027,-11.3622029735711));
#10358=CARTESIAN_POINT('Ctrl Pts',(33.9572591326739,94.7957465736548,-11.3886633695346));
#10359=CARTESIAN_POINT('Ctrl Pts',(33.5448640299193,94.8672585491069,-11.4151237654981));
#10360=CARTESIAN_POINT('Ctrl Pts',(33.1714215241636,95.1634031728109,-11.4415841614615));
#10361=CARTESIAN_POINT('Ctrl Pts',(33.007828047782,95.5486572781108,-11.468044557425));
#10362=CARTESIAN_POINT('Ctrl Pts',(32.8442345714005,95.9339113834108,-11.4945049533885));
#10363=CARTESIAN_POINT('Ctrl Pts',(32.8904901243931,96.4082749703066,-11.5209653493519));
#10364=CARTESIAN_POINT('Ctrl Pts',(33.1254265535204,96.7546686550497,-11.5474257453154));
#10365=CARTESIAN_POINT('Ctrl Pts',(33.3603629826478,97.1010623397929,-11.5738861412788));
#10366=CARTESIAN_POINT('Ctrl Pts',(33.7839802879098,97.3194861223832,-11.6003465372423));
#10367=CARTESIAN_POINT('Ctrl Pts',(34.202422129583,97.3099827346506,-11.6268069332058));
#10368=CARTESIAN_POINT('Ctrl Pts',(34.6208639712561,97.3004793469181,-11.6532673291692));
#10369=CARTESIAN_POINT('Ctrl Pts',(35.0341303493404,97.0630487888625,-11.6797277251327));
#10370=CARTESIAN_POINT('Ctrl Pts',(35.2530987163455,96.7063476131422,-11.7061881210962));
#10371=CARTESIAN_POINT('Ctrl Pts',(35.4720670833506,96.349646437422,-11.7326485170596));
#10372=CARTESIAN_POINT('Ctrl Pts',(35.4967374392766,95.873674644037,-11.7591089130231));
#10373=CARTESIAN_POINT('Ctrl Pts',(35.3158240592325,95.4962429213831,-11.7855693089865));
#10374=CARTESIAN_POINT('Ctrl Pts',(35.1349106791885,95.1188111987291,-11.81202970495));
#10375=CARTESIAN_POINT('Ctrl Pts',(34.7484135631744,94.8399195468062,-11.8384901009135));
#10376=CARTESIAN_POINT('Ctrl Pts',(34.3331950033356,94.7872060082885,-11.8649504968769));
#10377=CARTESIAN_POINT('Ctrl Pts',(33.9179764434969,94.7344924697708,-11.8914108928404));
#10378=CARTESIAN_POINT('Ctrl Pts',(33.4740364398335,94.9079570446584,-11.9178712888038));
#10379=CARTESIAN_POINT('Ctrl Pts',(33.2045483642857,95.2281971749352,-11.9443316847673));
#10380=CARTESIAN_POINT('Ctrl Pts',(32.9350602887378,95.5484373052121,-11.9707920807308));
#10381=CARTESIAN_POINT('Ctrl Pts',(32.8400241413055,96.0154529908781,-11.9972524766942));
#10382=CARTESIAN_POINT('Ctrl Pts',(32.962899194286,96.4155685615063,-12.0237128726577));
#10383=CARTESIAN_POINT('Ctrl Pts',(33.0857742472665,96.8156841321344,-12.0501732686211));
#10384=CARTESIAN_POINT('Ctrl Pts',(33.4265605006599,97.1488995877247,-12.0766336645846));
#10385=CARTESIAN_POINT('Ctrl Pts',(33.8293687267157,97.2626444976163,-12.1030940605481));
#10386=CARTESIAN_POINT('Ctrl Pts',(34.2321769527715,97.3763894075079,-12.1295544565115));
#10387=CARTESIAN_POINT('Ctrl Pts',(34.6970071514897,97.2706637717008,-12.156014852475));
#10388=CARTESIAN_POINT('Ctrl Pts',(35.0110173103103,96.9940153876326,-12.1824752484385));
#10389=CARTESIAN_POINT('Ctrl Pts',(35.3250274691308,96.7173670035644,-12.2089356444019));
#10390=CARTESIAN_POINT('Ctrl Pts',(35.4882175880536,96.2697958712353,-12.2353960403654));
#10391=CARTESIAN_POINT('Ctrl Pts',(35.4261571043451,95.8557920518258,-12.2618564363288));
#10392=CARTESIAN_POINT('Ctrl Pts',(35.3640966206366,95.4417882324163,-12.2883168322923));
#10393=CARTESIAN_POINT('Ctrl Pts',(35.0767855342966,95.0613517259264,-12.3147772282558));
#10394=CARTESIAN_POINT('Ctrl Pts',(34.6951926525182,94.8892429113678,-12.3412376242192));
#10395=CARTESIAN_POINT('Ctrl Pts',(34.3135997707398,94.7171340968092,-12.3676980201827));
#10396=CARTESIAN_POINT('Ctrl Pts',(33.8377250935228,94.753352974182,-12.3941584161462));
#10397=CARTESIAN_POINT('Ctrl Pts',(33.4866163687846,94.9798832881544,-12.4206188121096));
#10398=CARTESIAN_POINT('Ctrl Pts',(33.1355076440464,95.2064136021268,-12.4470792080731));
#10399=CARTESIAN_POINT('Ctrl Pts',(32.9091648717868,95.6232553526989,-12.4735396040365));
#10400=CARTESIAN_POINT('Ctrl Pts',(32.9091648717868,96.0437156921114,-12.5));
#10401=CARTESIAN_POINT('Origin',(179.373664871787,96.0437156921115,-1.52670795003069));
#10402=CARTESIAN_POINT('Ctrl Pts',(180.044505679974,94.6541756206953,-2.5));
#10403=CARTESIAN_POINT('Ctrl Pts',(179.582468123584,94.4311135772774,-2.52646039596346));
#10404=CARTESIAN_POINT('Ctrl Pts',(178.426010593096,94.4865613016401,-2.57938118789038));
#10405=CARTESIAN_POINT('Ctrl Pts',(177.549450864553,95.9973086209747,-2.65876237578077));
#10406=CARTESIAN_POINT('Ctrl Pts',(178.346234325267,97.5501655905092,-2.73814356367115));
#10407=CARTESIAN_POINT('Ctrl Pts',(180.081559214683,97.7244292171886,-2.81752475156154));
#10408=CARTESIAN_POINT('Ctrl Pts',(181.169869328069,96.3603376276883,-2.89690593945192));
#10409=CARTESIAN_POINT('Ctrl Pts',(180.613775383276,94.70650074145,-2.97628712734231));
#10410=CARTESIAN_POINT('Ctrl Pts',(178.922884752016,94.2765259845403,-3.0556683152327));
#10411=CARTESIAN_POINT('Ctrl Pts',(177.644466090642,95.4639774174535,-3.13504950312308));
#10412=CARTESIAN_POINT('Ctrl Pts',(177.948743033516,97.1820279692535,-3.21443069101347));
#10413=CARTESIAN_POINT('Ctrl Pts',(179.557151485505,97.8582433776711,-3.29381187890385));
#10414=CARTESIAN_POINT('Ctrl Pts',(180.99763636845,96.8737155319425,-3.37319306679424));
#10415=CARTESIAN_POINT('Ctrl Pts',(180.951779344591,95.1295329189066,-3.45257425468462));
#10416=CARTESIAN_POINT('Ctrl Pts',(179.461559766369,94.2220535942998,-3.531955442575));
#10417=CARTESIAN_POINT('Ctrl Pts',(177.890893180839,94.9818462348326,-3.6113366304654));
#10418=CARTESIAN_POINT('Ctrl Pts',(177.677330490936,96.7135122589689,-3.69071781835577));
#10419=CARTESIAN_POINT('Ctrl Pts',(179.016333398982,97.8321486291664,-3.77009900624617));
#10420=CARTESIAN_POINT('Ctrl Pts',(180.682383238804,97.3139260652498,-3.84948019413655));
#10421=CARTESIAN_POINT('Ctrl Pts',(181.1506316789,95.6331465389323,-3.92886138202693));
#10422=CARTESIAN_POINT('Ctrl Pts',(179.992515588468,94.3281394326802,-4.00824256991732));
#10423=CARTESIAN_POINT('Ctrl Pts',(178.267997857679,94.5933093483593,-4.0876237578077));
#10424=CARTESIAN_POINT('Ctrl Pts',(177.555439195527,96.1859601594896,-4.16700494569809));
#10425=CARTESIAN_POINT('Ctrl Pts',(178.507007179121,97.6484220665134,-4.24638613358848));
#10426=CARTESIAN_POINT('Ctrl Pts',(180.251781521034,97.6421803472653,-4.32576732147886));
#10427=CARTESIAN_POINT('Ctrl Pts',(181.192861723507,96.1729477205137,-4.40514850936925));
#10428=CARTESIAN_POINT('Ctrl Pts',(180.46892641014,94.5854357924338,-4.48452969725963));
#10429=CARTESIAN_POINT('Ctrl Pts',(178.742555623878,94.332611013766,-4.56391088515002));
#10430=CARTESIAN_POINT('Ctrl Pts',(177.593806049717,95.6458706513538,-4.6432920730404));
#10431=CARTESIAN_POINT('Ctrl Pts',(178.07406795543,97.3232569997826,-4.72267326093078));
#10432=CARTESIAN_POINT('Ctrl Pts',(179.743782794062,97.8295462626386,-4.80205444882117));
#10433=CARTESIAN_POINT('Ctrl Pts',(181.07474809994,96.7013584172329,-4.88143563671156));
#10434=CARTESIAN_POINT('Ctrl Pts',(180.848801097596,94.9712646590445,-4.96081682460194));
#10435=CARTESIAN_POINT('Ctrl Pts',(179.272739234159,94.2227291137187,-5.04019801249233));
#10436=CARTESIAN_POINT('Ctrl Pts',(177.78904931634,95.1408471277834,-5.11957920038271));
#10437=CARTESIAN_POINT('Ctrl Pts',(177.755674951138,96.8853134105584,-5.1989603882731));
#10438=CARTESIAN_POINT('Ctrl Pts',(179.203161945545,97.8595094180507,-5.27834157616348));
#10439=CARTESIAN_POINT('Ctrl Pts',(180.806701330606,97.1718046117946,-5.35772276405387));
#10440=CARTESIAN_POINT('Ctrl Pts',(181.098657564442,95.4516191515854,-5.43710395194426));
#10441=CARTESIAN_POINT('Ctrl Pts',(179.81181841052,94.2733486173179,-5.51648513983464));
#10442=CARTESIAN_POINT('Ctrl Pts',(178.12396029053,94.7154022642626,-5.59586632772502));
#10443=CARTESIAN_POINT('Ctrl Pts',(177.57989126446,96.3731915617495,-5.67524751561541));
#10444=CARTESIAN_POINT('Ctrl Pts',(178.677569191863,97.7294288668266,-5.75462870350579));
#10445=CARTESIAN_POINT('Ctrl Pts',(180.412347005881,97.5428212678901,-5.83400989139618));
#10446=CARTESIAN_POINT('Ctrl Pts',(181.196473510107,95.9841609183072,-5.91339107928657));
#10447=CARTESIAN_POINT('Ctrl Pts',(180.312278819003,94.4800079313362,-5.99277226717695));
#10448=CARTESIAN_POINT('Ctrl Pts',(178.569019983998,94.407034688503,-6.07215345506734));
#10449=CARTESIAN_POINT('Ctrl Pts',(177.562210435436,95.8320297737279,-6.15153464295772));
#10450=CARTESIAN_POINT('Ctrl Pts',(178.213330176327,97.4507698835089,-6.23091583084811));
#10451=CARTESIAN_POINT('Ctrl Pts',(179.926443439421,97.7817070494493,-6.31029701873849));
#10452=CARTESIAN_POINT('Ctrl Pts',(181.13362745612,96.5219518312352,-6.38967820662887));
#10453=CARTESIAN_POINT('Ctrl Pts',(180.730009976323,94.8244921439395,-6.46905939451927));
#10454=CARTESIAN_POINT('Ctrl Pts',(179.085000921728,94.2429238587911,-6.54844058240964));
#10455=CARTESIAN_POINT('Ctrl Pts',(177.704190848905,95.3095259414735,-6.62782177030003));
#10456=CARTESIAN_POINT('Ctrl Pts',(177.851362835677,97.0480934168109,-6.70720295819042));
#10457=CARTESIAN_POINT('Ctrl Pts',(179.391818077281,97.8674066100434,-6.7865841460808));
#10458=CARTESIAN_POINT('Ctrl Pts',(180.915658641485,97.0175911036661,-6.86596533397119));
#10459=CARTESIAN_POINT('Ctrl Pts',(181.028193139339,95.2764384834792,-6.94534652186157));
#10460=CARTESIAN_POINT('Ctrl Pts',(179.626424643999,94.2375344718104,-7.02472770975196));
#10461=CARTESIAN_POINT('Ctrl Pts',(177.993318378778,94.8517334513652,-7.10410889764234));
#10462=CARTESIAN_POINT('Ctrl Pts',(177.623570901075,96.5568912923651,-7.18349008553273));
#10463=CARTESIAN_POINT('Ctrl Pts',(178.855592695131,97.7923664070322,-7.26287127342311));
#10464=CARTESIAN_POINT('Ctrl Pts',(180.561778795224,97.4273931863106,-7.3422524613135));
#10465=CARTESIAN_POINT('Ctrl Pts',(181.180546501927,95.7960124872917,-7.42163364920388));
#10466=CARTESIAN_POINT('Ctrl Pts',(180.145570168997,94.3913415470837,-7.50101483709427));
#10467=CARTESIAN_POINT('Ctrl Pts',(178.404109380677,94.4990020446429,-7.58039602498465));
#10468=CARTESIAN_POINT('Ctrl Pts',(177.550031909433,96.0204579700988,-7.65977721287504));
#10469=CARTESIAN_POINT('Ctrl Pts',(178.365030094096,97.5632004693469,-7.73915840076543));
#10470=CARTESIAN_POINT('Ctrl Pts',(180.103178818313,97.7152382031297,-7.81853958865581));
#10471=CARTESIAN_POINT('Ctrl Pts',(181.173641668274,96.3374190035083,-7.89792077654619));
#10472=CARTESIAN_POINT('Ctrl Pts',(180.596680110893,94.6907885588439,-7.97730196443658));
#10473=CARTESIAN_POINT('Ctrl Pts',(178.900356815413,94.282421399045,-8.05668315232697));
#10474=CARTESIAN_POINT('Ctrl Pts',(177.637227573202,95.4860745789372,-8.13606434021735));
#10475=CARTESIAN_POINT('Ctrl Pts',(177.963368366634,97.2001074382639,-8.21544552810774));
#10476=CARTESIAN_POINT('Ctrl Pts',(179.580279623724,97.8557555501993,-8.29482671599812));
#10477=CARTESIAN_POINT('Ctrl Pts',(181.008087229077,96.8529385668537,-8.37420790388851));
#10478=CARTESIAN_POINT('Ctrl Pts',(180.93999372695,95.1094823055845,-8.45358909177889));
#10479=CARTESIAN_POINT('Ctrl Pts',(179.438321530388,94.2210808906453,-8.53297027966928));
#10480=CARTESIAN_POINT('Ctrl Pts',(177.8774724835,95.0008415672762,-8.61235146755966));
#10481=CARTESIAN_POINT('Ctrl Pts',(177.686009899456,96.7350902630816,-8.69173265545005));
#10482=CARTESIAN_POINT('Ctrl Pts',(179.039169444994,97.8365600558173,-8.77111384334044));
#10483=CARTESIAN_POINT('Ctrl Pts',(180.698475120481,97.2971333830553,-8.85049503123081));
#10484=CARTESIAN_POINT('Ctrl Pts',(181.14525142167,95.6105192017183,-8.92987621912121));
#10485=CARTESIAN_POINT('Ctrl Pts',(179.970587420022,94.3203870599505,-9.00925740701158));
#10486=CARTESIAN_POINT('Ctrl Pts',(178.249591500554,94.6075272786007,-9.08863859490198));
#10487=CARTESIAN_POINT('Ctrl Pts',(177.557401014037,96.2091354673804,-9.16801978279236));
#10488=CARTESIAN_POINT('Ctrl Pts',(178.527541628271,97.6593436071337,-9.24740097068274));
#10489=CARTESIAN_POINT('Ctrl Pts',(180.272094493655,97.6308522072123,-9.32678215857314));
#10490=CARTESIAN_POINT('Ctrl Pts',(181.194361821675,96.1497379524504,-9.40616334646352));
#10491=CARTESIAN_POINT('Ctrl Pts',(180.450240672091,94.5715870804692,-9.4855445343539));
#10492=CARTESIAN_POINT('Ctrl Pts',(178.720786126414,94.3407983579884,-9.56492572224429));
#10493=CARTESIAN_POINT('Ctrl Pts',(177.588877272581,95.6686006047882,-9.64430691013467));
#10494=CARTESIAN_POINT('Ctrl Pts',(178.090490950034,97.3397260275448,-9.72368809802506));
#10495=CARTESIAN_POINT('Ctrl Pts',(179.766526454305,97.8246811269245,-9.80306928591544));
#10496=CARTESIAN_POINT('Ctrl Pts',(181.082996345835,96.6796119217306,-9.88245047380584));
#10497=CARTESIAN_POINT('Ctrl Pts',(180.83500474204,94.9525402311402,-9.9618316616962));
#10498=CARTESIAN_POINT('Ctrl Pts',(179.249525358193,94.2241642407419,-10.0412128495866));
#10499=CARTESIAN_POINT('Ctrl Pts',(177.777664363767,95.1611283131982,-10.120594037477));
#10500=CARTESIAN_POINT('Ctrl Pts',(177.76653897225,96.9058783484925,-10.1999752253674));
#10501=CARTESIAN_POINT('Ctrl Pts',(179.22633167131,97.8615360988204,-10.2793564132577));
#10502=CARTESIAN_POINT('Ctrl Pts',(180.820970725581,97.1534381207362,-10.3587376011481));
#10503=CARTESIAN_POINT('Ctrl Pts',(181.090966599413,95.4296693751831,-10.4381187890385));
#10504=CARTESIAN_POINT('Ctrl Pts',(179.789206222603,94.2679050353358,-10.5174999769289));
#10505=CARTESIAN_POINT('Ctrl Pts',(178.107122630032,94.7314471018827,-10.5968811648193));
#10506=CARTESIAN_POINT('Ctrl Pts',(177.584238759339,96.3960398202775,-10.6762623527097));
#10507=CARTESIAN_POINT('Ctrl Pts',(178.69912280809,97.7381687327053,-10.7556435406001));
#10508=CARTESIAN_POINT('Ctrl Pts',(180.431379848077,97.5294536004902,-10.8350247284904));
#10509=CARTESIAN_POINT('Ctrl Pts',(181.195565816089,95.960920441914,-10.9144059163809));
#10510=CARTESIAN_POINT('Ctrl Pts',(180.292261352335,94.4681654376825,-10.9937871042712));
#10511=CARTESIAN_POINT('Ctrl Pts',(178.54821368504,94.4174289872583,-11.0731682921616));
#10512=CARTESIAN_POINT('Ctrl Pts',(177.559658213993,95.855147516266,-11.152549480052));
#10513=CARTESIAN_POINT('Ctrl Pts',(178.231367957053,97.4654525952381,-11.2319306679424));
#10514=CARTESIAN_POINT('Ctrl Pts',(179.948562166398,97.7745164480751,-11.3113118558328));
#10515=CARTESIAN_POINT('Ctrl Pts',(181.139583060436,96.4994690275884,-11.3906930437231));
#10516=CARTESIAN_POINT('Ctrl Pts',(180.714351518806,94.8072946120845,-11.4700742316135));
#10517=CARTESIAN_POINT('Ctrl Pts',(179.062059945027,94.2467513069887,-11.5494554195039));
#10518=CARTESIAN_POINT('Ctrl Pts',(177.694963664006,95.330875902193,-11.6288366073943));
#10519=CARTESIAN_POINT('Ctrl Pts',(177.864295342095,97.0674241735345,-11.7082177952847));
#10520=CARTESIAN_POINT('Ctrl Pts',(179.415072315352,97.8670282214682,-11.7875989831751));
#10521=CARTESIAN_POINT('Ctrl Pts',(180.92795432191,96.9978448051309,-11.8669801710655));
#10522=CARTESIAN_POINT('Ctrl Pts',(181.01827034195,95.2554074193011,-11.9463613589558));
#10523=CARTESIAN_POINT('Ctrl Pts',(179.603378121487,94.2344460287594,-12.0257425468462));
#10524=CARTESIAN_POINT('Ctrl Pts',(177.978214960832,94.8694577456003,-12.1051237347366));
#10525=CARTESIAN_POINT('Ctrl Pts',(177.63028801125,96.5791174357779,-12.184504922627));
#10526=CARTESIAN_POINT('Ctrl Pts',(178.877872012326,97.7989334391062,-12.2638861105174));
#10527=CARTESIAN_POINT('Ctrl Pts',(180.579455136574,97.4119196942346,-12.3432672984078));
#10528=CARTESIAN_POINT('Ctrl Pts',(181.171887093917,95.7873837471497,-12.4219719282353));
#10529=CARTESIAN_POINT('Ctrl Pts',(180.49339627887,94.8687413968367,-12.4742161620994));
#10530=CARTESIAN_POINT('Ctrl Pts',(180.045530707658,94.6515629963506,-12.5));
#10531=CARTESIAN_POINT('Ctrl Pts',(180.83314638166,96.553035425517,-2.5));
#10532=CARTESIAN_POINT('Ctrl Pts',(180.996266827247,96.0827783382146,-2.52578383790062));
#10533=CARTESIAN_POINT('Ctrl Pts',(180.826454115059,94.9534345835888,-2.57802807176469));
#10534=CARTESIAN_POINT('Ctrl Pts',(179.258820990949,94.2236268788814,-2.65673270159223));
#10535=CARTESIAN_POINT('Ctrl Pts',(177.781960001288,95.1531677977542,-2.73611388948261));
#10536=CARTESIAN_POINT('Ctrl Pts',(177.762325039689,96.8978831016247,-2.815495077373));
#10537=CARTESIAN_POINT('Ctrl Pts',(179.217258536144,97.8607735658959,-2.89487626526338));
#10538=CARTESIAN_POINT('Ctrl Pts',(180.815443532207,97.1606307579787,-2.97425745315377));
#10539=CARTESIAN_POINT('Ctrl Pts',(181.093994700528,95.438222129336,-3.05363864104415));
#10540=CARTESIAN_POINT('Ctrl Pts',(179.79804232064,94.2699958936787,-3.13301982893454));
#10541=CARTESIAN_POINT('Ctrl Pts',(178.113667686613,94.7251595375381,-3.21240101682493));
#10542=CARTESIAN_POINT('Ctrl Pts',(177.582508209999,96.3871299170534,-3.29178220471531));
#10543=CARTESIAN_POINT('Ctrl Pts',(178.690697704989,97.7347905704646,-3.3711633926057));
#10544=CARTESIAN_POINT('Ctrl Pts',(180.423972630532,97.5346993700103,-3.45054458049608));
#10545=CARTESIAN_POINT('Ctrl Pts',(181.195955244513,95.9699888017144,-3.52992576838647));
#10546=CARTESIAN_POINT('Ctrl Pts',(180.300091335645,94.472756671956,-3.60930695627685));
#10547=CARTESIAN_POINT('Ctrl Pts',(178.556317685533,94.413340944553,-3.68868814416723));
#10548=CARTESIAN_POINT('Ctrl Pts',(177.560619149042,95.8461217788841,-3.76806933205763));
#10549=CARTESIAN_POINT('Ctrl Pts',(178.224306284259,97.4597499547278,-3.847450519948));
#10550=CARTESIAN_POINT('Ctrl Pts',(179.939941104419,97.7773562028886,-3.9268317078384));
#10551=CARTESIAN_POINT('Ctrl Pts',(181.137292963679,96.5082521664257,-4.00621289572878));
#10552=CARTESIAN_POINT('Ctrl Pts',(180.720488484058,94.8139822470507,-4.08559408361916));
#10553=CARTESIAN_POINT('Ctrl Pts',(179.071006950174,94.2452228869783,-4.16497527150955));
#10554=CARTESIAN_POINT('Ctrl Pts',(177.698532347751,95.3225297150159,-4.24435645939993));
#10555=CARTESIAN_POINT('Ctrl Pts',(177.859218733879,97.0599002633114,-4.32373764729032));
#10556=CARTESIAN_POINT('Ctrl Pts',(179.405998283281,97.8672103418763,-4.4031188351807));
#10557=CARTESIAN_POINT('Ctrl Pts',(180.923184755927,97.0055713547654,-4.48250002307109));
#10558=CARTESIAN_POINT('Ctrl Pts',(181.022176904255,95.2635962999557,-4.56188121096147));
#10559=CARTESIAN_POINT('Ctrl Pts',(179.61237240396,94.2356236310505,-4.64126239885186));
#10560=CARTESIAN_POINT('Ctrl Pts',(177.984091412491,94.8625028457541,-4.72064358674225));
#10561=CARTESIAN_POINT('Ctrl Pts',(177.627614167099,96.570484259747,-4.80002477463263));
#10562=CARTESIAN_POINT('Ctrl Pts',(178.869205604025,97.7963420169039,-4.87940596252302));
#10563=CARTESIAN_POINT('Ctrl Pts',(180.572502165061,97.4181127713574,-4.9587871504134));
#10564=CARTESIAN_POINT('Ctrl Pts',(181.178565794415,95.7819699248423,-5.03816833830379));
#10565=CARTESIAN_POINT('Ctrl Pts',(180.132698221891,94.3853892584394,-5.11754952619417));
#10566=CARTESIAN_POINT('Ctrl Pts',(178.392127212419,94.5065878475817,-5.19693071408456));
#10567=CARTESIAN_POINT('Ctrl Pts',(177.549906170526,96.0346389768375,-5.27631190197495));
#10568=CARTESIAN_POINT('Ctrl Pts',(178.37687586677,97.5709975477834,-5.35569308986533));
#10569=CARTESIAN_POINT('Ctrl Pts',(180.116154287794,97.7095150960927,-5.43507427775571));
#10570=CARTESIAN_POINT('Ctrl Pts',(181.175871067517,96.3234137708645,-5.5144554656461));
#10571=CARTESIAN_POINT('Ctrl Pts',(180.586122987636,94.6813194558801,-5.59383665353649));
#10572=CARTESIAN_POINT('Ctrl Pts',(178.88667555117,94.2861549993352,-5.67321784142687));
#10573=CARTESIAN_POINT('Ctrl Pts',(177.632943911966,95.4995937138506,-5.75259902931725));
#10574=CARTESIAN_POINT('Ctrl Pts',(177.972402918983,97.2110387522848,-5.83198021720764));
#10575=CARTESIAN_POINT('Ctrl Pts',(179.594363537485,97.8540941846222,-5.91136140509803));
#10576=CARTESIAN_POINT('Ctrl Pts',(181.01433023626,96.8402050825028,-5.99074259298841));
#10577=CARTESIAN_POINT('Ctrl Pts',(180.932681930337,95.0973309931989,-6.0701237808788));
#10578=CARTESIAN_POINT('Ctrl Pts',(179.424147034137,94.2206332094819,-6.14950496876918));
#10579=CARTESIAN_POINT('Ctrl Pts',(177.869408461005,95.0125072564365,-6.22888615665957));
#10580=CARTESIAN_POINT('Ctrl Pts',(177.691436927791,96.7481923287905,-6.30826734454995));
#10581=CARTESIAN_POINT('Ctrl Pts',(179.053120449609,97.8391068641397,-6.38764853244034));
#10582=CARTESIAN_POINT('Ctrl Pts',(180.708181478161,97.286793973837,-6.46702972033072));
#10583=CARTESIAN_POINT('Ctrl Pts',(181.141829412036,95.5967566942266,-6.5464109082211));
#10584=CARTESIAN_POINT('Ctrl Pts',(179.957169029111,94.3157975558644,-6.6257920961115));
#10585=CARTESIAN_POINT('Ctrl Pts',(178.238457878177,94.616311310429,-6.70517328400188));
#10586=CARTESIAN_POINT('Ctrl Pts',(177.558742181133,96.2232534712483,-6.78455447189227));
#10587=CARTESIAN_POINT('Ctrl Pts',(178.540130084901,97.6658741141642,-6.86393565978264));
#10588=CARTESIAN_POINT('Ctrl Pts',(180.28440868535,97.6238181866486,-6.94331684767304));
#10589=CARTESIAN_POINT('Ctrl Pts',(181.195131214284,96.1355772745921,-7.02269803556342));
#10590=CARTESIAN_POINT('Ctrl Pts',(180.438761080892,94.5632602714599,-7.1020792234538));
#10591=CARTESIAN_POINT('Ctrl Pts',(178.707564219471,94.3459265096242,-7.18146041134419));
#10592=CARTESIAN_POINT('Ctrl Pts',(177.58601436823,95.6824901886938,-7.26084159923457));
#10593=CARTESIAN_POINT('Ctrl Pts',(178.100607314554,97.3496646356612,-7.34022278712496));
#10594=CARTESIAN_POINT('Ctrl Pts',(179.780363109549,97.8215724722227,-7.41960397501534));
#10595=CARTESIAN_POINT('Ctrl Pts',(181.087889326574,96.6663011929042,-7.49898516290573));
#10596=CARTESIAN_POINT('Ctrl Pts',(180.826475759492,94.9412100405379,-7.57836635079611));
#10597=CARTESIAN_POINT('Ctrl Pts',(179.235380542998,94.2251845178948,-7.6577475386865));
#10598=CARTESIAN_POINT('Ctrl Pts',(177.770849723803,95.173565251912,-7.73712872657688));
#10599=CARTESIAN_POINT('Ctrl Pts',(177.773291590255,96.9183490707029,-7.81650991446727));
#10600=CARTESIAN_POINT('Ctrl Pts',(179.240471229994,97.8626268062048,-7.89589110235766));
#10601=CARTESIAN_POINT('Ctrl Pts',(180.829556028077,97.1421505459938,-7.97527229024804));
#10602=CARTESIAN_POINT('Ctrl Pts',(181.086139968379,95.4163344437959,-8.05465347813843));
#10603=CARTESIAN_POINT('Ctrl Pts',(179.775385220429,94.264727510961,-8.13403466602882));
#10604=CARTESIAN_POINT('Ctrl Pts',(178.09695689548,94.7413352060698,-8.21341585391919));
#10605=CARTESIAN_POINT('Ctrl Pts',(177.587032456426,96.4099434894852,-8.29279704180958));
#10606=CARTESIAN_POINT('Ctrl Pts',(178.712319012179,97.7433626675642,-8.37217822969997));
#10607=CARTESIAN_POINT('Ctrl Pts',(180.442900765591,97.5211840642221,-8.45155941759036));
#10608=CARTESIAN_POINT('Ctrl Pts',(181.194866954571,95.9467561085322,-8.53094060548074));
#10609=CARTESIAN_POINT('Ctrl Pts',(180.279982344288,94.4610701770875,-8.61032179337113));
#10610=CARTESIAN_POINT('Ctrl Pts',(178.535592860435,94.4238967235305,-8.6897029812615));
#10611=CARTESIAN_POINT('Ctrl Pts',(177.558246756977,95.869258661276,-8.7690841691519));
#10612=CARTESIAN_POINT('Ctrl Pts',(178.242457690091,97.4742919743368,-8.84846535704227));
#10613=CARTESIAN_POINT('Ctrl Pts',(179.962003258919,97.7699938068465,-8.92784654493267));
#10614=CARTESIAN_POINT('Ctrl Pts',(181.143073542605,96.4857237721496,-9.00722773282305));
#10615=CARTESIAN_POINT('Ctrl Pts',(180.704696821998,94.7969069117836,-9.08660892071344));
#10616=CARTESIAN_POINT('Ctrl Pts',(179.048096329835,94.2492287705437,-9.16599010860381));
#10617=CARTESIAN_POINT('Ctrl Pts',(177.689471657872,95.3439504419102,-9.24537129649421));
#10618=CARTESIAN_POINT('Ctrl Pts',(177.872300749478,97.0791305652083,-9.32475248438459));
#10619=CARTESIAN_POINT('Ctrl Pts',(179.429249720977,97.8666497314357,-9.40413367227497));
#10620=CARTESIAN_POINT('Ctrl Pts',(180.935324793761,96.9857329293675,-9.48351486016537));
#10621=CARTESIAN_POINT('Ctrl Pts',(181.012094401914,95.242637130425,-9.56289604805575));
#10622=CARTESIAN_POINT('Ctrl Pts',(179.589295347344,94.2327265465898,-9.64227723594614));
#10623=CARTESIAN_POINT('Ctrl Pts',(177.96914102181,94.880319395902,-9.72165842383651));
#10624=CARTESIAN_POINT('Ctrl Pts',(177.634473751254,96.5927078900955,-9.8010396117269));
#10625=CARTESIAN_POINT('Ctrl Pts',(178.891596945214,97.8026326035531,-9.8804207996173));
#10626=CARTESIAN_POINT('Ctrl Pts',(180.589931642445,97.4027128700995,-9.95980198750766));
#10627=CARTESIAN_POINT('Ctrl Pts',(181.175081120995,95.7589742580374,-10.0391831753981));
#10628=CARTESIAN_POINT('Ctrl Pts',(180.111488736581,94.3758445544873,-10.1185643632884));
#10629=CARTESIAN_POINT('Ctrl Pts',(178.37260484533,94.5192298736733,-10.1979455511788));
#10630=CARTESIAN_POINT('Ctrl Pts',(177.549938720884,96.0578971491936,-10.2773267390692));
#10631=CARTESIAN_POINT('Ctrl Pts',(178.396433542963,97.5835848804164,-10.3567079269596));
#10632=CARTESIAN_POINT('Ctrl Pts',(180.137336973962,97.69991106331,-10.43608911485));
#10633=CARTESIAN_POINT('Ctrl Pts',(181.179291361505,96.3004084403471,-10.5154703027404));
#10634=CARTESIAN_POINT('Ctrl Pts',(180.568650473441,94.665968400885,-10.5948514906308));
#10635=CARTESIAN_POINT('Ctrl Pts',(178.864301905551,94.2925082354525,-10.6742326785211));
#10636=CARTESIAN_POINT('Ctrl Pts',(177.626146559072,95.5218364578073,-10.7536138664115));
#10637=CARTESIAN_POINT('Ctrl Pts',(177.987403121367,97.2288133850474,-10.8329950543019));
#10638=CARTESIAN_POINT('Ctrl Pts',(179.617432392605,97.8511325195328,-10.9123762421923));
#10639=CARTESIAN_POINT('Ctrl Pts',(181.024354037664,96.8192177703035,-10.9917574300827));
#10640=CARTESIAN_POINT('Ctrl Pts',(180.920486402973,95.077526632991,-11.0711386179731));
#10641=CARTESIAN_POINT('Ctrl Pts',(179.400894135726,94.2201376686812,-11.1505198058634));
#10642=CARTESIAN_POINT('Ctrl Pts',(177.856380287562,95.0317741293645,-11.2299009937538));
#10643=CARTESIAN_POINT('Ctrl Pts',(177.700557612293,96.7695875507268,-11.3092821816442));
#10644=CARTESIAN_POINT('Ctrl Pts',(179.076042044424,97.8430487264531,-11.3886633695346));
#10645=CARTESIAN_POINT('Ctrl Pts',(180.723925587164,97.2696742540668,-11.468044557425));
#10646=CARTESIAN_POINT('Ctrl Pts',(181.135985177646,95.5742450790643,-11.5474257453154));
#10647=CARTESIAN_POINT('Ctrl Pts',(179.93508762117,94.308495897421,-11.6268069332058));
#10648=CARTESIAN_POINT('Ctrl Pts',(178.220344655543,94.6309062140675,-11.7061881210961));
#10649=CARTESIAN_POINT('Ctrl Pts',(177.561184622862,96.2463792593179,-11.7855693089865));
#10650=CARTESIAN_POINT('Ctrl Pts',(178.560873544953,97.6763807615696,-11.8649504968769));
#10651=CARTESIAN_POINT('Ctrl Pts',(180.304507025624,97.6120572184224,-11.9443316847673));
#10652=CARTESIAN_POINT('Ctrl Pts',(181.196109214427,96.1123788988439,-12.0237128726577));
#10653=CARTESIAN_POINT('Ctrl Pts',(180.419887704092,94.5497218058864,-12.1030940605481));
#10654=CARTESIAN_POINT('Ctrl Pts',(178.685777849066,94.3547148487184,-12.1824752484385));
#10655=CARTESIAN_POINT('Ctrl Pts',(177.58194075583,95.7049978520867,-12.2618564363288));
#10656=CARTESIAN_POINT('Ctrl Pts',(178.116565596997,97.3664445759458,-12.3412376242192));
#10657=CARTESIAN_POINT('Ctrl Pts',(179.804646306833,97.8148828367254,-12.4206188121096));
#10658=CARTESIAN_POINT('Ctrl Pts',(180.661592957821,97.0363513875869,-12.4735396040365));
#10659=CARTESIAN_POINT('Ctrl Pts',(180.830574163581,96.5519128147747,-12.5));
#10660=CARTESIAN_POINT('Ctrl Pts',(178.479528346976,96.9378522169219,-2.5));
#10661=CARTESIAN_POINT('Ctrl Pts',(178.776838704195,97.2351625741404,-2.52646039596346));
#10662=CARTESIAN_POINT('Ctrl Pts',(179.686652573495,97.5043975201131,-2.57938118789039));
#10663=CARTESIAN_POINT('Ctrl Pts',(180.77268589398,96.5719986078113,-2.65876237578077));
#10664=CARTESIAN_POINT('Ctrl Pts',(180.575279867262,95.1553634172848,-2.73814356367115));
#10665=CARTESIAN_POINT('Ctrl Pts',(179.279549455507,94.5521393445228,-2.81752475156154));
#10666=CARTESIAN_POINT('Ctrl Pts',(178.069250867415,95.3139050554201,-2.89690593945192));
#10667=CARTESIAN_POINT('Ctrl Pts',(178.053159870045,96.7437122503289,-2.97628712734232));
#10668=CARTESIAN_POINT('Ctrl Pts',(179.245488714029,97.5328081622348,-3.05566831523269));
#10669=CARTESIAN_POINT('Ctrl Pts',(180.555213229597,96.9590359129728,-3.13504950312308));
#10670=CARTESIAN_POINT('Ctrl Pts',(180.783487988081,95.5475092046652,-3.21443069101346));
#10671=CARTESIAN_POINT('Ctrl Pts',(179.721445354013,94.5901390977379,-3.29381187890385));
#10672=CARTESIAN_POINT('Ctrl Pts',(178.34108778776,94.9631490962217,-3.37319306679424));
#10673=CARTESIAN_POINT('Ctrl Pts',(177.905798637937,96.3251462089223,-3.45257425468462));
#10674=CARTESIAN_POINT('Ctrl Pts',(178.813968188432,97.4295641585259,-3.53195544257501));
#10675=CARTESIAN_POINT('Ctrl Pts',(180.234399908036,97.2655879284712,-3.61133663046539));
#10676=CARTESIAN_POINT('Ctrl Pts',(180.867045413791,95.9832959559435,-3.69071781835578));
#10677=CARTESIAN_POINT('Ctrl Pts',(180.132878263587,94.7563030667152,-3.77009900624617));
#10678=CARTESIAN_POINT('Ctrl Pts',(178.703842760953,94.7076114352821,-3.84948019413655));
#10679=CARTESIAN_POINT('Ctrl Pts',(177.887860389343,95.8817860075516,-3.92886138202693));
#10680=CARTESIAN_POINT('Ctrl Pts',(178.431756943123,97.2041663240482,-4.00824256991732));
#10681=CARTESIAN_POINT('Ctrl Pts',(179.837732464893,97.4644470115396,-4.0876237578077));
#10682=CARTESIAN_POINT('Ctrl Pts',(180.818971237437,96.4244067950087,-4.16700494569809));
#10683=CARTESIAN_POINT('Ctrl Pts',(180.477396859937,95.035939968664,-4.24638613358847));
#10684=CARTESIAN_POINT('Ctrl Pts',(179.125634449312,94.5698374341136,-4.32576732147886));
#10685=CARTESIAN_POINT('Ctrl Pts',(178.000881283553,95.4526984088727,-4.40514850936924));
#10686=CARTESIAN_POINT('Ctrl Pts',(178.132564974584,96.8764865218473,-4.48452969725963));
#10687=CARTESIAN_POINT('Ctrl Pts',(179.400162343487,97.5380831481242,-4.56391088515002));
#10688=CARTESIAN_POINT('Ctrl Pts',(180.643507965432,96.8319635763797,-4.6432920730404));
#10689=CARTESIAN_POINT('Ctrl Pts',(180.724632768777,95.4044020359994,-4.72267326093079));
#10690=CARTESIAN_POINT('Ctrl Pts',(179.569287473493,94.5619707723372,-4.80205444882117));
#10691=CARTESIAN_POINT('Ctrl Pts',(178.234899065384,95.0757029609264,-4.88143563671156));
#10692=CARTESIAN_POINT('Ctrl Pts',(177.942763305955,96.4754064593019,-4.96081682460194));
#10693=CARTESIAN_POINT('Ctrl Pts',(178.960256742114,97.4800060276269,-5.04019801249233));
#10694=CARTESIAN_POINT('Ctrl Pts',(180.356120968576,97.1700443419535,-5.11957920038271));
#10695=CARTESIAN_POINT('Ctrl Pts',(180.852794629832,95.8292130850397,-5.19896038827309));
#10696=CARTESIAN_POINT('Ctrl Pts',(179.995698359283,94.6847048201877,-5.27834157616349));
#10697=CARTESIAN_POINT('Ctrl Pts',(178.569287444521,94.7840279672847,-5.35772276405386));
#10698=CARTESIAN_POINT('Ctrl Pts',(177.879081023605,96.0362772562955,-5.43710395194426));
#10699=CARTESIAN_POINT('Ctrl Pts',(178.556788853094,97.2953345556871,-5.51648513983463));
#10700=CARTESIAN_POINT('Ctrl Pts',(179.982140481988,97.4088507188997,-5.59586632772503));
#10701=CARTESIAN_POINT('Ctrl Pts',(180.850586281055,96.2729303522431,-5.67524751561541));
#10702=CARTESIAN_POINT('Ctrl Pts',(180.367283334192,94.9272218225622,-5.7546287035058));
#10703=CARTESIAN_POINT('Ctrl Pts',(178.974573494004,94.6033816052576,-5.83400989139618));
#10704=CARTESIAN_POINT('Ctrl Pts',(177.947131071597,95.5978036755782,-5.91339107928657));
#10705=CARTESIAN_POINT('Ctrl Pts',(178.22532025784,97.0003456399981,-5.99277226717695));
#10706=CARTESIAN_POINT('Ctrl Pts',(179.554529073196,97.5273343594996,-6.07215345506734));
#10707=CARTESIAN_POINT('Ctrl Pts',(180.718202365874,96.6964446837834,-6.15153464295772));
#10708=CARTESIAN_POINT('Ctrl Pts',(180.651290970644,95.2681463779346,-6.2309158308481));
#10709=CARTESIAN_POINT('Ctrl Pts',(179.415035380077,94.549686010138,-6.3102970187385));
#10710=CARTESIAN_POINT('Ctrl Pts',(178.140915531907,95.1986326934654,-6.38967820662887));
#10711=CARTESIAN_POINT('Ctrl Pts',(177.995066534015,96.6210395463439,-6.46905939451926));
#10712=CARTESIAN_POINT('Ctrl Pts',(179.11097632879,97.5150521386635,-6.54844058240965));
#10713=CARTESIAN_POINT('Ctrl Pts',(180.467311176881,97.0624276086648,-6.62782177030004));
#10714=CARTESIAN_POINT('Ctrl Pts',(180.822688890676,95.6774294621533,-6.70720295819041));
#10715=CARTESIAN_POINT('Ctrl Pts',(179.851850877579,94.6276739012597,-6.7865841460808));
#10716=CARTESIAN_POINT('Ctrl Pts',(178.44335427981,94.8739471628584,-6.86596533397119));
#10717=CARTESIAN_POINT('Ctrl Pts',(177.886322200153,96.1908482402117,-6.94534652186157));
#10718=CARTESIAN_POINT('Ctrl Pts',(178.690576901587,97.3730866089525,-7.02472770975196));
#10719=CARTESIAN_POINT('Ctrl Pts',(180.120026214788,97.3386214629101,-7.10410889764235));
#10720=CARTESIAN_POINT('Ctrl Pts',(180.866370114877,96.1189969435999,-7.18349008553273));
#10721=CARTESIAN_POINT('Ctrl Pts',(180.246519153325,94.8304714410331,-7.26287127342312));
#10722=CARTESIAN_POINT('Ctrl Pts',(178.827790422756,94.6523648034172,-7.34225246131349));
#10723=CARTESIAN_POINT('Ctrl Pts',(177.908671960739,95.7476886998422,-7.42163364920389));
#10724=CARTESIAN_POINT('Ctrl Pts',(178.330384715519,97.1139505846056,-7.50101483709427));
#10725=CARTESIAN_POINT('Ctrl Pts',(179.70695710876,97.5006825738035,-7.58039602498466));
#10726=CARTESIAN_POINT('Ctrl Pts',(180.778484588623,96.5539291501493,-7.65977721287504));
#10727=CARTESIAN_POINT('Ctrl Pts',(180.564254222081,95.1402040936573,-7.73915840076543));
#10728=CARTESIAN_POINT('Ctrl Pts',(179.260339833709,94.5534158413033,-7.81853958865581));
#10729=CARTESIAN_POINT('Ctrl Pts',(178.060145912211,95.330620921125,-7.8979207765462));
#10730=CARTESIAN_POINT('Ctrl Pts',(178.062147039968,96.7604842645216,-7.97730196443658));
#10731=CARTESIAN_POINT('Ctrl Pts',(179.264511689643,97.5343269064804,-8.05668315232697));
#10732=CARTESIAN_POINT('Ctrl Pts',(180.566778525143,96.9438912415178,-8.13606434021736));
#10733=CARTESIAN_POINT('Ctrl Pts',(180.777050976544,95.529572083236,-8.21544552810773));
#10734=CARTESIAN_POINT('Ctrl Pts',(179.702877691526,94.5858216188355,-8.29482671599814));
#10735=CARTESIAN_POINT('Ctrl Pts',(178.327393169882,94.9764051771409,-8.37420790388849));
#10736=CARTESIAN_POINT('Ctrl Pts',(177.909506291603,96.3438421015599,-8.45358909177891));
#10737=CARTESIAN_POINT('Ctrl Pts',(178.831687010818,97.436589055987,-8.53297027966927));
#10738=CARTESIAN_POINT('Ctrl Pts',(180.249911655789,97.254512034648,-8.61235146755967));
#10739=CARTESIAN_POINT('Ctrl Pts',(180.866153552073,95.9642565907272,-8.69173265545004));
#10740=CARTESIAN_POINT('Ctrl Pts',(180.116398795298,94.7467258970707,-8.77111384334044));
#10741=CARTESIAN_POINT('Ctrl Pts',(178.686858612322,94.7162619748266,-8.85049503123082));
#10742=CARTESIAN_POINT('Ctrl Pts',(177.885916196364,95.9007468551112,-8.92987621912121));
#10743=CARTESIAN_POINT('Ctrl Pts',(178.446632155484,97.2160836174996,-9.00925740701159));
#10744=CARTESIAN_POINT('Ctrl Pts',(179.855812564936,97.4584134731112,-9.08863859490198));
#10745=CARTESIAN_POINT('Ctrl Pts',(180.823708464949,96.4059446079949,-9.16801978279236));
#10746=CARTESIAN_POINT('Ctrl Pts',(180.464455475184,95.02194660415,-9.24740097068274));
#10747=CARTESIAN_POINT('Ctrl Pts',(179.106859025191,94.5731202855512,-9.32678215857314));
#10748=CARTESIAN_POINT('Ctrl Pts',(177.993455980669,95.4702528542116,-9.40616334646351));
#10749=CARTESIAN_POINT('Ctrl Pts',(178.143285783868,96.8922458975754,-9.48554453435392));
#10750=CARTESIAN_POINT('Ctrl Pts',(179.419217069972,97.5376237236899,-9.56492572224427));
#10751=CARTESIAN_POINT('Ctrl Pts',(180.653456816917,96.8157058389101,-9.64430691013468));
#10752=CARTESIAN_POINT('Ctrl Pts',(180.716370082963,95.3872258403599,-9.72368809802506));
#10753=CARTESIAN_POINT('Ctrl Pts',(179.550375653603,94.5595965900298,-9.80306928591545));
#10754=CARTESIAN_POINT('Ctrl Pts',(178.222647108796,95.0903037565594,-9.88245047380582));
#10755=CARTESIAN_POINT('Ctrl Pts',(177.948384786295,96.4936188900057,-9.96183166169622));
#10756=CARTESIAN_POINT('Ctrl Pts',(178.978606613102,97.4851612102696,-10.0412128495866));
#10757=CARTESIAN_POINT('Ctrl Pts',(180.370404555194,97.1574240080971,-10.120594037477));
#10758=CARTESIAN_POINT('Ctrl Pts',(180.849938913993,95.810367964706,-10.1999752253674));
#10759=CARTESIAN_POINT('Ctrl Pts',(179.978317027997,94.6768828641622,-10.2793564132578));
#10760=CARTESIAN_POINT('Ctrl Pts',(178.553288719192,94.7943882018878,-10.3587376011481));
#10761=CARTESIAN_POINT('Ctrl Pts',(177.879107698866,96.055337501885,-10.4381187890385));
#10762=CARTESIAN_POINT('Ctrl Pts',(178.572816514497,97.3056499685933,-10.5174999769289));
#10763=CARTESIAN_POINT('Ctrl Pts',(179.999499851178,97.4009801424553,-10.5968811648193));
#10764=CARTESIAN_POINT('Ctrl Pts',(180.853389237469,96.2540773124251,-10.6762623527097));
#10765=CARTESIAN_POINT('Ctrl Pts',(180.352964478587,94.9146415185822,-10.7556435406001));
#10766=CARTESIAN_POINT('Ctrl Pts',(178.956238124668,94.6085881296064,-10.8350247284904));
#10767=CARTESIAN_POINT('Ctrl Pts',(177.941560590239,95.6160317700262,-10.9144059163808));
#10768=CARTESIAN_POINT('Ctrl Pts',(178.23761303549,97.0149120840216,-10.9937871042712));
#10769=CARTESIAN_POINT('Ctrl Pts',(179.5734341719,97.5249072528854,-11.0731682921616));
#10770=CARTESIAN_POINT('Ctrl Pts',(180.726416945832,96.6792454250173,-11.152549480052));
#10771=CARTESIAN_POINT('Ctrl Pts',(180.641296645076,95.251916557142,-11.2319306679424));
#10772=CARTESIAN_POINT('Ctrl Pts',(179.395979456525,94.5492799107585,-11.3113118558327));
#10773=CARTESIAN_POINT('Ctrl Pts',(178.130238846672,95.2144220394261,-11.3906930437232));
#10774=CARTESIAN_POINT('Ctrl Pts',(178.002541002941,96.6385730901796,-11.4700742316135));
#10775=CARTESIAN_POINT('Ctrl Pts',(179.129760746576,97.5182825242081,-11.5494554195039));
#10776=CARTESIAN_POINT('Ctrl Pts',(180.48021359155,97.0483978707196,-11.6288366073943));
#10777=CARTESIAN_POINT('Ctrl Pts',(180.817899497035,95.6589810257485,-11.7082177952847));
#10778=CARTESIAN_POINT('Ctrl Pts',(179.833754999197,94.6216901377459,-11.7875989831751));
#10779=CARTESIAN_POINT('Ctrl Pts',(178.428510358864,94.8859077951662,-11.8669801710654));
#10780=CARTESIAN_POINT('Ctrl Pts',(177.888323799353,96.2097999958914,-11.9463613589559));
#10781=CARTESIAN_POINT('Ctrl Pts',(178.707576321702,97.3816968848074,-12.0257425468462));
#10782=CARTESIAN_POINT('Ctrl Pts',(180.136496954435,97.328983261794,-12.1051237347366));
#10783=CARTESIAN_POINT('Ctrl Pts',(180.867171593283,96.0999857017765,-12.184504922627));
#10784=CARTESIAN_POINT('Ctrl Pts',(180.231052280374,94.8193765675933,-12.2638861105174));
#10785=CARTESIAN_POINT('Ctrl Pts',(178.809936329836,94.6595669128046,-12.3432672984078));
#10786=CARTESIAN_POINT('Ctrl Pts',(177.905333605016,95.7661338977426,-12.4226484862982));
#10787=CARTESIAN_POINT('Ctrl Pts',(178.343462646918,97.1277018707301,-12.5020296741885));
#10788=CARTESIAN_POINT('Ctrl Pts',(179.726857369918,97.4952003676553,-12.5814108620789));
#10789=CARTESIAN_POINT('Ctrl Pts',(180.429131537238,96.8571880426809,-12.6343316540058));
#10790=CARTESIAN_POINT('Ctrl Pts',(180.567612894777,96.460187021734,-12.6607920499693));
#10791=CARTESIAN_POINT('Ctrl Pts',(178.413885267456,97.003495296442,-2.44640265001023));
#10792=CARTESIAN_POINT('Ctrl Pts',(178.733022680029,97.3226327090146,-2.47286304597369));
#10793=CARTESIAN_POINT('Ctrl Pts',(179.709630581911,97.6116335525629,-2.52578383790062));
#10794=CARTESIAN_POINT('Ctrl Pts',(180.875395095162,96.6107825255714,-2.605165025791));
#10795=CARTESIAN_POINT('Ctrl Pts',(180.663496494715,95.0901449887782,-2.68454621368139));
#10796=CARTESIAN_POINT('Ctrl Pts',(179.272639967321,94.4426351893091,-2.76392740157177));
#10797=CARTESIAN_POINT('Ctrl Pts',(177.973487245373,95.2603259695314,-2.84330858946216));
#10798=CARTESIAN_POINT('Ctrl Pts',(177.956214926593,96.7951025340942,-2.92268977735255));
#10799=CARTESIAN_POINT('Ctrl Pts',(179.236078654734,97.6421299634553,-3.00207096524292));
#10800=CARTESIAN_POINT('Ctrl Pts',(180.6419566638,97.0262341946413,-3.08145215313331));
#10801=CARTESIAN_POINT('Ctrl Pts',(180.886990225564,95.5110801795555,-3.16083334102369));
#10802=CARTESIAN_POINT('Ctrl Pts',(179.746977676222,94.4834246963848,-3.24021452891408));
#10803=CARTESIAN_POINT('Ctrl Pts',(178.265281087378,94.8838192433273,-3.31959571680447));
#10804=CARTESIAN_POINT('Ctrl Pts',(177.798035161958,96.3458074449658,-3.39897690469485));
#10805=CARTESIAN_POINT('Ctrl Pts',(178.772878027284,97.5313062958391,-3.47835809258524));
#10806=CARTESIAN_POINT('Ctrl Pts',(180.297590815535,97.3552917423174,-3.55773928047562));
#10807=CARTESIAN_POINT('Ctrl Pts',(180.976682024032,95.9788602378672,-3.63712046836601));
#10808=CARTESIAN_POINT('Ctrl Pts',(180.188615954273,94.6617876017954,-3.7165016562564));
#10809=CARTESIAN_POINT('Ctrl Pts',(178.654667735813,94.6095212717058,-3.79588284414678));
#10810=CARTESIAN_POINT('Ctrl Pts',(177.77877997591,95.869897931329,-3.87526403203717));
#10811=CARTESIAN_POINT('Ctrl Pts',(178.362606723502,97.2893608676081,-3.95464521992755));
#10812=CARTESIAN_POINT('Ctrl Pts',(179.871802011402,97.5687500753226,-4.03402640781793));
#10813=CARTESIAN_POINT('Ctrl Pts',(180.925078479517,96.4523552521477,-4.11340759570832));
#10814=CARTESIAN_POINT('Ctrl Pts',(180.558427401311,94.9619540614596,-4.19278878359871));
#10815=CARTESIAN_POINT('Ctrl Pts',(179.107425282933,94.4616325850684,-4.27216997148909));
#10816=CARTESIAN_POINT('Ctrl Pts',(177.900098304953,95.4093088442538,-4.35155115937948));
#10817=CARTESIAN_POINT('Ctrl Pts',(178.041449561016,96.9376244356686,-4.43093234726986));
#10818=CARTESIAN_POINT('Ctrl Pts',(179.402107656752,97.6477922127083,-4.51031353516025));
#10819=CARTESIAN_POINT('Ctrl Pts',(180.736733562264,96.8898328358417,-4.58969472305063));
#10820=CARTESIAN_POINT('Ctrl Pts',(180.82381414727,95.3574667906514,-4.66907591094102));
#10821=CARTESIAN_POINT('Ctrl Pts',(179.583649116983,94.4531883919084,-4.7484570988314));
#10822=CARTESIAN_POINT('Ctrl Pts',(178.151296514419,95.0046362558689,-4.82783828672179));
#10823=CARTESIAN_POINT('Ctrl Pts',(177.837713593003,96.5070990594503,-4.90721947461217));
#10824=CARTESIAN_POINT('Ctrl Pts',(178.929906362751,97.585451357386,-4.98660066250256));
#10825=CARTESIAN_POINT('Ctrl Pts',(180.428248034071,97.2527338184215,-5.06598185039294));
#10826=CARTESIAN_POINT('Ctrl Pts',(180.961385018026,95.813465364974,-5.14536303828333));
#10827=CARTESIAN_POINT('Ctrl Pts',(180.041364980153,94.5849329662716,-5.22474422617371));
#10828=CARTESIAN_POINT('Ctrl Pts',(178.51023403382,94.6915479273837,-5.3041254140641));
#10829=CARTESIAN_POINT('Ctrl Pts',(177.769356072578,96.0357311631428,-5.38350660195448));
#10830=CARTESIAN_POINT('Ctrl Pts',(178.496817857653,97.3872222197192,-5.46288778984487));
#10831=CARTESIAN_POINT('Ctrl Pts',(180.02681175059,97.509072177964,-5.54226897773525));
#10832=CARTESIAN_POINT('Ctrl Pts',(180.959014543209,96.2897581584502,-5.62165016562565));
#10833=CARTESIAN_POINT('Ctrl Pts',(180.44022988534,94.8452543670016,-5.70103135351603));
#10834=CARTESIAN_POINT('Ctrl Pts',(178.945274179726,94.4976394032835,-5.78041254140641));
#10835=CARTESIAN_POINT('Ctrl Pts',(177.842402018386,95.565067021669,-5.8597937292968));
#10836=CARTESIAN_POINT('Ctrl Pts',(178.141014478221,97.070576677427,-5.93917491718718));
#10837=CARTESIAN_POINT('Ctrl Pts',(179.567807227959,97.6362543012071,-6.01855610507757));
#10838=CARTESIAN_POINT('Ctrl Pts',(180.816911656002,96.7443648166899,-6.09793729296795));
#10839=CARTESIAN_POINT('Ctrl Pts',(180.745087957209,95.211207916356,-6.17731848085834));
#10840=CARTESIAN_POINT('Ctrl Pts',(179.418072598097,94.4400017432526,-6.25669966874873));
#10841=CARTESIAN_POINT('Ctrl Pts',(178.05041317494,95.1365908811225,-6.3360808566391));
#10842=CARTESIAN_POINT('Ctrl Pts',(177.893856665273,96.6634238071593,-6.41546204452949));
#10843=CARTESIAN_POINT('Ctrl Pts',(179.09169103573,97.6230703804889,-6.49484323241988));
#10844=CARTESIAN_POINT('Ctrl Pts',(180.547601277308,97.1372163970556,-6.57422442031026));
#10845=CARTESIAN_POINT('Ctrl Pts',(180.929069064463,95.650538539511,-6.65360560820065));
#10846=CARTESIAN_POINT('Ctrl Pts',(179.886956928089,94.5237151194613,-6.73298679609104));
#10847=CARTESIAN_POINT('Ctrl Pts',(178.375055479266,94.7880685453819,-6.81236798398142));
#10848=CARTESIAN_POINT('Ctrl Pts',(177.77712886048,96.2016499838907,-6.8917491718718));
#10849=CARTESIAN_POINT('Ctrl Pts',(178.640427962691,97.4706824440229,-6.97113035976219));
#10850=CARTESIAN_POINT('Ctrl Pts',(180.174820371642,97.4336870374896,-7.05051154765258));
#10851=CARTESIAN_POINT('Ctrl Pts',(180.975957148013,96.1245237205973,-7.12989273554296));
#10852=CARTESIAN_POINT('Ctrl Pts',(180.310599795847,94.7414010511754,-7.20927392343334));
#10853=CARTESIAN_POINT('Ctrl Pts',(178.787715021661,94.5502187054862,-7.28865511132373));
#10854=CARTESIAN_POINT('Ctrl Pts',(177.801119429902,95.7259558627927,-7.36803629921412));
#10855=CARTESIAN_POINT('Ctrl Pts',(178.253792248531,97.1925219349575,-7.4474174871045));
#10856=CARTESIAN_POINT('Ctrl Pts',(179.731425775689,97.6076458732766,-7.52679867499488));
#10857=CARTESIAN_POINT('Ctrl Pts',(180.881619501273,96.5913864977343,-7.60617986288527));
#10858=CARTESIAN_POINT('Ctrl Pts',(180.651661401218,95.0738727426175,-7.68556105077566));
#10859=CARTESIAN_POINT('Ctrl Pts',(179.252020070139,94.4440054001671,-7.76494223866604));
#10860=CARTESIAN_POINT('Ctrl Pts',(177.963713849408,95.2782690313873,-7.84432342655643));
#10861=CARTESIAN_POINT('Ctrl Pts',(177.965861890063,96.8131058665821,-7.92370461444681));
#10862=CARTESIAN_POINT('Ctrl Pts',(179.256498203093,97.6437602063885,-8.0030858023372));
#10863=CARTESIAN_POINT('Ctrl Pts',(180.654371026121,97.0099776763432,-8.08246699022757));
#10864=CARTESIAN_POINT('Ctrl Pts',(180.880080640489,95.4918262034226,-8.16184817811797));
#10865=CARTESIAN_POINT('Ctrl Pts',(179.727046867827,94.478790249544,-8.24122936600835));
#10866=CARTESIAN_POINT('Ctrl Pts',(178.250581078415,94.8980485201171,-8.32061055389873));
#10867=CARTESIAN_POINT('Ctrl Pts',(177.802015013211,96.365875897535,-8.39999174178913));
#10868=CARTESIAN_POINT('Ctrl Pts',(178.791897677939,97.5388469265127,-8.47937292967951));
#10869=CARTESIAN_POINT('Ctrl Pts',(180.314241359056,97.3434027111727,-8.5587541175699));
#10870=CARTESIAN_POINT('Ctrl Pts',(180.975724686239,95.9584230966622,-8.63813530546028));
#10871=CARTESIAN_POINT('Ctrl Pts',(180.170926644961,94.651507323743,-8.71751649335067));
#10872=CARTESIAN_POINT('Ctrl Pts',(178.636436695026,94.6188068910612,-8.79689768124105));
#10873=CARTESIAN_POINT('Ctrl Pts',(177.776693049902,95.8902507904995,-8.87627886913144));
#10874=CARTESIAN_POINT('Ctrl Pts',(178.378574000353,97.3021530697786,-8.95566005702181));
#10875=CARTESIAN_POINT('Ctrl Pts',(179.89120946293,97.5622735843563,-9.03504124491221));
#10876=CARTESIAN_POINT('Ctrl Pts',(180.930163490835,96.4325376627131,-9.11442243280259));
#10877=CARTESIAN_POINT('Ctrl Pts',(180.544535924122,94.9469333733612,-9.19380362069298));
#10878=CARTESIAN_POINT('Ctrl Pts',(179.087271460072,94.4651564472154,-9.27318480858336));
#10879=CARTESIAN_POINT('Ctrl Pts',(177.89212787307,95.428152050111,-9.35256599647375));
#10880=CARTESIAN_POINT('Ctrl Pts',(178.052957439071,96.9545407867865,-9.43194718436414));
#10881=CARTESIAN_POINT('Ctrl Pts',(179.422561286974,97.647299059605,-9.51132837225451));
#10882=CARTESIAN_POINT('Ctrl Pts',(180.747412809198,96.8723815357293,-9.59070956014491));
#10883=CARTESIAN_POINT('Ctrl Pts',(180.814944855947,95.3390296037149,-9.67009074803529));
#10884=CARTESIAN_POINT('Ctrl Pts',(179.56334888485,94.4506399088831,-9.74947193592568));
#10885=CARTESIAN_POINT('Ctrl Pts',(178.138145079801,95.0203089696736,-9.82885312381605));
#10886=CARTESIAN_POINT('Ctrl Pts',(177.843747774615,96.5266485567022,-9.90823431170645));
#10887=CARTESIAN_POINT('Ctrl Pts',(178.949603390472,97.5909850080307,-9.98761549959683));
#10888=CARTESIAN_POINT('Ctrl Pts',(180.443580250944,97.2391869620978,-10.0669966874872));
#10889=CARTESIAN_POINT('Ctrl Pts',(180.95831964966,95.7932367291499,-10.1463778753776));
#10890=CARTESIAN_POINT('Ctrl Pts',(180.022707597525,94.5765367609371,-10.225759063268));
#10891=CARTESIAN_POINT('Ctrl Pts',(178.493060761238,94.7026687591497,-10.3051402511584));
#10892=CARTESIAN_POINT('Ctrl Pts',(177.769384706206,96.0561907176545,-10.3845214390487));
#10893=CARTESIAN_POINT('Ctrl Pts',(178.514022190653,97.3982949392011,-10.4639026269392));
#10894=CARTESIAN_POINT('Ctrl Pts',(180.045445558773,97.5006237827401,-10.5432838148295));
#10895=CARTESIAN_POINT('Ctrl Pts',(180.962023278815,96.2695210217325,-10.6226650027199));
#10896=CARTESIAN_POINT('Ctrl Pts',(180.424859810205,94.8317504793498,-10.7020461906103));
#10897=CARTESIAN_POINT('Ctrl Pts',(178.925592718295,94.5032281648884,-10.7814273785007));
#10898=CARTESIAN_POINT('Ctrl Pts',(177.83642257985,95.5846333326199,-10.8608085663911));
#10899=CARTESIAN_POINT('Ctrl Pts',(178.154209730782,97.0862125176969,-10.9401897542815));
#10900=CARTESIAN_POINT('Ctrl Pts',(179.588100245468,97.6336490084345,-11.0195709421718));
#10901=CARTESIAN_POINT('Ctrl Pts',(180.825729309776,96.7259028734461,-11.0989521300622));
#10902=CARTESIAN_POINT('Ctrl Pts',(180.734359897709,95.193786582425,-11.1783333179526));
#10903=CARTESIAN_POINT('Ctrl Pts',(179.397617682925,94.4395658300661,-11.257714505843));
#10904=CARTESIAN_POINT('Ctrl Pts',(178.038952660301,95.1535394027389,-11.3370956937334));
#10905=CARTESIAN_POINT('Ctrl Pts',(177.901879872725,96.6822445770287,-11.4164768816238));
#10906=CARTESIAN_POINT('Ctrl Pts',(179.111854512526,97.6265379249564,-11.4958580695141));
#10907=CARTESIAN_POINT('Ctrl Pts',(180.561450923421,97.1221566651687,-11.5752392574045));
#10908=CARTESIAN_POINT('Ctrl Pts',(180.923928057239,95.6307357101872,-11.6546204452949));
#10909=CARTESIAN_POINT('Ctrl Pts',(179.867532539855,94.5172920576375,-11.7340016331853));
#10910=CARTESIAN_POINT('Ctrl Pts',(178.35912179109,94.8009072681333,-11.8133828210757));
#10911=CARTESIAN_POINT('Ctrl Pts',(177.779277407189,96.2219930837003,-11.8927640089661));
#10912=CARTESIAN_POINT('Ctrl Pts',(178.658675396119,97.4799248437281,-11.9721451968565));
#10913=CARTESIAN_POINT('Ctrl Pts',(180.192500311498,97.4233412473368,-12.0515263847468));
#10914=CARTESIAN_POINT('Ctrl Pts',(180.976817466997,96.1041167674657,-12.1309075726372));
#10915=CARTESIAN_POINT('Ctrl Pts',(180.293997421613,94.7294916470243,-12.2102887605276));
#10916=CARTESIAN_POINT('Ctrl Pts',(178.768550169579,94.5579495581092,-12.289669948418));
#10917=CARTESIAN_POINT('Ctrl Pts',(177.797535988621,95.7457552158573,-12.3690511363084));
#10918=CARTESIAN_POINT('Ctrl Pts',(178.267830296944,97.2072827724686,-12.4484323241988));
#10919=CARTESIAN_POINT('Ctrl Pts',(179.752787015556,97.6017611906787,-12.5278135120892));
#10920=CARTESIAN_POINT('Ctrl Pts',(180.506618677432,96.9169091576496,-12.5807343040161));
#10921=CARTESIAN_POINT('Ctrl Pts',(180.655266651045,96.4907622860809,-12.6071946999795));
#10922=CARTESIAN_POINT('Ctrl Pts',(178.348242187936,97.0691383759622,-2.39280530002046));
#10923=CARTESIAN_POINT('Ctrl Pts',(178.689206655863,97.4101028438887,-2.41926569598392));
#10924=CARTESIAN_POINT('Ctrl Pts',(179.732608590327,97.7188695850127,-2.47218648791084));
#10925=CARTESIAN_POINT('Ctrl Pts',(180.978104296343,96.6495664433313,-2.55156767580123));
#10926=CARTESIAN_POINT('Ctrl Pts',(180.751713122167,95.0249265602717,-2.63094886369162));
#10927=CARTESIAN_POINT('Ctrl Pts',(179.265730479135,94.3331310340953,-2.710330051582));
#10928=CARTESIAN_POINT('Ctrl Pts',(177.877723623331,95.2067468836427,-2.78971123947239));
#10929=CARTESIAN_POINT('Ctrl Pts',(177.859269983141,96.8464928178595,-2.86909242736277));
#10930=CARTESIAN_POINT('Ctrl Pts',(179.226668595439,97.7514517646756,-2.94847361525316));
#10931=CARTESIAN_POINT('Ctrl Pts',(180.728700098004,97.0934324763101,-3.02785480314354));
#10932=CARTESIAN_POINT('Ctrl Pts',(180.990492463045,95.4746511544457,-3.10723599103393));
#10933=CARTESIAN_POINT('Ctrl Pts',(179.772509998431,94.3767102950318,-3.18661717892431));
#10934=CARTESIAN_POINT('Ctrl Pts',(178.189474386995,94.8044893904327,-3.2659983668147));
#10935=CARTESIAN_POINT('Ctrl Pts',(177.690271685979,96.3664686810097,-3.34537955470508));
#10936=CARTESIAN_POINT('Ctrl Pts',(178.731787866136,97.6330484331518,-3.42476074259547));
#10937=CARTESIAN_POINT('Ctrl Pts',(180.360781723034,97.4449955561638,-3.50414193048585));
#10938=CARTESIAN_POINT('Ctrl Pts',(181.086318634272,95.9744245197908,-3.58352311837624));
#10939=CARTESIAN_POINT('Ctrl Pts',(180.244353644959,94.5672721368757,-3.66290430626662));
#10940=CARTESIAN_POINT('Ctrl Pts',(178.605492710673,94.5114311081292,-3.74228549415701));
#10941=CARTESIAN_POINT('Ctrl Pts',(177.669699562476,95.8580098551067,-3.8216666820474));
#10942=CARTESIAN_POINT('Ctrl Pts',(178.293456503881,97.3745554111678,-3.90104786993778));
#10943=CARTESIAN_POINT('Ctrl Pts',(179.905871557911,97.6730531391057,-3.98042905782816));
#10944=CARTESIAN_POINT('Ctrl Pts',(181.031185721598,96.4803037092867,-4.05981024571855));
#10945=CARTESIAN_POINT('Ctrl Pts',(180.639457942685,94.8879681542552,-4.13919143360893));
#10946=CARTESIAN_POINT('Ctrl Pts',(179.089216116553,94.3534277360234,-4.21857262149932));
#10947=CARTESIAN_POINT('Ctrl Pts',(177.799315326352,95.3659192796349,-4.29795380938971));
#10948=CARTESIAN_POINT('Ctrl Pts',(177.950334147447,96.99876234949,-4.37733499728009));
#10949=CARTESIAN_POINT('Ctrl Pts',(179.404052970016,97.7575012772924,-4.45671618517048));
#10950=CARTESIAN_POINT('Ctrl Pts',(180.829959159095,96.9477020953034,-4.53609737306086));
#10951=CARTESIAN_POINT('Ctrl Pts',(180.922995525763,95.3105315453037,-4.61547856095124));
#10952=CARTESIAN_POINT('Ctrl Pts',(179.598010760471,94.3444060114794,-4.69485974884164));
#10953=CARTESIAN_POINT('Ctrl Pts',(178.067693963455,94.9335695508115,-4.77424093673202));
#10954=CARTESIAN_POINT('Ctrl Pts',(177.732663880051,96.5387916595986,-4.8536221246224));
#10955=CARTESIAN_POINT('Ctrl Pts',(178.899555983388,97.6908966871449,-4.93300331251279));
#10956=CARTESIAN_POINT('Ctrl Pts',(180.500375099566,97.3354232948894,-5.01238450040317));
#10957=CARTESIAN_POINT('Ctrl Pts',(181.069975406221,95.7977176449082,-5.09176568829357));
#10958=CARTESIAN_POINT('Ctrl Pts',(180.087031601022,94.4851611123555,-5.17114687618393));
#10959=CARTESIAN_POINT('Ctrl Pts',(178.45118062312,94.5990678874828,-5.25052806407434));
#10960=CARTESIAN_POINT('Ctrl Pts',(177.659631121552,96.0351850699901,-5.32990925196471));
#10961=CARTESIAN_POINT('Ctrl Pts',(178.436846862212,97.4791098837513,-5.4092904398551));
#10962=CARTESIAN_POINT('Ctrl Pts',(180.071483019192,97.6092936370284,-5.48867162774548));
#10963=CARTESIAN_POINT('Ctrl Pts',(181.067442805363,96.3065859646573,-5.56805281563587));
#10964=CARTESIAN_POINT('Ctrl Pts',(180.513176436488,94.7632869114409,-5.64743400352626));
#10965=CARTESIAN_POINT('Ctrl Pts',(178.915974865448,94.3918972013093,-5.72681519141663));
#10966=CARTESIAN_POINT('Ctrl Pts',(177.737672965176,95.5323303677598,-5.80619637930703));
#10967=CARTESIAN_POINT('Ctrl Pts',(178.056708698602,97.1408077148559,-5.88557756719741));
#10968=CARTESIAN_POINT('Ctrl Pts',(179.581085382722,97.7451742429148,-5.96495875508779));
#10969=CARTESIAN_POINT('Ctrl Pts',(180.915620946131,96.7922849495962,-6.04433994297818));
#10970=CARTESIAN_POINT('Ctrl Pts',(180.838884943773,95.1542694547776,-6.12372113086857));
#10971=CARTESIAN_POINT('Ctrl Pts',(179.421109816117,94.3303174763673,-6.20310231875895));
#10972=CARTESIAN_POINT('Ctrl Pts',(177.959910817972,95.0745490687794,-6.28248350664933));
#10973=CARTESIAN_POINT('Ctrl Pts',(177.792646796532,96.705808067975,-6.36186469453972));
#10974=CARTESIAN_POINT('Ctrl Pts',(179.07240574267,97.7310886223143,-6.44124588243011));
#10975=CARTESIAN_POINT('Ctrl Pts',(180.627891377734,97.2120051854462,-6.52062707032049));
#10976=CARTESIAN_POINT('Ctrl Pts',(181.03544923825,95.6236476168689,-6.60000825821088));
#10977=CARTESIAN_POINT('Ctrl Pts',(179.9220629786,94.4197563376627,-6.67938944610126));
#10978=CARTESIAN_POINT('Ctrl Pts',(178.306756678722,94.7021899279055,-6.75877063399165));
#10979=CARTESIAN_POINT('Ctrl Pts',(177.667935520807,96.2124517275694,-6.83815182188204));
#10980=CARTESIAN_POINT('Ctrl Pts',(178.590279023796,97.5682782790936,-6.91753300977241));
#10981=CARTESIAN_POINT('Ctrl Pts',(180.229614528496,97.5287526120691,-6.99691419766281));
#10982=CARTESIAN_POINT('Ctrl Pts',(181.085544181148,96.1300504975947,-7.07629538555319));
#10983=CARTESIAN_POINT('Ctrl Pts',(180.374680438369,94.6523306613176,-7.15567657344357));
#10984=CARTESIAN_POINT('Ctrl Pts',(178.747639620566,94.4480726075552,-7.23505776133396));
#10985=CARTESIAN_POINT('Ctrl Pts',(177.693566899066,95.7042230257433,-7.31443894922434));
#10986=CARTESIAN_POINT('Ctrl Pts',(178.177199781542,97.2710932853093,-7.39382013711474));
#10987=CARTESIAN_POINT('Ctrl Pts',(179.755894442619,97.7146091727497,-7.47320132500511));
#10988=CARTESIAN_POINT('Ctrl Pts',(180.984754413923,96.6288438453192,-7.5525825128955));
#10989=CARTESIAN_POINT('Ctrl Pts',(180.739068580355,95.0075413915777,-7.63196370078589));
#10990=CARTESIAN_POINT('Ctrl Pts',(179.243700306568,94.334594959031,-7.71134488867626));
#10991=CARTESIAN_POINT('Ctrl Pts',(177.867281786606,95.2259171416496,-7.79072607656666));
#10992=CARTESIAN_POINT('Ctrl Pts',(177.869576740159,96.8657274686425,-7.87010726445703));
#10993=CARTESIAN_POINT('Ctrl Pts',(179.248484716543,97.7531935062967,-7.94948845234743));
#10994=CARTESIAN_POINT('Ctrl Pts',(180.741963527099,97.0760641111686,-8.0288696402378));
#10995=CARTESIAN_POINT('Ctrl Pts',(180.983110304434,95.4540803236092,-8.1082508281282));
#10996=CARTESIAN_POINT('Ctrl Pts',(179.751216044128,94.3717588802525,-8.18763201601858));
#10997=CARTESIAN_POINT('Ctrl Pts',(178.173768986948,94.8196918630935,-8.26701320390897));
#10998=CARTESIAN_POINT('Ctrl Pts',(177.694523734818,96.3879096935101,-8.34639439179936));
#10999=CARTESIAN_POINT('Ctrl Pts',(178.752108345059,97.6411047970385,-8.42577557968973));
#11000=CARTESIAN_POINT('Ctrl Pts',(180.378571062324,97.4322933876974,-8.50515676758013));
#11001=CARTESIAN_POINT('Ctrl Pts',(181.085295820405,95.9525896025972,-8.58453795547051));
#11002=CARTESIAN_POINT('Ctrl Pts',(180.225454494625,94.5562887504152,-8.66391914336089));
#11003=CARTESIAN_POINT('Ctrl Pts',(178.58601477773,94.5213518072959,-8.74330033125128));
#11004=CARTESIAN_POINT('Ctrl Pts',(177.66746990344,95.8797547258878,-8.82268151914166));
#11005=CARTESIAN_POINT('Ctrl Pts',(178.310515845222,97.3882225220577,-8.90206270703205));
#11006=CARTESIAN_POINT('Ctrl Pts',(179.926606360925,97.6661336956015,-8.98144389492244));
#11007=CARTESIAN_POINT('Ctrl Pts',(181.03661851672,96.4591307174313,-9.06082508281282));
#11008=CARTESIAN_POINT('Ctrl Pts',(180.62461637306,94.8719201425724,-9.14020627070321));
#11009=CARTESIAN_POINT('Ctrl Pts',(179.067683894954,94.3571926088795,-9.21958745859359));
#11010=CARTESIAN_POINT('Ctrl Pts',(177.790799765471,95.3860512460106,-9.29896864648397));
#11011=CARTESIAN_POINT('Ctrl Pts',(177.962629094274,97.0168356759974,-9.37834983437437));
#11012=CARTESIAN_POINT('Ctrl Pts',(179.425905503976,97.7569743955203,-9.45773102226475));
#11013=CARTESIAN_POINT('Ctrl Pts',(180.841368801479,96.9290572325484,-9.53711221015514));
#11014=CARTESIAN_POINT('Ctrl Pts',(180.913519628931,95.2908333670699,-9.61649339804552));
#11015=CARTESIAN_POINT('Ctrl Pts',(179.576322116097,94.3416832277365,-9.69587458593591));
#11016=CARTESIAN_POINT('Ctrl Pts',(178.053643050805,94.9503141827878,-9.77525577382628));
#11017=CARTESIAN_POINT('Ctrl Pts',(177.739110762935,96.5596782233988,-9.85463696171667));
#11018=CARTESIAN_POINT('Ctrl Pts',(178.920600167843,97.696808805792,-9.93401814960706));
#11019=CARTESIAN_POINT('Ctrl Pts',(180.516755946694,97.3209499160987,-10.0133993374974));
#11020=CARTESIAN_POINT('Ctrl Pts',(181.066700385328,95.7761054935937,-10.0927805253878));
#11021=CARTESIAN_POINT('Ctrl Pts',(180.067098167053,94.4761906577122,-10.1721617132782));
#11022=CARTESIAN_POINT('Ctrl Pts',(178.432832803284,94.6109493164114,-10.2515429011686));
#11023=CARTESIAN_POINT('Ctrl Pts',(177.659661713545,96.0570439334241,-10.330924089059));
#11024=CARTESIAN_POINT('Ctrl Pts',(178.455227866808,97.4909399098087,-10.4103052769494));
#11025=CARTESIAN_POINT('Ctrl Pts',(180.091391266367,97.6002674230251,-10.4896864648398));
#11026=CARTESIAN_POINT('Ctrl Pts',(181.07065732016,96.2849647310398,-10.5690676527301));
#11027=CARTESIAN_POINT('Ctrl Pts',(180.496755141823,94.7488594401175,-10.6484488406205));
#11028=CARTESIAN_POINT('Ctrl Pts',(178.894947311923,94.3978682001704,-10.7278300285109));
#11029=CARTESIAN_POINT('Ctrl Pts',(177.731284569461,95.5532348952137,-10.8072112164013));
#11030=CARTESIAN_POINT('Ctrl Pts',(178.070806426075,97.157512951372,-10.8865924042917));
#11031=CARTESIAN_POINT('Ctrl Pts',(179.602766319037,97.7423907639838,-10.9659735921821));
#11032=CARTESIAN_POINT('Ctrl Pts',(180.925041673721,96.7725603218747,-11.0453547800724));
#11033=CARTESIAN_POINT('Ctrl Pts',(180.827423150341,95.1356566077081,-11.1247359679628));
#11034=CARTESIAN_POINT('Ctrl Pts',(179.399255909326,94.3298517493736,-11.2041171558532));
#11035=CARTESIAN_POINT('Ctrl Pts',(177.947666473931,95.0926567660518,-11.2834983437436));
#11036=CARTESIAN_POINT('Ctrl Pts',(177.801218742509,96.7259160638776,-11.362879531634));
#11037=CARTESIAN_POINT('Ctrl Pts',(179.093948278475,97.7347933257049,-11.4422607195244));
#11038=CARTESIAN_POINT('Ctrl Pts',(180.642688255292,97.1959154596177,-11.5216419074148));
#11039=CARTESIAN_POINT('Ctrl Pts',(181.029956617442,95.6024903946258,-11.6010230953052));
#11040=CARTESIAN_POINT('Ctrl Pts',(179.901310080512,94.4128939775293,-11.6804042831955));
#11041=CARTESIAN_POINT('Ctrl Pts',(178.289733223316,94.7159067411003,-11.7597854710859));
#11042=CARTESIAN_POINT('Ctrl Pts',(177.670231015025,96.2341861715092,-11.8391666589763));
#11043=CARTESIAN_POINT('Ctrl Pts',(178.609774470536,97.5781528026489,-11.9185478468667));
#11044=CARTESIAN_POINT('Ctrl Pts',(180.248503668561,97.5176992328796,-11.9979290347571));
#11045=CARTESIAN_POINT('Ctrl Pts',(181.086463340712,96.1082478331549,-12.0773102226475));
#11046=CARTESIAN_POINT('Ctrl Pts',(180.356942562852,94.6396067264553,-12.1566914105378));
#11047=CARTESIAN_POINT('Ctrl Pts',(178.727164009323,94.4563322034139,-12.2360725984282));
#11048=CARTESIAN_POINT('Ctrl Pts',(177.689738372225,95.725376533972,-12.3154537863186));
#11049=CARTESIAN_POINT('Ctrl Pts',(178.19219794697,97.2868636742073,-12.394834974209));
#11050=CARTESIAN_POINT('Ctrl Pts',(179.778716661195,97.708322013702,-12.4742161620994));
#11051=CARTESIAN_POINT('Ctrl Pts',(180.584105817627,96.9766302726183,-12.5271369540263));
#11052=CARTESIAN_POINT('Ctrl Pts',(180.742920407313,96.5213375504278,-12.5535973499898));
#11053=CARTESIAN_POINT('Ctrl Pts',(178.282599108416,97.1347814554823,-2.33920795003069));
#11054=CARTESIAN_POINT('Ctrl Pts',(178.645390631697,97.4975729787629,-2.36566834599415));
#11055=CARTESIAN_POINT('Ctrl Pts',(179.755586598743,97.8261056174626,-2.41858913792107));
#11056=CARTESIAN_POINT('Ctrl Pts',(181.080813497524,96.6883503610912,-2.49797032581146));
#11057=CARTESIAN_POINT('Ctrl Pts',(180.839929749619,94.9597081317654,-2.57735151370184));
#11058=CARTESIAN_POINT('Ctrl Pts',(179.258820990949,94.2236268788814,-2.65673270159223));
#11059=CARTESIAN_POINT('Ctrl Pts',(177.781960001288,95.1531677977542,-2.73611388948261));
#11060=CARTESIAN_POINT('Ctrl Pts',(177.762325039689,96.8978831016247,-2.815495077373));
#11061=CARTESIAN_POINT('Ctrl Pts',(179.217258536144,97.8607735658959,-2.89487626526338));
#11062=CARTESIAN_POINT('Ctrl Pts',(180.815443532207,97.1606307579787,-2.97425745315377));
#11063=CARTESIAN_POINT('Ctrl Pts',(181.093994700528,95.438222129336,-3.05363864104415));
#11064=CARTESIAN_POINT('Ctrl Pts',(179.79804232064,94.2699958936787,-3.13301982893454));
#11065=CARTESIAN_POINT('Ctrl Pts',(178.113667686613,94.7251595375381,-3.21240101682493));
#11066=CARTESIAN_POINT('Ctrl Pts',(177.582508209999,96.3871299170534,-3.29178220471531));
#11067=CARTESIAN_POINT('Ctrl Pts',(178.690697704989,97.7347905704646,-3.3711633926057));
#11068=CARTESIAN_POINT('Ctrl Pts',(180.423972630532,97.5346993700103,-3.45054458049608));
#11069=CARTESIAN_POINT('Ctrl Pts',(181.195955244513,95.9699888017144,-3.52992576838647));
#11070=CARTESIAN_POINT('Ctrl Pts',(180.300091335645,94.472756671956,-3.60930695627685));
#11071=CARTESIAN_POINT('Ctrl Pts',(178.556317685533,94.413340944553,-3.68868814416723));
#11072=CARTESIAN_POINT('Ctrl Pts',(177.560619149042,95.8461217788841,-3.76806933205763));
#11073=CARTESIAN_POINT('Ctrl Pts',(178.224306284259,97.4597499547278,-3.847450519948));
#11074=CARTESIAN_POINT('Ctrl Pts',(179.939941104419,97.7773562028886,-3.9268317078384));
#11075=CARTESIAN_POINT('Ctrl Pts',(181.137292963679,96.5082521664257,-4.00621289572878));
#11076=CARTESIAN_POINT('Ctrl Pts',(180.720488484058,94.8139822470507,-4.08559408361916));
#11077=CARTESIAN_POINT('Ctrl Pts',(179.071006950174,94.2452228869783,-4.16497527150955));
#11078=CARTESIAN_POINT('Ctrl Pts',(177.698532347751,95.3225297150159,-4.24435645939993));
#11079=CARTESIAN_POINT('Ctrl Pts',(177.859218733879,97.0599002633114,-4.32373764729032));
#11080=CARTESIAN_POINT('Ctrl Pts',(179.405998283281,97.8672103418763,-4.4031188351807));
#11081=CARTESIAN_POINT('Ctrl Pts',(180.923184755927,97.0055713547654,-4.48250002307109));
#11082=CARTESIAN_POINT('Ctrl Pts',(181.022176904255,95.2635962999557,-4.56188121096147));
#11083=CARTESIAN_POINT('Ctrl Pts',(179.61237240396,94.2356236310505,-4.64126239885186));
#11084=CARTESIAN_POINT('Ctrl Pts',(177.984091412491,94.8625028457541,-4.72064358674225));
#11085=CARTESIAN_POINT('Ctrl Pts',(177.627614167099,96.570484259747,-4.80002477463263));
#11086=CARTESIAN_POINT('Ctrl Pts',(178.869205604025,97.7963420169039,-4.87940596252302));
#11087=CARTESIAN_POINT('Ctrl Pts',(180.572502165061,97.4181127713574,-4.9587871504134));
#11088=CARTESIAN_POINT('Ctrl Pts',(181.178565794415,95.7819699248423,-5.03816833830379));
#11089=CARTESIAN_POINT('Ctrl Pts',(180.132698221891,94.3853892584394,-5.11754952619417));
#11090=CARTESIAN_POINT('Ctrl Pts',(178.392127212419,94.5065878475817,-5.19693071408456));
#11091=CARTESIAN_POINT('Ctrl Pts',(177.549906170526,96.0346389768375,-5.27631190197495));
#11092=CARTESIAN_POINT('Ctrl Pts',(178.37687586677,97.5709975477834,-5.35569308986533));
#11093=CARTESIAN_POINT('Ctrl Pts',(180.116154287794,97.7095150960927,-5.43507427775571));
#11094=CARTESIAN_POINT('Ctrl Pts',(181.175871067517,96.3234137708645,-5.5144554656461));
#11095=CARTESIAN_POINT('Ctrl Pts',(180.586122987636,94.6813194558801,-5.59383665353649));
#11096=CARTESIAN_POINT('Ctrl Pts',(178.88667555117,94.2861549993352,-5.67321784142687));
#11097=CARTESIAN_POINT('Ctrl Pts',(177.632943911966,95.4995937138506,-5.75259902931725));
#11098=CARTESIAN_POINT('Ctrl Pts',(177.972402918983,97.2110387522848,-5.83198021720764));
#11099=CARTESIAN_POINT('Ctrl Pts',(179.594363537485,97.8540941846222,-5.91136140509803));
#11100=CARTESIAN_POINT('Ctrl Pts',(181.01433023626,96.8402050825028,-5.99074259298841));
#11101=CARTESIAN_POINT('Ctrl Pts',(180.932681930337,95.0973309931989,-6.0701237808788));
#11102=CARTESIAN_POINT('Ctrl Pts',(179.424147034137,94.2206332094819,-6.14950496876918));
#11103=CARTESIAN_POINT('Ctrl Pts',(177.869408461005,95.0125072564365,-6.22888615665957));
#11104=CARTESIAN_POINT('Ctrl Pts',(177.691436927791,96.7481923287905,-6.30826734454995));
#11105=CARTESIAN_POINT('Ctrl Pts',(179.053120449609,97.8391068641397,-6.38764853244034));
#11106=CARTESIAN_POINT('Ctrl Pts',(180.708181478161,97.286793973837,-6.46702972033072));
#11107=CARTESIAN_POINT('Ctrl Pts',(181.141829412036,95.5967566942266,-6.5464109082211));
#11108=CARTESIAN_POINT('Ctrl Pts',(179.957169029111,94.3157975558644,-6.6257920961115));
#11109=CARTESIAN_POINT('Ctrl Pts',(178.238457878177,94.616311310429,-6.70517328400188));
#11110=CARTESIAN_POINT('Ctrl Pts',(177.558742181133,96.2232534712483,-6.78455447189227));
#11111=CARTESIAN_POINT('Ctrl Pts',(178.540130084901,97.6658741141642,-6.86393565978264));
#11112=CARTESIAN_POINT('Ctrl Pts',(180.28440868535,97.6238181866486,-6.94331684767304));
#11113=CARTESIAN_POINT('Ctrl Pts',(181.195131214284,96.1355772745921,-7.02269803556342));
#11114=CARTESIAN_POINT('Ctrl Pts',(180.438761080892,94.5632602714599,-7.1020792234538));
#11115=CARTESIAN_POINT('Ctrl Pts',(178.707564219471,94.3459265096242,-7.18146041134419));
#11116=CARTESIAN_POINT('Ctrl Pts',(177.58601436823,95.6824901886938,-7.26084159923457));
#11117=CARTESIAN_POINT('Ctrl Pts',(178.100607314554,97.3496646356612,-7.34022278712496));
#11118=CARTESIAN_POINT('Ctrl Pts',(179.780363109549,97.8215724722227,-7.41960397501534));
#11119=CARTESIAN_POINT('Ctrl Pts',(181.087889326574,96.6663011929042,-7.49898516290573));
#11120=CARTESIAN_POINT('Ctrl Pts',(180.826475759492,94.9412100405379,-7.57836635079611));
#11121=CARTESIAN_POINT('Ctrl Pts',(179.235380542998,94.2251845178948,-7.6577475386865));
#11122=CARTESIAN_POINT('Ctrl Pts',(177.770849723803,95.173565251912,-7.73712872657688));
#11123=CARTESIAN_POINT('Ctrl Pts',(177.773291590255,96.9183490707029,-7.81650991446727));
#11124=CARTESIAN_POINT('Ctrl Pts',(179.240471229994,97.8626268062048,-7.89589110235766));
#11125=CARTESIAN_POINT('Ctrl Pts',(180.829556028077,97.1421505459938,-7.97527229024804));
#11126=CARTESIAN_POINT('Ctrl Pts',(181.086139968379,95.4163344437959,-8.05465347813843));
#11127=CARTESIAN_POINT('Ctrl Pts',(179.775385220429,94.264727510961,-8.13403466602882));
#11128=CARTESIAN_POINT('Ctrl Pts',(178.09695689548,94.7413352060698,-8.21341585391919));
#11129=CARTESIAN_POINT('Ctrl Pts',(177.587032456426,96.4099434894852,-8.29279704180958));
#11130=CARTESIAN_POINT('Ctrl Pts',(178.712319012179,97.7433626675642,-8.37217822969997));
#11131=CARTESIAN_POINT('Ctrl Pts',(180.442900765591,97.5211840642221,-8.45155941759036));
#11132=CARTESIAN_POINT('Ctrl Pts',(181.194866954571,95.9467561085322,-8.53094060548074));
#11133=CARTESIAN_POINT('Ctrl Pts',(180.279982344288,94.4610701770875,-8.61032179337113));
#11134=CARTESIAN_POINT('Ctrl Pts',(178.535592860435,94.4238967235305,-8.6897029812615));
#11135=CARTESIAN_POINT('Ctrl Pts',(177.558246756977,95.869258661276,-8.7690841691519));
#11136=CARTESIAN_POINT('Ctrl Pts',(178.242457690091,97.4742919743368,-8.84846535704227));
#11137=CARTESIAN_POINT('Ctrl Pts',(179.962003258919,97.7699938068465,-8.92784654493267));
#11138=CARTESIAN_POINT('Ctrl Pts',(181.143073542605,96.4857237721496,-9.00722773282305));
#11139=CARTESIAN_POINT('Ctrl Pts',(180.704696821998,94.7969069117836,-9.08660892071344));
#11140=CARTESIAN_POINT('Ctrl Pts',(179.048096329835,94.2492287705437,-9.16599010860381));
#11141=CARTESIAN_POINT('Ctrl Pts',(177.689471657872,95.3439504419102,-9.24537129649421));
#11142=CARTESIAN_POINT('Ctrl Pts',(177.872300749478,97.0791305652083,-9.32475248438459));
#11143=CARTESIAN_POINT('Ctrl Pts',(179.429249720977,97.8666497314357,-9.40413367227497));
#11144=CARTESIAN_POINT('Ctrl Pts',(180.935324793761,96.9857329293675,-9.48351486016537));
#11145=CARTESIAN_POINT('Ctrl Pts',(181.012094401914,95.242637130425,-9.56289604805575));
#11146=CARTESIAN_POINT('Ctrl Pts',(179.589295347344,94.2327265465898,-9.64227723594614));
#11147=CARTESIAN_POINT('Ctrl Pts',(177.96914102181,94.880319395902,-9.72165842383651));
#11148=CARTESIAN_POINT('Ctrl Pts',(177.634473751254,96.5927078900955,-9.8010396117269));
#11149=CARTESIAN_POINT('Ctrl Pts',(178.891596945214,97.8026326035531,-9.8804207996173));
#11150=CARTESIAN_POINT('Ctrl Pts',(180.589931642445,97.4027128700995,-9.95980198750766));
#11151=CARTESIAN_POINT('Ctrl Pts',(181.175081120995,95.7589742580374,-10.0391831753981));
#11152=CARTESIAN_POINT('Ctrl Pts',(180.111488736581,94.3758445544873,-10.1185643632884));
#11153=CARTESIAN_POINT('Ctrl Pts',(178.37260484533,94.5192298736733,-10.1979455511788));
#11154=CARTESIAN_POINT('Ctrl Pts',(177.549938720884,96.0578971491936,-10.2773267390692));
#11155=CARTESIAN_POINT('Ctrl Pts',(178.396433542963,97.5835848804164,-10.3567079269596));
#11156=CARTESIAN_POINT('Ctrl Pts',(180.137336973962,97.69991106331,-10.43608911485));
#11157=CARTESIAN_POINT('Ctrl Pts',(181.179291361505,96.3004084403471,-10.5154703027404));
#11158=CARTESIAN_POINT('Ctrl Pts',(180.568650473441,94.665968400885,-10.5948514906308));
#11159=CARTESIAN_POINT('Ctrl Pts',(178.864301905551,94.2925082354525,-10.6742326785211));
#11160=CARTESIAN_POINT('Ctrl Pts',(177.626146559072,95.5218364578073,-10.7536138664115));
#11161=CARTESIAN_POINT('Ctrl Pts',(177.987403121367,97.2288133850474,-10.8329950543019));
#11162=CARTESIAN_POINT('Ctrl Pts',(179.617432392605,97.8511325195328,-10.9123762421923));
#11163=CARTESIAN_POINT('Ctrl Pts',(181.024354037664,96.8192177703035,-10.9917574300827));
#11164=CARTESIAN_POINT('Ctrl Pts',(180.920486402973,95.077526632991,-11.0711386179731));
#11165=CARTESIAN_POINT('Ctrl Pts',(179.400894135726,94.2201376686812,-11.1505198058634));
#11166=CARTESIAN_POINT('Ctrl Pts',(177.856380287562,95.0317741293645,-11.2299009937538));
#11167=CARTESIAN_POINT('Ctrl Pts',(177.700557612293,96.7695875507268,-11.3092821816442));
#11168=CARTESIAN_POINT('Ctrl Pts',(179.076042044424,97.8430487264531,-11.3886633695346));
#11169=CARTESIAN_POINT('Ctrl Pts',(180.723925587164,97.2696742540668,-11.468044557425));
#11170=CARTESIAN_POINT('Ctrl Pts',(181.135985177646,95.5742450790643,-11.5474257453154));
#11171=CARTESIAN_POINT('Ctrl Pts',(179.93508762117,94.308495897421,-11.6268069332058));
#11172=CARTESIAN_POINT('Ctrl Pts',(178.220344655543,94.6309062140675,-11.7061881210961));
#11173=CARTESIAN_POINT('Ctrl Pts',(177.561184622862,96.2463792593179,-11.7855693089865));
#11174=CARTESIAN_POINT('Ctrl Pts',(178.560873544953,97.6763807615696,-11.8649504968769));
#11175=CARTESIAN_POINT('Ctrl Pts',(180.304507025624,97.6120572184224,-11.9443316847673));
#11176=CARTESIAN_POINT('Ctrl Pts',(181.196109214427,96.1123788988439,-12.0237128726577));
#11177=CARTESIAN_POINT('Ctrl Pts',(180.419887704092,94.5497218058864,-12.1030940605481));
#11178=CARTESIAN_POINT('Ctrl Pts',(178.685777849066,94.3547148487184,-12.1824752484385));
#11179=CARTESIAN_POINT('Ctrl Pts',(177.58194075583,95.7049978520867,-12.2618564363288));
#11180=CARTESIAN_POINT('Ctrl Pts',(178.116565596997,97.3664445759458,-12.3412376242192));
#11181=CARTESIAN_POINT('Ctrl Pts',(179.804646306833,97.8148828367254,-12.4206188121096));
#11182=CARTESIAN_POINT('Ctrl Pts',(180.661592957821,97.0363513875869,-12.4735396040365));
#11183=CARTESIAN_POINT('Ctrl Pts',(180.830574163581,96.5519128147747,-12.5));
#11184=CARTESIAN_POINT('Ctrl Pts',(178.478030020205,96.9395971684179,-12.5));
#11185=CARTESIAN_POINT('Ctrl Pts',(178.19009767518,96.6506646445471,-12.4742161620994));
#11186=CARTESIAN_POINT('Ctrl Pts',(178.053364473661,96.2094720528988,-12.4484323241988));
#11187=CARTESIAN_POINT('Ctrl Pts',(178.129122232803,95.8086340624175,-12.4226484862981));
#11188=CARTESIAN_POINT('Ctrl Pts',(178.206867846623,95.3972782360966,-12.3961880903347));
#11189=CARTESIAN_POINT('Ctrl Pts',(178.508402088229,95.0284225744506,-12.3697276943712));
#11190=CARTESIAN_POINT('Ctrl Pts',(178.896021867455,94.8706296860924,-12.3432672984078));
#11191=CARTESIAN_POINT('Ctrl Pts',(179.283641646682,94.7128367977341,-12.3168069024443));
#11192=CARTESIAN_POINT('Ctrl Pts',(179.757346963528,94.7661066826637,-12.2903465064808));
#11193=CARTESIAN_POINT('Ctrl Pts',(180.100219507436,95.0061764808257,-12.2638861105174));
#11194=CARTESIAN_POINT('Ctrl Pts',(180.443092051343,95.2462462789877,-12.2374257145539));
#11195=CARTESIAN_POINT('Ctrl Pts',(180.655131822313,95.6731159903821,-12.2109653185904));
#11196=CARTESIAN_POINT('Ctrl Pts',(180.639372601323,96.0913837727489,-12.184504922627));
#11197=CARTESIAN_POINT('Ctrl Pts',(180.623613380334,96.5096515551157,-12.1580445266635));
#11198=CARTESIAN_POINT('Ctrl Pts',(180.380055167385,96.9193174084548,-12.1315841307001));
#11199=CARTESIAN_POINT('Ctrl Pts',(180.020122622121,97.13293593896,-12.1051237347366));
#11200=CARTESIAN_POINT('Ctrl Pts',(179.660190076858,97.3465544694651,-12.0786633387731));
#11201=CARTESIAN_POINT('Ctrl Pts',(179.18388319928,97.3641256771363,-12.0522029428097));
#11202=CARTESIAN_POINT('Ctrl Pts',(178.809187673433,97.1775951328192,-12.0257425468462));
#11203=CARTESIAN_POINT('Ctrl Pts',(178.434492147585,96.9910645885021,-11.9992821508828));
#11204=CARTESIAN_POINT('Ctrl Pts',(178.161407973469,96.6004322921968,-11.9728217549193));
#11205=CARTESIAN_POINT('Ctrl Pts',(178.114896979663,96.1844674439233,-11.9463613589558));
#11206=CARTESIAN_POINT('Ctrl Pts',(178.068385985856,95.7685025956497,-11.9199009629924));
#11207=CARTESIAN_POINT('Ctrl Pts',(178.24844817236,95.3272051954079,-11.8934405670289));
#11208=CARTESIAN_POINT('Ctrl Pts',(178.572686705667,95.0625202190503,-11.8669801710654));
#11209=CARTESIAN_POINT('Ctrl Pts',(178.896925238975,94.7978352426927,-11.840519775102));
#11210=CARTESIAN_POINT('Ctrl Pts',(179.365340119086,94.7097626902193,-11.8140593791385));
#11211=CARTESIAN_POINT('Ctrl Pts',(179.763571642115,94.8386082286497,-11.7875989831751));
#11212=CARTESIAN_POINT('Ctrl Pts',(180.161803165143,94.9674537670801,-11.7611385872116));
#11213=CARTESIAN_POINT('Ctrl Pts',(180.489851331089,95.3132173964143,-11.7346781912481));
#11214=CARTESIAN_POINT('Ctrl Pts',(180.597594429815,95.7176686852433,-11.7082177952847));
#11215=CARTESIAN_POINT('Ctrl Pts',(180.70533752854,96.1221199740722,-11.6817573993212));
#11216=CARTESIAN_POINT('Ctrl Pts',(180.592775560045,96.5852589223959,-11.6552970033578));
#11217=CARTESIAN_POINT('Ctrl Pts',(180.311419101635,96.8951425054725,-11.6288366073943));
#11218=CARTESIAN_POINT('Ctrl Pts',(180.030062643225,97.2050260885491,-11.6023762114308));
#11219=CARTESIAN_POINT('Ctrl Pts',(179.579911694901,97.3616543063786,-11.5759158154674));
#11220=CARTESIAN_POINT('Ctrl Pts',(179.166966263466,97.2933501762886,-11.5494554195039));
#11221=CARTESIAN_POINT('Ctrl Pts',(178.754020832031,97.2250460461986,-11.5229950235404));
#11222=CARTESIAN_POINT('Ctrl Pts',(178.378280917486,96.9318095681891,-11.496534627577));
#11223=CARTESIAN_POINT('Ctrl Pts',(178.211693934168,96.5478328207254,-11.4700742316135));
#11224=CARTESIAN_POINT('Ctrl Pts',(178.045106950851,96.1638560732617,-11.4436138356501));
#11225=CARTESIAN_POINT('Ctrl Pts',(178.087672898761,95.6891390563439,-11.4171534396866));
#11226=CARTESIAN_POINT('Ctrl Pts',(178.319912641025,95.3409235264404,-11.3906930437231));
#11227=CARTESIAN_POINT('Ctrl Pts',(178.552152383289,94.9927079965369,-11.3642326477597));
#11228=CARTESIAN_POINT('Ctrl Pts',(178.974065919907,94.7709939536477,-11.3377722517962));
#11229=CARTESIAN_POINT('Ctrl Pts',(179.392575552975,94.7772430399337,-11.3113118558327));
#11230=CARTESIAN_POINT('Ctrl Pts',(179.811085186042,94.7834921262197,-11.2848514598693));
#11231=CARTESIAN_POINT('Ctrl Pts',(180.226190915559,95.0177043416809,-11.2583910639058));
#11232=CARTESIAN_POINT('Ctrl Pts',(180.44793049711,95.3726985940573,-11.2319306679424));
#11233=CARTESIAN_POINT('Ctrl Pts',(180.669670078662,95.7276928464338,-11.2054702719789));
#11234=CARTESIAN_POINT('Ctrl Pts',(180.698043512247,96.2034691357255,-11.1790098760154));
#11235=CARTESIAN_POINT('Ctrl Pts',(180.520066433384,96.5823009183494,-11.152549480052));
#11236=CARTESIAN_POINT('Ctrl Pts',(180.342089354521,96.9611327009734,-11.1260890840885));
#11237=CARTESIAN_POINT('Ctrl Pts',(179.957761763211,97.2430199769294,-11.0996286881251));
#11238=CARTESIAN_POINT('Ctrl Pts',(179.542961111487,97.2989644200968,-11.0731682921616));
#11239=CARTESIAN_POINT('Ctrl Pts',(179.128160459763,97.3549088632642,-11.0467078961981));
#11240=CARTESIAN_POINT('Ctrl Pts',(178.682886747627,97.1849104736429,-11.0202475002347));
#11241=CARTESIAN_POINT('Ctrl Pts',(178.41090781735,96.866764559833,-10.9937871042712));
#11242=CARTESIAN_POINT('Ctrl Pts',(178.138928887073,96.5486186460232,-10.9673267083078));
#11243=CARTESIAN_POINT('Ctrl Pts',(178.040244738656,96.0823252080247,-10.9408663123443));
#11244=CARTESIAN_POINT('Ctrl Pts',(178.160015586852,95.6812712156222,-10.9144059163808));
#11245=CARTESIAN_POINT('Ctrl Pts',(178.279786435049,95.2802172232196,-10.8879455204174));
#11246=CARTESIAN_POINT('Ctrl Pts',(178.618012279858,94.944402676413,-10.8614851244539));
#11247=CARTESIAN_POINT('Ctrl Pts',(179.019912927916,94.8275043011723,-10.8350247284904));
#11248=CARTESIAN_POINT('Ctrl Pts',(179.421813575974,94.7106059259316,-10.808564332527));
#11249=CARTESIAN_POINT('Ctrl Pts',(179.88738902728,94.8126237222569,-10.7821039365635));
#11250=CARTESIAN_POINT('Ctrl Pts',(180.203580879414,95.0868719193933,-10.7556435406001));
#11251=CARTESIAN_POINT('Ctrl Pts',(180.519772731548,95.3611201165298,-10.7291831446366));
#11252=CARTESIAN_POINT('Ctrl Pts',(180.686580984509,95.8075987144775,-10.7027227486731));
#11253=CARTESIAN_POINT('Ctrl Pts',(180.627670213274,96.221988485123,-10.6762623527097));
#11254=CARTESIAN_POINT('Ctrl Pts',(180.568759442039,96.6363782557685,-10.6498019567462));
#11255=CARTESIAN_POINT('Ctrl Pts',(180.284129646609,97.0186791991119,-10.6233415607827));
#11256=CARTESIAN_POINT('Ctrl Pts',(179.90403419278,97.1939413084733,-10.5968811648193));
#11257=CARTESIAN_POINT('Ctrl Pts',(179.523938738951,97.3692034178347,-10.5704207688558));
#11258=CARTESIAN_POINT('Ctrl Pts',(179.048377626724,97.337426693214,-10.5439603728924));
#11259=CARTESIAN_POINT('Ctrl Pts',(178.694978934672,97.1131529197856,-10.5174999769289));
#11260=CARTESIAN_POINT('Ctrl Pts',(178.34158024262,96.8888791463572,-10.4910395809654));
#11261=CARTESIAN_POINT('Ctrl Pts',(178.110343970743,96.4721083241211,-10.464579185002));
#11262=CARTESIAN_POINT('Ctrl Pts',(178.107089338192,96.0535646963368,-10.4381187890385));
#11263=CARTESIAN_POINT('Ctrl Pts',(178.103834705641,95.6350210685526,-10.4116583930751));
#11264=CARTESIAN_POINT('Ctrl Pts',(178.328561712417,95.2147046352202,-10.3851979971116));
#11265=CARTESIAN_POINT('Ctrl Pts',(178.678429933938,94.9849621955997,-10.3587376011481));
#11266=CARTESIAN_POINT('Ctrl Pts',(179.02829815546,94.7552197559793,-10.3322772051847));
#11267=CARTESIAN_POINT('Ctrl Pts',(179.503307591728,94.7160513100707,-10.3058168092212));
#11268=CARTESIAN_POINT('Ctrl Pts',(179.886082624195,94.8853812705404,-10.2793564132577));
#11269=CARTESIAN_POINT('Ctrl Pts',(180.268857656662,95.0547112310101,-10.2528960172943));
#11270=CARTESIAN_POINT('Ctrl Pts',(180.559398285328,95.4325395978581,-10.2264356213308));
#11271=CARTESIAN_POINT('Ctrl Pts',(180.624746206527,95.8459631218472,-10.1999752253674));
#11272=CARTESIAN_POINT('Ctrl Pts',(180.690094127726,96.2593866458364,-10.1735148294039));
#11273=CARTESIAN_POINT('Ctrl Pts',(180.53024934146,96.7084053269667,-10.1470544334404));
#11274=CARTESIAN_POINT('Ctrl Pts',(180.218360624645,96.9875375345607,-10.120594037477));
#11275=CARTESIAN_POINT('Ctrl Pts',(179.90647190783,97.2666697421546,-10.0941336415135));
#11276=CARTESIAN_POINT('Ctrl Pts',(179.442539260466,97.3759154762121,-10.06767324555));
#11277=CARTESIAN_POINT('Ctrl Pts',(179.038869298983,97.2652812898635,-10.0412128495866));
#11278=CARTESIAN_POINT('Ctrl Pts',(178.635199337499,97.154647103515,-10.0147524536231));
#11279=CARTESIAN_POINT('Ctrl Pts',(178.291792061897,96.8241329967603,-9.98829205765967));
#11280=CARTESIAN_POINT('Ctrl Pts',(178.16579881118,96.4249900878086,-9.96183166169621));
#11281=CARTESIAN_POINT('Ctrl Pts',(178.039805560462,96.0258471788569,-9.93537126573274));
#11282=CARTESIAN_POINT('Ctrl Pts',(178.131226334629,95.5580754677082,-9.90891086976928));
#11283=CARTESIAN_POINT('Ctrl Pts',(178.398224812514,95.2357384177122,-9.88245047380581));
#11284=CARTESIAN_POINT('Ctrl Pts',(178.665223290398,94.9134013677162,-9.85599007784235));
#11285=CARTESIAN_POINT('Ctrl Pts',(179.107799472001,94.736498978873,-9.82952968187889));
#11286=CARTESIAN_POINT('Ctrl Pts',(179.523419967695,94.7859859928397,-9.80306928591543));
#11287=CARTESIAN_POINT('Ctrl Pts',(179.93904046339,94.8354730068065,-9.77660888995197));
#11288=CARTESIAN_POINT('Ctrl Pts',(180.327705273177,95.1113494235832,-9.75014849398851));
#11289=CARTESIAN_POINT('Ctrl Pts',(180.511552133729,95.4873676317299,-9.72368809802505));
#11290=CARTESIAN_POINT('Ctrl Pts',(180.695398994281,95.8633858398766,-9.69722770206159));
#11291=CARTESIAN_POINT('Ctrl Pts',(180.674427905599,96.3395458393934,-9.67076730609813));
#11292=CARTESIAN_POINT('Ctrl Pts',(180.458235736767,96.697945486615,-9.64430691013466));
#11293=CARTESIAN_POINT('Ctrl Pts',(180.242043567936,97.0563451338367,-9.6178465141712));
#11294=CARTESIAN_POINT('Ctrl Pts',(179.830630318954,97.2969844287633,-9.59138611820773));
#11295=CARTESIAN_POINT('Ctrl Pts',(179.412268480112,97.3097411052075,-9.56492572224427));
#11296=CARTESIAN_POINT('Ctrl Pts',(178.993906641271,97.3224977816517,-9.53846532628081));
#11297=CARTESIAN_POINT('Ctrl Pts',(178.568596212569,97.1073718396136,-9.51200493031736));
#11298=CARTESIAN_POINT('Ctrl Pts',(178.330969364352,96.7628100280339,-9.4855445343539));
#11299=CARTESIAN_POINT('Ctrl Pts',(178.093342516135,96.4182482164542,-9.45908413839044));
#11300=CARTESIAN_POINT('Ctrl Pts',(178.043399248402,95.9442505353329,-9.43262374242697));
#11301=CARTESIAN_POINT('Ctrl Pts',(178.203994788622,95.5577295999955,-9.4061633464635));
#11302=CARTESIAN_POINT('Ctrl Pts',(178.364590328843,95.1712086646581,-9.37970295050004));
#11303=CARTESIAN_POINT('Ctrl Pts',(178.735724677017,94.8721644751046,-9.35324255453659));
#11304=CARTESIAN_POINT('Ctrl Pts',(179.147557926103,94.797446766761,-9.32678215857312));
#11305=CARTESIAN_POINT('Ctrl Pts',(179.559391175189,94.7227290584174,-9.30032176260966));
#11306=CARTESIAN_POINT('Ctrl Pts',(180.011923325186,94.8723378312837,-9.27386136664619));
#11307=CARTESIAN_POINT('Ctrl Pts',(180.298064898479,95.177808551691,-9.24740097068273));
#11308=CARTESIAN_POINT('Ctrl Pts',(180.584206471773,95.4832792720983,-9.22094057471927));
#11309=CARTESIAN_POINT('Ctrl Pts',(180.703957468361,95.9446119400466,-9.19448017875581));
#11310=CARTESIAN_POINT('Ctrl Pts',(180.60251698332,96.3506897515401,-9.16801978279235));
#11311=CARTESIAN_POINT('Ctrl Pts',(180.501076498278,96.7567675630337,-9.14155938682889));
#11312=CARTESIAN_POINT('Ctrl Pts',(180.178444531607,97.1075905180724,-9.11509899086543));
#11313=CARTESIAN_POINT('Ctrl Pts',(179.782265146696,97.2426136863232,-9.08863859490197));
#11314=CARTESIAN_POINT('Ctrl Pts',(179.386085761785,97.377636854574,-9.06217819893851));
#11315=CARTESIAN_POINT('Ctrl Pts',(178.916358958635,97.2968602360368,-9.03571780297504));
#11316=CARTESIAN_POINT('Ctrl Pts',(178.588042897206,97.0372491330368,-9.00925740701158));
#11317=CARTESIAN_POINT('Ctrl Pts',(178.259726835778,96.7776380300368,-8.98279701104811));
#11318=CARTESIAN_POINT('Ctrl Pts',(178.072821516071,96.339192442574,-8.95633661508466));
#11319=CARTESIAN_POINT('Ctrl Pts',(178.112859258877,95.9225555021285,-8.92987621912119));
#11320=CARTESIAN_POINT('Ctrl Pts',(178.152897001683,95.505918561683,-8.90341582315773));
#11321=CARTESIAN_POINT('Ctrl Pts',(178.419877807003,95.1110902682548,-8.87695542719427));
#11322=CARTESIAN_POINT('Ctrl Pts',(178.791624906825,94.9187534419147,-8.85049503123081));
#11323=CARTESIAN_POINT('Ctrl Pts',(179.163372006647,94.7264166155746,-8.82403463526735));
#11324=CARTESIAN_POINT('Ctrl Pts',(179.639885400972,94.7365712563227,-8.79757423930389));
#11325=CARTESIAN_POINT('Ctrl Pts',(180.003101224264,94.9445703589728,-8.77111384334043));
#11326=CARTESIAN_POINT('Ctrl Pts',(180.366317047556,95.1525694616228,-8.74465344737696));
#11327=CARTESIAN_POINT('Ctrl Pts',(180.616235299814,95.558413026175,-8.7181930514135));
#11328=CARTESIAN_POINT('Ctrl Pts',(180.63848744323,95.9763773824379,-8.69173265545003));
#11329=CARTESIAN_POINT('Ctrl Pts',(180.660739586645,96.3943417387008,-8.66527225948657));
#11330=CARTESIAN_POINT('Ctrl Pts',(180.455325621217,96.8244268866744,-8.63881186352312));
#11331=CARTESIAN_POINT('Ctrl Pts',(180.116247864341,97.0698156308844,-8.61235146755966));
#11332=CARTESIAN_POINT('Ctrl Pts',(179.777170107466,97.3152043750944,-8.58589107159619));
#11333=CARTESIAN_POINT('Ctrl Pts',(179.304428559142,97.3758967155407,-8.55943067563273));
#11334=CARTESIAN_POINT('Ctrl Pts',(178.914360998444,97.2241183933594,-8.53297027966926));
#11335=CARTESIAN_POINT('Ctrl Pts',(178.524293437747,97.072340071178,-8.5065098837058));
#11336=CARTESIAN_POINT('Ctrl Pts',(178.216899864675,96.708091086369,-8.48004948774235));
#11337=CARTESIAN_POINT('Ctrl Pts',(178.132850891185,96.2980604398946,-8.45358909177889));
#11338=CARTESIAN_POINT('Ctrl Pts',(178.048801917696,95.8880297934202,-8.42712869581542));
#11339=CARTESIAN_POINT('Ctrl Pts',(178.188097543789,95.4322174852805,-8.40066829985195));
#11340=CARTESIAN_POINT('Ctrl Pts',(178.486992777109,95.1392140714931,-8.37420790388849));
#11341=CARTESIAN_POINT('Ctrl Pts',(178.78588801043,94.8462106577057,-8.34774750792503));
#11342=CARTESIAN_POINT('Ctrl Pts',(179.244382850978,94.7160161382706,-8.32128711196158));
#11343=CARTESIAN_POINT('Ctrl Pts',(179.652659152089,94.8082106226198,-8.29482671599812));
#11344=CARTESIAN_POINT('Ctrl Pts',(180.060935453199,94.9004051069689,-8.26836632003466));
#11345=CARTESIAN_POINT('Ctrl Pts',(180.418993214872,95.2149885951025,-8.24190592407119));
#11346=CARTESIAN_POINT('Ctrl Pts',(180.562976687141,95.6080001988828,-8.21544552810772));
#11347=CARTESIAN_POINT('Ctrl Pts',(180.706960159411,96.0010118026633,-8.18898513214426));
#11348=CARTESIAN_POINT('Ctrl Pts',(180.636869342277,96.4724515220906,-8.1625247361808));
#11349=CARTESIAN_POINT('Ctrl Pts',(180.384779461126,96.8065773259646,-8.13606434021734));
#11350=CARTESIAN_POINT('Ctrl Pts',(180.132689579976,97.1407031298387,-8.10960394425388));
#11351=CARTESIAN_POINT('Ctrl Pts',(179.69860063481,97.3375150181595,-8.08314354829042));
#11352=CARTESIAN_POINT('Ctrl Pts',(179.281162053947,97.3069471886602,-8.05668315232696));
#11353=CARTESIAN_POINT('Ctrl Pts',(178.863723473085,97.2763793591608,-8.03022275636349));
#11354=CARTESIAN_POINT('Ctrl Pts',(178.462935256526,97.0184318118412,-8.00376236040003));
#11355=CARTESIAN_POINT('Ctrl Pts',(178.262207626954,96.6511474809487,-7.97730196443657));
#11356=CARTESIAN_POINT('Ctrl Pts',(178.061479997382,96.2838631500561,-7.95084156847311));
#11357=CARTESIAN_POINT('Ctrl Pts',(178.060812954797,95.8072420355906,-7.92438117250965));
#11358=CARTESIAN_POINT('Ctrl Pts',(178.260511753754,95.4393972983875,-7.89792077654619));
#11359=CARTESIAN_POINT('Ctrl Pts',(178.46021055271,95.0715525611844,-7.87146038058273));
#11360=CARTESIAN_POINT('Ctrl Pts',(178.86027519321,94.8124842012438,-7.84499998461926));
#11361=CARTESIAN_POINT('Ctrl Pts',(179.277626578188,94.7807480633326,-7.8185395886558));
#11362=CARTESIAN_POINT('Ctrl Pts',(179.694977963166,94.7490119254213,-7.79207919269234));
#11363=CARTESIAN_POINT('Ctrl Pts',(180.129616092623,94.9446080095393,-7.76561879672888));
#11364=CARTESIAN_POINT('Ctrl Pts',(180.382640218442,95.2780268943469,-7.73915840076542));
#11365=CARTESIAN_POINT('Ctrl Pts',(180.635664344261,95.6114457791546,-7.71269800480196));
#11366=CARTESIAN_POINT('Ctrl Pts',(180.707074466442,96.0826874646519,-7.68623760883849));
#11367=CARTESIAN_POINT('Ctrl Pts',(180.564191614222,96.4761005446763,-7.65977721287503));
#11368=CARTESIAN_POINT('Ctrl Pts',(180.421308762002,96.8695136247007,-7.63331681691157));
#11369=CARTESIAN_POINT('Ctrl Pts',(180.064132935381,97.1850980992521,-7.60685642094811));
#11370=CARTESIAN_POINT('Ctrl Pts',(179.656116289864,97.2784350049949,-7.58039602498464));
#11371=CARTESIAN_POINT('Ctrl Pts',(179.248099644346,97.3717719107376,-7.55393562902118));
#11372=CARTESIAN_POINT('Ctrl Pts',(178.789242179933,97.2428612476716,-7.52747523305772));
#11373=CARTESIAN_POINT('Ctrl Pts',(178.489527988596,96.9506956020114,-7.50101483709426));
#11374=CARTESIAN_POINT('Ctrl Pts',(178.189813797259,96.6585299563511,-7.4745544411308));
#11375=CARTESIAN_POINT('Ctrl Pts',(178.049242878999,96.2031093280967,-7.44809404516734));
#11376=CARTESIAN_POINT('Ctrl Pts',(178.132143830205,95.7928450312319,-7.42163364920388));
#11377=CARTESIAN_POINT('Ctrl Pts',(178.215044781411,95.3825807343672,-7.39517325324041));
#11378=CARTESIAN_POINT('Ctrl Pts',(178.521417602084,95.0174727688922,-7.36871285727695));
#11379=CARTESIAN_POINT('Ctrl Pts',(178.911058800848,94.8646032257573,-7.34225246131348));
#11380=CARTESIAN_POINT('Ctrl Pts',(179.300699999613,94.7117336826225,-7.31579206535002));
#11381=CARTESIAN_POINT('Ctrl Pts',(179.773609576469,94.7711025618278,-7.28933166938656));
#11382=CARTESIAN_POINT('Ctrl Pts',(180.113372858489,95.0155412518583,-7.2628712734231));
#11383=CARTESIAN_POINT('Ctrl Pts',(180.453136140509,95.2599799418887,-7.23641087745964));
#11384=CARTESIAN_POINT('Ctrl Pts',(180.659753127693,95.6894884427443,-7.20995048149618));
#11385=CARTESIAN_POINT('Ctrl Pts',(180.63867097127,96.1075134463905,-7.18349008553272));
#11386=CARTESIAN_POINT('Ctrl Pts',(180.617588814847,96.5255384500367,-7.15702968956925));
#11387=CARTESIAN_POINT('Ctrl Pts',(180.368807514818,96.9320799564734,-7.1305692936058));
#11388=CARTESIAN_POINT('Ctrl Pts',(180.006175312603,97.1410949006988,-7.10410889764233));
#11389=CARTESIAN_POINT('Ctrl Pts',(179.643543110388,97.3501098449242,-7.07764850167887));
#11390=CARTESIAN_POINT('Ctrl Pts',(179.167060005987,97.3615982269384,-7.05118810571541));
#11391=CARTESIAN_POINT('Ctrl Pts',(178.794776003548,97.1703026898219,-7.02472770975194));
#11392=CARTESIAN_POINT('Ctrl Pts',(178.422492001109,96.9790071527055,-6.99826731378848));
#11393=CARTESIAN_POINT('Ctrl Pts',(178.154407100631,96.5849276964586,-6.97180691782502));
#11394=CARTESIAN_POINT('Ctrl Pts',(178.113203330335,96.1684044554429,-6.94534652186156));
#11395=CARTESIAN_POINT('Ctrl Pts',(178.071999560039,95.7518812144272,-6.9188861258981));
#11396=CARTESIAN_POINT('Ctrl Pts',(178.257676919925,95.3129141886428,-6.89242572993464));
#11397=CARTESIAN_POINT('Ctrl Pts',(178.585265032829,95.0523851321508,-6.86596533397118));
#11398=CARTESIAN_POINT('Ctrl Pts',(178.912853145733,94.7918560756588,-6.83950493800772));
#11399=CARTESIAN_POINT('Ctrl Pts',(179.382352011656,94.7097649884592,-6.81304454204425));
#11400=CARTESIAN_POINT('Ctrl Pts',(179.778907780133,94.8436787050084,-6.78658414608079));
#11401=CARTESIAN_POINT('Ctrl Pts',(180.175463548611,94.9775924215575,-6.76012375011733));
#11402=CARTESIAN_POINT('Ctrl Pts',(180.499076219643,95.3275109418554,-6.73366335415387));
#11403=CARTESIAN_POINT('Ctrl Pts',(180.601652936194,95.7333032264229,-6.7072029581904));
#11404=CARTESIAN_POINT('Ctrl Pts',(180.704229652744,96.1390955109905,-6.68074256222694));
#11405=CARTESIAN_POINT('Ctrl Pts',(180.585770414813,96.6007615598277,-6.65428216626348));
#11406=CARTESIAN_POINT('Ctrl Pts',(180.300484987832,96.9070320059127,-6.62782177030002));
#11407=CARTESIAN_POINT('Ctrl Pts',(180.015199560851,97.2133024519977,-6.60136137433656));
#11408=CARTESIAN_POINT('Ctrl Pts',(179.56308794482,97.3641772953306,-6.57490097837309));
#11409=CARTESIAN_POINT('Ctrl Pts',(179.151047171009,97.2906126182771,-6.54844058240963));
#11410=CARTESIAN_POINT('Ctrl Pts',(178.739006397198,97.2170479412237,-6.52198018644617));
#11411=CARTESIAN_POINT('Ctrl Pts',(178.367036465606,96.9190437437838,-6.49551979048271));
#11412=CARTESIAN_POINT('Ctrl Pts',(178.205359666126,96.5329738362508,-6.46905939451925));
#11413=CARTESIAN_POINT('Ctrl Pts',(178.043682866646,96.1469039287177,-6.44259899855579));
#11414=CARTESIAN_POINT('Ctrl Pts',(178.092299199276,95.6727683110915,-6.41613860259232));
#11415=CARTESIAN_POINT('Ctrl Pts',(178.32896067362,95.3275427217239,-6.38967820662886));
#11416=CARTESIAN_POINT('Ctrl Pts',(178.565622147964,94.9823171323562,-6.3632178106654));
#11417=CARTESIAN_POINT('Ctrl Pts',(178.990328764021,94.7660015712471,-6.33675741470194));
#11418=CARTESIAN_POINT('Ctrl Pts',(179.408724670477,94.7775871853253,-6.31029701873848));
#11419=CARTESIAN_POINT('Ctrl Pts',(179.827120576933,94.7891727994035,-6.28383662277502));
#11420=CARTESIAN_POINT('Ctrl Pts',(180.239205773788,95.028659588669,-6.25737622681156));
#11421=CARTESIAN_POINT('Ctrl Pts',(180.456400271421,95.3864527009433,-6.23091583084809));
#11422=CARTESIAN_POINT('Ctrl Pts',(180.673594769054,95.7442458132175,-6.20445543488463));
#11423=CARTESIAN_POINT('Ctrl Pts',(180.695898567464,96.2203452485005,-6.17799503892117));
#11424=CARTESIAN_POINT('Ctrl Pts',(180.513104917889,96.5968765787613,-6.15153464295771));
#11425=CARTESIAN_POINT('Ctrl Pts',(180.330311268314,96.9734079090221,-6.12507424699425));
#11426=CARTESIAN_POINT('Ctrl Pts',(179.942420170755,97.2503711342609,-6.09861385103079));
#11427=CARTESIAN_POINT('Ctrl Pts',(179.526939819416,97.30102129363,-6.07215345506732));
#11428=CARTESIAN_POINT('Ctrl Pts',(179.111459468078,97.3516714529992,-6.04569305910386));
#11429=CARTESIAN_POINT('Ctrl Pts',(178.668389862959,97.1760085464987,-6.0192326631404));
#11430=CARTESIAN_POINT('Ctrl Pts',(178.400490196026,96.8544200991784,-5.99277226717694));
#11431=CARTESIAN_POINT('Ctrl Pts',(178.132590529092,96.5328316518581,-5.96631187121348));
#11432=CARTESIAN_POINT('Ctrl Pts',(178.039860800344,96.0653176637182,-5.93985147525002));
#11433=CARTESIAN_POINT('Ctrl Pts',(178.164736339705,95.6658236579281,-5.91339107928655));
#11434=CARTESIAN_POINT('Ctrl Pts',(178.289611879066,95.266329652138,-5.88693068332309));
#11435=CARTESIAN_POINT('Ctrl Pts',(178.632092686535,94.9348556286978,-5.86047028735963));
#11436=CARTESIAN_POINT('Ctrl Pts',(179.035451396967,94.8230919865284,-5.83400989139617));
#11437=CARTESIAN_POINT('Ctrl Pts',(179.4388101074,94.7113283443591,-5.80754949543271));
#11438=CARTESIAN_POINT('Ctrl Pts',(179.903046720796,94.8192750834607,-5.78108909946924));
#11439=CARTESIAN_POINT('Ctrl Pts',(180.215715518638,95.0975332079583,-5.75462870350578));
#11440=CARTESIAN_POINT('Ctrl Pts',(180.52838431648,95.3757913324558,-5.72816830754232));
#11441=CARTESIAN_POINT('Ctrl Pts',(180.689485298768,95.8243608423495,-5.70170791157886));
#11442=CARTESIAN_POINT('Ctrl Pts',(180.6252948234,96.2379656584058,-5.6752475156154));
#11443=CARTESIAN_POINT('Ctrl Pts',(180.561104348033,96.651570474462,-5.64878711965194));
#11444=CARTESIAN_POINT('Ctrl Pts',(180.27162241501,97.0302105966809,-5.62232672368847));
#11445=CARTESIAN_POINT('Ctrl Pts',(179.889322843684,97.2006112972549,-5.59586632772501));
#11446=CARTESIAN_POINT('Ctrl Pts',(179.507023272357,97.3710119978289,-5.56940593176155));
#11447=CARTESIAN_POINT('Ctrl Pts',(179.031906062725,97.333173276758,-5.54294553579809));
#11448=CARTESIAN_POINT('Ctrl Pts',(178.681396152995,97.1044110329906,-5.51648513983463));
#11449=CARTESIAN_POINT('Ctrl Pts',(178.330886243264,96.8756487892233,-5.49002474387116));
#11450=CARTESIAN_POINT('Ctrl Pts',(178.104983633434,96.4559630227594,-5.46356434790771));
#11451=CARTESIAN_POINT('Ctrl Pts',(178.107066732006,96.0374119246923,-5.43710395194424));
#11452=CARTESIAN_POINT('Ctrl Pts',(178.109149830577,95.6188608266252,-5.41064355598078));
#11453=CARTESIAN_POINT('Ctrl Pts',(178.339218637549,95.2014443969549,-5.38418316001732));
#11454=CARTESIAN_POINT('Ctrl Pts',(178.691988193495,94.9761823242703,-5.35772276405385));
#11455=CARTESIAN_POINT('Ctrl Pts',(179.044757749442,94.7509202515857,-5.33126236809039));
#11456=CARTESIAN_POINT('Ctrl Pts',(179.520228054363,94.7178125358867,-5.30480197212693));
#11457=CARTESIAN_POINT('Ctrl Pts',(179.900812585248,94.8920100555125,-5.27834157616347));
#11458=CARTESIAN_POINT('Ctrl Pts',(180.281397116133,95.0662075751383,-5.25188118020001));
#11459=CARTESIAN_POINT('Ctrl Pts',(180.567095872982,95.447710330089,-5.22542078423655));
#11460=CARTESIAN_POINT('Ctrl Pts',(180.627166307864,95.8619335837167,-5.19896038827308));
#11461=CARTESIAN_POINT('Ctrl Pts',(180.687236742747,96.2761568373443,-5.17249999230962));
#11462=CARTESIAN_POINT('Ctrl Pts',(180.521678855661,96.723100589649,-5.14603959634616));
#11463=CARTESIAN_POINT('Ctrl Pts',(180.206255874375,96.9982327467468,-5.1195792003827));
#11464=CARTESIAN_POINT('Ctrl Pts',(179.890832893089,97.2733649038447,-5.09311880441924));
#11465=CARTESIAN_POINT('Ctrl Pts',(179.425544817602,97.3766854657358,-5.06665840845578));
#11466=CARTESIAN_POINT('Ctrl Pts',(179.023318540498,97.2609124852939,-5.04019801249231));
#11467=CARTESIAN_POINT('Ctrl Pts',(178.621092263395,97.1451395048519,-5.01373761652885));
#11468=CARTESIAN_POINT('Ctrl Pts',(178.281927784675,96.8102729820769,-4.98727722056539));
#11469=CARTESIAN_POINT('Ctrl Pts',(178.161034838553,96.4095558042935,-4.96081682460193));
#11470=CARTESIAN_POINT('Ctrl Pts',(178.040141892431,96.00883862651,-4.93435642863847));
#11471=CARTESIAN_POINT('Ctrl Pts',(178.137520478908,95.5422707937182,-4.907896032675));
#11472=CARTESIAN_POINT('Ctrl Pts',(178.408607840164,95.2233648458907,-4.88143563671154));
#11473=CARTESIAN_POINT('Ctrl Pts',(178.67969520142,94.9044588980633,-4.85497524074808));
#11474=CARTESIAN_POINT('Ctrl Pts',(179.124491337457,94.7332148352003,-4.82851484478462));
#11475=CARTESIAN_POINT('Ctrl Pts',(179.539446954689,94.7879980143791,-4.80205444882116));
#11476=CARTESIAN_POINT('Ctrl Pts',(179.954402571921,94.8427811935579,-4.7755940528577));
#11477=CARTESIAN_POINT('Ctrl Pts',(180.339517670349,95.1235916147787,-4.74913365689423));
#11478=CARTESIAN_POINT('Ctrl Pts',(180.518554419006,95.5019237487857,-4.72267326093077));
#11479=CARTESIAN_POINT('Ctrl Pts',(180.697591167662,95.8802558827928,-4.69621286496731));
#11480=CARTESIAN_POINT('Ctrl Pts',(180.670549566547,96.3561097295863,-4.66975246900385));
#11481=CARTESIAN_POINT('Ctrl Pts',(180.449804495666,96.7117232482738,-4.64329207304039));
#11482=CARTESIAN_POINT('Ctrl Pts',(180.229059424784,97.0673367669612,-4.61683167707693));
#11483=CARTESIAN_POINT('Ctrl Pts',(179.814610884136,97.3027099575427,-4.59037128111346));
#11484=CARTESIAN_POINT('Ctrl Pts',(179.396120385661,97.310130448454,-4.56391088515));
#11485=CARTESIAN_POINT('Ctrl Pts',(178.977629887186,97.3175509393653,-4.53745048918654));
#11486=CARTESIAN_POINT('Ctrl Pts',(178.555097430885,97.0970187306063,-4.51099009322308));
#11487=CARTESIAN_POINT('Ctrl Pts',(178.321883920896,96.7494546073977,-4.48452969725962));
#11488=CARTESIAN_POINT('Ctrl Pts',(178.088670410907,96.4018904841891,-4.45806930129615));
#11489=CARTESIAN_POINT('Ctrl Pts',(178.04477584723,95.9272944465309,-4.43160890533269));
#11490=CARTESIAN_POINT('Ctrl Pts',(178.210287426352,95.5428529319086,-4.40514850936923));
#11491=CARTESIAN_POINT('Ctrl Pts',(178.375799005473,95.1584114172863,-4.37868811340577));
#11492=CARTESIAN_POINT('Ctrl Pts',(178.750716727392,94.8641244256999,-4.35222771744231));
#11493=CARTESIAN_POINT('Ctrl Pts',(179.163469323456,94.7946646856652,-4.32576732147885));
#11494=CARTESIAN_POINT('Ctrl Pts',(179.57622191952,94.7252049456304,-4.29930692551538));
#11495=CARTESIAN_POINT('Ctrl Pts',(180.026809389729,94.8805724571472,-4.27284652955192));
#11496=CARTESIAN_POINT('Ctrl Pts',(180.30903218775,95.1896673506297,-4.24638613358846));
#11497=CARTESIAN_POINT('Ctrl Pts',(180.591254985771,95.4987622441122,-4.219925737625));
#11498=CARTESIAN_POINT('Ctrl Pts',(180.705113111604,95.9615845195604,-4.19346534166154));
#11499=CARTESIAN_POINT('Ctrl Pts',(180.598502379096,96.3663356933731,-4.16700494569808));
#11500=CARTESIAN_POINT('Ctrl Pts',(180.491891646589,96.7710868671857,-4.14054454973462));
#11501=CARTESIAN_POINT('Ctrl Pts',(180.164812055741,97.1177669393627,-4.11408415377115));
#11502=CARTESIAN_POINT('Ctrl Pts',(179.766943006689,97.2477268608692,-4.08762375780769));
#11503=CARTESIAN_POINT('Ctrl Pts',(179.369073957636,97.3776867823758,-4.06116336184423));
#11504=CARTESIAN_POINT('Ctrl Pts',(178.90041545038,97.290926553212,-4.03470296588077));
#11505=CARTESIAN_POINT('Ctrl Pts',(178.575436771122,97.027149719214,-4.00824256991731));
#11506=CARTESIAN_POINT('Ctrl Pts',(178.250458091863,96.763372885216,-3.98178217395385));
#11507=CARTESIAN_POINT('Ctrl Pts',(178.069159240603,96.3225794463838,-3.95532177799038));
#11508=CARTESIAN_POINT('Ctrl Pts',(178.114506876908,95.9064869649227,-3.92886138202692));
#11509=CARTESIAN_POINT('Ctrl Pts',(178.159854513213,95.4903944834617,-3.90240098606346));
#11510=CARTESIAN_POINT('Ctrl Pts',(178.431848637083,95.0990029593719,-3.8759405901));
#11511=CARTESIAN_POINT('Ctrl Pts',(178.80601828279,94.9114224692325,-3.84948019413653));
#11512=CARTESIAN_POINT('Ctrl Pts',(179.180187928497,94.7238419790931,-3.82301979817307));
#11513=CARTESIAN_POINT('Ctrl Pts',(179.656533096042,94.7400725229041,-3.79655940220961));
#11514=CARTESIAN_POINT('Ctrl Pts',(180.017066871515,94.952686609681,-3.77009900624615));
#11515=CARTESIAN_POINT('Ctrl Pts',(180.377600646989,95.1653006964579,-3.74363861028269));
#11516=CARTESIAN_POINT('Ctrl Pts',(180.62232303039,95.5742983262007,-3.71717821431922));
#11517=CARTESIAN_POINT('Ctrl Pts',(180.639243304465,95.9925124698267,-3.69071781835576));
#11518=CARTESIAN_POINT('Ctrl Pts',(180.65616357854,96.4107266134527,-3.6642574223923));
#11519=CARTESIAN_POINT('Ctrl Pts',(180.445281743288,96.838157270962,-3.63779702642884));
#11520=CARTESIAN_POINT('Ctrl Pts',(180.103102205728,97.0792019713924,-3.61133663046538));
#11521=CARTESIAN_POINT('Ctrl Pts',(179.760922668168,97.3202466718228,-3.58487623450192));
#11522=CARTESIAN_POINT('Ctrl Pts',(179.2874454283,97.3749054151744,-3.55841583853845));
#11523=CARTESIAN_POINT('Ctrl Pts',(178.899345216617,97.2181651285829,-3.53195544257499));
#11524=CARTESIAN_POINT('Ctrl Pts',(178.511245004934,97.0614248419914,-3.50549504661153));
#11525=CARTESIAN_POINT('Ctrl Pts',(178.208521821436,96.6932855254568,-3.47903465064807));
#11526=CARTESIAN_POINT('Ctrl Pts',(178.129708421323,96.2822163484061,-3.45257425468461));
#11527=CARTESIAN_POINT('Ctrl Pts',(178.050895021211,95.8711471713554,-3.42611385872115));
#11528=CARTESIAN_POINT('Ctrl Pts',(178.195991404486,95.4171481337885,-3.39965346275768));
#11529=CARTESIAN_POINT('Ctrl Pts',(178.498599190498,95.1279802819245,-3.37319306679422));
#11530=CARTESIAN_POINT('Ctrl Pts',(178.801206976511,94.8388124300604,-3.34673267083076));
#11531=CARTESIAN_POINT('Ctrl Pts',(179.261326165262,94.7144757638992,-3.3202722748673));
#11532=CARTESIAN_POINT('Ctrl Pts',(179.668392865315,94.8118691153064,-3.29381187890384));
#11533=CARTESIAN_POINT('Ctrl Pts',(180.075459565369,94.9092624667137,-3.26735148294038));
#11534=CARTESIAN_POINT('Ctrl Pts',(180.429473776725,95.2283858356894,-3.24089108697691));
#11535=CARTESIAN_POINT('Ctrl Pts',(180.568435089323,95.6232019715619,-3.21443069101345));
#11536=CARTESIAN_POINT('Ctrl Pts',(180.70739640192,96.0180181074344,-3.18797029504999));
#11537=CARTESIAN_POINT('Ctrl Pts',(180.631304815759,96.4885270102037,-3.16150989908653));
#11538=CARTESIAN_POINT('Ctrl Pts',(180.374971603417,96.8194101697986,-3.13504950312307));
#11539=CARTESIAN_POINT('Ctrl Pts',(180.118638391075,97.1502933293935,-3.10858910715961));
#11540=CARTESIAN_POINT('Ctrl Pts',(179.682063552552,97.3415507458142,-3.08212871119614));
#11541=CARTESIAN_POINT('Ctrl Pts',(179.265054659293,97.3056634687069,-3.05566831523268));
#11542=CARTESIAN_POINT('Ctrl Pts',(178.848045766035,97.2697761915995,-3.02920791926922));
#11543=CARTESIAN_POINT('Ctrl Pts',(178.45060281804,97.0067442209643,-3.00274752330576));
#11544=CARTESIAN_POINT('Ctrl Pts',(178.254563176937,96.6369270364951,-2.9762871273423));
#11545=CARTESIAN_POINT('Ctrl Pts',(178.058523535835,96.267109852026,-2.94982673137884));
#11546=CARTESIAN_POINT('Ctrl Pts',(178.063887201625,95.790507453723,-2.92336633541537));
#11547=CARTESIAN_POINT('Ctrl Pts',(178.268285465869,95.4252453027553,-2.89690593945191));
#11548=CARTESIAN_POINT('Ctrl Pts',(178.472683730113,95.0599831517877,-2.87044554348845));
#11549=CARTESIAN_POINT('Ctrl Pts',(178.87611659281,94.8060612481552,-2.84398514752499));
#11550=CARTESIAN_POINT('Ctrl Pts',(179.293788092784,94.7796376417993,-2.81752475156153));
#11551=CARTESIAN_POINT('Ctrl Pts',(179.711459592759,94.7532140354434,-2.79106435559806));
#11552=CARTESIAN_POINT('Ctrl Pts',(180.143369730011,94.9542887263641,-2.7646039596346));
#11553=CARTESIAN_POINT('Ctrl Pts',(180.39222580309,95.2909319369122,-2.73814356367114));
#11554=CARTESIAN_POINT('Ctrl Pts',(180.641081876168,95.6275751474603,-2.71168316770768));
#11555=CARTESIAN_POINT('Ctrl Pts',(180.706883885074,96.0997868776358,-2.68522277174422));
#11556=CARTESIAN_POINT('Ctrl Pts',(180.558779336113,96.4912925614405,-2.65876237578075));
#11557=CARTESIAN_POINT('Ctrl Pts',(180.410674787152,96.8827982452453,-2.63230197981729));
#11558=CARTESIAN_POINT('Ctrl Pts',(180.048663680324,97.1935978826792,-2.60584158385383));
#11559=CARTESIAN_POINT('Ctrl Pts',(179.640204659584,97.281688964903,-2.57938118789037));
#11560=CARTESIAN_POINT('Ctrl Pts',(179.231745638845,97.3697800471268,-2.55292079192691));
#11561=CARTESIAN_POINT('Ctrl Pts',(178.776838704195,97.2351625741404,-2.52646039596345));
#11562=CARTESIAN_POINT('Ctrl Pts',(178.479528346976,96.9378522169219,-2.49999999999998));
#11563=CARTESIAN_POINT('Ctrl Pts',(180.044505679974,94.6541756206953,-2.5));
#11564=CARTESIAN_POINT('Ctrl Pts',(179.582468123584,94.4311135772774,-2.52646039596346));
#11565=CARTESIAN_POINT('Ctrl Pts',(178.426010593096,94.4865613016401,-2.57938118789038));
#11566=CARTESIAN_POINT('Ctrl Pts',(177.549450864553,95.9973086209747,-2.65876237578077));
#11567=CARTESIAN_POINT('Ctrl Pts',(178.346234325267,97.5501655905092,-2.73814356367115));
#11568=CARTESIAN_POINT('Ctrl Pts',(180.081559214683,97.7244292171886,-2.81752475156154));
#11569=CARTESIAN_POINT('Ctrl Pts',(181.169869328069,96.3603376276883,-2.89690593945192));
#11570=CARTESIAN_POINT('Ctrl Pts',(180.613775383276,94.70650074145,-2.97628712734231));
#11571=CARTESIAN_POINT('Ctrl Pts',(178.922884752016,94.2765259845403,-3.0556683152327));
#11572=CARTESIAN_POINT('Ctrl Pts',(177.644466090642,95.4639774174535,-3.13504950312308));
#11573=CARTESIAN_POINT('Ctrl Pts',(177.948743033516,97.1820279692535,-3.21443069101347));
#11574=CARTESIAN_POINT('Ctrl Pts',(179.557151485505,97.8582433776711,-3.29381187890385));
#11575=CARTESIAN_POINT('Ctrl Pts',(180.99763636845,96.8737155319425,-3.37319306679424));
#11576=CARTESIAN_POINT('Ctrl Pts',(180.951779344591,95.1295329189066,-3.45257425468462));
#11577=CARTESIAN_POINT('Ctrl Pts',(179.461559766369,94.2220535942998,-3.531955442575));
#11578=CARTESIAN_POINT('Ctrl Pts',(177.890893180839,94.9818462348326,-3.6113366304654));
#11579=CARTESIAN_POINT('Ctrl Pts',(177.677330490936,96.7135122589689,-3.69071781835577));
#11580=CARTESIAN_POINT('Ctrl Pts',(179.016333398982,97.8321486291664,-3.77009900624617));
#11581=CARTESIAN_POINT('Ctrl Pts',(180.682383238804,97.3139260652498,-3.84948019413655));
#11582=CARTESIAN_POINT('Ctrl Pts',(181.1506316789,95.6331465389323,-3.92886138202693));
#11583=CARTESIAN_POINT('Ctrl Pts',(179.992515588468,94.3281394326802,-4.00824256991732));
#11584=CARTESIAN_POINT('Ctrl Pts',(178.267997857679,94.5933093483593,-4.0876237578077));
#11585=CARTESIAN_POINT('Ctrl Pts',(177.555439195527,96.1859601594896,-4.16700494569809));
#11586=CARTESIAN_POINT('Ctrl Pts',(178.507007179121,97.6484220665134,-4.24638613358848));
#11587=CARTESIAN_POINT('Ctrl Pts',(180.251781521034,97.6421803472653,-4.32576732147886));
#11588=CARTESIAN_POINT('Ctrl Pts',(181.192861723507,96.1729477205137,-4.40514850936925));
#11589=CARTESIAN_POINT('Ctrl Pts',(180.46892641014,94.5854357924338,-4.48452969725963));
#11590=CARTESIAN_POINT('Ctrl Pts',(178.742555623878,94.332611013766,-4.56391088515002));
#11591=CARTESIAN_POINT('Ctrl Pts',(177.593806049717,95.6458706513538,-4.6432920730404));
#11592=CARTESIAN_POINT('Ctrl Pts',(178.07406795543,97.3232569997826,-4.72267326093078));
#11593=CARTESIAN_POINT('Ctrl Pts',(179.743782794062,97.8295462626386,-4.80205444882117));
#11594=CARTESIAN_POINT('Ctrl Pts',(181.07474809994,96.7013584172329,-4.88143563671156));
#11595=CARTESIAN_POINT('Ctrl Pts',(180.848801097596,94.9712646590445,-4.96081682460194));
#11596=CARTESIAN_POINT('Ctrl Pts',(179.272739234159,94.2227291137187,-5.04019801249233));
#11597=CARTESIAN_POINT('Ctrl Pts',(177.78904931634,95.1408471277834,-5.11957920038271));
#11598=CARTESIAN_POINT('Ctrl Pts',(177.755674951138,96.8853134105584,-5.1989603882731));
#11599=CARTESIAN_POINT('Ctrl Pts',(179.203161945545,97.8595094180507,-5.27834157616348));
#11600=CARTESIAN_POINT('Ctrl Pts',(180.806701330606,97.1718046117946,-5.35772276405387));
#11601=CARTESIAN_POINT('Ctrl Pts',(181.098657564442,95.4516191515854,-5.43710395194426));
#11602=CARTESIAN_POINT('Ctrl Pts',(179.81181841052,94.2733486173179,-5.51648513983464));
#11603=CARTESIAN_POINT('Ctrl Pts',(178.12396029053,94.7154022642626,-5.59586632772502));
#11604=CARTESIAN_POINT('Ctrl Pts',(177.57989126446,96.3731915617495,-5.67524751561541));
#11605=CARTESIAN_POINT('Ctrl Pts',(178.677569191863,97.7294288668266,-5.75462870350579));
#11606=CARTESIAN_POINT('Ctrl Pts',(180.412347005881,97.5428212678901,-5.83400989139618));
#11607=CARTESIAN_POINT('Ctrl Pts',(181.196473510107,95.9841609183072,-5.91339107928657));
#11608=CARTESIAN_POINT('Ctrl Pts',(180.312278819003,94.4800079313362,-5.99277226717695));
#11609=CARTESIAN_POINT('Ctrl Pts',(178.569019983998,94.407034688503,-6.07215345506734));
#11610=CARTESIAN_POINT('Ctrl Pts',(177.562210435436,95.8320297737279,-6.15153464295772));
#11611=CARTESIAN_POINT('Ctrl Pts',(178.213330176327,97.4507698835089,-6.23091583084811));
#11612=CARTESIAN_POINT('Ctrl Pts',(179.926443439421,97.7817070494493,-6.31029701873849));
#11613=CARTESIAN_POINT('Ctrl Pts',(181.13362745612,96.5219518312352,-6.38967820662887));
#11614=CARTESIAN_POINT('Ctrl Pts',(180.730009976323,94.8244921439395,-6.46905939451927));
#11615=CARTESIAN_POINT('Ctrl Pts',(179.085000921728,94.2429238587911,-6.54844058240964));
#11616=CARTESIAN_POINT('Ctrl Pts',(177.704190848905,95.3095259414735,-6.62782177030003));
#11617=CARTESIAN_POINT('Ctrl Pts',(177.851362835677,97.0480934168109,-6.70720295819042));
#11618=CARTESIAN_POINT('Ctrl Pts',(179.391818077281,97.8674066100434,-6.7865841460808));
#11619=CARTESIAN_POINT('Ctrl Pts',(180.915658641485,97.0175911036661,-6.86596533397119));
#11620=CARTESIAN_POINT('Ctrl Pts',(181.028193139339,95.2764384834792,-6.94534652186157));
#11621=CARTESIAN_POINT('Ctrl Pts',(179.626424643999,94.2375344718104,-7.02472770975196));
#11622=CARTESIAN_POINT('Ctrl Pts',(177.993318378778,94.8517334513652,-7.10410889764234));
#11623=CARTESIAN_POINT('Ctrl Pts',(177.623570901075,96.5568912923651,-7.18349008553273));
#11624=CARTESIAN_POINT('Ctrl Pts',(178.855592695131,97.7923664070322,-7.26287127342311));
#11625=CARTESIAN_POINT('Ctrl Pts',(180.561778795224,97.4273931863106,-7.3422524613135));
#11626=CARTESIAN_POINT('Ctrl Pts',(181.180546501927,95.7960124872917,-7.42163364920388));
#11627=CARTESIAN_POINT('Ctrl Pts',(180.145570168997,94.3913415470837,-7.50101483709427));
#11628=CARTESIAN_POINT('Ctrl Pts',(178.404109380677,94.4990020446429,-7.58039602498465));
#11629=CARTESIAN_POINT('Ctrl Pts',(177.550031909433,96.0204579700988,-7.65977721287504));
#11630=CARTESIAN_POINT('Ctrl Pts',(178.365030094096,97.5632004693469,-7.73915840076543));
#11631=CARTESIAN_POINT('Ctrl Pts',(180.103178818313,97.7152382031297,-7.81853958865581));
#11632=CARTESIAN_POINT('Ctrl Pts',(181.173641668274,96.3374190035083,-7.89792077654619));
#11633=CARTESIAN_POINT('Ctrl Pts',(180.596680110893,94.6907885588439,-7.97730196443658));
#11634=CARTESIAN_POINT('Ctrl Pts',(178.900356815413,94.282421399045,-8.05668315232697));
#11635=CARTESIAN_POINT('Ctrl Pts',(177.637227573202,95.4860745789372,-8.13606434021735));
#11636=CARTESIAN_POINT('Ctrl Pts',(177.963368366634,97.2001074382639,-8.21544552810774));
#11637=CARTESIAN_POINT('Ctrl Pts',(179.580279623724,97.8557555501993,-8.29482671599812));
#11638=CARTESIAN_POINT('Ctrl Pts',(181.008087229077,96.8529385668537,-8.37420790388851));
#11639=CARTESIAN_POINT('Ctrl Pts',(180.93999372695,95.1094823055845,-8.45358909177889));
#11640=CARTESIAN_POINT('Ctrl Pts',(179.438321530388,94.2210808906453,-8.53297027966928));
#11641=CARTESIAN_POINT('Ctrl Pts',(177.8774724835,95.0008415672762,-8.61235146755966));
#11642=CARTESIAN_POINT('Ctrl Pts',(177.686009899456,96.7350902630816,-8.69173265545005));
#11643=CARTESIAN_POINT('Ctrl Pts',(179.039169444994,97.8365600558173,-8.77111384334044));
#11644=CARTESIAN_POINT('Ctrl Pts',(180.698475120481,97.2971333830553,-8.85049503123081));
#11645=CARTESIAN_POINT('Ctrl Pts',(181.14525142167,95.6105192017183,-8.92987621912121));
#11646=CARTESIAN_POINT('Ctrl Pts',(179.970587420022,94.3203870599505,-9.00925740701158));
#11647=CARTESIAN_POINT('Ctrl Pts',(178.249591500554,94.6075272786007,-9.08863859490198));
#11648=CARTESIAN_POINT('Ctrl Pts',(177.557401014037,96.2091354673804,-9.16801978279236));
#11649=CARTESIAN_POINT('Ctrl Pts',(178.527541628271,97.6593436071337,-9.24740097068274));
#11650=CARTESIAN_POINT('Ctrl Pts',(180.272094493655,97.6308522072123,-9.32678215857314));
#11651=CARTESIAN_POINT('Ctrl Pts',(181.194361821675,96.1497379524504,-9.40616334646352));
#11652=CARTESIAN_POINT('Ctrl Pts',(180.450240672091,94.5715870804692,-9.4855445343539));
#11653=CARTESIAN_POINT('Ctrl Pts',(178.720786126414,94.3407983579884,-9.56492572224429));
#11654=CARTESIAN_POINT('Ctrl Pts',(177.588877272581,95.6686006047882,-9.64430691013467));
#11655=CARTESIAN_POINT('Ctrl Pts',(178.090490950034,97.3397260275448,-9.72368809802506));
#11656=CARTESIAN_POINT('Ctrl Pts',(179.766526454305,97.8246811269245,-9.80306928591544));
#11657=CARTESIAN_POINT('Ctrl Pts',(181.082996345835,96.6796119217306,-9.88245047380584));
#11658=CARTESIAN_POINT('Ctrl Pts',(180.83500474204,94.9525402311402,-9.9618316616962));
#11659=CARTESIAN_POINT('Ctrl Pts',(179.249525358193,94.2241642407419,-10.0412128495866));
#11660=CARTESIAN_POINT('Ctrl Pts',(177.777664363767,95.1611283131982,-10.120594037477));
#11661=CARTESIAN_POINT('Ctrl Pts',(177.76653897225,96.9058783484925,-10.1999752253674));
#11662=CARTESIAN_POINT('Ctrl Pts',(179.22633167131,97.8615360988204,-10.2793564132577));
#11663=CARTESIAN_POINT('Ctrl Pts',(180.820970725581,97.1534381207362,-10.3587376011481));
#11664=CARTESIAN_POINT('Ctrl Pts',(181.090966599413,95.4296693751831,-10.4381187890385));
#11665=CARTESIAN_POINT('Ctrl Pts',(179.789206222603,94.2679050353358,-10.5174999769289));
#11666=CARTESIAN_POINT('Ctrl Pts',(178.107122630032,94.7314471018827,-10.5968811648193));
#11667=CARTESIAN_POINT('Ctrl Pts',(177.584238759339,96.3960398202775,-10.6762623527097));
#11668=CARTESIAN_POINT('Ctrl Pts',(178.69912280809,97.7381687327053,-10.7556435406001));
#11669=CARTESIAN_POINT('Ctrl Pts',(180.431379848077,97.5294536004902,-10.8350247284904));
#11670=CARTESIAN_POINT('Ctrl Pts',(181.195565816089,95.960920441914,-10.9144059163809));
#11671=CARTESIAN_POINT('Ctrl Pts',(180.292261352335,94.4681654376825,-10.9937871042712));
#11672=CARTESIAN_POINT('Ctrl Pts',(178.54821368504,94.4174289872583,-11.0731682921616));
#11673=CARTESIAN_POINT('Ctrl Pts',(177.559658213993,95.855147516266,-11.152549480052));
#11674=CARTESIAN_POINT('Ctrl Pts',(178.231367957053,97.4654525952381,-11.2319306679424));
#11675=CARTESIAN_POINT('Ctrl Pts',(179.948562166398,97.7745164480751,-11.3113118558328));
#11676=CARTESIAN_POINT('Ctrl Pts',(181.139583060436,96.4994690275884,-11.3906930437231));
#11677=CARTESIAN_POINT('Ctrl Pts',(180.714351518806,94.8072946120845,-11.4700742316135));
#11678=CARTESIAN_POINT('Ctrl Pts',(179.062059945027,94.2467513069887,-11.5494554195039));
#11679=CARTESIAN_POINT('Ctrl Pts',(177.694963664006,95.330875902193,-11.6288366073943));
#11680=CARTESIAN_POINT('Ctrl Pts',(177.864295342095,97.0674241735345,-11.7082177952847));
#11681=CARTESIAN_POINT('Ctrl Pts',(179.415072315352,97.8670282214682,-11.7875989831751));
#11682=CARTESIAN_POINT('Ctrl Pts',(180.92795432191,96.9978448051309,-11.8669801710655));
#11683=CARTESIAN_POINT('Ctrl Pts',(181.01827034195,95.2554074193011,-11.9463613589558));
#11684=CARTESIAN_POINT('Ctrl Pts',(179.603378121487,94.2344460287594,-12.0257425468462));
#11685=CARTESIAN_POINT('Ctrl Pts',(177.978214960832,94.8694577456003,-12.1051237347366));
#11686=CARTESIAN_POINT('Ctrl Pts',(177.63028801125,96.5791174357779,-12.184504922627));
#11687=CARTESIAN_POINT('Ctrl Pts',(178.877872012326,97.7989334391062,-12.2638861105174));
#11688=CARTESIAN_POINT('Ctrl Pts',(180.579455136574,97.4119196942346,-12.3432672984078));
#11689=CARTESIAN_POINT('Ctrl Pts',(181.176979737365,95.7734189664781,-12.4226484862982));
#11690=CARTESIAN_POINT('Ctrl Pts',(180.124975768726,94.3807537873818,-12.5020296741885));
#11691=CARTESIAN_POINT('Ctrl Pts',(178.383384080638,94.5133162728855,-12.5814108620789));
#11692=CARTESIAN_POINT('Ctrl Pts',(177.830664871787,95.5306509995742,-12.6343316540058));
#11693=CARTESIAN_POINT('Ctrl Pts',(177.830664871787,96.0437156921115,-12.6607920499693));
#11694=CARTESIAN_POINT('Ctrl Pts',(180.004145091276,94.7377761629052,-2.44640265001023));
#11695=CARTESIAN_POINT('Ctrl Pts',(179.569905646672,94.5281344649381,-2.47286304597369));
#11696=CARTESIAN_POINT('Ctrl Pts',(178.483025437904,94.5802462223025,-2.52578383790061));
#11697=CARTESIAN_POINT('Ctrl Pts',(177.65920320869,96.0001006644639,-2.605165025791));
#11698=CARTESIAN_POINT('Ctrl Pts',(178.408048843998,97.4595312641528,-2.68454621368138));
#11699=CARTESIAN_POINT('Ctrl Pts',(180.038969330367,97.6233104622233,-2.76392740157177));
#11700=CARTESIAN_POINT('Ctrl Pts',(181.061802155662,96.3412883278271,-2.84330858946215));
#11701=CARTESIAN_POINT('Ctrl Pts',(180.539165148355,94.7869531855543,-2.92268977735254));
#11702=CARTESIAN_POINT('Ctrl Pts',(178.950005569331,94.3828475083162,-3.00207096524293));
#11703=CARTESIAN_POINT('Ctrl Pts',(177.748501921394,95.4988568967129,-3.08145215313331));
#11704=CARTESIAN_POINT('Ctrl Pts',(178.034472290798,97.1135423418644,-3.1608333410237));
#11705=CARTESIAN_POINT('Ctrl Pts',(179.546112163423,97.7490738031564,-3.24021452891408));
#11706=CARTESIAN_POINT('Ctrl Pts',(180.899931451227,96.823779270246,-3.31959571680447));
#11707=CARTESIAN_POINT('Ctrl Pts',(180.856833377713,95.1845339779555,-3.39897690469485));
#11708=CARTESIAN_POINT('Ctrl Pts',(179.456271641905,94.331652404894,-3.47835809258523));
#11709=CARTESIAN_POINT('Ctrl Pts',(177.980102927205,95.0457327424697,-3.55773928047563));
#11710=CARTESIAN_POINT('Ctrl Pts',(177.779389061916,96.6732144961973,-3.637120468366));
#11711=CARTESIAN_POINT('Ctrl Pts',(179.037831954864,97.7245490238586,-3.7165016562564));
#11712=CARTESIAN_POINT('Ctrl Pts',(180.603645268353,97.2375048967644,-3.79588284414677));
#11713=CARTESIAN_POINT('Ctrl Pts',(181.043721923924,95.6578480963227,-3.87526403203716));
#11714=CARTESIAN_POINT('Ctrl Pts',(179.955282941115,94.4313556755517,-3.95464521992755));
#11715=CARTESIAN_POINT('Ctrl Pts',(178.33451940951,94.6805718600757,-4.03402640781793));
#11716=CARTESIAN_POINT('Ctrl Pts',(177.664831256629,96.177402137419,-4.11340759570832));
#11717=CARTESIAN_POINT('Ctrl Pts',(178.559148930559,97.5518762196196,-4.1927887835987));
#11718=CARTESIAN_POINT('Ctrl Pts',(180.198950350843,97.5460100283065,-4.27216997148909));
#11719=CARTESIAN_POINT('Ctrl Pts',(181.083411232428,96.1651725811942,-4.35155115937948));
#11720=CARTESIAN_POINT('Ctrl Pts',(180.403030895249,94.6731720102045,-4.43093234726986));
#11721=CARTESIAN_POINT('Ctrl Pts',(178.780525795739,94.4355582276176,-4.51031353516025));
#11722=CARTESIAN_POINT('Ctrl Pts',(177.700889800407,95.6698066729246,-4.58969472305063));
#11723=CARTESIAN_POINT('Ctrl Pts',(178.152257141259,97.2462744432507,-4.66907591094102));
#11724=CARTESIAN_POINT('Ctrl Pts',(179.721514951903,97.7221032265851,-4.7484570988314));
#11725=CARTESIAN_POINT('Ctrl Pts',(180.972403818446,96.6617918804114,-4.82783828672179));
#11726=CARTESIAN_POINT('Ctrl Pts',(180.760050732746,95.0357877985367,-4.90721947461217));
#11727=CARTESIAN_POINT('Ctrl Pts',(179.278811342623,94.3322872822394,-4.98660066250256));
#11728=CARTESIAN_POINT('Ctrl Pts',(177.884386415539,95.1951674767066,-5.06598185039294));
#11729=CARTESIAN_POINT('Ctrl Pts',(177.85301999173,96.8346793719782,-5.14536303828333));
#11730=CARTESIAN_POINT('Ctrl Pts',(179.213420114687,97.7502636732518,-5.22474422617371));
#11731=CARTESIAN_POINT('Ctrl Pts',(180.720483863814,97.1039340643477,-5.3041254140641));
#11732=CARTESIAN_POINT('Ctrl Pts',(180.994874789565,95.487242155806,-5.38350660195448));
#11733=CARTESIAN_POINT('Ctrl Pts',(179.785457261127,94.3798613047945,-5.46288778984487));
#11734=CARTESIAN_POINT('Ctrl Pts',(178.199147744814,94.7953191555257,-5.54226897773525));
#11735=CARTESIAN_POINT('Ctrl Pts',(177.687812186827,96.3533689154555,-5.62165016562564));
#11736=CARTESIAN_POINT('Ctrl Pts',(178.719449219268,97.6280093120291,-5.70103135351602));
#11737=CARTESIAN_POINT('Ctrl Pts',(180.349855544584,97.4526288066988,-5.78041254140641));
#11738=CARTESIAN_POINT('Ctrl Pts',(181.086805718841,95.9877439825769,-5.8597937292968));
#11739=CARTESIAN_POINT('Ctrl Pts',(180.255807878346,94.5740871301644,-5.93917491718718));
#11740=CARTESIAN_POINT('Ctrl Pts',(178.617430785737,94.5055042628182,-6.01855610507756));
#11741=CARTESIAN_POINT('Ctrl Pts',(177.671195110425,95.844765683918,-6.09793729296795));
#11742=CARTESIAN_POINT('Ctrl Pts',(178.283140764507,97.3661156185911,-6.17731848085833));
#11743=CARTESIAN_POINT('Ctrl Pts',(179.893185968891,97.6771422205406,-6.25669966874872));
#11744=CARTESIAN_POINT('Ctrl Pts',(181.027740746304,96.4931791449647,-6.33608085663911));
#11745=CARTESIAN_POINT('Ctrl Pts',(180.648406582153,94.8978457317914,-6.41546204452949));
#11746=CARTESIAN_POINT('Ctrl Pts',(179.102368152251,94.3512670269871,-6.49484323241988));
#11747=CARTESIAN_POINT('Ctrl Pts',(177.804633388411,95.3536978674949,-6.57422442031026));
#11748=CARTESIAN_POINT('Ctrl Pts',(177.942950892937,96.9876658522551,-6.65360560820065));
#11749=CARTESIAN_POINT('Ctrl Pts',(179.390725904516,97.7576857371456,-6.73298679609103));
#11750=CARTESIAN_POINT('Ctrl Pts',(180.822885847174,96.9589986858398,-6.81236798398142));
#11751=CARTESIAN_POINT('Ctrl Pts',(180.928649798982,95.3226010893561,-6.8917491718718));
#11752=CARTESIAN_POINT('Ctrl Pts',(179.611217558978,94.3462018880674,-6.97113035976219));
#11753=CARTESIAN_POINT('Ctrl Pts',(178.07636579686,94.9234480882301,-7.05051154765257));
#11754=CARTESIAN_POINT('Ctrl Pts',(177.728863873822,96.5260165019849,-7.12989273554296));
#11755=CARTESIAN_POINT('Ctrl Pts',(178.886762084027,97.6871602665903,-7.20927392343334));
#11756=CARTESIAN_POINT('Ctrl Pts',(180.490296892507,97.3441453612654,-7.28865511132373));
#11757=CARTESIAN_POINT('Ctrl Pts',(181.071836946085,95.8109153480699,-7.36803629921411));
#11758=CARTESIAN_POINT('Ctrl Pts',(180.099129117955,94.4907552864206,-7.4474174871045));
#11759=CARTESIAN_POINT('Ctrl Pts',(178.462441894022,94.5919384781749,-7.52679867499488));
#11760=CARTESIAN_POINT('Ctrl Pts',(177.659749295481,96.0218572519266,-7.60617986288527));
#11761=CARTESIAN_POINT('Ctrl Pts',(178.425713780764,97.4717819101633,-7.68556105077566));
#11762=CARTESIAN_POINT('Ctrl Pts',(180.059288208223,97.6146724180102,-7.76494223866603));
#11763=CARTESIAN_POINT('Ctrl Pts',(181.065347536102,96.3197485839308,-7.84432342655644));
#11764=CARTESIAN_POINT('Ctrl Pts',(180.523098399056,94.7721863135674,-7.9237046144468));
#11765=CARTESIAN_POINT('Ctrl Pts',(178.928833007614,94.3883882300278,-8.0030858023372));
#11766=CARTESIAN_POINT('Ctrl Pts',(177.741698903437,95.5196246005442,-8.08246699022759));
#11767=CARTESIAN_POINT('Ctrl Pts',(178.048217702707,97.1305340744048,-8.16184817811796));
#11768=CARTESIAN_POINT('Ctrl Pts',(179.567848816117,97.7467356537903,-8.24122936600836));
#11769=CARTESIAN_POINT('Ctrl Pts',(180.909753544371,96.8042523342731,-8.32061055389873));
#11770=CARTESIAN_POINT('Ctrl Pts',(180.845756832121,95.1656896933892,-8.39999174178913));
#11771=CARTESIAN_POINT('Ctrl Pts',(179.434431515392,94.3307382231594,-8.4793729296795));
#11772=CARTESIAN_POINT('Ctrl Pts',(177.967489675148,95.0635852362689,-8.55875411756989));
#11773=CARTESIAN_POINT('Ctrl Pts',(177.787546280919,96.6934942773362,-8.63813530546028));
#11774=CARTESIAN_POINT('Ctrl Pts',(179.05929408884,97.7286950406322,-8.71751649335066));
#11775=CARTESIAN_POINT('Ctrl Pts',(180.618768995128,97.2217225325633,-8.79689768124105));
#11776=CARTESIAN_POINT('Ctrl Pts',(181.038665365472,95.6365821143505,-8.87627886913143));
#11777=CARTESIAN_POINT('Ctrl Pts',(179.934674062994,94.4240697179882,-8.95566005702182));
#11778=CARTESIAN_POINT('Ctrl Pts',(178.317220455812,94.6939343801697,-9.0350412449122));
#11779=CARTESIAN_POINT('Ctrl Pts',(177.666675043932,96.1991831218603,-9.11442243280259));
#11780=CARTESIAN_POINT('Ctrl Pts',(178.578447941366,97.5621406746788,-9.19380362069298));
#11781=CARTESIAN_POINT('Ctrl Pts',(180.218041210075,97.5353634365372,-9.27318480858336));
#11782=CARTESIAN_POINT('Ctrl Pts',(181.084821078416,96.1433592098485,-9.35256599647374));
#11783=CARTESIAN_POINT('Ctrl Pts',(180.385469369351,94.6601564946716,-9.43194718436414));
#11784=CARTESIAN_POINT('Ctrl Pts',(178.760066042289,94.4432529869695,-9.51132837225451));
#11785=CARTESIAN_POINT('Ctrl Pts',(177.696257559118,95.6911690972962,-9.59070956014491));
#11786=CARTESIAN_POINT('Ctrl Pts',(178.167692059822,97.2617526254238,-9.67009074803528));
#11787=CARTESIAN_POINT('Ctrl Pts',(179.742890258424,97.7175307977831,-9.74947193592568));
#11788=CARTESIAN_POINT('Ctrl Pts',(180.98015581537,96.6413537450296,-9.82885312381605));
#11789=CARTESIAN_POINT('Ctrl Pts',(180.747084423642,95.0181899105268,-9.90823431170644));
#11790=CARTESIAN_POINT('Ctrl Pts',(179.256994110524,94.3336360660187,-9.98761549959683));
#11791=CARTESIAN_POINT('Ctrl Pts',(177.873686429328,95.2142284611842,-10.0669966874872));
#11792=CARTESIAN_POINT('Ctrl Pts',(177.863230387895,96.8540070372369,-10.1463778753776));
#11793=CARTESIAN_POINT('Ctrl Pts',(179.235195852846,97.7521684204302,-10.225759063268));
#11794=CARTESIAN_POINT('Ctrl Pts',(180.733894752308,97.0866725782062,-10.3051402511584));
#11795=CARTESIAN_POINT('Ctrl Pts',(180.987646545159,95.466612969753,-10.3845214390488));
#11796=CARTESIAN_POINT('Ctrl Pts',(179.764205517007,94.3747452314715,-10.4639026269391));
#11797=CARTESIAN_POINT('Ctrl Pts',(178.183323108392,94.8103986686095,-10.5432838148295));
#11798=CARTESIAN_POINT('Ctrl Pts',(177.691898118232,96.3748425271917,-10.6226650027199));
#11799=CARTESIAN_POINT('Ctrl Pts',(178.739706079799,97.6362233510234,-10.7020461906103));
#11800=CARTESIAN_POINT('Ctrl Pts',(180.367743291391,97.4400653940777,-10.7814273785007));
#11801=CARTESIAN_POINT('Ctrl Pts',(181.085952635491,95.9659017504428,-10.8608085663911));
#11802=CARTESIAN_POINT('Ctrl Pts',(180.236994746193,94.5629571304582,-10.9401897542814));
#11803=CARTESIAN_POINT('Ctrl Pts',(178.597876280743,94.5152731970879,-11.0195709421718));
#11804=CARTESIAN_POINT('Ctrl Pts',(177.668796441298,95.866492566379,-11.0989521300622));
#11805=CARTESIAN_POINT('Ctrl Pts',(178.300093316904,97.3799149569748,-11.1783333179526));
#11806=CARTESIAN_POINT('Ctrl Pts',(179.913973940745,97.6703842358185,-11.257714505843));
#11807=CARTESIAN_POINT('Ctrl Pts',(181.033338036556,96.4720490008157,-11.3370956937334));
#11808=CARTESIAN_POINT('Ctrl Pts',(180.633690202929,94.8816828753784,-11.4164768816238));
#11809=CARTESIAN_POINT('Ctrl Pts',(179.080807400656,94.3548641998936,-11.4958580695141));
#11810=CARTESIAN_POINT('Ctrl Pts',(177.795961349546,95.3737633252849,-11.5752392574045));
#11811=CARTESIAN_POINT('Ctrl Pts',(177.955105325681,97.0058335898066,-11.6546204452949));
#11812=CARTESIAN_POINT('Ctrl Pts',(179.412581070367,97.7573301140096,-11.7340016331853));
#11813=CARTESIAN_POINT('Ctrl Pts',(180.834441768041,96.9404404072099,-11.8133828210757));
#11814=CARTESIAN_POINT('Ctrl Pts',(180.919323998584,95.3028353419577,-11.8927640089661));
#11815=CARTESIAN_POINT('Ctrl Pts',(179.589557611649,94.3432992586673,-11.9721451968565));
#11816=CARTESIAN_POINT('Ctrl Pts',(178.062171063706,94.9401060147953,-12.0515263847468));
#11817=CARTESIAN_POINT('Ctrl Pts',(177.735176854555,96.5469054276528,-12.1309075726372));
#11818=CARTESIAN_POINT('Ctrl Pts',(178.90770098432,97.6933321985493,-12.2102887605276));
#11819=CARTESIAN_POINT('Ctrl Pts',(180.506909751233,97.3296028191878,-12.289669948418));
#11820=CARTESIAN_POINT('Ctrl Pts',(181.068484772996,95.789681147962,-12.3690511363084));
#11821=CARTESIAN_POINT('Ctrl Pts',(180.079773762937,94.4808045306238,-12.4484323241988));
#11822=CARTESIAN_POINT('Ctrl Pts',(178.442963514713,94.6053915025796,-12.5278135120892));
#11823=CARTESIAN_POINT('Ctrl Pts',(177.92349820512,95.5615191172825,-12.5807343040161));
#11824=CARTESIAN_POINT('Ctrl Pts',(177.92349820512,96.0437156921115,-12.6071946999795));
#11825=CARTESIAN_POINT('Ctrl Pts',(179.963784502579,94.821376705115,-2.39280530002046));
#11826=CARTESIAN_POINT('Ctrl Pts',(179.55734316976,94.6251553525988,-2.41926569598392));
#11827=CARTESIAN_POINT('Ctrl Pts',(178.540040282711,94.6739311429649,-2.47218648791084));
#11828=CARTESIAN_POINT('Ctrl Pts',(177.768955552829,96.0028927079532,-2.55156767580123));
#11829=CARTESIAN_POINT('Ctrl Pts',(178.469863362729,97.3688969377963,-2.63094886369162));
#11830=CARTESIAN_POINT('Ctrl Pts',(179.996379446052,97.5221917072583,-2.710330051582));
#11831=CARTESIAN_POINT('Ctrl Pts',(180.953734983254,96.3222390279656,-2.78971123947239));
#11832=CARTESIAN_POINT('Ctrl Pts',(180.464554913434,94.8674056296589,-2.86909242736276));
#11833=CARTESIAN_POINT('Ctrl Pts',(178.977126386648,94.489169032092,-2.94847361525316));
#11834=CARTESIAN_POINT('Ctrl Pts',(177.852537752145,95.5337363759725,-3.02785480314354));
#11835=CARTESIAN_POINT('Ctrl Pts',(178.12020154808,97.0450567144753,-3.10723599103393));
#11836=CARTESIAN_POINT('Ctrl Pts',(179.53507284134,97.6399042286417,-3.18661717892431));
#11837=CARTESIAN_POINT('Ctrl Pts',(180.802226534005,96.7738430085495,-3.2659983668147));
#11838=CARTESIAN_POINT('Ctrl Pts',(180.761887410836,95.2395350370044,-3.34537955470508));
#11839=CARTESIAN_POINT('Ctrl Pts',(179.450983517442,94.4412512154882,-3.42476074259546));
#11840=CARTESIAN_POINT('Ctrl Pts',(178.069312673571,95.1096192501068,-3.50414193048586));
#11841=CARTESIAN_POINT('Ctrl Pts',(177.881447632896,96.6329167334257,-3.58352311837623));
#11842=CARTESIAN_POINT('Ctrl Pts',(179.059330510745,97.6169494185508,-3.66290430626663));
#11843=CARTESIAN_POINT('Ctrl Pts',(180.524907297903,97.1610837282789,-3.742285494157));
#11844=CARTESIAN_POINT('Ctrl Pts',(180.936812168949,95.6825496537132,-3.82166668204739));
#11845=CARTESIAN_POINT('Ctrl Pts',(179.918050293762,94.534571918423,-3.90104786993778));
#11846=CARTESIAN_POINT('Ctrl Pts',(178.401040961342,94.7678343717921,-3.98042905782816));
#11847=CARTESIAN_POINT('Ctrl Pts',(177.77422331773,96.1688441153484,-4.05981024571855));
#11848=CARTESIAN_POINT('Ctrl Pts',(178.611290681997,97.4553303727259,-4.13919143360894));
#11849=CARTESIAN_POINT('Ctrl Pts',(180.146119180652,97.4498397093477,-4.21857262149932));
#11850=CARTESIAN_POINT('Ctrl Pts',(180.973960741349,96.1573974418747,-4.29795380938971));
#11851=CARTESIAN_POINT('Ctrl Pts',(180.337135380358,94.760908227975,-4.37733499728009));
#11852=CARTESIAN_POINT('Ctrl Pts',(178.8184959676,94.5385054414693,-4.45671618517048));
#11853=CARTESIAN_POINT('Ctrl Pts',(177.807973551098,95.6937426944953,-4.53609737306086));
#11854=CARTESIAN_POINT('Ctrl Pts',(178.230446327089,97.1692918867188,-4.61547856095125));
#11855=CARTESIAN_POINT('Ctrl Pts',(179.699247109744,97.6146601905314,-4.69485974884163));
#11856=CARTESIAN_POINT('Ctrl Pts',(180.87005953695,96.6222253435902,-4.77424093673202));
#11857=CARTESIAN_POINT('Ctrl Pts',(180.671300367897,95.1003109380287,-4.8536221246224));
#11858=CARTESIAN_POINT('Ctrl Pts',(179.284883451087,94.4418454507602,-4.93300331251279));
#11859=CARTESIAN_POINT('Ctrl Pts',(177.979723514738,95.2494878256297,-5.01238450040317));
#11860=CARTESIAN_POINT('Ctrl Pts',(177.950365032322,96.784045333398,-5.09176568829355));
#11861=CARTESIAN_POINT('Ctrl Pts',(179.223678283829,97.6410179284529,-5.17114687618395));
#11862=CARTESIAN_POINT('Ctrl Pts',(180.634266397022,97.0360635169007,-5.25052806407433));
#11863=CARTESIAN_POINT('Ctrl Pts',(180.891092014689,95.5228651600265,-5.32990925196471));
#11864=CARTESIAN_POINT('Ctrl Pts',(179.759096111735,94.4863739922713,-5.4092904398551));
#11865=CARTESIAN_POINT('Ctrl Pts',(178.274335199098,94.8752360467886,-5.48867162774549));
#11866=CARTESIAN_POINT('Ctrl Pts',(177.795733109195,96.3335462691616,-5.56805281563587));
#11867=CARTESIAN_POINT('Ctrl Pts',(178.761329246673,97.5265897572315,-5.64743400352626));
#11868=CARTESIAN_POINT('Ctrl Pts',(180.287364083286,97.3624363455075,-5.72681519141664));
#11869=CARTESIAN_POINT('Ctrl Pts',(180.977137927574,95.9913270468467,-5.80619637930703));
#11870=CARTESIAN_POINT('Ctrl Pts',(180.199336937689,94.6681663289926,-5.88557756719741));
#11871=CARTESIAN_POINT('Ctrl Pts',(178.665841587476,94.6039738371334,-5.96495875508779));
#11872=CARTESIAN_POINT('Ctrl Pts',(177.780179785414,95.8575015941081,-6.04433994297818));
#11873=CARTESIAN_POINT('Ctrl Pts',(178.352951352687,97.2814613536733,-6.12372113086856));
#11874=CARTESIAN_POINT('Ctrl Pts',(179.85992849836,97.5725773916319,-6.20310231875895));
#11875=CARTESIAN_POINT('Ctrl Pts',(180.921854036489,96.4644064586942,-6.28248350664934));
#11876=CARTESIAN_POINT('Ctrl Pts',(180.566803187983,94.9711993196432,-6.36186469453972));
#11877=CARTESIAN_POINT('Ctrl Pts',(179.119735382774,94.4596101951832,-6.4412458824301));
#11878=CARTESIAN_POINT('Ctrl Pts',(177.905075927917,95.3978697935162,-6.52062707032049));
#11879=CARTESIAN_POINT('Ctrl Pts',(178.034538950197,96.9272382876993,-6.60000825821088));
#11880=CARTESIAN_POINT('Ctrl Pts',(179.389633731751,97.6479648642477,-6.67938944610126));
#11881=CARTESIAN_POINT('Ctrl Pts',(180.730113052865,96.9004062680135,-6.75877063399165));
#11882=CARTESIAN_POINT('Ctrl Pts',(180.829106458625,95.368763695233,-6.83815182188203));
#11883=CARTESIAN_POINT('Ctrl Pts',(179.596010473957,94.4548693043245,-6.91753300977242));
#11884=CARTESIAN_POINT('Ctrl Pts',(178.159413214942,94.995162725095,-6.99691419766281));
#11885=CARTESIAN_POINT('Ctrl Pts',(177.834156846568,96.4951417116046,-7.07629538555319));
#11886=CARTESIAN_POINT('Ctrl Pts',(178.917931472923,97.5819541261483,-7.15567657344358));
#11887=CARTESIAN_POINT('Ctrl Pts',(180.418814989789,97.2608975362202,-7.23505776133396));
#11888=CARTESIAN_POINT('Ctrl Pts',(180.963127390243,95.8258182088482,-7.31443894922435));
#11889=CARTESIAN_POINT('Ctrl Pts',(180.052688066913,94.5901690257573,-7.39382013711473));
#11890=CARTESIAN_POINT('Ctrl Pts',(178.520774407367,94.6848749117071,-7.47320132500511));
#11891=CARTESIAN_POINT('Ctrl Pts',(177.769466681529,96.0232565337542,-7.5525825128955));
#11892=CARTESIAN_POINT('Ctrl Pts',(178.486397467433,97.38036335098,-7.63196370078588));
#11893=CARTESIAN_POINT('Ctrl Pts',(180.015397598133,97.5141066328905,-7.71134488867628));
#11894=CARTESIAN_POINT('Ctrl Pts',(180.957053403931,96.3020781643534,-7.79072607656666));
#11895=CARTESIAN_POINT('Ctrl Pts',(180.44951668722,94.8535840682908,-7.87010726445704));
#11896=CARTESIAN_POINT('Ctrl Pts',(178.957309199815,94.4943550610105,-7.94948845234743));
#11897=CARTESIAN_POINT('Ctrl Pts',(177.846170233671,95.5531746221512,-8.02886964023781));
#11898=CARTESIAN_POINT('Ctrl Pts',(178.133067038781,97.0609607105459,-8.1082508281282));
#11899=CARTESIAN_POINT('Ctrl Pts',(179.555418008509,97.6377157573811,-8.18763201601858));
#11900=CARTESIAN_POINT('Ctrl Pts',(180.811419859665,96.7555661016927,-8.26701320390897));
#11901=CARTESIAN_POINT('Ctrl Pts',(180.751519937292,95.2218970811937,-8.34639439179936));
#11902=CARTESIAN_POINT('Ctrl Pts',(179.430541500395,94.4403955556738,-8.42577557968974));
#11903=CARTESIAN_POINT('Ctrl Pts',(178.057506866796,95.1263289052614,-8.50515676758012));
#11904=CARTESIAN_POINT('Ctrl Pts',(177.889082662383,96.651898291591,-8.58453795547051));
#11905=CARTESIAN_POINT('Ctrl Pts',(179.079418732686,97.620830025447,-8.66391914336089));
#11906=CARTESIAN_POINT('Ctrl Pts',(180.539062869774,97.1463116820711,-8.74330033125129));
#11907=CARTESIAN_POINT('Ctrl Pts',(180.932079309273,95.6626450269828,-8.82268151914166));
#11908=CARTESIAN_POINT('Ctrl Pts',(179.898760705966,94.527752376026,-8.90206270703206));
#11909=CARTESIAN_POINT('Ctrl Pts',(178.384849411069,94.7803414817386,-8.98144389492243));
#11910=CARTESIAN_POINT('Ctrl Pts',(177.775949073827,96.1892307763404,-9.06082508281282));
#11911=CARTESIAN_POINT('Ctrl Pts',(178.629354254462,97.4649377422238,-9.14020627070322));
#11912=CARTESIAN_POINT('Ctrl Pts',(180.163987926496,97.439874665862,-9.21958745859358));
#11913=CARTESIAN_POINT('Ctrl Pts',(180.975280335157,96.1369804672464,-9.29896864648398));
#11914=CARTESIAN_POINT('Ctrl Pts',(180.320698066611,94.7487259088739,-9.37834983437435));
#11915=CARTESIAN_POINT('Ctrl Pts',(178.799345958164,94.5457076159505,-9.45773102226475));
#11916=CARTESIAN_POINT('Ctrl Pts',(177.803637845654,95.7137375898041,-9.53711221015513));
#11917=CARTESIAN_POINT('Ctrl Pts',(178.244893169609,97.1837792233028,-9.61649339804552));
#11918=CARTESIAN_POINT('Ctrl Pts',(179.719254062544,97.6103804686417,-9.69587458593591));
#11919=CARTESIAN_POINT('Ctrl Pts',(180.877315284905,96.6030955683286,-9.77525577382628));
#11920=CARTESIAN_POINT('Ctrl Pts',(180.659164105244,95.0838395899133,-9.85463696171668));
#11921=CARTESIAN_POINT('Ctrl Pts',(179.264462862853,94.4431078912955,-9.93401814960705));
#11922=CARTESIAN_POINT('Ctrl Pts',(177.96970849489,95.2673286091702,-10.0133993374974));
#11923=CARTESIAN_POINT('Ctrl Pts',(177.95992180354,96.8021357259813,-10.0927805253878));
#11924=CARTESIAN_POINT('Ctrl Pts',(179.244060034383,97.64280074204,-10.1721617132782));
#11925=CARTESIAN_POINT('Ctrl Pts',(180.646818779034,97.019907035676,-10.2515429011686));
#11926=CARTESIAN_POINT('Ctrl Pts',(180.884326490904,95.503556564323,-10.330924089059));
#11927=CARTESIAN_POINT('Ctrl Pts',(179.739204811411,94.4815854276072,-10.4103052769494));
#11928=CARTESIAN_POINT('Ctrl Pts',(178.259523586752,94.8893502353365,-10.4896864648398));
#11929=CARTESIAN_POINT('Ctrl Pts',(177.799557477125,96.3536452341058,-10.5690676527301));
#11930=CARTESIAN_POINT('Ctrl Pts',(178.780289351508,97.5342779693416,-10.6484488406205));
#11931=CARTESIAN_POINT('Ctrl Pts',(180.304106734706,97.350677187665,-10.7278300285109));
#11932=CARTESIAN_POINT('Ctrl Pts',(180.976339454893,95.9708830589718,-10.8072112164013));
#11933=CARTESIAN_POINT('Ctrl Pts',(180.181728140051,94.6577488232337,-10.8865924042917));
#11934=CARTESIAN_POINT('Ctrl Pts',(178.647538876446,94.6131174069178,-10.9659735921821));
#11935=CARTESIAN_POINT('Ctrl Pts',(177.777934668604,95.8778376164918,-11.0453547800724));
#11936=CARTESIAN_POINT('Ctrl Pts',(178.368818676756,97.2943773187117,-11.1247359679628));
#11937=CARTESIAN_POINT('Ctrl Pts',(179.879385715092,97.5662520235618,-11.2041171558532));
#11938=CARTESIAN_POINT('Ctrl Pts',(180.927093012677,96.4446289740432,-11.2834983437436));
#11939=CARTESIAN_POINT('Ctrl Pts',(180.553028887052,94.9560711386724,-11.362879531634));
#11940=CARTESIAN_POINT('Ctrl Pts',(179.099554856284,94.4629770927984,-11.4422607195244));
#11941=CARTESIAN_POINT('Ctrl Pts',(177.896959035087,95.4166507483768,-11.5216419074147));
#11942=CARTESIAN_POINT('Ctrl Pts',(178.045915309267,96.9442430060788,-11.6010230953052));
#11943=CARTESIAN_POINT('Ctrl Pts',(179.410089825383,97.647632006551,-11.6804042831955));
#11944=CARTESIAN_POINT('Ctrl Pts',(180.740929214172,96.883036009289,-11.7597854710859));
#11945=CARTESIAN_POINT('Ctrl Pts',(180.820377655219,95.3502632646145,-11.8391666589763));
#11946=CARTESIAN_POINT('Ctrl Pts',(179.57573710181,94.4521524885751,-11.9185478468667));
#11947=CARTESIAN_POINT('Ctrl Pts',(178.146127166579,95.0107542839903,-11.9979290347571));
#11948=CARTESIAN_POINT('Ctrl Pts',(177.84006569786,96.5146934195277,-12.0773102226475));
#11949=CARTESIAN_POINT('Ctrl Pts',(178.937529956314,97.5877309579923,-12.1566914105378));
#11950=CARTESIAN_POINT('Ctrl Pts',(180.434364365892,97.2472859441411,-12.2360725984282));
#11951=CARTESIAN_POINT('Ctrl Pts',(180.959989808628,95.8059433294458,-12.3154537863186));
#11952=CARTESIAN_POINT('Ctrl Pts',(180.034571757148,94.5808552738659,-12.394834974209));
#11953=CARTESIAN_POINT('Ctrl Pts',(178.502542948789,94.6974667322739,-12.4742161620994));
#11954=CARTESIAN_POINT('Ctrl Pts',(178.016331538453,95.5923872349908,-12.5271369540263));
#11955=CARTESIAN_POINT('Ctrl Pts',(178.016331538454,96.0437156921115,-12.5535973499898));
#11956=CARTESIAN_POINT('Ctrl Pts',(179.923423913882,94.9049772473249,-2.33920795003069));
#11957=CARTESIAN_POINT('Ctrl Pts',(179.544780692848,94.7221762402594,-2.36566834599415));
#11958=CARTESIAN_POINT('Ctrl Pts',(178.597055127519,94.7676160636272,-2.41858913792107));
#11959=CARTESIAN_POINT('Ctrl Pts',(177.878707896966,96.0056847514424,-2.49797032581146));
#11960=CARTESIAN_POINT('Ctrl Pts',(178.53167788146,97.2782626114399,-2.57735151370184));
#11961=CARTESIAN_POINT('Ctrl Pts',(179.953789561736,97.421072952293,-2.65673270159223));
#11962=CARTESIAN_POINT('Ctrl Pts',(180.845667810846,96.3031897281042,-2.73611388948261));
#11963=CARTESIAN_POINT('Ctrl Pts',(180.389944678513,94.9478580737633,-2.815495077373));
#11964=CARTESIAN_POINT('Ctrl Pts',(179.004247203964,94.5954905558679,-2.89487626526339));
#11965=CARTESIAN_POINT('Ctrl Pts',(177.956573582897,95.568615855232,-2.97425745315377));
#11966=CARTESIAN_POINT('Ctrl Pts',(178.205930805362,96.9765710870863,-3.05363864104415));
#11967=CARTESIAN_POINT('Ctrl Pts',(179.524033519258,97.530734654127,-3.13301982893454));
#11968=CARTESIAN_POINT('Ctrl Pts',(180.704521616783,96.7239067468531,-3.21240101682493));
#11969=CARTESIAN_POINT('Ctrl Pts',(180.666941443958,95.2945360960533,-3.29178220471531));
#11970=CARTESIAN_POINT('Ctrl Pts',(179.445695392979,94.5508500260824,-3.37116339260569));
#11971=CARTESIAN_POINT('Ctrl Pts',(178.158522419937,95.1735057577439,-3.45054458049609));
#11972=CARTESIAN_POINT('Ctrl Pts',(177.983506203876,96.5926189706541,-3.52992576838646));
#11973=CARTESIAN_POINT('Ctrl Pts',(179.080829066627,97.509349813243,-3.60930695627686));
#11974=CARTESIAN_POINT('Ctrl Pts',(180.446169327453,97.0846625597934,-3.68868814416723));
#11975=CARTESIAN_POINT('Ctrl Pts',(180.829902413974,95.7072512111037,-3.76806933205763));
#11976=CARTESIAN_POINT('Ctrl Pts',(179.88081764641,94.6377881612944,-3.84745051994801));
#11977=CARTESIAN_POINT('Ctrl Pts',(178.467562513174,94.8550968835083,-3.92683170783839));
#11978=CARTESIAN_POINT('Ctrl Pts',(177.883615378832,96.1602860932778,-4.00621289572878));
#11979=CARTESIAN_POINT('Ctrl Pts',(178.663432433435,97.3587845258322,-4.08559408361916));
#11980=CARTESIAN_POINT('Ctrl Pts',(180.09328801046,97.3536693903889,-4.16497527150955));
#11981=CARTESIAN_POINT('Ctrl Pts',(180.86451025027,96.1496223025552,-4.24435645939993));
#11982=CARTESIAN_POINT('Ctrl Pts',(180.271239865466,94.8486444457457,-4.32373764729032));
#11983=CARTESIAN_POINT('Ctrl Pts',(178.85646613946,94.6414526553209,-4.4031188351807));
#11984=CARTESIAN_POINT('Ctrl Pts',(177.915057301788,95.717678716066,-4.48250002307109));
#11985=CARTESIAN_POINT('Ctrl Pts',(178.308635512919,97.0923093301868,-4.56188121096148));
#11986=CARTESIAN_POINT('Ctrl Pts',(179.676979267585,97.507217154478,-4.64126239885186));
#11987=CARTESIAN_POINT('Ctrl Pts',(180.767715255455,96.5826588067686,-4.72064358674225));
#11988=CARTESIAN_POINT('Ctrl Pts',(180.582550003048,95.164834077521,-4.80002477463263));
#11989=CARTESIAN_POINT('Ctrl Pts',(179.290955559551,94.5514036192809,-4.87940596252302));
#11990=CARTESIAN_POINT('Ctrl Pts',(178.075060613937,95.3038081745529,-4.9587871504134));
#11991=CARTESIAN_POINT('Ctrl Pts',(178.047710072914,96.7334112948179,-5.03816833830378));
#11992=CARTESIAN_POINT('Ctrl Pts',(179.233936452971,97.5317721836539,-5.11754952619418));
#11993=CARTESIAN_POINT('Ctrl Pts',(180.548048930229,96.9681929694539,-5.19693071408455));
#11994=CARTESIAN_POINT('Ctrl Pts',(180.787309239812,95.5584881642467,-5.27631190197495));
#11995=CARTESIAN_POINT('Ctrl Pts',(179.732734962343,94.5928866797483,-5.35569308986533));
#11996=CARTESIAN_POINT('Ctrl Pts',(178.349522653382,94.9551529380513,-5.43507427775571));
#11997=CARTESIAN_POINT('Ctrl Pts',(177.903654031563,96.3137236228679,-5.5144554656461));
#11998=CARTESIAN_POINT('Ctrl Pts',(178.803209274078,97.4251702024338,-5.59383665353648));
#11999=CARTESIAN_POINT('Ctrl Pts',(180.224872621989,97.2722438843163,-5.67321784142687));
#12000=CARTESIAN_POINT('Ctrl Pts',(180.867470136308,95.9949101111164,-5.75259902931725));
#12001=CARTESIAN_POINT('Ctrl Pts',(180.142865997033,94.7622455278209,-5.83198021720765));
#12002=CARTESIAN_POINT('Ctrl Pts',(178.714252389214,94.7024434114485,-5.91136140509802));
#12003=CARTESIAN_POINT('Ctrl Pts',(177.889164460403,95.8702375042982,-5.99074259298841));
#12004=CARTESIAN_POINT('Ctrl Pts',(178.422761940867,97.1968070887556,-6.07012378087879));
#12005=CARTESIAN_POINT('Ctrl Pts',(179.826671027829,97.4680125627232,-6.14950496876918));
#12006=CARTESIAN_POINT('Ctrl Pts',(180.815967326673,96.4356337724237,-6.22888615665956));
#12007=CARTESIAN_POINT('Ctrl Pts',(180.485199793813,95.044552907495,-6.30826734454995));
#12008=CARTESIAN_POINT('Ctrl Pts',(179.137102613297,94.5679533633794,-6.38764853244034));
#12009=CARTESIAN_POINT('Ctrl Pts',(178.005518467423,95.4420417195374,-6.46702972033072));
#12010=CARTESIAN_POINT('Ctrl Pts',(178.126127007457,96.8668107231436,-6.54641090822111));
#12011=CARTESIAN_POINT('Ctrl Pts',(179.388541558985,97.5382439913498,-6.62579209611149));
#12012=CARTESIAN_POINT('Ctrl Pts',(180.637340258555,96.8418138501873,-6.70517328400188));
#12013=CARTESIAN_POINT('Ctrl Pts',(180.729563118268,95.4149263011098,-6.78455447189226));
#12014=CARTESIAN_POINT('Ctrl Pts',(179.580803388937,94.5635367205815,-6.86393565978265));
#12015=CARTESIAN_POINT('Ctrl Pts',(178.242460633024,95.0668773619601,-6.94331684767303));
#12016=CARTESIAN_POINT('Ctrl Pts',(177.939449819315,96.4642669212241,-7.02269803556342));
#12017=CARTESIAN_POINT('Ctrl Pts',(178.949100861818,97.4767479857066,-7.1020792234538));
#12018=CARTESIAN_POINT('Ctrl Pts',(180.347333087072,97.1776497111749,-7.18146041134419));
#12019=CARTESIAN_POINT('Ctrl Pts',(180.8544178344,95.8407210696263,-7.26084159923458));
#12020=CARTESIAN_POINT('Ctrl Pts',(180.006247015871,94.6895827650942,-7.34022278712496));
#12021=CARTESIAN_POINT('Ctrl Pts',(178.579106920712,94.7778113452391,-7.41960397501534));
#12022=CARTESIAN_POINT('Ctrl Pts',(177.879184067577,96.024655815582,-7.49898516290574));
#12023=CARTESIAN_POINT('Ctrl Pts',(178.5470811541,97.2889447917966,-7.5783663507961));
#12024=CARTESIAN_POINT('Ctrl Pts',(179.971506988043,97.4135408477709,-7.65774753868651));
#12025=CARTESIAN_POINT('Ctrl Pts',(180.848759271759,96.2844077447759,-7.73712872657688));
#12026=CARTESIAN_POINT('Ctrl Pts',(180.375934975383,94.9349818230145,-7.81650991446728));
#12027=CARTESIAN_POINT('Ctrl Pts',(178.985785392017,94.6003218919931,-7.89589110235765));
#12028=CARTESIAN_POINT('Ctrl Pts',(177.950641563906,95.5867246437585,-7.97527229024804));
#12029=CARTESIAN_POINT('Ctrl Pts',(178.217916374854,96.9913873466867,-8.05465347813843));
#12030=CARTESIAN_POINT('Ctrl Pts',(179.542987200902,97.5286958609722,-8.13403466602881));
#12031=CARTESIAN_POINT('Ctrl Pts',(180.713086174959,96.7068798691118,-8.2134158539192));
#12032=CARTESIAN_POINT('Ctrl Pts',(180.657283042463,95.2781044689985,-8.29279704180959));
#12033=CARTESIAN_POINT('Ctrl Pts',(179.426651485398,94.5500528881879,-8.37217822969996));
#12034=CARTESIAN_POINT('Ctrl Pts',(178.147524058444,95.189072574254,-8.45155941759035));
#12035=CARTESIAN_POINT('Ctrl Pts',(177.990619043846,96.6103023058456,-8.53094060548074));
#12036=CARTESIAN_POINT('Ctrl Pts',(179.099543376531,97.5129650102618,-8.61032179337112));
#12037=CARTESIAN_POINT('Ctrl Pts',(180.459356744421,97.0709008315791,-8.68970298126151));
#12038=CARTESIAN_POINT('Ctrl Pts',(180.825493253075,95.6887079396149,-8.76908416915189));
#12039=CARTESIAN_POINT('Ctrl Pts',(179.862847348937,94.6314350340639,-8.84846535704228));
#12040=CARTESIAN_POINT('Ctrl Pts',(178.452478366327,94.8667485833075,-8.92784654493266));
#12041=CARTESIAN_POINT('Ctrl Pts',(177.885223103722,96.1792784308203,-9.00722773282305));
#12042=CARTESIAN_POINT('Ctrl Pts',(178.680260567557,97.367734809769,-9.08660892071344));
#12043=CARTESIAN_POINT('Ctrl Pts',(180.109934642916,97.3443858951867,-9.16599010860382));
#12044=CARTESIAN_POINT('Ctrl Pts',(180.865739591899,96.1306017246445,-9.24537129649421));
#12045=CARTESIAN_POINT('Ctrl Pts',(180.25592676387,94.8372953230761,-9.32475248438458));
#12046=CARTESIAN_POINT('Ctrl Pts',(178.838625874039,94.6481622449316,-9.40413367227498));
#12047=CARTESIAN_POINT('Ctrl Pts',(177.911018132191,95.7363060823122,-9.48351486016536));
#12048=CARTESIAN_POINT('Ctrl Pts',(178.322094279397,97.1058058211817,-9.56289604805574));
#12049=CARTESIAN_POINT('Ctrl Pts',(179.695617866663,97.5032301395004,-9.64227723594614));
#12050=CARTESIAN_POINT('Ctrl Pts',(180.77447475444,96.5648373916276,-9.72165842383652));
#12051=CARTESIAN_POINT('Ctrl Pts',(180.571243786846,95.1494892693,-9.8010396117269));
#12052=CARTESIAN_POINT('Ctrl Pts',(179.271931615183,94.5525797165724,-9.88042079961729));
#12053=CARTESIAN_POINT('Ctrl Pts',(178.065730560451,95.3204287571563,-9.95980198750767));
#12054=CARTESIAN_POINT('Ctrl Pts',(178.056613219185,96.7502644147256,-10.0391831753981));
#12055=CARTESIAN_POINT('Ctrl Pts',(179.252924215919,97.5334330636497,-10.1185643632884));
#12056=CARTESIAN_POINT('Ctrl Pts',(180.559742805761,96.9531414931458,-10.1979455511788));
#12057=CARTESIAN_POINT('Ctrl Pts',(180.78100643665,95.540500158893,-10.2773267390692));
#12058=CARTESIAN_POINT('Ctrl Pts',(179.714204105816,94.5884256237429,-10.3567079269596));
#12059=CARTESIAN_POINT('Ctrl Pts',(178.335724065112,94.9683018020633,-10.43608911485));
#12060=CARTESIAN_POINT('Ctrl Pts',(177.907216836018,96.3324479410201,-10.5154703027404));
#12061=CARTESIAN_POINT('Ctrl Pts',(178.820872623216,97.4323325876596,-10.5948514906308));
#12062=CARTESIAN_POINT('Ctrl Pts',(180.240470178021,97.2612889812527,-10.6742326785211));
#12063=CARTESIAN_POINT('Ctrl Pts',(180.866726274295,95.9758643675005,-10.7536138664115));
#12064=CARTESIAN_POINT('Ctrl Pts',(180.126461533909,94.7525405160093,-10.8329950543019));
#12065=CARTESIAN_POINT('Ctrl Pts',(178.697201472149,94.7109616167475,-10.9123762421923));
#12066=CARTESIAN_POINT('Ctrl Pts',(177.887072895909,95.8891826666048,-10.9917574300827));
#12067=CARTESIAN_POINT('Ctrl Pts',(178.437544036608,97.2088396804483,-11.0711386179731));
#12068=CARTESIAN_POINT('Ctrl Pts',(179.844797489438,97.4621198113053,-11.1505198058635));
#12069=CARTESIAN_POINT('Ctrl Pts',(180.820847988797,96.4172089472705,-11.2299009937538));
#12070=CARTESIAN_POINT('Ctrl Pts',(180.472367571175,95.0304594019662,-11.3092821816442));
#12071=CARTESIAN_POINT('Ctrl Pts',(179.118302311912,94.5710899857033,-11.3886633695346));
#12072=CARTESIAN_POINT('Ctrl Pts',(177.997956720627,95.4595381714686,-11.468044557425));
#12073=CARTESIAN_POINT('Ctrl Pts',(178.136725292853,96.8826524223509,-11.5474257453154));
#12074=CARTESIAN_POINT('Ctrl Pts',(179.407598580399,97.5379338990924,-11.6268069332058));
#12075=CARTESIAN_POINT('Ctrl Pts',(180.647416660303,96.8256316113682,-11.7061881210962));
#12076=CARTESIAN_POINT('Ctrl Pts',(180.721431311853,95.397691187271,-11.7855693089865));
#12077=CARTESIAN_POINT('Ctrl Pts',(179.561916591972,94.561005718483,-11.8649504968769));
#12078=CARTESIAN_POINT('Ctrl Pts',(178.230083269452,95.0814025531852,-11.9443316847673));
#12079=CARTESIAN_POINT('Ctrl Pts',(177.944954541165,96.4824814114026,-12.0237128726577));
#12080=CARTESIAN_POINT('Ctrl Pts',(178.967358928308,97.4821297174354,-12.1030940605481));
#12081=CARTESIAN_POINT('Ctrl Pts',(180.361818980551,97.1649690690943,-12.1824752484385));
#12082=CARTESIAN_POINT('Ctrl Pts',(180.851494844259,95.8222055109297,-12.2618564363289));
#12083=CARTESIAN_POINT('Ctrl Pts',(179.989369751359,94.6809060171078,-12.3412376242192));
#12084=CARTESIAN_POINT('Ctrl Pts',(178.562122382864,94.7895419619681,-12.4206188121096));
#12085=CARTESIAN_POINT('Ctrl Pts',(178.109164871787,95.623255352699,-12.4735396040365));
#12086=CARTESIAN_POINT('Ctrl Pts',(178.109164871787,96.0437156921115,-12.5));
#12087=CARTESIAN_POINT('Ctrl Pts',(178.106871538008,96.0435413075189,-2.5));
#12088=CARTESIAN_POINT('Ctrl Pts',(178.107578761983,96.4514463842854,-2.52578383790061));
#12089=CARTESIAN_POINT('Ctrl Pts',(178.322864078507,96.8601015987068,-2.55156767580123));
#12090=CARTESIAN_POINT('Ctrl Pts',(178.65986816409,97.0899680249158,-2.57735151370185));
#12091=CARTESIAN_POINT('Ctrl Pts',(179.005715108219,97.3258660583909,-2.60381190966531));
#12092=CARTESIAN_POINT('Ctrl Pts',(179.479752334977,97.373469505342,-2.63027230562877));
#12093=CARTESIAN_POINT('Ctrl Pts',(179.865417323209,97.2109573581194,-2.65673270159223));
#12094=CARTESIAN_POINT('Ctrl Pts',(180.25108231144,97.0484452108968,-2.68319309755569));
#12095=CARTESIAN_POINT('Ctrl Pts',(180.548375061143,96.6758174695005,-2.70965349351916));
#12096=CARTESIAN_POINT('Ctrl Pts',(180.621067580606,96.2636149897455,-2.73611388948262));
#12097=CARTESIAN_POINT('Ctrl Pts',(180.693760100068,95.8514125099906,-2.76257428544608));
#12098=CARTESIAN_POINT('Ctrl Pts',(180.541852389291,95.3996352918769,-2.78903468140954));
#12099=CARTESIAN_POINT('Ctrl Pts',(180.23494895481,95.1150187631709,-2.815495077373));
#12100=CARTESIAN_POINT('Ctrl Pts',(179.92804552033,94.8304022344648,-2.84195547333646));
#12101=CARTESIAN_POINT('Ctrl Pts',(179.466146362147,94.7129463951664,-2.86841586929993));
#12102=CARTESIAN_POINT('Ctrl Pts',(179.060584512878,94.8164060254112,-2.89487626526339));
#12103=CARTESIAN_POINT('Ctrl Pts',(178.655022663608,94.919865655656,-2.92133666122685));
#12104=CARTESIAN_POINT('Ctrl Pts',(178.305798123253,95.244240755444,-2.94779705719031));
#12105=CARTESIAN_POINT('Ctrl Pts',(178.172745390152,95.641087510647,-2.97425745315377));
#12106=CARTESIAN_POINT('Ctrl Pts',(178.039692657052,96.0379342658501,-3.00071784911723));
#12107=CARTESIAN_POINT('Ctrl Pts',(178.122811731207,96.5072526764682,-3.02717824508069));
#12108=CARTESIAN_POINT('Ctrl Pts',(178.384055053934,96.834272476284,-3.05363864104416));
#12109=CARTESIAN_POINT('Ctrl Pts',(178.645298376661,97.1612922760999,-3.08009903700762));
#12110=CARTESIAN_POINT('Ctrl Pts',(179.084665947959,97.3460134651134,-3.10655943297108));
#12111=CARTESIAN_POINT('Ctrl Pts',(179.501097749863,97.3039027417413,-3.13301982893454));
#12112=CARTESIAN_POINT('Ctrl Pts',(179.917529551766,97.2617920183691,-3.15948022489801));
#12113=CARTESIAN_POINT('Ctrl Pts',(180.311025584275,96.9928493826111,-3.18594062086147));
#12114=CARTESIAN_POINT('Ctrl Pts',(180.501510238392,96.6201496229321,-3.21240101682493));
#12115=CARTESIAN_POINT('Ctrl Pts',(180.691994892508,96.2474498632532,-3.23886141278839));
#12116=CARTESIAN_POINT('Ctrl Pts',(180.679468168233,95.7709929796533,-3.26532180875185));
#12117=CARTESIAN_POINT('Ctrl Pts',(180.469663797599,95.4088168595248,-3.29178220471531));
#12118=CARTESIAN_POINT('Ctrl Pts',(180.259859426965,95.0466407393964,-3.31824260067877));
#12119=CARTESIAN_POINT('Ctrl Pts',(179.852777409972,94.7987453827394,-3.34470299664224));
#12120=CARTESIAN_POINT('Ctrl Pts',(179.434707572635,94.7785736596878,-3.3711633926057));
#12121=CARTESIAN_POINT('Ctrl Pts',(179.016637735298,94.7584019366363,-3.39762378856916));
#12122=CARTESIAN_POINT('Ctrl Pts',(178.587580077618,94.9659538471901,-3.42408418453262));
#12123=CARTESIAN_POINT('Ctrl Pts',(178.343881879434,95.3062486712854,-3.45054458049609));
#12124=CARTESIAN_POINT('Ctrl Pts',(178.10018368125,95.6465434953807,-3.47700497645955));
#12125=CARTESIAN_POINT('Ctrl Pts',(178.041844942563,96.1195812330174,-3.50346537242301));
#12126=CARTESIAN_POINT('Ctrl Pts',(178.195562717011,96.5088885756006,-3.52992576838647));
#12127=CARTESIAN_POINT('Ctrl Pts',(178.34928049146,96.8981959181837,-3.55638616434993));
#12128=CARTESIAN_POINT('Ctrl Pts',(178.715054779043,97.2037728657134,-3.58284656031339));
#12129=CARTESIAN_POINT('Ctrl Pts',(179.125498632973,97.2857801305699,-3.60930695627686));
#12130=CARTESIAN_POINT('Ctrl Pts',(179.535942486902,97.3677873954265,-3.63576735224032));
#12131=CARTESIAN_POINT('Ctrl Pts',(179.991055907177,97.22622497761,-3.66222774820378));
#12132=CARTESIAN_POINT('Ctrl Pts',(180.282568131735,96.9258752105868,-3.68868814416724));
#12133=CARTESIAN_POINT('Ctrl Pts',(180.574080356293,96.6255254435635,-3.7151485401307));
#12134=CARTESIAN_POINT('Ctrl Pts',(180.701991385133,96.1663883273336,-3.74160893609416));
#12135=CARTESIAN_POINT('Ctrl Pts',(180.60776610496,95.7585759275838,-3.76806933205763));
#12136=CARTESIAN_POINT('Ctrl Pts',(180.513540824786,95.3507635278339,-3.79452972802109));
#12137=CARTESIAN_POINT('Ctrl Pts',(180.197179235598,94.9942758445642,-3.82099012398455));
#12138=CARTESIAN_POINT('Ctrl Pts',(179.803455918798,94.8522501232983,-3.84745051994801));
#12139=CARTESIAN_POINT('Ctrl Pts',(179.409732601998,94.7102244020324,-3.87391091591147));
#12140=CARTESIAN_POINT('Ctrl Pts',(178.938647557586,94.7826606427704,-3.90037131187493));
#12141=CARTESIAN_POINT('Ctrl Pts',(178.605780512989,95.0364102981009,-3.92683170783839));
#12142=CARTESIAN_POINT('Ctrl Pts',(178.272913468393,95.2901599534315,-3.95329210380186));
#12143=CARTESIAN_POINT('Ctrl Pts',(178.078264423612,95.7252230233547,-3.97975249976532));
#12144=CARTESIAN_POINT('Ctrl Pts',(178.110909410323,96.1425042970754,-4.00621289572878));
#12145=CARTESIAN_POINT('Ctrl Pts',(178.143554397033,96.559785570796,-4.03267329169224));
#12146=CARTESIAN_POINT('Ctrl Pts',(178.403493415234,96.9592850483141,-4.0591336876557));
#12147=CARTESIAN_POINT('Ctrl Pts',(178.771772187172,97.1581822644993,-4.08559408361917));
#12148=CARTESIAN_POINT('Ctrl Pts',(179.14005095911,97.3570794806845,-4.11205447958263));
#12149=CARTESIAN_POINT('Ctrl Pts',(179.616669484785,97.3553744355367,-4.13851487554609));
#12150=CARTESIAN_POINT('Ctrl Pts',(179.983515787591,97.1538473983238,-4.16497527150955));
#12151=CARTESIAN_POINT('Ctrl Pts',(180.350362090397,96.952320361111,-4.19143566747301));
#12152=CARTESIAN_POINT('Ctrl Pts',(180.607436170334,96.5509713318331,-4.21789606343648));
#12153=CARTESIAN_POINT('Ctrl Pts',(180.637094812835,96.1334671743925,-4.24435645939994));
#12154=CARTESIAN_POINT('Ctrl Pts',(180.666753455336,95.715963016952,-4.2708168553634));
#12155=CARTESIAN_POINT('Ctrl Pts',(180.468996660401,95.2823037313488,-4.29727725132686));
#12156=CARTESIAN_POINT('Ctrl Pts',(180.134322641933,95.0309421234765,-4.32373764729032));
#12157=CARTESIAN_POINT('Ctrl Pts',(179.799648623464,94.7795805156041,-4.35019804325379));
#12158=CARTESIAN_POINT('Ctrl Pts',(179.328057381462,94.7105165854625,-4.37665843921725));
#12159=CARTESIAN_POINT('Ctrl Pts',(178.935360287516,94.8553556305159,-4.40311883518071));
#12160=CARTESIAN_POINT('Ctrl Pts',(178.54266319357,95.0001946755693,-4.42957923114417));
#12161=CARTESIAN_POINT('Ctrl Pts',(178.228860247679,95.3589366958177,-4.45603962710763));
#12162=CARTESIAN_POINT('Ctrl Pts',(178.137555143255,95.7674128082953,-4.48250002307109));
#12163=CARTESIAN_POINT('Ctrl Pts',(178.046250038832,96.1758889207729,-4.50896041903455));
#12164=CARTESIAN_POINT('Ctrl Pts',(178.177442775875,96.6340991254799,-4.53542081499802));
#12165=CARTESIAN_POINT('Ctrl Pts',(178.471096436841,96.9323555318819,-4.56188121096148));
#12166=CARTESIAN_POINT('Ctrl Pts',(178.764750097808,97.2306119382839,-4.58834160692494));
#12167=CARTESIAN_POINT('Ctrl Pts',(179.220864682696,97.3689145463809,-4.6148020028884));
#12168=CARTESIAN_POINT('Ctrl Pts',(179.630711306452,97.2839727924779,-4.64126239885186));
#12169=CARTESIAN_POINT('Ctrl Pts',(180.040557930209,97.1990310385748,-4.66772279481532));
#12170=CARTESIAN_POINT('Ctrl Pts',(180.404136592832,96.8908449226717,-4.69418319077879));
#12171=CARTESIAN_POINT('Ctrl Pts',(180.555065048742,96.5004477431789,-4.72064358674225));
#12172=CARTESIAN_POINT('Ctrl Pts',(180.705993504653,96.110050563686,-4.74710398270571));
#12173=CARTESIAN_POINT('Ctrl Pts',(180.64427175385,95.6374423206035,-4.77356437866917));
#12174=CARTESIAN_POINT('Ctrl Pts',(180.398145137866,95.2988997893556,-4.80002477463263));
#12175=CARTESIAN_POINT('Ctrl Pts',(180.152018521882,94.9603572581076,-4.8264851705961));
#12176=CARTESIAN_POINT('Ctrl Pts',(179.721487040716,94.7558804386942,-4.85294556655956));
#12177=CARTESIAN_POINT('Ctrl Pts',(179.303572142531,94.7790427881996,-4.87940596252302));
#12178=CARTESIAN_POINT('Ctrl Pts',(178.885657244346,94.8022051377049,-4.90586635848648));
#12179=CARTESIAN_POINT('Ctrl Pts',(178.480358929141,95.0530066561289,-4.93232675444994));
#12180=CARTESIAN_POINT('Ctrl Pts',(178.273151348035,95.4166746020517,-4.9587871504134));
#12181=CARTESIAN_POINT('Ctrl Pts',(178.065943766929,95.7803425479746,-4.98524754637686));
#12182=CARTESIAN_POINT('Ctrl Pts',(178.056826919921,96.2568769213962,-5.01170794234032));
#12183=CARTESIAN_POINT('Ctrl Pts',(178.249972893094,96.6282042562464,-5.03816833830379));
#12184=CARTESIAN_POINT('Ctrl Pts',(178.443118866266,96.9995315910966,-5.06462873426725));
#12185=CARTESIAN_POINT('Ctrl Pts',(178.838527659618,97.2656518873752,-5.09108913023072));
#12186=CARTESIAN_POINT('Ctrl Pts',(179.255250802504,97.3047821664812,-5.11754952619418));
#12187=CARTESIAN_POINT('Ctrl Pts',(179.67197394539,97.3439124455872,-5.14400992215764));
#12188=CARTESIAN_POINT('Ctrl Pts',(180.11001143781,97.1560527075206,-5.1704703181211));
#12189=CARTESIAN_POINT('Ctrl Pts',(180.368906902283,96.8271720376194,-5.19693071408456));
#12190=CARTESIAN_POINT('Ctrl Pts',(180.627802366757,96.4982913677182,-5.22339111004802));
#12191=CARTESIAN_POINT('Ctrl Pts',(180.707555803284,96.0283897659825,-5.24985150601148));
#12192=CARTESIAN_POINT('Ctrl Pts',(180.57167014197,95.6325053843649,-5.27631190197495));
#12193=CARTESIAN_POINT('Ctrl Pts',(180.435784480655,95.2366210027473,-5.30277229793841));
#12194=CARTESIAN_POINT('Ctrl Pts',(180.084259721499,94.9147538412478,-5.32923269390187));
#12195=CARTESIAN_POINT('Ctrl Pts',(179.677961957094,94.8141979702152,-5.35569308986533));
#12196=CARTESIAN_POINT('Ctrl Pts',(179.271664192689,94.7136420991826,-5.38215348582879));
#12197=CARTESIAN_POINT('Ctrl Pts',(178.810593423035,94.8343975186169,-5.40861388179225));
#12198=CARTESIAN_POINT('Ctrl Pts',(178.505746601239,95.1212036758035,-5.43507427775572));
#12199=CARTESIAN_POINT('Ctrl Pts',(178.200899779442,95.4080098329901,-5.46153467371918));
#12200=CARTESIAN_POINT('Ctrl Pts',(178.052276905503,95.860866727929,-5.48799506968264));
#12201=CARTESIAN_POINT('Ctrl Pts',(178.127891342286,96.2725362719928,-5.5144554656461));
#12202=CARTESIAN_POINT('Ctrl Pts',(178.203505779068,96.6842058160565,-5.54091586160956));
#12203=CARTESIAN_POINT('Ctrl Pts',(178.503357526573,97.0546880092452,-5.56737625757302));
#12204=CARTESIAN_POINT('Ctrl Pts',(178.890227291644,97.2144413861533,-5.59383665353649));
#12205=CARTESIAN_POINT('Ctrl Pts',(179.277097056715,97.3741947630613,-5.62029704949995));
#12206=CARTESIAN_POINT('Ctrl Pts',(179.750984839352,97.3232193236888,-5.64675744546341));
#12207=CARTESIAN_POINT('Ctrl Pts',(180.095028316391,97.0848426418026,-5.67321784142687));
#12208=CARTESIAN_POINT('Ctrl Pts',(180.439071793429,96.8464659599163,-5.69967823739033));
#12209=CARTESIAN_POINT('Ctrl Pts',(180.653270964868,96.4206880355163,-5.72613863335379));
#12210=CARTESIAN_POINT('Ctrl Pts',(180.639603194042,96.0023549761004,-5.75259902931725));
#12211=CARTESIAN_POINT('Ctrl Pts',(180.625935423216,95.5840219166846,-5.77905942528072));
#12212=CARTESIAN_POINT('Ctrl Pts',(180.384400710124,95.1731337222527,-5.80551982124418));
#12213=CARTESIAN_POINT('Ctrl Pts',(180.025531085609,94.9577226056414,-5.83198021720765));
#12214=CARTESIAN_POINT('Ctrl Pts',(179.666661461093,94.7423114890301,-5.85844061317111));
#12215=CARTESIAN_POINT('Ctrl Pts',(179.190456925154,94.7223774502393,-5.88490100913457));
#12216=CARTESIAN_POINT('Ctrl Pts',(178.814840002382,94.9070427796522,-5.91136140509803));
#12217=CARTESIAN_POINT('Ctrl Pts',(178.439223079611,95.0917081090651,-5.93782180106149));
#12218=CARTESIAN_POINT('Ctrl Pts',(178.164193770007,95.4809728066817,-5.96428219702495));
#12219=CARTESIAN_POINT('Ctrl Pts',(178.115612028616,95.8967000862329,-5.99074259298841));
#12220=CARTESIAN_POINT('Ctrl Pts',(178.067030287224,96.312427365784,-6.01720298895188));
#12221=CARTESIAN_POINT('Ctrl Pts',(178.244896114046,96.7546172272698,-6.04366338491533));
#12222=CARTESIAN_POINT('Ctrl Pts',(178.567813875283,97.0209130703406,-6.07012378087879));
#12223=CARTESIAN_POINT('Ctrl Pts',(178.890731636521,97.2872089134114,-6.09658417684226));
#12224=CARTESIAN_POINT('Ctrl Pts',(179.358701332175,97.3776107380673,-6.12304457280572));
#12225=CARTESIAN_POINT('Ctrl Pts',(179.757568896476,97.2507485186787,-6.14950496876918));
#12226=CARTESIAN_POINT('Ctrl Pts',(180.156436460777,97.12388629929,-6.17596536473265));
#12227=CARTESIAN_POINT('Ctrl Pts',(180.486201893725,96.7797600358569,-6.20242576069611));
#12228=CARTESIAN_POINT('Ctrl Pts',(180.595956688056,96.3758500933188,-6.22888615665957));
#12229=CARTESIAN_POINT('Ctrl Pts',(180.705711482387,95.9719401507808,-6.25534655262303));
#12230=CARTESIAN_POINT('Ctrl Pts',(180.5954556381,95.5082465291379,-6.28180694858649));
#12231=CARTESIAN_POINT('Ctrl Pts',(180.315644852537,95.1969664609638,-6.30826734454995));
#12232=CARTESIAN_POINT('Ctrl Pts',(180.035834066974,94.8856863927898,-6.33472774051342));
#12233=CARTESIAN_POINT('Ctrl Pts',(179.586468340136,94.7268198780846,-6.36118813647688));
#12234=CARTESIAN_POINT('Ctrl Pts',(179.173188119071,94.793068013425,-6.38764853244034));
#12235=CARTESIAN_POINT('Ctrl Pts',(178.759907898006,94.8593161487654,-6.4141089284038));
#12236=CARTESIAN_POINT('Ctrl Pts',(178.382713182714,95.1506789341514,-6.44056932436726));
#12237=CARTESIAN_POINT('Ctrl Pts',(178.214217248408,95.5338218274454,-6.46702972033072));
#12238=CARTESIAN_POINT('Ctrl Pts',(178.045721314101,95.9169647207395,-6.49349011629418));
#12239=CARTESIAN_POINT('Ctrl Pts',(178.085924160779,96.3918877219415,-6.51995051225765));
#12240=CARTESIAN_POINT('Ctrl Pts',(178.316428009373,96.7412547672436,-6.54641090822111));
#12241=CARTESIAN_POINT('Ctrl Pts',(178.546931857966,97.0906218125457,-6.57287130418457));
#12242=CARTESIAN_POINT('Ctrl Pts',(178.967736708476,97.3144329019478,-6.59933170014803));
#12243=CARTESIAN_POINT('Ctrl Pts',(179.386272250326,97.310266756455,-6.62579209611149));
#12244=CARTESIAN_POINT('Ctrl Pts',(179.804807792175,97.3061006109623,-6.65225249207495));
#12245=CARTESIAN_POINT('Ctrl Pts',(180.221074025365,97.0739572305748,-6.67871288803842));
#12246=CARTESIAN_POINT('Ctrl Pts',(180.444577618579,96.7200709488681,-6.70517328400188));
#12247=CARTESIAN_POINT('Ctrl Pts',(180.668081211792,96.3661846671614,-6.73163367996534));
#12248=CARTESIAN_POINT('Ctrl Pts',(180.69882216503,95.8905554841357,-6.7580940759288));
#12249=CARTESIAN_POINT('Ctrl Pts',(180.52273268676,95.5108426292014,-6.78455447189226));
#12250=CARTESIAN_POINT('Ctrl Pts',(180.346643208491,95.1311297742671,-6.81101486785572));
#12251=CARTESIAN_POINT('Ctrl Pts',(179.963723298714,94.8473332474243,-6.83747526381919));
#12252=CARTESIAN_POINT('Ctrl Pts',(179.54920621784,94.7893250908993,-6.86393565978265));
#12253=CARTESIAN_POINT('Ctrl Pts',(179.134689136966,94.7313169343744,-6.89039605574611));
#12254=CARTESIAN_POINT('Ctrl Pts',(178.688574884995,94.8990971481672,-6.91685645170957));
#12255=CARTESIAN_POINT('Ctrl Pts',(178.415015956725,95.215885514941,-6.94331684767304));
#12256=CARTESIAN_POINT('Ctrl Pts',(178.141457028455,95.5326738817147,-6.9697772436365));
#12257=CARTESIAN_POINT('Ctrl Pts',(178.040453423885,95.9984704014694,-6.99623763959996));
#12258=CARTESIAN_POINT('Ctrl Pts',(178.15822679535,96.4001155054272,-7.02269803556342));
#12259=CARTESIAN_POINT('Ctrl Pts',(178.276000166816,96.8017606093849,-7.04915843152688));
#12260=CARTESIAN_POINT('Ctrl Pts',(178.612550514317,97.1392542975457,-7.07561882749034));
#12261=CARTESIAN_POINT('Ctrl Pts',(179.013864392277,97.2581514292042,-7.1020792234538));
#12262=CARTESIAN_POINT('Ctrl Pts',(179.415178270236,97.3770485608627,-7.12853961941727));
#12263=CARTESIAN_POINT('Ctrl Pts',(179.881255678654,97.2773491360188,-7.15500001538073));
#12264=CARTESIAN_POINT('Ctrl Pts',(180.198808507418,97.0046779833388,-7.18146041134419));
#12265=CARTESIAN_POINT('Ctrl Pts',(180.516361336182,96.7320068306587,-7.20792080730765));
#12266=CARTESIAN_POINT('Ctrl Pts',(180.685389585291,96.2863639501425,-7.23438120327112));
#12267=CARTESIAN_POINT('Ctrl Pts',(180.628541906758,95.8716861257957,-7.26084159923458));
#12268=CARTESIAN_POINT('Ctrl Pts',(180.571694228224,95.457008301449,-7.28730199519804));
#12269=CARTESIAN_POINT('Ctrl Pts',(180.288970622047,95.0732955332716,-7.3137623911615));
#12270=CARTESIAN_POINT('Ctrl Pts',(179.909752136433,94.8961439125404,-7.34022278712496));
#12271=CARTESIAN_POINT('Ctrl Pts',(179.530533650818,94.7189922918092,-7.36668318308842));
#12272=CARTESIAN_POINT('Ctrl Pts',(179.054820285765,94.7484018185241,-7.39314357905188));
#12273=CARTESIAN_POINT('Ctrl Pts',(178.700309794382,94.9709139936054,-7.41960397501535));
#12274=CARTESIAN_POINT('Ctrl Pts',(178.345799303,95.1934261686867,-7.44606437097881));
#12275=CARTESIAN_POINT('Ctrl Pts',(178.112491685288,95.6090409921343,-7.47252476694227));
#12276=CARTESIAN_POINT('Ctrl Pts',(178.10715405752,96.0275632332273,-7.49898516290573));
#12277=CARTESIAN_POINT('Ctrl Pts',(178.101816429751,96.4460854743202,-7.52544555886919));
#12278=CARTESIAN_POINT('Ctrl Pts',(178.324448791926,96.8675151330584,-7.55190595483265));
#12279=CARTESIAN_POINT('Ctrl Pts',(178.67316927867,97.0989959717566,-7.57836635079611));
#12280=CARTESIAN_POINT('Ctrl Pts',(179.021889765414,97.3304768104547,-7.60482674675958));
#12281=CARTESIAN_POINT('Ctrl Pts',(179.496698376729,97.3720088291128,-7.63128714272305));
#12282=CARTESIAN_POINT('Ctrl Pts',(179.880311396338,97.2045859879427,-7.65774753868651));
#12283=CARTESIAN_POINT('Ctrl Pts',(180.263924415948,97.0371631467726,-7.68420793464997));
#12284=CARTESIAN_POINT('Ctrl Pts',(180.556341843854,96.6607854457742,-7.71066833061343));
#12285=CARTESIAN_POINT('Ctrl Pts',(180.623746508411,96.2476922749815,-7.73712872657689));
#12286=CARTESIAN_POINT('Ctrl Pts',(180.691151172967,95.8345991041887,-7.76358912254035));
#12287=CARTESIAN_POINT('Ctrl Pts',(180.533543074175,95.3847904636016,-7.79004951850381));
#12288=CARTESIAN_POINT('Ctrl Pts',(180.223047427552,95.1041094881378,-7.81650991446727));
#12289=CARTESIAN_POINT('Ctrl Pts',(179.912551780928,94.823428512674,-7.84297031043074));
#12290=CARTESIAN_POINT('Ctrl Pts',(179.449168586472,94.7118752023335,-7.8694307063942));
#12291=CARTESIAN_POINT('Ctrl Pts',(179.044953017893,94.8204990057909,-7.89589110235766));
#12292=CARTESIAN_POINT('Ctrl Pts',(178.640737449313,94.9291228092482,-7.92235149832112));
#12293=CARTESIAN_POINT('Ctrl Pts',(178.29568950661,95.2579237265033,-7.94881189428458));
#12294=CARTESIAN_POINT('Ctrl Pts',(178.167711337083,95.6564346356189,-7.97527229024804));
#12295=CARTESIAN_POINT('Ctrl Pts',(178.039733167556,96.0549455447345,-8.00173268621151));
#12296=CARTESIAN_POINT('Ctrl Pts',(178.128824771205,96.5231664457106,-8.02819308217497));
#12297=CARTESIAN_POINT('Ctrl Pts',(178.394215710704,96.8468283152462,-8.05465347813843));
#12298=CARTESIAN_POINT('Ctrl Pts',(178.659606650204,97.1704901847819,-8.08111387410189));
#12299=CARTESIAN_POINT('Ctrl Pts',(179.101296925553,97.349593022877,-8.10757427006535));
#12300=CARTESIAN_POINT('Ctrl Pts',(179.517158558903,97.3021751099479,-8.13403466602881));
#12301=CARTESIAN_POINT('Ctrl Pts',(179.933020192254,97.2547571970188,-8.16049506199227));
#12302=CARTESIAN_POINT('Ctrl Pts',(180.323053183606,96.9808185330653,-8.18695545795574));
#12303=CARTESIAN_POINT('Ctrl Pts',(180.5087691572,96.6057199677363,-8.2134158539192));
#12304=CARTESIAN_POINT('Ctrl Pts',(180.694485130793,96.2306214024074,-8.23987624988266));
#12305=CARTESIAN_POINT('Ctrl Pts',(180.675884086628,95.7543629357029,-8.26633664584613));
#12306=CARTESIAN_POINT('Ctrl Pts',(180.461478305035,95.3948917722156,-8.29279704180959));
#12307=CARTESIAN_POINT('Ctrl Pts',(180.247072523441,95.0354206087283,-8.31925743777305));
#12308=CARTESIAN_POINT('Ctrl Pts',(179.83686200442,94.7927367484581,-8.34571783373651));
#12309=CARTESIAN_POINT('Ctrl Pts',(179.418568840416,94.7778980993341,-8.37217822969997));
#12310=CARTESIAN_POINT('Ctrl Pts',(179.000275676413,94.76305945021,-8.39863862566343));
#12311=CARTESIAN_POINT('Ctrl Pts',(178.573899867428,94.976066012232,-8.42509902162689));
#12312=CARTESIAN_POINT('Ctrl Pts',(178.33456112717,95.3194409151749,-8.45155941759035));
#12313=CARTESIAN_POINT('Ctrl Pts',(178.095222386911,95.6628158181179,-8.47801981355382));
#12314=CARTESIAN_POINT('Ctrl Pts',(178.042920715379,96.1365590619817,-8.50448020951728));
#12315=CARTESIAN_POINT('Ctrl Pts',(178.201590601727,96.523874467983,-8.53094060548074));
#12316=CARTESIAN_POINT('Ctrl Pts',(178.360260488075,96.9111898739843,-8.55740100144421));
#12317=CARTESIAN_POINT('Ctrl Pts',(178.729901932303,97.2120774421231,-8.58386139740766));
#12318=CARTESIAN_POINT('Ctrl Pts',(179.141358215732,97.2888438630787,-8.61032179337112));
#12319=CARTESIAN_POINT('Ctrl Pts',(179.552814499161,97.3656102840342,-8.63678218933459));
#12320=CARTESIAN_POINT('Ctrl Pts',(180.006085621791,97.2182555578067,-8.66324258529805));
#12321=CARTESIAN_POINT('Ctrl Pts',(180.293743934548,96.9142127126988,-8.68970298126151));
#12322=CARTESIAN_POINT('Ctrl Pts',(180.581402247306,96.610169867591,-8.71616337722497));
#12323=CARTESIAN_POINT('Ctrl Pts',(180.70344775019,96.149438903603,-8.74262377318843));
#12324=CARTESIAN_POINT('Ctrl Pts',(180.60402951761,95.7428612706838,-8.7690841691519));
#12325=CARTESIAN_POINT('Ctrl Pts',(180.504611285029,95.3362836377646,-8.79554456511536));
#12326=CARTESIAN_POINT('Ctrl Pts',(180.183729316983,94.9838593359142,-8.82200496107882));
#12327=CARTESIAN_POINT('Ctrl Pts',(179.788226835859,94.846866109863,-8.84846535704228));
#12328=CARTESIAN_POINT('Ctrl Pts',(179.392724354734,94.7098728838117,-8.87492575300574));
#12329=CARTESIAN_POINT('Ctrl Pts',(178.922601360531,94.7883107335596,-8.9013861489692));
#12330=CARTESIAN_POINT('Ctrl Pts',(178.592997319661,95.046284633019,-8.92784654493266));
#12331=CARTESIAN_POINT('Ctrl Pts',(178.263393278792,95.3042585324784,-8.95430694089613));
#12332=CARTESIAN_POINT('Ctrl Pts',(178.074308191257,95.7417684816494,-8.98076733685959));
#12333=CARTESIAN_POINT('Ctrl Pts',(178.112271891462,96.158599519393,-9.00722773282305));
#12334=CARTESIAN_POINT('Ctrl Pts',(178.150235591667,96.5754305571365,-9.03368812878652));
#12335=CARTESIAN_POINT('Ctrl Pts',(178.415248079612,96.9715826834528,-9.06014852474998));
#12336=CARTESIAN_POINT('Ctrl Pts',(178.786033336145,97.1657672608472,-9.08660892071344));
#12337=CARTESIAN_POINT('Ctrl Pts',(179.156818592677,97.3599518382416,-9.1130693166769));
#12338=CARTESIAN_POINT('Ctrl Pts',(179.633376617796,97.3521688667142,-9.13952971264036));
#12339=CARTESIAN_POINT('Ctrl Pts',(179.997623121853,97.1459800191934,-9.16599010860382));
#12340=CARTESIAN_POINT('Ctrl Pts',(180.36186962591,96.9397911716727,-9.19245050456728));
#12341=CARTESIAN_POINT('Ctrl Pts',(180.613804608905,96.5351964481586,-9.21891090053075));
#12342=CARTESIAN_POINT('Ctrl Pts',(180.638136629064,96.1173480194735,-9.24537129649421));
#12343=CARTESIAN_POINT('Ctrl Pts',(180.662468649223,95.6994995907884,-9.27183169245767));
#12344=CARTESIAN_POINT('Ctrl Pts',(180.459197706547,95.2683974569323,-9.29829208842113));
#12345=CARTESIAN_POINT('Ctrl Pts',(180.121345420237,95.0213242103135,-9.32475248438459));
#12346=CARTESIAN_POINT('Ctrl Pts',(179.783493133927,94.7742509636946,-9.35121288034805));
#12347=CARTESIAN_POINT('Ctrl Pts',(179.311059503983,94.7112066043131,-9.37767327631152));
#12348=CARTESIAN_POINT('Ctrl Pts',(178.920241398703,94.8610417308524,-9.40413367227498));
#12349=CARTESIAN_POINT('Ctrl Pts',(178.529423293423,95.0108768573918,-9.43059406823844));
#12350=CARTESIAN_POINT('Ctrl Pts',(178.220220712807,95.373591469852,-9.4570544642019));
#12351=CARTESIAN_POINT('Ctrl Pts',(178.1341321137,95.7831987325603,-9.48351486016536));
#12352=CARTESIAN_POINT('Ctrl Pts',(178.048043514593,96.1928059952686,-9.50997525612883));
#12353=CARTESIAN_POINT('Ctrl Pts',(178.185068896995,96.6493059082252,-9.53643565209229));
#12354=CARTESIAN_POINT('Ctrl Pts',(178.482502186074,96.9437932510899,-9.56289604805575));
#12355=CARTESIAN_POINT('Ctrl Pts',(178.779935475153,97.2382805939546,-9.58935644401921));
#12356=CARTESIAN_POINT('Ctrl Pts',(179.237776670908,97.3707553667275,-9.61581683998267));
#12357=CARTESIAN_POINT('Ctrl Pts',(179.646506750082,97.2805939618018,-9.64227723594614));
#12358=CARTESIAN_POINT('Ctrl Pts',(180.055236829255,97.1904325568761,-9.6687376319096));
#12359=CARTESIAN_POINT('Ctrl Pts',(180.414855791848,96.8776349742519,-9.69519802787306));
#12360=CARTESIAN_POINT('Ctrl Pts',(180.560793445212,96.4853448292184,-9.72165842383652));
#12361=CARTESIAN_POINT('Ctrl Pts',(180.706731098575,96.093054684185,-9.74811881979998));
#12362=CARTESIAN_POINT('Ctrl Pts',(180.63898744271,95.6212719767425,-9.77457921576344));
#12363=CARTESIAN_POINT('Ctrl Pts',(180.388563586168,95.2858956975666,-9.8010396117269));
#12364=CARTESIAN_POINT('Ctrl Pts',(180.138139729625,94.9505194183908,-9.82750000769037));
#12365=CARTESIAN_POINT('Ctrl Pts',(179.705035672404,94.7515495674816,-9.85396040365383));
#12366=CARTESIAN_POINT('Ctrl Pts',(179.287450134672,94.7800394821243,-9.88042079961729));
#12367=CARTESIAN_POINT('Ctrl Pts',(178.869864596939,94.808529396767,-9.90688119558075));
#12368=CARTESIAN_POINT('Ctrl Pts',(178.467797578695,95.0644790769617,-9.93334159154421));
#12369=CARTESIAN_POINT('Ctrl Pts',(178.265244512695,95.4307598599872,-9.95980198750767));
#12370=CARTESIAN_POINT('Ctrl Pts',(178.062691446696,95.7970406430127,-9.98626238347114));
#12371=CARTESIAN_POINT('Ctrl Pts',(178.05965233294,96.2736525288692,-10.0127227794346));
#12372=CARTESIAN_POINT('Ctrl Pts',(178.257517942185,96.6424865799514,-10.0391831753981));
#12373=CARTESIAN_POINT('Ctrl Pts',(178.45538355143,97.0113206310337,-10.0656435713615));
#12374=CARTESIAN_POINT('Ctrl Pts',(178.854153883675,97.2723768473417,-10.092103967325));
#12375=CARTESIAN_POINT('Ctrl Pts',(179.271342148104,97.306189693745,-10.1185643632884));
#12376=CARTESIAN_POINT('Ctrl Pts',(179.688530412533,97.3400025401484,-10.1450247592519));
#12377=CARTESIAN_POINT('Ctrl Pts',(180.124136609147,97.1465720166471,-10.1714851552154));
#12378=CARTESIAN_POINT('Ctrl Pts',(180.378816979269,96.814416532521,-10.1979455511788));
#12379=CARTESIAN_POINT('Ctrl Pts',(180.633497349391,96.4822610483949,-10.2244059471423));
#12380=CARTESIAN_POINT('Ctrl Pts',(180.70725189302,96.011380603644,-10.2508663431058));
#12381=CARTESIAN_POINT('Ctrl Pts',(180.566328776363,95.6172612920768,-10.2773267390692));
#12382=CARTESIAN_POINT('Ctrl Pts',(180.425405659705,95.2231419805096,-10.3037871350327));
#12383=CARTESIAN_POINT('Ctrl Pts',(180.06980488276,94.9057838021263,-10.3302475309961));
#12384=CARTESIAN_POINT('Ctrl Pts',(179.662257820838,94.8104174093213,-10.3567079269596));
#12385=CARTESIAN_POINT('Ctrl Pts',(179.254710758915,94.7150510165163,-10.3831683229231));
#12386=CARTESIAN_POINT('Ctrl Pts',(178.795217412013,94.8416764092898,-10.4096287188865));
#12387=CARTESIAN_POINT('Ctrl Pts',(178.494052867047,95.1323467955027,-10.43608911485));
#12388=CARTESIAN_POINT('Ctrl Pts',(178.192888322081,95.4230171817155,-10.4625495108135));
#12389=CARTESIAN_POINT('Ctrl Pts',(178.05005257905,95.8777325613678,-10.4890099067769));
#12390=CARTESIAN_POINT('Ctrl Pts',(178.130910672067,96.2884043589672,-10.5154703027404));
#12391=CARTESIAN_POINT('Ctrl Pts',(178.211768765084,96.6990761565666,-10.5419306987038));
#12392=CARTESIAN_POINT('Ctrl Pts',(178.51632069415,97.0657043721131,-10.5683910946673));
#12393=CARTESIAN_POINT('Ctrl Pts',(178.905196251151,97.2205112121519,-10.5948514906308));
#12394=CARTESIAN_POINT('Ctrl Pts',(179.294071808151,97.3753180521906,-10.6213118865942));
#12395=CARTESIAN_POINT('Ctrl Pts',(179.767270993086,97.3183035167217,-10.6477722825577));
#12396=CARTESIAN_POINT('Ctrl Pts',(180.108246601599,97.0755588133618,-10.6742326785211));
#12397=CARTESIAN_POINT('Ctrl Pts',(180.449222210112,96.832814110002,-10.7006930744846));
#12398=CARTESIAN_POINT('Ctrl Pts',(180.657974242203,96.4043392387512,-10.7271534704481));
#12399=CARTESIAN_POINT('Ctrl Pts',(180.638972801518,95.986214494544,-10.7536138664115));
#12400=CARTESIAN_POINT('Ctrl Pts',(180.619971360833,95.5680897503368,-10.780074262375));
#12401=CARTESIAN_POINT('Ctrl Pts',(180.373216447371,95.1603151331731,-10.8065346583385));
#12402=CARTESIAN_POINT('Ctrl Pts',(180.011628980346,94.9494980080476,-10.8329950543019));
#12403=CARTESIAN_POINT('Ctrl Pts',(179.650041513322,94.738680882922,-10.8594554502654));
#12404=CARTESIAN_POINT('Ctrl Pts',(179.173621492736,94.7248212498347,-10.8859158462288));
#12405=CARTESIAN_POINT('Ctrl Pts',(178.800390053069,94.9142616082673,-10.9123762421923));
#12406=CARTESIAN_POINT('Ctrl Pts',(178.427158613402,95.1037019666999,-10.9388366381558));
#12407=CARTESIAN_POINT('Ctrl Pts',(178.157115754656,95.4964423166523,-10.9652970341192));
#12408=CARTESIAN_POINT('Ctrl Pts',(178.113839515399,95.9127553272692,-10.9917574300827));
#12409=CARTESIAN_POINT('Ctrl Pts',(178.070563276142,96.329068337886,-11.0182178260461));
#12410=CARTESIAN_POINT('Ctrl Pts',(178.254053656375,96.7689540091671,-11.0446782220096));
#12411=CARTESIAN_POINT('Ctrl Pts',(178.58034108863,97.0311101999505,-11.0711386179731));
#12412=CARTESIAN_POINT('Ctrl Pts',(178.906628520885,97.2932663907339,-11.0975990139365));
#12413=CARTESIAN_POINT('Ctrl Pts',(179.375713005162,97.3776931010196,-11.1240594099));
#12414=CARTESIAN_POINT('Ctrl Pts',(179.772930330526,97.24575464549,-11.1505198058635));
#12415=CARTESIAN_POINT('Ctrl Pts',(180.170147655891,97.1138161899604,-11.1769802018269));
#12416=CARTESIAN_POINT('Ctrl Pts',(180.495497822344,96.7655125686154,-11.2034405977904));
#12417=CARTESIAN_POINT('Ctrl Pts',(180.600092835967,96.3602358337256,-11.2299009937538));
#12418=CARTESIAN_POINT('Ctrl Pts',(180.70468784959,95.9549590988357,-11.2563613897173));
#12419=CARTESIAN_POINT('Ctrl Pts',(180.588527710382,95.492709250401,-11.2828217856808));
#12420=CARTESIAN_POINT('Ctrl Pts',(180.304770097568,95.1850227568065,-11.3092821816442));
#12421=CARTESIAN_POINT('Ctrl Pts',(180.021012484754,94.8773362632119,-11.3357425776077));
#12422=CARTESIAN_POINT('Ctrl Pts',(179.569657398333,94.7242131244576,-11.3622029735712));
#12423=CARTESIAN_POINT('Ctrl Pts',(179.157255589908,94.795726252708,-11.3886633695346));
#12424=CARTESIAN_POINT('Ctrl Pts',(178.744853781483,94.8672393809584,-11.4151237654981));
#12425=CARTESIAN_POINT('Ctrl Pts',(178.371405251055,95.1633887762135,-11.4415841614615));
#12426=CARTESIAN_POINT('Ctrl Pts',(178.207809081212,95.5486491823214,-11.468044557425));
#12427=CARTESIAN_POINT('Ctrl Pts',(178.044212911369,95.9339095884294,-11.4945049533885));
#12428=CARTESIAN_POINT('Ctrl Pts',(178.090469102111,96.4082810053902,-11.5209653493519));
#12429=CARTESIAN_POINT('Ctrl Pts',(178.325409412073,96.7546802933275,-11.5474257453154));
#12430=CARTESIAN_POINT('Ctrl Pts',(178.560349722035,97.1010795812647,-11.5738861412788));
#12431=CARTESIAN_POINT('Ctrl Pts',(178.983974151217,97.3195067401786,-11.6003465372423));
#12432=CARTESIAN_POINT('Ctrl Pts',(179.402422712458,97.3100032716814,-11.6268069332058));
#12433=CARTESIAN_POINT('Ctrl Pts',(179.8208712737,97.3004998031843,-11.6532673291692));
#12434=CARTESIAN_POINT('Ctrl Pts',(180.234143967002,97.0630657072762,-11.6797277251327));
#12435=CARTESIAN_POINT('Ctrl Pts',(180.453116088911,96.7063585886393,-11.7061881210962));
#12436=CARTESIAN_POINT('Ctrl Pts',(180.67208821082,96.3496514700024,-11.7326485170596));
#12437=CARTESIAN_POINT('Ctrl Pts',(180.696759761336,95.8736713286368,-11.7591089130231));
#12438=CARTESIAN_POINT('Ctrl Pts',(180.515843083281,95.4962336798226,-11.7855693089865));
#12439=CARTESIAN_POINT('Ctrl Pts',(180.334926405226,95.1187960310084,-11.81202970495));
#12440=CARTESIAN_POINT('Ctrl Pts',(179.948421498599,94.8399008747457,-11.8384901009135));
#12441=CARTESIAN_POINT('Ctrl Pts',(179.533196824866,94.7871861023981,-11.8649504968769));
#12442=CARTESIAN_POINT('Ctrl Pts',(179.117972151132,94.7344713300504,-11.8914108928404));
#12443=CARTESIAN_POINT('Ctrl Pts',(178.674027710292,94.9079369416178,-11.9178712888038));
#12444=CARTESIAN_POINT('Ctrl Pts',(178.404534035158,95.2281828904377,-11.9443316847673));
#12445=CARTESIAN_POINT('Ctrl Pts',(178.135040360023,95.5484288392576,-11.9707920807308));
#12446=CARTESIAN_POINT('Ctrl Pts',(178.039997450594,96.0154551253301,-11.9972524766942));
#12447=CARTESIAN_POINT('Ctrl Pts',(178.16287672707,96.4155763193718,-12.0237128726577));
#12448=CARTESIAN_POINT('Ctrl Pts',(178.285756003546,96.8156975134135,-12.0501732686212));
#12449=CARTESIAN_POINT('Ctrl Pts',(178.626557465927,97.1489136154244,-12.0766336645846));
#12450=CARTESIAN_POINT('Ctrl Pts',(179.029368205825,97.2626615583731,-12.1030940605481));
#12451=CARTESIAN_POINT('Ctrl Pts',(179.432178945722,97.3764095013217,-12.1295544565115));
#12452=CARTESIAN_POINT('Ctrl Pts',(179.896998963137,97.270689285208,-12.156014852475));
#12453=CARTESIAN_POINT('Ctrl Pts',(180.211021615795,96.9940352507904,-12.1824752484385));
#12454=CARTESIAN_POINT('Ctrl Pts',(180.525044268454,96.7173812163728,-12.2089356444019));
#12455=CARTESIAN_POINT('Ctrl Pts',(180.688269556356,96.2697933636512,-12.2353960403654));
#12456=CARTESIAN_POINT('Ctrl Pts',(180.626194684824,95.8557828549868,-12.2618564363288));
#12457=CARTESIAN_POINT('Ctrl Pts',(180.564119813292,95.4417723463224,-12.2883168322923));
#12458=CARTESIAN_POINT('Ctrl Pts',(180.276744782325,95.0613391817151,-12.3147772282558));
#12459=CARTESIAN_POINT('Ctrl Pts',(179.895182705426,94.8892285902215,-12.3412376242192));
#12460=CARTESIAN_POINT('Ctrl Pts',(179.513620628527,94.7171179987279,-12.3676980201827));
#12461=CARTESIAN_POINT('Ctrl Pts',(179.037871505696,94.753329980348,-12.3941584161462));
#12462=CARTESIAN_POINT('Ctrl Pts',(178.68675756651,94.9798643188408,-12.4206188121096));
#12463=CARTESIAN_POINT('Ctrl Pts',(178.335643627325,95.2063986573336,-12.4470792080731));
#12464=CARTESIAN_POINT('Ctrl Pts',(178.109164871787,95.623255352699,-12.4735396040365));
#12465=CARTESIAN_POINT('Ctrl Pts',(178.109164871787,96.0437156921115,-12.5));
#12466=CARTESIAN_POINT('Origin',(106.773664871787,-161.184489436094,-9.5));
#12467=CARTESIAN_POINT('',(31.4573839469981,105.667738652268,-9.5));
#12468=CARTESIAN_POINT('Origin',(32.2722682244347,102.780531764221,-9.5));
#12469=CARTESIAN_POINT('',(56.4392801839048,111.485830778918,-9.5));
#12470=CARTESIAN_POINT('Origin',(106.773664871787,-161.184489436094,-9.5));
#12471=CARTESIAN_POINT('Origin',(56.9838729093152,108.535675060413,-9.5));
#12472=CARTESIAN_POINT('Origin',(54.6239710992037,121.319683173936,-9.5));
#12473=CARTESIAN_POINT('Origin',(54.6239710992037,121.319683173936,-9.5));
#12474=CARTESIAN_POINT('Origin',(158.92335864437,121.319683173937,-9.5));
#12475=CARTESIAN_POINT('',(157.108049559669,111.485830778918,-9.5));
#12476=CARTESIAN_POINT('Origin',(156.563456834258,108.535675060413,-9.5));
#12477=CARTESIAN_POINT('Origin',(158.92335864437,121.319683173937,-9.5));
#12478=CARTESIAN_POINT('Origin',(106.773664871787,-161.184489436094,-9.5));
#12479=CARTESIAN_POINT('',(182.089945796576,105.667738652268,-9.5));
#12480=CARTESIAN_POINT('Origin',(181.275061519139,102.780531764221,-9.5));
#12481=CARTESIAN_POINT('Origin',(106.773664871787,-161.184489436094,-9.5));
#12482=CARTESIAN_POINT('Origin',(179.373664871787,96.0437156921115,-9.5));
#12483=CARTESIAN_POINT('',(176.657383946998,86.4196927319545,-9.5));
#12484=CARTESIAN_POINT('Origin',(177.472268224435,89.3068996200016,-9.5));
#12485=CARTESIAN_POINT('Origin',(179.373664871787,96.0437156921115,-9.5));
#12486=CARTESIAN_POINT('Origin',(106.773664871787,-161.184489436094,-9.5));
#12487=CARTESIAN_POINT('',(36.8899457965761,86.4196927319547,-9.5));
#12488=CARTESIAN_POINT('Origin',(36.0750615191395,89.3068996200018,-9.5));
#12489=CARTESIAN_POINT('Origin',(106.773664871787,-161.184489436094,-9.5));
#12490=CARTESIAN_POINT('Origin',(34.1736648717868,96.0437156921115,-9.5));
#12491=CARTESIAN_POINT('Origin',(34.1736648717868,96.0437156921115,-9.5));
#12492=CARTESIAN_POINT('Origin',(158.92335864437,121.319683173937,-2.5));
#12493=CARTESIAN_POINT('',(149.441596140264,118.142234540877,-5.5));
#12494=CARTESIAN_POINT('',(149.441596140264,118.142234540877,-2.5));
#12495=CARTESIAN_POINT('',(157.108049559669,111.485830778918,-5.5));
#12496=CARTESIAN_POINT('Origin',(158.92335864437,121.319683173937,-5.5));
#12497=CARTESIAN_POINT('',(157.108049559669,111.485830778918,-2.5));
#12498=CARTESIAN_POINT('Origin',(106.773664871787,103.843715692111,-2.5));
#12499=CARTESIAN_POINT('',(64.1057336033097,118.142234540877,-5.5));
#12500=CARTESIAN_POINT('',(64.1057336033097,118.142234540877,-2.5));
#12501=CARTESIAN_POINT('Origin',(106.773664871787,103.843715692111,-5.5));
#12502=CARTESIAN_POINT('Origin',(54.6239710992037,121.319683173936,-2.5));
#12503=CARTESIAN_POINT('',(56.4392801839048,111.485830778918,-5.5));
#12504=CARTESIAN_POINT('',(56.4392801839048,111.485830778918,-2.5));
#12505=CARTESIAN_POINT('Origin',(54.6239710992037,121.319683173936,-5.5));
#12506=CARTESIAN_POINT('Origin',(106.773664871787,-161.184489436094,-2.5));
#12507=CARTESIAN_POINT('',(31.4573839469981,105.667738652268,-5.5));
#12508=CARTESIAN_POINT('',(31.4573839469981,105.667738652268,-2.5));
#12509=CARTESIAN_POINT('Origin',(106.773664871787,-161.184489436094,-5.5));
#12510=CARTESIAN_POINT('Origin',(106.773664871787,-161.184489436094,-5.5));
#12511=CARTESIAN_POINT('',(176.657383946998,86.4196927319545,-5.5));
#12512=CARTESIAN_POINT('Origin',(177.472268224435,89.3068996200016,-5.5));
#12513=CARTESIAN_POINT('',(36.8899457965761,86.4196927319547,-5.5));
#12514=CARTESIAN_POINT('Origin',(36.0750615191395,89.3068996200018,-5.5));
#12515=CARTESIAN_POINT('Origin',(106.773664871787,-161.184489436094,-5.5));
#12516=CARTESIAN_POINT('Origin',(34.1736648717868,96.0437156921115,-5.5));
#12517=CARTESIAN_POINT('Origin',(32.2722682244347,102.780531764221,-5.5));
#12518=CARTESIAN_POINT('Origin',(34.1736648717868,96.0437156921115,-5.5));
#12519=CARTESIAN_POINT('Origin',(106.773664871787,-161.184489436094,-5.5));
#12520=CARTESIAN_POINT('Origin',(56.9838729093152,108.535675060413,-5.5));
#12521=CARTESIAN_POINT('Origin',(54.6239710992037,121.319683173936,-5.5));
#12522=CARTESIAN_POINT('Origin',(66.9502623545415,117.18899995096,-5.5));
#12523=CARTESIAN_POINT('Origin',(106.773664871787,103.843715692111,-5.5));
#12524=CARTESIAN_POINT('Origin',(146.597067389032,117.18899995096,-5.5));
#12525=CARTESIAN_POINT('Origin',(158.92335864437,121.319683173937,-5.5));
#12526=CARTESIAN_POINT('Origin',(156.563456834258,108.535675060413,-5.5));
#12527=CARTESIAN_POINT('Origin',(106.773664871787,-161.184489436094,-5.5));
#12528=CARTESIAN_POINT('',(182.089945796576,105.667738652268,-5.5));
#12529=CARTESIAN_POINT('Origin',(181.275061519139,102.780531764221,-5.5));
#12530=CARTESIAN_POINT('Origin',(106.773664871787,-161.184489436094,-5.5));
#12531=CARTESIAN_POINT('Origin',(179.373664871787,96.0437156921115,-5.5));
#12532=CARTESIAN_POINT('Origin',(179.373664871787,96.0437156921115,-5.5));
#12533=CARTESIAN_POINT('Origin',(106.773664871787,-161.184489436094,-2.5));
#12534=CARTESIAN_POINT('',(182.089945796576,105.667738652268,-2.5));
#12535=CARTESIAN_POINT('Origin',(179.373664871787,96.0437156921115,-2.5));
#12536=CARTESIAN_POINT('',(176.657383946998,86.4196927319545,-2.5));
#12537=CARTESIAN_POINT('Origin',(106.773664871787,-161.184489436094,-2.5));
#12538=CARTESIAN_POINT('',(36.8899457965761,86.4196927319547,-2.5));
#12539=CARTESIAN_POINT('Origin',(98.2736648717868,139.340194390709,-2.5));
#12540=CARTESIAN_POINT('Origin',(115.273664871787,139.340194390709,-2.5));
#12541=CARTESIAN_POINT('Origin',(98.2736648717868,117.463111400973,-2.5));
#12542=CARTESIAN_POINT('Origin',(72.1736648717868,103.843715692111,-5.5));
#12543=CARTESIAN_POINT('',(69.6736648717868,103.843715692111,-9.5));
#12544=CARTESIAN_POINT('Origin',(72.1736648717868,103.843715692111,-9.5));
#12545=CARTESIAN_POINT('',(69.6736648717868,103.843715692111,-5.5));
#12546=CARTESIAN_POINT('Origin',(72.1736648717868,103.843715692111,-5.5));
#12547=CARTESIAN_POINT('Origin',(106.773664871787,103.843715692111,-5.5));
#12548=CARTESIAN_POINT('',(68.6736648717868,103.843715692111,-5.5));
#12549=CARTESIAN_POINT('Origin',(72.1736648717868,103.843715692111,-5.5));
#12550=CARTESIAN_POINT('Origin',(106.773664871787,103.843715692111,-9.5));
#12551=CARTESIAN_POINT('',(68.6736648717868,103.843715692111,-9.5));
#12552=CARTESIAN_POINT('Origin',(72.1736648717868,103.843715692111,-9.5));
#12553=CARTESIAN_POINT('Origin',(72.1736648717868,103.843715692111,-2.5));
#12554=CARTESIAN_POINT('Origin',(141.373664871787,103.843715692111,-5.5));
#12555=CARTESIAN_POINT('',(138.873664871787,103.843715692111,-9.5));
#12556=CARTESIAN_POINT('Origin',(141.373664871787,103.843715692111,-9.5));
#12557=CARTESIAN_POINT('',(138.873664871787,103.843715692111,-5.5));
#12558=CARTESIAN_POINT('Origin',(141.373664871787,103.843715692111,-5.5));
#12559=CARTESIAN_POINT('Origin',(106.773664871787,103.843715692111,-5.5));
#12560=CARTESIAN_POINT('',(137.873664871787,103.843715692111,-5.5));
#12561=CARTESIAN_POINT('Origin',(141.373664871787,103.843715692111,-5.5));
#12562=CARTESIAN_POINT('Origin',(106.773664871787,103.843715692111,-9.5));
#12563=CARTESIAN_POINT('',(137.873664871787,103.843715692111,-9.5));
#12564=CARTESIAN_POINT('Origin',(141.373664871787,103.843715692111,-9.5));
#12565=CARTESIAN_POINT('Origin',(141.373664871787,103.843715692111,-2.5));
#12566=CARTESIAN_POINT('Origin',(141.373664871787,103.843715692111,-2.5));
#12567=CARTESIAN_POINT('Origin',(72.1736648717868,103.843715692111,-2.5));
#12568=CARTESIAN_POINT('Origin',(34.1736648717868,96.0437156921115,-2.5));
#12569=CARTESIAN_POINT('Origin',(179.373664871787,96.0437156921115,-2.5));
#12570=CARTESIAN_POINT('Origin',(34.1736648717868,96.0437156921115,-2.5));
#12571=CARTESIAN_POINT('',(0.,0.,0.));
#12572=UNCERTAINTY_MEASURE_WITH_UNIT(LENGTH_MEASURE(0.01),#12580,
'DISTANCE_ACCURACY_VALUE',
'Maximum model space distance between geometric entities at asserted c
onnectivities');
#12573=UNCERTAINTY_MEASURE_WITH_UNIT(LENGTH_MEASURE(0.01),#12580,
'DISTANCE_ACCURACY_VALUE',
'Maximum model space distance between geometric entities at asserted c
onnectivities');
#12574=UNCERTAINTY_MEASURE_WITH_UNIT(LENGTH_MEASURE(0.01),#12580,
'DISTANCE_ACCURACY_VALUE',
'Maximum model space distance between geometric entities at asserted c
onnectivities');
#12575=(
GEOMETRIC_REPRESENTATION_CONTEXT(3)
GLOBAL_UNCERTAINTY_ASSIGNED_CONTEXT((#12572))
GLOBAL_UNIT_ASSIGNED_CONTEXT((#12580,#12579,#12578))
REPRESENTATION_CONTEXT('','3D')
);
#12576=(
GEOMETRIC_REPRESENTATION_CONTEXT(3)
GLOBAL_UNCERTAINTY_ASSIGNED_CONTEXT((#12573))
GLOBAL_UNIT_ASSIGNED_CONTEXT((#12580,#12579,#12578))
REPRESENTATION_CONTEXT('','3D')
);
#12577=(
GEOMETRIC_REPRESENTATION_CONTEXT(3)
GLOBAL_UNCERTAINTY_ASSIGNED_CONTEXT((#12574))
GLOBAL_UNIT_ASSIGNED_CONTEXT((#12580,#12579,#12578))
REPRESENTATION_CONTEXT('','3D')
);
#12578=(
NAMED_UNIT(*)
SI_UNIT($,.STERADIAN.)
SOLID_ANGLE_UNIT()
);
#12579=(
NAMED_UNIT(*)
PLANE_ANGLE_UNIT()
SI_UNIT($,.RADIAN.)
);
#12580=(
LENGTH_UNIT()
NAMED_UNIT(*)
SI_UNIT(.MILLI.,.METRE.)
);
#12581=SHAPE_DEFINITION_REPRESENTATION(#12583,#12586);
#12582=SHAPE_DEFINITION_REPRESENTATION(#12584,#12587);
#12583=PRODUCT_DEFINITION_SHAPE('',$,#12589);
#12584=PRODUCT_DEFINITION_SHAPE('',$,#12590);
#12585=PRODUCT_DEFINITION_SHAPE($,$,#14);
#12586=SHAPE_REPRESENTATION('',(#3376,#3881),#12575);
#12587=SHAPE_REPRESENTATION('',(#3377),#12576);
#12588=PRODUCT_DEFINITION_CONTEXT('part definition',#12596,'design');
#12589=PRODUCT_DEFINITION('frame','frame',#12591,#12588);
#12590=PRODUCT_DEFINITION('motor','motor',#12592,#12588);
#12591=PRODUCT_DEFINITION_FORMATION('',$,#12598);
#12592=PRODUCT_DEFINITION_FORMATION('',$,#12599);
#12593=PRODUCT_RELATED_PRODUCT_CATEGORY('frame','frame',(#12598));
#12594=PRODUCT_RELATED_PRODUCT_CATEGORY('motor','motor',(#12599));
#12595=APPLICATION_PROTOCOL_DEFINITION('international standard',
'automotive_design',2009,#12596);
#12596=APPLICATION_CONTEXT(
'Core Data for Automotive Mechanical Design Process');
#12597=PRODUCT_CONTEXT('part definition',#12596,'mechanical');
#12598=PRODUCT('frame','frame',$,(#12597));
#12599=PRODUCT('motor','motor',$,(#12597));
#12600=PRESENTATION_STYLE_ASSIGNMENT((#12601));
#12601=SURFACE_STYLE_USAGE(.BOTH.,#12602);
#12602=SURFACE_SIDE_STYLE('',(#12603));
#12603=SURFACE_STYLE_FILL_AREA(#12604);
#12604=FILL_AREA_STYLE('Steel - Satin',(#12605));
#12605=FILL_AREA_STYLE_COLOUR('Steel - Satin',#12606);
#12606=COLOUR_RGB('Steel - Satin',0.627450980392157,0.627450980392157,0.627450980392157);
ENDSEC;
END-ISO-10303-21;
