ISO-10303-21;
HEADER;
/* Generated by software containing ST-Developer
 * from STEP Tools, Inc. (www.steptools.com) 
 */

FILE_DESCRIPTION(
/* description */ (''),
/* implementation_level */ '2;1');

FILE_NAME(
/* name */ 
'/var/folders/lj/0c1qyxjj0xv8qkf4ldmpkq2r0000gn/T/com.autodesk.mas.fus
ion360/Neutron/98786526-3e9f-44bf-9c85-994845eadd12.stp',
/* time_stamp */ '2017-08-24T18:29:17-07:00',
/* author */ (''),
/* organization */ (''),
/* preprocessor_version */ 'ST-DEVELOPER v16.13',
/* originating_system */ 'Autodesk Translation Framework v6.1.1.50',
/* authorisation */ '');

FILE_SCHEMA (('AUTOMOTIVE_DESIGN { 1 0 10303 214 3 1 1 }'));
ENDSEC;

DATA;
#10=MECHANICAL_DESIGN_GEOMETRIC_PRESENTATION_REPRESENTATION('',(#13),#1619);
#11=SHAPE_REPRESENTATION_RELATIONSHIP('SRR','None',#1625,#12);
#12=ADVANCED_BREP_SHAPE_REPRESENTATION('',(#14),#1618);
#13=STYLED_ITEM('',(#1634),#14);
#14=MANIFOLD_SOLID_BREP('Body1',#243);
#15=FACE_BOUND('',#60,.T.);
#16=FACE_BOUND('',#61,.T.);
#17=FACE_BOUND('',#67,.T.);
#18=FACE_BOUND('',#68,.T.);
#19=FACE_BOUND('',#70,.T.);
#20=FACE_BOUND('',#72,.T.);
#21=PLANE('',#251);
#22=PLANE('',#257);
#23=CYLINDRICAL_SURFACE('',#249,6.5);
#24=CYLINDRICAL_SURFACE('',#260,3.5);
#25=CYLINDRICAL_SURFACE('',#261,3.50000000000001);
#26=CYLINDRICAL_SURFACE('',#262,6.5);
#27=LINE('',#959,#31);
#28=LINE('',#974,#32);
#29=LINE('',#977,#33);
#30=LINE('',#1614,#34);
#31=VECTOR('',#273,10.);
#32=VECTOR('',#274,10.);
#33=VECTOR('',#277,10.);
#34=VECTOR('',#302,10.);
#35=(
BOUNDED_SURFACE()
B_SPLINE_SURFACE(5,1,((#918,#919),(#920,#921),(#922,#923),(#924,#925),(#926,
#927),(#928,#929),(#930,#931),(#932,#933),(#934,#935),(#936,#937),(#938,
#939),(#940,#941),(#942,#943),(#944,#945),(#946,#947),(#948,#949),(#950,
#951),(#952,#953),(#954,#955),(#956,#957)),.UNSPECIFIED.,.F.,.F.,.F.)
B_SPLINE_SURFACE_WITH_KNOTS((6,1,1,1,1,1,1,1,1,1,1,1,1,1,1,6),(2,2),(0.,
0.0666666666666667,0.133333333333333,0.2,0.266666666666667,0.333333333333333,
0.4,0.466666666666667,0.533333333333333,0.6,0.666666666666667,0.733333333333333,
0.8,0.866666666666667,0.933333333333333,1.),(0.,0.4),.UNSPECIFIED.)
GEOMETRIC_REPRESENTATION_ITEM()
RATIONAL_B_SPLINE_SURFACE(((1.,1.),(1.,1.),(1.,1.),(1.,1.),(1.,1.),(1.,
1.),(1.,1.),(1.,1.),(1.,1.),(1.,1.),(1.,1.),(1.,1.),(1.,1.),(1.,1.),(1.,
1.),(1.,1.),(1.,1.),(1.,1.),(1.,1.),(1.,1.)))
REPRESENTATION_ITEM('')
SURFACE()
);
#36=(
BOUNDED_SURFACE()
B_SPLINE_SURFACE(5,1,((#1574,#1575),(#1576,#1577),(#1578,#1579),(#1580,
#1581),(#1582,#1583),(#1584,#1585),(#1586,#1587),(#1588,#1589),(#1590,#1591),
(#1592,#1593),(#1594,#1595),(#1596,#1597),(#1598,#1599),(#1600,#1601),(#1602,
#1603),(#1604,#1605),(#1606,#1607),(#1608,#1609),(#1610,#1611),(#1612,#1613)),
 .UNSPECIFIED.,.F.,.F.,.F.)
B_SPLINE_SURFACE_WITH_KNOTS((6,1,1,1,1,1,1,1,1,1,1,1,1,1,1,6),(2,2),(-1.,
-0.933333333333333,-0.866666666666667,-0.8,-0.733333333333333,-0.666666666666667,
-0.6,-0.533333333333333,-0.466666666666667,-0.4,-0.333333333333333,-0.266666666666667,
-0.2,-0.133333333333333,-0.0666666666666667,0.),(0.,0.4),.UNSPECIFIED.)
GEOMETRIC_REPRESENTATION_ITEM()
RATIONAL_B_SPLINE_SURFACE(((1.,1.),(1.,1.),(1.,1.),(1.,1.),(1.,1.),(1.,
1.),(1.,1.),(1.,1.),(1.,1.),(1.,1.),(1.,1.),(1.,1.),(1.,1.),(1.,1.),(1.,
1.),(1.,1.),(1.,1.),(1.,1.),(1.,1.),(1.,1.)))
REPRESENTATION_ITEM('')
SURFACE()
);
#37=FACE_OUTER_BOUND('',#53,.T.);
#38=FACE_OUTER_BOUND('',#54,.T.);
#39=FACE_OUTER_BOUND('',#55,.T.);
#40=FACE_OUTER_BOUND('',#56,.T.);
#41=FACE_OUTER_BOUND('',#57,.T.);
#42=FACE_OUTER_BOUND('',#58,.T.);
#43=FACE_OUTER_BOUND('',#59,.T.);
#44=FACE_OUTER_BOUND('',#62,.T.);
#45=FACE_OUTER_BOUND('',#63,.T.);
#46=FACE_OUTER_BOUND('',#64,.T.);
#47=FACE_OUTER_BOUND('',#65,.T.);
#48=FACE_OUTER_BOUND('',#66,.T.);
#49=FACE_OUTER_BOUND('',#69,.T.);
#50=FACE_OUTER_BOUND('',#71,.T.);
#51=FACE_OUTER_BOUND('',#73,.T.);
#52=FACE_OUTER_BOUND('',#74,.T.);
#53=EDGE_LOOP('',(#155,#156,#157,#158));
#54=EDGE_LOOP('',(#159,#160,#161,#162));
#55=EDGE_LOOP('',(#163,#164,#165,#166));
#56=EDGE_LOOP('',(#167,#168,#169,#170));
#57=EDGE_LOOP('',(#171,#172,#173,#174));
#58=EDGE_LOOP('',(#175,#176,#177,#178));
#59=EDGE_LOOP('',(#179,#180,#181,#182));
#60=EDGE_LOOP('',(#183));
#61=EDGE_LOOP('',(#184));
#62=EDGE_LOOP('',(#185,#186,#187,#188));
#63=EDGE_LOOP('',(#189,#190,#191,#192));
#64=EDGE_LOOP('',(#193,#194,#195,#196));
#65=EDGE_LOOP('',(#197,#198,#199,#200));
#66=EDGE_LOOP('',(#201,#202,#203,#204));
#67=EDGE_LOOP('',(#205));
#68=EDGE_LOOP('',(#206));
#69=EDGE_LOOP('',(#207));
#70=EDGE_LOOP('',(#208));
#71=EDGE_LOOP('',(#209));
#72=EDGE_LOOP('',(#210));
#73=EDGE_LOOP('',(#211,#212,#213,#214));
#74=EDGE_LOOP('',(#215,#216,#217,#218));
#75=CIRCLE('',#245,5.);
#76=CIRCLE('',#246,6.5);
#77=CIRCLE('',#247,6.5);
#78=CIRCLE('',#248,5.);
#79=CIRCLE('',#250,6.5);
#80=CIRCLE('',#252,3.5);
#81=CIRCLE('',#253,3.50000000000001);
#82=CIRCLE('',#254,5.);
#83=CIRCLE('',#255,5.);
#84=CIRCLE('',#256,6.5);
#85=CIRCLE('',#258,3.5);
#86=CIRCLE('',#259,3.50000000000001);
#87=B_SPLINE_CURVE_WITH_KNOTS('',3,(#408,#409,#410,#411,#412,#413,#414,
#415,#416,#417),.UNSPECIFIED.,.F.,.F.,(4,1,1,1,1,1,1,4),(-1.,-0.857142857142857,
-0.714285714285714,-0.571428571428571,-0.428571428571429,-0.285714285714286,
-0.142857142857143,0.),.UNSPECIFIED.);
#88=B_SPLINE_CURVE_WITH_KNOTS('',3,(#421,#422,#423,#424,#425,#426,#427,
#428,#429,#430),.UNSPECIFIED.,.F.,.F.,(4,1,1,1,1,1,1,4),(0.,0.142857142857143,
0.285714285714286,0.428571428571429,0.571428571428571,0.714285714285714,
0.857142857142857,1.),.UNSPECIFIED.);
#89=B_SPLINE_CURVE_WITH_KNOTS('',3,(#603,#604,#605,#606,#607,#608,#609,
#610,#611,#612,#613,#614,#615,#616,#617,#618,#619),.UNSPECIFIED.,.F.,.F.,
(4,1,1,1,1,1,1,1,1,1,1,1,1,1,4),(-6.34561921373438,-6.23230458491769,-6.11898995610101,
-5.89236069846764,-5.66573144083427,-5.43910218320089,-4.98584366793415,
-4.53258515266741,-4.07932663740067,-3.62606812213393,-2.71955109160045,
-1.81303406106696,-0.906517030533482,-0.453258515266741,0.),
 .UNSPECIFIED.);
#90=B_SPLINE_CURVE_WITH_KNOTS('',3,(#621,#622,#623,#624,#625,#626,#627,
#628,#629,#630),.UNSPECIFIED.,.F.,.F.,(4,1,1,1,1,1,1,4),(-1.,-0.857142857142857,
-0.714285714285714,-0.571428571428571,-0.428571428571429,-0.285714285714286,
-0.142857142857143,0.),.UNSPECIFIED.);
#91=B_SPLINE_CURVE_WITH_KNOTS('',3,(#631,#632,#633,#634,#635,#636,#637,
#638,#639,#640,#641,#642,#643,#644,#645,#646,#647),.UNSPECIFIED.,.F.,.F.,
(4,1,1,1,1,1,1,1,1,1,1,1,1,1,4),(0.,0.453258515266741,0.906517030533482,
1.81303406106696,2.71955109160045,3.62606812213393,4.07932663740067,4.53258515266741,
4.98584366793415,5.43910218320089,5.66573144083427,5.89236069846764,6.11898995610101,
6.23230458491769,6.34561921373438),.UNSPECIFIED.);
#92=B_SPLINE_CURVE_WITH_KNOTS('',3,(#750,#751,#752,#753,#754,#755,#756,
#757,#758,#759),.UNSPECIFIED.,.F.,.F.,(4,1,1,1,1,1,1,4),(0.,0.142857142857143,
0.285714285714286,0.428571428571429,0.571428571428571,0.714285714285714,
0.857142857142857,1.),.UNSPECIFIED.);
#93=B_SPLINE_CURVE_WITH_KNOTS('',3,(#892,#893,#894,#895,#896,#897,#898,
#899,#900,#901,#902,#903,#904),.UNSPECIFIED.,.F.,.F.,(4,1,1,1,1,1,1,1,1,
1,4),(-5.90325591646792,-5.48159477957735,-5.05993364268679,-4.21661136890565,
-3.37328909512452,-2.95162795823396,-2.52996682134339,-1.68664454756226,
-0.843322273781132,-0.421661136890566,-9.34782661258447E-16),
 .UNSPECIFIED.);
#94=B_SPLINE_CURVE_WITH_KNOTS('',3,(#905,#906,#907,#908,#909,#910,#911,
#912,#913,#914,#915,#916,#917),.UNSPECIFIED.,.F.,.F.,(4,1,1,1,1,1,1,1,1,
1,4),(9.34782661258447E-16,0.421661136890566,0.843322273781132,1.68664454756226,
2.52996682134339,2.95162795823396,3.37328909512452,4.21661136890565,5.05993364268679,
5.48159477957735,5.90325591646792),.UNSPECIFIED.);
#95=B_SPLINE_CURVE_WITH_KNOTS('',3,(#961,#962,#963,#964,#965,#966,#967,
#968,#969,#970,#971,#972,#973),.UNSPECIFIED.,.F.,.F.,(4,1,1,1,1,1,1,1,1,
1,4),(0.,0.421661136890566,0.843322273781131,1.68664454756226,2.52996682134339,
2.95162795823396,3.37328909512452,4.21661136890565,5.05993364268679,5.48159477957735,
5.90325591646792),.UNSPECIFIED.);
#96=B_SPLINE_CURVE_WITH_KNOTS('',3,(#1115,#1116,#1117,#1118,#1119,#1120,
#1121,#1122,#1123,#1124),.UNSPECIFIED.,.F.,.F.,(4,1,1,1,1,1,1,4),(0.,0.142857142857143,
0.285714285714286,0.428571428571429,0.571428571428571,0.714285714285714,
0.857142857142857,1.),.UNSPECIFIED.);
#97=B_SPLINE_CURVE_WITH_KNOTS('',3,(#1126,#1127,#1128,#1129,#1130,#1131,
#1132,#1133,#1134,#1135,#1136,#1137,#1138),.UNSPECIFIED.,.F.,.F.,(4,1,1,
1,1,1,1,1,1,1,4),(-5.90325591646792,-5.48159477957735,-5.05993364268679,
-4.21661136890565,-3.37328909512452,-2.95162795823396,-2.52996682134339,
-1.68664454756226,-0.843322273781131,-0.421661136890566,0.),
 .UNSPECIFIED.);
#98=B_SPLINE_CURVE_WITH_KNOTS('',3,(#1139,#1140,#1141,#1142,#1143,#1144,
#1145,#1146,#1147,#1148),.UNSPECIFIED.,.F.,.F.,(4,1,1,1,1,1,1,4),(-1.,-0.857142857142857,
-0.714285714285714,-0.571428571428571,-0.428571428571429,-0.285714285714286,
-0.142857142857143,0.),.UNSPECIFIED.);
#99=B_SPLINE_CURVE_WITH_KNOTS('',3,(#1250,#1251,#1252,#1253,#1254,#1255,
#1256,#1257,#1258,#1259),.UNSPECIFIED.,.F.,.F.,(4,1,1,1,1,1,1,4),(0.,0.142857142857143,
0.285714285714286,0.428571428571429,0.571428571428571,0.714285714285714,
0.857142857142857,1.),.UNSPECIFIED.);
#100=B_SPLINE_CURVE_WITH_KNOTS('',3,(#1423,#1424,#1425,#1426,#1427,#1428,
#1429,#1430,#1431,#1432),.UNSPECIFIED.,.F.,.F.,(4,1,1,1,1,1,1,4),(0.,0.142857142857143,
0.285714285714286,0.428571428571429,0.571428571428571,0.714285714285714,
0.857142857142857,1.),.UNSPECIFIED.);
#101=B_SPLINE_CURVE_WITH_KNOTS('',3,(#1433,#1434,#1435,#1436,#1437,#1438,
#1439,#1440,#1441,#1442,#1443,#1444,#1445,#1446,#1447,#1448),
 .UNSPECIFIED.,.F.,.F.,(4,1,1,1,1,1,1,1,1,1,1,1,1,4),(-6.34561921373438,
-5.89236069846763,-5.43910218320089,-4.53258515266741,-3.62606812213393,
-2.71955109160045,-1.81303406106696,-1.35977554580022,-0.906517030533482,
-0.679887772900112,-0.453258515266741,-0.226629257633371,-0.113314628816685,
0.),.UNSPECIFIED.);
#102=B_SPLINE_CURVE_WITH_KNOTS('',3,(#1449,#1450,#1451,#1452,#1453,#1454,
#1455,#1456,#1457,#1458,#1459,#1460,#1461,#1462,#1463,#1464),
 .UNSPECIFIED.,.F.,.F.,(4,1,1,1,1,1,1,1,1,1,1,1,1,4),(0.,0.113314628816685,
0.226629257633371,0.453258515266741,0.679887772900112,0.906517030533482,
1.35977554580022,1.81303406106696,2.71955109160045,3.62606812213393,4.53258515266741,
5.43910218320089,5.89236069846763,6.34561921373438),.UNSPECIFIED.);
#103=VERTEX_POINT('',#406);
#104=VERTEX_POINT('',#407);
#105=VERTEX_POINT('',#418);
#106=VERTEX_POINT('',#420);
#107=VERTEX_POINT('',#602);
#108=VERTEX_POINT('',#620);
#109=VERTEX_POINT('',#748);
#110=VERTEX_POINT('',#749);
#111=VERTEX_POINT('',#958);
#112=VERTEX_POINT('',#960);
#113=VERTEX_POINT('',#976);
#114=VERTEX_POINT('',#980);
#115=VERTEX_POINT('',#982);
#116=VERTEX_POINT('',#1114);
#117=VERTEX_POINT('',#1125);
#118=VERTEX_POINT('',#1249);
#119=VERTEX_POINT('',#1421);
#120=VERTEX_POINT('',#1422);
#121=VERTEX_POINT('',#1568);
#122=VERTEX_POINT('',#1570);
#123=EDGE_CURVE('',#103,#104,#87,.T.);
#124=EDGE_CURVE('',#104,#105,#75,.T.);
#125=EDGE_CURVE('',#105,#106,#88,.T.);
#126=EDGE_CURVE('',#106,#103,#76,.T.);
#127=EDGE_CURVE('',#105,#107,#89,.T.);
#128=EDGE_CURVE('',#107,#108,#90,.T.);
#129=EDGE_CURVE('',#108,#106,#91,.T.);
#130=EDGE_CURVE('',#109,#110,#92,.T.);
#131=EDGE_CURVE('',#110,#108,#77,.T.);
#132=EDGE_CURVE('',#107,#109,#78,.T.);
#133=EDGE_CURVE('',#103,#110,#93,.T.);
#134=EDGE_CURVE('',#109,#104,#94,.T.);
#135=EDGE_CURVE('',#103,#111,#27,.T.);
#136=EDGE_CURVE('',#112,#111,#95,.T.);
#137=EDGE_CURVE('',#110,#112,#28,.T.);
#138=EDGE_CURVE('',#106,#113,#29,.T.);
#139=EDGE_CURVE('',#111,#113,#79,.T.);
#140=EDGE_CURVE('',#114,#114,#80,.T.);
#141=EDGE_CURVE('',#115,#115,#81,.T.);
#142=EDGE_CURVE('',#111,#116,#96,.T.);
#143=EDGE_CURVE('',#116,#117,#97,.T.);
#144=EDGE_CURVE('',#117,#112,#98,.T.);
#145=EDGE_CURVE('',#113,#118,#99,.T.);
#146=EDGE_CURVE('',#118,#116,#82,.T.);
#147=EDGE_CURVE('',#119,#120,#100,.T.);
#148=EDGE_CURVE('',#120,#118,#101,.T.);
#149=EDGE_CURVE('',#113,#119,#102,.T.);
#150=EDGE_CURVE('',#117,#120,#83,.T.);
#151=EDGE_CURVE('',#119,#112,#84,.T.);
#152=EDGE_CURVE('',#121,#121,#85,.T.);
#153=EDGE_CURVE('',#122,#122,#86,.T.);
#154=EDGE_CURVE('',#108,#119,#30,.T.);
#155=ORIENTED_EDGE('',*,*,#123,.T.);
#156=ORIENTED_EDGE('',*,*,#124,.T.);
#157=ORIENTED_EDGE('',*,*,#125,.T.);
#158=ORIENTED_EDGE('',*,*,#126,.T.);
#159=ORIENTED_EDGE('',*,*,#125,.F.);
#160=ORIENTED_EDGE('',*,*,#127,.T.);
#161=ORIENTED_EDGE('',*,*,#128,.T.);
#162=ORIENTED_EDGE('',*,*,#129,.T.);
#163=ORIENTED_EDGE('',*,*,#130,.T.);
#164=ORIENTED_EDGE('',*,*,#131,.T.);
#165=ORIENTED_EDGE('',*,*,#128,.F.);
#166=ORIENTED_EDGE('',*,*,#132,.T.);
#167=ORIENTED_EDGE('',*,*,#123,.F.);
#168=ORIENTED_EDGE('',*,*,#133,.T.);
#169=ORIENTED_EDGE('',*,*,#130,.F.);
#170=ORIENTED_EDGE('',*,*,#134,.T.);
#171=ORIENTED_EDGE('',*,*,#133,.F.);
#172=ORIENTED_EDGE('',*,*,#135,.T.);
#173=ORIENTED_EDGE('',*,*,#136,.F.);
#174=ORIENTED_EDGE('',*,*,#137,.F.);
#175=ORIENTED_EDGE('',*,*,#126,.F.);
#176=ORIENTED_EDGE('',*,*,#138,.T.);
#177=ORIENTED_EDGE('',*,*,#139,.F.);
#178=ORIENTED_EDGE('',*,*,#135,.F.);
#179=ORIENTED_EDGE('',*,*,#124,.F.);
#180=ORIENTED_EDGE('',*,*,#134,.F.);
#181=ORIENTED_EDGE('',*,*,#132,.F.);
#182=ORIENTED_EDGE('',*,*,#127,.F.);
#183=ORIENTED_EDGE('',*,*,#140,.F.);
#184=ORIENTED_EDGE('',*,*,#141,.F.);
#185=ORIENTED_EDGE('',*,*,#142,.T.);
#186=ORIENTED_EDGE('',*,*,#143,.T.);
#187=ORIENTED_EDGE('',*,*,#144,.T.);
#188=ORIENTED_EDGE('',*,*,#136,.T.);
#189=ORIENTED_EDGE('',*,*,#145,.T.);
#190=ORIENTED_EDGE('',*,*,#146,.T.);
#191=ORIENTED_EDGE('',*,*,#142,.F.);
#192=ORIENTED_EDGE('',*,*,#139,.T.);
#193=ORIENTED_EDGE('',*,*,#147,.T.);
#194=ORIENTED_EDGE('',*,*,#148,.T.);
#195=ORIENTED_EDGE('',*,*,#145,.F.);
#196=ORIENTED_EDGE('',*,*,#149,.T.);
#197=ORIENTED_EDGE('',*,*,#144,.F.);
#198=ORIENTED_EDGE('',*,*,#150,.T.);
#199=ORIENTED_EDGE('',*,*,#147,.F.);
#200=ORIENTED_EDGE('',*,*,#151,.T.);
#201=ORIENTED_EDGE('',*,*,#143,.F.);
#202=ORIENTED_EDGE('',*,*,#146,.F.);
#203=ORIENTED_EDGE('',*,*,#148,.F.);
#204=ORIENTED_EDGE('',*,*,#150,.F.);
#205=ORIENTED_EDGE('',*,*,#152,.T.);
#206=ORIENTED_EDGE('',*,*,#153,.T.);
#207=ORIENTED_EDGE('',*,*,#152,.F.);
#208=ORIENTED_EDGE('',*,*,#140,.T.);
#209=ORIENTED_EDGE('',*,*,#153,.F.);
#210=ORIENTED_EDGE('',*,*,#141,.T.);
#211=ORIENTED_EDGE('',*,*,#129,.F.);
#212=ORIENTED_EDGE('',*,*,#154,.T.);
#213=ORIENTED_EDGE('',*,*,#149,.F.);
#214=ORIENTED_EDGE('',*,*,#138,.F.);
#215=ORIENTED_EDGE('',*,*,#131,.F.);
#216=ORIENTED_EDGE('',*,*,#137,.T.);
#217=ORIENTED_EDGE('',*,*,#151,.F.);
#218=ORIENTED_EDGE('',*,*,#154,.F.);
#219=B_SPLINE_SURFACE_WITH_KNOTS('',3,3,((#306,#307,#308,#309,#310,#311,
#312,#313,#314,#315),(#316,#317,#318,#319,#320,#321,#322,#323,#324,#325),
(#326,#327,#328,#329,#330,#331,#332,#333,#334,#335),(#336,#337,#338,#339,
#340,#341,#342,#343,#344,#345),(#346,#347,#348,#349,#350,#351,#352,#353,
#354,#355),(#356,#357,#358,#359,#360,#361,#362,#363,#364,#365),(#366,#367,
#368,#369,#370,#371,#372,#373,#374,#375),(#376,#377,#378,#379,#380,#381,
#382,#383,#384,#385),(#386,#387,#388,#389,#390,#391,#392,#393,#394,#395),
(#396,#397,#398,#399,#400,#401,#402,#403,#404,#405)),.UNSPECIFIED.,.F.,
 .F.,.F.,(4,1,1,1,1,1,1,4),(4,1,1,1,1,1,1,4),(0.,0.142857142857143,0.285714285714286,
0.428571428571429,0.571428571428571,0.714285714285714,0.857142857142857,
1.),(-1.83065607525906,-1.3076114823279,-0.784566889396741,-0.26152229646558,
0.26152229646558,0.784566889396741,1.3076114823279,1.83065607525906),
 .UNSPECIFIED.);
#220=B_SPLINE_SURFACE_WITH_KNOTS('',3,3,((#432,#433,#434,#435,#436,#437,
#438,#439,#440,#441,#442,#443,#444,#445,#446,#447,#448),(#449,#450,#451,
#452,#453,#454,#455,#456,#457,#458,#459,#460,#461,#462,#463,#464,#465),
(#466,#467,#468,#469,#470,#471,#472,#473,#474,#475,#476,#477,#478,#479,
#480,#481,#482),(#483,#484,#485,#486,#487,#488,#489,#490,#491,#492,#493,
#494,#495,#496,#497,#498,#499),(#500,#501,#502,#503,#504,#505,#506,#507,
#508,#509,#510,#511,#512,#513,#514,#515,#516),(#517,#518,#519,#520,#521,
#522,#523,#524,#525,#526,#527,#528,#529,#530,#531,#532,#533),(#534,#535,
#536,#537,#538,#539,#540,#541,#542,#543,#544,#545,#546,#547,#548,#549,#550),
(#551,#552,#553,#554,#555,#556,#557,#558,#559,#560,#561,#562,#563,#564,
#565,#566,#567),(#568,#569,#570,#571,#572,#573,#574,#575,#576,#577,#578,
#579,#580,#581,#582,#583,#584),(#585,#586,#587,#588,#589,#590,#591,#592,
#593,#594,#595,#596,#597,#598,#599,#600,#601)),.UNSPECIFIED.,.F.,.F.,.F.,
(4,1,1,1,1,1,1,4),(4,1,1,1,1,1,1,1,1,1,1,1,1,1,4),(0.,0.142857142857143,
0.285714285714286,0.428571428571429,0.571428571428571,0.714285714285714,
0.857142857142857,1.),(0.,0.453258515266741,0.906517030533482,1.81303406106696,
2.71955109160045,3.62606812213393,4.07932663740067,4.53258515266741,4.98584366793415,
5.43910218320089,5.66573144083427,5.89236069846764,6.11898995610101,6.23230458491769,
6.34561921373438),.UNSPECIFIED.);
#221=B_SPLINE_SURFACE_WITH_KNOTS('',3,3,((#648,#649,#650,#651,#652,#653,
#654,#655,#656,#657),(#658,#659,#660,#661,#662,#663,#664,#665,#666,#667),
(#668,#669,#670,#671,#672,#673,#674,#675,#676,#677),(#678,#679,#680,#681,
#682,#683,#684,#685,#686,#687),(#688,#689,#690,#691,#692,#693,#694,#695,
#696,#697),(#698,#699,#700,#701,#702,#703,#704,#705,#706,#707),(#708,#709,
#710,#711,#712,#713,#714,#715,#716,#717),(#718,#719,#720,#721,#722,#723,
#724,#725,#726,#727),(#728,#729,#730,#731,#732,#733,#734,#735,#736,#737),
(#738,#739,#740,#741,#742,#743,#744,#745,#746,#747)),.UNSPECIFIED.,.F.,
 .F.,.F.,(4,1,1,1,1,1,1,4),(4,1,1,1,1,1,1,4),(0.,0.142857142857143,0.285714285714286,
0.428571428571429,0.571428571428571,0.714285714285714,0.857142857142857,
1.),(-1.94996456098129,-1.39283182927235,-0.835699097563408,-0.278566365854469,
0.27856636585447,0.835699097563409,1.39283182927235,1.94996456098129),
 .UNSPECIFIED.);
#222=B_SPLINE_SURFACE_WITH_KNOTS('',3,3,((#762,#763,#764,#765,#766,#767,
#768,#769,#770,#771,#772,#773,#774),(#775,#776,#777,#778,#779,#780,#781,
#782,#783,#784,#785,#786,#787),(#788,#789,#790,#791,#792,#793,#794,#795,
#796,#797,#798,#799,#800),(#801,#802,#803,#804,#805,#806,#807,#808,#809,
#810,#811,#812,#813),(#814,#815,#816,#817,#818,#819,#820,#821,#822,#823,
#824,#825,#826),(#827,#828,#829,#830,#831,#832,#833,#834,#835,#836,#837,
#838,#839),(#840,#841,#842,#843,#844,#845,#846,#847,#848,#849,#850,#851,
#852),(#853,#854,#855,#856,#857,#858,#859,#860,#861,#862,#863,#864,#865),
(#866,#867,#868,#869,#870,#871,#872,#873,#874,#875,#876,#877,#878),(#879,
#880,#881,#882,#883,#884,#885,#886,#887,#888,#889,#890,#891)),
 .UNSPECIFIED.,.F.,.F.,.F.,(4,1,1,1,1,1,1,4),(4,1,1,1,1,1,1,1,1,1,4),(0.,
0.142857142857143,0.285714285714286,0.428571428571429,0.571428571428571,
0.714285714285714,0.857142857142857,1.),(9.34782661258447E-16,0.421661136890566,
0.843322273781132,1.68664454756226,2.52996682134339,2.95162795823396,3.37328909512452,
4.21661136890565,5.05993364268679,5.48159477957735,5.90325591646792),
 .UNSPECIFIED.);
#223=B_SPLINE_SURFACE_WITH_KNOTS('',3,3,((#984,#985,#986,#987,#988,#989,
#990,#991,#992,#993,#994,#995,#996),(#997,#998,#999,#1000,#1001,#1002,#1003,
#1004,#1005,#1006,#1007,#1008,#1009),(#1010,#1011,#1012,#1013,#1014,#1015,
#1016,#1017,#1018,#1019,#1020,#1021,#1022),(#1023,#1024,#1025,#1026,#1027,
#1028,#1029,#1030,#1031,#1032,#1033,#1034,#1035),(#1036,#1037,#1038,#1039,
#1040,#1041,#1042,#1043,#1044,#1045,#1046,#1047,#1048),(#1049,#1050,#1051,
#1052,#1053,#1054,#1055,#1056,#1057,#1058,#1059,#1060,#1061),(#1062,#1063,
#1064,#1065,#1066,#1067,#1068,#1069,#1070,#1071,#1072,#1073,#1074),(#1075,
#1076,#1077,#1078,#1079,#1080,#1081,#1082,#1083,#1084,#1085,#1086,#1087),
(#1088,#1089,#1090,#1091,#1092,#1093,#1094,#1095,#1096,#1097,#1098,#1099,
#1100),(#1101,#1102,#1103,#1104,#1105,#1106,#1107,#1108,#1109,#1110,#1111,
#1112,#1113)),.UNSPECIFIED.,.F.,.F.,.F.,(4,1,1,1,1,1,1,4),(4,1,1,1,1,1,
1,1,1,1,4),(0.,0.142857142857143,0.285714285714286,0.428571428571429,0.571428571428571,
0.714285714285714,0.857142857142857,1.),(0.,0.421661136890566,0.843322273781131,
1.68664454756226,2.52996682134339,2.95162795823396,3.37328909512452,4.21661136890565,
5.05993364268679,5.48159477957735,5.90325591646792),.UNSPECIFIED.);
#224=B_SPLINE_SURFACE_WITH_KNOTS('',3,3,((#1149,#1150,#1151,#1152,#1153,
#1154,#1155,#1156,#1157,#1158),(#1159,#1160,#1161,#1162,#1163,#1164,#1165,
#1166,#1167,#1168),(#1169,#1170,#1171,#1172,#1173,#1174,#1175,#1176,#1177,
#1178),(#1179,#1180,#1181,#1182,#1183,#1184,#1185,#1186,#1187,#1188),(#1189,
#1190,#1191,#1192,#1193,#1194,#1195,#1196,#1197,#1198),(#1199,#1200,#1201,
#1202,#1203,#1204,#1205,#1206,#1207,#1208),(#1209,#1210,#1211,#1212,#1213,
#1214,#1215,#1216,#1217,#1218),(#1219,#1220,#1221,#1222,#1223,#1224,#1225,
#1226,#1227,#1228),(#1229,#1230,#1231,#1232,#1233,#1234,#1235,#1236,#1237,
#1238),(#1239,#1240,#1241,#1242,#1243,#1244,#1245,#1246,#1247,#1248)),
 .UNSPECIFIED.,.F.,.F.,.F.,(4,1,1,1,1,1,1,4),(4,1,1,1,1,1,1,4),(0.,0.142857142857143,
0.285714285714286,0.428571428571429,0.571428571428571,0.714285714285714,
0.857142857142857,1.),(-1.83065607525906,-1.3076114823279,-0.784566889396741,
-0.26152229646558,0.26152229646558,0.78456688939674,1.3076114823279,1.83065607525906),
 .UNSPECIFIED.);
#225=B_SPLINE_SURFACE_WITH_KNOTS('',3,3,((#1261,#1262,#1263,#1264,#1265,
#1266,#1267,#1268,#1269,#1270,#1271,#1272,#1273,#1274,#1275,#1276),(#1277,
#1278,#1279,#1280,#1281,#1282,#1283,#1284,#1285,#1286,#1287,#1288,#1289,
#1290,#1291,#1292),(#1293,#1294,#1295,#1296,#1297,#1298,#1299,#1300,#1301,
#1302,#1303,#1304,#1305,#1306,#1307,#1308),(#1309,#1310,#1311,#1312,#1313,
#1314,#1315,#1316,#1317,#1318,#1319,#1320,#1321,#1322,#1323,#1324),(#1325,
#1326,#1327,#1328,#1329,#1330,#1331,#1332,#1333,#1334,#1335,#1336,#1337,
#1338,#1339,#1340),(#1341,#1342,#1343,#1344,#1345,#1346,#1347,#1348,#1349,
#1350,#1351,#1352,#1353,#1354,#1355,#1356),(#1357,#1358,#1359,#1360,#1361,
#1362,#1363,#1364,#1365,#1366,#1367,#1368,#1369,#1370,#1371,#1372),(#1373,
#1374,#1375,#1376,#1377,#1378,#1379,#1380,#1381,#1382,#1383,#1384,#1385,
#1386,#1387,#1388),(#1389,#1390,#1391,#1392,#1393,#1394,#1395,#1396,#1397,
#1398,#1399,#1400,#1401,#1402,#1403,#1404),(#1405,#1406,#1407,#1408,#1409,
#1410,#1411,#1412,#1413,#1414,#1415,#1416,#1417,#1418,#1419,#1420)),
 .UNSPECIFIED.,.F.,.F.,.F.,(4,1,1,1,1,1,1,4),(4,1,1,1,1,1,1,1,1,1,1,1,1,
4),(0.,0.142857142857143,0.285714285714286,0.428571428571429,0.571428571428571,
0.714285714285714,0.857142857142857,1.),(0.,0.113314628816685,0.226629257633371,
0.453258515266741,0.679887772900112,0.906517030533482,1.35977554580022,
1.81303406106696,2.71955109160045,3.62606812213393,4.53258515266741,5.43910218320089,
5.89236069846763,6.34561921373438),.UNSPECIFIED.);
#226=B_SPLINE_SURFACE_WITH_KNOTS('',3,3,((#1465,#1466,#1467,#1468,#1469,
#1470,#1471,#1472,#1473,#1474),(#1475,#1476,#1477,#1478,#1479,#1480,#1481,
#1482,#1483,#1484),(#1485,#1486,#1487,#1488,#1489,#1490,#1491,#1492,#1493,
#1494),(#1495,#1496,#1497,#1498,#1499,#1500,#1501,#1502,#1503,#1504),(#1505,
#1506,#1507,#1508,#1509,#1510,#1511,#1512,#1513,#1514),(#1515,#1516,#1517,
#1518,#1519,#1520,#1521,#1522,#1523,#1524),(#1525,#1526,#1527,#1528,#1529,
#1530,#1531,#1532,#1533,#1534),(#1535,#1536,#1537,#1538,#1539,#1540,#1541,
#1542,#1543,#1544),(#1545,#1546,#1547,#1548,#1549,#1550,#1551,#1552,#1553,
#1554),(#1555,#1556,#1557,#1558,#1559,#1560,#1561,#1562,#1563,#1564)),
 .UNSPECIFIED.,.F.,.F.,.F.,(4,1,1,1,1,1,1,4),(4,1,1,1,1,1,1,4),(0.,0.142857142857143,
0.285714285714286,0.428571428571429,0.571428571428571,0.714285714285714,
0.857142857142857,1.),(-1.94996456098128,-1.39283182927234,-0.835699097563406,
-0.278566365854468,0.27856636585447,0.835699097563408,1.39283182927235,
1.94996456098129),.UNSPECIFIED.);
#227=ADVANCED_FACE('',(#37),#219,.F.);
#228=ADVANCED_FACE('',(#38),#220,.F.);
#229=ADVANCED_FACE('',(#39),#221,.F.);
#230=ADVANCED_FACE('',(#40),#222,.F.);
#231=ADVANCED_FACE('',(#41),#35,.T.);
#232=ADVANCED_FACE('',(#42),#23,.T.);
#233=ADVANCED_FACE('',(#43,#15,#16),#21,.F.);
#234=ADVANCED_FACE('',(#44),#223,.F.);
#235=ADVANCED_FACE('',(#45),#224,.F.);
#236=ADVANCED_FACE('',(#46),#225,.F.);
#237=ADVANCED_FACE('',(#47),#226,.F.);
#238=ADVANCED_FACE('',(#48,#17,#18),#22,.T.);
#239=ADVANCED_FACE('',(#49,#19),#24,.F.);
#240=ADVANCED_FACE('',(#50,#20),#25,.F.);
#241=ADVANCED_FACE('',(#51),#36,.T.);
#242=ADVANCED_FACE('',(#52),#26,.T.);
#243=CLOSED_SHELL('',(#227,#228,#229,#230,#231,#232,#233,#234,#235,#236,
#237,#238,#239,#240,#241,#242));
#244=AXIS2_PLACEMENT_3D('placement',#305,#263,#264);
#245=AXIS2_PLACEMENT_3D('',#419,#265,#266);
#246=AXIS2_PLACEMENT_3D('',#431,#267,#268);
#247=AXIS2_PLACEMENT_3D('',#760,#269,#270);
#248=AXIS2_PLACEMENT_3D('',#761,#271,#272);
#249=AXIS2_PLACEMENT_3D('',#975,#275,#276);
#250=AXIS2_PLACEMENT_3D('',#978,#278,#279);
#251=AXIS2_PLACEMENT_3D('',#979,#280,#281);
#252=AXIS2_PLACEMENT_3D('',#981,#282,#283);
#253=AXIS2_PLACEMENT_3D('',#983,#284,#285);
#254=AXIS2_PLACEMENT_3D('',#1260,#286,#287);
#255=AXIS2_PLACEMENT_3D('',#1565,#288,#289);
#256=AXIS2_PLACEMENT_3D('',#1566,#290,#291);
#257=AXIS2_PLACEMENT_3D('',#1567,#292,#293);
#258=AXIS2_PLACEMENT_3D('',#1569,#294,#295);
#259=AXIS2_PLACEMENT_3D('',#1571,#296,#297);
#260=AXIS2_PLACEMENT_3D('',#1572,#298,#299);
#261=AXIS2_PLACEMENT_3D('',#1573,#300,#301);
#262=AXIS2_PLACEMENT_3D('',#1615,#303,#304);
#263=DIRECTION('axis',(0.,0.,1.));
#264=DIRECTION('refdir',(1.,0.,0.));
#265=DIRECTION('center_axis',(0.,0.,1.));
#266=DIRECTION('ref_axis',(-0.980119467251916,-0.198408240539096,0.));
#267=DIRECTION('center_axis',(0.,0.,-1.));
#268=DIRECTION('ref_axis',(-0.980119467251916,-0.198408240539096,0.));
#269=DIRECTION('center_axis',(0.,0.,-1.));
#270=DIRECTION('ref_axis',(0.442768559928676,0.896635936341326,0.));
#271=DIRECTION('center_axis',(0.,0.,1.));
#272=DIRECTION('ref_axis',(0.442768559928676,0.896635936341326,0.));
#273=DIRECTION('',(0.,0.,1.));
#274=DIRECTION('',(0.,0.,1.));
#275=DIRECTION('center_axis',(0.,0.,1.));
#276=DIRECTION('ref_axis',(1.,0.,0.));
#277=DIRECTION('',(0.,0.,1.));
#278=DIRECTION('center_axis',(0.,0.,1.));
#279=DIRECTION('ref_axis',(-0.980119467251916,-0.198408240539096,0.));
#280=DIRECTION('center_axis',(0.,0.,1.));
#281=DIRECTION('ref_axis',(1.,0.,0.));
#282=DIRECTION('center_axis',(0.,0.,-1.));
#283=DIRECTION('ref_axis',(1.,0.,0.));
#284=DIRECTION('center_axis',(0.,0.,-1.));
#285=DIRECTION('ref_axis',(1.,0.,0.));
#286=DIRECTION('center_axis',(0.,0.,-1.));
#287=DIRECTION('ref_axis',(-0.980119467251916,-0.198408240539096,0.));
#288=DIRECTION('center_axis',(0.,0.,-1.));
#289=DIRECTION('ref_axis',(0.442768559928676,0.896635936341326,0.));
#290=DIRECTION('center_axis',(0.,0.,1.));
#291=DIRECTION('ref_axis',(0.442768559928676,0.896635936341326,0.));
#292=DIRECTION('center_axis',(0.,0.,1.));
#293=DIRECTION('ref_axis',(1.,0.,0.));
#294=DIRECTION('center_axis',(0.,0.,-1.));
#295=DIRECTION('ref_axis',(1.,0.,0.));
#296=DIRECTION('center_axis',(0.,0.,-1.));
#297=DIRECTION('ref_axis',(1.,0.,0.));
#298=DIRECTION('center_axis',(0.,0.,1.));
#299=DIRECTION('ref_axis',(1.,0.,0.));
#300=DIRECTION('center_axis',(0.,0.,1.));
#301=DIRECTION('ref_axis',(1.,0.,0.));
#302=DIRECTION('',(0.,0.,1.));
#303=DIRECTION('center_axis',(0.,0.,1.));
#304=DIRECTION('ref_axis',(1.,0.,0.));
#305=CARTESIAN_POINT('',(0.,0.,0.));
#306=CARTESIAN_POINT('Ctrl Pts',(15.034496184888,66.8792821199782,8.5));
#307=CARTESIAN_POINT('Ctrl Pts',(14.1643304605084,66.9316649669356,8.5));
#308=CARTESIAN_POINT('Ctrl Pts',(12.3974383075014,66.5706954977246,8.5));
#309=CARTESIAN_POINT('Ctrl Pts',(10.3689023066304,64.7781992176357,8.5));
#310=CARTESIAN_POINT('Ctrl Pts',(9.51124603688252,62.2113020503039,8.5));
#311=CARTESIAN_POINT('Ctrl Pts',(10.0460637862688,59.5585249989673,8.5));
#312=CARTESIAN_POINT('Ctrl Pts',(11.8374721404239,57.5287854542147,8.5));
#313=CARTESIAN_POINT('Ctrl Pts',(14.4022774568788,56.6659027790753,8.5));
#314=CARTESIAN_POINT('Ctrl Pts',(16.1706820565289,57.0204624278246,8.5));
#315=CARTESIAN_POINT('Ctrl Pts',(16.9519650563531,57.4071525165598,8.5));
#316=CARTESIAN_POINT('Ctrl Pts',(15.0412382582381,66.991279109093,8.5));
#317=CARTESIAN_POINT('Ctrl Pts',(14.1515610457149,67.0448365223068,8.5));
#318=CARTESIAN_POINT('Ctrl Pts',(12.3450077815819,66.6757501190914,8.5));
#319=CARTESIAN_POINT('Ctrl Pts',(10.2709786148221,64.8430358467071,8.5));
#320=CARTESIAN_POINT('Ctrl Pts',(9.39406930143348,62.2185485432616,8.5));
#321=CARTESIAN_POINT('Ctrl Pts',(9.94089420549441,59.5062605001072,8.5));
#322=CARTESIAN_POINT('Ctrl Pts',(11.7724962451378,57.4309738021107,8.5));
#323=CARTESIAN_POINT('Ctrl Pts',(14.3948264934254,56.548734355992,8.5));
#324=CARTESIAN_POINT('Ctrl Pts',(16.2029335356263,56.9112346795399,8.5));
#325=CARTESIAN_POINT('Ctrl Pts',(17.0017350305609,57.3065954144178,8.5));
#326=CARTESIAN_POINT('Ctrl Pts',(15.0545800479489,67.2129083022842,8.5011505518799));
#327=CARTESIAN_POINT('Ctrl Pts',(14.1262447254024,67.2687928835354,8.5011505518799));
#328=CARTESIAN_POINT('Ctrl Pts',(12.2412448530546,66.8836968125734,8.50115055187989));
#329=CARTESIAN_POINT('Ctrl Pts',(10.0771048038968,64.9713783602546,8.5011505518799));
#330=CARTESIAN_POINT('Ctrl Pts',(9.16211882047306,62.232892509208,8.5011505518799));
#331=CARTESIAN_POINT('Ctrl Pts',(9.73268604308329,59.4027850071194,8.5011505518799));
#332=CARTESIAN_POINT('Ctrl Pts',(11.6438438284028,57.2373654173452,8.5011505518799));
#333=CARTESIAN_POINT('Ctrl Pts',(14.3801010125976,56.3168014259843,8.5011505518799));
#334=CARTESIAN_POINT('Ctrl Pts',(16.2667132119108,56.6950645597223,8.5011505518799));
#335=CARTESIAN_POINT('Ctrl Pts',(17.100224099919,57.1076044451648,8.5011505518799));
#336=CARTESIAN_POINT('Ctrl Pts',(15.0744394440791,67.5428057176247,8.57487674880613));
#337=CARTESIAN_POINT('Ctrl Pts',(14.0885853935692,67.6021528516284,8.57487674880613));
#338=CARTESIAN_POINT('Ctrl Pts',(12.086797231978,67.1931990013157,8.57487674880612));
#339=CARTESIAN_POINT('Ctrl Pts',(9.7885700455091,65.1623978397294,8.57487674880613));
#340=CARTESIAN_POINT('Ctrl Pts',(8.81689473392057,62.2542416002125,8.57487674880612));
#341=CARTESIAN_POINT('Ctrl Pts',(9.42281216592166,59.2487864251846,8.57487674880613));
#342=CARTESIAN_POINT('Ctrl Pts',(11.4523807376676,56.9492032206615,8.57487674880613));
#343=CARTESIAN_POINT('Ctrl Pts',(14.3581721231208,55.9716028964139,8.57487674880613));
#344=CARTESIAN_POINT('Ctrl Pts',(16.3616717401166,56.3733038232704,8.57487674880613));
#345=CARTESIAN_POINT('Ctrl Pts',(17.2468261289779,56.8114042673478,8.57487674880613));
#346=CARTESIAN_POINT('Ctrl Pts',(15.0933925139828,67.857647555362,8.75144460218806));
#347=CARTESIAN_POINT('Ctrl Pts',(14.0526496942958,67.9202989220135,8.75144460218806));
#348=CARTESIAN_POINT('Ctrl Pts',(11.939399101966,67.488570524311,8.75144460218806));
#349=CARTESIAN_POINT('Ctrl Pts',(9.51321310927059,65.3446956999745,8.75144460218806));
#350=CARTESIAN_POINT('Ctrl Pts',(8.48743319465792,62.274615959068,8.75144460218806));
#351=CARTESIAN_POINT('Ctrl Pts',(9.12708950016271,59.1018211767298,8.75144460218806));
#352=CARTESIAN_POINT('Ctrl Pts',(11.2696631293777,56.6741972340817,8.75144460218806));
#353=CARTESIAN_POINT('Ctrl Pts',(14.3372419893676,55.6421656316097,8.75144460218806));
#354=CARTESIAN_POINT('Ctrl Pts',(16.4523010923461,56.0662295373098,8.75144460218806));
#355=CARTESIAN_POINT('Ctrl Pts',(17.3867376593464,56.5287218212736,8.75144460218806));
#356=CARTESIAN_POINT('Ctrl Pts',(15.1095338294732,68.1257815019115,9.01988282493573));
#357=CARTESIAN_POINT('Ctrl Pts',(14.0220580486324,68.1912461321556,9.01988282493573));
#358=CARTESIAN_POINT('Ctrl Pts',(11.8138704411177,67.7401074478245,9.01988282493572));
#359=CARTESIAN_POINT('Ctrl Pts',(9.27873202775959,65.4999385836492,9.01988282493573));
#360=CARTESIAN_POINT('Ctrl Pts',(8.20686786532468,62.291966621276,9.01988282493572));
#361=CARTESIAN_POINT('Ctrl Pts',(8.87526280631322,58.9766724058013,9.01988282493573));
#362=CARTESIAN_POINT('Ctrl Pts',(11.1140721391007,56.4400030998456,9.01988282493573));
#363=CARTESIAN_POINT('Ctrl Pts',(14.3194116924626,55.3616206746526,9.01988282493573));
#364=CARTESIAN_POINT('Ctrl Pts',(16.5294968145186,55.8047165167038,9.01988282493573));
#365=CARTESIAN_POINT('Ctrl Pts',(17.5058928233332,56.2879763078092,9.01988282493573));
#366=CARTESIAN_POINT('Ctrl Pts',(15.1201142997352,68.3015406120879,9.33515508086812));
#367=CARTESIAN_POINT('Ctrl Pts',(14.0019481337492,68.3688527636755,9.33515508086812));
#368=CARTESIAN_POINT('Ctrl Pts',(11.7315767815696,67.9050551740618,9.33515508086812));
#369=CARTESIAN_POINT('Ctrl Pts',(9.12491744100771,65.6017453508782,9.33515508086812));
#370=CARTESIAN_POINT('Ctrl Pts',(8.02287340932298,62.303344664391,9.33515508086812));
#371=CARTESIAN_POINT('Ctrl Pts',(8.71008374374742,58.89457767229,9.33515508086812));
#372=CARTESIAN_POINT('Ctrl Pts',(11.0119953899451,56.2864298590865,9.33515508086812));
#373=CARTESIAN_POINT('Ctrl Pts',(14.3077474070744,55.1776409147841,9.33515508086812));
#374=CARTESIAN_POINT('Ctrl Pts',(16.5800463001003,55.6332718499922,9.33515508086812));
#375=CARTESIAN_POINT('Ctrl Pts',(17.5839978371323,56.1301700405686,9.33515508086812));
#376=CARTESIAN_POINT('Ctrl Pts',(15.1245702995698,68.3755621391554,9.66580574256242));
#377=CARTESIAN_POINT('Ctrl Pts',(13.9935517169486,68.4436479895394,9.66580574256242));
#378=CARTESIAN_POINT('Ctrl Pts',(11.6969323655074,67.9744372955449,9.66580574256242));
#379=CARTESIAN_POINT('Ctrl Pts',(9.06028354186338,65.6445623680833,9.66580574256243));
#380=CARTESIAN_POINT('Ctrl Pts',(7.94549371400858,62.308130390976,9.66580574256242));
#381=CARTESIAN_POINT('Ctrl Pts',(8.64065679744124,58.8600806848811,9.66580574256242));
#382=CARTESIAN_POINT('Ctrl Pts',(10.969117789096,56.2218299288466,9.66580574256242));
#383=CARTESIAN_POINT('Ctrl Pts',(14.3028053520586,55.1002657031101,9.66580574256242));
#384=CARTESIAN_POINT('Ctrl Pts',(16.6014008716787,55.5610997785252,9.66580574256242));
#385=CARTESIAN_POINT('Ctrl Pts',(17.6168920204678,56.0637094123244,9.66580574256242));
#386=CARTESIAN_POINT('Ctrl Pts',(15.1246310661176,68.3765715720167,9.88780026237179));
#387=CARTESIAN_POINT('Ctrl Pts',(13.9933870133002,68.4446709954138,9.88780026237179));
#388=CARTESIAN_POINT('Ctrl Pts',(11.6964504009308,67.975442758158,9.88780026237179));
#389=CARTESIAN_POINT('Ctrl Pts',(9.05930190419601,65.6451870352274,9.88780026237179));
#390=CARTESIAN_POINT('Ctrl Pts',(7.94436265703739,62.3081999031014,9.88780026237179));
#391=CARTESIAN_POINT('Ctrl Pts',(8.63961451891901,58.8595569229196,9.88780026237179));
#392=CARTESIAN_POINT('Ctrl Pts',(10.9684557353787,56.2208953321519,9.88780026237179));
#393=CARTESIAN_POINT('Ctrl Pts',(14.3027583316059,55.0991358812345,9.88780026237179));
#394=CARTESIAN_POINT('Ctrl Pts',(16.6016470105985,55.5600932578135,9.88780026237179));
#395=CARTESIAN_POINT('Ctrl Pts',(17.6173405990222,56.0628030875728,9.88780026237179));
#396=CARTESIAN_POINT('Ctrl Pts',(15.1246310661176,68.3765715720167,10.));
#397=CARTESIAN_POINT('Ctrl Pts',(13.9934156244242,68.4446692730613,10.));
#398=CARTESIAN_POINT('Ctrl Pts',(11.696455825515,67.9754089630871,10.));
#399=CARTESIAN_POINT('Ctrl Pts',(9.0593590243827,65.6451637989715,10.));
#400=CARTESIAN_POINT('Ctrl Pts',(7.94440587371045,62.3081974814401,10.));
#401=CARTESIAN_POINT('Ctrl Pts',(8.6396689479126,58.8595873147025,10.));
#402=CARTESIAN_POINT('Ctrl Pts',(10.9684998083143,56.2209259065242,10.));
#403=CARTESIAN_POINT('Ctrl Pts',(14.3027467197056,55.099178428843,10.));
#404=CARTESIAN_POINT('Ctrl Pts',(16.6016726992508,55.5601059722169,10.));
#405=CARTESIAN_POINT('Ctrl Pts',(17.6173405990222,56.0628030875728,10.));
#406=CARTESIAN_POINT('',(15.1246310661176,68.3765715720167,10.));
#407=CARTESIAN_POINT('',(15.034496184888,66.8792821199782,8.5));
#408=CARTESIAN_POINT('Ctrl Pts',(15.1246310661176,68.3765715720167,10.));
#409=CARTESIAN_POINT('Ctrl Pts',(15.1246310661176,68.3765715720167,9.88780026237179));
#410=CARTESIAN_POINT('Ctrl Pts',(15.1245702995698,68.3755621391554,9.66580574256242));
#411=CARTESIAN_POINT('Ctrl Pts',(15.1201142997352,68.3015406120879,9.33515508086812));
#412=CARTESIAN_POINT('Ctrl Pts',(15.1095338294732,68.1257815019115,9.01988282493573));
#413=CARTESIAN_POINT('Ctrl Pts',(15.0933925139828,67.857647555362,8.75144460218806));
#414=CARTESIAN_POINT('Ctrl Pts',(15.0744394440791,67.5428057176247,8.57487674880613));
#415=CARTESIAN_POINT('Ctrl Pts',(15.0545800479489,67.2129083022842,8.5011505518799));
#416=CARTESIAN_POINT('Ctrl Pts',(15.0412382582381,66.991279109093,8.5));
#417=CARTESIAN_POINT('Ctrl Pts',(15.034496184888,66.8792821199782,8.5));
#418=CARTESIAN_POINT('',(16.9519650563531,57.4071525165598,8.5));
#419=CARTESIAN_POINT('Origin',(14.7340465807894,61.8883172798499,8.5));
#420=CARTESIAN_POINT('',(17.6173405990222,56.0628030875727,10.));
#421=CARTESIAN_POINT('Ctrl Pts',(16.9519650563531,57.4071525165598,8.5));
#422=CARTESIAN_POINT('Ctrl Pts',(17.0017350305609,57.3065954144178,8.5));
#423=CARTESIAN_POINT('Ctrl Pts',(17.100224099919,57.1076044451648,8.5011505518799));
#424=CARTESIAN_POINT('Ctrl Pts',(17.2468261289779,56.8114042673478,8.57487674880613));
#425=CARTESIAN_POINT('Ctrl Pts',(17.3867376593464,56.5287218212736,8.75144460218806));
#426=CARTESIAN_POINT('Ctrl Pts',(17.5058928233332,56.2879763078092,9.01988282493573));
#427=CARTESIAN_POINT('Ctrl Pts',(17.5839978371323,56.1301700405686,9.33515508086812));
#428=CARTESIAN_POINT('Ctrl Pts',(17.6168920204678,56.0637094123244,9.66580574256242));
#429=CARTESIAN_POINT('Ctrl Pts',(17.6173405990222,56.0628030875728,9.88780026237179));
#430=CARTESIAN_POINT('Ctrl Pts',(17.6173405990222,56.0628030875728,10.));
#431=CARTESIAN_POINT('Origin',(14.7340465807894,61.8883172798499,10.));
#432=CARTESIAN_POINT('Ctrl Pts',(61.7952470487701,101.86002011511,10.));
#433=CARTESIAN_POINT('Ctrl Pts',(60.7726777939048,100.939469102302,10.));
#434=CARTESIAN_POINT('Ctrl Pts',(58.9989027725758,98.8434770134843,10.));
#435=CARTESIAN_POINT('Ctrl Pts',(56.1950532778742,93.7077523230892,10.));
#436=CARTESIAN_POINT('Ctrl Pts',(52.8860789613947,86.3034107056961,10.));
#437=CARTESIAN_POINT('Ctrl Pts',(47.6718535999959,78.0685686135786,10.));
#438=CARTESIAN_POINT('Ctrl Pts',(42.4657223438608,72.2666183161368,10.));
#439=CARTESIAN_POINT('Ctrl Pts',(37.5822542016798,68.1915839310809,10.));
#440=CARTESIAN_POINT('Ctrl Pts',(33.5601394981027,65.4983026459111,10.));
#441=CARTESIAN_POINT('Ctrl Pts',(29.2659836867976,63.2386755148362,10.));
#442=CARTESIAN_POINT('Ctrl Pts',(25.7185226774447,61.6430963920248,10.));
#443=CARTESIAN_POINT('Ctrl Pts',(23.2232387142393,60.2145221363772,10.));
#444=CARTESIAN_POINT('Ctrl Pts',(21.5150111040537,58.9619495035388,10.));
#445=CARTESIAN_POINT('Ctrl Pts',(20.1094550733843,57.7490139815056,10.));
#446=CARTESIAN_POINT('Ctrl Pts',(18.8078287174437,56.7390267779071,10.));
#447=CARTESIAN_POINT('Ctrl Pts',(18.0269463863856,56.2655343620247,10.));
#448=CARTESIAN_POINT('Ctrl Pts',(17.6173405990222,56.0628030875727,10.));
#449=CARTESIAN_POINT('Ctrl Pts',(61.7952470487701,101.86002011511,9.8878002623718));
#450=CARTESIAN_POINT('Ctrl Pts',(60.772688621133,100.939478849334,9.8878002623718));
#451=CARTESIAN_POINT('Ctrl Pts',(58.9989133434906,98.8434871747299,9.8878002623718));
#452=CARTESIAN_POINT('Ctrl Pts',(56.1950676095407,93.7077746752267,9.88780026237179));
#453=CARTESIAN_POINT('Ctrl Pts',(52.8860801206569,86.3034118877444,9.8878002623718));
#454=CARTESIAN_POINT('Ctrl Pts',(47.6718569993742,78.068570249021,9.88780026237179));
#455=CARTESIAN_POINT('Ctrl Pts',(42.4657297993895,72.2666230477012,9.88780026237179));
#456=CARTESIAN_POINT('Ctrl Pts',(37.5822529580829,68.1915812221649,9.88780026237179));
#457=CARTESIAN_POINT('Ctrl Pts',(33.5601351864973,65.4982984262003,9.88780026237179));
#458=CARTESIAN_POINT('Ctrl Pts',(29.2659748002621,63.2386702519334,9.8878002623718));
#459=CARTESIAN_POINT('Ctrl Pts',(25.7185121149506,61.6430900517507,9.88780026237179));
#460=CARTESIAN_POINT('Ctrl Pts',(23.2232465535794,60.2145257608964,9.88780026237179));
#461=CARTESIAN_POINT('Ctrl Pts',(21.5150327280155,58.9619635274026,9.88780026237179));
#462=CARTESIAN_POINT('Ctrl Pts',(20.1094841832158,57.749033415137,9.88780026237179));
#463=CARTESIAN_POINT('Ctrl Pts',(18.8078474732978,56.7390374911088,9.88780026237179));
#464=CARTESIAN_POINT('Ctrl Pts',(18.0269540587221,56.2655381593894,9.88780026237179));
#465=CARTESIAN_POINT('Ctrl Pts',(17.6173405990222,56.0628030875727,9.88780026237179));
#466=CARTESIAN_POINT('Ctrl Pts',(61.7944761973042,101.860876394662,9.66577034036997));
#467=CARTESIAN_POINT('Ctrl Pts',(60.771831622281,100.940257576131,9.66577034036997));
#468=CARTESIAN_POINT('Ctrl Pts',(58.9979326216315,98.8441107921787,9.66577034036997));
#469=CARTESIAN_POINT('Ctrl Pts',(56.1939981398519,93.7082145330503,9.66577034036997));
#470=CARTESIAN_POINT('Ctrl Pts',(52.8850551963432,86.3039460897187,9.66577034036998));
#471=CARTESIAN_POINT('Ctrl Pts',(47.6709284164391,78.0692648340912,9.66577034036997));
#472=CARTESIAN_POINT('Ctrl Pts',(42.4649115410263,72.2674424445304,9.66577034036997));
#473=CARTESIAN_POINT('Ctrl Pts',(37.5815619975654,68.1925072276211,9.66577034036997));
#474=CARTESIAN_POINT('Ctrl Pts',(33.5595480292062,65.4992944391448,9.66577034036997));
#475=CARTESIAN_POINT('Ctrl Pts',(29.2654939817795,63.2397185017209,9.66577034036998));
#476=CARTESIAN_POINT('Ctrl Pts',(25.7180304799221,61.6441394272716,9.66577034036997));
#477=CARTESIAN_POINT('Ctrl Pts',(23.2226120334464,60.2154924817563,9.66577034036997));
#478=CARTESIAN_POINT('Ctrl Pts',(21.5142842642114,58.9628438959247,9.66577034036997));
#479=CARTESIAN_POINT('Ctrl Pts',(20.1087087773669,57.7498909128099,9.66577034036997));
#480=CARTESIAN_POINT('Ctrl Pts',(18.8071672125084,56.7399725413146,9.66577034036997));
#481=CARTESIAN_POINT('Ctrl Pts',(18.0263819428578,56.2665405313291,9.66577034036997));
#482=CARTESIAN_POINT('Ctrl Pts',(17.6168295284894,56.0638356734358,9.66577034036997));
#483=CARTESIAN_POINT('Ctrl Pts',(61.7451492093698,101.9156699483,9.33527641681697));
#484=CARTESIAN_POINT('Ctrl Pts',(60.7175667448541,100.990605876646,9.33527641681697));
#485=CARTESIAN_POINT('Ctrl Pts',(58.935737071459,98.884555590993,9.33527641681697));
#486=CARTESIAN_POINT('Ctrl Pts',(56.1263232117406,93.737547592188,9.33527641681697));
#487=CARTESIAN_POINT('Ctrl Pts',(52.8195315532036,86.3381925570749,9.33527641681697));
#488=CARTESIAN_POINT('Ctrl Pts',(47.6116885877889,78.1137983238658,9.33527641681698));
#489=CARTESIAN_POINT('Ctrl Pts',(42.4129467093749,72.3201270123279,9.33527641681697));
#490=CARTESIAN_POINT('Ctrl Pts',(37.5372812428578,68.2516187721382,9.33527641681697));
#491=CARTESIAN_POINT('Ctrl Pts',(33.5217468217284,65.5628055889378,9.33527641681697));
#492=CARTESIAN_POINT('Ctrl Pts',(29.2342545873874,63.3065169286634,9.33527641681697));
#493=CARTESIAN_POINT('Ctrl Pts',(25.6866498754153,61.7109527038095,9.33527641681697));
#494=CARTESIAN_POINT('Ctrl Pts',(23.1824250319843,60.2775455915407,9.33527641681697));
#495=CARTESIAN_POINT('Ctrl Pts',(21.4675376587796,59.0199232894411,9.33527641681697));
#496=CARTESIAN_POINT('Ctrl Pts',(20.0606354899951,57.8057939426983,9.33527641681697));
#497=CARTESIAN_POINT('Ctrl Pts',(18.7646326980591,56.8003753016974,9.33527641681697));
#498=CARTESIAN_POINT('Ctrl Pts',(17.9901793424726,56.3308841376504,9.33527641681697));
#499=CARTESIAN_POINT('Ctrl Pts',(17.5841259907496,56.1299111142462,9.33527641681697));
#500=CARTESIAN_POINT('Ctrl Pts',(61.6270134737533,102.046897842748,9.01986458132309));
#501=CARTESIAN_POINT('Ctrl Pts',(60.5876346085816,101.111214257041,9.01986458132309));
#502=CARTESIAN_POINT('Ctrl Pts',(58.7868106590802,98.9814466993292,9.01986458132309));
#503=CARTESIAN_POINT('Ctrl Pts',(55.9642842386961,93.8078599577269,9.01986458132309));
#504=CARTESIAN_POINT('Ctrl Pts',(52.6626087862935,86.4202144118149,9.01986458132309));
#505=CARTESIAN_POINT('Ctrl Pts',(47.4698213758235,78.2204583363763,9.01986458132309));
#506=CARTESIAN_POINT('Ctrl Pts',(42.2885138517256,72.4463169256127,9.01986458132309));
#507=CARTESIAN_POINT('Ctrl Pts',(37.4312275899378,68.3931806377462,9.01986458132309));
#508=CARTESIAN_POINT('Ctrl Pts',(33.4312029803877,65.714900164181,9.01986458132309));
#509=CARTESIAN_POINT('Ctrl Pts',(29.1594134600434,63.4664815203542,9.01986458132309));
#510=CARTESIAN_POINT('Ctrl Pts',(25.6114659742243,61.8709499137538,9.01986458132309));
#511=CARTESIAN_POINT('Ctrl Pts',(23.0862005539101,60.4261696800252,9.01986458132309));
#512=CARTESIAN_POINT('Ctrl Pts',(21.3556409390583,59.1566640039438,9.01986458132309));
#513=CARTESIAN_POINT('Ctrl Pts',(19.945581899849,57.9397321152307,9.01986458132309));
#514=CARTESIAN_POINT('Ctrl Pts',(18.6628158891293,56.9450662659277,9.01986458132309));
#515=CARTESIAN_POINT('Ctrl Pts',(17.9034968544475,56.4849943264771,9.01986458132309));
#516=CARTESIAN_POINT('Ctrl Pts',(17.5058026093732,56.2881585794407,9.01986458132309));
#517=CARTESIAN_POINT('Ctrl Pts',(61.4474131699306,102.24640199439,8.75124587210958));
#518=CARTESIAN_POINT('Ctrl Pts',(60.3900767610231,101.294552427754,8.75124587210958));
#519=CARTESIAN_POINT('Ctrl Pts',(58.5603766066859,99.1287268897833,8.75124587210958));
#520=CARTESIAN_POINT('Ctrl Pts',(55.7179071172192,93.914706216734,8.75124587210957));
#521=CARTESIAN_POINT('Ctrl Pts',(52.4240385074283,86.5449086485391,8.75124587210959));
#522=CARTESIAN_POINT('Ctrl Pts',(47.254134984581,78.3826086717575,8.75124587210958));
#523=CARTESIAN_POINT('Ctrl Pts',(42.0993238455584,72.6381515739758,8.75124587210958));
#524=CARTESIAN_POINT('Ctrl Pts',(37.2699982407083,68.6084013083426,8.75124587210958));
#525=CARTESIAN_POINT('Ctrl Pts',(33.2935596999627,65.9461368795182,8.75124587210958));
#526=CARTESIAN_POINT('Ctrl Pts',(29.0456528031517,63.7096852006339,8.75124587210958));
#527=CARTESIAN_POINT('Ctrl Pts',(25.4971878588126,62.1142055335981,8.75124587210958));
#528=CARTESIAN_POINT('Ctrl Pts',(22.9398945624404,60.6521131438044,8.75124587210958));
#529=CARTESIAN_POINT('Ctrl Pts',(21.185478558564,59.3645186329988,8.75124587210957));
#530=CARTESIAN_POINT('Ctrl Pts',(19.7706038366596,58.1433142720826,8.75124587210958));
#531=CARTESIAN_POINT('Ctrl Pts',(18.5079841300383,57.165014784395,8.75124587210957));
#532=CARTESIAN_POINT('Ctrl Pts',(17.7716977972659,56.7192778639498,8.75124587210958));
#533=CARTESIAN_POINT('Ctrl Pts',(17.3867285373471,56.5287402516994,8.75124587210958));
#534=CARTESIAN_POINT('Ctrl Pts',(61.2364778686636,102.480713782482,8.57517012753022));
#535=CARTESIAN_POINT('Ctrl Pts',(60.158050914511,101.509877802267,8.57517012753022));
#536=CARTESIAN_POINT('Ctrl Pts',(58.2944365010629,99.3017032240972,8.57517012753022));
#537=CARTESIAN_POINT('Ctrl Pts',(55.4285444829096,94.040194154263,8.57517012753022));
#538=CARTESIAN_POINT('Ctrl Pts',(52.143844702983,86.6913583877231,8.57517012753022));
#539=CARTESIAN_POINT('Ctrl Pts',(47.0008176498281,78.5730495054472,8.57517012753022));
#540=CARTESIAN_POINT('Ctrl Pts',(41.8771257638445,72.8634557830346,8.57517012753022));
#541=CARTESIAN_POINT('Ctrl Pts',(37.0806390806335,68.8611716719309,8.57517012753022));
#542=CARTESIAN_POINT('Ctrl Pts',(33.131901669264,66.217717609999,8.57517012753022));
#543=CARTESIAN_POINT('Ctrl Pts',(28.9120441877185,63.9953207750512,8.57517012753022));
#544=CARTESIAN_POINT('Ctrl Pts',(25.3629714935232,62.3999021031073,8.57517012753022));
#545=CARTESIAN_POINT('Ctrl Pts',(22.7680625033732,60.9174771518731,8.57517012753022));
#546=CARTESIAN_POINT('Ctrl Pts',(20.9856279506628,59.608637895854,8.57517012753022));
#547=CARTESIAN_POINT('Ctrl Pts',(19.56509739487,58.38241567353,8.57517012753022));
#548=CARTESIAN_POINT('Ctrl Pts',(18.3261388713051,57.4233379467781,8.57517012753022));
#549=CARTESIAN_POINT('Ctrl Pts',(17.6169037070164,56.9944370455471,8.57517012753021));
#550=CARTESIAN_POINT('Ctrl Pts',(17.2468795241701,56.8112963857207,8.57517012753021));
#551=CARTESIAN_POINT('Ctrl Pts',(61.015252400044,102.726456125336,8.50101332557264));
#552=CARTESIAN_POINT('Ctrl Pts',(59.9147212122206,101.735721175348,8.50101332557264));
#553=CARTESIAN_POINT('Ctrl Pts',(58.0155377231647,99.483132202394,8.50101332557264));
#554=CARTESIAN_POINT('Ctrl Pts',(55.1250858164211,94.171835179347,8.50101332557264));
#555=CARTESIAN_POINT('Ctrl Pts',(51.8499836829249,86.8449541188387,8.50101332557264));
#556=CARTESIAN_POINT('Ctrl Pts',(46.7351473696165,78.7727830074682,8.50101332557264));
#557=CARTESIAN_POINT('Ctrl Pts',(41.6440985313205,73.099757760336,8.50101332557264));
#558=CARTESIAN_POINT('Ctrl Pts',(36.8820405695514,69.1262692660113,8.50101332557264));
#559=CARTESIAN_POINT('Ctrl Pts',(32.9623513440941,66.5025410884161,8.50101332557264));
#560=CARTESIAN_POINT('Ctrl Pts',(28.771905211853,64.294883279386,8.50101332557264));
#561=CARTESIAN_POINT('Ctrl Pts',(25.2221927694753,62.6995270673242,8.50101332557264));
#562=CARTESIAN_POINT('Ctrl Pts',(22.5878588637827,61.1957916339787,8.50101332557264));
#563=CARTESIAN_POINT('Ctrl Pts',(20.7760582484468,59.8646858218944,8.50101332557264));
#564=CARTESIAN_POINT('Ctrl Pts',(19.3496064444667,58.6332085351542,8.50101332557264));
#565=CARTESIAN_POINT('Ctrl Pts',(18.1354488607808,57.6942780461793,8.50101332557264));
#566=CARTESIAN_POINT('Ctrl Pts',(17.4545689742216,57.2830247866412,8.50101332557264));
#567=CARTESIAN_POINT('Ctrl Pts',(17.1002081832886,57.1076366037152,8.50101332557264));
#568=CARTESIAN_POINT('Ctrl Pts',(60.8667246152177,102.891444207629,8.50000000000001));
#569=CARTESIAN_POINT('Ctrl Pts',(59.7513380631611,101.88733596236,8.50000000000001));
#570=CARTESIAN_POINT('Ctrl Pts',(57.8282743305307,99.6049271967057,8.50000000000001));
#571=CARTESIAN_POINT('Ctrl Pts',(54.9213280782734,94.2601864606653,8.5));
#572=CARTESIAN_POINT('Ctrl Pts',(51.652687778861,86.9480745888205,8.50000000000001));
#573=CARTESIAN_POINT('Ctrl Pts',(46.556775267835,78.9068791291068,8.5));
#574=CARTESIAN_POINT('Ctrl Pts',(41.4876369550693,73.2584012059174,8.50000000000001));
#575=CARTESIAN_POINT('Ctrl Pts',(36.7487059269106,69.3042559251034,8.5));
#576=CARTESIAN_POINT('Ctrl Pts',(32.848523476921,66.6937735156575,8.5));
#577=CARTESIAN_POINT('Ctrl Pts',(28.6778300142507,64.4960127228679,8.50000000000001));
#578=CARTESIAN_POINT('Ctrl Pts',(25.127690357047,62.900699926268,8.5));
#579=CARTESIAN_POINT('Ctrl Pts',(22.4668618052242,61.3826432280746,8.5));
#580=CARTESIAN_POINT('Ctrl Pts',(20.6353262673491,60.0365736587834,8.5));
#581=CARTESIAN_POINT('Ctrl Pts',(19.2048887288894,58.8015607577309,8.5));
#582=CARTESIAN_POINT('Ctrl Pts',(18.0073963910411,57.8761688368476,8.5));
#583=CARTESIAN_POINT('Ctrl Pts',(17.3455690873188,57.4767734701899,8.5));
#584=CARTESIAN_POINT('Ctrl Pts',(17.0017350305609,57.3065954144178,8.5));
#585=CARTESIAN_POINT('Ctrl Pts',(60.79165619489,102.974831936902,8.50000000000001));
#586=CARTESIAN_POINT('Ctrl Pts',(59.6687718590068,101.963973936091,8.50000000000001));
#587=CARTESIAN_POINT('Ctrl Pts',(57.7336384075086,99.6664941462576,8.50000000000001));
#588=CARTESIAN_POINT('Ctrl Pts',(54.8183592380858,94.3048620702772,8.5));
#589=CARTESIAN_POINT('Ctrl Pts',(51.5529722472576,87.000194526294,8.50000000000001));
#590=CARTESIAN_POINT('Ctrl Pts',(46.4666262861099,78.9746551117336,8.5));
#591=CARTESIAN_POINT('Ctrl Pts',(41.4085658014997,73.3385867795554,8.50000000000001));
#592=CARTESIAN_POINT('Ctrl Pts',(36.6813151835933,69.394210758654,8.5));
#593=CARTESIAN_POINT('Ctrl Pts',(32.7909888462987,66.7904215350994,8.50000000000001));
#594=CARTESIAN_POINT('Ctrl Pts',(28.6302743327042,64.5976618607637,8.50000000000001));
#595=CARTESIAN_POINT('Ctrl Pts',(25.079917149577,63.002369975677,8.50000000000001));
#596=CARTESIAN_POINT('Ctrl Pts',(22.4057153779772,61.477084610773,8.5));
#597=CARTESIAN_POINT('Ctrl Pts',(20.5642186772647,60.1234620644178,8.5));
#598=CARTESIAN_POINT('Ctrl Pts',(19.1317738484542,58.8866673837689,8.5));
#599=CARTESIAN_POINT('Ctrl Pts',(17.9426944918406,57.968109732848,8.5));
#600=CARTESIAN_POINT('Ctrl Pts',(17.2904860708989,57.5747009224292,8.5));
#601=CARTESIAN_POINT('Ctrl Pts',(16.9519650563531,57.4071525165598,8.5));
#602=CARTESIAN_POINT('',(60.79165619489,102.974831936902,8.50000000000001));
#603=CARTESIAN_POINT('Ctrl Pts',(16.9519650563531,57.4071525165598,8.5));
#604=CARTESIAN_POINT('Ctrl Pts',(17.2904860708989,57.5747009224292,8.5));
#605=CARTESIAN_POINT('Ctrl Pts',(17.9426944918406,57.968109732848,8.5));
#606=CARTESIAN_POINT('Ctrl Pts',(19.1317738484542,58.8866673837689,8.5));
#607=CARTESIAN_POINT('Ctrl Pts',(20.5642186772647,60.1234620644178,8.5));
#608=CARTESIAN_POINT('Ctrl Pts',(22.4057153779772,61.477084610773,8.5));
#609=CARTESIAN_POINT('Ctrl Pts',(25.079917149577,63.002369975677,8.50000000000001));
#610=CARTESIAN_POINT('Ctrl Pts',(28.6302743327042,64.5976618607637,8.50000000000001));
#611=CARTESIAN_POINT('Ctrl Pts',(32.7909888462987,66.7904215350994,8.50000000000001));
#612=CARTESIAN_POINT('Ctrl Pts',(36.6813151835933,69.394210758654,8.5));
#613=CARTESIAN_POINT('Ctrl Pts',(41.4085658014997,73.3385867795554,8.50000000000001));
#614=CARTESIAN_POINT('Ctrl Pts',(46.4666262861099,78.9746551117336,8.5));
#615=CARTESIAN_POINT('Ctrl Pts',(51.5529722472576,87.000194526294,8.50000000000001));
#616=CARTESIAN_POINT('Ctrl Pts',(54.8183592380858,94.3048620702772,8.5));
#617=CARTESIAN_POINT('Ctrl Pts',(57.7336384075086,99.6664941462576,8.50000000000001));
#618=CARTESIAN_POINT('Ctrl Pts',(59.6687718590068,101.963973936091,8.50000000000001));
#619=CARTESIAN_POINT('Ctrl Pts',(60.79165619489,102.974831936902,8.50000000000001));
#620=CARTESIAN_POINT('',(61.7952470487701,101.86002011511,10.));
#621=CARTESIAN_POINT('Ctrl Pts',(60.79165619489,102.974831936902,8.50000000000001));
#622=CARTESIAN_POINT('Ctrl Pts',(60.8667246152177,102.891444207629,8.50000000000001));
#623=CARTESIAN_POINT('Ctrl Pts',(61.015252400044,102.726456125336,8.50101332557264));
#624=CARTESIAN_POINT('Ctrl Pts',(61.2364778686636,102.480713782482,8.57517012753022));
#625=CARTESIAN_POINT('Ctrl Pts',(61.4474131699306,102.24640199439,8.75124587210958));
#626=CARTESIAN_POINT('Ctrl Pts',(61.6270134737533,102.046897842748,9.01986458132309));
#627=CARTESIAN_POINT('Ctrl Pts',(61.7451492093698,101.9156699483,9.33527641681697));
#628=CARTESIAN_POINT('Ctrl Pts',(61.7944761973042,101.860876394662,9.66577034036997));
#629=CARTESIAN_POINT('Ctrl Pts',(61.7952470487701,101.86002011511,9.8878002623718));
#630=CARTESIAN_POINT('Ctrl Pts',(61.7952470487701,101.86002011511,10.));
#631=CARTESIAN_POINT('Ctrl Pts',(61.7952470487701,101.86002011511,10.));
#632=CARTESIAN_POINT('Ctrl Pts',(60.7726777939048,100.939469102302,10.));
#633=CARTESIAN_POINT('Ctrl Pts',(58.9989027725758,98.8434770134843,10.));
#634=CARTESIAN_POINT('Ctrl Pts',(56.1950532778742,93.7077523230892,10.));
#635=CARTESIAN_POINT('Ctrl Pts',(52.8860789613947,86.3034107056961,10.));
#636=CARTESIAN_POINT('Ctrl Pts',(47.6718535999959,78.0685686135786,10.));
#637=CARTESIAN_POINT('Ctrl Pts',(42.4657223438608,72.2666183161368,10.));
#638=CARTESIAN_POINT('Ctrl Pts',(37.5822542016798,68.1915839310809,10.));
#639=CARTESIAN_POINT('Ctrl Pts',(33.5601394981027,65.4983026459111,10.));
#640=CARTESIAN_POINT('Ctrl Pts',(29.2659836867976,63.2386755148362,10.));
#641=CARTESIAN_POINT('Ctrl Pts',(25.7185226774447,61.6430963920248,10.));
#642=CARTESIAN_POINT('Ctrl Pts',(23.2232387142393,60.2145221363772,10.));
#643=CARTESIAN_POINT('Ctrl Pts',(21.5150111040537,58.9619495035388,10.));
#644=CARTESIAN_POINT('Ctrl Pts',(20.1094550733843,57.7490139815056,10.));
#645=CARTESIAN_POINT('Ctrl Pts',(18.8078287174437,56.7390267779071,10.));
#646=CARTESIAN_POINT('Ctrl Pts',(18.0269463863856,56.2655343620247,10.));
#647=CARTESIAN_POINT('Ctrl Pts',(17.6173405990222,56.0628030875727,10.));
#648=CARTESIAN_POINT('Ctrl Pts',(60.79165619489,102.974831936902,8.5));
#649=CARTESIAN_POINT('Ctrl Pts',(61.4817652566863,103.596091174614,8.5));
#650=CARTESIAN_POINT('Ctrl Pts',(62.5052594930261,105.231901590151,8.5));
#651=CARTESIAN_POINT('Ctrl Pts',(62.5141463236099,108.128857032112,8.5));
#652=CARTESIAN_POINT('Ctrl Pts',(60.9854897076443,110.588735588289,8.5));
#653=CARTESIAN_POINT('Ctrl Pts',(58.3902802984579,111.873452843552,8.5));
#654=CARTESIAN_POINT('Ctrl Pts',(55.5071503554615,111.587534405153,8.5));
#655=CARTESIAN_POINT('Ctrl Pts',(53.2128385374852,109.82087732791,8.5));
#656=CARTESIAN_POINT('Ctrl Pts',(52.5359089209359,108.013652156244,8.5));
#657=CARTESIAN_POINT('Ctrl Pts',(52.4621519329796,107.088031572883,8.5));
#658=CARTESIAN_POINT('Ctrl Pts',(60.8667246152176,102.891444207629,8.5));
#659=CARTESIAN_POINT('Ctrl Pts',(61.572307803838,103.526633771382,8.5));
#660=CARTESIAN_POINT('Ctrl Pts',(62.6187562372237,105.199168954326,8.5));
#661=CARTESIAN_POINT('Ctrl Pts',(62.6278282873583,108.161101834453,8.5));
#662=CARTESIAN_POINT('Ctrl Pts',(61.0648827940923,110.676172855543,8.5));
#663=CARTESIAN_POINT('Ctrl Pts',(58.4114526260127,111.989701382943,8.5));
#664=CARTESIAN_POINT('Ctrl Pts',(55.4636344642292,111.697373313326,8.5));
#665=CARTESIAN_POINT('Ctrl Pts',(53.1178638383173,109.89109719028,8.5));
#666=CARTESIAN_POINT('Ctrl Pts',(52.4257175354882,108.043319348251,8.5));
#667=CARTESIAN_POINT('Ctrl Pts',(52.3503067147553,107.096943827603,8.5));
#668=CARTESIAN_POINT('Ctrl Pts',(61.0152760558631,102.726429847907,8.50115224677013));
#669=CARTESIAN_POINT('Ctrl Pts',(61.7515181308215,103.389219565621,8.50115224677013));
#670=CARTESIAN_POINT('Ctrl Pts',(62.8434310046609,105.134374283609,8.50115224677013));
#671=CARTESIAN_POINT('Ctrl Pts',(62.8529143152867,108.224984542369,8.50115224677013));
#672=CARTESIAN_POINT('Ctrl Pts',(61.222070820909,110.849297166903,8.50115224677013));
#673=CARTESIAN_POINT('Ctrl Pts',(58.4533795679107,112.219895568183,8.50115224677013));
#674=CARTESIAN_POINT('Ctrl Pts',(55.3775225864645,111.914863557812,8.50115224677013));
#675=CARTESIAN_POINT('Ctrl Pts',(52.9298410199297,110.030108434893,8.50115224677013));
#676=CARTESIAN_POINT('Ctrl Pts',(52.2076659417201,108.102077391935,8.50115224677013));
#677=CARTESIAN_POINT('Ctrl Pts',(52.1289783822287,107.11458011557,8.50115224677013));
#678=CARTESIAN_POINT('Ctrl Pts',(61.236396477253,102.480804193935,8.57487796412627));
#679=CARTESIAN_POINT('Ctrl Pts',(62.0182553747068,103.184659699564,8.57487796412627));
#680=CARTESIAN_POINT('Ctrl Pts',(63.1778215548216,105.037937363409,8.57487796412627));
#681=CARTESIAN_POINT('Ctrl Pts',(63.1878940169787,108.320036522321,8.57487796412627));
#682=CARTESIAN_POINT('Ctrl Pts',(61.4560064621121,111.106944976057,8.57487796412627));
#683=CARTESIAN_POINT('Ctrl Pts',(58.515773130144,112.562463788966,8.57487796412628));
#684=CARTESIAN_POINT('Ctrl Pts',(55.2493436775161,112.238532138923,8.57487796412627));
#685=CARTESIAN_POINT('Ctrl Pts',(52.6500077884429,110.237000121696,8.57487796412628));
#686=CARTESIAN_POINT('Ctrl Pts',(51.8830917344082,108.189513540207,8.57487796412627));
#687=CARTESIAN_POINT('Ctrl Pts',(51.7995287724425,107.140831920401,8.57487796412627));
#688=CARTESIAN_POINT('Ctrl Pts',(61.4474260976842,102.246387633944,8.75144764318564));
#689=CARTESIAN_POINT('Ctrl Pts',(62.2728160558758,102.989431255058,8.75144764318564));
#690=CARTESIAN_POINT('Ctrl Pts',(63.4969437824894,104.945903564546,8.75144764318564));
#691=CARTESIAN_POINT('Ctrl Pts',(63.5075736780142,108.410742813791,8.75144764318564));
#692=CARTESIAN_POINT('Ctrl Pts',(61.6792579919786,111.352824648188,8.75144764318564));
#693=CARTESIAN_POINT('Ctrl Pts',(58.5753161908996,112.889382512552,8.75144764318564));
#694=CARTESIAN_POINT('Ctrl Pts',(55.1270141014521,112.547415870839,8.75144764318564));
#695=CARTESIAN_POINT('Ctrl Pts',(52.3829532678925,110.434444444268,8.75144764318564));
#696=CARTESIAN_POINT('Ctrl Pts',(51.57332899556,108.272954127231,8.75144764318564));
#697=CARTESIAN_POINT('Ctrl Pts',(51.4851135516892,107.165885727616,8.75144764318564));
#698=CARTESIAN_POINT('Ctrl Pts',(61.6271482586058,102.046748120631,9.01988407402632));
#699=CARTESIAN_POINT('Ctrl Pts',(62.4896010877808,102.823156976676,9.01988407402632));
#700=CARTESIAN_POINT('Ctrl Pts',(63.7687012627903,104.86752909581,9.01988407402632));
#701=CARTESIAN_POINT('Ctrl Pts',(63.7797938174207,108.48797230266,9.01988407402632));
#702=CARTESIAN_POINT('Ctrl Pts',(61.869367656589,111.562200631666,9.01988407402632));
#703=CARTESIAN_POINT('Ctrl Pts',(58.6260177500005,113.167759872429,9.01988407402632));
#704=CARTESIAN_POINT('Ctrl Pts',(55.022832586236,112.810439245358,9.01988407402632));
#705=CARTESIAN_POINT('Ctrl Pts',(52.1555392114172,110.602582046365,9.01988407402632));
#706=CARTESIAN_POINT('Ctrl Pts',(51.3095202628189,108.344002267523,9.01988407402632));
#707=CARTESIAN_POINT('Ctrl Pts',(51.2173436396504,107.187222658247,9.01988407402632));
#708=CARTESIAN_POINT('Ctrl Pts',(61.7449535324852,101.915887310688,9.33515484485084));
#709=CARTESIAN_POINT('Ctrl Pts',(62.6317462227985,102.714207723056,9.33515484485084));
#710=CARTESIAN_POINT('Ctrl Pts',(63.9469298624352,104.816130514332,9.33515484485084));
#711=CARTESIAN_POINT('Ctrl Pts',(63.9583802731368,108.538685534443,9.33515484485084));
#712=CARTESIAN_POINT('Ctrl Pts',(61.9940776933456,111.699561197211,9.33515484485084));
#713=CARTESIAN_POINT('Ctrl Pts',(58.6592878069018,113.350417943895,9.33515484485084));
#714=CARTESIAN_POINT('Ctrl Pts',(54.9545441797101,112.983008538921,9.33515484485084));
#715=CARTESIAN_POINT('Ctrl Pts',(52.0063759044448,110.712860344294,9.33515484485084));
#716=CARTESIAN_POINT('Ctrl Pts',(51.13660234158,108.390634571648,9.33515484485084));
#717=CARTESIAN_POINT('Ctrl Pts',(51.0418243399567,107.201208707289,9.33515484485084));
#718=CARTESIAN_POINT('Ctrl Pts',(61.7945689800696,101.860773329431,9.66580574035725));
#719=CARTESIAN_POINT('Ctrl Pts',(62.6915546358576,102.668269789921,9.66580574035725));
#720=CARTESIAN_POINT('Ctrl Pts',(64.02187197357,104.79451536581,9.66580574035725));
#721=CARTESIAN_POINT('Ctrl Pts',(64.0334036417007,108.559929119093,9.66580574035725));
#722=CARTESIAN_POINT('Ctrl Pts',(62.0464791574293,111.757262963908,9.66580574035725));
#723=CARTESIAN_POINT('Ctrl Pts',(58.6732542845642,113.427110777668,9.66580574035725));
#724=CARTESIAN_POINT('Ctrl Pts',(54.9257821401871,113.055483459542,9.66580574035725));
#725=CARTESIAN_POINT('Ctrl Pts',(51.9436765754557,110.759221036295,9.66580574035726));
#726=CARTESIAN_POINT('Ctrl Pts',(51.0637691680524,108.410196494028,9.66580574035725));
#727=CARTESIAN_POINT('Ctrl Pts',(50.967901769878,107.207099140377,9.66580574035725));
#728=CARTESIAN_POINT('Ctrl Pts',(61.7952470487701,101.86002011511,9.88780026237179));
#729=CARTESIAN_POINT('Ctrl Pts',(62.6924115199507,102.667677551192,9.88780026237179));
#730=CARTESIAN_POINT('Ctrl Pts',(64.0229787716944,104.794198122323,9.88780026237179));
#731=CARTESIAN_POINT('Ctrl Pts',(64.0345587645529,108.560297647921,9.88780026237179));
#732=CARTESIAN_POINT('Ctrl Pts',(62.0472782483396,111.758153290415,9.88780026237179));
#733=CARTESIAN_POINT('Ctrl Pts',(58.6734762233774,113.428319546959,9.88780026237179));
#734=CARTESIAN_POINT('Ctrl Pts',(54.9253899879659,113.056613427069,9.88780026237179));
#735=CARTESIAN_POINT('Ctrl Pts',(51.9427360729757,110.759912169183,9.8878002623718));
#736=CARTESIAN_POINT('Ctrl Pts',(51.0627780177659,108.410516834739,9.88780026237179));
#737=CARTESIAN_POINT('Ctrl Pts',(50.9668915082865,107.207179641884,9.88780026237179));
#738=CARTESIAN_POINT('Ctrl Pts',(61.7952470487701,101.86002011511,10.));
#739=CARTESIAN_POINT('Ctrl Pts',(62.6923888291053,102.667657124135,10.));
#740=CARTESIAN_POINT('Ctrl Pts',(64.022931336347,104.794210664334,10.));
#741=CARTESIAN_POINT('Ctrl Pts',(64.034484216106,108.560252738882,10.));
#742=CARTESIAN_POINT('Ctrl Pts',(62.0472306153507,111.758094861912,10.));
#743=CARTESIAN_POINT('Ctrl Pts',(58.6734583834083,113.428227293755,10.));
#744=CARTESIAN_POINT('Ctrl Pts',(54.9253894575131,113.056533323836,10.));
#745=CARTESIAN_POINT('Ctrl Pts',(51.9427840941439,110.759879123419,10.));
#746=CARTESIAN_POINT('Ctrl Pts',(51.0627755926298,108.410486400254,10.));
#747=CARTESIAN_POINT('Ctrl Pts',(50.9668915082865,107.207179641884,10.));
#748=CARTESIAN_POINT('',(52.4621519329796,107.088031572883,8.5));
#749=CARTESIAN_POINT('',(50.9668915082866,107.207179641884,10.));
#750=CARTESIAN_POINT('Ctrl Pts',(52.4621519329796,107.088031572883,8.5));
#751=CARTESIAN_POINT('Ctrl Pts',(52.3503067147553,107.096943827603,8.5));
#752=CARTESIAN_POINT('Ctrl Pts',(52.1289783822287,107.11458011557,8.50115224677013));
#753=CARTESIAN_POINT('Ctrl Pts',(51.7995287724425,107.140831920401,8.57487796412627));
#754=CARTESIAN_POINT('Ctrl Pts',(51.4851135516892,107.165885727616,8.75144764318564));
#755=CARTESIAN_POINT('Ctrl Pts',(51.2173436396504,107.187222658247,9.01988407402632));
#756=CARTESIAN_POINT('Ctrl Pts',(51.0418243399567,107.201208707289,9.33515484485084));
#757=CARTESIAN_POINT('Ctrl Pts',(50.967901769878,107.207099140377,9.66580574035725));
#758=CARTESIAN_POINT('Ctrl Pts',(50.9668915082865,107.207179641884,9.88780026237179));
#759=CARTESIAN_POINT('Ctrl Pts',(50.9668915082865,107.207179641884,10.));
#760=CARTESIAN_POINT('Origin',(57.446353348623,106.690871342877,10.));
#761=CARTESIAN_POINT('Origin',(57.446353348623,106.690871342877,8.5));
#762=CARTESIAN_POINT('Ctrl Pts',(52.4621519329796,107.088031572883,8.5));
#763=CARTESIAN_POINT('Ctrl Pts',(52.3505072435717,105.686935549275,8.5));
#764=CARTESIAN_POINT('Ctrl Pts',(51.6842381211178,102.933488496556,8.5));
#765=CARTESIAN_POINT('Ctrl Pts',(49.4393326742408,97.7793970646986,8.5));
#766=CARTESIAN_POINT('Ctrl Pts',(45.9699780461606,91.6600263514951,8.5));
#767=CARTESIAN_POINT('Ctrl Pts',(42.8141260972949,85.3708324871464,8.5));
#768=CARTESIAN_POINT('Ctrl Pts',(39.992247310444,80.4876931116823,8.5));
#769=CARTESIAN_POINT('Ctrl Pts',(36.5779026197346,76.023325764163,8.5));
#770=CARTESIAN_POINT('Ctrl Pts',(31.0784856416521,71.5439148773353,8.5));
#771=CARTESIAN_POINT('Ctrl Pts',(24.6970618151728,68.4938054231161,8.5));
#772=CARTESIAN_POINT('Ctrl Pts',(19.2568632649285,67.0225580062383,8.5));
#773=CARTESIAN_POINT('Ctrl Pts',(16.4374934573342,66.7948235055499,8.5));
#774=CARTESIAN_POINT('Ctrl Pts',(15.034496184888,66.8792821199782,8.5));
#775=CARTESIAN_POINT('Ctrl Pts',(52.3503067147553,107.096943827603,8.5));
#776=CARTESIAN_POINT('Ctrl Pts',(52.2395890719694,105.707481866865,8.5));
#777=CARTESIAN_POINT('Ctrl Pts',(51.578213557194,102.97172301966,8.5));
#778=CARTESIAN_POINT('Ctrl Pts',(49.3404913372083,97.8327753744179,8.5));
#779=CARTESIAN_POINT('Ctrl Pts',(45.8717132551315,91.7140863279464,8.5));
#780=CARTESIAN_POINT('Ctrl Pts',(42.7133702822947,85.420444176755,8.5));
#781=CARTESIAN_POINT('Ctrl Pts',(39.8981370406509,80.5493421016186,8.5));
#782=CARTESIAN_POINT('Ctrl Pts',(36.4974166446264,76.1030964961676,8.5));
#783=CARTESIAN_POINT('Ctrl Pts',(31.019677266383,71.6406893205911,8.5));
#784=CARTESIAN_POINT('Ctrl Pts',(24.6553718749908,68.5985743594966,8.5));
#785=CARTESIAN_POINT('Ctrl Pts',(19.2361726448341,67.1334737016382,8.5));
#786=CARTESIAN_POINT('Ctrl Pts',(16.4335495062591,66.9074637794625,8.5));
#787=CARTESIAN_POINT('Ctrl Pts',(15.0412382582381,66.991279109093,8.5));
#788=CARTESIAN_POINT('Ctrl Pts',(52.1289783216053,107.114580120401,8.50115207462334));
#789=CARTESIAN_POINT('Ctrl Pts',(52.0200974362233,105.748168727572,8.50115207462334));
#790=CARTESIAN_POINT('Ctrl Pts',(51.3684080526418,103.047416727726,8.50115207462334));
#791=CARTESIAN_POINT('Ctrl Pts',(49.1449065644207,97.9384421562893,8.50115207462334));
#792=CARTESIAN_POINT('Ctrl Pts',(45.6772597083566,91.8210681983133,8.50115207462334));
#793=CARTESIAN_POINT('Ctrl Pts',(42.5139711939854,85.5186023454739,8.50115207462334));
#794=CARTESIAN_POINT('Ctrl Pts',(39.7118862304648,80.6713240486674,8.50115207462334));
#795=CARTESIAN_POINT('Ctrl Pts',(36.3381490974984,76.2609710974147,8.50115207462334));
#796=CARTESIAN_POINT('Ctrl Pts',(30.9032968903718,71.8322049989405,8.50115207462334));
#797=CARTESIAN_POINT('Ctrl Pts',(24.5728394909618,68.8058990493828,8.50115207462334));
#798=CARTESIAN_POINT('Ctrl Pts',(19.1952119362466,67.3529692437146,8.50115207462334));
#799=CARTESIAN_POINT('Ctrl Pts',(16.4257190486611,67.1303670492881,8.50115207462334));
#800=CARTESIAN_POINT('Ctrl Pts',(15.0545800200475,67.2129078387962,8.50115207462334));
#801=CARTESIAN_POINT('Ctrl Pts',(51.7995286367124,107.140831931216,8.57487783444892));
#802=CARTESIAN_POINT('Ctrl Pts',(51.6933806306506,105.80871707653,8.57487783444892));
#803=CARTESIAN_POINT('Ctrl Pts',(51.0561079926251,103.16007109057,8.57487783444892));
#804=CARTESIAN_POINT('Ctrl Pts',(48.8537711393363,98.0957090233145,8.57487783444891));
#805=CARTESIAN_POINT('Ctrl Pts',(45.3878131111679,91.9803100051562,8.57487783444892));
#806=CARTESIAN_POINT('Ctrl Pts',(42.2171713898613,85.6647208194953,8.57487783444892));
#807=CARTESIAN_POINT('Ctrl Pts',(39.4346590480475,80.8529027268633,8.57487783444892));
#808=CARTESIAN_POINT('Ctrl Pts',(36.1010752640173,76.4959599723039,8.57487783444892));
#809=CARTESIAN_POINT('Ctrl Pts',(30.7300663304595,72.1172727061352,8.57487783444892));
#810=CARTESIAN_POINT('Ctrl Pts',(24.4500061056666,69.1145043716607,8.57487783444892));
#811=CARTESIAN_POINT('Ctrl Pts',(19.1342499367618,67.6796873326713,8.57487783444892));
#812=CARTESIAN_POINT('Ctrl Pts',(16.4140766279272,67.4621601543876,8.57487783444892));
#813=CARTESIAN_POINT('Ctrl Pts',(15.0744393754672,67.5428045778669,8.57487783444892));
#814=CARTESIAN_POINT('Ctrl Pts',(51.4851134120131,107.165885738746,8.75144733399988));
#815=CARTESIAN_POINT('Ctrl Pts',(51.3815733284057,105.866499263708,8.75144733399988));
#816=CARTESIAN_POINT('Ctrl Pts',(50.7580592827348,103.267580999694,8.75144733399988));
#817=CARTESIAN_POINT('Ctrl Pts',(48.575920570145,98.2457949682679,8.75144733399988));
#818=CARTESIAN_POINT('Ctrl Pts',(45.1115753446619,92.1322844122891,8.75144733399988));
#819=CARTESIAN_POINT('Ctrl Pts',(41.9339177162407,85.80417304945,8.75144733399988));
#820=CARTESIAN_POINT('Ctrl Pts',(39.1700850639555,81.0261965663875,8.75144733399988));
#821=CARTESIAN_POINT('Ctrl Pts',(35.8748198128322,76.7202231936396,8.75144733399988));
#822=CARTESIAN_POINT('Ctrl Pts',(30.5647417624025,72.3893301898013,8.75144733399988));
#823=CARTESIAN_POINT('Ctrl Pts',(24.3327817825106,69.4090265305404,8.75144733399988));
#824=CARTESIAN_POINT('Ctrl Pts',(19.0760717137419,67.9914949104072,8.75144733399988));
#825=CARTESIAN_POINT('Ctrl Pts',(16.4029682962072,67.778811689411,8.75144733399988));
#826=CARTESIAN_POINT('Ctrl Pts',(15.0933924477662,67.8576464553941,8.75144733399988));
#827=CARTESIAN_POINT('Ctrl Pts',(51.2173434382164,107.187222674298,9.01988394011773));
#828=CARTESIAN_POINT('Ctrl Pts',(51.1160237712913,105.915701537063,9.01988394011773));
#829=CARTESIAN_POINT('Ctrl Pts',(50.5042265425251,103.359132531806,9.01988394011773));
#830=CARTESIAN_POINT('Ctrl Pts',(48.3392878480498,98.3736047063726,9.01988394011773));
#831=CARTESIAN_POINT('Ctrl Pts',(44.8763187755033,92.2617115956476,9.01988394011773));
#832=CARTESIAN_POINT('Ctrl Pts',(41.6926904398922,85.9229414843167,9.01988394011773));
#833=CARTESIAN_POINT('Ctrl Pts',(38.944766907462,81.1737851028971,9.01988394011773));
#834=CARTESIAN_POINT('Ctrl Pts',(35.6821293673281,76.9112109050538,9.01988394011773));
#835=CARTESIAN_POINT('Ctrl Pts',(30.42394552632,72.6210235765554,9.01988394011773));
#836=CARTESIAN_POINT('Ctrl Pts',(24.23295724441,69.6598548431281,9.01988394011773));
#837=CARTESIAN_POINT('Ctrl Pts',(19.0265289943913,68.2570423223873,9.01988394011773));
#838=CARTESIAN_POINT('Ctrl Pts',(16.3935149320657,68.0484857839644,9.01988394011773));
#839=CARTESIAN_POINT('Ctrl Pts',(15.1095337261592,68.1257797856939,9.01988394011773));
#840=CARTESIAN_POINT('Ctrl Pts',(51.0418239842023,107.201208735637,9.33515485552555));
#841=CARTESIAN_POINT('Ctrl Pts',(50.9419625052773,105.9479872723,9.33515485552555));
#842=CARTESIAN_POINT('Ctrl Pts',(50.3378482468973,103.419182480731,9.33515485552555));
#843=CARTESIAN_POINT('Ctrl Pts',(48.1841912187261,98.4574278911855,9.33515485552554));
#844=CARTESIAN_POINT('Ctrl Pts',(44.7221123713946,92.3465536907716,9.33515485552554));
#845=CARTESIAN_POINT('Ctrl Pts',(41.5345506745716,86.0007712092585,9.33515485552555));
#846=CARTESIAN_POINT('Ctrl Pts',(38.7970523376278,81.2705101379176,9.33515485552555));
#847=CARTESIAN_POINT('Ctrl Pts',(35.5558291397459,77.0364223897057,9.33515485552555));
#848=CARTESIAN_POINT('Ctrl Pts',(30.331648750253,72.7729082171645,9.33515485552555));
#849=CARTESIAN_POINT('Ctrl Pts',(24.1674834603341,69.8242685655064,9.33515485552555));
#850=CARTESIAN_POINT('Ctrl Pts',(18.9940343896135,68.4311129278714,9.33515485552555));
#851=CARTESIAN_POINT('Ctrl Pts',(16.3872868461327,68.2252552609537,9.33515485552555));
#852=CARTESIAN_POINT('Ctrl Pts',(15.1201141072619,68.3015374147884,9.33515485552555));
#853=CARTESIAN_POINT('Ctrl Pts',(50.9679015475336,107.207099158094,9.66580573214179));
#854=CARTESIAN_POINT('Ctrl Pts',(50.8686507236923,105.961541170863,9.66580573214179));
#855=CARTESIAN_POINT('Ctrl Pts',(50.2677687408029,103.44442346497,9.66580573214179));
#856=CARTESIAN_POINT('Ctrl Pts',(48.1188538594978,98.4926730426888,9.66580573214179));
#857=CARTESIAN_POINT('Ctrl Pts',(44.6571649851034,92.382280515971,9.66580573214178));
#858=CARTESIAN_POINT('Ctrl Pts',(41.4679716937428,86.0335773873344,9.66580573214179));
#859=CARTESIAN_POINT('Ctrl Pts',(38.7348678995868,81.311269071064,9.66580573214179));
#860=CARTESIAN_POINT('Ctrl Pts',(35.5026288692553,77.0891292937015,9.66580573214179));
#861=CARTESIAN_POINT('Ctrl Pts',(30.2927853707278,72.8368601373787,9.66580573214179));
#862=CARTESIAN_POINT('Ctrl Pts',(24.1399594203261,69.8935145746161,9.66580573214179));
#863=CARTESIAN_POINT('Ctrl Pts',(18.9803743452754,68.5044149721815,9.66580573214179));
#864=CARTESIAN_POINT('Ctrl Pts',(16.3847039259356,68.2997017466097,9.66580573214179));
#865=CARTESIAN_POINT('Ctrl Pts',(15.1245701805581,68.3755601621741,9.66580573214179));
#866=CARTESIAN_POINT('Ctrl Pts',(50.9668915082866,107.207179641884,9.8878002623718));
#867=CARTESIAN_POINT('Ctrl Pts',(50.8676513971793,105.961756095164,9.8878002623718));
#868=CARTESIAN_POINT('Ctrl Pts',(50.2668159696349,103.444802292354,9.8878002623718));
#869=CARTESIAN_POINT('Ctrl Pts',(48.1179722001127,98.4931941827301,9.88780026237179));
#870=CARTESIAN_POINT('Ctrl Pts',(44.6562784164957,92.3827724754887,9.88780026237179));
#871=CARTESIAN_POINT('Ctrl Pts',(41.4670458207326,86.0340071791058,9.88780026237179));
#872=CARTESIAN_POINT('Ctrl Pts',(38.7339994660887,81.3118111086982,9.8878002623718));
#873=CARTESIAN_POINT('Ctrl Pts',(35.5019068602578,77.0898682646893,9.88780026237179));
#874=CARTESIAN_POINT('Ctrl Pts',(30.2922484537361,72.8377450986941,9.8878002623718));
#875=CARTESIAN_POINT('Ctrl Pts',(24.1395485360068,69.8944601020013,9.88780026237179));
#876=CARTESIAN_POINT('Ctrl Pts',(18.9801703420273,68.5054234697735,9.8878002623718));
#877=CARTESIAN_POINT('Ctrl Pts',(16.3846413262947,68.3007205901011,9.88780026237179));
#878=CARTESIAN_POINT('Ctrl Pts',(15.1246310661176,68.3765715720167,9.88780026237179));
#879=CARTESIAN_POINT('Ctrl Pts',(50.9668915082866,107.207179641884,10.));
#880=CARTESIAN_POINT('Ctrl Pts',(50.8676500377829,105.961739035285,10.));
#881=CARTESIAN_POINT('Ctrl Pts',(50.2668132381613,103.444782812935,10.));
#882=CARTESIAN_POINT('Ctrl Pts',(48.1179658435847,98.4931714780595,10.));
#883=CARTESIAN_POINT('Ctrl Pts',(44.656277934471,92.3827702915326,10.));
#884=CARTESIAN_POINT('Ctrl Pts',(41.4670550999453,86.0340177691324,10.));
#885=CARTESIAN_POINT('Ctrl Pts',(38.7340102402773,81.3118196425201,10.));
#886=CARTESIAN_POINT('Ctrl Pts',(35.5019040526233,77.089857471117,10.));
#887=CARTESIAN_POINT('Ctrl Pts',(30.2922518433717,72.837738698228,10.));
#888=CARTESIAN_POINT('Ctrl Pts',(24.1395685102848,69.89446045518,10.));
#889=CARTESIAN_POINT('Ctrl Pts',(18.9801803030193,68.5054194903197,10.));
#890=CARTESIAN_POINT('Ctrl Pts',(16.3846569959949,68.3007196468054,10.));
#891=CARTESIAN_POINT('Ctrl Pts',(15.1246310661176,68.3765715720167,10.));
#892=CARTESIAN_POINT('Ctrl Pts',(15.1246310661176,68.3765715720167,10.));
#893=CARTESIAN_POINT('Ctrl Pts',(16.3846569959949,68.3007196468054,10.));
#894=CARTESIAN_POINT('Ctrl Pts',(18.9801803030193,68.5054194903197,10.));
#895=CARTESIAN_POINT('Ctrl Pts',(24.1395685102848,69.89446045518,10.));
#896=CARTESIAN_POINT('Ctrl Pts',(30.2922518433717,72.837738698228,10.));
#897=CARTESIAN_POINT('Ctrl Pts',(35.5019040526233,77.089857471117,10.));
#898=CARTESIAN_POINT('Ctrl Pts',(38.7340102402773,81.3118196425201,10.));
#899=CARTESIAN_POINT('Ctrl Pts',(41.4670550999453,86.0340177691324,10.));
#900=CARTESIAN_POINT('Ctrl Pts',(44.656277934471,92.3827702915326,10.));
#901=CARTESIAN_POINT('Ctrl Pts',(48.1179658435847,98.4931714780595,10.));
#902=CARTESIAN_POINT('Ctrl Pts',(50.2668132381613,103.444782812935,10.));
#903=CARTESIAN_POINT('Ctrl Pts',(50.8676500377829,105.961739035285,10.));
#904=CARTESIAN_POINT('Ctrl Pts',(50.9668915082866,107.207179641884,10.));
#905=CARTESIAN_POINT('Ctrl Pts',(52.4621519329796,107.088031572883,8.5));
#906=CARTESIAN_POINT('Ctrl Pts',(52.3505072435717,105.686935549275,8.5));
#907=CARTESIAN_POINT('Ctrl Pts',(51.6842381211178,102.933488496556,8.5));
#908=CARTESIAN_POINT('Ctrl Pts',(49.4393326742408,97.7793970646986,8.5));
#909=CARTESIAN_POINT('Ctrl Pts',(45.9699780461606,91.6600263514951,8.5));
#910=CARTESIAN_POINT('Ctrl Pts',(42.8141260972949,85.3708324871464,8.5));
#911=CARTESIAN_POINT('Ctrl Pts',(39.992247310444,80.4876931116823,8.5));
#912=CARTESIAN_POINT('Ctrl Pts',(36.5779026197346,76.023325764163,8.5));
#913=CARTESIAN_POINT('Ctrl Pts',(31.0784856416521,71.5439148773353,8.5));
#914=CARTESIAN_POINT('Ctrl Pts',(24.6970618151728,68.4938054231161,8.5));
#915=CARTESIAN_POINT('Ctrl Pts',(19.2568632649285,67.0225580062383,8.5));
#916=CARTESIAN_POINT('Ctrl Pts',(16.4374934573342,66.7948235055499,8.5));
#917=CARTESIAN_POINT('Ctrl Pts',(15.034496184888,66.8792821199782,8.5));
#918=CARTESIAN_POINT('Ctrl Pts',(50.9668915082866,107.207179641884,8.5));
#919=CARTESIAN_POINT('Ctrl Pts',(50.9668915082866,107.207179641884,12.5));
#920=CARTESIAN_POINT('Ctrl Pts',(50.9201711813135,106.620858297889,8.5));
#921=CARTESIAN_POINT('Ctrl Pts',(50.9201711813135,106.620858297889,12.5));
#922=CARTESIAN_POINT('Ctrl Pts',(50.7524314690502,105.42301612802,8.5));
#923=CARTESIAN_POINT('Ctrl Pts',(50.7524314690502,105.42301612802,12.5));
#924=CARTESIAN_POINT('Ctrl Pts',(50.2779390328558,103.550658505287,8.5));
#925=CARTESIAN_POINT('Ctrl Pts',(50.2779390328558,103.550658505287,12.5));
#926=CARTESIAN_POINT('Ctrl Pts',(49.2417813565616,100.9165893941,8.5));
#927=CARTESIAN_POINT('Ctrl Pts',(49.2417813565616,100.9165893941,12.5));
#928=CARTESIAN_POINT('Ctrl Pts',(47.5034440266643,97.4723797532052,8.5));
#929=CARTESIAN_POINT('Ctrl Pts',(47.5034440266643,97.4723797532052,12.5));
#930=CARTESIAN_POINT('Ctrl Pts',(45.5895707109748,93.9746206640195,8.5));
#931=CARTESIAN_POINT('Ctrl Pts',(45.5895707109748,93.9746206640195,12.5));
#932=CARTESIAN_POINT('Ctrl Pts',(43.7263640935845,90.5202402758289,8.5));
#933=CARTESIAN_POINT('Ctrl Pts',(43.7263640935845,90.5202402758289,12.5));
#934=CARTESIAN_POINT('Ctrl Pts',(42.0098218828276,87.1813883595103,8.5));
#935=CARTESIAN_POINT('Ctrl Pts',(42.0098218828276,87.1813883595103,12.5));
#936=CARTESIAN_POINT('Ctrl Pts',(40.338314350532,83.9873483095685,8.5));
#937=CARTESIAN_POINT('Ctrl Pts',(40.338314350532,83.9873483095685,12.5));
#938=CARTESIAN_POINT('Ctrl Pts',(38.507270306847,80.9476757901495,8.5));
#939=CARTESIAN_POINT('Ctrl Pts',(38.507270306847,80.9476757901495,12.5));
#940=CARTESIAN_POINT('Ctrl Pts',(36.2868556099252,78.0708121002527,8.5));
#941=CARTESIAN_POINT('Ctrl Pts',(36.2868556099252,78.0708121002527,12.5));
#942=CARTESIAN_POINT('Ctrl Pts',(33.5002182577628,75.3824841816799,8.5));
#943=CARTESIAN_POINT('Ctrl Pts',(33.5002182577628,75.3824841816799,12.5));
#944=CARTESIAN_POINT('Ctrl Pts',(30.1151215238591,72.9469181372699,8.5));
#945=CARTESIAN_POINT('Ctrl Pts',(30.1151215238591,72.9469181372699,12.5));
#946=CARTESIAN_POINT('Ctrl Pts',(26.2997011367874,70.8782152514318,8.5));
#947=CARTESIAN_POINT('Ctrl Pts',(26.2997011367874,70.8782152514318,12.5));
#948=CARTESIAN_POINT('Ctrl Pts',(22.3218919898047,69.3112302072314,8.5));
#949=CARTESIAN_POINT('Ctrl Pts',(22.3218919898047,69.3112302072314,12.5));
#950=CARTESIAN_POINT('Ctrl Pts',(19.2458952609465,68.5648512566237,8.5));
#951=CARTESIAN_POINT('Ctrl Pts',(19.2458952609465,68.5648512566237,12.5));
#952=CARTESIAN_POINT('Ctrl Pts',(17.1071639756031,68.3365666535882,8.5));
#953=CARTESIAN_POINT('Ctrl Pts',(17.1071639756031,68.3365666535882,12.5));
#954=CARTESIAN_POINT('Ctrl Pts',(15.7705997030964,68.3376850986679,8.5));
#955=CARTESIAN_POINT('Ctrl Pts',(15.7705997030964,68.3376850986679,12.5));
#956=CARTESIAN_POINT('Ctrl Pts',(15.1246310661176,68.3765715720167,8.5));
#957=CARTESIAN_POINT('Ctrl Pts',(15.1246310661176,68.3765715720167,12.5));
#958=CARTESIAN_POINT('',(15.1246310661176,68.3765715720167,11.));
#959=CARTESIAN_POINT('',(15.1246310661176,68.3765715720167,8.5));
#960=CARTESIAN_POINT('',(50.9668915082866,107.207179641884,11.));
#961=CARTESIAN_POINT('Ctrl Pts',(50.9668915082866,107.207179641884,11.));
#962=CARTESIAN_POINT('Ctrl Pts',(50.8676500377829,105.961739035285,11.));
#963=CARTESIAN_POINT('Ctrl Pts',(50.2668226111114,103.445113475484,11.));
#964=CARTESIAN_POINT('Ctrl Pts',(48.1197695608984,98.4919140914367,11.));
#965=CARTESIAN_POINT('Ctrl Pts',(44.65336522093,92.3851810569528,11.));
#966=CARTESIAN_POINT('Ctrl Pts',(41.4670000488822,86.0343068180675,11.));
#967=CARTESIAN_POINT('Ctrl Pts',(38.7337475108254,81.3120415123987,11.));
#968=CARTESIAN_POINT('Ctrl Pts',(35.5018358682874,77.0899670307077,11.));
#969=CARTESIAN_POINT('Ctrl Pts',(30.292165922439,72.8377929773645,11.));
#970=CARTESIAN_POINT('Ctrl Pts',(24.139557928976,69.8944499488925,11.));
#971=CARTESIAN_POINT('Ctrl Pts',(18.9801468250408,68.5054260180587,11.));
#972=CARTESIAN_POINT('Ctrl Pts',(16.3846569959949,68.3007196468054,11.));
#973=CARTESIAN_POINT('Ctrl Pts',(15.1246310661176,68.3765715720167,11.));
#974=CARTESIAN_POINT('',(50.9668915082866,107.207179641884,8.5));
#975=CARTESIAN_POINT('Origin',(14.7340465807894,61.8883172798499,8.5));
#976=CARTESIAN_POINT('',(17.6173405990222,56.0628030875727,11.));
#977=CARTESIAN_POINT('',(17.6173405990222,56.0628030875727,8.5));
#978=CARTESIAN_POINT('Origin',(14.7340465807894,61.8883172798499,11.));
#979=CARTESIAN_POINT('Origin',(36.0901999647062,84.2895943113636,8.5));
#980=CARTESIAN_POINT('',(53.946353348623,106.690871342877,8.5));
#981=CARTESIAN_POINT('Origin',(57.446353348623,106.690871342877,8.5));
#982=CARTESIAN_POINT('',(11.2340465807894,61.8883172798499,8.5));
#983=CARTESIAN_POINT('Origin',(14.7340465807894,61.8883172798499,8.5));
#984=CARTESIAN_POINT('Ctrl Pts',(50.9668915082866,107.207179641884,11.));
#985=CARTESIAN_POINT('Ctrl Pts',(50.8676500377829,105.961739035285,11.));
#986=CARTESIAN_POINT('Ctrl Pts',(50.2668226111114,103.445113475484,11.));
#987=CARTESIAN_POINT('Ctrl Pts',(48.1197695608984,98.4919140914367,11.));
#988=CARTESIAN_POINT('Ctrl Pts',(44.65336522093,92.3851810569528,11.));
#989=CARTESIAN_POINT('Ctrl Pts',(41.4670000488822,86.0343068180675,11.));
#990=CARTESIAN_POINT('Ctrl Pts',(38.7337475108254,81.3120415123987,11.));
#991=CARTESIAN_POINT('Ctrl Pts',(35.5018358682874,77.0899670307077,11.));
#992=CARTESIAN_POINT('Ctrl Pts',(30.292165922439,72.8377929773645,11.));
#993=CARTESIAN_POINT('Ctrl Pts',(24.139557928976,69.8944499488925,11.));
#994=CARTESIAN_POINT('Ctrl Pts',(18.9801468250408,68.5054260180587,11.));
#995=CARTESIAN_POINT('Ctrl Pts',(16.3846569959949,68.3007196468054,11.));
#996=CARTESIAN_POINT('Ctrl Pts',(15.1246310661176,68.3765715720167,11.));
#997=CARTESIAN_POINT('Ctrl Pts',(50.9668915082866,107.207179641884,11.1121997376282));
#998=CARTESIAN_POINT('Ctrl Pts',(50.8676513764897,105.961755835518,11.1121997376282));
#999=CARTESIAN_POINT('Ctrl Pts',(50.2668245857402,103.445130758302,11.1121997376282));
#1000=CARTESIAN_POINT('Ctrl Pts',(48.1197759730724,98.4919360211171,11.1121997376282));
#1001=CARTESIAN_POINT('Ctrl Pts',(44.6533662403827,92.3851858314906,11.1121997376282));
#1002=CARTESIAN_POINT('Ctrl Pts',(41.4669903090985,86.0342949216871,11.1121997376282));
#1003=CARTESIAN_POINT('Ctrl Pts',(38.7337367922522,81.3120332276169,11.1121997376282));
#1004=CARTESIAN_POINT('Ctrl Pts',(35.5018384341959,77.0899773854228,11.1121997376282));
#1005=CARTESIAN_POINT('Ctrl Pts',(30.292162475457,72.8377994823074,11.1121997376282));
#1006=CARTESIAN_POINT('Ctrl Pts',(24.1395380294081,69.8944495843386,11.1121997376282));
#1007=CARTESIAN_POINT('Ctrl Pts',(18.9801368823713,68.5054299848864,11.1121997376282));
#1008=CARTESIAN_POINT('Ctrl Pts',(16.3846415647823,68.3007205757444,11.1121997376282));
#1009=CARTESIAN_POINT('Ctrl Pts',(15.1246310661176,68.3765715720167,11.1121997376282));
#1010=CARTESIAN_POINT('Ctrl Pts',(50.9680399891742,107.207088126535,11.3342296662285));
#1011=CARTESIAN_POINT('Ctrl Pts',(50.8687892058892,105.96153064827,11.3342296662285));
#1012=CARTESIAN_POINT('Ctrl Pts',(50.2679116795261,103.444723479501,11.3342296662285));
#1013=CARTESIAN_POINT('Ctrl Pts',(48.1207857963835,98.4913693200105,11.3342296662285));
#1014=CARTESIAN_POINT('Ctrl Pts',(44.654373985529,92.3846268366933,11.3342296662285));
#1015=CARTESIAN_POINT('Ctrl Pts',(41.4680331778723,86.0337955158631,11.3342296662285));
#1016=CARTESIAN_POINT('Ctrl Pts',(38.7347121948801,81.3114072084193,11.3342296662285));
#1017=CARTESIAN_POINT('Ctrl Pts',(35.5026627397143,77.0891495070772,11.3342296662285));
#1018=CARTESIAN_POINT('Ctrl Pts',(30.2927692477507,72.836800259548,11.3342296662285));
#1019=CARTESIAN_POINT('Ctrl Pts',(24.1399829455375,69.8933740680482,11.3342296662285));
#1020=CARTESIAN_POINT('Ctrl Pts',(18.9803577452543,68.5042876936959,11.3342296662285));
#1021=CARTESIAN_POINT('Ctrl Pts',(16.3846951131272,68.29956314525,11.3342296662285));
#1022=CARTESIAN_POINT('Ctrl Pts',(15.124561835242,68.375421532672,11.3342296662285));
#1023=CARTESIAN_POINT('Ctrl Pts',(51.0415327848691,107.201231939513,11.6647235980003));
#1024=CARTESIAN_POINT('Ctrl Pts',(50.9416714680165,105.948012510122,11.6647235980003));
#1025=CARTESIAN_POINT('Ctrl Pts',(50.3375810630583,103.419578683836,11.6647235980003));
#1026=CARTESIAN_POINT('Ctrl Pts',(48.1857461209104,98.456269574365,11.6647235980003));
#1027=CARTESIAN_POINT('Ctrl Pts',(44.7189150374518,92.3491094977944,11.6647235980003));
#1028=CARTESIAN_POINT('Ctrl Pts',(41.5342506517063,86.0012063297637,11.6647235980003));
#1029=CARTESIAN_POINT('Ctrl Pts',(38.7965604598545,81.2709075988659,11.6647235980003));
#1030=CARTESIAN_POINT('Ctrl Pts',(35.5555473477272,77.0367221976326,11.6647235980003));
#1031=CARTESIAN_POINT('Ctrl Pts',(30.3314144083175,72.7732040204993,11.6647235980003));
#1032=CARTESIAN_POINT('Ctrl Pts',(24.1673972854122,69.8245310190741,11.6647235980003));
#1033=CARTESIAN_POINT('Ctrl Pts',(18.9939632151111,68.4314015752787,11.6647235980003));
#1034=CARTESIAN_POINT('Ctrl Pts',(16.3873025315393,68.2255469678998,11.6647235980003));
#1035=CARTESIAN_POINT('Ctrl Pts',(15.1201316608712,68.3018290092711,11.6647235980003));
#1036=CARTESIAN_POINT('Ctrl Pts',(51.2175444234006,107.18720665903,11.9801354338941));
#1037=CARTESIAN_POINT('Ctrl Pts',(51.1162245687277,105.915683165636,11.9801354338941));
#1038=CARTESIAN_POINT('Ctrl Pts',(50.5044412158786,103.359405384674,11.9801354338941));
#1039=CARTESIAN_POINT('Ctrl Pts',(48.3413404410677,98.372267363418,11.9801354338941));
#1040=CARTESIAN_POINT('Ctrl Pts',(44.8734904762638,92.2640602682703,11.9801354338941));
#1041=CARTESIAN_POINT('Ctrl Pts',(41.6928116222899,85.9231243031442,11.9801354338941));
#1042=CARTESIAN_POINT('Ctrl Pts',(38.9446547135958,81.1738903706674,11.9801354338941));
#1043=CARTESIAN_POINT('Ctrl Pts',(35.682210403601,76.9111896751766,11.9801354338941));
#1044=CARTESIAN_POINT('Ctrl Pts',(30.423958246837,72.6209119343149,11.9801354338941));
#1045=CARTESIAN_POINT('Ctrl Pts',(24.2329988772057,69.6596542990077,11.9801354338941));
#1046=CARTESIAN_POINT('Ctrl Pts',(19.026520463758,68.2568537446052,11.9801354338941));
#1047=CARTESIAN_POINT('Ctrl Pts',(16.3935049807604,68.0482843957692,11.9801354338941));
#1048=CARTESIAN_POINT('Ctrl Pts',(15.1095216106939,68.1255785277783,11.9801354338941));
#1049=CARTESIAN_POINT('Ctrl Pts',(51.4851327983602,107.165884193968,12.2487541498918));
#1050=CARTESIAN_POINT('Ctrl Pts',(51.3815926260274,105.866496605462,12.2487541498918));
#1051=CARTESIAN_POINT('Ctrl Pts',(50.7581123899588,103.267886942753,12.2487541498918));
#1052=CARTESIAN_POINT('Ctrl Pts',(48.5778746256007,98.2445119774232,12.2487541498918));
#1053=CARTESIAN_POINT('Ctrl Pts',(45.1084874311014,92.1347505336994,12.2487541498918));
#1054=CARTESIAN_POINT('Ctrl Pts',(41.9338912026246,85.8044430881707,12.2487541498918));
#1055=CARTESIAN_POINT('Ctrl Pts',(39.1698240054005,81.0264143185883,12.2487541498918));
#1056=CARTESIAN_POINT('Ctrl Pts',(35.8747691253674,76.7203215055099,12.2487541498918));
#1057=CARTESIAN_POINT('Ctrl Pts',(30.5646590493848,72.3893699197383,12.2487541498918));
#1058=CARTESIAN_POINT('Ctrl Pts',(24.3327755950754,69.4089950017466,12.2487541498918));
#1059=CARTESIAN_POINT('Ctrl Pts',(19.0760385452222,67.9914821261174,12.2487541498918));
#1060=CARTESIAN_POINT('Ctrl Pts',(16.4029681503238,67.77879221519,12.2487541498918));
#1061=CARTESIAN_POINT('Ctrl Pts',(15.0933912791496,67.8576270427403,12.2487541498918));
#1062=CARTESIAN_POINT('Ctrl Pts',(51.7994075077514,107.140841583235,12.4248299113973));
#1063=CARTESIAN_POINT('Ctrl Pts',(51.6932596452605,105.808728530305,12.4248299113973));
#1064=CARTESIAN_POINT('Ctrl Pts',(51.0560417661786,103.160401315129,12.4248299113973));
#1065=CARTESIAN_POINT('Ctrl Pts',(48.8556771357035,98.0944671477169,12.4248299113973));
#1066=CARTESIAN_POINT('Ctrl Pts',(45.3844844781016,91.9828800658028,12.4248299113973));
#1067=CARTESIAN_POINT('Ctrl Pts',(42.2170320515868,85.6650554068076,12.4248299113973));
#1068=CARTESIAN_POINT('Ctrl Pts',(39.4342786806767,80.8532079657023,12.4248299113973));
#1069=CARTESIAN_POINT('Ctrl Pts',(36.1009237196685,76.4961524914411,12.4248299113973));
#1070=CARTESIAN_POINT('Ctrl Pts',(30.7299080008439,72.1174306433237,12.4248299113973));
#1071=CARTESIAN_POINT('Ctrl Pts',(24.4499603104833,69.1146029961486,12.4248299113973));
#1072=CARTESIAN_POINT('Ctrl Pts',(19.1341960229233,67.6798109557052,12.4248299113973));
#1073=CARTESIAN_POINT('Ctrl Pts',(16.4140822746935,67.4622815473421,12.4248299113973));
#1074=CARTESIAN_POINT('Ctrl Pts',(15.0744466771681,67.5429258711964,12.4248299113973));
#1075=CARTESIAN_POINT('Ctrl Pts',(52.1290136264217,107.114577307178,12.498986698748));
#1076=CARTESIAN_POINT('Ctrl Pts',(52.0201327386853,105.748165884803,12.498986698748));
#1077=CARTESIAN_POINT('Ctrl Pts',(51.3685079384244,103.047696399341,12.498986698748));
#1078=CARTESIAN_POINT('Ctrl Pts',(49.1470408056892,97.937133360122,12.498986698748));
#1079=CARTESIAN_POINT('Ctrl Pts',(45.6739470468084,91.8236075248956,12.498986698748));
#1080=CARTESIAN_POINT('Ctrl Pts',(42.5139718355538,85.5188512308057,12.498986698748));
#1081=CARTESIAN_POINT('Ctrl Pts',(39.7116193422437,80.6715403902198,12.498986698748));
#1082=CARTESIAN_POINT('Ctrl Pts',(36.3381145165011,76.2610622550387,12.498986698748));
#1083=CARTESIAN_POINT('Ctrl Pts',(30.9032135355368,71.8322343476789,12.498986698748));
#1084=CARTESIAN_POINT('Ctrl Pts',(24.5728338000769,68.8058490172948,12.498986698748));
#1085=CARTESIAN_POINT('Ctrl Pts',(19.1951766827395,67.3529409477731,12.498986698748));
#1086=CARTESIAN_POINT('Ctrl Pts',(16.4257169476115,67.1303316949304,12.498986698748));
#1087=CARTESIAN_POINT('Ctrl Pts',(15.0545778918594,67.2128724860721,12.498986698748));
#1088=CARTESIAN_POINT('Ctrl Pts',(52.3503067147553,107.096943827603,12.5));
#1089=CARTESIAN_POINT('Ctrl Pts',(52.2395890709438,105.707481853994,12.5));
#1090=CARTESIAN_POINT('Ctrl Pts',(51.5782907847319,102.972004090514,12.5));
#1091=CARTESIAN_POINT('Ctrl Pts',(49.3426496185916,97.8314714440167,12.5));
#1092=CARTESIAN_POINT('Ctrl Pts',(45.8682868977347,91.716667533896,12.5));
#1093=CARTESIAN_POINT('Ctrl Pts',(42.7133465750163,85.4207080755162,12.5));
#1094=CARTESIAN_POINT('Ctrl Pts',(39.8978368413511,80.5495826246143,12.5));
#1095=CARTESIAN_POINT('Ctrl Pts',(36.4973576816226,76.1032116197995,12.5));
#1096=CARTESIAN_POINT('Ctrl Pts',(31.0195732641117,71.6407484733116,12.5));
#1097=CARTESIAN_POINT('Ctrl Pts',(24.6553567482046,68.5985562745328,12.5));
#1098=CARTESIAN_POINT('Ctrl Pts',(19.2361319377403,67.1334793952019,12.5));
#1099=CARTESIAN_POINT('Ctrl Pts',(16.4335495180816,66.9074637787508,12.5));
#1100=CARTESIAN_POINT('Ctrl Pts',(15.0412382582381,66.991279109093,12.5));
#1101=CARTESIAN_POINT('Ctrl Pts',(52.4621519329796,107.088031572883,12.5));
#1102=CARTESIAN_POINT('Ctrl Pts',(52.3505072435717,105.686935549275,12.5));
#1103=CARTESIAN_POINT('Ctrl Pts',(51.6843204249744,102.933764480098,12.5));
#1104=CARTESIAN_POINT('Ctrl Pts',(49.4415197140394,97.7780891426679,12.5));
#1105=CARTESIAN_POINT('Ctrl Pts',(45.9665104761038,91.6626228493159,12.5));
#1106=CARTESIAN_POINT('Ctrl Pts',(42.8141045700696,85.3710934991381,12.5));
#1107=CARTESIAN_POINT('Ctrl Pts',(39.9919440106445,80.4879352043664,12.5));
#1108=CARTESIAN_POINT('Ctrl Pts',(36.5778442899837,76.023441188365,12.5));
#1109=CARTESIAN_POINT('Ctrl Pts',(31.0783801120805,71.5439745455125,12.5));
#1110=CARTESIAN_POINT('Ctrl Pts',(24.6970461726127,68.493786715507,12.5));
#1111=CARTESIAN_POINT('Ctrl Pts',(19.2568218885327,67.0225636632039,12.5));
#1112=CARTESIAN_POINT('Ctrl Pts',(16.4374934573342,66.7948235055499,12.5));
#1113=CARTESIAN_POINT('Ctrl Pts',(15.034496184888,66.8792821199782,12.5));
#1114=CARTESIAN_POINT('',(15.034496184888,66.8792821199782,12.5));
#1115=CARTESIAN_POINT('Ctrl Pts',(15.1246310661176,68.3765715720167,11.));
#1116=CARTESIAN_POINT('Ctrl Pts',(15.1246310661176,68.3765715720167,11.1121997376282));
#1117=CARTESIAN_POINT('Ctrl Pts',(15.124561835242,68.375421532672,11.3342296662285));
#1118=CARTESIAN_POINT('Ctrl Pts',(15.1201316608712,68.3018290092711,11.6647235980003));
#1119=CARTESIAN_POINT('Ctrl Pts',(15.1095216106939,68.1255785277783,11.9801354338941));
#1120=CARTESIAN_POINT('Ctrl Pts',(15.0933912791496,67.8576270427403,12.2487541498918));
#1121=CARTESIAN_POINT('Ctrl Pts',(15.0744466771681,67.5429258711964,12.4248299113973));
#1122=CARTESIAN_POINT('Ctrl Pts',(15.0545778918594,67.2128724860721,12.498986698748));
#1123=CARTESIAN_POINT('Ctrl Pts',(15.0412382582381,66.991279109093,12.5));
#1124=CARTESIAN_POINT('Ctrl Pts',(15.034496184888,66.8792821199782,12.5));
#1125=CARTESIAN_POINT('',(52.4621519329796,107.088031572883,12.5));
#1126=CARTESIAN_POINT('Ctrl Pts',(15.034496184888,66.8792821199782,12.5));
#1127=CARTESIAN_POINT('Ctrl Pts',(16.4374934573342,66.7948235055499,12.5));
#1128=CARTESIAN_POINT('Ctrl Pts',(19.2568218885327,67.0225636632039,12.5));
#1129=CARTESIAN_POINT('Ctrl Pts',(24.6970461726127,68.493786715507,12.5));
#1130=CARTESIAN_POINT('Ctrl Pts',(31.0783801120805,71.5439745455125,12.5));
#1131=CARTESIAN_POINT('Ctrl Pts',(36.5778442899837,76.023441188365,12.5));
#1132=CARTESIAN_POINT('Ctrl Pts',(39.9919440106445,80.4879352043664,12.5));
#1133=CARTESIAN_POINT('Ctrl Pts',(42.8141045700696,85.3710934991381,12.5));
#1134=CARTESIAN_POINT('Ctrl Pts',(45.9665104761038,91.6626228493159,12.5));
#1135=CARTESIAN_POINT('Ctrl Pts',(49.4415197140394,97.7780891426679,12.5));
#1136=CARTESIAN_POINT('Ctrl Pts',(51.6843204249744,102.933764480098,12.5));
#1137=CARTESIAN_POINT('Ctrl Pts',(52.3505072435717,105.686935549275,12.5));
#1138=CARTESIAN_POINT('Ctrl Pts',(52.4621519329796,107.088031572883,12.5));
#1139=CARTESIAN_POINT('Ctrl Pts',(52.4621519329796,107.088031572883,12.5));
#1140=CARTESIAN_POINT('Ctrl Pts',(52.3503067147553,107.096943827603,12.5));
#1141=CARTESIAN_POINT('Ctrl Pts',(52.1290136264217,107.114577307178,12.498986698748));
#1142=CARTESIAN_POINT('Ctrl Pts',(51.7994075077514,107.140841583235,12.4248299113973));
#1143=CARTESIAN_POINT('Ctrl Pts',(51.4851327983602,107.165884193968,12.2487541498918));
#1144=CARTESIAN_POINT('Ctrl Pts',(51.2175444234006,107.18720665903,11.9801354338941));
#1145=CARTESIAN_POINT('Ctrl Pts',(51.0415327848691,107.201231939513,11.6647235980003));
#1146=CARTESIAN_POINT('Ctrl Pts',(50.9680399891742,107.207088126535,11.3342296662285));
#1147=CARTESIAN_POINT('Ctrl Pts',(50.9668915082866,107.207179641884,11.1121997376282));
#1148=CARTESIAN_POINT('Ctrl Pts',(50.9668915082866,107.207179641884,11.));
#1149=CARTESIAN_POINT('Ctrl Pts',(15.1246310661176,68.3765715720167,11.));
#1150=CARTESIAN_POINT('Ctrl Pts',(13.9934156244242,68.4446692730613,11.));
#1151=CARTESIAN_POINT('Ctrl Pts',(11.6962210183777,67.9751874231872,11.));
#1152=CARTESIAN_POINT('Ctrl Pts',(9.06075961690842,65.6449816519915,11.));
#1153=CARTESIAN_POINT('Ctrl Pts',(7.94152793880975,62.308319840046,11.));
#1154=CARTESIAN_POINT('Ctrl Pts',(8.64226761266316,58.8608185907723,11.));
#1155=CARTESIAN_POINT('Ctrl Pts',(10.967274877157,56.2202104521024,11.));
#1156=CARTESIAN_POINT('Ctrl Pts',(14.3030459622422,55.099072344896,11.));
#1157=CARTESIAN_POINT('Ctrl Pts',(16.6016726992508,55.5601059722169,11.));
#1158=CARTESIAN_POINT('Ctrl Pts',(17.6173405990222,56.0628030875727,11.));
#1159=CARTESIAN_POINT('Ctrl Pts',(15.1246310661176,68.3765715720167,11.1121997376282));
#1160=CARTESIAN_POINT('Ctrl Pts',(13.9933874487519,68.4446709692002,11.1121997376282));
#1161=CARTESIAN_POINT('Ctrl Pts',(11.6962148543629,67.9752307118058,11.1121997376282));
#1162=CARTESIAN_POINT('Ctrl Pts',(9.0607073683676,65.6449926279518,11.1121997376282));
#1163=CARTESIAN_POINT('Ctrl Pts',(7.9414662373553,62.3083265486464,11.1121997376282));
#1164=CARTESIAN_POINT('Ctrl Pts',(8.64222865821387,58.8607995758082,11.1121997376282));
#1165=CARTESIAN_POINT('Ctrl Pts',(10.967231519341,56.2201672124452,11.1121997376282));
#1166=CARTESIAN_POINT('Ctrl Pts',(14.3030537125101,55.0990392265812,11.1121997376282));
#1167=CARTESIAN_POINT('Ctrl Pts',(16.6016474015712,55.5600934513225,11.1121997376282));
#1168=CARTESIAN_POINT('Ctrl Pts',(17.6173405990222,56.0628030875727,11.1121997376282));
#1169=CARTESIAN_POINT('Ctrl Pts',(15.1245619261315,68.3754230424965,11.3342301319444));
#1170=CARTESIAN_POINT('Ctrl Pts',(13.9935424899214,68.4435089442654,11.3342301319444));
#1171=CARTESIAN_POINT('Ctrl Pts',(11.6967578370322,67.9741164574378,11.3342301319444));
#1172=CARTESIAN_POINT('Ctrl Pts',(9.06175602364462,65.6443183107241,11.3342301319444));
#1173=CARTESIAN_POINT('Ctrl Pts',(7.94272104623514,62.3082465017678,11.3342301319444));
#1174=CARTESIAN_POINT('Ctrl Pts',(8.64334009936141,58.8613516481827,11.3342301319444));
#1175=CARTESIAN_POINT('Ctrl Pts',(10.9679351362712,56.2212072971069,11.3342301319444));
#1176=CARTESIAN_POINT('Ctrl Pts',(14.3031234224606,55.1002691726858,11.3342301319444));
#1177=CARTESIAN_POINT('Ctrl Pts',(16.6013382925717,55.5612242878888,11.3342301319444));
#1178=CARTESIAN_POINT('Ctrl Pts',(17.6168302077604,56.0638343010116,11.3342301319444));
#1179=CARTESIAN_POINT('Ctrl Pts',(15.1201317259003,68.3018300895125,11.6647247359934));
#1180=CARTESIAN_POINT('Ctrl Pts',(14.0019621487847,68.3691424464457,11.6647247359934));
#1181=CARTESIAN_POINT('Ctrl Pts',(11.7312185099346,67.9050469157056,11.6647247359934));
#1182=CARTESIAN_POINT('Ctrl Pts',(9.12614056395153,65.6017009613219,11.6647247359934));
#1183=CARTESIAN_POINT('Ctrl Pts',(8.01980685428903,62.3034780890871,11.6647247359934));
#1184=CARTESIAN_POINT('Ctrl Pts',(8.71246238739005,58.8957038820953,11.6647247359934));
#1185=CARTESIAN_POINT('Ctrl Pts',(11.0106890337667,56.2855269874139,11.6647247359934));
#1186=CARTESIAN_POINT('Ctrl Pts',(14.3080067993088,55.1772985127262,11.6647247359934));
#1187=CARTESIAN_POINT('Ctrl Pts',(16.5801718773212,55.6330104252608,11.6647247359934));
#1188=CARTESIAN_POINT('Ctrl Pts',(17.5841264770544,56.129910131698,11.6647247359934));
#1189=CARTESIAN_POINT('Ctrl Pts',(15.1095217737605,68.1255812365836,11.9801365369092));
#1190=CARTESIAN_POINT('Ctrl Pts',(14.0220499444342,68.1910456289517,11.9801365369092));
#1191=CARTESIAN_POINT('Ctrl Pts',(11.8137321345002,67.7397488882754,11.9801365369092));
#1192=CARTESIAN_POINT('Ctrl Pts',(9.2801940626547,65.4996658683317,11.9801365369092));
#1193=CARTESIAN_POINT('Ctrl Pts',(8.20425311802606,62.292076378198,11.9801365369092));
#1194=CARTESIAN_POINT('Ctrl Pts',(8.8778985162207,58.9779228808511,11.9801365369092));
#1195=CARTESIAN_POINT('Ctrl Pts',(11.1129631470593,56.4394496583832,11.9801365369092));
#1196=CARTESIAN_POINT('Ctrl Pts',(14.319723132924,55.3616872177605,11.9801365369092));
#1197=CARTESIAN_POINT('Ctrl Pts',(16.5294113671559,55.8048980820117,11.9801365369092));
#1198=CARTESIAN_POINT('Ctrl Pts',(17.5058038280818,56.2881561171165,11.9801365369092));
#1199=CARTESIAN_POINT('Ctrl Pts',(15.0933913459677,67.8576281526995,12.2487558619183));
#1200=CARTESIAN_POINT('Ctrl Pts',(14.0526503936774,67.9202794069361,12.2487558619183));
#1201=CARTESIAN_POINT('Ctrl Pts',(11.9391918026847,67.4883511290107,12.2487558619183));
#1202=CARTESIAN_POINT('Ctrl Pts',(9.51451595923866,65.3445171201381,12.2487558619183));
#1203=CARTESIAN_POINT('Ctrl Pts',(8.48480185392386,62.2747277660634,12.2487558619183));
#1204=CARTESIAN_POINT('Ctrl Pts',(9.12949688745912,59.1029623347159,12.2487558619183));
#1205=CARTESIAN_POINT('Ctrl Pts',(11.2685451005771,56.6735532316172,12.2487558619183));
#1206=CARTESIAN_POINT('Ctrl Pts',(14.3375188939986,55.6420868170129,12.2487558619183));
#1207=CARTESIAN_POINT('Ctrl Pts',(16.4522941467128,56.0662477879415,12.2487558619183));
#1208=CARTESIAN_POINT('Ctrl Pts',(17.3867290370609,56.5287392420591,12.2487558619183));
#1209=CARTESIAN_POINT('Ctrl Pts',(15.0744466641998,67.5429256557711,12.4248330902166));
#1210=CARTESIAN_POINT('Ctrl Pts',(14.088589591964,67.6022729716787,12.4248330902166));
#1211=CARTESIAN_POINT('Ctrl Pts',(12.0865402345918,67.1930924494801,12.4248330902166));
#1212=CARTESIAN_POINT('Ctrl Pts',(9.78971955108728,65.1622998064507,12.4248330902166));
#1213=CARTESIAN_POINT('Ctrl Pts',(8.81429739587338,62.2543523816544,12.4248330902166));
#1214=CARTESIAN_POINT('Ctrl Pts',(9.42499119023982,59.249817206127,12.4248330902166));
#1215=CARTESIAN_POINT('Ctrl Pts',(11.4512711198273,56.9485004319342,12.4248330902166));
#1216=CARTESIAN_POINT('Ctrl Pts',(14.3584194767686,55.9714072737131,12.4248330902166));
#1217=CARTESIAN_POINT('Ctrl Pts',(16.3617223259626,56.3731947933424,12.4248330902166));
#1218=CARTESIAN_POINT('Ctrl Pts',(17.2468794278969,56.8112965802348,12.4248330902166));
#1219=CARTESIAN_POINT('Ctrl Pts',(15.0545778915426,67.2128724808099,12.4989886656205));
#1220=CARTESIAN_POINT('Ctrl Pts',(14.126242618548,67.2687570590781,12.4989886656205));
#1221=CARTESIAN_POINT('Ctrl Pts',(12.2410675024771,66.8834917984121,12.4989886656205));
#1222=CARTESIAN_POINT('Ctrl Pts',(10.0782743853306,64.9712095086448,12.4989886656205));
#1223=CARTESIAN_POINT('Ctrl Pts',(9.15977929278037,62.2329924590475,12.4989886656205));
#1224=CARTESIAN_POINT('Ctrl Pts',(9.73484499212547,59.4038089467007,12.4989886656205));
#1225=CARTESIAN_POINT('Ctrl Pts',(11.6428498533911,57.2367989109001,12.4989886656205));
#1226=CARTESIAN_POINT('Ctrl Pts',(14.3803503464208,56.3167453398717,12.4989886656205));
#1227=CARTESIAN_POINT('Ctrl Pts',(16.2666973378139,56.6950967442468,12.4989886656205));
#1228=CARTESIAN_POINT('Ctrl Pts',(17.1002081813316,57.1076366076692,12.4989886656205));
#1229=CARTESIAN_POINT('Ctrl Pts',(15.0412382582381,66.991279109093,12.5));
#1230=CARTESIAN_POINT('Ctrl Pts',(14.1515610673015,67.0448365210073,12.5));
#1231=CARTESIAN_POINT('Ctrl Pts',(12.3448235494771,66.6755705238722,12.5));
#1232=CARTESIAN_POINT('Ctrl Pts',(10.2720780814478,64.8428989135807,12.5));
#1233=CARTESIAN_POINT('Ctrl Pts',(9.39181605598894,62.2186424726362,12.5));
#1234=CARTESIAN_POINT('Ctrl Pts',(9.94293027560832,59.5072230991011,12.5));
#1235=CARTESIAN_POINT('Ctrl Pts',(11.7715328558886,57.4304181193021,12.5));
#1236=CARTESIAN_POINT('Ctrl Pts',(14.3950637992207,56.5486462766529,12.5));
#1237=CARTESIAN_POINT('Ctrl Pts',(16.2029335550079,56.9112346891327,12.5));
#1238=CARTESIAN_POINT('Ctrl Pts',(17.0017350305609,57.3065954144178,12.5));
#1239=CARTESIAN_POINT('Ctrl Pts',(15.034496184888,66.8792821199782,12.5));
#1240=CARTESIAN_POINT('Ctrl Pts',(14.1643304605084,66.9316649669356,12.5));
#1241=CARTESIAN_POINT('Ctrl Pts',(12.3972576866265,66.5705250824171,12.5));
#1242=CARTESIAN_POINT('Ctrl Pts',(10.3699796854963,64.7780591045742,12.5));
#1243=CARTESIAN_POINT('Ctrl Pts',(9.50903224080505,62.2113961723085,12.5));
#1244=CARTESIAN_POINT('Ctrl Pts',(10.0480627591538,59.5594721344056,12.5));
#1245=CARTESIAN_POINT('Ctrl Pts',(11.8365298856875,57.5282351046595,12.5));
#1246=CARTESIAN_POINT('Ctrl Pts',(14.4025076434454,56.6658211760392,12.5));
#1247=CARTESIAN_POINT('Ctrl Pts',(16.1706820565289,57.0204624278246,12.5));
#1248=CARTESIAN_POINT('Ctrl Pts',(16.9519650563531,57.4071525165598,12.5));
#1249=CARTESIAN_POINT('',(16.9519650563531,57.4071525165598,12.5));
#1250=CARTESIAN_POINT('Ctrl Pts',(17.6173405990222,56.0628030875727,11.));
#1251=CARTESIAN_POINT('Ctrl Pts',(17.6173405990222,56.0628030875727,11.1121997376282));
#1252=CARTESIAN_POINT('Ctrl Pts',(17.6168302077604,56.0638343010116,11.3342301319444));
#1253=CARTESIAN_POINT('Ctrl Pts',(17.5841264770544,56.129910131698,11.6647247359934));
#1254=CARTESIAN_POINT('Ctrl Pts',(17.5058038280818,56.2881561171165,11.9801365369092));
#1255=CARTESIAN_POINT('Ctrl Pts',(17.3867290370609,56.5287392420591,12.2487558619183));
#1256=CARTESIAN_POINT('Ctrl Pts',(17.2468794278969,56.8112965802348,12.4248330902166));
#1257=CARTESIAN_POINT('Ctrl Pts',(17.1002081813316,57.1076366076692,12.4989886656205));
#1258=CARTESIAN_POINT('Ctrl Pts',(17.0017350305609,57.3065954144178,12.5));
#1259=CARTESIAN_POINT('Ctrl Pts',(16.9519650563531,57.4071525165598,12.5));
#1260=CARTESIAN_POINT('Origin',(14.7340465807894,61.8883172798499,12.5));
#1261=CARTESIAN_POINT('Ctrl Pts',(17.6173405990222,56.0628030875727,11.));
#1262=CARTESIAN_POINT('Ctrl Pts',(18.0269463863856,56.2655343620247,11.));
#1263=CARTESIAN_POINT('Ctrl Pts',(18.8078240771481,56.73906973892,11.));
#1264=CARTESIAN_POINT('Ctrl Pts',(20.1094107895413,57.7490552668839,11.));
#1265=CARTESIAN_POINT('Ctrl Pts',(21.5150598670794,58.9622720242852,11.));
#1266=CARTESIAN_POINT('Ctrl Pts',(23.222996047653,60.214749834664,11.));
#1267=CARTESIAN_POINT('Ctrl Pts',(25.7190120209052,61.6444624049188,11.));
#1268=CARTESIAN_POINT('Ctrl Pts',(29.2634309440887,63.2384306880047,11.));
#1269=CARTESIAN_POINT('Ctrl Pts',(34.9989313883277,66.2486951443491,11.));
#1270=CARTESIAN_POINT('Ctrl Pts',(41.4364953689344,71.1075230353102,11.));
#1271=CARTESIAN_POINT('Ctrl Pts',(47.6684830951558,78.0719552647706,11.));
#1272=CARTESIAN_POINT('Ctrl Pts',(52.8967632900163,86.2960413198175,11.));
#1273=CARTESIAN_POINT('Ctrl Pts',(56.1885692525579,93.7096498381053,11.));
#1274=CARTESIAN_POINT('Ctrl Pts',(58.9981871150303,98.8429436629962,11.));
#1275=CARTESIAN_POINT('Ctrl Pts',(60.7726777939048,100.939469102302,11.));
#1276=CARTESIAN_POINT('Ctrl Pts',(61.7952470487701,101.86002011511,11.));
#1277=CARTESIAN_POINT('Ctrl Pts',(17.6173405990222,56.0628030875727,11.1121997376282));
#1278=CARTESIAN_POINT('Ctrl Pts',(18.0269540587221,56.2655381593894,11.1121997376282));
#1279=CARTESIAN_POINT('Ctrl Pts',(18.8078429765903,56.7390805433364,11.1121997376282));
#1280=CARTESIAN_POINT('Ctrl Pts',(20.109440110259,57.749074834084,11.1121997376282));
#1281=CARTESIAN_POINT('Ctrl Pts',(21.5150818612405,58.962286301532,11.1121997376282));
#1282=CARTESIAN_POINT('Ctrl Pts',(23.2230039986204,60.2147535206566,11.1121997376282));
#1283=CARTESIAN_POINT('Ctrl Pts',(25.7190015806411,61.6444562401787,11.1121997376282));
#1284=CARTESIAN_POINT('Ctrl Pts',(29.263420401703,63.23842424385,11.1121997376282));
#1285=CARTESIAN_POINT('Ctrl Pts',(34.9989348542451,66.2486958086025,11.1121997376282));
#1286=CARTESIAN_POINT('Ctrl Pts',(41.4364967062026,71.1075207936646,11.1121997376282));
#1287=CARTESIAN_POINT('Ctrl Pts',(47.668484578171,78.0719554912371,11.1121997376282));
#1288=CARTESIAN_POINT('Ctrl Pts',(52.8967705485067,86.2960504923681,11.1121997376282));
#1289=CARTESIAN_POINT('Ctrl Pts',(56.1885807805818,93.7096680567493,11.1121997376282));
#1290=CARTESIAN_POINT('Ctrl Pts',(58.9981981303198,98.8429542728192,11.1121997376282));
#1291=CARTESIAN_POINT('Ctrl Pts',(60.772688621133,100.939478849334,11.1121997376282));
#1292=CARTESIAN_POINT('Ctrl Pts',(61.7952470487701,101.86002011511,11.1121997376282));
#1293=CARTESIAN_POINT('Ctrl Pts',(17.6168295152365,56.0638357002123,11.3342296490848));
#1294=CARTESIAN_POINT('Ctrl Pts',(18.026381929605,56.2665405581057,11.3342296490848));
#1295=CARTESIAN_POINT('Ctrl Pts',(18.8071625732524,56.7400155479625,11.3342296490848));
#1296=CARTESIAN_POINT('Ctrl Pts',(20.1086645122106,57.7499322519316,11.3342296490848));
#1297=CARTESIAN_POINT('Ctrl Pts',(21.5143329926658,58.9631665128112,11.3342296490848));
#1298=CARTESIAN_POINT('Ctrl Pts',(23.2223693668085,60.2157202457458,11.3342296490848));
#1299=CARTESIAN_POINT('Ctrl Pts',(25.7185194455831,61.6455056034044,11.3342296490848));
#1300=CARTESIAN_POINT('Ctrl Pts',(29.2629415388395,63.2394735540742,11.3342296490848));
#1301=CARTESIAN_POINT('Ctrl Pts',(34.9983060513327,66.2496702489782,11.3342296490848));
#1302=CARTESIAN_POINT('Ctrl Pts',(41.4357058132565,71.1083707633948,11.3342296490848));
#1303=CARTESIAN_POINT('Ctrl Pts',(47.6675575819646,78.0726510738201,11.3342296490848));
#1304=CARTESIAN_POINT('Ctrl Pts',(52.8957412803889,86.2965790252315,11.3342296490848));
#1305=CARTESIAN_POINT('Ctrl Pts',(56.1875131547173,93.7101110559078,11.3342296490848));
#1306=CARTESIAN_POINT('Ctrl Pts',(58.9972169119141,98.8435775892375,11.3342296490848));
#1307=CARTESIAN_POINT('Ctrl Pts',(60.7718316022916,100.940257598335,11.3342296490848));
#1308=CARTESIAN_POINT('Ctrl Pts',(61.7944761773148,101.860876416867,11.3342296490848));
#1309=CARTESIAN_POINT('Ctrl Pts',(17.5841259807697,56.1299111344099,11.66472355956));
#1310=CARTESIAN_POINT('Ctrl Pts',(17.9901793324927,56.3308841578142,11.66472355956));
#1311=CARTESIAN_POINT('Ctrl Pts',(18.7646274415642,56.8004185326615,11.66472355956));
#1312=CARTESIAN_POINT('Ctrl Pts',(20.0605910230263,57.8058355759919,11.66472355956));
#1313=CARTESIAN_POINT('Ctrl Pts',(21.4675810917856,59.0202476383534,11.66472355956));
#1314=CARTESIAN_POINT('Ctrl Pts',(23.1821820958531,60.277775229994,11.66472355956));
#1315=CARTESIAN_POINT('Ctrl Pts',(25.6871142734489,61.7123257441863,11.66472355956));
#1316=CARTESIAN_POINT('Ctrl Pts',(29.2317403306209,63.3062754758666,11.66472355956));
#1317=CARTESIAN_POINT('Ctrl Pts',(34.9582537584905,66.3120585710853,11.66472355956));
#1318=CARTESIAN_POINT('Ctrl Pts',(41.3851686470197,71.1626401782099,11.66472355956));
#1319=CARTESIAN_POINT('Ctrl Pts',(47.608319093286,78.1171724452421,11.66472355956));
#1320=CARTESIAN_POINT('Ctrl Pts',(52.830265038647,86.3308858549883,11.66472355956));
#1321=CARTESIAN_POINT('Ctrl Pts',(56.1198090229055,93.7394247465441,11.66472355956));
#1322=CARTESIAN_POINT('Ctrl Pts',(58.9350146632546,98.8840257564281,11.66472355956));
#1323=CARTESIAN_POINT('Ctrl Pts',(60.7175667298013,100.990605893367,11.66472355956));
#1324=CARTESIAN_POINT('Ctrl Pts',(61.745149194317,101.915669965021,11.66472355956));
#1325=CARTESIAN_POINT('Ctrl Pts',(17.5058025855705,56.2881586275325,11.9801353943764));
#1326=CARTESIAN_POINT('Ctrl Pts',(17.9034968306448,56.484994374569,11.9801353943764));
#1327=CARTESIAN_POINT('Ctrl Pts',(18.6628095245192,56.9451103267942,11.9801353943764));
#1328=CARTESIAN_POINT('Ctrl Pts',(19.9455375031808,57.9397748612008,11.9801353943764));
#1329=CARTESIAN_POINT('Ctrl Pts',(21.355672677619,59.1569932359076,11.9801353943764));
#1330=CARTESIAN_POINT('Ctrl Pts',(23.0859572533564,60.4264040180275,11.9801353943764));
#1331=CARTESIAN_POINT('Ctrl Pts',(25.6118718442385,61.8723399160112,11.9801353943764));
#1332=CARTESIAN_POINT('Ctrl Pts',(29.1569861059402,63.4662452500116,11.9801353943764));
#1333=CARTESIAN_POINT('Ctrl Pts',(34.8623399174811,66.4614774241789,11.9801353943764));
#1334=CARTESIAN_POINT('Ctrl Pts',(41.2641382166213,71.2926066917262,11.9801353943764));
#1335=CARTESIAN_POINT('Ctrl Pts',(47.4664498118776,78.2237996119493,11.9801353943764));
#1336=CARTESIAN_POINT('Ctrl Pts',(52.6734724314323,86.4130741482863,11.9801353943764));
#1337=CARTESIAN_POINT('Ctrl Pts',(55.9576924011905,93.8096794483689,11.9801353943764));
#1338=CARTESIAN_POINT('Ctrl Pts',(58.7860733854857,98.9809261883811,11.9801353943764));
#1339=CARTESIAN_POINT('Ctrl Pts',(60.5876345726798,101.111214296922,11.9801353943764));
#1340=CARTESIAN_POINT('Ctrl Pts',(61.6270134378515,102.046897882628,11.9801353943764));
#1341=CARTESIAN_POINT('Ctrl Pts',(17.386728527042,56.5287402725201,12.2487540928285));
#1342=CARTESIAN_POINT('Ctrl Pts',(17.7716977869608,56.7192778847705,12.2487540928285));
#1343=CARTESIAN_POINT('Ctrl Pts',(18.5079758033083,57.1650598390106,12.2487540928285));
#1344=CARTESIAN_POINT('Ctrl Pts',(19.7705591234114,58.1433583498297,12.2487540928285));
#1345=CARTESIAN_POINT('Ctrl Pts',(21.1854917493141,59.3648546687056,12.2487540928285));
#1346=CARTESIAN_POINT('Ctrl Pts',(22.9396505029124,60.6523544250995,12.2487540928285));
#1347=CARTESIAN_POINT('Ctrl Pts',(25.4975045209047,62.1156208722934,12.2487540928285));
#1348=CARTESIAN_POINT('Ctrl Pts',(29.0433612165666,63.7094593187835,12.2487540928285));
#1349=CARTESIAN_POINT('Ctrl Pts',(34.7165157655468,66.6886355508791,12.2487540928285));
#1350=CARTESIAN_POINT('Ctrl Pts',(41.0801342792259,71.4901980157459,12.2487540928285));
#1351=CARTESIAN_POINT('Ctrl Pts',(47.250764517101,78.3859030390453,12.2487540928285));
#1352=CARTESIAN_POINT('Ctrl Pts',(52.4350867920346,86.538003946485,12.2487540928285));
#1353=CARTESIAN_POINT('Ctrl Pts',(55.7112034138347,93.9164470200314,12.2487540928285));
#1354=CARTESIAN_POINT('Ctrl Pts',(58.5596158242971,99.1282195269894,12.2487540928285));
#1355=CARTESIAN_POINT('Ctrl Pts',(60.3900767454798,101.294552445019,12.2487540928285));
#1356=CARTESIAN_POINT('Ctrl Pts',(61.4474131543873,102.246402011655,12.2487540928285));
#1357=CARTESIAN_POINT('Ctrl Pts',(17.2468795249994,56.8112963840451,12.4248298105255));
#1358=CARTESIAN_POINT('Ctrl Pts',(17.6169037078457,56.9944370438716,12.4248298105255));
#1359=CARTESIAN_POINT('Ctrl Pts',(18.3261282360835,57.4233841784908,12.4248298105255));
#1360=CARTESIAN_POINT('Ctrl Pts',(19.5650523060554,58.3824613255572,12.4248298105255));
#1361=CARTESIAN_POINT('Ctrl Pts',(20.9856193544559,59.6089819330393,12.4248298105255));
#1362=CARTESIAN_POINT('Ctrl Pts',(22.7678175478413,60.9177265974233,12.4248298105255));
#1363=CARTESIAN_POINT('Ctrl Pts',(25.3631833790304,62.4013472089859,12.4248298105255));
#1364=CARTESIAN_POINT('Ctrl Pts',(28.9099120410683,63.9951070963699,12.4248298105255));
#1365=CARTESIAN_POINT('Ctrl Pts',(34.5452495813557,66.9554261364448,12.4248298105255));
#1366=CARTESIAN_POINT('Ctrl Pts',(40.8640270399392,71.7222632381215,12.4248298105255));
#1367=CARTESIAN_POINT('Ctrl Pts',(46.99744845027,78.5762887783857,12.4248298105255));
#1368=CARTESIAN_POINT('Ctrl Pts',(52.1551098685436,86.6847303987989,12.4248298105255));
#1369=CARTESIAN_POINT('Ctrl Pts',(55.4217093706416,94.0418425224234,12.4248298105255));
#1370=CARTESIAN_POINT('Ctrl Pts',(58.2936481026768,99.3012113126269,12.4248298105255));
#1371=CARTESIAN_POINT('Ctrl Pts',(60.1580509157617,101.509877800877,12.4248298105255));
#1372=CARTESIAN_POINT('Ctrl Pts',(61.2364778699144,102.480713781093,12.4248298105255));
#1373=CARTESIAN_POINT('Ctrl Pts',(17.1002081826609,57.1076366049834,12.4989866357152));
#1374=CARTESIAN_POINT('Ctrl Pts',(17.4545689735939,57.2830247879094,12.4989866357152));
#1375=CARTESIAN_POINT('Ctrl Pts',(18.1354359921792,57.6943256665581,12.4989866357152));
#1376=CARTESIAN_POINT('Ctrl Pts',(19.3495612435469,58.633256051596,12.4989866357152));
#1377=CARTESIAN_POINT('Ctrl Pts',(20.7760273068096,59.8650386317502,12.4989866357152));
#1378=CARTESIAN_POINT('Ctrl Pts',(22.5876131103842,61.1960497538653,12.4989866357152));
#1379=CARTESIAN_POINT('Ctrl Pts',(25.2222949239005,62.7010036643876,12.4989866357152));
#1380=CARTESIAN_POINT('Ctrl Pts',(28.7699379467683,64.2946807684022,12.4989866357152));
#1381=CARTESIAN_POINT('Ctrl Pts',(34.3656332738414,67.2352326636117,12.4989866357152));
#1382=CARTESIAN_POINT('Ctrl Pts',(40.6373791830957,71.9656462978583,12.4989866357152));
#1383=CARTESIAN_POINT('Ctrl Pts',(46.7317767890558,78.7759625405187,12.4989866357152));
#1384=CARTESIAN_POINT('Ctrl Pts',(51.8614848374539,86.8386275623856,12.4989866357152));
#1385=CARTESIAN_POINT('Ctrl Pts',(55.1181089281375,94.1733808218954,12.4989866357152));
#1386=CARTESIAN_POINT('Ctrl Pts',(58.0147209617444,99.4826571432322,12.4989866357152));
#1387=CARTESIAN_POINT('Ctrl Pts',(59.9147212112738,101.735721176399,12.4989866357152));
#1388=CARTESIAN_POINT('Ctrl Pts',(61.0152523990972,102.726456126387,12.4989866357152));
#1389=CARTESIAN_POINT('Ctrl Pts',(17.0017350305609,57.3065954144178,12.5));
#1390=CARTESIAN_POINT('Ctrl Pts',(17.3455690873188,57.4767734701899,12.5));
#1391=CARTESIAN_POINT('Ctrl Pts',(18.0073818272958,57.8762172609841,12.5));
#1392=CARTESIAN_POINT('Ctrl Pts',(19.2048431645648,58.8016093391549,12.5));
#1393=CARTESIAN_POINT('Ctrl Pts',(20.6352798162925,60.0369320071183,12.5));
#1394=CARTESIAN_POINT('Ctrl Pts',(22.4666153645234,61.3829070841742,12.5));
#1395=CARTESIAN_POINT('Ctrl Pts',(25.127718673292,62.9021974216891,12.5));
#1396=CARTESIAN_POINT('Ctrl Pts',(28.6759757259915,64.4958193301057,12.5));
#1397=CARTESIAN_POINT('Ctrl Pts',(34.2450365548243,67.4230900620842,12.5));
#1398=CARTESIAN_POINT('Ctrl Pts',(40.4852090447264,72.1290534677164,12.5));
#1399=CARTESIAN_POINT('Ctrl Pts',(46.5534063968194,78.9100204879153,12.5));
#1400=CARTESIAN_POINT('Ctrl Pts',(51.6643389934416,86.9419394259845,12.5));
#1401=CARTESIAN_POINT('Ctrl Pts',(54.9142598598944,94.2616688138683,12.5));
#1402=CARTESIAN_POINT('Ctrl Pts',(57.8274379186109,99.6044628332057,12.5));
#1403=CARTESIAN_POINT('Ctrl Pts',(59.7513380631611,101.88733596236,12.5));
#1404=CARTESIAN_POINT('Ctrl Pts',(60.8667246152177,102.891444207629,12.5));
#1405=CARTESIAN_POINT('Ctrl Pts',(16.9519650563531,57.4071525165598,12.5));
#1406=CARTESIAN_POINT('Ctrl Pts',(17.2904860708989,57.5747009224292,12.5));
#1407=CARTESIAN_POINT('Ctrl Pts',(17.9426792084717,57.9681586511722,12.5));
#1408=CARTESIAN_POINT('Ctrl Pts',(19.1317283020072,58.8867166319491,12.5));
#1409=CARTESIAN_POINT('Ctrl Pts',(20.5641647415306,60.1238234551771,12.5));
#1410=CARTESIAN_POINT('Ctrl Pts',(22.4054686964103,61.4773514255182,12.5));
#1411=CARTESIAN_POINT('Ctrl Pts',(25.0799082634358,63.0038782021391,12.5));
#1412=CARTESIAN_POINT('Ctrl Pts',(28.6284755592948,64.59747194629,12.5));
#1413=CARTESIAN_POINT('Ctrl Pts',(34.1840882787359,67.5180369617903,12.5));
#1414=CARTESIAN_POINT('Ctrl Pts',(40.4083009978579,72.2116400320222,12.5));
#1415=CARTESIAN_POINT('Ctrl Pts',(46.4632564439923,78.9777758282399,12.5));
#1416=CARTESIAN_POINT('Ctrl Pts',(51.5647051429822,86.9941637468006,12.5));
#1417=CARTESIAN_POINT('Ctrl Pts',(54.8112421753729,94.3063084792915,12.5));
#1418=CARTESIAN_POINT('Ctrl Pts',(57.7327924887513,99.6660356183935,12.5));
#1419=CARTESIAN_POINT('Ctrl Pts',(59.6687718590068,101.963973936091,12.5));
#1420=CARTESIAN_POINT('Ctrl Pts',(60.79165619489,102.974831936902,12.5));
#1421=CARTESIAN_POINT('',(61.7952470487701,101.86002011511,11.));
#1422=CARTESIAN_POINT('',(60.79165619489,102.974831936902,12.5));
#1423=CARTESIAN_POINT('Ctrl Pts',(61.7952470487701,101.86002011511,11.));
#1424=CARTESIAN_POINT('Ctrl Pts',(61.7952470487701,101.86002011511,11.1121997376282));
#1425=CARTESIAN_POINT('Ctrl Pts',(61.7944761773148,101.860876416867,11.3342296490848));
#1426=CARTESIAN_POINT('Ctrl Pts',(61.745149194317,101.915669965021,11.66472355956));
#1427=CARTESIAN_POINT('Ctrl Pts',(61.6270134378515,102.046897882628,11.9801353943764));
#1428=CARTESIAN_POINT('Ctrl Pts',(61.4474131543873,102.246402011655,12.2487540928285));
#1429=CARTESIAN_POINT('Ctrl Pts',(61.2364778699144,102.480713781093,12.4248298105255));
#1430=CARTESIAN_POINT('Ctrl Pts',(61.0152523990972,102.726456126387,12.4989866357152));
#1431=CARTESIAN_POINT('Ctrl Pts',(60.8667246152177,102.891444207629,12.5));
#1432=CARTESIAN_POINT('Ctrl Pts',(60.79165619489,102.974831936902,12.5));
#1433=CARTESIAN_POINT('Ctrl Pts',(60.79165619489,102.974831936902,12.5));
#1434=CARTESIAN_POINT('Ctrl Pts',(59.6687718590068,101.963973936091,12.5));
#1435=CARTESIAN_POINT('Ctrl Pts',(57.7327924887513,99.6660356183935,12.5));
#1436=CARTESIAN_POINT('Ctrl Pts',(54.8112421753729,94.3063084792915,12.5));
#1437=CARTESIAN_POINT('Ctrl Pts',(51.5647051429822,86.9941637468006,12.5));
#1438=CARTESIAN_POINT('Ctrl Pts',(46.4632564439923,78.9777758282399,12.5));
#1439=CARTESIAN_POINT('Ctrl Pts',(40.4083009978579,72.2116400320222,12.5));
#1440=CARTESIAN_POINT('Ctrl Pts',(34.1840882787359,67.5180369617903,12.5));
#1441=CARTESIAN_POINT('Ctrl Pts',(28.6284755592948,64.59747194629,12.5));
#1442=CARTESIAN_POINT('Ctrl Pts',(25.0799082634358,63.0038782021391,12.5));
#1443=CARTESIAN_POINT('Ctrl Pts',(22.4054686964103,61.4773514255182,12.5));
#1444=CARTESIAN_POINT('Ctrl Pts',(20.5641647415306,60.1238234551771,12.5));
#1445=CARTESIAN_POINT('Ctrl Pts',(19.1317283020072,58.8867166319491,12.5));
#1446=CARTESIAN_POINT('Ctrl Pts',(17.9426792084717,57.9681586511722,12.5));
#1447=CARTESIAN_POINT('Ctrl Pts',(17.2904860708989,57.5747009224292,12.5));
#1448=CARTESIAN_POINT('Ctrl Pts',(16.9519650563531,57.4071525165598,12.5));
#1449=CARTESIAN_POINT('Ctrl Pts',(17.6173405990222,56.0628030875727,11.));
#1450=CARTESIAN_POINT('Ctrl Pts',(18.0269463863856,56.2655343620247,11.));
#1451=CARTESIAN_POINT('Ctrl Pts',(18.8078240771481,56.73906973892,11.));
#1452=CARTESIAN_POINT('Ctrl Pts',(20.1094107895413,57.7490552668839,11.));
#1453=CARTESIAN_POINT('Ctrl Pts',(21.5150598670794,58.9622720242852,11.));
#1454=CARTESIAN_POINT('Ctrl Pts',(23.222996047653,60.214749834664,11.));
#1455=CARTESIAN_POINT('Ctrl Pts',(25.7190120209052,61.6444624049188,11.));
#1456=CARTESIAN_POINT('Ctrl Pts',(29.2634309440887,63.2384306880047,11.));
#1457=CARTESIAN_POINT('Ctrl Pts',(34.9989313883277,66.2486951443491,11.));
#1458=CARTESIAN_POINT('Ctrl Pts',(41.4364953689344,71.1075230353102,11.));
#1459=CARTESIAN_POINT('Ctrl Pts',(47.6684830951558,78.0719552647706,11.));
#1460=CARTESIAN_POINT('Ctrl Pts',(52.8967632900163,86.2960413198175,11.));
#1461=CARTESIAN_POINT('Ctrl Pts',(56.1885692525579,93.7096498381053,11.));
#1462=CARTESIAN_POINT('Ctrl Pts',(58.9981871150303,98.8429436629962,11.));
#1463=CARTESIAN_POINT('Ctrl Pts',(60.7726777939048,100.939469102302,11.));
#1464=CARTESIAN_POINT('Ctrl Pts',(61.7952470487701,101.86002011511,11.));
#1465=CARTESIAN_POINT('Ctrl Pts',(61.7952470487702,101.86002011511,11.));
#1466=CARTESIAN_POINT('Ctrl Pts',(62.6923888291053,102.667657124135,11.));
#1467=CARTESIAN_POINT('Ctrl Pts',(64.0229976413746,104.794111109609,11.));
#1468=CARTESIAN_POINT('Ctrl Pts',(64.0345428433033,108.560151335654,11.));
#1469=CARTESIAN_POINT('Ctrl Pts',(62.0475095982969,111.757676537017,11.));
#1470=CARTESIAN_POINT('Ctrl Pts',(58.6735703893541,113.428005318236,11.));
#1471=CARTESIAN_POINT('Ctrl Pts',(54.9268480039167,113.054363681955,11.));
#1472=CARTESIAN_POINT('Ctrl Pts',(51.9414339778137,110.762002846911,11.));
#1473=CARTESIAN_POINT('Ctrl Pts',(51.0627755926298,108.410486400254,11.));
#1474=CARTESIAN_POINT('Ctrl Pts',(50.9668915082865,107.207179641884,11.));
#1475=CARTESIAN_POINT('Ctrl Pts',(61.7952470487702,101.86002011511,11.1121997376282));
#1476=CARTESIAN_POINT('Ctrl Pts',(62.6924111746036,102.667677240299,11.1121997376282));
#1477=CARTESIAN_POINT('Ctrl Pts',(64.0230442858334,104.794098363269,11.1121997376282));
#1478=CARTESIAN_POINT('Ctrl Pts',(64.0346167545783,108.56019557571,11.1121997376282));
#1479=CARTESIAN_POINT('Ctrl Pts',(62.047555380877,111.757732186382,11.1121997376282));
#1480=CARTESIAN_POINT('Ctrl Pts',(58.6735895528974,113.428096536745,11.1121997376282));
#1481=CARTESIAN_POINT('Ctrl Pts',(54.9268413603322,113.054431165778,11.1121997376282));
#1482=CARTESIAN_POINT('Ctrl Pts',(51.9413785568838,110.762038108677,11.1121997376282));
#1483=CARTESIAN_POINT('Ctrl Pts',(51.0627779808561,108.410516371536,11.1121997376282));
#1484=CARTESIAN_POINT('Ctrl Pts',(50.9668915082865,107.207179641884,11.1121997376282));
#1485=CARTESIAN_POINT('Ctrl Pts',(61.7944761147364,101.86087648638,11.3342296157476));
#1486=CARTESIAN_POINT('Ctrl Pts',(62.6914624474868,102.668373556295,11.3342296157476));
#1487=CARTESIAN_POINT('Ctrl Pts',(64.0218392847401,104.794445303002,11.3342296157476));
#1488=CARTESIAN_POINT('Ctrl Pts',(64.033386820571,108.559827073324,11.3342296157476));
#1489=CARTESIAN_POINT('Ctrl Pts',(62.0467013005284,111.756787278198,11.3342296157476));
#1490=CARTESIAN_POINT('Ctrl Pts',(58.673355917704,113.426825672406,11.3342296157476));
#1491=CARTESIAN_POINT('Ctrl Pts',(54.9272935725796,113.053246458981,11.3342296157476));
#1492=CARTESIAN_POINT('Ctrl Pts',(51.9424009384005,110.761286817102,11.3342296157476));
#1493=CARTESIAN_POINT('Ctrl Pts',(51.0639076014276,108.41018637688,11.3342296157476));
#1494=CARTESIAN_POINT('Ctrl Pts',(50.9680401309013,107.207088115241,11.3342296157476));
#1495=CARTESIAN_POINT('Ctrl Pts',(61.7451491470173,101.915670017563,11.6647234853288));
#1496=CARTESIAN_POINT('Ctrl Pts',(62.6319445426215,102.713992865324,11.6647234853288));
#1497=CARTESIAN_POINT('Ctrl Pts',(63.9472125516102,104.815967808657,11.6647234853288));
#1498=CARTESIAN_POINT('Ctrl Pts',(63.9586106130314,108.538594864542,11.6647234853288));
#1499=CARTESIAN_POINT('Ctrl Pts',(61.9944819629408,111.699279652833,11.6647234853288));
#1500=CARTESIAN_POINT('Ctrl Pts',(58.6594232908544,113.350348316597,11.6647234853288));
#1501=CARTESIAN_POINT('Ctrl Pts',(54.9558753672916,112.981023226912,11.6647234853288));
#1502=CARTESIAN_POINT('Ctrl Pts',(52.0048776824518,110.715086388821,11.6647234853288));
#1503=CARTESIAN_POINT('Ctrl Pts',(51.1363111825936,108.390661423866,11.6647234853288));
#1504=CARTESIAN_POINT('Ctrl Pts',(51.0415328918361,107.20123193099,11.6647234853288));
#1505=CARTESIAN_POINT('Ctrl Pts',(61.6270133254471,102.04689800749,11.9801353177));
#1506=CARTESIAN_POINT('Ctrl Pts',(62.4894630207638,102.823304042331,11.9801353177));
#1507=CARTESIAN_POINT('Ctrl Pts',(63.7686125498539,104.867478353393,11.9801353177));
#1508=CARTESIAN_POINT('Ctrl Pts',(63.7797272151697,108.487865718385,11.9801353177));
#1509=CARTESIAN_POINT('Ctrl Pts',(61.869544286431,111.561703760584,11.9801353177));
#1510=CARTESIAN_POINT('Ctrl Pts',(58.6261077114012,113.167438090633,11.9801353177));
#1511=CARTESIAN_POINT('Ctrl Pts',(55.0243092790662,112.808236505756,11.9801353177));
#1512=CARTESIAN_POINT('Ctrl Pts',(52.1543550105518,110.604534943953,11.9801353177));
#1513=CARTESIAN_POINT('Ctrl Pts',(51.3097209661937,108.343982044681,11.9801353177));
#1514=CARTESIAN_POINT('Ctrl Pts',(51.2175446779634,107.187206638745,11.9801353177));
#1515=CARTESIAN_POINT('Ctrl Pts',(61.4474131055247,102.246402065933,12.2487539827694));
#1516=CARTESIAN_POINT('Ctrl Pts',(62.2728015827256,102.98944435381,12.2487539827694));
#1517=CARTESIAN_POINT('Ctrl Pts',(63.4969876376251,104.945816939701,12.2487539827694));
#1518=CARTESIAN_POINT('Ctrl Pts',(63.5076119195196,108.410646311027,12.2487539827694));
#1519=CARTESIAN_POINT('Ctrl Pts',(61.6795033308805,111.352427558967,12.2487539827694));
#1520=CARTESIAN_POINT('Ctrl Pts',(58.575416660937,112.889163072732,12.2487539827694));
#1521=CARTESIAN_POINT('Ctrl Pts',(55.128362895017,112.54540393664,12.2487539827694));
#1522=CARTESIAN_POINT('Ctrl Pts',(52.3817242980765,110.436388146493,12.2487539827694));
#1523=CARTESIAN_POINT('Ctrl Pts',(51.573348194429,108.272950598374,12.2487539827694));
#1524=CARTESIAN_POINT('Ctrl Pts',(51.4851329088425,107.165884185164,12.2487539827694));
#1525=CARTESIAN_POINT('Ctrl Pts',(61.2364778734466,102.480713777169,12.424829616805));
#1526=CARTESIAN_POINT('Ctrl Pts',(62.0183391673639,103.184571440175,12.424829616805));
#1527=CARTESIAN_POINT('Ctrl Pts',(63.1779723723076,105.037823250476,12.424829616805));
#1528=CARTESIAN_POINT('Ctrl Pts',(63.188020882686,108.319954639186,12.4248296168049));
#1529=CARTESIAN_POINT('Ctrl Pts',(61.4563060432956,111.106639095956,12.424829616805));
#1530=CARTESIAN_POINT('Ctrl Pts',(58.5158816163922,112.562337728973,12.424829616805));
#1531=CARTESIAN_POINT('Ctrl Pts',(55.2505707977662,112.236715152037,12.424829616805));
#1532=CARTESIAN_POINT('Ctrl Pts',(52.6487625654105,110.238904845066,12.424829616805));
#1533=CARTESIAN_POINT('Ctrl Pts',(51.8829707175026,108.189526418004,12.424829616805));
#1534=CARTESIAN_POINT('Ctrl Pts',(51.7994074994094,107.1408415839,12.424829616805));
#1535=CARTESIAN_POINT('Ctrl Pts',(61.0152523958889,102.726456129951,12.4989865145592));
#1536=CARTESIAN_POINT('Ctrl Pts',(61.7514944315488,103.389245812287,12.4989865145592));
#1537=CARTESIAN_POINT('Ctrl Pts',(62.8434597380737,105.134300105476,12.4989865145592));
#1538=CARTESIAN_POINT('Ctrl Pts',(62.8529426445092,108.224900742743,12.4989865145592));
#1539=CARTESIAN_POINT('Ctrl Pts',(61.2222845532074,110.848938187885,12.4989865145592));
#1540=CARTESIAN_POINT('Ctrl Pts',(58.4534691064481,112.219696548529,12.4989865145592));
#1541=CARTESIAN_POINT('Ctrl Pts',(55.3787311588044,111.913062002726,12.4989865145592));
#1542=CARTESIAN_POINT('Ctrl Pts',(52.9287502468569,110.031837008994,12.4989865145592));
#1543=CARTESIAN_POINT('Ctrl Pts',(52.207701188761,108.102074530272,12.4989865145592));
#1544=CARTESIAN_POINT('Ctrl Pts',(52.1290136334697,107.114577306617,12.4989865145592));
#1545=CARTESIAN_POINT('Ctrl Pts',(60.8667246152177,102.891444207629,12.5));
#1546=CARTESIAN_POINT('Ctrl Pts',(61.5723077867182,103.52663375597,12.5));
#1547=CARTESIAN_POINT('Ctrl Pts',(62.6188083865434,105.199090875262,12.5));
#1548=CARTESIAN_POINT('Ctrl Pts',(62.6278740760138,108.161022039982,12.5));
#1549=CARTESIAN_POINT('Ctrl Pts',(61.0651027755099,110.67584480873,12.5));
#1550=CARTESIAN_POINT('Ctrl Pts',(58.4115398548011,111.989526534582,12.5));
#1551=CARTESIAN_POINT('Ctrl Pts',(55.464785415959,111.69567291822,12.5));
#1552=CARTESIAN_POINT('Ctrl Pts',(53.1168063489461,109.892766009314,12.5));
#1553=CARTESIAN_POINT('Ctrl Pts',(52.4257175336585,108.043319325288,12.5));
#1554=CARTESIAN_POINT('Ctrl Pts',(52.3503067147553,107.096943827603,12.5));
#1555=CARTESIAN_POINT('Ctrl Pts',(60.7916561948901,102.974831936902,12.5));
#1556=CARTESIAN_POINT('Ctrl Pts',(61.4817652566863,103.596091174614,12.5));
#1557=CARTESIAN_POINT('Ctrl Pts',(62.5053104968935,105.231825009594,12.5));
#1558=CARTESIAN_POINT('Ctrl Pts',(62.514191421454,108.128779029629,12.5));
#1559=CARTESIAN_POINT('Ctrl Pts',(60.9857043099106,110.588413799908,12.5));
#1560=CARTESIAN_POINT('Ctrl Pts',(58.3903664568777,111.873282093153,12.5));
#1561=CARTESIAN_POINT('Ctrl Pts',(55.5082723142335,111.58586544986,12.5));
#1562=CARTESIAN_POINT('Ctrl Pts',(53.211799986462,109.822510961365,12.5));
#1563=CARTESIAN_POINT('Ctrl Pts',(52.5359089209359,108.013652156244,12.5));
#1564=CARTESIAN_POINT('Ctrl Pts',(52.4621519329796,107.088031572883,12.5));
#1565=CARTESIAN_POINT('Origin',(57.446353348623,106.690871342877,12.5));
#1566=CARTESIAN_POINT('Origin',(57.446353348623,106.690871342877,11.));
#1567=CARTESIAN_POINT('Origin',(36.0901999647062,84.2895943113636,12.5));
#1568=CARTESIAN_POINT('',(53.946353348623,106.690871342877,12.5));
#1569=CARTESIAN_POINT('Origin',(57.446353348623,106.690871342877,12.5));
#1570=CARTESIAN_POINT('',(11.2340465807894,61.8883172798499,12.5));
#1571=CARTESIAN_POINT('Origin',(14.7340465807894,61.8883172798499,12.5));
#1572=CARTESIAN_POINT('Origin',(57.446353348623,106.690871342877,8.5));
#1573=CARTESIAN_POINT('Origin',(14.7340465807894,61.8883172798499,8.5));
#1574=CARTESIAN_POINT('Ctrl Pts',(17.6173405990222,56.0628030875727,8.5));
#1575=CARTESIAN_POINT('Ctrl Pts',(17.6173405990222,56.0628030875727,12.5));
#1576=CARTESIAN_POINT('Ctrl Pts',(18.0351108163965,56.2695752846688,8.5));
#1577=CARTESIAN_POINT('Ctrl Pts',(18.0351108163965,56.2695752846688,12.5));
#1578=CARTESIAN_POINT('Ctrl Pts',(18.8490469336934,56.7425515597844,8.5));
#1579=CARTESIAN_POINT('Ctrl Pts',(18.8490469336934,56.7425515597844,12.5));
#1580=CARTESIAN_POINT('Ctrl Pts',(20.0042919373798,57.6313571139301,8.5));
#1581=CARTESIAN_POINT('Ctrl Pts',(20.0042919373798,57.6313571139301,12.5));
#1582=CARTESIAN_POINT('Ctrl Pts',(21.5576168827449,59.062702520911,8.5));
#1583=CARTESIAN_POINT('Ctrl Pts',(21.5576168827449,59.062702520911,12.5));
#1584=CARTESIAN_POINT('Ctrl Pts',(24.0860688675261,60.8935895121881,8.5));
#1585=CARTESIAN_POINT('Ctrl Pts',(24.0860688675261,60.8935895121881,12.5));
#1586=CARTESIAN_POINT('Ctrl Pts',(27.6732853911782,62.5164410165328,8.5));
#1587=CARTESIAN_POINT('Ctrl Pts',(27.6732853911782,62.5164410165328,12.5));
#1588=CARTESIAN_POINT('Ctrl Pts',(31.9709516137387,64.5341132624806,8.5));
#1589=CARTESIAN_POINT('Ctrl Pts',(31.9709516137387,64.5341132624806,12.5));
#1590=CARTESIAN_POINT('Ctrl Pts',(36.5344220540896,67.3239961260301,8.5));
#1591=CARTESIAN_POINT('Ctrl Pts',(36.5344220540896,67.3239961260301,12.5));
#1592=CARTESIAN_POINT('Ctrl Pts',(41.0320721472729,70.9117064890359,8.5));
#1593=CARTESIAN_POINT('Ctrl Pts',(41.0320721472729,70.9117064890359,12.5));
#1594=CARTESIAN_POINT('Ctrl Pts',(45.1743851780262,75.154243475528,8.5));
#1595=CARTESIAN_POINT('Ctrl Pts',(45.1743851780262,75.154243475528,12.5));
#1596=CARTESIAN_POINT('Ctrl Pts',(48.7664436344274,79.7763301857846,8.5));
#1597=CARTESIAN_POINT('Ctrl Pts',(48.7664436344274,79.7763301857846,12.5));
#1598=CARTESIAN_POINT('Ctrl Pts',(51.7114752420191,84.4642299973874,8.5));
#1599=CARTESIAN_POINT('Ctrl Pts',(51.7114752420191,84.4642299973874,12.5));
#1600=CARTESIAN_POINT('Ctrl Pts',(54.0380189752138,88.9289653768273,8.5));
#1601=CARTESIAN_POINT('Ctrl Pts',(54.0380189752138,88.9289653768273,12.5));
#1602=CARTESIAN_POINT('Ctrl Pts',(55.928532657319,92.9881424696344,8.5));
#1603=CARTESIAN_POINT('Ctrl Pts',(55.928532657319,92.9881424696344,12.5));
#1604=CARTESIAN_POINT('Ctrl Pts',(57.6530810025006,96.5425310439193,8.5));
#1605=CARTESIAN_POINT('Ctrl Pts',(57.6530810025006,96.5425310439193,12.5));
#1606=CARTESIAN_POINT('Ctrl Pts',(59.1271172156898,98.9477695276632,8.5));
#1607=CARTESIAN_POINT('Ctrl Pts',(59.1271172156898,98.9477695276632,12.5));
#1608=CARTESIAN_POINT('Ctrl Pts',(60.3886877961113,100.501003380581,8.5));
#1609=CARTESIAN_POINT('Ctrl Pts',(60.3886877961113,100.501003380581,12.5));
#1610=CARTESIAN_POINT('Ctrl Pts',(61.312584676238,101.425511318992,8.5));
#1611=CARTESIAN_POINT('Ctrl Pts',(61.312584676238,101.425511318992,12.5));
#1612=CARTESIAN_POINT('Ctrl Pts',(61.7952470487701,101.86002011511,8.5));
#1613=CARTESIAN_POINT('Ctrl Pts',(61.7952470487701,101.86002011511,12.5));
#1614=CARTESIAN_POINT('',(61.7952470487701,101.86002011511,8.5));
#1615=CARTESIAN_POINT('Origin',(57.446353348623,106.690871342877,8.5));
#1616=UNCERTAINTY_MEASURE_WITH_UNIT(LENGTH_MEASURE(0.01),#1622,
'DISTANCE_ACCURACY_VALUE',
'Maximum model space distance between geometric entities at asserted c
onnectivities');
#1617=UNCERTAINTY_MEASURE_WITH_UNIT(LENGTH_MEASURE(0.01),#1622,
'DISTANCE_ACCURACY_VALUE',
'Maximum model space distance between geometric entities at asserted c
onnectivities');
#1618=(
GEOMETRIC_REPRESENTATION_CONTEXT(3)
GLOBAL_UNCERTAINTY_ASSIGNED_CONTEXT((#1616))
GLOBAL_UNIT_ASSIGNED_CONTEXT((#1622,#1621,#1620))
REPRESENTATION_CONTEXT('','3D')
);
#1619=(
GEOMETRIC_REPRESENTATION_CONTEXT(3)
GLOBAL_UNCERTAINTY_ASSIGNED_CONTEXT((#1617))
GLOBAL_UNIT_ASSIGNED_CONTEXT((#1622,#1621,#1620))
REPRESENTATION_CONTEXT('','3D')
);
#1620=(
NAMED_UNIT(*)
SI_UNIT($,.STERADIAN.)
SOLID_ANGLE_UNIT()
);
#1621=(
NAMED_UNIT(*)
PLANE_ANGLE_UNIT()
SI_UNIT($,.RADIAN.)
);
#1622=(
LENGTH_UNIT()
NAMED_UNIT(*)
SI_UNIT(.MILLI.,.METRE.)
);
#1623=SHAPE_DEFINITION_REPRESENTATION(#1624,#1625);
#1624=PRODUCT_DEFINITION_SHAPE('',$,#1627);
#1625=SHAPE_REPRESENTATION('',(#244),#1618);
#1626=PRODUCT_DEFINITION_CONTEXT('part definition',#1631,'design');
#1627=PRODUCT_DEFINITION('link2','link2',#1628,#1626);
#1628=PRODUCT_DEFINITION_FORMATION('',$,#1633);
#1629=PRODUCT_RELATED_PRODUCT_CATEGORY('link2','link2',(#1633));
#1630=APPLICATION_PROTOCOL_DEFINITION('international standard',
'automotive_design',2009,#1631);
#1631=APPLICATION_CONTEXT(
'Core Data for Automotive Mechanical Design Process');
#1632=PRODUCT_CONTEXT('part definition',#1631,'mechanical');
#1633=PRODUCT('link2','link2',$,(#1632));
#1634=PRESENTATION_STYLE_ASSIGNMENT((#1635));
#1635=SURFACE_STYLE_USAGE(.BOTH.,#1636);
#1636=SURFACE_SIDE_STYLE('',(#1637));
#1637=SURFACE_STYLE_FILL_AREA(#1638);
#1638=FILL_AREA_STYLE('Steel - Satin',(#1639));
#1639=FILL_AREA_STYLE_COLOUR('Steel - Satin',#1640);
#1640=COLOUR_RGB('Steel - Satin',0.627450980392157,0.627450980392157,0.627450980392157);
ENDSEC;
END-ISO-10303-21;
