ISO-10303-21;
HEADER;
/* Generated by software containing ST-Developer
 * from STEP Tools, Inc. (www.steptools.com) 
 */

FILE_DESCRIPTION(
/* description */ (''),
/* implementation_level */ '2;1');

FILE_NAME(
/* name */ 
'/var/folders/lj/0c1qyxjj0xv8qkf4ldmpkq2r0000gn/T/com.autodesk.mas.fus
ion360/Neutron/ceaf451c-d537-402f-87d5-486273e215d7.stp',
/* time_stamp */ '2017-08-24T15:41:12-07:00',
/* author */ (''),
/* organization */ (''),
/* preprocessor_version */ 'ST-DEVELOPER v16.13',
/* originating_system */ 'Autodesk Translation Framework v6.1.1.50',
/* authorisation */ '');

FILE_SCHEMA (('AUTOMOTIVE_DESIGN { 1 0 10303 214 3 1 1 }'));
ENDSEC;

DATA;
#10=MECHANICAL_DESIGN_GEOMETRIC_PRESENTATION_REPRESENTATION('',(#13),#1475);
#11=SHAPE_REPRESENTATION_RELATIONSHIP('SRR','None',#1481,#12);
#12=ADVANCED_BREP_SHAPE_REPRESENTATION('',(#14),#1474);
#13=STYLED_ITEM('',(#1490),#14);
#14=MANIFOLD_SOLID_BREP('Body1',#243);
#15=FACE_BOUND('',#60,.T.);
#16=FACE_BOUND('',#61,.T.);
#17=FACE_BOUND('',#67,.T.);
#18=FACE_BOUND('',#68,.T.);
#19=FACE_BOUND('',#70,.T.);
#20=FACE_BOUND('',#72,.T.);
#21=PLANE('',#251);
#22=PLANE('',#257);
#23=CYLINDRICAL_SURFACE('',#249,6.49999999999999);
#24=CYLINDRICAL_SURFACE('',#260,3.50000000000001);
#25=CYLINDRICAL_SURFACE('',#261,3.5);
#26=CYLINDRICAL_SURFACE('',#262,6.5);
#27=LINE('',#875,#31);
#28=LINE('',#888,#32);
#29=LINE('',#891,#33);
#30=LINE('',#1470,#34);
#31=VECTOR('',#273,10.);
#32=VECTOR('',#274,10.);
#33=VECTOR('',#277,10.);
#34=VECTOR('',#302,10.);
#35=(
BOUNDED_SURFACE()
B_SPLINE_SURFACE(5,1,((#834,#835),(#836,#837),(#838,#839),(#840,#841),(#842,
#843),(#844,#845),(#846,#847),(#848,#849),(#850,#851),(#852,#853),(#854,
#855),(#856,#857),(#858,#859),(#860,#861),(#862,#863),(#864,#865),(#866,
#867),(#868,#869),(#870,#871),(#872,#873)),.UNSPECIFIED.,.F.,.F.,.F.)
B_SPLINE_SURFACE_WITH_KNOTS((6,1,1,1,1,1,1,1,1,1,1,1,1,1,1,6),(2,2),(0.,
0.0666666666666667,0.133333333333333,0.2,0.266666666666667,0.333333333333333,
0.4,0.466666666666667,0.533333333333333,0.6,0.666666666666667,0.733333333333333,
0.8,0.866666666666667,0.933333333333333,1.),(0.,0.4),.UNSPECIFIED.)
GEOMETRIC_REPRESENTATION_ITEM()
RATIONAL_B_SPLINE_SURFACE(((1.,1.),(1.,1.),(1.,1.),(1.,1.),(1.,1.),(1.,
1.),(1.,1.),(1.,1.),(1.,1.),(1.,1.),(1.,1.),(1.,1.),(1.,1.),(1.,1.),(1.,
1.),(1.,1.),(1.,1.),(1.,1.),(1.,1.),(1.,1.)))
REPRESENTATION_ITEM('')
SURFACE()
);
#36=(
BOUNDED_SURFACE()
B_SPLINE_SURFACE(5,1,((#1430,#1431),(#1432,#1433),(#1434,#1435),(#1436,
#1437),(#1438,#1439),(#1440,#1441),(#1442,#1443),(#1444,#1445),(#1446,#1447),
(#1448,#1449),(#1450,#1451),(#1452,#1453),(#1454,#1455),(#1456,#1457),(#1458,
#1459),(#1460,#1461),(#1462,#1463),(#1464,#1465),(#1466,#1467),(#1468,#1469)),
 .UNSPECIFIED.,.F.,.F.,.F.)
B_SPLINE_SURFACE_WITH_KNOTS((6,1,1,1,1,1,1,1,1,1,1,1,1,1,1,6),(2,2),(-1.,
-0.933333333333333,-0.866666666666667,-0.8,-0.733333333333333,-0.666666666666667,
-0.6,-0.533333333333333,-0.466666666666667,-0.4,-0.333333333333333,-0.266666666666667,
-0.2,-0.133333333333333,-0.0666666666666667,0.),(0.,0.4),.UNSPECIFIED.)
GEOMETRIC_REPRESENTATION_ITEM()
RATIONAL_B_SPLINE_SURFACE(((1.,1.),(1.,1.),(1.,1.),(1.,1.),(1.,1.),(1.,
1.),(1.,1.),(1.,1.),(1.,1.),(1.,1.),(1.,1.),(1.,1.),(1.,1.),(1.,1.),(1.,
1.),(1.,1.),(1.,1.),(1.,1.),(1.,1.),(1.,1.)))
REPRESENTATION_ITEM('')
SURFACE()
);
#37=FACE_OUTER_BOUND('',#53,.T.);
#38=FACE_OUTER_BOUND('',#54,.T.);
#39=FACE_OUTER_BOUND('',#55,.T.);
#40=FACE_OUTER_BOUND('',#56,.T.);
#41=FACE_OUTER_BOUND('',#57,.T.);
#42=FACE_OUTER_BOUND('',#58,.T.);
#43=FACE_OUTER_BOUND('',#59,.T.);
#44=FACE_OUTER_BOUND('',#62,.T.);
#45=FACE_OUTER_BOUND('',#63,.T.);
#46=FACE_OUTER_BOUND('',#64,.T.);
#47=FACE_OUTER_BOUND('',#65,.T.);
#48=FACE_OUTER_BOUND('',#66,.T.);
#49=FACE_OUTER_BOUND('',#69,.T.);
#50=FACE_OUTER_BOUND('',#71,.T.);
#51=FACE_OUTER_BOUND('',#73,.T.);
#52=FACE_OUTER_BOUND('',#74,.T.);
#53=EDGE_LOOP('',(#155,#156,#157,#158));
#54=EDGE_LOOP('',(#159,#160,#161,#162));
#55=EDGE_LOOP('',(#163,#164,#165,#166));
#56=EDGE_LOOP('',(#167,#168,#169,#170));
#57=EDGE_LOOP('',(#171,#172,#173,#174));
#58=EDGE_LOOP('',(#175,#176,#177,#178));
#59=EDGE_LOOP('',(#179,#180,#181,#182));
#60=EDGE_LOOP('',(#183));
#61=EDGE_LOOP('',(#184));
#62=EDGE_LOOP('',(#185,#186,#187,#188));
#63=EDGE_LOOP('',(#189,#190,#191,#192));
#64=EDGE_LOOP('',(#193,#194,#195,#196));
#65=EDGE_LOOP('',(#197,#198,#199,#200));
#66=EDGE_LOOP('',(#201,#202,#203,#204));
#67=EDGE_LOOP('',(#205));
#68=EDGE_LOOP('',(#206));
#69=EDGE_LOOP('',(#207));
#70=EDGE_LOOP('',(#208));
#71=EDGE_LOOP('',(#209));
#72=EDGE_LOOP('',(#210));
#73=EDGE_LOOP('',(#211,#212,#213,#214));
#74=EDGE_LOOP('',(#215,#216,#217,#218));
#75=CIRCLE('',#245,4.99999999999999);
#76=CIRCLE('',#246,6.5);
#77=CIRCLE('',#247,6.5);
#78=CIRCLE('',#248,5.);
#79=CIRCLE('',#250,6.5);
#80=CIRCLE('',#252,3.50000000000001);
#81=CIRCLE('',#253,3.5);
#82=CIRCLE('',#254,4.99999999999999);
#83=CIRCLE('',#255,5.);
#84=CIRCLE('',#256,6.5);
#85=CIRCLE('',#258,3.50000000000001);
#86=CIRCLE('',#259,3.5);
#87=B_SPLINE_CURVE_WITH_KNOTS('',3,(#408,#409,#410,#411,#412,#413,#414,
#415,#416,#417),.UNSPECIFIED.,.F.,.F.,(4,1,1,1,1,1,1,4),(-1.,-0.857142857142857,
-0.714285714285714,-0.571428571428571,-0.428571428571429,-0.285714285714286,
-0.142857142857143,0.),.UNSPECIFIED.);
#88=B_SPLINE_CURVE_WITH_KNOTS('',3,(#421,#422,#423,#424,#425,#426,#427,
#428,#429,#430),.UNSPECIFIED.,.F.,.F.,(4,1,1,1,1,1,1,4),(0.,0.142857142857143,
0.285714285714286,0.428571428571429,0.571428571428571,0.714285714285714,
0.857142857142857,1.),.UNSPECIFIED.);
#89=B_SPLINE_CURVE_WITH_KNOTS('',3,(#553,#554,#555,#556,#557,#558,#559,
#560,#561,#562,#563,#564),.UNSPECIFIED.,.F.,.F.,(4,1,1,1,1,1,1,1,1,4),(-5.78889744034195,
-4.96191209172167,-4.13492674310139,-3.30794139448112,-2.48095604586084,
-2.0674633715507,-1.65397069724056,-1.44722436008549,-0.826985348620279,
0.),.UNSPECIFIED.);
#90=B_SPLINE_CURVE_WITH_KNOTS('',3,(#566,#567,#568,#569,#570,#571,#572,
#573,#574,#575),.UNSPECIFIED.,.F.,.F.,(4,1,1,1,1,1,1,4),(-1.,-0.857142857142857,
-0.714285714285714,-0.571428571428571,-0.428571428571429,-0.285714285714286,
-0.142857142857143,0.),.UNSPECIFIED.);
#91=B_SPLINE_CURVE_WITH_KNOTS('',3,(#576,#577,#578,#579,#580,#581,#582,
#583,#584,#585,#586,#587),.UNSPECIFIED.,.F.,.F.,(4,1,1,1,1,1,1,1,1,4),(0.,
0.826985348620279,1.44722436008549,1.65397069724056,2.0674633715507,2.48095604586084,
3.30794139448112,4.13492674310139,4.96191209172167,5.78889744034195),
 .UNSPECIFIED.);
#92=B_SPLINE_CURVE_WITH_KNOTS('',3,(#690,#691,#692,#693,#694,#695,#696,
#697,#698,#699),.UNSPECIFIED.,.F.,.F.,(4,1,1,1,1,1,1,4),(0.,0.142857142857143,
0.285714285714286,0.428571428571429,0.571428571428571,0.714285714285714,
0.857142857142857,1.),.UNSPECIFIED.);
#93=B_SPLINE_CURVE_WITH_KNOTS('',3,(#812,#813,#814,#815,#816,#817,#818,
#819,#820,#821,#822),.UNSPECIFIED.,.F.,.F.,(4,1,1,1,1,1,1,1,4),(-5.10548620680119,
-4.37613103440102,-3.64677586200085,-2.91742068960068,-2.18806551720051,
-1.45871034480034,-0.72935517240017,-0.364677586200085,-1.30835367882963E-16),
 .UNSPECIFIED.);
#94=B_SPLINE_CURVE_WITH_KNOTS('',3,(#823,#824,#825,#826,#827,#828,#829,
#830,#831,#832,#833),.UNSPECIFIED.,.F.,.F.,(4,1,1,1,1,1,1,1,4),(1.30835367882963E-16,
0.364677586200085,0.72935517240017,1.45871034480034,2.18806551720051,2.91742068960068,
3.64677586200085,4.37613103440102,5.10548620680119),.UNSPECIFIED.);
#95=B_SPLINE_CURVE_WITH_KNOTS('',3,(#877,#878,#879,#880,#881,#882,#883,
#884,#885,#886,#887),.UNSPECIFIED.,.F.,.F.,(4,1,1,1,1,1,1,1,4),(0.,0.364677586200085,
0.72935517240017,1.45871034480034,2.18806551720051,2.91742068960068,3.64677586200085,
4.37613103440102,5.10548620680119),.UNSPECIFIED.);
#96=B_SPLINE_CURVE_WITH_KNOTS('',3,(#1009,#1010,#1011,#1012,#1013,#1014,
#1015,#1016,#1017,#1018),.UNSPECIFIED.,.F.,.F.,(4,1,1,1,1,1,1,4),(0.,0.142857142857143,
0.285714285714286,0.428571428571429,0.571428571428571,0.714285714285714,
0.857142857142857,1.),.UNSPECIFIED.);
#97=B_SPLINE_CURVE_WITH_KNOTS('',3,(#1020,#1021,#1022,#1023,#1024,#1025,
#1026,#1027,#1028,#1029,#1030),.UNSPECIFIED.,.F.,.F.,(4,1,1,1,1,1,1,1,4),
(-5.10548620680119,-4.37613103440102,-3.64677586200085,-2.91742068960068,
-2.18806551720051,-1.45871034480034,-0.72935517240017,-0.364677586200085,
0.),.UNSPECIFIED.);
#98=B_SPLINE_CURVE_WITH_KNOTS('',3,(#1031,#1032,#1033,#1034,#1035,#1036,
#1037,#1038,#1039,#1040),.UNSPECIFIED.,.F.,.F.,(4,1,1,1,1,1,1,4),(-1.,-0.857142857142857,
-0.714285714285714,-0.571428571428571,-0.428571428571429,-0.285714285714286,
-0.142857142857143,0.),.UNSPECIFIED.);
#99=B_SPLINE_CURVE_WITH_KNOTS('',3,(#1142,#1143,#1144,#1145,#1146,#1147,
#1148,#1149,#1150,#1151),.UNSPECIFIED.,.F.,.F.,(4,1,1,1,1,1,1,4),(0.,0.142857142857143,
0.285714285714286,0.428571428571429,0.571428571428571,0.714285714285714,
0.857142857142857,1.),.UNSPECIFIED.);
#100=B_SPLINE_CURVE_WITH_KNOTS('',3,(#1285,#1286,#1287,#1288,#1289,#1290,
#1291,#1292,#1293,#1294),.UNSPECIFIED.,.F.,.F.,(4,1,1,1,1,1,1,4),(0.,0.142857142857143,
0.285714285714286,0.428571428571429,0.571428571428571,0.714285714285714,
0.857142857142857,1.),.UNSPECIFIED.);
#101=B_SPLINE_CURVE_WITH_KNOTS('',3,(#1295,#1296,#1297,#1298,#1299,#1300,
#1301,#1302,#1303,#1304,#1305,#1306,#1307),.UNSPECIFIED.,.F.,.F.,(4,1,1,
1,1,1,1,1,1,1,4),(-5.78889744034195,-4.96191209172167,-4.54841941741153,
-4.34167308025646,-4.13492674310139,-3.72143406879125,-3.30794139448111,
-2.48095604586084,-1.65397069724056,-0.826985348620279,0.),
 .UNSPECIFIED.);
#102=B_SPLINE_CURVE_WITH_KNOTS('',3,(#1308,#1309,#1310,#1311,#1312,#1313,
#1314,#1315,#1316,#1317,#1318,#1319,#1320),.UNSPECIFIED.,.F.,.F.,(4,1,1,
1,1,1,1,1,1,1,4),(0.,0.826985348620279,1.65397069724056,2.48095604586084,
3.30794139448111,3.72143406879125,4.13492674310139,4.34167308025646,4.54841941741153,
4.96191209172167,5.78889744034195),.UNSPECIFIED.);
#103=VERTEX_POINT('',#406);
#104=VERTEX_POINT('',#407);
#105=VERTEX_POINT('',#418);
#106=VERTEX_POINT('',#420);
#107=VERTEX_POINT('',#552);
#108=VERTEX_POINT('',#565);
#109=VERTEX_POINT('',#688);
#110=VERTEX_POINT('',#689);
#111=VERTEX_POINT('',#874);
#112=VERTEX_POINT('',#876);
#113=VERTEX_POINT('',#890);
#114=VERTEX_POINT('',#894);
#115=VERTEX_POINT('',#896);
#116=VERTEX_POINT('',#1008);
#117=VERTEX_POINT('',#1019);
#118=VERTEX_POINT('',#1141);
#119=VERTEX_POINT('',#1283);
#120=VERTEX_POINT('',#1284);
#121=VERTEX_POINT('',#1424);
#122=VERTEX_POINT('',#1426);
#123=EDGE_CURVE('',#103,#104,#87,.T.);
#124=EDGE_CURVE('',#104,#105,#75,.T.);
#125=EDGE_CURVE('',#105,#106,#88,.T.);
#126=EDGE_CURVE('',#106,#103,#76,.T.);
#127=EDGE_CURVE('',#105,#107,#89,.T.);
#128=EDGE_CURVE('',#107,#108,#90,.T.);
#129=EDGE_CURVE('',#108,#106,#91,.T.);
#130=EDGE_CURVE('',#109,#110,#92,.T.);
#131=EDGE_CURVE('',#110,#108,#77,.T.);
#132=EDGE_CURVE('',#107,#109,#78,.T.);
#133=EDGE_CURVE('',#103,#110,#93,.T.);
#134=EDGE_CURVE('',#109,#104,#94,.T.);
#135=EDGE_CURVE('',#103,#111,#27,.T.);
#136=EDGE_CURVE('',#112,#111,#95,.T.);
#137=EDGE_CURVE('',#110,#112,#28,.T.);
#138=EDGE_CURVE('',#106,#113,#29,.T.);
#139=EDGE_CURVE('',#111,#113,#79,.T.);
#140=EDGE_CURVE('',#114,#114,#80,.T.);
#141=EDGE_CURVE('',#115,#115,#81,.T.);
#142=EDGE_CURVE('',#111,#116,#96,.T.);
#143=EDGE_CURVE('',#116,#117,#97,.T.);
#144=EDGE_CURVE('',#117,#112,#98,.T.);
#145=EDGE_CURVE('',#113,#118,#99,.T.);
#146=EDGE_CURVE('',#118,#116,#82,.T.);
#147=EDGE_CURVE('',#119,#120,#100,.T.);
#148=EDGE_CURVE('',#120,#118,#101,.T.);
#149=EDGE_CURVE('',#113,#119,#102,.T.);
#150=EDGE_CURVE('',#117,#120,#83,.T.);
#151=EDGE_CURVE('',#119,#112,#84,.T.);
#152=EDGE_CURVE('',#121,#121,#85,.T.);
#153=EDGE_CURVE('',#122,#122,#86,.T.);
#154=EDGE_CURVE('',#108,#119,#30,.T.);
#155=ORIENTED_EDGE('',*,*,#123,.T.);
#156=ORIENTED_EDGE('',*,*,#124,.T.);
#157=ORIENTED_EDGE('',*,*,#125,.T.);
#158=ORIENTED_EDGE('',*,*,#126,.T.);
#159=ORIENTED_EDGE('',*,*,#125,.F.);
#160=ORIENTED_EDGE('',*,*,#127,.T.);
#161=ORIENTED_EDGE('',*,*,#128,.T.);
#162=ORIENTED_EDGE('',*,*,#129,.T.);
#163=ORIENTED_EDGE('',*,*,#130,.T.);
#164=ORIENTED_EDGE('',*,*,#131,.T.);
#165=ORIENTED_EDGE('',*,*,#128,.F.);
#166=ORIENTED_EDGE('',*,*,#132,.T.);
#167=ORIENTED_EDGE('',*,*,#123,.F.);
#168=ORIENTED_EDGE('',*,*,#133,.T.);
#169=ORIENTED_EDGE('',*,*,#130,.F.);
#170=ORIENTED_EDGE('',*,*,#134,.T.);
#171=ORIENTED_EDGE('',*,*,#133,.F.);
#172=ORIENTED_EDGE('',*,*,#135,.T.);
#173=ORIENTED_EDGE('',*,*,#136,.F.);
#174=ORIENTED_EDGE('',*,*,#137,.F.);
#175=ORIENTED_EDGE('',*,*,#126,.F.);
#176=ORIENTED_EDGE('',*,*,#138,.T.);
#177=ORIENTED_EDGE('',*,*,#139,.F.);
#178=ORIENTED_EDGE('',*,*,#135,.F.);
#179=ORIENTED_EDGE('',*,*,#124,.F.);
#180=ORIENTED_EDGE('',*,*,#134,.F.);
#181=ORIENTED_EDGE('',*,*,#132,.F.);
#182=ORIENTED_EDGE('',*,*,#127,.F.);
#183=ORIENTED_EDGE('',*,*,#140,.F.);
#184=ORIENTED_EDGE('',*,*,#141,.F.);
#185=ORIENTED_EDGE('',*,*,#142,.T.);
#186=ORIENTED_EDGE('',*,*,#143,.T.);
#187=ORIENTED_EDGE('',*,*,#144,.T.);
#188=ORIENTED_EDGE('',*,*,#136,.T.);
#189=ORIENTED_EDGE('',*,*,#145,.T.);
#190=ORIENTED_EDGE('',*,*,#146,.T.);
#191=ORIENTED_EDGE('',*,*,#142,.F.);
#192=ORIENTED_EDGE('',*,*,#139,.T.);
#193=ORIENTED_EDGE('',*,*,#147,.T.);
#194=ORIENTED_EDGE('',*,*,#148,.T.);
#195=ORIENTED_EDGE('',*,*,#145,.F.);
#196=ORIENTED_EDGE('',*,*,#149,.T.);
#197=ORIENTED_EDGE('',*,*,#144,.F.);
#198=ORIENTED_EDGE('',*,*,#150,.T.);
#199=ORIENTED_EDGE('',*,*,#147,.F.);
#200=ORIENTED_EDGE('',*,*,#151,.T.);
#201=ORIENTED_EDGE('',*,*,#143,.F.);
#202=ORIENTED_EDGE('',*,*,#146,.F.);
#203=ORIENTED_EDGE('',*,*,#148,.F.);
#204=ORIENTED_EDGE('',*,*,#150,.F.);
#205=ORIENTED_EDGE('',*,*,#152,.T.);
#206=ORIENTED_EDGE('',*,*,#153,.T.);
#207=ORIENTED_EDGE('',*,*,#152,.F.);
#208=ORIENTED_EDGE('',*,*,#140,.T.);
#209=ORIENTED_EDGE('',*,*,#153,.F.);
#210=ORIENTED_EDGE('',*,*,#141,.T.);
#211=ORIENTED_EDGE('',*,*,#129,.F.);
#212=ORIENTED_EDGE('',*,*,#154,.T.);
#213=ORIENTED_EDGE('',*,*,#149,.F.);
#214=ORIENTED_EDGE('',*,*,#138,.F.);
#215=ORIENTED_EDGE('',*,*,#131,.F.);
#216=ORIENTED_EDGE('',*,*,#137,.T.);
#217=ORIENTED_EDGE('',*,*,#151,.F.);
#218=ORIENTED_EDGE('',*,*,#154,.F.);
#219=B_SPLINE_SURFACE_WITH_KNOTS('',3,3,((#306,#307,#308,#309,#310,#311,
#312,#313,#314,#315),(#316,#317,#318,#319,#320,#321,#322,#323,#324,#325),
(#326,#327,#328,#329,#330,#331,#332,#333,#334,#335),(#336,#337,#338,#339,
#340,#341,#342,#343,#344,#345),(#346,#347,#348,#349,#350,#351,#352,#353,
#354,#355),(#356,#357,#358,#359,#360,#361,#362,#363,#364,#365),(#366,#367,
#368,#369,#370,#371,#372,#373,#374,#375),(#376,#377,#378,#379,#380,#381,
#382,#383,#384,#385),(#386,#387,#388,#389,#390,#391,#392,#393,#394,#395),
(#396,#397,#398,#399,#400,#401,#402,#403,#404,#405)),.UNSPECIFIED.,.F.,
 .F.,.F.,(4,1,1,1,1,1,1,4),(4,1,1,1,1,1,1,4),(0.,0.142857142857143,0.285714285714286,
0.428571428571429,0.571428571428571,0.714285714285714,0.857142857142857,
1.),(-1.85033961047402,-1.32167115033858,-0.793002690203151,-0.264334230067718,
0.264334230067715,0.793002690203147,1.32167115033858,1.85033961047401),
 .UNSPECIFIED.);
#220=B_SPLINE_SURFACE_WITH_KNOTS('',3,3,((#432,#433,#434,#435,#436,#437,
#438,#439,#440,#441,#442,#443),(#444,#445,#446,#447,#448,#449,#450,#451,
#452,#453,#454,#455),(#456,#457,#458,#459,#460,#461,#462,#463,#464,#465,
#466,#467),(#468,#469,#470,#471,#472,#473,#474,#475,#476,#477,#478,#479),
(#480,#481,#482,#483,#484,#485,#486,#487,#488,#489,#490,#491),(#492,#493,
#494,#495,#496,#497,#498,#499,#500,#501,#502,#503),(#504,#505,#506,#507,
#508,#509,#510,#511,#512,#513,#514,#515),(#516,#517,#518,#519,#520,#521,
#522,#523,#524,#525,#526,#527),(#528,#529,#530,#531,#532,#533,#534,#535,
#536,#537,#538,#539),(#540,#541,#542,#543,#544,#545,#546,#547,#548,#549,
#550,#551)),.UNSPECIFIED.,.F.,.F.,.F.,(4,1,1,1,1,1,1,4),(4,1,1,1,1,1,1,
1,1,4),(0.,0.142857142857143,0.285714285714286,0.428571428571429,0.571428571428571,
0.714285714285714,0.857142857142857,1.),(0.,0.826985348620279,1.44722436008549,
1.65397069724056,2.0674633715507,2.48095604586084,3.30794139448112,4.13492674310139,
4.96191209172167,5.78889744034195),.UNSPECIFIED.);
#221=B_SPLINE_SURFACE_WITH_KNOTS('',3,3,((#588,#589,#590,#591,#592,#593,
#594,#595,#596,#597),(#598,#599,#600,#601,#602,#603,#604,#605,#606,#607),
(#608,#609,#610,#611,#612,#613,#614,#615,#616,#617),(#618,#619,#620,#621,
#622,#623,#624,#625,#626,#627),(#628,#629,#630,#631,#632,#633,#634,#635,
#636,#637),(#638,#639,#640,#641,#642,#643,#644,#645,#646,#647),(#648,#649,
#650,#651,#652,#653,#654,#655,#656,#657),(#658,#659,#660,#661,#662,#663,
#664,#665,#666,#667),(#668,#669,#670,#671,#672,#673,#674,#675,#676,#677),
(#678,#679,#680,#681,#682,#683,#684,#685,#686,#687)),.UNSPECIFIED.,.F.,
 .F.,.F.,(4,1,1,1,1,1,1,4),(4,1,1,1,1,1,1,4),(0.,0.142857142857143,0.285714285714286,
0.428571428571429,0.571428571428571,0.714285714285714,0.857142857142857,
1.),(-2.03075982399448,-1.45054273142463,-0.870325638854776,-0.290108546284924,
0.290108546284927,0.870325638854779,1.45054273142463,2.03075982399448),
 .UNSPECIFIED.);
#222=B_SPLINE_SURFACE_WITH_KNOTS('',3,3,((#702,#703,#704,#705,#706,#707,
#708,#709,#710,#711,#712),(#713,#714,#715,#716,#717,#718,#719,#720,#721,
#722,#723),(#724,#725,#726,#727,#728,#729,#730,#731,#732,#733,#734),(#735,
#736,#737,#738,#739,#740,#741,#742,#743,#744,#745),(#746,#747,#748,#749,
#750,#751,#752,#753,#754,#755,#756),(#757,#758,#759,#760,#761,#762,#763,
#764,#765,#766,#767),(#768,#769,#770,#771,#772,#773,#774,#775,#776,#777,
#778),(#779,#780,#781,#782,#783,#784,#785,#786,#787,#788,#789),(#790,#791,
#792,#793,#794,#795,#796,#797,#798,#799,#800),(#801,#802,#803,#804,#805,
#806,#807,#808,#809,#810,#811)),.UNSPECIFIED.,.F.,.F.,.F.,(4,1,1,1,1,1,
1,4),(4,1,1,1,1,1,1,1,4),(0.,0.142857142857143,0.285714285714286,0.428571428571429,
0.571428571428571,0.714285714285714,0.857142857142857,1.),(1.30835367882963E-16,
0.364677586200085,0.72935517240017,1.45871034480034,2.18806551720051,2.91742068960068,
3.64677586200085,4.37613103440102,5.10548620680119),.UNSPECIFIED.);
#223=B_SPLINE_SURFACE_WITH_KNOTS('',3,3,((#898,#899,#900,#901,#902,#903,
#904,#905,#906,#907,#908),(#909,#910,#911,#912,#913,#914,#915,#916,#917,
#918,#919),(#920,#921,#922,#923,#924,#925,#926,#927,#928,#929,#930),(#931,
#932,#933,#934,#935,#936,#937,#938,#939,#940,#941),(#942,#943,#944,#945,
#946,#947,#948,#949,#950,#951,#952),(#953,#954,#955,#956,#957,#958,#959,
#960,#961,#962,#963),(#964,#965,#966,#967,#968,#969,#970,#971,#972,#973,
#974),(#975,#976,#977,#978,#979,#980,#981,#982,#983,#984,#985),(#986,#987,
#988,#989,#990,#991,#992,#993,#994,#995,#996),(#997,#998,#999,#1000,#1001,
#1002,#1003,#1004,#1005,#1006,#1007)),.UNSPECIFIED.,.F.,.F.,.F.,(4,1,1,
1,1,1,1,4),(4,1,1,1,1,1,1,1,4),(0.,0.142857142857143,0.285714285714286,
0.428571428571429,0.571428571428571,0.714285714285714,0.857142857142857,
1.),(0.,0.364677586200085,0.72935517240017,1.45871034480034,2.18806551720051,
2.91742068960068,3.64677586200085,4.37613103440102,5.10548620680119),
 .UNSPECIFIED.);
#224=B_SPLINE_SURFACE_WITH_KNOTS('',3,3,((#1041,#1042,#1043,#1044,#1045,
#1046,#1047,#1048,#1049,#1050),(#1051,#1052,#1053,#1054,#1055,#1056,#1057,
#1058,#1059,#1060),(#1061,#1062,#1063,#1064,#1065,#1066,#1067,#1068,#1069,
#1070),(#1071,#1072,#1073,#1074,#1075,#1076,#1077,#1078,#1079,#1080),(#1081,
#1082,#1083,#1084,#1085,#1086,#1087,#1088,#1089,#1090),(#1091,#1092,#1093,
#1094,#1095,#1096,#1097,#1098,#1099,#1100),(#1101,#1102,#1103,#1104,#1105,
#1106,#1107,#1108,#1109,#1110),(#1111,#1112,#1113,#1114,#1115,#1116,#1117,
#1118,#1119,#1120),(#1121,#1122,#1123,#1124,#1125,#1126,#1127,#1128,#1129,
#1130),(#1131,#1132,#1133,#1134,#1135,#1136,#1137,#1138,#1139,#1140)),
 .UNSPECIFIED.,.F.,.F.,.F.,(4,1,1,1,1,1,1,4),(4,1,1,1,1,1,1,4),(0.,0.142857142857143,
0.285714285714286,0.428571428571429,0.571428571428571,0.714285714285714,
0.857142857142857,1.),(-1.85033961047401,-1.32167115033858,-0.79300269020315,
-0.264334230067717,0.264334230067715,0.793002690203148,1.32167115033858,
1.85033961047401),.UNSPECIFIED.);
#225=B_SPLINE_SURFACE_WITH_KNOTS('',3,3,((#1153,#1154,#1155,#1156,#1157,
#1158,#1159,#1160,#1161,#1162,#1163,#1164,#1165),(#1166,#1167,#1168,#1169,
#1170,#1171,#1172,#1173,#1174,#1175,#1176,#1177,#1178),(#1179,#1180,#1181,
#1182,#1183,#1184,#1185,#1186,#1187,#1188,#1189,#1190,#1191),(#1192,#1193,
#1194,#1195,#1196,#1197,#1198,#1199,#1200,#1201,#1202,#1203,#1204),(#1205,
#1206,#1207,#1208,#1209,#1210,#1211,#1212,#1213,#1214,#1215,#1216,#1217),
(#1218,#1219,#1220,#1221,#1222,#1223,#1224,#1225,#1226,#1227,#1228,#1229,
#1230),(#1231,#1232,#1233,#1234,#1235,#1236,#1237,#1238,#1239,#1240,#1241,
#1242,#1243),(#1244,#1245,#1246,#1247,#1248,#1249,#1250,#1251,#1252,#1253,
#1254,#1255,#1256),(#1257,#1258,#1259,#1260,#1261,#1262,#1263,#1264,#1265,
#1266,#1267,#1268,#1269),(#1270,#1271,#1272,#1273,#1274,#1275,#1276,#1277,
#1278,#1279,#1280,#1281,#1282)),.UNSPECIFIED.,.F.,.F.,.F.,(4,1,1,1,1,1,
1,4),(4,1,1,1,1,1,1,1,1,1,4),(0.,0.142857142857143,0.285714285714286,0.428571428571429,
0.571428571428571,0.714285714285714,0.857142857142857,1.),(0.,0.826985348620279,
1.65397069724056,2.48095604586084,3.30794139448111,3.72143406879125,4.13492674310139,
4.34167308025646,4.54841941741153,4.96191209172167,5.78889744034195),
 .UNSPECIFIED.);
#226=B_SPLINE_SURFACE_WITH_KNOTS('',3,3,((#1321,#1322,#1323,#1324,#1325,
#1326,#1327,#1328,#1329,#1330),(#1331,#1332,#1333,#1334,#1335,#1336,#1337,
#1338,#1339,#1340),(#1341,#1342,#1343,#1344,#1345,#1346,#1347,#1348,#1349,
#1350),(#1351,#1352,#1353,#1354,#1355,#1356,#1357,#1358,#1359,#1360),(#1361,
#1362,#1363,#1364,#1365,#1366,#1367,#1368,#1369,#1370),(#1371,#1372,#1373,
#1374,#1375,#1376,#1377,#1378,#1379,#1380),(#1381,#1382,#1383,#1384,#1385,
#1386,#1387,#1388,#1389,#1390),(#1391,#1392,#1393,#1394,#1395,#1396,#1397,
#1398,#1399,#1400),(#1401,#1402,#1403,#1404,#1405,#1406,#1407,#1408,#1409,
#1410),(#1411,#1412,#1413,#1414,#1415,#1416,#1417,#1418,#1419,#1420)),
 .UNSPECIFIED.,.F.,.F.,.F.,(4,1,1,1,1,1,1,4),(4,1,1,1,1,1,1,4),(0.,0.142857142857143,
0.285714285714286,0.428571428571429,0.571428571428571,0.714285714285714,
0.857142857142857,1.),(-2.03075982399448,-1.45054273142462,-0.870325638854774,
-0.290108546284923,0.290108546284928,0.870325638854779,1.45054273142463,
2.03075982399448),.UNSPECIFIED.);
#227=ADVANCED_FACE('',(#37),#219,.F.);
#228=ADVANCED_FACE('',(#38),#220,.F.);
#229=ADVANCED_FACE('',(#39),#221,.F.);
#230=ADVANCED_FACE('',(#40),#222,.F.);
#231=ADVANCED_FACE('',(#41),#35,.T.);
#232=ADVANCED_FACE('',(#42),#23,.T.);
#233=ADVANCED_FACE('',(#43,#15,#16),#21,.F.);
#234=ADVANCED_FACE('',(#44),#223,.F.);
#235=ADVANCED_FACE('',(#45),#224,.F.);
#236=ADVANCED_FACE('',(#46),#225,.F.);
#237=ADVANCED_FACE('',(#47),#226,.F.);
#238=ADVANCED_FACE('',(#48,#17,#18),#22,.T.);
#239=ADVANCED_FACE('',(#49,#19),#24,.F.);
#240=ADVANCED_FACE('',(#50,#20),#25,.F.);
#241=ADVANCED_FACE('',(#51),#36,.T.);
#242=ADVANCED_FACE('',(#52),#26,.T.);
#243=CLOSED_SHELL('',(#227,#228,#229,#230,#231,#232,#233,#234,#235,#236,
#237,#238,#239,#240,#241,#242));
#244=AXIS2_PLACEMENT_3D('placement',#305,#263,#264);
#245=AXIS2_PLACEMENT_3D('',#419,#265,#266);
#246=AXIS2_PLACEMENT_3D('',#431,#267,#268);
#247=AXIS2_PLACEMENT_3D('',#700,#269,#270);
#248=AXIS2_PLACEMENT_3D('',#701,#271,#272);
#249=AXIS2_PLACEMENT_3D('',#889,#275,#276);
#250=AXIS2_PLACEMENT_3D('',#892,#278,#279);
#251=AXIS2_PLACEMENT_3D('',#893,#280,#281);
#252=AXIS2_PLACEMENT_3D('',#895,#282,#283);
#253=AXIS2_PLACEMENT_3D('',#897,#284,#285);
#254=AXIS2_PLACEMENT_3D('',#1152,#286,#287);
#255=AXIS2_PLACEMENT_3D('',#1421,#288,#289);
#256=AXIS2_PLACEMENT_3D('',#1422,#290,#291);
#257=AXIS2_PLACEMENT_3D('',#1423,#292,#293);
#258=AXIS2_PLACEMENT_3D('',#1425,#294,#295);
#259=AXIS2_PLACEMENT_3D('',#1427,#296,#297);
#260=AXIS2_PLACEMENT_3D('',#1428,#298,#299);
#261=AXIS2_PLACEMENT_3D('',#1429,#300,#301);
#262=AXIS2_PLACEMENT_3D('',#1471,#303,#304);
#263=DIRECTION('axis',(0.,0.,1.));
#264=DIRECTION('refdir',(1.,0.,0.));
#265=DIRECTION('center_axis',(0.,0.,1.));
#266=DIRECTION('ref_axis',(0.273210377725383,-0.96195430738843,0.));
#267=DIRECTION('center_axis',(0.,0.,-1.));
#268=DIRECTION('ref_axis',(0.273210377725383,-0.96195430738843,0.));
#269=DIRECTION('center_axis',(0.,0.,-1.));
#270=DIRECTION('ref_axis',(-0.953362742973303,-0.301826904550306,0.));
#271=DIRECTION('center_axis',(0.,0.,1.));
#272=DIRECTION('ref_axis',(-0.953362742973303,-0.301826904550307,0.));
#273=DIRECTION('',(0.,0.,1.));
#274=DIRECTION('',(0.,0.,1.));
#275=DIRECTION('center_axis',(0.,0.,1.));
#276=DIRECTION('ref_axis',(1.,0.,0.));
#277=DIRECTION('',(0.,0.,1.));
#278=DIRECTION('center_axis',(0.,0.,1.));
#279=DIRECTION('ref_axis',(0.273210377725383,-0.96195430738843,0.));
#280=DIRECTION('center_axis',(0.,0.,1.));
#281=DIRECTION('ref_axis',(1.,0.,0.));
#282=DIRECTION('center_axis',(0.,0.,-1.));
#283=DIRECTION('ref_axis',(1.,0.,0.));
#284=DIRECTION('center_axis',(0.,0.,-1.));
#285=DIRECTION('ref_axis',(1.,0.,0.));
#286=DIRECTION('center_axis',(0.,0.,-1.));
#287=DIRECTION('ref_axis',(0.273210377725383,-0.96195430738843,0.));
#288=DIRECTION('center_axis',(0.,0.,-1.));
#289=DIRECTION('ref_axis',(-0.953362742973303,-0.301826904550307,0.));
#290=DIRECTION('center_axis',(0.,0.,1.));
#291=DIRECTION('ref_axis',(-0.953362742973303,-0.301826904550306,0.));
#292=DIRECTION('center_axis',(0.,0.,1.));
#293=DIRECTION('ref_axis',(1.,0.,0.));
#294=DIRECTION('center_axis',(0.,0.,-1.));
#295=DIRECTION('ref_axis',(1.,0.,0.));
#296=DIRECTION('center_axis',(0.,0.,-1.));
#297=DIRECTION('ref_axis',(1.,0.,0.));
#298=DIRECTION('center_axis',(0.,0.,1.));
#299=DIRECTION('ref_axis',(1.,0.,0.));
#300=DIRECTION('center_axis',(0.,0.,1.));
#301=DIRECTION('ref_axis',(1.,0.,0.));
#302=DIRECTION('',(0.,0.,1.));
#303=DIRECTION('center_axis',(0.,0.,1.));
#304=DIRECTION('ref_axis',(1.,0.,0.));
#305=CARTESIAN_POINT('',(0.,0.,0.));
#306=CARTESIAN_POINT('Ctrl Pts',(52.4463731518077,106.704943707822,2.5));
#307=CARTESIAN_POINT('Ctrl Pts',(52.4438932799725,105.823833097369,2.5));
#308=CARTESIAN_POINT('Ctrl Pts',(52.9150251198504,104.060447921009,2.5));
#309=CARTESIAN_POINT('Ctrl Pts',(54.8608498954388,102.13572220389,2.5));
#310=CARTESIAN_POINT('Ctrl Pts',(57.5115716808881,101.451055359631,2.5));
#311=CARTESIAN_POINT('Ctrl Pts',(60.1441698489604,102.201248092002,2.5));
#312=CARTESIAN_POINT('Ctrl Pts',(62.0424249253649,104.173414275021,2.5));
#313=CARTESIAN_POINT('Ctrl Pts',(62.682504074249,106.835732165937,2.5));
#314=CARTESIAN_POINT('Ctrl Pts',(62.1577499271105,108.582723434832,2.5));
#315=CARTESIAN_POINT('Ctrl Pts',(61.6925005143373,109.330991462701,2.5));
#316=CARTESIAN_POINT('Ctrl Pts',(52.334173858562,106.705259490952,2.5));
#317=CARTESIAN_POINT('Ctrl Pts',(52.3316383812386,105.804391978168,2.5));
#318=CARTESIAN_POINT('Ctrl Pts',(52.8133726555703,104.001435484314,2.5));
#319=CARTESIAN_POINT('Ctrl Pts',(54.8028393470499,102.033538415722,2.5));
#320=CARTESIAN_POINT('Ctrl Pts',(57.5130336805739,101.333521338497,2.5));
#321=CARTESIAN_POINT('Ctrl Pts',(60.2046912569299,102.100533721794,2.5));
#322=CARTESIAN_POINT('Ctrl Pts',(62.1455293072322,104.116952634795,2.5));
#323=CARTESIAN_POINT('Ctrl Pts',(62.7999785191959,106.838982415294,2.5));
#324=CARTESIAN_POINT('Ctrl Pts',(62.2634654070836,108.625189382362,2.5));
#325=CARTESIAN_POINT('Ctrl Pts',(61.787783833922,109.390235619651,2.5));
#326=CARTESIAN_POINT('Ctrl Pts',(52.1121448297608,106.705884388132,2.50115217916043));
#327=CARTESIAN_POINT('Ctrl Pts',(52.1094991812877,105.765872526211,2.50115217916043));
#328=CARTESIAN_POINT('Ctrl Pts',(52.6121190934897,103.884612408203,2.50115217916043));
#329=CARTESIAN_POINT('Ctrl Pts',(54.6880181448097,101.83122329684,2.50115217916043));
#330=CARTESIAN_POINT('Ctrl Pts',(57.5159315167039,101.10078692678,2.50115217916043));
#331=CARTESIAN_POINT('Ctrl Pts',(60.3245108832966,101.901129491285,2.50115217916043));
#332=CARTESIAN_POINT('Ctrl Pts',(62.3496589382141,104.005127395599,2.50115217916043));
#333=CARTESIAN_POINT('Ctrl Pts',(63.032523623616,106.84541559404,2.50115217916043));
#334=CARTESIAN_POINT('Ctrl Pts',(62.4726889787588,108.70918384283,2.50115217916043));
#335=CARTESIAN_POINT('Ctrl Pts',(61.9763381669874,109.507472745209,2.50115217916043));
#336=CARTESIAN_POINT('Ctrl Pts',(51.7816522322999,106.706814554304,2.57487791303507));
#337=CARTESIAN_POINT('Ctrl Pts',(51.778842662094,105.708560497721,2.57487791303507));
#338=CARTESIAN_POINT('Ctrl Pts',(52.3126001110395,103.710742896723,2.57487791303508));
#339=CARTESIAN_POINT('Ctrl Pts',(54.5171185367573,101.530129387629,2.57487791303507));
#340=CARTESIAN_POINT('Ctrl Pts',(57.5202425521169,100.754435702288,2.57487791303508));
#341=CARTESIAN_POINT('Ctrl Pts',(60.5028354021932,101.604366883309,2.57487791303507));
#342=CARTESIAN_POINT('Ctrl Pts',(62.6534574896317,103.838722884057,2.57487791303507));
#343=CARTESIAN_POINT('Ctrl Pts',(63.3786298041506,106.854990769295,2.57487791303507));
#344=CARTESIAN_POINT('Ctrl Pts',(62.7841075313646,108.834231383341,2.57487791303507));
#345=CARTESIAN_POINT('Ctrl Pts',(62.2570033197998,109.681981467577,2.57487791303507));
#346=CARTESIAN_POINT('Ctrl Pts',(51.4662416469353,106.707702272393,2.7514475217447));
#347=CARTESIAN_POINT('Ctrl Pts',(51.4632756500752,105.653869059378,2.7514475217447));
#348=CARTESIAN_POINT('Ctrl Pts',(52.0267599641218,103.544812714072,2.7514475217447));
#349=CARTESIAN_POINT('Ctrl Pts',(54.3540206476707,101.242787279072,2.7514475217447));
#350=CARTESIAN_POINT('Ctrl Pts',(57.5243563449491,100.423906236156,2.7514475217447));
#351=CARTESIAN_POINT('Ctrl Pts',(60.6730161574881,101.321158084259,2.7514475217447));
#352=CARTESIAN_POINT('Ctrl Pts',(62.9433815949152,103.679922420957,2.7514475217447));
#353=CARTESIAN_POINT('Ctrl Pts',(63.7089331170419,106.864128839172,2.7514475217447));
#354=CARTESIAN_POINT('Ctrl Pts',(63.0813117909268,108.953576766999,2.7514475217447));
#355=CARTESIAN_POINT('Ctrl Pts',(62.5248603333006,109.848526493686,2.7514475217447));
#356=CARTESIAN_POINT('Ctrl Pts',(51.1976240157069,106.708458292455,3.01988402124829));
#357=CARTESIAN_POINT('Ctrl Pts',(51.1945248353039,105.607304314237,3.01988402124829));
#358=CARTESIAN_POINT('Ctrl Pts',(51.7833516060469,103.403511234632,3.01988402124829));
#359=CARTESIAN_POINT('Ctrl Pts',(54.2151260745775,100.998102519657,3.01988402124829));
#360=CARTESIAN_POINT('Ctrl Pts',(57.5278585604263,100.142452824908,3.01988402124829));
#361=CARTESIAN_POINT('Ctrl Pts',(60.8179347838122,101.079992601145,3.01988402124829));
#362=CARTESIAN_POINT('Ctrl Pts',(63.190267250531,103.544706398636,3.01988402124829));
#363=CARTESIAN_POINT('Ctrl Pts',(63.9902132119872,106.871910867219,3.01988402124829));
#364=CARTESIAN_POINT('Ctrl Pts',(63.3344172929453,109.055227545542,3.01988402124829));
#365=CARTESIAN_POINT('Ctrl Pts',(62.7529792354971,109.990363618001,3.01988402124829));
#366=CARTESIAN_POINT('Ctrl Pts',(51.0215490036904,106.708953852783,3.33515484869176));
#367=CARTESIAN_POINT('Ctrl Pts',(51.0183623592336,105.576723467816,3.33515484869176));
#368=CARTESIAN_POINT('Ctrl Pts',(51.623684434446,103.310835838119,3.33515484869176));
#369=CARTESIAN_POINT('Ctrl Pts',(54.1240518689457,100.837586323561,3.33515484869176));
#370=CARTESIAN_POINT('Ctrl Pts',(57.5301599637479,99.9577828177529,3.33515484869176));
#371=CARTESIAN_POINT('Ctrl Pts',(60.9129939519886,100.921787005315,3.33515484869176));
#372=CARTESIAN_POINT('Ctrl Pts',(63.352217276115,103.45595905783,3.33515484869176));
#373=CARTESIAN_POINT('Ctrl Pts',(64.1746824683314,106.877013489217,3.33515484869176));
#374=CARTESIAN_POINT('Ctrl Pts',(63.5003551221524,109.121808646322,3.33515484869176));
#375=CARTESIAN_POINT('Ctrl Pts',(62.9025079103712,110.083335822595,3.33515484869176));
#376=CARTESIAN_POINT('Ctrl Pts',(50.9473924650204,106.709162565185,3.66580573690679));
#377=CARTESIAN_POINT('Ctrl Pts',(50.9441691926603,105.563918106749,3.66580573690679));
#378=CARTESIAN_POINT('Ctrl Pts',(51.5565864912581,103.271873340283,3.66580573690679));
#379=CARTESIAN_POINT('Ctrl Pts',(54.0857338386013,100.770146529421,3.66580573690679));
#380=CARTESIAN_POINT('Ctrl Pts',(57.5311219156844,99.8802370756768,3.66580573690679));
#381=CARTESIAN_POINT('Ctrl Pts',(60.952944144868,100.855315563592,3.66580573690679));
#382=CARTESIAN_POINT('Ctrl Pts',(63.4202721783581,103.418728368972,3.66580573690679));
#383=CARTESIAN_POINT('Ctrl Pts',(64.2522545367494,106.879160478755,3.66580573690679));
#384=CARTESIAN_POINT('Ctrl Pts',(63.5702030575345,109.149913257351,3.66580573690679));
#385=CARTESIAN_POINT('Ctrl Pts',(62.9654840750955,110.122492411631,3.66580573690679));
#386=CARTESIAN_POINT('Ctrl Pts',(50.9463790927632,106.709165417305,3.88780026237179));
#387=CARTESIAN_POINT('Ctrl Pts',(50.943155177839,105.563692652724,3.88780026237179));
#388=CARTESIAN_POINT('Ctrl Pts',(51.555568792607,103.271293921874,3.88780026237179));
#389=CARTESIAN_POINT('Ctrl Pts',(54.0851835593559,100.76911346307,3.88780026237179));
#390=CARTESIAN_POINT('Ctrl Pts',(57.5311400374088,99.8790204937127,3.88780026237179));
#391=CARTESIAN_POINT('Ctrl Pts',(60.953548121758,100.854298987846,3.88780026237179));
#392=CARTESIAN_POINT('Ctrl Pts',(63.4213060130762,103.418119943539,3.88780026237179));
#393=CARTESIAN_POINT('Ctrl Pts',(64.2533960749728,106.879191214596,3.88780026237179));
#394=CARTESIAN_POINT('Ctrl Pts',(63.5711841980975,109.150254459301,3.88780026237179));
#395=CARTESIAN_POINT('Ctrl Pts',(62.9663446640515,110.123027498648,3.88780026237179));
#396=CARTESIAN_POINT('Ctrl Pts',(50.9463790927632,106.709165417305,4.));
#397=CARTESIAN_POINT('Ctrl Pts',(50.9431552593774,105.563721623716,4.));
#398=CARTESIAN_POINT('Ctrl Pts',(51.5556266512186,103.271320894449,4.));
#399=CARTESIAN_POINT('Ctrl Pts',(54.0851988594836,100.769177462194,4.));
#400=CARTESIAN_POINT('Ctrl Pts',(57.5311371805677,99.8791105646566,4.));
#401=CARTESIAN_POINT('Ctrl Pts',(60.9535147990616,100.85436111674,4.));
#402=CARTESIAN_POINT('Ctrl Pts',(63.4212463983875,103.418177154664,4.));
#403=CARTESIAN_POINT('Ctrl Pts',(64.2533492919368,106.879190412855,4.));
#404=CARTESIAN_POINT('Ctrl Pts',(63.5711689006567,109.150279062418,4.));
#405=CARTESIAN_POINT('Ctrl Pts',(62.9663446640515,110.123027498648,4.));
#406=CARTESIAN_POINT('',(50.9463790927632,106.709165417305,4.));
#407=CARTESIAN_POINT('',(52.4463731518077,106.704943707822,2.5));
#408=CARTESIAN_POINT('Ctrl Pts',(50.9463790927632,106.709165417305,4.));
#409=CARTESIAN_POINT('Ctrl Pts',(50.9463790927632,106.709165417305,3.88780026237179));
#410=CARTESIAN_POINT('Ctrl Pts',(50.9473924650204,106.709162565185,3.66580573690679));
#411=CARTESIAN_POINT('Ctrl Pts',(51.0215490036904,106.708953852783,3.33515484869176));
#412=CARTESIAN_POINT('Ctrl Pts',(51.1976240157069,106.708458292455,3.01988402124829));
#413=CARTESIAN_POINT('Ctrl Pts',(51.4662416469353,106.707702272393,2.7514475217447));
#414=CARTESIAN_POINT('Ctrl Pts',(51.7816522322999,106.706814554304,2.57487791303507));
#415=CARTESIAN_POINT('Ctrl Pts',(52.1121448297608,106.705884388132,2.50115217916043));
#416=CARTESIAN_POINT('Ctrl Pts',(52.334173858562,106.705259490952,2.5));
#417=CARTESIAN_POINT('Ctrl Pts',(52.4463731518077,106.704943707822,2.5));
#418=CARTESIAN_POINT('',(61.6925005143373,109.330991462701,2.5));
#419=CARTESIAN_POINT('Origin',(57.446353348623,106.690871342877,2.5));
#420=CARTESIAN_POINT('',(62.9663446640515,110.123027498648,4.));
#421=CARTESIAN_POINT('Ctrl Pts',(61.6925005143373,109.330991462701,2.5));
#422=CARTESIAN_POINT('Ctrl Pts',(61.787783833922,109.390235619651,2.5));
#423=CARTESIAN_POINT('Ctrl Pts',(61.9763381669874,109.507472745209,2.50115217916043));
#424=CARTESIAN_POINT('Ctrl Pts',(62.2570033197998,109.681981467577,2.57487791303507));
#425=CARTESIAN_POINT('Ctrl Pts',(62.5248603333006,109.848526493686,2.7514475217447));
#426=CARTESIAN_POINT('Ctrl Pts',(62.7529792354971,109.990363618001,3.01988402124829));
#427=CARTESIAN_POINT('Ctrl Pts',(62.9025079103712,110.083335822595,3.33515484869176));
#428=CARTESIAN_POINT('Ctrl Pts',(62.9654840750955,110.122492411631,3.66580573690679));
#429=CARTESIAN_POINT('Ctrl Pts',(62.9663446640515,110.123027498648,3.88780026237179));
#430=CARTESIAN_POINT('Ctrl Pts',(62.9663446640515,110.123027498648,4.));
#431=CARTESIAN_POINT('Origin',(57.446353348623,106.690871342877,4.));
#432=CARTESIAN_POINT('Ctrl Pts',(15.7492597670364,139.144646585214,4.));
#433=CARTESIAN_POINT('Ctrl Pts',(18.3021281583479,138.750052887477,4.));
#434=CARTESIAN_POINT('Ctrl Pts',(22.9789162739238,138.839793065201,4.));
#435=CARTESIAN_POINT('Ctrl Pts',(28.6291262058891,138.91949363204,4.));
#436=CARTESIAN_POINT('Ctrl Pts',(32.9954667181077,138.340498908396,4.));
#437=CARTESIAN_POINT('Ctrl Pts',(36.6247020716759,137.273254661756,4.));
#438=CARTESIAN_POINT('Ctrl Pts',(41.7732901448834,134.2393568408,4.));
#439=CARTESIAN_POINT('Ctrl Pts',(46.8988319356526,129.372590436222,4.));
#440=CARTESIAN_POINT('Ctrl Pts',(52.567615916581,123.30133700151,4.));
#441=CARTESIAN_POINT('Ctrl Pts',(58.0574652554974,117.044253176127,4.));
#442=CARTESIAN_POINT('Ctrl Pts',(61.4620928741745,112.542339569393,4.));
#443=CARTESIAN_POINT('Ctrl Pts',(62.9663446640515,110.123027498648,4.));
#444=CARTESIAN_POINT('Ctrl Pts',(15.7492597670364,139.144646585214,3.88780026237179));
#445=CARTESIAN_POINT('Ctrl Pts',(18.3021096589706,138.750055746902,3.88780026237179));
#446=CARTESIAN_POINT('Ctrl Pts',(22.9788858336647,138.839796981591,3.88780026237179));
#447=CARTESIAN_POINT('Ctrl Pts',(28.6290986752493,138.919501079848,3.88780026237179));
#448=CARTESIAN_POINT('Ctrl Pts',(32.9954581650919,138.340506255074,3.88780026237179));
#449=CARTESIAN_POINT('Ctrl Pts',(36.6247142676198,137.27325593644,3.88780026237179));
#450=CARTESIAN_POINT('Ctrl Pts',(41.773314439485,134.239348499553,3.88780026237179));
#451=CARTESIAN_POINT('Ctrl Pts',(46.8988398372441,129.37258451724,3.88780026237179));
#452=CARTESIAN_POINT('Ctrl Pts',(52.5676198568824,123.301337290651,3.88780026237179));
#453=CARTESIAN_POINT('Ctrl Pts',(58.0574647473274,117.044253732941,3.88780026237179));
#454=CARTESIAN_POINT('Ctrl Pts',(61.4620876188095,112.54234802168,3.88780026237179));
#455=CARTESIAN_POINT('Ctrl Pts',(62.9663446640515,110.123027498648,3.88780026237179));
#456=CARTESIAN_POINT('Ctrl Pts',(15.7490837610263,139.143507894498,3.66577036619183));
#457=CARTESIAN_POINT('Ctrl Pts',(18.3020808441882,138.748894305022,3.66577036619183));
#458=CARTESIAN_POINT('Ctrl Pts',(22.9789823524742,138.838647339394,3.66577036619183));
#459=CARTESIAN_POINT('Ctrl Pts',(28.629081466658,138.91833849452,3.66577036619183));
#460=CARTESIAN_POINT('Ctrl Pts',(32.9952264003442,138.339367855939,3.66577036619183));
#461=CARTESIAN_POINT('Ctrl Pts',(36.6242352567212,137.27218889147,3.66577036619183));
#462=CARTESIAN_POINT('Ctrl Pts',(41.7725508540251,134.238461917054,3.66577036619183));
#463=CARTESIAN_POINT('Ctrl Pts',(46.898003177686,129.371792332653,3.66577036619183));
#464=CARTESIAN_POINT('Ctrl Pts',(52.5667637651989,123.300560389944,3.66577036619183));
#465=CARTESIAN_POINT('Ctrl Pts',(58.0565803434908,117.043514835869,3.66577036619184));
#466=CARTESIAN_POINT('Ctrl Pts',(61.4611509402434,112.541672374518,3.66577036619183));
#467=CARTESIAN_POINT('Ctrl Pts',(62.9653661709088,110.122419102534,3.66577036619183));
#468=CARTESIAN_POINT('Ctrl Pts',(15.7378218055775,139.070647404698,3.33527647453989));
#469=CARTESIAN_POINT('Ctrl Pts',(18.2992557554873,138.674729739202,3.33527647453989));
#470=CARTESIAN_POINT('Ctrl Pts',(22.9835434533787,138.765293859521,3.33527647453988));
#471=CARTESIAN_POINT('Ctrl Pts',(28.626519930737,138.844344164759,3.33527647453988));
#472=CARTESIAN_POINT('Ctrl Pts',(32.9799429416516,138.266915744041,3.33527647453988));
#473=CARTESIAN_POINT('Ctrl Pts',(36.5942321312101,137.203980358988,3.33527647453988));
#474=CARTESIAN_POINT('Ctrl Pts',(41.7249806842553,134.181290393701,3.33527647453988));
#475=CARTESIAN_POINT('Ctrl Pts',(46.8448876707584,129.320789467202,3.33527647453988));
#476=CARTESIAN_POINT('Ctrl Pts',(52.5121947350594,123.250864805461,3.33527647453989));
#477=CARTESIAN_POINT('Ctrl Pts',(57.999963747324,116.99626515882,3.33527647453989));
#478=CARTESIAN_POINT('Ctrl Pts',(61.4009376574355,112.498888651537,3.33527647453988));
#479=CARTESIAN_POINT('Ctrl Pts',(62.9027561147534,110.083490148236,3.33527647453988));
#480=CARTESIAN_POINT('Ctrl Pts',(15.7108499521713,138.896149959831,3.01986464078752));
#481=CARTESIAN_POINT('Ctrl Pts',(18.2924392053927,138.497116914126,3.01986464078752));
#482=CARTESIAN_POINT('Ctrl Pts',(22.9943838216845,138.589626437909,3.01986464078751));
#483=CARTESIAN_POINT('Ctrl Pts',(28.6203098767522,138.667151596204,3.01986464078752));
#484=CARTESIAN_POINT('Ctrl Pts',(32.9433163847962,138.093416438115,3.01986464078751));
#485=CARTESIAN_POINT('Ctrl Pts',(36.522409413072,137.040627619263,3.01986464078752));
#486=CARTESIAN_POINT('Ctrl Pts',(41.6111188113635,134.044344472073,3.01986464078752));
#487=CARTESIAN_POINT('Ctrl Pts',(46.7177001416001,129.198623815871,3.01986464078752));
#488=CARTESIAN_POINT('Ctrl Pts',(52.3815152521166,123.131847009682,3.01986464078752));
#489=CARTESIAN_POINT('Ctrl Pts',(57.8643682735699,116.883105928345,3.01986464078752));
#490=CARTESIAN_POINT('Ctrl Pts',(61.2567153048829,112.396446764949,3.01986464078751));
#491=CARTESIAN_POINT('Ctrl Pts',(62.7528079761679,109.990257134362,3.01986464078751));
#492=CARTESIAN_POINT('Ctrl Pts',(15.6698450046155,138.630863831079,2.7512459577517));
#493=CARTESIAN_POINT('Ctrl Pts',(18.2821164761916,138.227088272977,2.7512459577517));
#494=CARTESIAN_POINT('Ctrl Pts',(23.0109307337628,138.322553060441,2.7512459577517));
#495=CARTESIAN_POINT('Ctrl Pts',(28.6109289089965,138.397751849848,2.7512459577517));
#496=CARTESIAN_POINT('Ctrl Pts',(32.8876521904815,137.829631730226,2.7512459577517));
#497=CARTESIAN_POINT('Ctrl Pts',(36.4131916750282,136.792281854109,2.7512459577517));
#498=CARTESIAN_POINT('Ctrl Pts',(41.4379631002178,133.836165628611,2.7512459577517));
#499=CARTESIAN_POINT('Ctrl Pts',(46.5243213965031,129.012909932073,2.7512459577517));
#500=CARTESIAN_POINT('Ctrl Pts',(52.1828363831861,122.950905217375,2.7512459577517));
#501=CARTESIAN_POINT('Ctrl Pts',(57.6582253998068,116.711070250138,2.7512459577517));
#502=CARTESIAN_POINT('Ctrl Pts',(61.0374674650294,112.240687286821,2.7512459577517));
#503=CARTESIAN_POINT('Ctrl Pts',(62.5248438290181,109.848516231845,2.7512459577517));
#504=CARTESIAN_POINT('Ctrl Pts',(15.6216858896608,138.31929301019,2.57517027863876));
#505=CARTESIAN_POINT('Ctrl Pts',(18.2699926188395,137.90994752706,2.57517027863876));
#506=CARTESIAN_POINT('Ctrl Pts',(23.0303644134895,138.00888319198,2.57517027863876));
#507=CARTESIAN_POINT('Ctrl Pts',(28.5999110678394,138.081349750546,2.57517027863876));
#508=CARTESIAN_POINT('Ctrl Pts',(32.8222761655252,137.519824329217,2.57517027863876));
#509=CARTESIAN_POINT('Ctrl Pts',(36.2849187016202,136.500607003967,2.57517027863876));
#510=CARTESIAN_POINT('Ctrl Pts',(41.2345969161032,133.591665597763,2.57517027863876));
#511=CARTESIAN_POINT('Ctrl Pts',(46.2972037487233,128.794794355933,2.57517027863876));
#512=CARTESIAN_POINT('Ctrl Pts',(51.9494938703551,122.738394361422,2.57517027863876));
#513=CARTESIAN_POINT('Ctrl Pts',(57.4161166038276,116.509019367074,2.57517027863876));
#514=CARTESIAN_POINT('Ctrl Pts',(60.7799672396045,112.057752374256,2.57517027863876));
#515=CARTESIAN_POINT('Ctrl Pts',(62.2571065869884,109.682045675851,2.57517027863876));
#516=CARTESIAN_POINT('Ctrl Pts',(15.5711773923437,137.992522595374,2.50101342003268));
#517=CARTESIAN_POINT('Ctrl Pts',(18.2572513648618,137.577339476331,2.50101342003268));
#518=CARTESIAN_POINT('Ctrl Pts',(23.0507034420198,137.679916823757,2.50101342003268));
#519=CARTESIAN_POINT('Ctrl Pts',(28.5883171173851,137.74952281658,2.50101342003268));
#520=CARTESIAN_POINT('Ctrl Pts',(32.7536988552755,137.19491366582,2.50101342003268));
#521=CARTESIAN_POINT('Ctrl Pts',(36.1504051986184,136.194704948036,2.50101342003268));
#522=CARTESIAN_POINT('Ctrl Pts',(41.0213438447373,133.335226237437,2.50101342003268));
#523=CARTESIAN_POINT('Ctrl Pts',(46.0590175334278,128.566029980782,2.50101342003268));
#524=CARTESIAN_POINT('Ctrl Pts',(51.7047735611666,122.515516833972,2.50101342003268));
#525=CARTESIAN_POINT('Ctrl Pts',(57.1621961193601,116.297112464716,2.50101342003268));
#526=CARTESIAN_POINT('Ctrl Pts',(60.5098978150367,111.865905066281,2.50101342003268));
#527=CARTESIAN_POINT('Ctrl Pts',(61.9763081175101,109.507454061394,2.50101342003268));
#528=CARTESIAN_POINT('Ctrl Pts',(15.5372666723547,137.773133371261,2.5));
#529=CARTESIAN_POINT('Ctrl Pts',(18.2487224863899,137.354027012488,2.5));
#530=CARTESIAN_POINT('Ctrl Pts',(23.064400628759,137.459047883396,2.5));
#531=CARTESIAN_POINT('Ctrl Pts',(28.5805709360303,137.526728477397,2.5));
#532=CARTESIAN_POINT('Ctrl Pts',(32.7076687351373,136.976762955881,2.5));
#533=CARTESIAN_POINT('Ctrl Pts',(36.0600778944607,135.989324705016,2.5));
#534=CARTESIAN_POINT('Ctrl Pts',(40.878135233322,133.163067794018,2.5));
#535=CARTESIAN_POINT('Ctrl Pts',(45.8990916788867,128.412448817715,2.5));
#536=CARTESIAN_POINT('Ctrl Pts',(51.540466249244,122.365879487796,2.5));
#537=CARTESIAN_POINT('Ctrl Pts',(56.9917180487872,116.154840279512,2.50000000000001));
#538=CARTESIAN_POINT('Ctrl Pts',(60.3285840899503,111.737089768655,2.5));
#539=CARTESIAN_POINT('Ctrl Pts',(61.787783833922,109.390235619651,2.5));
#540=CARTESIAN_POINT('Ctrl Pts',(15.5201276284684,137.662250395569,2.5));
#541=CARTESIAN_POINT('Ctrl Pts',(18.2443941388846,137.24116390336,2.5));
#542=CARTESIAN_POINT('Ctrl Pts',(23.0712942742474,137.347420783684,2.5));
#543=CARTESIAN_POINT('Ctrl Pts',(28.5766295308324,137.414131629707,2.5));
#544=CARTESIAN_POINT('Ctrl Pts',(32.6843961560898,136.866512979104,2.5));
#545=CARTESIAN_POINT('Ctrl Pts',(36.0144366428035,135.885523322481,2.5));
#546=CARTESIAN_POINT('Ctrl Pts',(40.8057784687173,133.076048057908,2.5));
#547=CARTESIAN_POINT('Ctrl Pts',(45.8182700470929,128.334820668072,2.50000000000001));
#548=CARTESIAN_POINT('Ctrl Pts',(51.457426363505,122.290250552244,2.50000000000001));
#549=CARTESIAN_POINT('Ctrl Pts',(56.9055550999844,116.082934075499,2.50000000000001));
#550=CARTESIAN_POINT('Ctrl Pts',(60.2369400758762,111.671992458788,2.5));
#551=CARTESIAN_POINT('Ctrl Pts',(61.6925005143373,109.330991462701,2.5));
#552=CARTESIAN_POINT('',(15.5201276284684,137.662250395569,2.5));
#553=CARTESIAN_POINT('Ctrl Pts',(61.6925005143373,109.330991462701,2.5));
#554=CARTESIAN_POINT('Ctrl Pts',(60.2369400758762,111.671992458788,2.5));
#555=CARTESIAN_POINT('Ctrl Pts',(56.9055550999844,116.082934075499,2.50000000000001));
#556=CARTESIAN_POINT('Ctrl Pts',(51.457426363505,122.290250552244,2.50000000000001));
#557=CARTESIAN_POINT('Ctrl Pts',(45.8182700470929,128.334820668072,2.50000000000001));
#558=CARTESIAN_POINT('Ctrl Pts',(40.8057784687173,133.076048057908,2.5));
#559=CARTESIAN_POINT('Ctrl Pts',(36.0144366428035,135.885523322481,2.5));
#560=CARTESIAN_POINT('Ctrl Pts',(32.6843961560898,136.866512979104,2.5));
#561=CARTESIAN_POINT('Ctrl Pts',(28.5766295308324,137.414131629707,2.5));
#562=CARTESIAN_POINT('Ctrl Pts',(23.0712942742474,137.347420783684,2.5));
#563=CARTESIAN_POINT('Ctrl Pts',(18.2443941388846,137.24116390336,2.5));
#564=CARTESIAN_POINT('Ctrl Pts',(15.5201276284684,137.662250395569,2.5));
#565=CARTESIAN_POINT('',(15.7492597670364,139.144646585214,4.));
#566=CARTESIAN_POINT('Ctrl Pts',(15.5201276284684,137.662250395569,2.5));
#567=CARTESIAN_POINT('Ctrl Pts',(15.5372666723547,137.773133371261,2.5));
#568=CARTESIAN_POINT('Ctrl Pts',(15.5711773923437,137.992522595374,2.50101342003268));
#569=CARTESIAN_POINT('Ctrl Pts',(15.6216858896608,138.31929301019,2.57517027863876));
#570=CARTESIAN_POINT('Ctrl Pts',(15.6698450046155,138.630863831079,2.7512459577517));
#571=CARTESIAN_POINT('Ctrl Pts',(15.7108499521713,138.896149959831,3.01986464078752));
#572=CARTESIAN_POINT('Ctrl Pts',(15.7378218055775,139.070647404698,3.33527647453989));
#573=CARTESIAN_POINT('Ctrl Pts',(15.7490837610263,139.143507894498,3.66577036619183));
#574=CARTESIAN_POINT('Ctrl Pts',(15.7492597670364,139.144646585214,3.88780026237179));
#575=CARTESIAN_POINT('Ctrl Pts',(15.7492597670364,139.144646585214,4.));
#576=CARTESIAN_POINT('Ctrl Pts',(15.7492597670364,139.144646585214,4.));
#577=CARTESIAN_POINT('Ctrl Pts',(18.3021281583479,138.750052887477,4.));
#578=CARTESIAN_POINT('Ctrl Pts',(22.9789162739238,138.839793065201,4.));
#579=CARTESIAN_POINT('Ctrl Pts',(28.6291262058891,138.91949363204,4.));
#580=CARTESIAN_POINT('Ctrl Pts',(32.9954667181077,138.340498908396,4.));
#581=CARTESIAN_POINT('Ctrl Pts',(36.6247020716759,137.273254661756,4.));
#582=CARTESIAN_POINT('Ctrl Pts',(41.7732901448834,134.2393568408,4.));
#583=CARTESIAN_POINT('Ctrl Pts',(46.8988319356526,129.372590436222,4.));
#584=CARTESIAN_POINT('Ctrl Pts',(52.567615916581,123.30133700151,4.));
#585=CARTESIAN_POINT('Ctrl Pts',(58.0574652554974,117.044253176127,4.));
#586=CARTESIAN_POINT('Ctrl Pts',(61.4620928741745,112.542339569393,4.));
#587=CARTESIAN_POINT('Ctrl Pts',(62.9663446640515,110.123027498648,4.));
#588=CARTESIAN_POINT('Ctrl Pts',(15.5201276284684,137.662250395569,2.5));
#589=CARTESIAN_POINT('Ctrl Pts',(14.564448064921,137.809968599184,2.5));
#590=CARTESIAN_POINT('Ctrl Pts',(12.5654788731244,137.53599665249,2.5));
#591=CARTESIAN_POINT('Ctrl Pts',(10.2867189347738,135.546270022599,2.5));
#592=CARTESIAN_POINT('Ctrl Pts',(9.46593187955191,132.63326995559,2.5));
#593=CARTESIAN_POINT('Ctrl Pts',(10.3824548977984,129.749495844365,2.5));
#594=CARTESIAN_POINT('Ctrl Pts',(12.7254460407498,127.834828249552,2.5));
#595=CARTESIAN_POINT('Ctrl Pts',(15.7365933102569,127.524361768149,2.5));
#596=CARTESIAN_POINT('Ctrl Pts',(17.5281602962845,128.448666542676,2.5));
#597=CARTESIAN_POINT('Ctrl Pts',(18.2247040551973,129.119465236609,2.5));
#598=CARTESIAN_POINT('Ctrl Pts',(15.5372666723547,137.773133371261,2.5));
#599=CARTESIAN_POINT('Ctrl Pts',(14.5601581672266,137.924163819772,2.5));
#600=CARTESIAN_POINT('Ctrl Pts',(12.5163259029352,137.644013674433,2.5));
#601=CARTESIAN_POINT('Ctrl Pts',(10.1864521635053,135.609660586979,2.5));
#602=CARTESIAN_POINT('Ctrl Pts',(9.34726183537695,132.631304728077,2.5));
#603=CARTESIAN_POINT('Ctrl Pts',(10.2843336696333,129.682835188589,2.5));
#604=CARTESIAN_POINT('Ctrl Pts',(12.6798987984401,127.725220140131,2.5));
#605=CARTESIAN_POINT('Ctrl Pts',(15.7585834741188,127.407774696001,2.5));
#606=CARTESIAN_POINT('Ctrl Pts',(17.5903714829874,128.352808731955,2.5));
#607=CARTESIAN_POINT('Ctrl Pts',(18.3025336521785,129.038648561612,2.5));
#608=CARTESIAN_POINT('Ctrl Pts',(15.5711828094092,137.99255764169,2.50115195474599));
#609=CARTESIAN_POINT('Ctrl Pts',(14.5516171439039,138.150150640768,2.50115195474599));
#610=CARTESIAN_POINT('Ctrl Pts',(12.4190260406916,137.857869929992,2.50115195474599));
#611=CARTESIAN_POINT('Ctrl Pts',(9.98793659336329,135.735134248918,2.50115195474599));
#612=CARTESIAN_POINT('Ctrl Pts',(9.11228067647466,132.627409937649,2.50115195474599));
#613=CARTESIAN_POINT('Ctrl Pts',(10.0900725877938,129.550864447662,2.50115195474599));
#614=CARTESIAN_POINT('Ctrl Pts',(12.5896836315547,127.508206097915,2.50115195474599));
#615=CARTESIAN_POINT('Ctrl Pts',(15.8021194254822,127.176988250743,2.50115195474599));
#616=CARTESIAN_POINT('Ctrl Pts',(17.7134422782881,128.163081106958,2.50115195474599));
#617=CARTESIAN_POINT('Ctrl Pts',(18.4565492026146,128.87872193772,2.50115195474599));
#618=CARTESIAN_POINT('Ctrl Pts',(15.6216673414816,138.319173010655,2.57487774494878));
#619=CARTESIAN_POINT('Ctrl Pts',(14.5389304072217,138.486530314314,2.57487774494878));
#620=CARTESIAN_POINT('Ctrl Pts',(12.2742106022019,138.176144058131,2.57487774494878));
#621=CARTESIAN_POINT('Ctrl Pts',(9.69249525415822,135.921887055505,2.57487774494878));
#622=CARTESIAN_POINT('Ctrl Pts',(8.76258446067099,132.621615504664,2.57487774494878));
#623=CARTESIAN_POINT('Ctrl Pts',(9.80095961643924,129.354454025903,2.57487774494878));
#624=CARTESIAN_POINT('Ctrl Pts',(12.4554398821789,127.1852363115,2.57487774494878));
#625=CARTESIAN_POINT('Ctrl Pts',(15.8669128505486,126.833498470651,2.57487774494878));
#626=CARTESIAN_POINT('Ctrl Pts',(17.8966539075884,127.880688230008,2.57487774494878));
#627=CARTESIAN_POINT('Ctrl Pts',(18.6858029936101,128.640669450782,2.57487774494878));
#628=CARTESIAN_POINT('Ctrl Pts',(15.6698480008822,138.630883215764,2.75144711874149));
#629=CARTESIAN_POINT('Ctrl Pts',(14.5268282107235,138.807558365615,2.75144711874149));
#630=CARTESIAN_POINT('Ctrl Pts',(12.1360072878406,138.479882550564,2.75144711874149));
#631=CARTESIAN_POINT('Ctrl Pts',(9.41054715611236,136.100113993651,2.75144711874149));
#632=CARTESIAN_POINT('Ctrl Pts',(8.42886255263875,132.616086130284,2.75144711874149));
#633=CARTESIAN_POINT('Ctrl Pts',(9.5250501519821,129.167012993744,2.75144711874149));
#634=CARTESIAN_POINT('Ctrl Pts',(12.3273312633914,126.877017439848,2.75144711874149));
#635=CARTESIAN_POINT('Ctrl Pts',(15.9287472583021,126.505691934754,2.75144711874149));
#636=CARTESIAN_POINT('Ctrl Pts',(18.0715086997181,127.611186329177,2.75144711874149));
#637=CARTESIAN_POINT('Ctrl Pts',(18.9045947376715,128.413480541194,2.75144711874149));
#638=CARTESIAN_POINT('Ctrl Pts',(15.71088079744,138.896349516772,3.01988384779301));
#639=CARTESIAN_POINT('Ctrl Pts',(14.5165354555301,139.080957993435,3.01988384779301));
#640=CARTESIAN_POINT('Ctrl Pts',(12.0183158291589,138.738531832312,3.01988384779301));
#641=CARTESIAN_POINT('Ctrl Pts',(9.17045450202665,136.251891546467,3.01988384779301));
#642=CARTESIAN_POINT('Ctrl Pts',(8.14468991212222,132.611378647427,3.01988384779301));
#643=CARTESIAN_POINT('Ctrl Pts',(9.29009791119537,129.007395326964,3.01988384779301));
#644=CARTESIAN_POINT('Ctrl Pts',(12.2182505843899,126.614554958966,3.01988384779301));
#645=CARTESIAN_POINT('Ctrl Pts',(15.9814027807152,126.226537412792,3.01988384779301));
#646=CARTESIAN_POINT('Ctrl Pts',(18.2204330470445,127.381676337946,3.01988384779301));
#647=CARTESIAN_POINT('Ctrl Pts',(19.0909275366471,128.219996341864,3.01988384779301));
#648=CARTESIAN_POINT('Ctrl Pts',(15.737777231107,139.070359025138,3.33515486470525));
#649=CARTESIAN_POINT('Ctrl Pts',(14.5097254663183,139.260177461736,3.33515486470525));
#650=CARTESIAN_POINT('Ctrl Pts',(11.9411317051521,138.908198996054,3.33515486470525));
#651=CARTESIAN_POINT('Ctrl Pts',(9.01295565910433,136.351417767319,3.33515486470525));
#652=CARTESIAN_POINT('Ctrl Pts',(7.95823905588391,132.608285834275,3.33515486470526));
#653=CARTESIAN_POINT('Ctrl Pts',(9.13597916873699,128.902698351253,3.33515486470525));
#654=CARTESIAN_POINT('Ctrl Pts',(12.1466489560197,126.44237705493,3.33515486470526));
#655=CARTESIAN_POINT('Ctrl Pts',(16.0159421806578,126.043464636139,3.33515486470525));
#656=CARTESIAN_POINT('Ctrl Pts',(18.3180048232011,127.231191314541,3.33515486470525));
#657=CARTESIAN_POINT('Ctrl Pts',(19.2130661230475,128.093170110911,3.33515486470525));
#658=CARTESIAN_POINT('Ctrl Pts',(15.749105013425,139.143645389287,3.6658057275325));
#659=CARTESIAN_POINT('Ctrl Pts',(14.5069377858269,139.335645635447,3.6658057275325));
#660=CARTESIAN_POINT('Ctrl Pts',(11.9086742107757,138.979496090422,3.6658057275325));
#661=CARTESIAN_POINT('Ctrl Pts',(8.94677742369799,136.39328603131,3.6658057275325));
#662=CARTESIAN_POINT('Ctrl Pts',(7.87994132609968,132.606992316926,3.66580572753251));
#663=CARTESIAN_POINT('Ctrl Pts',(9.07121098372886,128.858692641731,3.6658057275325));
#664=CARTESIAN_POINT('Ctrl Pts',(12.1166211571724,126.370036829055,3.66580572753251));
#665=CARTESIAN_POINT('Ctrl Pts',(16.0304578207597,125.966476701277,3.6658057275325));
#666=CARTESIAN_POINT('Ctrl Pts',(18.359157068504,127.167869050588,3.6658057275325));
#667=CARTESIAN_POINT('Ctrl Pts',(19.264506374811,128.03975559677,3.6658057275325));
#668=CARTESIAN_POINT('Ctrl Pts',(15.7492597670364,139.144646585214,3.88780026237179));
#669=CARTESIAN_POINT('Ctrl Pts',(14.5068449115984,139.336685106902,3.88780026237179));
#670=CARTESIAN_POINT('Ctrl Pts',(11.9081970075835,138.980579394986,3.88780026237179));
#671=CARTESIAN_POINT('Ctrl Pts',(8.9457681284947,136.393891046025,3.88780026237179));
#672=CARTESIAN_POINT('Ctrl Pts',(7.87871603915255,132.606968473429,3.88780026237179));
#673=CARTESIAN_POINT('Ctrl Pts',(9.07023016326791,128.858030985166,3.88780026237179));
#674=CARTESIAN_POINT('Ctrl Pts',(12.1161236370762,126.368929533402,3.88780026237179));
#675=CARTESIAN_POINT('Ctrl Pts',(16.0306772938406,125.965346231582,3.88780026237179));
#676=CARTESIAN_POINT('Ctrl Pts',(18.3596793327786,127.166965520535,3.88780026237179));
#677=CARTESIAN_POINT('Ctrl Pts',(19.265209121784,128.039025878566,3.88780026237179));
#678=CARTESIAN_POINT('Ctrl Pts',(15.7492597670364,139.144646585214,4.));
#679=CARTESIAN_POINT('Ctrl Pts',(14.5068763344248,139.336680249915,4.));
#680=CARTESIAN_POINT('Ctrl Pts',(11.9082163850893,138.980516719211,4.));
#681=CARTESIAN_POINT('Ctrl Pts',(8.94582846523342,136.393872100353,4.));
#682=CARTESIAN_POINT('Ctrl Pts',(7.87880529344502,132.606972013242,4.));
#683=CARTESIAN_POINT('Ctrl Pts',(9.07028521716551,128.85806566865,4.));
#684=CARTESIAN_POINT('Ctrl Pts',(12.1161737030023,126.368997795392,4.));
#685=CARTESIAN_POINT('Ctrl Pts',(16.0306651533615,125.965391369568,4.));
#686=CARTESIAN_POINT('Ctrl Pts',(18.3597022351974,127.166987576454,4.));
#687=CARTESIAN_POINT('Ctrl Pts',(19.265209121784,128.039025878566,4.));
#688=CARTESIAN_POINT('',(18.2247040551973,129.119465236609,2.5));
#689=CARTESIAN_POINT('',(19.265209121784,128.039025878566,4.));
#690=CARTESIAN_POINT('Ctrl Pts',(18.2247040551973,129.119465236609,2.5));
#691=CARTESIAN_POINT('Ctrl Pts',(18.3025336521785,129.038648561612,2.5));
#692=CARTESIAN_POINT('Ctrl Pts',(18.4565492026146,128.87872193772,2.50115195474599));
#693=CARTESIAN_POINT('Ctrl Pts',(18.6858029936101,128.640669450782,2.57487774494878));
#694=CARTESIAN_POINT('Ctrl Pts',(18.9045947376715,128.413480541194,2.75144711874149));
#695=CARTESIAN_POINT('Ctrl Pts',(19.0909275366471,128.219996341864,3.01988384779301));
#696=CARTESIAN_POINT('Ctrl Pts',(19.2130661230475,128.093170110911,3.33515486470525));
#697=CARTESIAN_POINT('Ctrl Pts',(19.264506374811,128.03975559677,3.6658057275325));
#698=CARTESIAN_POINT('Ctrl Pts',(19.265209121784,128.039025878566,3.88780026237179));
#699=CARTESIAN_POINT('Ctrl Pts',(19.265209121784,128.039025878566,4.));
#700=CARTESIAN_POINT('Origin',(14.7563538332416,132.720929763417,4.));
#701=CARTESIAN_POINT('Origin',(14.7563538332416,132.720929763417,2.5));
#702=CARTESIAN_POINT('Ctrl Pts',(18.2247040551973,129.119465236609,2.5));
#703=CARTESIAN_POINT('Ctrl Pts',(19.1002863154784,129.962684961302,2.5));
#704=CARTESIAN_POINT('Ctrl Pts',(21.1329657598332,131.338898260357,2.5));
#705=CARTESIAN_POINT('Ctrl Pts',(25.7028797733276,133.068128246183,2.5));
#706=CARTESIAN_POINT('Ctrl Pts',(31.8591040238575,133.587227553978,2.5));
#707=CARTESIAN_POINT('Ctrl Pts',(38.9925070496805,131.493430059342,2.5));
#708=CARTESIAN_POINT('Ctrl Pts',(44.7836261736445,126.867542173883,2.5));
#709=CARTESIAN_POINT('Ctrl Pts',(48.8900319417368,120.768348824019,2.5));
#710=CARTESIAN_POINT('Ctrl Pts',(51.5992768679488,113.966674060973,2.5));
#711=CARTESIAN_POINT('Ctrl Pts',(52.4532156532478,109.136117986785,2.5));
#712=CARTESIAN_POINT('Ctrl Pts',(52.4463731518077,106.704943707822,2.5));
#713=CARTESIAN_POINT('Ctrl Pts',(18.3025336521785,129.038648561612,2.5));
#714=CARTESIAN_POINT('Ctrl Pts',(19.1686618081618,129.872763616664,2.5));
#715=CARTESIAN_POINT('Ctrl Pts',(21.1839354100874,131.237864632956,2.5));
#716=CARTESIAN_POINT('Ctrl Pts',(25.7254448325132,132.956779700812,2.5));
#717=CARTESIAN_POINT('Ctrl Pts',(31.8485016925345,133.47292201158,2.5));
#718=CARTESIAN_POINT('Ctrl Pts',(38.9387651982227,131.391486094517,2.5));
#719=CARTESIAN_POINT('Ctrl Pts',(44.6983450725043,126.791987629666,2.5));
#720=CARTESIAN_POINT('Ctrl Pts',(48.789658259582,120.716522310489,2.5));
#721=CARTESIAN_POINT('Ctrl Pts',(51.4909291087715,113.935143499649,2.5));
#722=CARTESIAN_POINT('Ctrl Pts',(52.3409762422172,109.12217972447,2.5));
#723=CARTESIAN_POINT('Ctrl Pts',(52.334173858562,106.705259490952,2.5));
#724=CARTESIAN_POINT('Ctrl Pts',(18.4565491581012,128.878721983941,2.50115213973951));
#725=CARTESIAN_POINT('Ctrl Pts',(19.3039458979346,129.694797957704,2.50115213973951));
#726=CARTESIAN_POINT('Ctrl Pts',(21.2847793248976,131.037903321265,2.50115213973951));
#727=CARTESIAN_POINT('Ctrl Pts',(25.7700765809858,132.736392324728,2.50115213973951));
#728=CARTESIAN_POINT('Ctrl Pts',(31.8275100867984,133.246703204442,2.50115213973951));
#729=CARTESIAN_POINT('Ctrl Pts',(38.8323849571042,131.189714713078,2.50115213973951));
#730=CARTESIAN_POINT('Ctrl Pts',(44.5295644975097,126.642474358778,2.50115213973951));
#731=CARTESIAN_POINT('Ctrl Pts',(48.5910041614315,120.61395543445,2.50115213973951));
#732=CARTESIAN_POINT('Ctrl Pts',(51.2765127150359,113.872755704445,2.50115213973951));
#733=CARTESIAN_POINT('Ctrl Pts',(52.1188677141282,109.094563082494,2.50115213973951));
#734=CARTESIAN_POINT('Ctrl Pts',(52.1121448158369,106.705884388171,2.50115213973951));
#735=CARTESIAN_POINT('Ctrl Pts',(18.6858028928121,128.640669555449,2.57487788334156));
#736=CARTESIAN_POINT('Ctrl Pts',(19.5053294851075,129.429905494642,2.57487788334156));
#737=CARTESIAN_POINT('Ctrl Pts',(21.434896327512,130.740273060683,2.57487788334156));
#738=CARTESIAN_POINT('Ctrl Pts',(25.8365226430759,132.408364887029,2.57487788334156));
#739=CARTESIAN_POINT('Ctrl Pts',(31.7962694409227,132.909985270081,2.57487788334156));
#740=CARTESIAN_POINT('Ctrl Pts',(38.6740530408738,130.889394579527,2.57487788334156));
#741=CARTESIAN_POINT('Ctrl Pts',(44.2783427956461,126.419922158467,2.57487788334156));
#742=CARTESIAN_POINT('Ctrl Pts',(48.2953190537147,120.4612878476,2.57487788334156));
#743=CARTESIAN_POINT('Ctrl Pts',(50.9573562810361,113.779886977587,2.57487788334156));
#744=CARTESIAN_POINT('Ctrl Pts',(51.7882568345259,109.053473154892,2.57487788334156));
#745=CARTESIAN_POINT('Ctrl Pts',(51.7816522011222,106.706814554392,2.57487788334156));
#746=CARTESIAN_POINT('Ctrl Pts',(18.9045946347451,128.413480648071,2.75144745094259));
#747=CARTESIAN_POINT('Ctrl Pts',(19.6975254007885,129.177103773588,2.75144745094259));
#748=CARTESIAN_POINT('Ctrl Pts',(21.5781647865517,130.456228153603,2.75144745094259));
#749=CARTESIAN_POINT('Ctrl Pts',(25.8999387932721,132.095311495756,2.75144745094259));
#750=CARTESIAN_POINT('Ctrl Pts',(31.7664556327605,132.588635802899,2.75144745094259));
#751=CARTESIAN_POINT('Ctrl Pts',(38.522950000755,130.602783481828,2.75144745094258));
#752=CARTESIAN_POINT('Ctrl Pts',(44.0385876907723,126.207526107412,2.75144745094258));
#753=CARTESIAN_POINT('Ctrl Pts',(48.0131303964738,120.315588148822,2.75144745094258));
#754=CARTESIAN_POINT('Ctrl Pts',(50.6527655283693,113.691255512749,2.75144745094259));
#755=CARTESIAN_POINT('Ctrl Pts',(51.4727333908571,109.014262085818,2.75144745094259));
#756=CARTESIAN_POINT('Ctrl Pts',(51.4662416148537,106.707702272483,2.75144745094259));
#757=CARTESIAN_POINT('Ctrl Pts',(19.0909273867628,128.219996497501,3.01988399058626));
#758=CARTESIAN_POINT('Ctrl Pts',(19.861214145048,128.961812564043,3.01988399058626));
#759=CARTESIAN_POINT('Ctrl Pts',(21.7001836810512,130.214330419155,3.01988399058626));
#760=CARTESIAN_POINT('Ctrl Pts',(25.9539526929108,131.828712650078,3.01988399058626));
#761=CARTESIAN_POINT('Ctrl Pts',(31.7410678033461,132.314966217744,3.01988399058626));
#762=CARTESIAN_POINT('Ctrl Pts',(38.3942724626715,130.358702594187,3.01988399058626));
#763=CARTESIAN_POINT('Ctrl Pts',(43.8344068574027,126.026640161757,3.01988399058626));
#764=CARTESIAN_POINT('Ctrl Pts',(47.7728131862411,120.191506085412,3.01988399058626));
#765=CARTESIAN_POINT('Ctrl Pts',(50.3933649854405,113.61577101857,3.01988399058626));
#766=CARTESIAN_POINT('Ctrl Pts',(51.204019657285,108.980877514119,3.01988399058626));
#767=CARTESIAN_POINT('Ctrl Pts',(51.1976239694356,106.708458292585,3.01988399058626));
#768=CARTESIAN_POINT('Ctrl Pts',(19.2130658565044,128.093170387684,3.33515485114093));
#769=CARTESIAN_POINT('Ctrl Pts',(19.9684818832508,128.820665362168,3.33515485114093));
#770=CARTESIAN_POINT('Ctrl Pts',(21.7801422022753,130.055735979844,3.33515485114093));
#771=CARTESIAN_POINT('Ctrl Pts',(25.9893314138945,131.65390981479,3.33515485114093));
#772=CARTESIAN_POINT('Ctrl Pts',(31.7244131970396,132.135553157409,3.33515485114093));
#773=CARTESIAN_POINT('Ctrl Pts',(38.3098877088767,130.198666609966,3.33515485114093));
#774=CARTESIAN_POINT('Ctrl Pts',(43.7005455151628,125.908072211501,3.33515485114093));
#775=CARTESIAN_POINT('Ctrl Pts',(47.6152562961752,120.110161835793,3.33515485114093));
#776=CARTESIAN_POINT('Ctrl Pts',(50.2233205397114,113.566301074252,3.33515485114093));
#777=CARTESIAN_POINT('Ctrl Pts',(51.0278815069764,108.958952327272,3.33515485114093));
#778=CARTESIAN_POINT('Ctrl Pts',(51.0215489219645,106.708953853013,3.33515485114093));
#779=CARTESIAN_POINT('Ctrl Pts',(19.2645062084522,128.039755769514,3.6658057350285));
#780=CARTESIAN_POINT('Ctrl Pts',(20.0136947200826,128.761253405061,3.6658057350285));
#781=CARTESIAN_POINT('Ctrl Pts',(21.8138472965483,129.98898482592,3.6658057350285));
#782=CARTESIAN_POINT('Ctrl Pts',(26.004265535927,131.580354108074,3.6658057350285));
#783=CARTESIAN_POINT('Ctrl Pts',(31.7174157244112,132.060024561865,3.6658057350285));
#784=CARTESIAN_POINT('Ctrl Pts',(38.2743967990036,130.131321712078,3.6658057350285));
#785=CARTESIAN_POINT('Ctrl Pts',(43.6441980733045,125.858135360575,3.6658057350285));
#786=CARTESIAN_POINT('Ctrl Pts',(47.548940163971,120.075915553518,3.6658057350285));
#787=CARTESIAN_POINT('Ctrl Pts',(50.1517179994887,113.545454566745,3.6658057350285));
#788=CARTESIAN_POINT('Ctrl Pts',(50.95369857296,108.949771754184,3.6658057350285));
#789=CARTESIAN_POINT('Ctrl Pts',(50.9473924139429,106.709162565328,3.6658057350285));
#790=CARTESIAN_POINT('Ctrl Pts',(19.2652091217839,128.039025878566,3.88780026237179));
#791=CARTESIAN_POINT('Ctrl Pts',(20.014288383995,128.760418302679,3.88780026237179));
#792=CARTESIAN_POINT('Ctrl Pts',(21.8142878459577,129.988043344252,3.88780026237179));
#793=CARTESIAN_POINT('Ctrl Pts',(26.0044465638217,131.579304785313,3.88780026237179));
#794=CARTESIAN_POINT('Ctrl Pts',(31.7173086430458,132.058969523053,3.88780026237179));
#795=CARTESIAN_POINT('Ctrl Pts',(38.2738785446372,130.130363012994,3.88780026237179));
#796=CARTESIAN_POINT('Ctrl Pts',(43.6434075865445,125.857453178415,3.88780026237179));
#797=CARTESIAN_POINT('Ctrl Pts',(47.5480059579207,120.075438744411,3.88780026237179));
#798=CARTESIAN_POINT('Ctrl Pts',(50.1507299895139,113.545177555577,3.88780026237179));
#799=CARTESIAN_POINT('Ctrl Pts',(50.9526847881885,108.949609889743,3.88780026237179));
#800=CARTESIAN_POINT('Ctrl Pts',(50.9463790927632,106.709165417305,3.88780026237179));
#801=CARTESIAN_POINT('Ctrl Pts',(19.2652091217839,128.039025878566,4.));
#802=CARTESIAN_POINT('Ctrl Pts',(20.0143022472405,128.760431653523,4.));
#803=CARTESIAN_POINT('Ctrl Pts',(21.8142993360549,129.98806019173,4.));
#804=CARTESIAN_POINT('Ctrl Pts',(26.0044597891485,131.579330161827,4.));
#805=CARTESIAN_POINT('Ctrl Pts',(31.7173152228917,132.058982706606,4.));
#806=CARTESIAN_POINT('Ctrl Pts',(38.2738976492093,130.13038508608,4.));
#807=CARTESIAN_POINT('Ctrl Pts',(43.6434193645862,125.857453071431,4.));
#808=CARTESIAN_POINT('Ctrl Pts',(47.5480220413092,120.075443822066,4.));
#809=CARTESIAN_POINT('Ctrl Pts',(50.1507354927529,113.545173050604,4.));
#810=CARTESIAN_POINT('Ctrl Pts',(50.9526848470161,108.949630791494,4.));
#811=CARTESIAN_POINT('Ctrl Pts',(50.9463790927632,106.709165417305,4.));
#812=CARTESIAN_POINT('Ctrl Pts',(50.9463790927632,106.709165417305,4.));
#813=CARTESIAN_POINT('Ctrl Pts',(50.9526848470161,108.949630791494,4.));
#814=CARTESIAN_POINT('Ctrl Pts',(50.1507354927529,113.545173050604,4.));
#815=CARTESIAN_POINT('Ctrl Pts',(47.5480220413092,120.075443822066,4.));
#816=CARTESIAN_POINT('Ctrl Pts',(43.6434193645862,125.857453071431,4.));
#817=CARTESIAN_POINT('Ctrl Pts',(38.2738976492093,130.13038508608,4.));
#818=CARTESIAN_POINT('Ctrl Pts',(31.7173152228917,132.058982706606,4.));
#819=CARTESIAN_POINT('Ctrl Pts',(26.0044597891485,131.579330161827,4.));
#820=CARTESIAN_POINT('Ctrl Pts',(21.8142993360549,129.98806019173,4.));
#821=CARTESIAN_POINT('Ctrl Pts',(20.0143022472405,128.760431653523,4.));
#822=CARTESIAN_POINT('Ctrl Pts',(19.2652091217839,128.039025878566,4.));
#823=CARTESIAN_POINT('Ctrl Pts',(18.2247040551973,129.119465236609,2.5));
#824=CARTESIAN_POINT('Ctrl Pts',(19.1002863154784,129.962684961302,2.5));
#825=CARTESIAN_POINT('Ctrl Pts',(21.1329657598332,131.338898260357,2.5));
#826=CARTESIAN_POINT('Ctrl Pts',(25.7028797733276,133.068128246183,2.5));
#827=CARTESIAN_POINT('Ctrl Pts',(31.8591040238575,133.587227553978,2.5));
#828=CARTESIAN_POINT('Ctrl Pts',(38.9925070496805,131.493430059342,2.5));
#829=CARTESIAN_POINT('Ctrl Pts',(44.7836261736445,126.867542173883,2.5));
#830=CARTESIAN_POINT('Ctrl Pts',(48.8900319417368,120.768348824019,2.5));
#831=CARTESIAN_POINT('Ctrl Pts',(51.5992768679488,113.966674060973,2.5));
#832=CARTESIAN_POINT('Ctrl Pts',(52.4532156532478,109.136117986785,2.5));
#833=CARTESIAN_POINT('Ctrl Pts',(52.4463731518077,106.704943707822,2.5));
#834=CARTESIAN_POINT('Ctrl Pts',(19.265209121784,128.039025878566,2.5));
#835=CARTESIAN_POINT('Ctrl Pts',(19.265209121784,128.039025878566,6.5));
#836=CARTESIAN_POINT('Ctrl Pts',(19.5314673672748,128.295442910574,2.5));
#837=CARTESIAN_POINT('Ctrl Pts',(19.5314673672748,128.295442910574,6.5));
#838=CARTESIAN_POINT('Ctrl Pts',(20.1037858448709,128.793219682581,2.5));
#839=CARTESIAN_POINT('Ctrl Pts',(20.1037858448709,128.793219682581,6.5));
#840=CARTESIAN_POINT('Ctrl Pts',(21.0816664630307,129.494711883982,2.5));
#841=CARTESIAN_POINT('Ctrl Pts',(21.0816664630307,129.494711883982,6.5));
#842=CARTESIAN_POINT('Ctrl Pts',(22.6222152232666,130.331572429491,2.5));
#843=CARTESIAN_POINT('Ctrl Pts',(22.6222152232666,130.331572429491,6.5));
#844=CARTESIAN_POINT('Ctrl Pts',(24.922355332809,131.160783633777,2.5));
#845=CARTESIAN_POINT('Ctrl Pts',(24.922355332809,131.160783633777,6.5));
#846=CARTESIAN_POINT('Ctrl Pts',(27.5569711023463,131.695879836005,2.5));
#847=CARTESIAN_POINT('Ctrl Pts',(27.5569711023463,131.695879836005,6.5));
#848=CARTESIAN_POINT('Ctrl Pts',(30.4587690032753,131.842829570694,2.5));
#849=CARTESIAN_POINT('Ctrl Pts',(30.4587690032753,131.842829570694,6.5));
#850=CARTESIAN_POINT('Ctrl Pts',(33.5268102463207,131.49965805872,2.5));
#851=CARTESIAN_POINT('Ctrl Pts',(33.5268102463207,131.49965805872,6.5));
#852=CARTESIAN_POINT('Ctrl Pts',(36.6410172243907,130.573400077278,2.5));
#853=CARTESIAN_POINT('Ctrl Pts',(36.6410172243907,130.573400077278,6.5));
#854=CARTESIAN_POINT('Ctrl Pts',(39.6738743819956,128.997570192556,2.5));
#855=CARTESIAN_POINT('Ctrl Pts',(39.6738743819956,128.997570192556,6.5));
#856=CARTESIAN_POINT('Ctrl Pts',(42.5027837849861,126.75250298605,2.5));
#857=CARTESIAN_POINT('Ctrl Pts',(42.5027837849861,126.75250298605,6.5));
#858=CARTESIAN_POINT('Ctrl Pts',(45.0219430664003,123.886722565776,2.5));
#859=CARTESIAN_POINT('Ctrl Pts',(45.0219430664003,123.886722565776,6.5));
#860=CARTESIAN_POINT('Ctrl Pts',(47.1564747960787,120.545366233587,2.5));
#861=CARTESIAN_POINT('Ctrl Pts',(47.1564747960787,120.545366233587,6.5));
#862=CARTESIAN_POINT('Ctrl Pts',(48.8557354670125,116.933278309153,2.5));
#863=CARTESIAN_POINT('Ctrl Pts',(48.8557354670125,116.933278309153,6.5));
#864=CARTESIAN_POINT('Ctrl Pts',(50.0866479817381,113.276004790347,2.5));
#865=CARTESIAN_POINT('Ctrl Pts',(50.0866479817381,113.276004790347,6.5));
#866=CARTESIAN_POINT('Ctrl Pts',(50.6805381346348,110.482037293335,2.5));
#867=CARTESIAN_POINT('Ctrl Pts',(50.6805381346348,110.482037293335,6.5));
#868=CARTESIAN_POINT('Ctrl Pts',(50.9012423901885,108.531510661892,2.5));
#869=CARTESIAN_POINT('Ctrl Pts',(50.9012423901885,108.531510661892,6.5));
#870=CARTESIAN_POINT('Ctrl Pts',(50.9480543873908,107.304405804772,2.5));
#871=CARTESIAN_POINT('Ctrl Pts',(50.9480543873908,107.304405804772,6.5));
#872=CARTESIAN_POINT('Ctrl Pts',(50.9463790927632,106.709165417305,2.5));
#873=CARTESIAN_POINT('Ctrl Pts',(50.9463790927632,106.709165417305,6.5));
#874=CARTESIAN_POINT('',(50.9463790927632,106.709165417305,5.));
#875=CARTESIAN_POINT('',(50.9463790927632,106.709165417305,2.5));
#876=CARTESIAN_POINT('',(19.265209121784,128.039025878566,5.));
#877=CARTESIAN_POINT('Ctrl Pts',(19.265209121784,128.039025878566,5.));
#878=CARTESIAN_POINT('Ctrl Pts',(20.0143022472406,128.760431653523,5.));
#879=CARTESIAN_POINT('Ctrl Pts',(21.8142985663094,129.988055875887,5.));
#880=CARTESIAN_POINT('Ctrl Pts',(26.004457665038,131.579329768265,5.));
#881=CARTESIAN_POINT('Ctrl Pts',(31.717314204126,132.058983252473,5.));
#882=CARTESIAN_POINT('Ctrl Pts',(38.2738983129062,130.130390012056,5.));
#883=CARTESIAN_POINT('Ctrl Pts',(43.6434124283972,125.857455176944,5.));
#884=CARTESIAN_POINT('Ctrl Pts',(47.548019951036,120.075439835408,5.));
#885=CARTESIAN_POINT('Ctrl Pts',(50.1507441835335,113.545158327035,5.));
#886=CARTESIAN_POINT('Ctrl Pts',(50.9526848470161,108.949630791494,5.));
#887=CARTESIAN_POINT('Ctrl Pts',(50.9463790927632,106.709165417305,5.));
#888=CARTESIAN_POINT('',(19.265209121784,128.039025878566,2.5));
#889=CARTESIAN_POINT('Origin',(57.446353348623,106.690871342877,2.5));
#890=CARTESIAN_POINT('',(62.9663446640515,110.123027498648,5.));
#891=CARTESIAN_POINT('',(62.9663446640515,110.123027498648,2.5));
#892=CARTESIAN_POINT('Origin',(57.446353348623,106.690871342877,5.));
#893=CARTESIAN_POINT('Origin',(36.1013535909323,119.705900553147,2.5));
#894=CARTESIAN_POINT('',(53.946353348623,106.690871342877,2.5));
#895=CARTESIAN_POINT('Origin',(57.446353348623,106.690871342877,2.5));
#896=CARTESIAN_POINT('',(11.2563538332416,132.720929763417,2.5));
#897=CARTESIAN_POINT('Origin',(14.7563538332416,132.720929763417,2.5));
#898=CARTESIAN_POINT('Ctrl Pts',(19.265209121784,128.039025878566,5.));
#899=CARTESIAN_POINT('Ctrl Pts',(20.0143022472406,128.760431653523,5.));
#900=CARTESIAN_POINT('Ctrl Pts',(21.8142985663094,129.988055875887,5.));
#901=CARTESIAN_POINT('Ctrl Pts',(26.004457665038,131.579329768265,5.));
#902=CARTESIAN_POINT('Ctrl Pts',(31.717314204126,132.058983252473,5.));
#903=CARTESIAN_POINT('Ctrl Pts',(38.2738983129062,130.130390012056,5.));
#904=CARTESIAN_POINT('Ctrl Pts',(43.6434124283972,125.857455176944,5.));
#905=CARTESIAN_POINT('Ctrl Pts',(47.548019951036,120.075439835408,5.));
#906=CARTESIAN_POINT('Ctrl Pts',(50.1507441835335,113.545158327035,5.));
#907=CARTESIAN_POINT('Ctrl Pts',(50.9526848470161,108.949630791494,5.));
#908=CARTESIAN_POINT('Ctrl Pts',(50.9463790927632,106.709165417305,5.));
#909=CARTESIAN_POINT('Ctrl Pts',(19.265209121784,128.039025878566,5.11219973762821));
#910=CARTESIAN_POINT('Ctrl Pts',(20.014288594989,128.760418505875,5.11219973762821));
#911=CARTESIAN_POINT('Ctrl Pts',(21.8142871466045,129.988039128411,5.11219973762821));
#912=CARTESIAN_POINT('Ctrl Pts',(26.0044444837989,131.579304539294,5.11219973762821));
#913=CARTESIAN_POINT('Ctrl Pts',(31.7173074918357,132.05896992019,5.11219973762821));
#914=CARTESIAN_POINT('Ctrl Pts',(38.2738792356823,130.13036802174,5.11219973762821));
#915=CARTESIAN_POINT('Ctrl Pts',(43.6434005271374,125.857455133234,5.11219973762821));
#916=CARTESIAN_POINT('Ctrl Pts',(47.548003897496,120.075434756576,5.11219973762821));
#917=CARTESIAN_POINT('Ctrl Pts',(50.1507385993085,113.545162689022,5.11219973762821));
#918=CARTESIAN_POINT('Ctrl Pts',(50.9526847890838,108.949610207861,5.11219973762821));
#919=CARTESIAN_POINT('Ctrl Pts',(50.9463790927632,106.709165417305,5.11219973762821));
#920=CARTESIAN_POINT('Ctrl Pts',(19.2644098854274,128.039855789389,5.3342296436695));
#921=CARTESIAN_POINT('Ctrl Pts',(20.0135979834596,128.761353026625,5.3342296436695));
#922=CARTESIAN_POINT('Ctrl Pts',(21.8137733871134,129.989090802987,5.3342296436695));
#923=CARTESIAN_POINT('Ctrl Pts',(26.0042239024546,131.580469309387,5.3342296436695));
#924=CARTESIAN_POINT('Ctrl Pts',(31.7174220451228,132.060155000478,5.3342296436695));
#925=CARTESIAN_POINT('Ctrl Pts',(38.2744472394892,130.131433479878,5.3342296436695));
#926=CARTESIAN_POINT('Ctrl Pts',(43.6442863417625,125.85823104783,5.3342296436695));
#927=CARTESIAN_POINT('Ctrl Pts',(47.5490482101275,120.075971259229,5.3342296436695));
#928=CARTESIAN_POINT('Ctrl Pts',(50.1518559511682,113.545482791063,5.3342296436695));
#929=CARTESIAN_POINT('Ctrl Pts',(50.9538374306585,108.94977073978,5.3342296436695));
#930=CARTESIAN_POINT('Ctrl Pts',(50.9475312733965,106.709162174511,5.3342296436695));
#931=CARTESIAN_POINT('Ctrl Pts',(19.2132685533667,128.092959911373,5.66472354745578));
#932=CARTESIAN_POINT('Ctrl Pts',(19.968682927283,128.820453294117,5.66472354745578));
#933=CARTESIAN_POINT('Ctrl Pts',(21.7802931518835,130.055496474456,5.66472354745578));
#934=CARTESIAN_POINT('Ctrl Pts',(25.9894100095282,131.653661683972,5.66472354745578));
#935=CARTESIAN_POINT('Ctrl Pts',(31.7243959007661,132.135278211068,5.66472354745578));
#936=CARTESIAN_POINT('Ctrl Pts',(38.3097802939177,130.198442947908,5.66472354745578));
#937=CARTESIAN_POINT('Ctrl Pts',(43.7003361469096,125.907877753767,5.66472354745578));
#938=CARTESIAN_POINT('Ctrl Pts',(47.6150196272962,120.110031373761,5.66472354745578));
#939=CARTESIAN_POINT('Ctrl Pts',(50.2230564806075,113.566196843656,5.66472354745578));
#940=CARTESIAN_POINT('Ctrl Pts',(51.0275892917853,108.958950657699,5.66472354745578));
#941=CARTESIAN_POINT('Ctrl Pts',(51.0212567137871,106.708954675428,5.66472354745578));
#942=CARTESIAN_POINT('Ctrl Pts',(19.0907875006925,128.220141752359,5.98013538190607));
#943=CARTESIAN_POINT('Ctrl Pts',(19.8610761736462,128.961959662801,5.98013538190607));
#944=CARTESIAN_POINT('Ctrl Pts',(21.7000783547474,130.214489092977,5.98013538190607));
#945=CARTESIAN_POINT('Ctrl Pts',(25.9538953952093,131.828884938553,5.98013538190607));
#946=CARTESIAN_POINT('Ctrl Pts',(31.7410795964679,132.31515825983,5.98013538190607));
#947=CARTESIAN_POINT('Ctrl Pts',(38.3943491044968,130.358867292771,5.98013538190607));
#948=CARTESIAN_POINT('Ctrl Pts',(43.8345402121853,126.026779128579,5.98013538190607));
#949=CARTESIAN_POINT('Ctrl Pts',(47.7729741251799,120.191589835486,5.98013538190607));
#950=CARTESIAN_POINT('Ctrl Pts',(50.3935630836673,113.615817941063,5.98013538190607));
#951=CARTESIAN_POINT('Ctrl Pts',(51.2042213254316,108.980879833314,5.98013538190607));
#952=CARTESIAN_POINT('Ctrl Pts',(51.1978256294575,106.708457725016,5.98013538190607));
#953=CARTESIAN_POINT('Ctrl Pts',(18.9045811464245,128.413494654069,6.24875407487009));
#954=CARTESIAN_POINT('Ctrl Pts',(19.6975128172971,129.177118650973,6.24875407487009));
#955=CARTESIAN_POINT('Ctrl Pts',(21.5781537620179,130.456240055899,6.24875407487009));
#956=CARTESIAN_POINT('Ctrl Pts',(25.8999317544065,132.095329636481,6.2487540748701));
#957=CARTESIAN_POINT('Ctrl Pts',(31.7664582511157,132.588656658576,6.24875407487009));
#958=CARTESIAN_POINT('Ctrl Pts',(38.522959602773,130.602806332455,6.24875407487009));
#959=CARTESIAN_POINT('Ctrl Pts',(44.0385948832121,126.207543440459,6.2487540748701));
#960=CARTESIAN_POINT('Ctrl Pts',(48.0131453323519,120.31559318988,6.24875407487009));
#961=CARTESIAN_POINT('Ctrl Pts',(50.6527942455122,113.691246731796,6.2487540748701));
#962=CARTESIAN_POINT('Ctrl Pts',(51.4727528394849,109.014263395311,6.24875407487009));
#963=CARTESIAN_POINT('Ctrl Pts',(51.4662610596419,106.707702217756,6.24875407487009));
#964=CARTESIAN_POINT('Ctrl Pts',(18.6858872210692,128.640581990697,6.42482977884133));
#965=CARTESIAN_POINT('Ctrl Pts',(19.5054123492162,129.429816519858,6.42482977884133));
#966=CARTESIAN_POINT('Ctrl Pts',(21.4349568193413,130.740169400807,6.42482977884133));
#967=CARTESIAN_POINT('Ctrl Pts',(25.8365529544725,132.408261000749,6.42482977884133));
#968=CARTESIAN_POINT('Ctrl Pts',(31.7962646992899,132.909872460396,6.42482977884133));
#969=CARTESIAN_POINT('Ctrl Pts',(38.6740087618774,130.889305477921,6.42482977884134));
#970=CARTESIAN_POINT('Ctrl Pts',(44.2782510634242,126.419845845687,6.42482977884133));
#971=CARTESIAN_POINT('Ctrl Pts',(48.2952193044599,120.461231477672,6.42482977884133));
#972=CARTESIAN_POINT('Ctrl Pts',(50.9572536410803,113.779835670159,6.42482977884133));
#973=CARTESIAN_POINT('Ctrl Pts',(51.7881352605392,109.053471289532,6.42482977884133));
#974=CARTESIAN_POINT('Ctrl Pts',(51.7815306333484,106.706814896543,6.42482977884133));
#975=CARTESIAN_POINT('Ctrl Pts',(18.4565246043068,128.878747480104,6.4989866159087));
#976=CARTESIAN_POINT('Ctrl Pts',(19.3039213681502,129.694823476988,6.4989866159087));
#977=CARTESIAN_POINT('Ctrl Pts',(21.2847581881784,131.037926370928,6.4989866159087));
#978=CARTESIAN_POINT('Ctrl Pts',(25.7700638170338,132.736422919366,6.4989866159087));
#979=CARTESIAN_POINT('Ctrl Pts',(31.8275158009778,133.246739647456,6.4989866159087));
#980=CARTESIAN_POINT('Ctrl Pts',(38.832399896016,131.189750259568,6.4989866159087));
#981=CARTESIAN_POINT('Ctrl Pts',(44.529581858614,126.642505079234,6.4989866159087));
#982=CARTESIAN_POINT('Ctrl Pts',(48.5910313631718,120.613967411752,6.4989866159087));
#983=CARTESIAN_POINT('Ctrl Pts',(51.2765578499726,113.87275241959,6.4989866159087));
#984=CARTESIAN_POINT('Ctrl Pts',(52.1189031110261,109.09456301907,6.4989866159087));
#985=CARTESIAN_POINT('Ctrl Pts',(52.112180212633,106.705884288547,6.4989866159087));
#986=CARTESIAN_POINT('Ctrl Pts',(18.3025336521785,129.038648561612,6.49999999999999));
#987=CARTESIAN_POINT('Ctrl Pts',(19.1686618186213,129.872763626737,6.49999999999999));
#988=CARTESIAN_POINT('Ctrl Pts',(21.183932558666,131.237859383244,6.49999999999999));
#989=CARTESIAN_POINT('Ctrl Pts',(25.7254420281331,132.956781059278,6.5));
#990=CARTESIAN_POINT('Ctrl Pts',(31.8485065926977,133.47292603536,6.49999999999999));
#991=CARTESIAN_POINT('Ctrl Pts',(38.9387677771013,131.391495038066,6.49999999999999));
#992=CARTESIAN_POINT('Ctrl Pts',(44.6983383055184,126.791995530806,6.5));
#993=CARTESIAN_POINT('Ctrl Pts',(48.7896576345576,120.716519228258,6.49999999999999));
#994=CARTESIAN_POINT('Ctrl Pts',(51.4909420431617,113.935129470493,6.5));
#995=CARTESIAN_POINT('Ctrl Pts',(52.3409762422616,109.12217974024,6.49999999999999));
#996=CARTESIAN_POINT('Ctrl Pts',(52.334173858562,106.705259490952,6.49999999999999));
#997=CARTESIAN_POINT('Ctrl Pts',(18.2247040551973,129.119465236609,6.49999999999999));
#998=CARTESIAN_POINT('Ctrl Pts',(19.1002863154784,129.962684961302,6.49999999999999));
#999=CARTESIAN_POINT('Ctrl Pts',(21.1329626705965,131.338892831364,6.49999999999999));
#1000=CARTESIAN_POINT('Ctrl Pts',(25.702876812671,133.068129588201,6.5));
#1001=CARTESIAN_POINT('Ctrl Pts',(31.8591092632902,133.587231647058,6.49999999999999));
#1002=CARTESIAN_POINT('Ctrl Pts',(38.9925096161756,131.493439163955,6.49999999999999));
#1003=CARTESIAN_POINT('Ctrl Pts',(44.7836192366073,126.867550457857,6.5));
#1004=CARTESIAN_POINT('Ctrl Pts',(48.8900312983263,120.768345765601,6.49999999999999));
#1005=CARTESIAN_POINT('Ctrl Pts',(51.5992900460973,113.966660048789,6.49999999999999));
#1006=CARTESIAN_POINT('Ctrl Pts',(52.4532156532478,109.136117986785,6.49999999999999));
#1007=CARTESIAN_POINT('Ctrl Pts',(52.4463731518077,106.704943707822,6.49999999999999));
#1008=CARTESIAN_POINT('',(52.4463731518077,106.704943707822,6.49999999999999));
#1009=CARTESIAN_POINT('Ctrl Pts',(50.9463790927632,106.709165417305,5.));
#1010=CARTESIAN_POINT('Ctrl Pts',(50.9463790927632,106.709165417305,5.11219973762821));
#1011=CARTESIAN_POINT('Ctrl Pts',(50.9475312733965,106.709162174511,5.3342296436695));
#1012=CARTESIAN_POINT('Ctrl Pts',(51.0212567137871,106.708954675428,5.66472354745578));
#1013=CARTESIAN_POINT('Ctrl Pts',(51.1978256294575,106.708457725016,5.98013538190607));
#1014=CARTESIAN_POINT('Ctrl Pts',(51.4662610596419,106.707702217756,6.24875407487009));
#1015=CARTESIAN_POINT('Ctrl Pts',(51.7815306333484,106.706814896543,6.42482977884133));
#1016=CARTESIAN_POINT('Ctrl Pts',(52.112180212633,106.705884288547,6.4989866159087));
#1017=CARTESIAN_POINT('Ctrl Pts',(52.334173858562,106.705259490952,6.49999999999999));
#1018=CARTESIAN_POINT('Ctrl Pts',(52.4463731518077,106.704943707822,6.49999999999999));
#1019=CARTESIAN_POINT('',(18.2247040551973,129.119465236609,6.49999999999999));
#1020=CARTESIAN_POINT('Ctrl Pts',(52.4463731518077,106.704943707822,6.49999999999999));
#1021=CARTESIAN_POINT('Ctrl Pts',(52.4532156532478,109.136117986785,6.49999999999999));
#1022=CARTESIAN_POINT('Ctrl Pts',(51.5992900460973,113.966660048789,6.49999999999999));
#1023=CARTESIAN_POINT('Ctrl Pts',(48.8900312983263,120.768345765601,6.49999999999999));
#1024=CARTESIAN_POINT('Ctrl Pts',(44.7836192366073,126.867550457857,6.5));
#1025=CARTESIAN_POINT('Ctrl Pts',(38.9925096161756,131.493439163955,6.49999999999999));
#1026=CARTESIAN_POINT('Ctrl Pts',(31.8591092632902,133.587231647058,6.49999999999999));
#1027=CARTESIAN_POINT('Ctrl Pts',(25.702876812671,133.068129588201,6.5));
#1028=CARTESIAN_POINT('Ctrl Pts',(21.1329626705965,131.338892831364,6.49999999999999));
#1029=CARTESIAN_POINT('Ctrl Pts',(19.1002863154784,129.962684961302,6.49999999999999));
#1030=CARTESIAN_POINT('Ctrl Pts',(18.2247040551973,129.119465236609,6.49999999999999));
#1031=CARTESIAN_POINT('Ctrl Pts',(18.2247040551973,129.119465236609,6.49999999999999));
#1032=CARTESIAN_POINT('Ctrl Pts',(18.3025336521785,129.038648561612,6.49999999999999));
#1033=CARTESIAN_POINT('Ctrl Pts',(18.4565246043068,128.878747480104,6.4989866159087));
#1034=CARTESIAN_POINT('Ctrl Pts',(18.6858872210692,128.640581990697,6.42482977884133));
#1035=CARTESIAN_POINT('Ctrl Pts',(18.9045811464245,128.413494654069,6.24875407487009));
#1036=CARTESIAN_POINT('Ctrl Pts',(19.0907875006925,128.220141752359,5.98013538190607));
#1037=CARTESIAN_POINT('Ctrl Pts',(19.2132685533667,128.092959911373,5.66472354745578));
#1038=CARTESIAN_POINT('Ctrl Pts',(19.2644098854274,128.039855789389,5.3342296436695));
#1039=CARTESIAN_POINT('Ctrl Pts',(19.265209121784,128.039025878566,5.11219973762821));
#1040=CARTESIAN_POINT('Ctrl Pts',(19.265209121784,128.039025878566,5.));
#1041=CARTESIAN_POINT('Ctrl Pts',(50.9463790927632,106.709165417305,5.));
#1042=CARTESIAN_POINT('Ctrl Pts',(50.9431552593774,105.563721623716,5.));
#1043=CARTESIAN_POINT('Ctrl Pts',(51.5565731514611,103.273102751259,5.));
#1044=CARTESIAN_POINT('Ctrl Pts',(54.0836704916787,100.766155804497,5.));
#1045=CARTESIAN_POINT('Ctrl Pts',(57.5306228169074,99.8822054023213,5.));
#1046=CARTESIAN_POINT('Ctrl Pts',(60.9547035490728,100.851457238584,5.));
#1047=CARTESIAN_POINT('Ctrl Pts',(63.4183566152949,103.419943237355,5.));
#1048=CARTESIAN_POINT('Ctrl Pts',(64.2550895157087,106.878170270116,5.));
#1049=CARTESIAN_POINT('Ctrl Pts',(63.5711689006567,109.150279062418,5.));
#1050=CARTESIAN_POINT('Ctrl Pts',(62.9663446640516,110.123027498648,5.));
#1051=CARTESIAN_POINT('Ctrl Pts',(50.9463790927632,106.709165417305,5.11219973762821));
#1052=CARTESIAN_POINT('Ctrl Pts',(50.94315517908,105.563693093652,5.11219973762821));
#1053=CARTESIAN_POINT('Ctrl Pts',(51.556533476601,103.27307894549,5.11219973762821));
#1054=CARTESIAN_POINT('Ctrl Pts',(54.0836501702971,100.766076704199,5.11219973762821));
#1055=CARTESIAN_POINT('Ctrl Pts',(57.5306271357724,99.8821356516828,5.11219973762821));
#1056=CARTESIAN_POINT('Ctrl Pts',(60.9547479414381,100.851379933866,5.11219973762821));
#1057=CARTESIAN_POINT('Ctrl Pts',(63.4184027849781,103.419897255598,5.11219973762821));
#1058=CARTESIAN_POINT('Ctrl Pts',(64.2551521290084,106.878177431132,5.11219973762821));
#1059=CARTESIAN_POINT('Ctrl Pts',(63.5711839652756,109.150254833752,5.11219973762821));
#1060=CARTESIAN_POINT('Ctrl Pts',(62.9663446640516,110.123027498648,5.11219973762821));
#1061=CARTESIAN_POINT('Ctrl Pts',(50.947531285189,106.709162174478,5.33422963948328));
#1062=CARTESIAN_POINT('Ctrl Pts',(50.9443080103963,105.563916851716,5.33422963948328));
#1063=CARTESIAN_POINT('Ctrl Pts',(51.557610822574,103.273704773863,5.33422963948328));
#1064=CARTESIAN_POINT('Ctrl Pts',(54.0842633080784,100.767193350597,5.33422963948328));
#1065=CARTESIAN_POINT('Ctrl Pts',(57.530608571283,99.8834011366463,5.33422963948328));
#1066=CARTESIAN_POINT('Ctrl Pts',(60.9540887687537,100.85247995179,5.33422963948328));
#1067=CARTESIAN_POINT('Ctrl Pts',(63.4173054099887,103.420515677288,5.33422963948328));
#1068=CARTESIAN_POINT('Ctrl Pts',(64.2538926252196,106.878138216816,5.33422963948328));
#1069=CARTESIAN_POINT('Ctrl Pts',(63.5700856232808,109.149839222663,5.33422963948328));
#1070=CARTESIAN_POINT('Ctrl Pts',(62.9653661844554,110.122419110957,5.33422963948328));
#1071=CARTESIAN_POINT('Ctrl Pts',(51.0212567226867,106.708954675403,5.66472353811115));
#1072=CARTESIAN_POINT('Ctrl Pts',(51.0180700685086,105.576720836402,5.66472353811115));
#1073=CARTESIAN_POINT('Ctrl Pts',(51.6244421322626,103.312486710672,5.66472353811116));
#1074=CARTESIAN_POINT('Ctrl Pts',(54.1224180725564,100.834447691613,5.66472353811116));
#1075=CARTESIAN_POINT('Ctrl Pts',(57.5296498179664,99.9606752634902,5.66472353811116));
#1076=CARTESIAN_POINT('Ctrl Pts',(60.9142654337048,100.91876554846,5.66472353811115));
#1077=CARTESIAN_POINT('Ctrl Pts',(63.3495370800623,103.457647150844,5.66472353811116));
#1078=CARTESIAN_POINT('Ctrl Pts',(64.1766225499267,106.87600892956,5.66472353811115));
#1079=CARTESIAN_POINT('Ctrl Pts',(63.500605160587,109.121960045045,5.66472353811116));
#1080=CARTESIAN_POINT('Ctrl Pts',(62.9027561249854,110.083490154597,5.66472353811116));
#1081=CARTESIAN_POINT('Ctrl Pts',(51.1978256506385,106.708457724957,5.98013537227008));
#1082=CARTESIAN_POINT('Ctrl Pts',(51.1947264814968,105.607307747956,5.98013537227007));
#1083=CARTESIAN_POINT('Ctrl Pts',(51.7843914470082,103.405302506242,5.98013537227008));
#1084=CARTESIAN_POINT('Ctrl Pts',(54.2137413493267,100.995302324551,5.98013537227008));
#1085=CARTESIAN_POINT('Ctrl Pts',(57.5273654605736,100.14555237822,5.98013537227008));
#1086=CARTESIAN_POINT('Ctrl Pts',(60.8190118395088,101.077304995213,5.98013537227008));
#1087=CARTESIAN_POINT('Ctrl Pts',(63.1873614084879,103.546449517653,5.98013537227008));
#1088=CARTESIAN_POINT('Ctrl Pts',(63.9917356190761,106.870928971663,5.98013537227008));
#1089=CARTESIAN_POINT('Ctrl Pts',(63.3342439452016,109.055124474996,5.98013537227008));
#1090=CARTESIAN_POINT('Ctrl Pts',(62.7528080005002,109.990257149491,5.98013537227008));
#1091=CARTESIAN_POINT('Ctrl Pts',(51.4662610688339,106.707702217731,6.24875406100917));
#1092=CARTESIAN_POINT('Ctrl Pts',(51.4632950772957,105.6538708956,6.24875406100917));
#1093=CARTESIAN_POINT('Ctrl Pts',(52.0276468784356,103.546461096534,6.24875406100918));
#1094=CARTESIAN_POINT('Ctrl Pts',(54.3526232780566,101.240020147478,6.24875406100917));
#1095=CARTESIAN_POINT('Ctrl Pts',(57.523883155925,100.426770858031,6.24875406100918));
#1096=CARTESIAN_POINT('Ctrl Pts',(60.6741021646739,101.31849915209,6.24875406100917));
#1097=CARTESIAN_POINT('Ctrl Pts',(62.9407071007596,103.681554945301,6.24875406100918));
#1098=CARTESIAN_POINT('Ctrl Pts',(63.7105177935766,106.863190349197,6.24875406100917));
#1099=CARTESIAN_POINT('Ctrl Pts',(63.081294298777,108.953568117531,6.24875406100918));
#1100=CARTESIAN_POINT('Ctrl Pts',(62.5248438395873,109.848516238417,6.24875406100918));
#1101=CARTESIAN_POINT('Ctrl Pts',(51.7815306326528,106.706814896545,6.42482975440643));
#1102=CARTESIAN_POINT('Ctrl Pts',(51.7787210538353,105.708557780228,6.42482975440643));
#1103=CARTESIAN_POINT('Ctrl Pts',(52.3133430418168,103.712247596271,6.42482975440644));
#1104=CARTESIAN_POINT('Ctrl Pts',(54.5157359263958,101.527433607597,6.42482975440643));
#1105=CARTESIAN_POINT('Ctrl Pts',(57.5197933169782,100.757053331084,6.42482975440644));
#1106=CARTESIAN_POINT('Ctrl Pts',(60.5039102506283,101.601774180183,6.42482975440643));
#1107=CARTESIAN_POINT('Ctrl Pts',(62.6510190958036,103.840232047532,6.42482975440644));
#1108=CARTESIAN_POINT('Ctrl Pts',(63.3802360456543,106.854101606462,6.42482975440643));
#1109=CARTESIAN_POINT('Ctrl Pts',(62.7842124133919,108.834292992705,6.42482975440644));
#1110=CARTESIAN_POINT('Ctrl Pts',(62.2571065862081,109.682045675366,6.42482975440644));
#1111=CARTESIAN_POINT('Ctrl Pts',(52.1121802132185,106.705884288546,6.49898660063141));
#1112=CARTESIAN_POINT('Ctrl Pts',(52.1095345648867,105.7658724768,6.49898660063141));
#1113=CARTESIAN_POINT('Ctrl Pts',(52.6129208732775,103.886088384955,6.49898660063142));
#1114=CARTESIAN_POINT('Ctrl Pts',(54.6867773105749,101.828757213048,6.49898660063141));
#1115=CARTESIAN_POINT('Ctrl Pts',(57.5155100182622,101.103350372666,6.49898660063142));
#1116=CARTESIAN_POINT('Ctrl Pts',(60.3254780103501,101.898759984082,6.49898660063141));
#1117=CARTESIAN_POINT('Ctrl Pts',(62.3472637957123,104.006585511525,6.49898660063142));
#1118=CARTESIAN_POINT('Ctrl Pts',(63.0339297536162,106.844579525373,6.49898660063142));
#1119=CARTESIAN_POINT('Ctrl Pts',(62.4726589034722,108.709165202051,6.49898660063142));
#1120=CARTESIAN_POINT('Ctrl Pts',(61.9763081181946,109.507454061819,6.49898660063142));
#1121=CARTESIAN_POINT('Ctrl Pts',(52.334173858562,106.705259490952,6.49999999999999));
#1122=CARTESIAN_POINT('Ctrl Pts',(52.3316383813001,105.804392000026,6.49999999999999));
#1123=CARTESIAN_POINT('Ctrl Pts',(52.8141078985129,104.002835453239,6.5));
#1124=CARTESIAN_POINT('Ctrl Pts',(54.801640107527,102.031170515414,6.5));
#1125=CARTESIAN_POINT('Ctrl Pts',(57.5126283335311,101.335945379682,6.5));
#1126=CARTESIAN_POINT('Ctrl Pts',(60.2056200085485,102.098258477371,6.5));
#1127=CARTESIAN_POINT('Ctrl Pts',(62.1432631478929,104.118336171231,6.5));
#1128=CARTESIAN_POINT('Ctrl Pts',(62.801338345857,106.838176686803,6.5));
#1129=CARTESIAN_POINT('Ctrl Pts',(62.2634653955419,108.625189400924,6.5));
#1130=CARTESIAN_POINT('Ctrl Pts',(61.787783833922,109.390235619651,6.50000000000001));
#1131=CARTESIAN_POINT('Ctrl Pts',(52.4463731518077,106.704943707822,6.49999999999999));
#1132=CARTESIAN_POINT('Ctrl Pts',(52.4438932799725,105.823833097369,6.49999999999999));
#1133=CARTESIAN_POINT('Ctrl Pts',(52.91575319696,104.061818580094,6.5));
#1134=CARTESIAN_POINT('Ctrl Pts',(54.8596742278966,102.133397851816,6.5));
#1135=CARTESIAN_POINT('Ctrl Pts',(57.5111760165341,101.453436003988,6.5));
#1136=CARTESIAN_POINT('Ctrl Pts',(60.1450842720459,102.199014339574,6.5));
#1137=CARTESIAN_POINT('Ctrl Pts',(62.0402020152937,104.174772800168,6.5));
#1138=CARTESIAN_POINT('Ctrl Pts',(62.6838427079197,106.834947440753,6.5));
#1139=CARTESIAN_POINT('Ctrl Pts',(62.1577499271105,108.582723434832,6.5));
#1140=CARTESIAN_POINT('Ctrl Pts',(61.6925005143373,109.330991462701,6.5));
#1141=CARTESIAN_POINT('',(61.6925005143373,109.330991462701,6.5));
#1142=CARTESIAN_POINT('Ctrl Pts',(62.9663446640516,110.123027498648,5.));
#1143=CARTESIAN_POINT('Ctrl Pts',(62.9663446640516,110.123027498648,5.11219973762821));
#1144=CARTESIAN_POINT('Ctrl Pts',(62.9653661844554,110.122419110957,5.33422963948328));
#1145=CARTESIAN_POINT('Ctrl Pts',(62.9027561249854,110.083490154597,5.66472353811116));
#1146=CARTESIAN_POINT('Ctrl Pts',(62.7528080005002,109.990257149491,5.98013537227008));
#1147=CARTESIAN_POINT('Ctrl Pts',(62.5248438395873,109.848516238417,6.24875406100918));
#1148=CARTESIAN_POINT('Ctrl Pts',(62.2571065862081,109.682045675366,6.42482975440644));
#1149=CARTESIAN_POINT('Ctrl Pts',(61.9763081181946,109.507454061819,6.49898660063142));
#1150=CARTESIAN_POINT('Ctrl Pts',(61.787783833922,109.390235619651,6.50000000000001));
#1151=CARTESIAN_POINT('Ctrl Pts',(61.6925005143373,109.330991462701,6.5));
#1152=CARTESIAN_POINT('Origin',(57.446353348623,106.690871342877,6.5));
#1153=CARTESIAN_POINT('Ctrl Pts',(62.9663446640515,110.123027498648,5.));
#1154=CARTESIAN_POINT('Ctrl Pts',(61.4620928741745,112.542339569393,5.));
#1155=CARTESIAN_POINT('Ctrl Pts',(58.0557124206858,117.039132418104,5.));
#1156=CARTESIAN_POINT('Ctrl Pts',(52.571501770075,123.304196674284,5.));
#1157=CARTESIAN_POINT('Ctrl Pts',(46.8925642374678,129.360833132055,5.));
#1158=CARTESIAN_POINT('Ctrl Pts',(41.7768624745802,134.249915020149,5.));
#1159=CARTESIAN_POINT('Ctrl Pts',(36.6245298987,137.275915901762,5.));
#1160=CARTESIAN_POINT('Ctrl Pts',(32.9931474693565,138.338809468925,5.));
#1161=CARTESIAN_POINT('Ctrl Pts',(30.0866553535267,138.72704865731,5.));
#1162=CARTESIAN_POINT('Ctrl Pts',(27.2117551952485,138.897666494808,5.));
#1163=CARTESIAN_POINT('Ctrl Pts',(22.3195069951447,138.830103010474,5.));
#1164=CARTESIAN_POINT('Ctrl Pts',(18.3021281583479,138.750052887477,5.));
#1165=CARTESIAN_POINT('Ctrl Pts',(15.7492597670364,139.144646585214,5.));
#1166=CARTESIAN_POINT('Ctrl Pts',(62.9663446640515,110.123027498648,5.11219973762821));
#1167=CARTESIAN_POINT('Ctrl Pts',(61.4620876188095,112.54234802168,5.11219973762821));
#1168=CARTESIAN_POINT('Ctrl Pts',(58.0557141946224,117.039131602451,5.11219973762821));
#1169=CARTESIAN_POINT('Ctrl Pts',(52.5715027512079,123.30419776009,5.11219973762821));
#1170=CARTESIAN_POINT('Ctrl Pts',(46.892573691536,129.360826675474,5.11219973762821));
#1171=CARTESIAN_POINT('Ctrl Pts',(41.7768933057748,134.249902383382,5.11219973762821));
#1172=CARTESIAN_POINT('Ctrl Pts',(36.624533535183,137.275921289545,5.11219973762821));
#1173=CARTESIAN_POINT('Ctrl Pts',(32.9931448403575,138.338815002637,5.11219973762821));
#1174=CARTESIAN_POINT('Ctrl Pts',(30.0866407579339,138.727054591453,5.1121997376282));
#1175=CARTESIAN_POINT('Ctrl Pts',(27.2117330353033,138.897671609739,5.1121997376282));
#1176=CARTESIAN_POINT('Ctrl Pts',(22.3194817462912,138.830106412613,5.11219973762821));
#1177=CARTESIAN_POINT('Ctrl Pts',(18.3021096589706,138.750055746902,5.11219973762821));
#1178=CARTESIAN_POINT('Ctrl Pts',(15.7492597670364,139.144646585214,5.11219973762821));
#1179=CARTESIAN_POINT('Ctrl Pts',(62.965366156306,110.122419093455,5.3342296276746));
#1180=CARTESIAN_POINT('Ctrl Pts',(61.4611509256407,112.541672365439,5.3342296276746));
#1181=CARTESIAN_POINT('Ctrl Pts',(58.0548281016683,117.038394533642,5.3342296276746));
#1182=CARTESIAN_POINT('Ctrl Pts',(52.5706487440436,123.303420298621,5.3342296276746));
#1183=CARTESIAN_POINT('Ctrl Pts',(46.8917372798219,129.360035855294,5.3342296276746));
#1184=CARTESIAN_POINT('Ctrl Pts',(41.7761226985733,134.249018197429,5.3342296276746));
#1185=CARTESIAN_POINT('Ctrl Pts',(36.6240620273348,137.274850246642,5.3342296276746));
#1186=CARTESIAN_POINT('Ctrl Pts',(32.9929081788042,138.337678346253,5.3342296276746));
#1187=CARTESIAN_POINT('Ctrl Pts',(30.08654668467,138.725901438047,5.3342296276746));
#1188=CARTESIAN_POINT('Ctrl Pts',(27.2117391915497,138.896513663742,5.3342296276746));
#1189=CARTESIAN_POINT('Ctrl Pts',(22.3195569933308,138.828954511735,5.3342296276746));
#1190=CARTESIAN_POINT('Ctrl Pts',(18.3020808415615,138.748894288028,5.3342296276746));
#1191=CARTESIAN_POINT('Ctrl Pts',(15.7490837583996,139.143507877505,5.3342296276746));
#1192=CARTESIAN_POINT('Ctrl Pts',(62.9027561037127,110.083490141371,5.66472351180909));
#1193=CARTESIAN_POINT('Ctrl Pts',(61.4009376463948,112.498888644672,5.66472351180909));
#1194=CARTESIAN_POINT('Ctrl Pts',(57.9982253205082,116.991189747381,5.6647235118091));
#1195=CARTESIAN_POINT('Ctrl Pts',(52.5160569298541,123.25373183095,5.66472351180909));
#1196=CARTESIAN_POINT('Ctrl Pts',(46.8387207156748,129.309092582211,5.66472351180909));
#1197=CARTESIAN_POINT('Ctrl Pts',(41.7284504857781,134.191773098514,5.66472351180909));
#1198=CARTESIAN_POINT('Ctrl Pts',(36.59408536221,137.20660507558,5.66472351180909));
#1199=CARTESIAN_POINT('Ctrl Pts',(32.9776258915948,138.265242620851,5.66472351180909));
#1200=CARTESIAN_POINT('Ctrl Pts',(30.0797532401965,138.652431385444,5.66472351180909));
#1201=CARTESIAN_POINT('Ctrl Pts',(27.2109577462218,138.822693505445,5.66472351180909));
#1202=CARTESIAN_POINT('Ctrl Pts',(22.3230325045689,138.755430306039,5.66472351180909));
#1203=CARTESIAN_POINT('Ctrl Pts',(18.2992557535014,138.674729726354,5.66472351180909));
#1204=CARTESIAN_POINT('Ctrl Pts',(15.7378218035916,139.070647391849,5.66472351180909));
#1205=CARTESIAN_POINT('Ctrl Pts',(62.752807949938,109.990257118053,5.98013534510722));
#1206=CARTESIAN_POINT('Ctrl Pts',(61.256715278653,112.39644674864,5.98013534510722));
#1207=CARTESIAN_POINT('Ctrl Pts',(57.8626691534422,116.878134256524,5.98013534510722));
#1208=CARTESIAN_POINT('Ctrl Pts',(52.3853147663792,123.13473323983,5.98013534510721));
#1209=CARTESIAN_POINT('Ctrl Pts',(46.7117743773735,129.187068161052,5.98013534510721));
#1210=CARTESIAN_POINT('Ctrl Pts',(41.6143620894138,134.054639194808,5.98013534510722));
#1211=CARTESIAN_POINT('Ctrl Pts',(36.5223025946981,137.043175812536,5.98013534510722));
#1212=CARTESIAN_POINT('Ctrl Pts',(32.9410183362594,138.091777574886,5.98013534510722));
#1213=CARTESIAN_POINT('Ctrl Pts',(30.0634433364537,138.476490269351,5.98013534510722));
#1214=CARTESIAN_POINT('Ctrl Pts',(27.2090256101133,138.645911661877,5.98013534510722));
#1215=CARTESIAN_POINT('Ctrl Pts',(22.3312871320899,138.579352570375,5.98013534510722));
#1216=CARTESIAN_POINT('Ctrl Pts',(18.2924392006746,138.497116883602,5.98013534510721));
#1217=CARTESIAN_POINT('Ctrl Pts',(15.7108499474532,138.896149929307,5.98013534510721));
#1218=CARTESIAN_POINT('Ctrl Pts',(62.5248438176122,109.848516224753,6.24875402201026));
#1219=CARTESIAN_POINT('Ctrl Pts',(61.0374674536235,112.240687279729,6.24875402201026));
#1220=CARTESIAN_POINT('Ctrl Pts',(57.6565810894933,116.706259316916,6.24875402201026));
#1221=CARTESIAN_POINT('Ctrl Pts',(52.1865470971672,122.953818934932,6.24875402201025));
#1222=CARTESIAN_POINT('Ctrl Pts',(46.51875895224,129.001570193707,6.24875402201026));
#1223=CARTESIAN_POINT('Ctrl Pts',(41.4408477498794,133.84618397917,6.24875402201025));
#1224=CARTESIAN_POINT('Ctrl Pts',(36.4131642938832,136.794704771728,6.24875402201026));
#1225=CARTESIAN_POINT('Ctrl Pts',(32.8853701086779,137.828048951654,6.24875402201025));
#1226=CARTESIAN_POINT('Ctrl Pts',(30.0386794757508,138.208996436312,6.24875402201025));
#1227=CARTESIAN_POINT('Ctrl Pts',(27.2061365870068,138.377141470738,6.24875402201025));
#1228=CARTESIAN_POINT('Ctrl Pts',(22.3438916500947,138.311656564048,6.24875402201026));
#1229=CARTESIAN_POINT('Ctrl Pts',(18.28211647414,138.227088259704,6.24875402201025));
#1230=CARTESIAN_POINT('Ctrl Pts',(15.6698450025639,138.630863817806,6.24875402201025));
#1231=CARTESIAN_POINT('Ctrl Pts',(62.2571065878056,109.682045676359,6.42482968574971));
#1232=CARTESIAN_POINT('Ctrl Pts',(60.7799672404217,112.057752374765,6.42482968574971));
#1233=CARTESIAN_POINT('Ctrl Pts',(57.4145366753567,116.504397204325,6.42482968574971));
#1234=CARTESIAN_POINT('Ctrl Pts',(51.9531002684377,122.741340362929,6.42482968574971));
#1235=CARTESIAN_POINT('Ctrl Pts',(46.2920680186068,128.783708197394,6.42482968574971));
#1236=CARTESIAN_POINT('Ctrl Pts',(41.2370604043171,133.601359325811,6.42482968574971));
#1237=CARTESIAN_POINT('Ctrl Pts',(36.284984562564,136.502882808654,6.42482968574971));
#1238=CARTESIAN_POINT('Ctrl Pts',(32.8200128709975,137.518307403576,6.42482968574971));
#1239=CARTESIAN_POINT('Ctrl Pts',(30.0095949533661,137.894832761505,6.42482968574971));
#1240=CARTESIAN_POINT('Ctrl Pts',(27.2027433773939,138.061478745507,6.42482968574971));
#1241=CARTESIAN_POINT('Ctrl Pts',(22.3586951340042,137.997255427049,6.42482968574971));
#1242=CARTESIAN_POINT('Ctrl Pts',(18.2699926189865,137.909947528011,6.42482968574971));
#1243=CARTESIAN_POINT('Ctrl Pts',(15.6216858898077,138.319293011141,6.42482968574971));
#1244=CARTESIAN_POINT('Ctrl Pts',(61.9763081167569,109.507454060925,6.49898655769398));
#1245=CARTESIAN_POINT('Ctrl Pts',(60.5098978142835,111.865905065813,6.49898655769398));
#1246=CARTESIAN_POINT('Ctrl Pts',(57.1606869018433,116.292686345257,6.49898655769398));
#1247=CARTESIAN_POINT('Ctrl Pts',(51.7082663911139,122.51849780055,6.49898655769398));
#1248=CARTESIAN_POINT('Ctrl Pts',(46.0543315006647,128.555209006162,6.49898655769398));
#1249=CARTESIAN_POINT('Ctrl Pts',(41.0233747869234,133.344573466794,6.49898655769398));
#1250=CARTESIAN_POINT('Ctrl Pts',(36.1505568373525,136.19683221746,6.49898655769398));
#1251=CARTESIAN_POINT('Ctrl Pts',(32.7514635704602,137.193463246519,6.49898655769398));
#1252=CARTESIAN_POINT('Ctrl Pts',(29.9790711022725,137.565351311277,6.49898655769398));
#1253=CARTESIAN_POINT('Ctrl Pts',(27.1991535476791,137.730423966262,6.49898655769398));
#1254=CARTESIAN_POINT('Ctrl Pts',(22.3741853686067,137.667521378371,6.49898655769398));
#1255=CARTESIAN_POINT('Ctrl Pts',(18.2572513647263,137.577339475454,6.49898655769398));
#1256=CARTESIAN_POINT('Ctrl Pts',(15.5711773922082,137.992522594498,6.49898655769398));
#1257=CARTESIAN_POINT('Ctrl Pts',(61.787783833922,109.390235619651,6.5));
#1258=CARTESIAN_POINT('Ctrl Pts',(60.3285840899503,111.737089768655,6.5));
#1259=CARTESIAN_POINT('Ctrl Pts',(56.9902531705961,116.150547668631,6.5));
#1260=CARTESIAN_POINT('Ctrl Pts',(51.5438868999026,122.368882835885,6.5));
#1261=CARTESIAN_POINT('Ctrl Pts',(45.8947054344184,128.401806624445,6.49999999999999));
#1262=CARTESIAN_POINT('Ctrl Pts',(40.8798667866678,133.172188294686,6.5));
#1263=CARTESIAN_POINT('Ctrl Pts',(36.0602988886794,135.991346598493,6.49999999999999));
#1264=CARTESIAN_POINT('Ctrl Pts',(32.7054441138245,136.9753596819,6.5));
#1265=CARTESIAN_POINT('Ctrl Pts',(29.9585978641037,137.344133780573,6.5));
#1266=CARTESIAN_POINT('Ctrl Pts',(27.1967738429375,137.50815124979,6.49999999999999));
#1267=CARTESIAN_POINT('Ctrl Pts',(22.3846200057344,137.446137736664,6.5));
#1268=CARTESIAN_POINT('Ctrl Pts',(18.2487224863899,137.354027012488,6.5));
#1269=CARTESIAN_POINT('Ctrl Pts',(15.5372666723547,137.773133371261,6.5));
#1270=CARTESIAN_POINT('Ctrl Pts',(61.6925005143373,109.330991462701,6.5));
#1271=CARTESIAN_POINT('Ctrl Pts',(60.2369400758762,111.671992458788,6.5));
#1272=CARTESIAN_POINT('Ctrl Pts',(56.9041148160136,116.078707627891,6.5));
#1273=CARTESIAN_POINT('Ctrl Pts',(51.4608077003226,122.293265974693,6.5));
#1274=CARTESIAN_POINT('Ctrl Pts',(45.8140368065656,128.324268318893,6.49999999999999));
#1275=CARTESIAN_POINT('Ctrl Pts',(40.8073649634048,133.085049853508,6.5));
#1276=CARTESIAN_POINT('Ctrl Pts',(36.0146844960589,135.887495894382,6.49999999999999));
#1277=CARTESIAN_POINT('Ctrl Pts',(32.6821825954155,136.865131797125,6.49999999999999));
#1278=CARTESIAN_POINT('Ctrl Pts',(29.9482363749642,137.232332428703,6.49999999999999));
#1279=CARTESIAN_POINT('Ctrl Pts',(27.1955498860413,137.395815805162,6.49999999999999));
#1280=CARTESIAN_POINT('Ctrl Pts',(22.3898696740224,137.334250005554,6.5));
#1281=CARTESIAN_POINT('Ctrl Pts',(18.2443941388846,137.24116390336,6.5));
#1282=CARTESIAN_POINT('Ctrl Pts',(15.5201276284684,137.662250395569,6.5));
#1283=CARTESIAN_POINT('',(15.7492597670364,139.144646585214,5.));
#1284=CARTESIAN_POINT('',(15.5201276284684,137.662250395569,6.5));
#1285=CARTESIAN_POINT('Ctrl Pts',(15.7492597670364,139.144646585214,5.));
#1286=CARTESIAN_POINT('Ctrl Pts',(15.7492597670364,139.144646585214,5.11219973762821));
#1287=CARTESIAN_POINT('Ctrl Pts',(15.7490837583996,139.143507877505,5.3342296276746));
#1288=CARTESIAN_POINT('Ctrl Pts',(15.7378218035916,139.070647391849,5.66472351180909));
#1289=CARTESIAN_POINT('Ctrl Pts',(15.7108499474532,138.896149929307,5.98013534510721));
#1290=CARTESIAN_POINT('Ctrl Pts',(15.6698450025639,138.630863817806,6.24875402201025));
#1291=CARTESIAN_POINT('Ctrl Pts',(15.6216858898077,138.319293011141,6.42482968574971));
#1292=CARTESIAN_POINT('Ctrl Pts',(15.5711773922082,137.992522594498,6.49898655769398));
#1293=CARTESIAN_POINT('Ctrl Pts',(15.5372666723547,137.773133371261,6.5));
#1294=CARTESIAN_POINT('Ctrl Pts',(15.5201276284684,137.662250395569,6.5));
#1295=CARTESIAN_POINT('Ctrl Pts',(15.5201276284684,137.662250395569,6.5));
#1296=CARTESIAN_POINT('Ctrl Pts',(18.2443941388846,137.24116390336,6.5));
#1297=CARTESIAN_POINT('Ctrl Pts',(22.3898696740224,137.334250005554,6.5));
#1298=CARTESIAN_POINT('Ctrl Pts',(27.1955498860413,137.395815805162,6.49999999999999));
#1299=CARTESIAN_POINT('Ctrl Pts',(29.9482363749642,137.232332428703,6.49999999999999));
#1300=CARTESIAN_POINT('Ctrl Pts',(32.6821825954155,136.865131797125,6.49999999999999));
#1301=CARTESIAN_POINT('Ctrl Pts',(36.0146844960589,135.887495894382,6.49999999999999));
#1302=CARTESIAN_POINT('Ctrl Pts',(40.8073649634048,133.085049853508,6.5));
#1303=CARTESIAN_POINT('Ctrl Pts',(45.8140368065656,128.324268318893,6.49999999999999));
#1304=CARTESIAN_POINT('Ctrl Pts',(51.4608077003226,122.293265974693,6.5));
#1305=CARTESIAN_POINT('Ctrl Pts',(56.9041148160136,116.078707627891,6.5));
#1306=CARTESIAN_POINT('Ctrl Pts',(60.2369400758762,111.671992458788,6.5));
#1307=CARTESIAN_POINT('Ctrl Pts',(61.6925005143373,109.330991462701,6.5));
#1308=CARTESIAN_POINT('Ctrl Pts',(62.9663446640515,110.123027498648,5.));
#1309=CARTESIAN_POINT('Ctrl Pts',(61.4620928741745,112.542339569393,5.));
#1310=CARTESIAN_POINT('Ctrl Pts',(58.0557124206858,117.039132418104,5.));
#1311=CARTESIAN_POINT('Ctrl Pts',(52.571501770075,123.304196674284,5.));
#1312=CARTESIAN_POINT('Ctrl Pts',(46.8925642374678,129.360833132055,5.));
#1313=CARTESIAN_POINT('Ctrl Pts',(41.7768624745802,134.249915020149,5.));
#1314=CARTESIAN_POINT('Ctrl Pts',(36.6245298987,137.275915901762,5.));
#1315=CARTESIAN_POINT('Ctrl Pts',(32.9931474693565,138.338809468925,5.));
#1316=CARTESIAN_POINT('Ctrl Pts',(30.0866553535267,138.72704865731,5.));
#1317=CARTESIAN_POINT('Ctrl Pts',(27.2117551952485,138.897666494808,5.));
#1318=CARTESIAN_POINT('Ctrl Pts',(22.3195069951447,138.830103010474,5.));
#1319=CARTESIAN_POINT('Ctrl Pts',(18.3021281583479,138.750052887477,5.));
#1320=CARTESIAN_POINT('Ctrl Pts',(15.7492597670364,139.144646585214,5.));
#1321=CARTESIAN_POINT('Ctrl Pts',(15.7492597670364,139.144646585214,5.));
#1322=CARTESIAN_POINT('Ctrl Pts',(14.5068763344248,139.336680249915,5.));
#1323=CARTESIAN_POINT('Ctrl Pts',(11.9106665877026,138.978982017282,5.));
#1324=CARTESIAN_POINT('Ctrl Pts',(8.94166632697305,136.396121069403,5.));
#1325=CARTESIAN_POINT('Ctrl Pts',(7.88319883935272,132.607646879637,5.));
#1326=CARTESIAN_POINT('Ctrl Pts',(9.06630226670686,128.856089752794,5.));
#1327=CARTESIAN_POINT('Ctrl Pts',(12.1182807597686,126.373234335195,5.));
#1328=CARTESIAN_POINT('Ctrl Pts',(16.0295404768111,125.962728585412,5.));
#1329=CARTESIAN_POINT('Ctrl Pts',(18.3597022351974,127.166987576454,5.));
#1330=CARTESIAN_POINT('Ctrl Pts',(19.265209121784,128.039025878566,5.));
#1331=CARTESIAN_POINT('Ctrl Pts',(15.7492597670364,139.144646585214,5.11219973762821));
#1332=CARTESIAN_POINT('Ctrl Pts',(14.5068453898433,139.33668503298,5.11219973762821));
#1333=CARTESIAN_POINT('Ctrl Pts',(11.9106504721933,138.979025379159,5.11219973762821));
#1334=CARTESIAN_POINT('Ctrl Pts',(8.94158694189545,136.396147686779,5.11219973762821));
#1335=CARTESIAN_POINT('Ctrl Pts',(7.88313430154327,132.607643530474,5.11219973762821));
#1336=CARTESIAN_POINT('Ctrl Pts',(9.06622795168879,128.856041799323,5.11219973762821));
#1337=CARTESIAN_POINT('Ctrl Pts',(12.1182425987025,126.373184568615,5.11219973762821));
#1338=CARTESIAN_POINT('Ctrl Pts',(16.0295602011428,125.962666872955,5.11219973762821));
#1339=CARTESIAN_POINT('Ctrl Pts',(18.3596796813457,127.166965856219,5.11219973762821));
#1340=CARTESIAN_POINT('Ctrl Pts',(19.265209121784,128.039025878566,5.11219973762821));
#1341=CARTESIAN_POINT('Ctrl Pts',(15.7490837970269,139.143508127408,5.33422971619594));
#1342=CARTESIAN_POINT('Ctrl Pts',(14.5069156319551,139.335508518473,5.33422971619594));
#1343=CARTESIAN_POINT('Ctrl Pts',(11.9111683605469,138.977879809387,5.33422971619595));
#1344=CARTESIAN_POINT('Ctrl Pts',(8.94268423493226,136.395473954426,5.33422971619595));
#1345=CARTESIAN_POINT('Ctrl Pts',(7.88440669565201,132.607666424316,5.33422971619595));
#1346=CARTESIAN_POINT('Ctrl Pts',(9.06729889134416,128.856767088669,5.33422971619595));
#1347=CARTESIAN_POINT('Ctrl Pts',(12.1187422349712,126.374351412683,5.33422971619595));
#1348=CARTESIAN_POINT('Ctrl Pts',(16.0293179673524,125.963916517671,5.33422971619595));
#1349=CARTESIAN_POINT('Ctrl Pts',(18.3590600400819,127.167968435415,5.33422971619595));
#1350=CARTESIAN_POINT('Ctrl Pts',(19.2644100296633,128.039855639617,5.33422971619595));
#1351=CARTESIAN_POINT('Ctrl Pts',(15.7378218325884,139.070647579448,5.66472371112502));
#1352=CARTESIAN_POINT('Ctrl Pts',(14.5097663214479,139.260466595115,5.66472371112502));
#1353=CARTESIAN_POINT('Ctrl Pts',(11.9434563054188,138.906868860767,5.66472371112502));
#1354=CARTESIAN_POINT('Ctrl Pts',(9.00869080745466,136.353770289255,5.66472371112503));
#1355=CARTESIAN_POINT('Ctrl Pts',(7.96240877976486,132.608953601118,5.66472371112503));
#1356=CARTESIAN_POINT('Ctrl Pts',(9.13188834749273,128.900636316146,5.66472371112503));
#1357=CARTESIAN_POINT('Ctrl Pts',(12.1486902980902,126.446383480856,5.66472371112503));
#1358=CARTESIAN_POINT('Ctrl Pts',(16.0148635478357,126.040612828179,5.66472371112503));
#1359=CARTESIAN_POINT('Ctrl Pts',(18.3182046311321,127.230978373134,5.66472371112503));
#1360=CARTESIAN_POINT('Ctrl Pts',(19.2132686614941,128.092959799096,5.66472371112503));
#1361=CARTESIAN_POINT('Ctrl Pts',(15.710850016824,138.896150378108,5.98013554942404));
#1362=CARTESIAN_POINT('Ctrl Pts',(14.516509014756,139.080758183967,5.98013554942404));
#1363=CARTESIAN_POINT('Ctrl Pts',(12.0207402074276,138.736919843428,5.98013554942404));
#1364=CARTESIAN_POINT('Ctrl Pts',(9.16655616908345,136.253964926945,5.98013554942404));
#1365=CARTESIAN_POINT('Ctrl Pts',(8.14904333574653,132.612027170336,5.98013554942404));
#1366=CARTESIAN_POINT('Ctrl Pts',(9.2863736439343,129.005569784064,5.98013554942404));
#1367=CARTESIAN_POINT('Ctrl Pts',(12.2203100641752,126.61876052467,5.98013554942404));
#1368=CARTESIAN_POINT('Ctrl Pts',(15.9802998676964,126.22412784521,5.98013554942405));
#1369=CARTESIAN_POINT('Ctrl Pts',(18.2202964331932,127.381824525643,5.98013554942405));
#1370=CARTESIAN_POINT('Ctrl Pts',(19.0907877597169,128.220141483393,5.98013554942405));
#1371=CARTESIAN_POINT('Ctrl Pts',(15.6698450324948,138.630864011447,6.24875431809998));
#1372=CARTESIAN_POINT('Ctrl Pts',(14.5268272932476,138.807538844292,6.24875431809998));
#1373=CARTESIAN_POINT('Ctrl Pts',(12.1382692739976,138.478453549753,6.24875431809998));
#1374=CARTESIAN_POINT('Ctrl Pts',(9.40673029570473,136.102173823667,6.24875431809998));
#1375=CARTESIAN_POINT('Ctrl Pts',(8.4329226311694,132.616707185043,6.24875431809999));
#1376=CARTESIAN_POINT('Ctrl Pts',(9.52139804320783,129.165203587127,6.24875431809999));
#1377=CARTESIAN_POINT('Ctrl Pts',(12.3292760385639,126.880932078877,6.24875431809999));
#1378=CARTESIAN_POINT('Ctrl Pts',(15.9277100675852,126.503258379988,6.24875431809999));
#1379=CARTESIAN_POINT('Ctrl Pts',(18.0714967148632,127.611201765727,6.24875431809999));
#1380=CARTESIAN_POINT('Ctrl Pts',(18.9045812580169,128.413494538194,6.24875431809999));
#1381=CARTESIAN_POINT('Ctrl Pts',(15.621685887193,138.319292994225,6.42483021048863));
#1382=CARTESIAN_POINT('Ctrl Pts',(14.5389456342529,138.486650810848,6.42483021048863));
#1383=CARTESIAN_POINT('Ctrl Pts',(12.2763036079766,138.174892749494,6.42483021048864));
#1384=CARTESIAN_POINT('Ctrl Pts',(9.68880728370932,135.923899796273,6.42483021048864));
#1385=CARTESIAN_POINT('Ctrl Pts',(8.7663301345014,132.622203705638,6.42483021048864));
#1386=CARTESIAN_POINT('Ctrl Pts',(9.79742685658206,129.352688515005,6.42483021048864));
#1387=CARTESIAN_POINT('Ctrl Pts',(12.4572531500253,127.188844562615,6.42483021048864));
#1388=CARTESIAN_POINT('Ctrl Pts',(15.8659450078715,126.831088619721,6.42483021048864));
#1389=CARTESIAN_POINT('Ctrl Pts',(17.8967357061524,127.88059845099,6.42483021048865));
#1390=CARTESIAN_POINT('Ctrl Pts',(18.6858872109827,128.640582001171,6.42483021048865));
#1391=CARTESIAN_POINT('Ctrl Pts',(15.5711773939119,137.99252260552,6.49898688542602));
#1392=CARTESIAN_POINT('Ctrl Pts',(14.5516117828281,138.150115596186,6.49898688542602));
#1393=CARTESIAN_POINT('Ctrl Pts',(12.4210490899006,137.856584101714,6.49898688542602));
#1394=CARTESIAN_POINT('Ctrl Pts',(9.98453359619783,135.736966323538,6.49898688542603));
#1395=CARTESIAN_POINT('Ctrl Pts',(9.11591182422347,132.627963669978,6.49898688542603));
#1396=CARTESIAN_POINT('Ctrl Pts',(10.0868170507846,129.549252326133,6.49898688542603));
#1397=CARTESIAN_POINT('Ctrl Pts',(12.5914198961964,127.511708207398,6.49898688542603));
#1398=CARTESIAN_POINT('Ctrl Pts',(15.80119450176,127.174824929214,6.49898688542603));
#1399=CARTESIAN_POINT('Ctrl Pts',(17.7134177258013,128.163106681148,6.49898688542604));
#1400=CARTESIAN_POINT('Ctrl Pts',(18.4565246104629,128.878747473711,6.49898688542604));
#1401=CARTESIAN_POINT('Ctrl Pts',(15.5372666723547,137.773133371261,6.49999999999999));
#1402=CARTESIAN_POINT('Ctrl Pts',(14.5601581909346,137.924163816108,6.49999999999999));
#1403=CARTESIAN_POINT('Ctrl Pts',(12.5182514026697,137.642816374656,6.49999999999999));
#1404=CARTESIAN_POINT('Ctrl Pts',(10.1831893538993,135.611425129851,6.49999999999999));
#1405=CARTESIAN_POINT('Ctrl Pts',(9.35070495186925,132.6318354351,6.5));
#1406=CARTESIAN_POINT('Ctrl Pts',(10.2812118563681,129.681288521088,6.5));
#1407=CARTESIAN_POINT('Ctrl Pts',(12.6815500852648,127.728542899935,6.5));
#1408=CARTESIAN_POINT('Ctrl Pts',(15.7576947779029,127.405689664527,6.5));
#1409=CARTESIAN_POINT('Ctrl Pts',(17.5903715002668,128.352808748595,6.5));
#1410=CARTESIAN_POINT('Ctrl Pts',(18.3025336521785,129.038648561612,6.5));
#1411=CARTESIAN_POINT('Ctrl Pts',(15.5201276284684,137.662250395569,6.49999999999999));
#1412=CARTESIAN_POINT('Ctrl Pts',(14.5644480649209,137.809968599184,6.49999999999999));
#1413=CARTESIAN_POINT('Ctrl Pts',(12.5673636443655,137.534816112544,6.49999999999999));
#1414=CARTESIAN_POINT('Ctrl Pts',(10.2835172899581,135.547999998791,6.49999999999999));
#1415=CARTESIAN_POINT('Ctrl Pts',(9.46931153025015,132.633789083586,6.5));
#1416=CARTESIAN_POINT('Ctrl Pts',(10.3793910897533,129.747975909091,6.49999999999999));
#1417=CARTESIAN_POINT('Ctrl Pts',(12.727066853647,127.838087126323,6.5));
#1418=CARTESIAN_POINT('Ctrl Pts',(15.7357281744489,127.522313472644,6.5));
#1419=CARTESIAN_POINT('Ctrl Pts',(17.5281602962845,128.448666542676,6.5));
#1420=CARTESIAN_POINT('Ctrl Pts',(18.2247040551973,129.119465236609,6.5));
#1421=CARTESIAN_POINT('Origin',(14.7563538332416,132.720929763417,6.5));
#1422=CARTESIAN_POINT('Origin',(14.7563538332416,132.720929763417,5.));
#1423=CARTESIAN_POINT('Origin',(36.1013535909323,119.705900553147,6.5));
#1424=CARTESIAN_POINT('',(53.946353348623,106.690871342877,6.5));
#1425=CARTESIAN_POINT('Origin',(57.446353348623,106.690871342877,6.5));
#1426=CARTESIAN_POINT('',(11.2563538332416,132.720929763417,6.5));
#1427=CARTESIAN_POINT('Origin',(14.7563538332416,132.720929763417,6.5));
#1428=CARTESIAN_POINT('Origin',(57.446353348623,106.690871342877,2.5));
#1429=CARTESIAN_POINT('Origin',(14.7563538332416,132.720929763417,2.5));
#1430=CARTESIAN_POINT('Ctrl Pts',(62.9663446640515,110.123027498648,2.5));
#1431=CARTESIAN_POINT('Ctrl Pts',(62.9663446640515,110.123027498648,6.5));
#1432=CARTESIAN_POINT('Ctrl Pts',(62.5706754242969,110.75938862795,2.5));
#1433=CARTESIAN_POINT('Ctrl Pts',(62.5706754242969,110.75938862795,6.5));
#1434=CARTESIAN_POINT('Ctrl Pts',(61.7363240120737,112.043919439093,2.5));
#1435=CARTESIAN_POINT('Ctrl Pts',(61.7363240120737,112.043919439093,6.5));
#1436=CARTESIAN_POINT('Ctrl Pts',(60.35575585451,114.006138460269,2.5));
#1437=CARTESIAN_POINT('Ctrl Pts',(60.35575585451,114.006138460269,6.5));
#1438=CARTESIAN_POINT('Ctrl Pts',(58.275760098886,116.687708676538,2.5));
#1439=CARTESIAN_POINT('Ctrl Pts',(58.275760098886,116.687708676538,6.5));
#1440=CARTESIAN_POINT('Ctrl Pts',(55.3821133668655,120.109074325851,2.5));
#1441=CARTESIAN_POINT('Ctrl Pts',(55.3821133668655,120.109074325851,6.5));
#1442=CARTESIAN_POINT('Ctrl Pts',(52.3250747435823,123.537040925959,2.5));
#1443=CARTESIAN_POINT('Ctrl Pts',(52.3250747435823,123.537040925959,6.5));
#1444=CARTESIAN_POINT('Ctrl Pts',(49.2261678248578,126.88584632162,2.5));
#1445=CARTESIAN_POINT('Ctrl Pts',(49.2261678248578,126.88584632162,6.5));
#1446=CARTESIAN_POINT('Ctrl Pts',(46.1698480318964,130.04879989942,2.5));
#1447=CARTESIAN_POINT('Ctrl Pts',(46.1698480318964,130.04879989942,6.5));
#1448=CARTESIAN_POINT('Ctrl Pts',(43.1615081876397,132.895037850954,2.5));
#1449=CARTESIAN_POINT('Ctrl Pts',(43.1615081876397,132.895037850954,6.5));
#1450=CARTESIAN_POINT('Ctrl Pts',(40.1295830716752,135.283750101268,2.5));
#1451=CARTESIAN_POINT('Ctrl Pts',(40.1295830716752,135.283750101268,6.5));
#1452=CARTESIAN_POINT('Ctrl Pts',(36.9760352745248,137.096591174335,2.5));
#1453=CARTESIAN_POINT('Ctrl Pts',(36.9760352745248,137.096591174335,6.5));
#1454=CARTESIAN_POINT('Ctrl Pts',(33.6160184207405,138.270289251498,2.5));
#1455=CARTESIAN_POINT('Ctrl Pts',(33.6160184207405,138.270289251498,6.5));
#1456=CARTESIAN_POINT('Ctrl Pts',(30.0162475807344,138.825486722262,2.5));
#1457=CARTESIAN_POINT('Ctrl Pts',(30.0162475807344,138.825486722262,6.5));
#1458=CARTESIAN_POINT('Ctrl Pts',(26.2509017545535,138.918949578048,2.5));
#1459=CARTESIAN_POINT('Ctrl Pts',(26.2509017545535,138.918949578048,6.5));
#1460=CARTESIAN_POINT('Ctrl Pts',(22.482425201488,138.810343309537,2.5));
#1461=CARTESIAN_POINT('Ctrl Pts',(22.482425201488,138.810343309537,6.5));
#1462=CARTESIAN_POINT('Ctrl Pts',(19.6130649174872,138.783528564721,2.5));
#1463=CARTESIAN_POINT('Ctrl Pts',(19.6130649174872,138.783528564721,6.5));
#1464=CARTESIAN_POINT('Ctrl Pts',(17.6135328874679,138.899420764919,2.5));
#1465=CARTESIAN_POINT('Ctrl Pts',(17.6135328874679,138.899420764919,6.5));
#1466=CARTESIAN_POINT('Ctrl Pts',(16.3578006472884,139.050585176886,2.5));
#1467=CARTESIAN_POINT('Ctrl Pts',(16.3578006472884,139.050585176886,6.5));
#1468=CARTESIAN_POINT('Ctrl Pts',(15.7492597670364,139.144646585214,2.5));
#1469=CARTESIAN_POINT('Ctrl Pts',(15.7492597670364,139.144646585214,6.5));
#1470=CARTESIAN_POINT('',(15.7492597670364,139.144646585214,2.5));
#1471=CARTESIAN_POINT('Origin',(14.7563538332416,132.720929763417,2.5));
#1472=UNCERTAINTY_MEASURE_WITH_UNIT(LENGTH_MEASURE(0.01),#1478,
'DISTANCE_ACCURACY_VALUE',
'Maximum model space distance between geometric entities at asserted c
onnectivities');
#1473=UNCERTAINTY_MEASURE_WITH_UNIT(LENGTH_MEASURE(0.01),#1478,
'DISTANCE_ACCURACY_VALUE',
'Maximum model space distance between geometric entities at asserted c
onnectivities');
#1474=(
GEOMETRIC_REPRESENTATION_CONTEXT(3)
GLOBAL_UNCERTAINTY_ASSIGNED_CONTEXT((#1472))
GLOBAL_UNIT_ASSIGNED_CONTEXT((#1478,#1477,#1476))
REPRESENTATION_CONTEXT('','3D')
);
#1475=(
GEOMETRIC_REPRESENTATION_CONTEXT(3)
GLOBAL_UNCERTAINTY_ASSIGNED_CONTEXT((#1473))
GLOBAL_UNIT_ASSIGNED_CONTEXT((#1478,#1477,#1476))
REPRESENTATION_CONTEXT('','3D')
);
#1476=(
NAMED_UNIT(*)
SI_UNIT($,.STERADIAN.)
SOLID_ANGLE_UNIT()
);
#1477=(
NAMED_UNIT(*)
PLANE_ANGLE_UNIT()
SI_UNIT($,.RADIAN.)
);
#1478=(
LENGTH_UNIT()
NAMED_UNIT(*)
SI_UNIT(.MILLI.,.METRE.)
);
#1479=SHAPE_DEFINITION_REPRESENTATION(#1480,#1481);
#1480=PRODUCT_DEFINITION_SHAPE('',$,#1483);
#1481=SHAPE_REPRESENTATION('',(#244),#1474);
#1482=PRODUCT_DEFINITION_CONTEXT('part definition',#1487,'design');
#1483=PRODUCT_DEFINITION('link1','link1',#1484,#1482);
#1484=PRODUCT_DEFINITION_FORMATION('',$,#1489);
#1485=PRODUCT_RELATED_PRODUCT_CATEGORY('link1','link1',(#1489));
#1486=APPLICATION_PROTOCOL_DEFINITION('international standard',
'automotive_design',2009,#1487);
#1487=APPLICATION_CONTEXT(
'Core Data for Automotive Mechanical Design Process');
#1488=PRODUCT_CONTEXT('part definition',#1487,'mechanical');
#1489=PRODUCT('link1','link1',$,(#1488));
#1490=PRESENTATION_STYLE_ASSIGNMENT((#1491));
#1491=SURFACE_STYLE_USAGE(.BOTH.,#1492);
#1492=SURFACE_SIDE_STYLE('',(#1493));
#1493=SURFACE_STYLE_FILL_AREA(#1494);
#1494=FILL_AREA_STYLE('Steel - Satin',(#1495));
#1495=FILL_AREA_STYLE_COLOUR('Steel - Satin',#1496);
#1496=COLOUR_RGB('Steel - Satin',0.627450980392157,0.627450980392157,0.627450980392157);
ENDSEC;
END-ISO-10303-21;
