ISO-10303-21;
HEADER;
/* Generated by software containing ST-Developer
 * from STEP Tools, Inc. (www.steptools.com) 
 */

FILE_DESCRIPTION(
/* description */ (''),
/* implementation_level */ '2;1');

FILE_NAME(
/* name */ 
'/var/folders/lj/0c1qyxjj0xv8qkf4ldmpkq2r0000gn/T/com.autodesk.mas.fus
ion360/Neutron/7b233b8b-84d2-4e45-8a2a-7ad0e46bc510.stp',
/* time_stamp */ '2017-08-24T18:29:40-07:00',
/* author */ (''),
/* organization */ (''),
/* preprocessor_version */ 'ST-DEVELOPER v16.13',
/* originating_system */ 'Autodesk Translation Framework v6.1.1.50',
/* authorisation */ '');

FILE_SCHEMA (('AUTOMOTIVE_DESIGN { 1 0 10303 214 3 1 1 }'));
ENDSEC;

DATA;
#10=MECHANICAL_DESIGN_GEOMETRIC_PRESENTATION_REPRESENTATION('',(#13),#5752);
#11=SHAPE_REPRESENTATION_RELATIONSHIP('SRR','None',#5758,#12);
#12=ADVANCED_BREP_SHAPE_REPRESENTATION('',(#14),#5751);
#13=STYLED_ITEM('',(#5767),#14);
#14=MANIFOLD_SOLID_BREP('Body4',#1015);
#15=FACE_BOUND('',#241,.T.);
#16=FACE_BOUND('',#242,.T.);
#17=FACE_BOUND('',#247,.T.);
#18=FACE_BOUND('',#251,.T.);
#19=FACE_BOUND('',#257,.T.);
#20=FACE_BOUND('',#259,.T.);
#21=FACE_BOUND('',#279,.T.);
#22=FACE_BOUND('',#280,.T.);
#23=FACE_BOUND('',#285,.T.);
#24=FACE_BOUND('',#290,.T.);
#25=FACE_BOUND('',#298,.T.);
#26=FACE_BOUND('',#300,.T.);
#27=PLANE('',#1039);
#28=PLANE('',#1042);
#29=PLANE('',#1044);
#30=PLANE('',#1072);
#31=PLANE('',#1075);
#32=PLANE('',#1077);
#33=PLANE('',#1079);
#34=PLANE('',#1080);
#35=LINE('',#1809,#67);
#36=LINE('',#1812,#68);
#37=LINE('',#2372,#69);
#38=LINE('',#2375,#70);
#39=LINE('',#2993,#71);
#40=LINE('',#2994,#72);
#41=LINE('',#3165,#73);
#42=LINE('',#3166,#74);
#43=LINE('',#3326,#75);
#44=LINE('',#3350,#76);
#45=LINE('',#3392,#77);
#46=LINE('',#3416,#78);
#47=LINE('',#3458,#79);
#48=LINE('',#3482,#80);
#49=LINE('',#3524,#81);
#50=LINE('',#3548,#82);
#51=LINE('',#4110,#83);
#52=LINE('',#4114,#84);
#53=LINE('',#4134,#85);
#54=LINE('',#4135,#86);
#55=LINE('',#4138,#87);
#56=LINE('',#4141,#88);
#57=LINE('',#4143,#89);
#58=LINE('',#4163,#90);
#59=LINE('',#5195,#91);
#60=LINE('',#5196,#92);
#61=LINE('',#5483,#93);
#62=LINE('',#5484,#94);
#63=LINE('',#5621,#95);
#64=LINE('',#5623,#96);
#65=LINE('',#5704,#97);
#66=LINE('',#5706,#98);
#67=VECTOR('',#1099,10.);
#68=VECTOR('',#1102,10.);
#69=VECTOR('',#1117,10.);
#70=VECTOR('',#1120,10.);
#71=VECTOR('',#1139,10.);
#72=VECTOR('',#1140,10.);
#73=VECTOR('',#1145,10.);
#74=VECTOR('',#1146,10.);
#75=VECTOR('',#1151,10.);
#76=VECTOR('',#1152,10.);
#77=VECTOR('',#1153,10.);
#78=VECTOR('',#1154,10.);
#79=VECTOR('',#1155,10.);
#80=VECTOR('',#1156,10.);
#81=VECTOR('',#1157,10.);
#82=VECTOR('',#1158,10.);
#83=VECTOR('',#1177,10.);
#84=VECTOR('',#1180,10.);
#85=VECTOR('',#1183,10.);
#86=VECTOR('',#1184,10.);
#87=VECTOR('',#1187,10.);
#88=VECTOR('',#1192,10.);
#89=VECTOR('',#1193,10.);
#90=VECTOR('',#1196,10.);
#91=VECTOR('',#1225,10.);
#92=VECTOR('',#1226,10.);
#93=VECTOR('',#1231,10.);
#94=VECTOR('',#1232,10.);
#95=VECTOR('',#1237,10.);
#96=VECTOR('',#1240,10.);
#97=VECTOR('',#1241,10.);
#98=VECTOR('',#1244,10.);
#99=CYLINDRICAL_SURFACE('',#1023,6.5);
#100=CYLINDRICAL_SURFACE('',#1031,6.5);
#101=CYLINDRICAL_SURFACE('',#1046,3.5);
#102=CYLINDRICAL_SURFACE('',#1047,3.5);
#103=CYLINDRICAL_SURFACE('',#1054,50.0000000000007);
#104=CYLINDRICAL_SURFACE('',#1057,6.5);
#105=CYLINDRICAL_SURFACE('',#1059,50.0000000000001);
#106=CYLINDRICAL_SURFACE('',#1066,6.5);
#107=CYLINDRICAL_SURFACE('',#1081,3.5);
#108=CYLINDRICAL_SURFACE('',#1082,3.5);
#109=CIRCLE('',#1017,51.5000000000007);
#110=CIRCLE('',#1018,50.0000000000007);
#111=CIRCLE('',#1019,5.);
#112=CIRCLE('',#1020,6.5);
#113=CIRCLE('',#1021,51.5000000000001);
#114=CIRCLE('',#1022,50.0000000000001);
#115=CIRCLE('',#1024,6.5);
#116=CIRCLE('',#1025,51.5000000000001);
#117=CIRCLE('',#1026,50.0000000000001);
#118=CIRCLE('',#1027,5.);
#119=CIRCLE('',#1028,6.5);
#120=CIRCLE('',#1029,51.5000000000007);
#121=CIRCLE('',#1030,50.0000000000007);
#122=CIRCLE('',#1032,6.5);
#123=CIRCLE('',#1033,50.0000000000007);
#124=CIRCLE('',#1034,51.5000000000007);
#125=CIRCLE('',#1035,5.);
#126=CIRCLE('',#1036,51.5000000000001);
#127=CIRCLE('',#1037,50.0000000000001);
#128=CIRCLE('',#1038,5.);
#129=CIRCLE('',#1040,3.5);
#130=CIRCLE('',#1041,3.5);
#131=CIRCLE('',#1043,3.5);
#132=CIRCLE('',#1045,3.5);
#133=CIRCLE('',#1048,51.5000000000001);
#134=CIRCLE('',#1049,50.0000000000001);
#135=CIRCLE('',#1050,5.);
#136=CIRCLE('',#1051,6.5);
#137=CIRCLE('',#1052,51.5000000000007);
#138=CIRCLE('',#1053,50.0000000000007);
#139=CIRCLE('',#1055,50.0000000000007);
#140=CIRCLE('',#1056,50.0000000000007);
#141=CIRCLE('',#1058,6.5);
#142=CIRCLE('',#1060,50.0000000000001);
#143=CIRCLE('',#1061,50.0000000000001);
#144=CIRCLE('',#1062,51.5000000000007);
#145=CIRCLE('',#1063,5.);
#146=CIRCLE('',#1064,6.5);
#147=CIRCLE('',#1065,51.5000000000001);
#148=CIRCLE('',#1067,6.5);
#149=CIRCLE('',#1068,51.5000000000007);
#150=CIRCLE('',#1069,5.);
#151=CIRCLE('',#1070,51.5000000000001);
#152=CIRCLE('',#1071,5.);
#153=CIRCLE('',#1073,3.5);
#154=CIRCLE('',#1074,3.5);
#155=CIRCLE('',#1076,3.5);
#156=CIRCLE('',#1078,3.5);
#157=FACE_OUTER_BOUND('',#223,.T.);
#158=FACE_OUTER_BOUND('',#224,.T.);
#159=FACE_OUTER_BOUND('',#225,.T.);
#160=FACE_OUTER_BOUND('',#226,.T.);
#161=FACE_OUTER_BOUND('',#227,.T.);
#162=FACE_OUTER_BOUND('',#228,.T.);
#163=FACE_OUTER_BOUND('',#229,.T.);
#164=FACE_OUTER_BOUND('',#230,.T.);
#165=FACE_OUTER_BOUND('',#231,.T.);
#166=FACE_OUTER_BOUND('',#232,.T.);
#167=FACE_OUTER_BOUND('',#233,.T.);
#168=FACE_OUTER_BOUND('',#234,.T.);
#169=FACE_OUTER_BOUND('',#235,.T.);
#170=FACE_OUTER_BOUND('',#236,.T.);
#171=FACE_OUTER_BOUND('',#237,.T.);
#172=FACE_OUTER_BOUND('',#238,.T.);
#173=FACE_OUTER_BOUND('',#239,.T.);
#174=FACE_OUTER_BOUND('',#240,.T.);
#175=FACE_OUTER_BOUND('',#243,.T.);
#176=FACE_OUTER_BOUND('',#244,.T.);
#177=FACE_OUTER_BOUND('',#245,.T.);
#178=FACE_OUTER_BOUND('',#246,.T.);
#179=FACE_OUTER_BOUND('',#248,.T.);
#180=FACE_OUTER_BOUND('',#249,.T.);
#181=FACE_OUTER_BOUND('',#250,.T.);
#182=FACE_OUTER_BOUND('',#252,.T.);
#183=FACE_OUTER_BOUND('',#253,.T.);
#184=FACE_OUTER_BOUND('',#254,.T.);
#185=FACE_OUTER_BOUND('',#255,.T.);
#186=FACE_OUTER_BOUND('',#256,.T.);
#187=FACE_OUTER_BOUND('',#258,.T.);
#188=FACE_OUTER_BOUND('',#260,.T.);
#189=FACE_OUTER_BOUND('',#261,.T.);
#190=FACE_OUTER_BOUND('',#262,.T.);
#191=FACE_OUTER_BOUND('',#263,.T.);
#192=FACE_OUTER_BOUND('',#264,.T.);
#193=FACE_OUTER_BOUND('',#265,.T.);
#194=FACE_OUTER_BOUND('',#266,.T.);
#195=FACE_OUTER_BOUND('',#267,.T.);
#196=FACE_OUTER_BOUND('',#268,.T.);
#197=FACE_OUTER_BOUND('',#269,.T.);
#198=FACE_OUTER_BOUND('',#270,.T.);
#199=FACE_OUTER_BOUND('',#271,.T.);
#200=FACE_OUTER_BOUND('',#272,.T.);
#201=FACE_OUTER_BOUND('',#273,.T.);
#202=FACE_OUTER_BOUND('',#274,.T.);
#203=FACE_OUTER_BOUND('',#275,.T.);
#204=FACE_OUTER_BOUND('',#276,.T.);
#205=FACE_OUTER_BOUND('',#277,.T.);
#206=FACE_OUTER_BOUND('',#278,.T.);
#207=FACE_OUTER_BOUND('',#281,.T.);
#208=FACE_OUTER_BOUND('',#282,.T.);
#209=FACE_OUTER_BOUND('',#283,.T.);
#210=FACE_OUTER_BOUND('',#284,.T.);
#211=FACE_OUTER_BOUND('',#286,.T.);
#212=FACE_OUTER_BOUND('',#287,.T.);
#213=FACE_OUTER_BOUND('',#288,.T.);
#214=FACE_OUTER_BOUND('',#289,.T.);
#215=FACE_OUTER_BOUND('',#291,.T.);
#216=FACE_OUTER_BOUND('',#292,.T.);
#217=FACE_OUTER_BOUND('',#293,.T.);
#218=FACE_OUTER_BOUND('',#294,.T.);
#219=FACE_OUTER_BOUND('',#295,.T.);
#220=FACE_OUTER_BOUND('',#296,.T.);
#221=FACE_OUTER_BOUND('',#297,.T.);
#222=FACE_OUTER_BOUND('',#299,.T.);
#223=EDGE_LOOP('',(#605,#606,#607));
#224=EDGE_LOOP('',(#608,#609,#610,#611));
#225=EDGE_LOOP('',(#612,#613,#614,#615));
#226=EDGE_LOOP('',(#616,#617,#618,#619));
#227=EDGE_LOOP('',(#620,#621,#622));
#228=EDGE_LOOP('',(#623,#624,#625,#626));
#229=EDGE_LOOP('',(#627,#628,#629));
#230=EDGE_LOOP('',(#630,#631,#632,#633));
#231=EDGE_LOOP('',(#634,#635,#636,#637));
#232=EDGE_LOOP('',(#638,#639,#640,#641));
#233=EDGE_LOOP('',(#642,#643,#644));
#234=EDGE_LOOP('',(#645,#646,#647,#648));
#235=EDGE_LOOP('',(#649,#650,#651,#652));
#236=EDGE_LOOP('',(#653,#654,#655,#656));
#237=EDGE_LOOP('',(#657,#658,#659,#660));
#238=EDGE_LOOP('',(#661,#662,#663,#664));
#239=EDGE_LOOP('',(#665,#666,#667,#668));
#240=EDGE_LOOP('',(#669,#670,#671,#672));
#241=EDGE_LOOP('',(#673));
#242=EDGE_LOOP('',(#674));
#243=EDGE_LOOP('',(#675,#676,#677,#678));
#244=EDGE_LOOP('',(#679,#680,#681,#682));
#245=EDGE_LOOP('',(#683,#684,#685,#686));
#246=EDGE_LOOP('',(#687,#688,#689,#690,#691,#692));
#247=EDGE_LOOP('',(#693));
#248=EDGE_LOOP('',(#694,#695,#696,#697));
#249=EDGE_LOOP('',(#698,#699,#700,#701));
#250=EDGE_LOOP('',(#702,#703,#704,#705,#706,#707));
#251=EDGE_LOOP('',(#708));
#252=EDGE_LOOP('',(#709,#710,#711,#712));
#253=EDGE_LOOP('',(#713,#714,#715,#716));
#254=EDGE_LOOP('',(#717,#718,#719,#720));
#255=EDGE_LOOP('',(#721,#722,#723,#724));
#256=EDGE_LOOP('',(#725));
#257=EDGE_LOOP('',(#726));
#258=EDGE_LOOP('',(#727));
#259=EDGE_LOOP('',(#728));
#260=EDGE_LOOP('',(#729,#730,#731));
#261=EDGE_LOOP('',(#732,#733,#734,#735));
#262=EDGE_LOOP('',(#736,#737,#738,#739));
#263=EDGE_LOOP('',(#740,#741,#742,#743));
#264=EDGE_LOOP('',(#744,#745,#746));
#265=EDGE_LOOP('',(#747,#748,#749,#750,#751,#752,#753,#754,#755,#756,#757,
#758,#759,#760,#761,#762,#763,#764));
#266=EDGE_LOOP('',(#765,#766,#767,#768));
#267=EDGE_LOOP('',(#769,#770,#771,#772,#773,#774,#775,#776,#777,#778,#779,
#780,#781,#782,#783,#784,#785,#786));
#268=EDGE_LOOP('',(#787,#788,#789));
#269=EDGE_LOOP('',(#790,#791,#792,#793));
#270=EDGE_LOOP('',(#794,#795,#796,#797));
#271=EDGE_LOOP('',(#798,#799,#800,#801));
#272=EDGE_LOOP('',(#802,#803,#804));
#273=EDGE_LOOP('',(#805,#806,#807,#808));
#274=EDGE_LOOP('',(#809,#810,#811,#812));
#275=EDGE_LOOP('',(#813,#814,#815,#816));
#276=EDGE_LOOP('',(#817,#818,#819,#820));
#277=EDGE_LOOP('',(#821,#822,#823,#824));
#278=EDGE_LOOP('',(#825,#826,#827,#828));
#279=EDGE_LOOP('',(#829));
#280=EDGE_LOOP('',(#830));
#281=EDGE_LOOP('',(#831,#832,#833,#834));
#282=EDGE_LOOP('',(#835,#836,#837,#838));
#283=EDGE_LOOP('',(#839,#840,#841,#842));
#284=EDGE_LOOP('',(#843,#844,#845,#846,#847,#848));
#285=EDGE_LOOP('',(#849));
#286=EDGE_LOOP('',(#850,#851,#852,#853));
#287=EDGE_LOOP('',(#854,#855,#856,#857));
#288=EDGE_LOOP('',(#858,#859,#860,#861));
#289=EDGE_LOOP('',(#862,#863,#864,#865,#866,#867));
#290=EDGE_LOOP('',(#868));
#291=EDGE_LOOP('',(#869,#870,#871,#872));
#292=EDGE_LOOP('',(#873,#874,#875,#876,#877,#878));
#293=EDGE_LOOP('',(#879,#880,#881,#882));
#294=EDGE_LOOP('',(#883,#884,#885,#886));
#295=EDGE_LOOP('',(#887,#888,#889,#890,#891,#892));
#296=EDGE_LOOP('',(#893,#894,#895,#896));
#297=EDGE_LOOP('',(#897));
#298=EDGE_LOOP('',(#898));
#299=EDGE_LOOP('',(#899));
#300=EDGE_LOOP('',(#900));
#301=B_SPLINE_CURVE_WITH_KNOTS('',3,(#1364,#1365,#1366,#1367,#1368,#1369,
#1370),.UNSPECIFIED.,.F.,.F.,(4,1,1,1,4),(0.,0.285714285714286,0.571428571428571,
0.857142857142857,1.),.UNSPECIFIED.);
#302=B_SPLINE_CURVE_WITH_KNOTS('',3,(#1372,#1373,#1374,#1375,#1376,#1377,
#1378,#1379,#1380,#1381,#1382,#1383,#1384,#1385,#1386,#1387),
 .UNSPECIFIED.,.F.,.F.,(4,1,1,1,1,1,2,2,1,2,4),(-0.545545088061081,-0.508894246005251,
-0.467808408615305,-0.405619065058685,-0.345033091417606,-0.25614123919294,
-0.133616133265072,-0.0780449138136636,-0.0422637870394686,0.,0.00186948086492688),
 .UNSPECIFIED.);
#303=B_SPLINE_CURVE_WITH_KNOTS('',3,(#1388,#1389,#1390,#1391,#1392,#1393,
#1394,#1395,#1396,#1397,#1398,#1399,#1400,#1401,#1402,#1403),
 .UNSPECIFIED.,.F.,.F.,(4,2,1,2,2,1,1,1,1,1,4),(-0.00186948086492688,0.,
0.0422637870394686,0.0780449138136636,0.133616133265072,0.25614123919294,
0.345033091417606,0.405619065058685,0.467808408615305,0.508894246005251,
0.545545088061081),.UNSPECIFIED.);
#304=B_SPLINE_CURVE_WITH_KNOTS('',3,(#1446,#1447,#1448,#1449,#1450,#1451,
#1452,#1453,#1454,#1455),.UNSPECIFIED.,.F.,.F.,(4,1,1,1,1,1,1,4),(0.,0.142857142857143,
0.285714285714286,0.428571428571429,0.571428571428571,0.714285714285714,
0.857142857142857,1.),.UNSPECIFIED.);
#305=B_SPLINE_CURVE_WITH_KNOTS('',3,(#1560,#1561,#1562,#1563,#1564,#1565,
#1566,#1567,#1568,#1569),.UNSPECIFIED.,.F.,.F.,(4,1,1,1,1,1,1,4),(-1.,-0.857142857142857,
-0.714285714285714,-0.571428571428571,-0.428571428571429,-0.285714285714286,
-0.142857142857143,0.),.UNSPECIFIED.);
#306=B_SPLINE_CURVE_WITH_KNOTS('',3,(#1614,#1615,#1616,#1617,#1618,#1619,
#1620,#1621,#1622,#1623),.UNSPECIFIED.,.F.,.F.,(4,1,1,1,1,1,1,4),(0.,0.142857142857143,
0.285714285714286,0.428571428571429,0.571428571428571,0.714285714285714,
0.857142857142857,1.),.UNSPECIFIED.);
#307=B_SPLINE_CURVE_WITH_KNOTS('',3,(#1777,#1778,#1779,#1780,#1781,#1782,
#1783,#1784,#1785,#1786,#1787,#1788,#1789,#1790,#1791),.UNSPECIFIED.,.F.,
 .F.,(4,1,1,2,1,1,2,1,2,4),(0.,0.0366504421073661,0.0777361248379049,0.137481197332811,
0.199290012367407,0.288182318360628,0.411929589525352,0.478740067634319,
0.545545500154842,0.547414989261966),.UNSPECIFIED.);
#308=B_SPLINE_CURVE_WITH_KNOTS('',3,(#1792,#1793,#1794,#1795,#1796,#1797,
#1798,#1799,#1800,#1801,#1802,#1803,#1804,#1805,#1806),.UNSPECIFIED.,.F.,
 .F.,(4,2,1,2,1,1,2,1,1,4),(-0.547414989261966,-0.545545500154842,-0.478740067634319,
-0.411929589525352,-0.288182318360628,-0.199290012367407,-0.137481197332811,
-0.0777361248379049,-0.0366504421073661,0.),.UNSPECIFIED.);
#309=B_SPLINE_CURVE_WITH_KNOTS('',3,(#1927,#1928,#1929,#1930,#1931,#1932,
#1933),.UNSPECIFIED.,.F.,.F.,(4,1,1,1,4),(0.,0.285714285714286,0.571428571428571,
0.857142857142857,1.),.UNSPECIFIED.);
#310=B_SPLINE_CURVE_WITH_KNOTS('',3,(#1935,#1936,#1937,#1938,#1939,#1940,
#1941,#1942,#1943,#1944,#1945,#1946,#1947,#1948,#1949,#1950),
 .UNSPECIFIED.,.F.,.F.,(4,1,1,1,1,1,2,2,1,2,4),(-0.545545088059524,-0.508894246003695,
-0.467808408613763,-0.405619065057154,-0.345033091416062,-0.256141239191393,
-0.133616133263517,-0.0780449138363735,-0.0422637870378964,0.,0.00186948086786279),
 .UNSPECIFIED.);
#311=B_SPLINE_CURVE_WITH_KNOTS('',3,(#1951,#1952,#1953,#1954,#1955,#1956,
#1957,#1958,#1959,#1960,#1961,#1962,#1963,#1964,#1965,#1966),
 .UNSPECIFIED.,.F.,.F.,(4,2,1,2,2,1,1,1,1,1,4),(-0.00186948086786279,0.,
0.0422637870378964,0.0780449138363735,0.133616133263517,0.256141239191393,
0.345033091416062,0.405619065057154,0.467808408613763,0.508894246003695,
0.545545088059524),.UNSPECIFIED.);
#312=B_SPLINE_CURVE_WITH_KNOTS('',3,(#2009,#2010,#2011,#2012,#2013,#2014,
#2015,#2016,#2017,#2018),.UNSPECIFIED.,.F.,.F.,(4,1,1,1,1,1,1,4),(0.,0.142857142857143,
0.285714285714286,0.428571428571429,0.571428571428571,0.714285714285714,
0.857142857142857,1.),.UNSPECIFIED.);
#313=B_SPLINE_CURVE_WITH_KNOTS('',3,(#2123,#2124,#2125,#2126,#2127,#2128,
#2129,#2130,#2131,#2132),.UNSPECIFIED.,.F.,.F.,(4,1,1,1,1,1,1,4),(-1.,-0.857142857142857,
-0.714285714285714,-0.571428571428571,-0.428571428571429,-0.285714285714286,
-0.142857142857143,0.),.UNSPECIFIED.);
#314=B_SPLINE_CURVE_WITH_KNOTS('',3,(#2177,#2178,#2179,#2180,#2181,#2182,
#2183,#2184,#2185,#2186),.UNSPECIFIED.,.F.,.F.,(4,1,1,1,1,1,1,4),(0.,0.142857142857143,
0.285714285714286,0.428571428571429,0.571428571428571,0.714285714285714,
0.857142857142857,1.),.UNSPECIFIED.);
#315=B_SPLINE_CURVE_WITH_KNOTS('',3,(#2340,#2341,#2342,#2343,#2344,#2345,
#2346,#2347,#2348,#2349,#2350,#2351,#2352,#2353,#2354),.UNSPECIFIED.,.F.,
 .F.,(4,1,1,2,1,1,2,1,2,4),(0.,0.0366504421073651,0.0777361248378564,0.137481197332811,
0.199290012367407,0.288182318360637,0.411929589525345,0.478740066664924,
0.545545498216058,0.54741497547928),.UNSPECIFIED.);
#316=B_SPLINE_CURVE_WITH_KNOTS('',3,(#2355,#2356,#2357,#2358,#2359,#2360,
#2361,#2362,#2363,#2364,#2365,#2366,#2367,#2368,#2369),.UNSPECIFIED.,.F.,
 .F.,(4,2,1,2,1,1,2,1,1,4),(-0.54741497547928,-0.545545498216058,-0.478740066664924,
-0.411929589525345,-0.288182318360637,-0.199290012367407,-0.137481197332811,
-0.0777361248378564,-0.0366504421073651,0.),.UNSPECIFIED.);
#317=B_SPLINE_CURVE_WITH_KNOTS('',3,(#2457,#2458,#2459,#2460,#2461),
 .UNSPECIFIED.,.F.,.F.,(4,1,4),(0.553339940705388,0.65308171030689,0.761928662024706),
 .UNSPECIFIED.);
#318=B_SPLINE_CURVE_WITH_KNOTS('',3,(#2463,#2464,#2465,#2466,#2467,#2468,
#2469,#2470,#2471,#2472),.UNSPECIFIED.,.F.,.F.,(4,1,1,1,1,1,1,4),(-1.,-0.857142857142857,
-0.714285714285714,-0.571428571428571,-0.428571428571429,-0.285714285714286,
-0.142857142857143,0.),.UNSPECIFIED.);
#319=B_SPLINE_CURVE_WITH_KNOTS('',3,(#2473,#2474,#2475,#2476,#2477,#2478,
#2479,#2480),.UNSPECIFIED.,.F.,.F.,(4,1,1,1,1,4),(-0.761928662024706,-0.65308171030689,
-0.544234758589075,-0.326540855153445,-0.108846951717815,0.),
 .UNSPECIFIED.);
#320=B_SPLINE_CURVE_WITH_KNOTS('',3,(#2532,#2533,#2534,#2535,#2536,#2537,
#2538,#2539,#2540,#2541),.UNSPECIFIED.,.F.,.F.,(4,1,1,1,1,1,1,4),(-1.,-0.857142857142857,
-0.714285714285714,-0.571428571428571,-0.428571428571429,-0.285714285714286,
-0.142857142857143,0.),.UNSPECIFIED.);
#321=B_SPLINE_CURVE_WITH_KNOTS('',3,(#2544,#2545,#2546,#2547,#2548,#2549,
#2550,#2551,#2552,#2553),.UNSPECIFIED.,.F.,.F.,(4,1,1,1,1,1,1,4),(0.,0.142857142857143,
0.285714285714286,0.428571428571429,0.571428571428571,0.714285714285714,
0.857142857142857,1.),.UNSPECIFIED.);
#322=B_SPLINE_CURVE_WITH_KNOTS('',3,(#2656,#2657,#2658,#2659,#2660,#2661,
#2662,#2663,#2664,#2665),.UNSPECIFIED.,.F.,.F.,(4,1,1,1,1,1,1,4),(0.,0.142857142857143,
0.285714285714286,0.428571428571429,0.571428571428571,0.714285714285714,
0.857142857142857,1.),.UNSPECIFIED.);
#323=B_SPLINE_CURVE_WITH_KNOTS('',3,(#2718,#2719,#2720,#2721,#2722,#2723,
#2724,#2725,#2726,#2727),.UNSPECIFIED.,.F.,.F.,(4,1,1,1,1,1,1,4),(0.,0.142857142857143,
0.285714285714286,0.428571428571429,0.571428571428571,0.714285714285714,
0.857142857142857,1.),.UNSPECIFIED.);
#324=B_SPLINE_CURVE_WITH_KNOTS('',3,(#2917,#2918,#2919,#2920,#2921),
 .UNSPECIFIED.,.F.,.F.,(4,1,4),(0.553339137992105,0.653081710306886,0.761928662024701),
 .UNSPECIFIED.);
#325=B_SPLINE_CURVE_WITH_KNOTS('',3,(#2923,#2924,#2925,#2926,#2927,#2928,
#2929,#2930,#2931,#2932),.UNSPECIFIED.,.F.,.F.,(4,1,1,1,1,1,1,4),(-1.,-0.857142857142857,
-0.714285714285714,-0.571428571428571,-0.428571428571429,-0.285714285714286,
-0.142857142857143,0.),.UNSPECIFIED.);
#326=B_SPLINE_CURVE_WITH_KNOTS('',3,(#2933,#2934,#2935,#2936,#2937,#2938,
#2939,#2940),.UNSPECIFIED.,.F.,.F.,(4,1,1,1,1,4),(-0.761928662024701,-0.653081710306886,
-0.544234758589072,-0.326540855153443,-0.108846951717814,0.),
 .UNSPECIFIED.);
#327=B_SPLINE_CURVE_WITH_KNOTS('',3,(#2983,#2984,#2985,#2986,#2987,#2988,
#2989,#2990,#2991,#2992),.UNSPECIFIED.,.F.,.F.,(4,1,1,1,1,1,1,4),(0.,0.142857142857143,
0.285714285714286,0.428571428571429,0.571428571428571,0.714285714285714,
0.857142857142857,1.),.UNSPECIFIED.);
#328=B_SPLINE_CURVE_WITH_KNOTS('',3,(#3095,#3096,#3097,#3098,#3099,#3100,
#3101,#3102,#3103,#3104),.UNSPECIFIED.,.F.,.F.,(4,1,1,1,1,1,1,4),(-0.761939035522354,
-0.707514818699328,-0.653090601876303,-0.544242168230253,-0.326545300938152,
-0.217696867292101,-0.108848433646051,0.),.UNSPECIFIED.);
#329=B_SPLINE_CURVE_WITH_KNOTS('',3,(#3105,#3106,#3107,#3108,#3109),
 .UNSPECIFIED.,.F.,.F.,(4,1,4),(0.,0.108848433646051,0.208567777494015),
 .UNSPECIFIED.);
#330=B_SPLINE_CURVE_WITH_KNOTS('',3,(#3155,#3156,#3157,#3158,#3159,#3160,
#3161,#3162,#3163,#3164),.UNSPECIFIED.,.F.,.F.,(4,1,1,1,1,1,1,4),(0.,0.142857142857143,
0.285714285714286,0.428571428571429,0.571428571428571,0.714285714285714,
0.857142857142857,1.),.UNSPECIFIED.);
#331=B_SPLINE_CURVE_WITH_KNOTS('',3,(#3267,#3268,#3269,#3270,#3271,#3272,
#3273,#3274,#3275,#3276),.UNSPECIFIED.,.F.,.F.,(4,1,1,1,1,1,1,4),(-0.761939035522351,
-0.707514818699326,-0.653090601876301,-0.544242168230251,-0.32654530093815,
-0.2176968672921,-0.10884843364605,0.),.UNSPECIFIED.);
#332=B_SPLINE_CURVE_WITH_KNOTS('',3,(#3277,#3278,#3279,#3280,#3281),
 .UNSPECIFIED.,.F.,.F.,(4,1,4),(0.,0.10884843364605,0.20856761857206),
 .UNSPECIFIED.);
#333=B_SPLINE_CURVE_WITH_KNOTS('',3,(#3328,#3329,#3330,#3331,#3332,#3333,
#3334,#3335,#3336,#3337,#3338,#3339,#3340,#3341,#3342,#3343,#3344,#3345,
#3346,#3347,#3348,#3349),.UNSPECIFIED.,.F.,.F.,(4,3,3,3,3,3,3,4),(0.,0.0649341550482361,
0.129868310096473,0.194802465144709,0.259736620192945,0.389604930289418,
0.405838469051477,0.454539085337655),.UNSPECIFIED.);
#334=B_SPLINE_CURVE_WITH_KNOTS('',3,(#3394,#3395,#3396,#3397,#3398,#3399,
#3400,#3401,#3402,#3403,#3404,#3405,#3406,#3407,#3408,#3409,#3410,#3411,
#3412,#3413,#3414,#3415),.UNSPECIFIED.,.F.,.F.,(4,3,3,3,3,3,3,4),(0.,0.0779091993971463,
0.155818398794293,0.233727598191439,0.311636797588586,0.467455196382879,
0.486932496232165,0.545364395780025),.UNSPECIFIED.);
#335=B_SPLINE_CURVE_WITH_KNOTS('',3,(#3460,#3461,#3462,#3463,#3464,#3465,
#3466,#3467,#3468,#3469,#3470,#3471,#3472,#3473,#3474,#3475,#3476,#3477,
#3478,#3479,#3480,#3481),.UNSPECIFIED.,.F.,.F.,(4,3,3,3,3,3,3,4),(0.,0.0649341550483604,
0.129868310096721,0.194802465145081,0.259736620193442,0.389604930290162,
0.405838469052252,0.454539085338522),.UNSPECIFIED.);
#336=B_SPLINE_CURVE_WITH_KNOTS('',3,(#3526,#3527,#3528,#3529,#3530,#3531,
#3532,#3533,#3534,#3535,#3536,#3537,#3538,#3539,#3540,#3541,#3542,#3543,
#3544,#3545,#3546,#3547),.UNSPECIFIED.,.F.,.F.,(4,3,3,3,3,3,3,4),(0.,0.0779091993971467,
0.155818398794294,0.233727598191442,0.31163679758859,0.467455196382886,
0.486932496232172,0.545364395780033),.UNSPECIFIED.);
#337=B_SPLINE_CURVE_WITH_KNOTS('',3,(#3665,#3666,#3667,#3668,#3669,#3670,
#3671),.UNSPECIFIED.,.F.,.F.,(4,1,1,1,4),(0.,0.285714285714286,0.571428571428571,
0.857142857142857,1.),.UNSPECIFIED.);
#338=B_SPLINE_CURVE_WITH_KNOTS('',3,(#3673,#3674,#3675,#3676,#3677,#3678,
#3679,#3680,#3681,#3682,#3683,#3684,#3685,#3686,#3687,#3688),
 .UNSPECIFIED.,.F.,.F.,(4,1,1,1,1,1,2,2,1,2,4),(-0.54554550015857,-0.508895058050721,
-0.467809375319395,-0.405620475448055,-0.345033596882368,-0.256141309113447,
-0.133615910633436,-0.078044844221374,-0.042263904939491,0.,0.00186948910318281),
 .UNSPECIFIED.);
#339=B_SPLINE_CURVE_WITH_KNOTS('',3,(#3689,#3690,#3691,#3692,#3693,#3694,
#3695,#3696,#3697,#3698,#3699,#3700,#3701,#3702,#3703,#3704),
 .UNSPECIFIED.,.F.,.F.,(4,2,1,2,2,1,1,1,1,1,4),(-0.00186948910318281,0.,
0.042263904939491,0.078044844221374,0.133615910633436,0.256141309113447,
0.345033596882368,0.405620475448055,0.467809375319395,0.508895058050721,
0.54554550015857),.UNSPECIFIED.);
#340=B_SPLINE_CURVE_WITH_KNOTS('',3,(#3747,#3748,#3749,#3750,#3751,#3752,
#3753,#3754,#3755,#3756),.UNSPECIFIED.,.F.,.F.,(4,1,1,1,1,1,1,4),(-1.,-0.857142857142857,
-0.714285714285714,-0.571428571428571,-0.428571428571429,-0.285714285714286,
-0.142857142857143,0.),.UNSPECIFIED.);
#341=B_SPLINE_CURVE_WITH_KNOTS('',3,(#3861,#3862,#3863,#3864,#3865,#3866,
#3867,#3868,#3869,#3870),.UNSPECIFIED.,.F.,.F.,(4,1,1,1,1,1,1,4),(0.,0.142857142857143,
0.285714285714286,0.428571428571429,0.571428571428571,0.714285714285714,
0.857142857142857,1.),.UNSPECIFIED.);
#342=B_SPLINE_CURVE_WITH_KNOTS('',3,(#3915,#3916,#3917,#3918,#3919,#3920,
#3921,#3922,#3923,#3924),.UNSPECIFIED.,.F.,.F.,(4,1,1,1,1,1,1,4),(-1.,-0.857142857142857,
-0.714285714285714,-0.571428571428571,-0.428571428571429,-0.285714285714286,
-0.142857142857143,0.),.UNSPECIFIED.);
#343=B_SPLINE_CURVE_WITH_KNOTS('',3,(#4078,#4079,#4080,#4081,#4082,#4083,
#4084,#4085,#4086,#4087,#4088,#4089,#4090,#4091,#4092),.UNSPECIFIED.,.F.,
 .F.,(4,1,1,2,1,1,2,1,2,4),(0.,0.036650842055343,0.0777366794445337,0.137481044673096,
0.19928953026998,0.288181400727818,0.411928954796229,0.478739544223827,
0.545545088062889,0.547414568924798),.UNSPECIFIED.);
#344=B_SPLINE_CURVE_WITH_KNOTS('',3,(#4093,#4094,#4095,#4096,#4097,#4098,
#4099,#4100,#4101,#4102,#4103,#4104,#4105,#4106,#4107),.UNSPECIFIED.,.F.,
 .F.,(4,2,1,2,1,1,2,1,1,4),(-0.547414568924798,-0.545545088062889,-0.478739544223827,
-0.411928954796229,-0.288181400727818,-0.19928953026998,-0.137481044673096,
-0.0777366794445337,-0.036650842055343,0.),.UNSPECIFIED.);
#345=B_SPLINE_CURVE_WITH_KNOTS('',3,(#4118,#4119,#4120,#4121,#4122,#4123,
#4124,#4125,#4126,#4127,#4128,#4129,#4130,#4131,#4132,#4133),
 .UNSPECIFIED.,.F.,.F.,(4,2,1,2,2,1,1,1,1,1,4),(-0.00186948911212978,0.,
0.0422639049321473,0.0780448442254398,0.133615910626079,0.256141309106107,
0.345033596875035,0.40562047544075,0.467809375312066,0.50889505804336,0.545545500151211),
 .UNSPECIFIED.);
#346=B_SPLINE_CURVE_WITH_KNOTS('',3,(#4145,#4146,#4147,#4148,#4149,#4150,
#4151,#4152,#4153,#4154,#4155,#4156,#4157,#4158,#4159),.UNSPECIFIED.,.F.,
 .F.,(4,1,1,2,1,1,2,1,2,4),(0.,0.0366508420553424,0.0777366794445845,0.137481044673095,
0.199289530269979,0.288181400727807,0.411928954796225,0.478739544225726,
0.54554508806669,0.547414568924083),.UNSPECIFIED.);
#347=B_SPLINE_CURVE_WITH_KNOTS('',3,(#4278,#4279,#4280,#4281,#4282,#4283,
#4284),.UNSPECIFIED.,.F.,.F.,(4,1,1,1,4),(0.,0.285714285714286,0.571428571428571,
0.857142857142857,1.),.UNSPECIFIED.);
#348=B_SPLINE_CURVE_WITH_KNOTS('',3,(#4285,#4286,#4287,#4288,#4289,#4290,
#4291,#4292,#4293,#4294,#4295,#4296,#4297,#4298,#4299,#4300),
 .UNSPECIFIED.,.F.,.F.,(4,1,1,1,1,1,2,2,1,2,4),(-0.545545500151211,-0.50889505804336,
-0.467809375312066,-0.40562047544075,-0.345033596875035,-0.256141309106107,
-0.133615910626079,-0.0780448442254398,-0.0422639049321473,0.,0.00186948911212978),
 .UNSPECIFIED.);
#349=B_SPLINE_CURVE_WITH_KNOTS('',3,(#4342,#4343,#4344,#4345,#4346,#4347,
#4348,#4349,#4350,#4351),.UNSPECIFIED.,.F.,.F.,(4,1,1,1,1,1,1,4),(-1.,-0.857142857142857,
-0.714285714285714,-0.571428571428571,-0.428571428571429,-0.285714285714286,
-0.142857142857143,0.),.UNSPECIFIED.);
#350=B_SPLINE_CURVE_WITH_KNOTS('',3,(#4454,#4455,#4456,#4457,#4458,#4459,
#4460,#4461,#4462,#4463),.UNSPECIFIED.,.F.,.F.,(4,1,1,1,1,1,1,4),(0.,0.142857142857143,
0.285714285714286,0.428571428571429,0.571428571428571,0.714285714285714,
0.857142857142857,1.),.UNSPECIFIED.);
#351=B_SPLINE_CURVE_WITH_KNOTS('',3,(#4507,#4508,#4509,#4510,#4511,#4512,
#4513,#4514,#4515,#4516),.UNSPECIFIED.,.F.,.F.,(4,1,1,1,1,1,1,4),(-1.,-0.857142857142857,
-0.714285714285714,-0.571428571428571,-0.428571428571429,-0.285714285714286,
-0.142857142857143,0.),.UNSPECIFIED.);
#352=B_SPLINE_CURVE_WITH_KNOTS('',3,(#4668,#4669,#4670,#4671,#4672,#4673,
#4674,#4675,#4676,#4677,#4678,#4679,#4680,#4681,#4682),.UNSPECIFIED.,.F.,
 .F.,(4,2,1,2,1,1,2,1,1,4),(-0.547414568924083,-0.54554508806669,-0.478739544225726,
-0.411928954796225,-0.288181400727807,-0.199289530269979,-0.137481044673095,
-0.0777366794445845,-0.0366508420553424,0.),.UNSPECIFIED.);
#353=B_SPLINE_CURVE_WITH_KNOTS('',3,(#4736,#4737,#4738,#4739,#4740,#4741,
#4742,#4743,#4744,#4745),.UNSPECIFIED.,.F.,.F.,(4,1,1,1,1,1,1,4),(-1.,-0.857142857142857,
-0.714285714285714,-0.571428571428571,-0.428571428571429,-0.285714285714286,
-0.142857142857143,0.),.UNSPECIFIED.);
#354=B_SPLINE_CURVE_WITH_KNOTS('',3,(#4748,#4749,#4750,#4751,#4752,#4753,
#4754,#4755,#4756,#4757),.UNSPECIFIED.,.F.,.F.,(4,1,1,1,1,1,1,4),(0.,0.142857142857143,
0.285714285714286,0.428571428571429,0.571428571428571,0.714285714285714,
0.857142857142857,1.),.UNSPECIFIED.);
#355=B_SPLINE_CURVE_WITH_KNOTS('',3,(#4859,#4860,#4861,#4862,#4863,#4864,
#4865,#4866,#4867,#4868),.UNSPECIFIED.,.F.,.F.,(4,1,1,1,1,1,1,4),(0.,0.142857142857143,
0.285714285714286,0.428571428571429,0.571428571428571,0.714285714285714,
0.857142857142857,1.),.UNSPECIFIED.);
#356=B_SPLINE_CURVE_WITH_KNOTS('',3,(#4921,#4922,#4923,#4924,#4925,#4926,
#4927,#4928,#4929,#4930),.UNSPECIFIED.,.F.,.F.,(4,1,1,1,1,1,1,4),(0.,0.142857142857143,
0.285714285714286,0.428571428571429,0.571428571428571,0.714285714285714,
0.857142857142857,1.),.UNSPECIFIED.);
#357=B_SPLINE_CURVE_WITH_KNOTS('',3,(#5119,#5120,#5121,#5122,#5123),
 .UNSPECIFIED.,.F.,.F.,(4,1,4),(0.553339912111629,0.653090601876276,0.761939035522354),
 .UNSPECIFIED.);
#358=B_SPLINE_CURVE_WITH_KNOTS('',3,(#5125,#5126,#5127,#5128,#5129,#5130,
#5131,#5132,#5133,#5134),.UNSPECIFIED.,.F.,.F.,(4,1,1,1,1,1,1,4),(-1.,-0.857142857142857,
-0.714285714285714,-0.571428571428571,-0.428571428571429,-0.285714285714286,
-0.142857142857143,0.),.UNSPECIFIED.);
#359=B_SPLINE_CURVE_WITH_KNOTS('',3,(#5135,#5136,#5137,#5138,#5139,#5140,
#5141,#5142),.UNSPECIFIED.,.F.,.F.,(4,1,1,1,1,4),(-0.761939035522354,-0.653090601876276,
-0.544242168230198,-0.326545300938042,-0.108848433645886,1.9151347174784E-13),
 .UNSPECIFIED.);
#360=B_SPLINE_CURVE_WITH_KNOTS('',3,(#5185,#5186,#5187,#5188,#5189,#5190,
#5191,#5192,#5193,#5194),.UNSPECIFIED.,.F.,.F.,(4,1,1,1,1,1,1,4),(0.,0.142857142857143,
0.285714285714286,0.428571428571429,0.571428571428571,0.714285714285714,
0.857142857142857,1.),.UNSPECIFIED.);
#361=B_SPLINE_CURVE_WITH_KNOTS('',3,(#5287,#5288,#5289,#5290,#5291,#5292,
#5293,#5294,#5295),.UNSPECIFIED.,.F.,.F.,(4,1,1,1,1,1,4),(-0.761928662024704,
-0.707505186165797,-0.653081710306889,-0.544234758589074,-0.326540855153445,
-0.108846951717815,0.),.UNSPECIFIED.);
#362=B_SPLINE_CURVE_WITH_KNOTS('',3,(#5296,#5297,#5298,#5299,#5300),
 .UNSPECIFIED.,.F.,.F.,(4,1,4),(0.,0.108846951717815,0.208636259566484),
 .UNSPECIFIED.);
#363=B_SPLINE_CURVE_WITH_KNOTS('',3,(#5405,#5406,#5407,#5408,#5409),
 .UNSPECIFIED.,.F.,.F.,(4,1,4),(0.553376439769904,0.65309060187629,0.761939035522354),
 .UNSPECIFIED.);
#364=B_SPLINE_CURVE_WITH_KNOTS('',3,(#5411,#5412,#5413,#5414,#5415,#5416,
#5417,#5418,#5419,#5420),.UNSPECIFIED.,.F.,.F.,(4,1,1,1,1,1,1,4),(-1.,-0.857142857142857,
-0.714285714285714,-0.571428571428571,-0.428571428571429,-0.285714285714286,
-0.142857142857143,0.),.UNSPECIFIED.);
#365=B_SPLINE_CURVE_WITH_KNOTS('',3,(#5421,#5422,#5423,#5424,#5425,#5426,
#5427,#5428,#5429,#5430),.UNSPECIFIED.,.F.,.F.,(4,1,1,1,1,1,1,4),(-0.761939035522354,
-0.65309060187629,-0.544242168230226,-0.326545300938097,-0.217696867292033,
-0.108848433645969,-0.0544242168229364,9.57012247226885E-14),
 .UNSPECIFIED.);
#366=B_SPLINE_CURVE_WITH_KNOTS('',3,(#5473,#5474,#5475,#5476,#5477,#5478,
#5479,#5480,#5481,#5482),.UNSPECIFIED.,.F.,.F.,(4,1,1,1,1,1,1,4),(0.,0.142857142857143,
0.285714285714286,0.428571428571429,0.571428571428571,0.714285714285714,
0.857142857142857,1.),.UNSPECIFIED.);
#367=B_SPLINE_CURVE_WITH_KNOTS('',3,(#5565,#5566,#5567,#5568,#5569,#5570,
#5571,#5572),.UNSPECIFIED.,.F.,.F.,(4,1,1,1,1,4),(-0.761928662024705,-0.65308171030689,
-0.43538780687126,-0.21769390343563,-0.108846951717815,-5.55111512312584E-17),
 .UNSPECIFIED.);
#368=B_SPLINE_CURVE_WITH_KNOTS('',3,(#5573,#5574,#5575,#5576,#5577),
 .UNSPECIFIED.,.F.,.F.,(4,1,4),(5.55111512312584E-17,0.108846951717815,
0.20858872131059),.UNSPECIFIED.);
#369=VERTEX_POINT('',#1362);
#370=VERTEX_POINT('',#1363);
#371=VERTEX_POINT('',#1371);
#372=VERTEX_POINT('',#1444);
#373=VERTEX_POINT('',#1445);
#374=VERTEX_POINT('',#1558);
#375=VERTEX_POINT('',#1559);
#376=VERTEX_POINT('',#1612);
#377=VERTEX_POINT('',#1613);
#378=VERTEX_POINT('',#1776);
#379=VERTEX_POINT('',#1808);
#380=VERTEX_POINT('',#1810);
#381=VERTEX_POINT('',#1925);
#382=VERTEX_POINT('',#1926);
#383=VERTEX_POINT('',#1934);
#384=VERTEX_POINT('',#2007);
#385=VERTEX_POINT('',#2008);
#386=VERTEX_POINT('',#2121);
#387=VERTEX_POINT('',#2122);
#388=VERTEX_POINT('',#2175);
#389=VERTEX_POINT('',#2176);
#390=VERTEX_POINT('',#2339);
#391=VERTEX_POINT('',#2371);
#392=VERTEX_POINT('',#2373);
#393=VERTEX_POINT('',#2456);
#394=VERTEX_POINT('',#2462);
#395=VERTEX_POINT('',#2531);
#396=VERTEX_POINT('',#2543);
#397=VERTEX_POINT('',#2655);
#398=VERTEX_POINT('',#2717);
#399=VERTEX_POINT('',#2832);
#400=VERTEX_POINT('',#2834);
#401=VERTEX_POINT('',#2916);
#402=VERTEX_POINT('',#2922);
#403=VERTEX_POINT('',#2981);
#404=VERTEX_POINT('',#2982);
#405=VERTEX_POINT('',#3111);
#406=VERTEX_POINT('',#3153);
#407=VERTEX_POINT('',#3154);
#408=VERTEX_POINT('',#3283);
#409=VERTEX_POINT('',#3325);
#410=VERTEX_POINT('',#3327);
#411=VERTEX_POINT('',#3391);
#412=VERTEX_POINT('',#3393);
#413=VERTEX_POINT('',#3457);
#414=VERTEX_POINT('',#3459);
#415=VERTEX_POINT('',#3523);
#416=VERTEX_POINT('',#3525);
#417=VERTEX_POINT('',#3663);
#418=VERTEX_POINT('',#3664);
#419=VERTEX_POINT('',#3672);
#420=VERTEX_POINT('',#3745);
#421=VERTEX_POINT('',#3746);
#422=VERTEX_POINT('',#3859);
#423=VERTEX_POINT('',#3860);
#424=VERTEX_POINT('',#3913);
#425=VERTEX_POINT('',#3914);
#426=VERTEX_POINT('',#4077);
#427=VERTEX_POINT('',#4109);
#428=VERTEX_POINT('',#4111);
#429=VERTEX_POINT('',#4113);
#430=VERTEX_POINT('',#4115);
#431=VERTEX_POINT('',#4117);
#432=VERTEX_POINT('',#4137);
#433=VERTEX_POINT('',#4142);
#434=VERTEX_POINT('',#4144);
#435=VERTEX_POINT('',#4160);
#436=VERTEX_POINT('',#4162);
#437=VERTEX_POINT('',#4277);
#438=VERTEX_POINT('',#4341);
#439=VERTEX_POINT('',#4453);
#440=VERTEX_POINT('',#4506);
#441=VERTEX_POINT('',#4735);
#442=VERTEX_POINT('',#4746);
#443=VERTEX_POINT('',#4858);
#444=VERTEX_POINT('',#4920);
#445=VERTEX_POINT('',#5034);
#446=VERTEX_POINT('',#5036);
#447=VERTEX_POINT('',#5118);
#448=VERTEX_POINT('',#5124);
#449=VERTEX_POINT('',#5183);
#450=VERTEX_POINT('',#5184);
#451=VERTEX_POINT('',#5302);
#452=VERTEX_POINT('',#5404);
#453=VERTEX_POINT('',#5410);
#454=VERTEX_POINT('',#5471);
#455=VERTEX_POINT('',#5472);
#456=VERTEX_POINT('',#5579);
#457=EDGE_CURVE('',#369,#370,#301,.T.);
#458=EDGE_CURVE('',#370,#371,#302,.T.);
#459=EDGE_CURVE('',#371,#369,#303,.T.);
#460=EDGE_CURVE('',#372,#373,#304,.T.);
#461=EDGE_CURVE('',#373,#370,#109,.T.);
#462=EDGE_CURVE('',#369,#372,#110,.T.);
#463=EDGE_CURVE('',#374,#375,#305,.T.);
#464=EDGE_CURVE('',#375,#373,#111,.T.);
#465=EDGE_CURVE('',#372,#374,#112,.T.);
#466=EDGE_CURVE('',#376,#377,#306,.T.);
#467=EDGE_CURVE('',#377,#375,#113,.T.);
#468=EDGE_CURVE('',#374,#376,#114,.T.);
#469=EDGE_CURVE('',#376,#378,#307,.T.);
#470=EDGE_CURVE('',#378,#377,#308,.T.);
#471=EDGE_CURVE('',#372,#379,#35,.T.);
#472=EDGE_CURVE('',#380,#379,#115,.T.);
#473=EDGE_CURVE('',#374,#380,#36,.T.);
#474=EDGE_CURVE('',#381,#382,#309,.T.);
#475=EDGE_CURVE('',#382,#383,#310,.T.);
#476=EDGE_CURVE('',#383,#381,#311,.T.);
#477=EDGE_CURVE('',#384,#385,#312,.T.);
#478=EDGE_CURVE('',#385,#382,#116,.T.);
#479=EDGE_CURVE('',#381,#384,#117,.T.);
#480=EDGE_CURVE('',#386,#387,#313,.T.);
#481=EDGE_CURVE('',#387,#385,#118,.T.);
#482=EDGE_CURVE('',#384,#386,#119,.T.);
#483=EDGE_CURVE('',#388,#389,#314,.T.);
#484=EDGE_CURVE('',#389,#387,#120,.T.);
#485=EDGE_CURVE('',#386,#388,#121,.T.);
#486=EDGE_CURVE('',#388,#390,#315,.T.);
#487=EDGE_CURVE('',#390,#389,#316,.T.);
#488=EDGE_CURVE('',#384,#391,#37,.T.);
#489=EDGE_CURVE('',#392,#391,#122,.T.);
#490=EDGE_CURVE('',#386,#392,#38,.T.);
#491=EDGE_CURVE('',#382,#393,#317,.T.);
#492=EDGE_CURVE('',#393,#394,#318,.T.);
#493=EDGE_CURVE('',#394,#383,#319,.T.);
#494=EDGE_CURVE('',#395,#379,#320,.T.);
#495=EDGE_CURVE('',#379,#392,#123,.T.);
#496=EDGE_CURVE('',#392,#396,#321,.T.);
#497=EDGE_CURVE('',#396,#395,#124,.T.);
#498=EDGE_CURVE('',#391,#397,#322,.T.);
#499=EDGE_CURVE('',#397,#396,#125,.T.);
#500=EDGE_CURVE('',#380,#398,#323,.T.);
#501=EDGE_CURVE('',#398,#397,#126,.T.);
#502=EDGE_CURVE('',#391,#380,#127,.T.);
#503=EDGE_CURVE('',#395,#398,#128,.T.);
#504=EDGE_CURVE('',#399,#399,#129,.T.);
#505=EDGE_CURVE('',#400,#400,#130,.T.);
#506=EDGE_CURVE('',#370,#401,#324,.T.);
#507=EDGE_CURVE('',#401,#402,#325,.T.);
#508=EDGE_CURVE('',#402,#371,#326,.T.);
#509=EDGE_CURVE('',#403,#404,#327,.T.);
#510=EDGE_CURVE('',#404,#402,#39,.T.);
#511=EDGE_CURVE('',#401,#403,#40,.T.);
#512=EDGE_CURVE('',#378,#404,#328,.T.);
#513=EDGE_CURVE('',#403,#377,#329,.T.);
#514=EDGE_CURVE('',#405,#405,#131,.T.);
#515=EDGE_CURVE('',#406,#407,#330,.T.);
#516=EDGE_CURVE('',#407,#394,#41,.T.);
#517=EDGE_CURVE('',#393,#406,#42,.T.);
#518=EDGE_CURVE('',#390,#407,#331,.T.);
#519=EDGE_CURVE('',#406,#389,#332,.T.);
#520=EDGE_CURVE('',#408,#408,#132,.T.);
#521=EDGE_CURVE('',#394,#409,#43,.T.);
#522=EDGE_CURVE('',#410,#409,#333,.T.);
#523=EDGE_CURVE('',#410,#383,#44,.T.);
#524=EDGE_CURVE('',#390,#411,#45,.T.);
#525=EDGE_CURVE('',#412,#411,#334,.T.);
#526=EDGE_CURVE('',#412,#407,#46,.T.);
#527=EDGE_CURVE('',#402,#413,#47,.T.);
#528=EDGE_CURVE('',#414,#413,#335,.T.);
#529=EDGE_CURVE('',#414,#371,#48,.T.);
#530=EDGE_CURVE('',#378,#415,#49,.T.);
#531=EDGE_CURVE('',#416,#415,#336,.T.);
#532=EDGE_CURVE('',#416,#404,#50,.T.);
#533=EDGE_CURVE('',#417,#418,#337,.T.);
#534=EDGE_CURVE('',#418,#419,#338,.T.);
#535=EDGE_CURVE('',#419,#417,#339,.T.);
#536=EDGE_CURVE('',#420,#421,#340,.T.);
#537=EDGE_CURVE('',#421,#418,#133,.T.);
#538=EDGE_CURVE('',#417,#420,#134,.T.);
#539=EDGE_CURVE('',#422,#423,#341,.T.);
#540=EDGE_CURVE('',#423,#421,#135,.T.);
#541=EDGE_CURVE('',#420,#422,#136,.T.);
#542=EDGE_CURVE('',#424,#425,#342,.T.);
#543=EDGE_CURVE('',#425,#423,#137,.T.);
#544=EDGE_CURVE('',#422,#424,#138,.T.);
#545=EDGE_CURVE('',#424,#426,#343,.T.);
#546=EDGE_CURVE('',#426,#425,#344,.T.);
#547=EDGE_CURVE('',#422,#427,#51,.T.);
#548=EDGE_CURVE('',#428,#427,#139,.T.);
#549=EDGE_CURVE('',#429,#428,#52,.T.);
#550=EDGE_CURVE('',#430,#429,#140,.T.);
#551=EDGE_CURVE('',#431,#430,#345,.T.);
#552=EDGE_CURVE('',#411,#431,#53,.T.);
#553=EDGE_CURVE('',#426,#414,#54,.T.);
#554=EDGE_CURVE('',#420,#432,#55,.T.);
#555=EDGE_CURVE('',#427,#432,#141,.T.);
#556=EDGE_CURVE('',#415,#419,#56,.T.);
#557=EDGE_CURVE('',#433,#410,#57,.T.);
#558=EDGE_CURVE('',#434,#433,#346,.T.);
#559=EDGE_CURVE('',#435,#434,#142,.T.);
#560=EDGE_CURVE('',#435,#436,#58,.T.);
#561=EDGE_CURVE('',#432,#436,#143,.T.);
#562=EDGE_CURVE('',#430,#437,#347,.T.);
#563=EDGE_CURVE('',#437,#431,#348,.T.);
#564=EDGE_CURVE('',#429,#438,#349,.T.);
#565=EDGE_CURVE('',#438,#437,#144,.T.);
#566=EDGE_CURVE('',#435,#439,#350,.T.);
#567=EDGE_CURVE('',#439,#438,#145,.T.);
#568=EDGE_CURVE('',#429,#435,#146,.T.);
#569=EDGE_CURVE('',#434,#440,#351,.T.);
#570=EDGE_CURVE('',#440,#439,#147,.T.);
#571=EDGE_CURVE('',#433,#440,#352,.T.);
#572=EDGE_CURVE('',#436,#428,#148,.T.);
#573=EDGE_CURVE('',#427,#441,#353,.T.);
#574=EDGE_CURVE('',#441,#442,#149,.T.);
#575=EDGE_CURVE('',#442,#428,#354,.T.);
#576=EDGE_CURVE('',#443,#436,#355,.T.);
#577=EDGE_CURVE('',#442,#443,#150,.T.);
#578=EDGE_CURVE('',#444,#432,#356,.T.);
#579=EDGE_CURVE('',#443,#444,#151,.T.);
#580=EDGE_CURVE('',#444,#441,#152,.T.);
#581=EDGE_CURVE('',#445,#445,#153,.T.);
#582=EDGE_CURVE('',#446,#446,#154,.T.);
#583=EDGE_CURVE('',#418,#447,#357,.T.);
#584=EDGE_CURVE('',#447,#448,#358,.T.);
#585=EDGE_CURVE('',#448,#419,#359,.T.);
#586=EDGE_CURVE('',#449,#450,#360,.T.);
#587=EDGE_CURVE('',#450,#448,#59,.T.);
#588=EDGE_CURVE('',#447,#449,#60,.T.);
#589=EDGE_CURVE('',#426,#450,#361,.T.);
#590=EDGE_CURVE('',#449,#425,#362,.T.);
#591=EDGE_CURVE('',#451,#451,#155,.T.);
#592=EDGE_CURVE('',#437,#452,#363,.T.);
#593=EDGE_CURVE('',#452,#453,#364,.T.);
#594=EDGE_CURVE('',#453,#431,#365,.T.);
#595=EDGE_CURVE('',#454,#455,#366,.T.);
#596=EDGE_CURVE('',#455,#453,#61,.T.);
#597=EDGE_CURVE('',#452,#454,#62,.T.);
#598=EDGE_CURVE('',#433,#455,#367,.T.);
#599=EDGE_CURVE('',#454,#440,#368,.T.);
#600=EDGE_CURVE('',#456,#456,#156,.T.);
#601=EDGE_CURVE('',#409,#455,#63,.T.);
#602=EDGE_CURVE('',#453,#412,#64,.T.);
#603=EDGE_CURVE('',#413,#450,#65,.T.);
#604=EDGE_CURVE('',#448,#416,#66,.T.);
#605=ORIENTED_EDGE('',*,*,#457,.T.);
#606=ORIENTED_EDGE('',*,*,#458,.T.);
#607=ORIENTED_EDGE('',*,*,#459,.T.);
#608=ORIENTED_EDGE('',*,*,#460,.T.);
#609=ORIENTED_EDGE('',*,*,#461,.T.);
#610=ORIENTED_EDGE('',*,*,#457,.F.);
#611=ORIENTED_EDGE('',*,*,#462,.T.);
#612=ORIENTED_EDGE('',*,*,#463,.T.);
#613=ORIENTED_EDGE('',*,*,#464,.T.);
#614=ORIENTED_EDGE('',*,*,#460,.F.);
#615=ORIENTED_EDGE('',*,*,#465,.T.);
#616=ORIENTED_EDGE('',*,*,#466,.T.);
#617=ORIENTED_EDGE('',*,*,#467,.T.);
#618=ORIENTED_EDGE('',*,*,#463,.F.);
#619=ORIENTED_EDGE('',*,*,#468,.T.);
#620=ORIENTED_EDGE('',*,*,#469,.T.);
#621=ORIENTED_EDGE('',*,*,#470,.T.);
#622=ORIENTED_EDGE('',*,*,#466,.F.);
#623=ORIENTED_EDGE('',*,*,#465,.F.);
#624=ORIENTED_EDGE('',*,*,#471,.T.);
#625=ORIENTED_EDGE('',*,*,#472,.F.);
#626=ORIENTED_EDGE('',*,*,#473,.F.);
#627=ORIENTED_EDGE('',*,*,#474,.T.);
#628=ORIENTED_EDGE('',*,*,#475,.T.);
#629=ORIENTED_EDGE('',*,*,#476,.T.);
#630=ORIENTED_EDGE('',*,*,#477,.T.);
#631=ORIENTED_EDGE('',*,*,#478,.T.);
#632=ORIENTED_EDGE('',*,*,#474,.F.);
#633=ORIENTED_EDGE('',*,*,#479,.T.);
#634=ORIENTED_EDGE('',*,*,#480,.T.);
#635=ORIENTED_EDGE('',*,*,#481,.T.);
#636=ORIENTED_EDGE('',*,*,#477,.F.);
#637=ORIENTED_EDGE('',*,*,#482,.T.);
#638=ORIENTED_EDGE('',*,*,#483,.T.);
#639=ORIENTED_EDGE('',*,*,#484,.T.);
#640=ORIENTED_EDGE('',*,*,#480,.F.);
#641=ORIENTED_EDGE('',*,*,#485,.T.);
#642=ORIENTED_EDGE('',*,*,#486,.T.);
#643=ORIENTED_EDGE('',*,*,#487,.T.);
#644=ORIENTED_EDGE('',*,*,#483,.F.);
#645=ORIENTED_EDGE('',*,*,#482,.F.);
#646=ORIENTED_EDGE('',*,*,#488,.T.);
#647=ORIENTED_EDGE('',*,*,#489,.F.);
#648=ORIENTED_EDGE('',*,*,#490,.F.);
#649=ORIENTED_EDGE('',*,*,#475,.F.);
#650=ORIENTED_EDGE('',*,*,#491,.T.);
#651=ORIENTED_EDGE('',*,*,#492,.T.);
#652=ORIENTED_EDGE('',*,*,#493,.T.);
#653=ORIENTED_EDGE('',*,*,#494,.T.);
#654=ORIENTED_EDGE('',*,*,#495,.T.);
#655=ORIENTED_EDGE('',*,*,#496,.T.);
#656=ORIENTED_EDGE('',*,*,#497,.T.);
#657=ORIENTED_EDGE('',*,*,#498,.T.);
#658=ORIENTED_EDGE('',*,*,#499,.T.);
#659=ORIENTED_EDGE('',*,*,#496,.F.);
#660=ORIENTED_EDGE('',*,*,#489,.T.);
#661=ORIENTED_EDGE('',*,*,#500,.T.);
#662=ORIENTED_EDGE('',*,*,#501,.T.);
#663=ORIENTED_EDGE('',*,*,#498,.F.);
#664=ORIENTED_EDGE('',*,*,#502,.T.);
#665=ORIENTED_EDGE('',*,*,#494,.F.);
#666=ORIENTED_EDGE('',*,*,#503,.T.);
#667=ORIENTED_EDGE('',*,*,#500,.F.);
#668=ORIENTED_EDGE('',*,*,#472,.T.);
#669=ORIENTED_EDGE('',*,*,#497,.F.);
#670=ORIENTED_EDGE('',*,*,#499,.F.);
#671=ORIENTED_EDGE('',*,*,#501,.F.);
#672=ORIENTED_EDGE('',*,*,#503,.F.);
#673=ORIENTED_EDGE('',*,*,#504,.T.);
#674=ORIENTED_EDGE('',*,*,#505,.T.);
#675=ORIENTED_EDGE('',*,*,#458,.F.);
#676=ORIENTED_EDGE('',*,*,#506,.T.);
#677=ORIENTED_EDGE('',*,*,#507,.T.);
#678=ORIENTED_EDGE('',*,*,#508,.T.);
#679=ORIENTED_EDGE('',*,*,#509,.T.);
#680=ORIENTED_EDGE('',*,*,#510,.T.);
#681=ORIENTED_EDGE('',*,*,#507,.F.);
#682=ORIENTED_EDGE('',*,*,#511,.T.);
#683=ORIENTED_EDGE('',*,*,#470,.F.);
#684=ORIENTED_EDGE('',*,*,#512,.T.);
#685=ORIENTED_EDGE('',*,*,#509,.F.);
#686=ORIENTED_EDGE('',*,*,#513,.T.);
#687=ORIENTED_EDGE('',*,*,#467,.F.);
#688=ORIENTED_EDGE('',*,*,#513,.F.);
#689=ORIENTED_EDGE('',*,*,#511,.F.);
#690=ORIENTED_EDGE('',*,*,#506,.F.);
#691=ORIENTED_EDGE('',*,*,#461,.F.);
#692=ORIENTED_EDGE('',*,*,#464,.F.);
#693=ORIENTED_EDGE('',*,*,#514,.F.);
#694=ORIENTED_EDGE('',*,*,#515,.T.);
#695=ORIENTED_EDGE('',*,*,#516,.T.);
#696=ORIENTED_EDGE('',*,*,#492,.F.);
#697=ORIENTED_EDGE('',*,*,#517,.T.);
#698=ORIENTED_EDGE('',*,*,#487,.F.);
#699=ORIENTED_EDGE('',*,*,#518,.T.);
#700=ORIENTED_EDGE('',*,*,#515,.F.);
#701=ORIENTED_EDGE('',*,*,#519,.T.);
#702=ORIENTED_EDGE('',*,*,#484,.F.);
#703=ORIENTED_EDGE('',*,*,#519,.F.);
#704=ORIENTED_EDGE('',*,*,#517,.F.);
#705=ORIENTED_EDGE('',*,*,#491,.F.);
#706=ORIENTED_EDGE('',*,*,#478,.F.);
#707=ORIENTED_EDGE('',*,*,#481,.F.);
#708=ORIENTED_EDGE('',*,*,#520,.F.);
#709=ORIENTED_EDGE('',*,*,#493,.F.);
#710=ORIENTED_EDGE('',*,*,#521,.T.);
#711=ORIENTED_EDGE('',*,*,#522,.F.);
#712=ORIENTED_EDGE('',*,*,#523,.T.);
#713=ORIENTED_EDGE('',*,*,#518,.F.);
#714=ORIENTED_EDGE('',*,*,#524,.T.);
#715=ORIENTED_EDGE('',*,*,#525,.F.);
#716=ORIENTED_EDGE('',*,*,#526,.T.);
#717=ORIENTED_EDGE('',*,*,#508,.F.);
#718=ORIENTED_EDGE('',*,*,#527,.T.);
#719=ORIENTED_EDGE('',*,*,#528,.F.);
#720=ORIENTED_EDGE('',*,*,#529,.T.);
#721=ORIENTED_EDGE('',*,*,#512,.F.);
#722=ORIENTED_EDGE('',*,*,#530,.T.);
#723=ORIENTED_EDGE('',*,*,#531,.F.);
#724=ORIENTED_EDGE('',*,*,#532,.T.);
#725=ORIENTED_EDGE('',*,*,#504,.F.);
#726=ORIENTED_EDGE('',*,*,#520,.T.);
#727=ORIENTED_EDGE('',*,*,#505,.F.);
#728=ORIENTED_EDGE('',*,*,#514,.T.);
#729=ORIENTED_EDGE('',*,*,#533,.T.);
#730=ORIENTED_EDGE('',*,*,#534,.T.);
#731=ORIENTED_EDGE('',*,*,#535,.T.);
#732=ORIENTED_EDGE('',*,*,#536,.T.);
#733=ORIENTED_EDGE('',*,*,#537,.T.);
#734=ORIENTED_EDGE('',*,*,#533,.F.);
#735=ORIENTED_EDGE('',*,*,#538,.T.);
#736=ORIENTED_EDGE('',*,*,#539,.T.);
#737=ORIENTED_EDGE('',*,*,#540,.T.);
#738=ORIENTED_EDGE('',*,*,#536,.F.);
#739=ORIENTED_EDGE('',*,*,#541,.T.);
#740=ORIENTED_EDGE('',*,*,#542,.T.);
#741=ORIENTED_EDGE('',*,*,#543,.T.);
#742=ORIENTED_EDGE('',*,*,#539,.F.);
#743=ORIENTED_EDGE('',*,*,#544,.T.);
#744=ORIENTED_EDGE('',*,*,#545,.T.);
#745=ORIENTED_EDGE('',*,*,#546,.T.);
#746=ORIENTED_EDGE('',*,*,#542,.F.);
#747=ORIENTED_EDGE('',*,*,#545,.F.);
#748=ORIENTED_EDGE('',*,*,#544,.F.);
#749=ORIENTED_EDGE('',*,*,#547,.T.);
#750=ORIENTED_EDGE('',*,*,#548,.F.);
#751=ORIENTED_EDGE('',*,*,#549,.F.);
#752=ORIENTED_EDGE('',*,*,#550,.F.);
#753=ORIENTED_EDGE('',*,*,#551,.F.);
#754=ORIENTED_EDGE('',*,*,#552,.F.);
#755=ORIENTED_EDGE('',*,*,#524,.F.);
#756=ORIENTED_EDGE('',*,*,#486,.F.);
#757=ORIENTED_EDGE('',*,*,#485,.F.);
#758=ORIENTED_EDGE('',*,*,#490,.T.);
#759=ORIENTED_EDGE('',*,*,#495,.F.);
#760=ORIENTED_EDGE('',*,*,#471,.F.);
#761=ORIENTED_EDGE('',*,*,#462,.F.);
#762=ORIENTED_EDGE('',*,*,#459,.F.);
#763=ORIENTED_EDGE('',*,*,#529,.F.);
#764=ORIENTED_EDGE('',*,*,#553,.F.);
#765=ORIENTED_EDGE('',*,*,#541,.F.);
#766=ORIENTED_EDGE('',*,*,#554,.T.);
#767=ORIENTED_EDGE('',*,*,#555,.F.);
#768=ORIENTED_EDGE('',*,*,#547,.F.);
#769=ORIENTED_EDGE('',*,*,#538,.F.);
#770=ORIENTED_EDGE('',*,*,#535,.F.);
#771=ORIENTED_EDGE('',*,*,#556,.F.);
#772=ORIENTED_EDGE('',*,*,#530,.F.);
#773=ORIENTED_EDGE('',*,*,#469,.F.);
#774=ORIENTED_EDGE('',*,*,#468,.F.);
#775=ORIENTED_EDGE('',*,*,#473,.T.);
#776=ORIENTED_EDGE('',*,*,#502,.F.);
#777=ORIENTED_EDGE('',*,*,#488,.F.);
#778=ORIENTED_EDGE('',*,*,#479,.F.);
#779=ORIENTED_EDGE('',*,*,#476,.F.);
#780=ORIENTED_EDGE('',*,*,#523,.F.);
#781=ORIENTED_EDGE('',*,*,#557,.F.);
#782=ORIENTED_EDGE('',*,*,#558,.F.);
#783=ORIENTED_EDGE('',*,*,#559,.F.);
#784=ORIENTED_EDGE('',*,*,#560,.T.);
#785=ORIENTED_EDGE('',*,*,#561,.F.);
#786=ORIENTED_EDGE('',*,*,#554,.F.);
#787=ORIENTED_EDGE('',*,*,#562,.T.);
#788=ORIENTED_EDGE('',*,*,#563,.T.);
#789=ORIENTED_EDGE('',*,*,#551,.T.);
#790=ORIENTED_EDGE('',*,*,#564,.T.);
#791=ORIENTED_EDGE('',*,*,#565,.T.);
#792=ORIENTED_EDGE('',*,*,#562,.F.);
#793=ORIENTED_EDGE('',*,*,#550,.T.);
#794=ORIENTED_EDGE('',*,*,#566,.T.);
#795=ORIENTED_EDGE('',*,*,#567,.T.);
#796=ORIENTED_EDGE('',*,*,#564,.F.);
#797=ORIENTED_EDGE('',*,*,#568,.T.);
#798=ORIENTED_EDGE('',*,*,#569,.T.);
#799=ORIENTED_EDGE('',*,*,#570,.T.);
#800=ORIENTED_EDGE('',*,*,#566,.F.);
#801=ORIENTED_EDGE('',*,*,#559,.T.);
#802=ORIENTED_EDGE('',*,*,#558,.T.);
#803=ORIENTED_EDGE('',*,*,#571,.T.);
#804=ORIENTED_EDGE('',*,*,#569,.F.);
#805=ORIENTED_EDGE('',*,*,#568,.F.);
#806=ORIENTED_EDGE('',*,*,#549,.T.);
#807=ORIENTED_EDGE('',*,*,#572,.F.);
#808=ORIENTED_EDGE('',*,*,#560,.F.);
#809=ORIENTED_EDGE('',*,*,#573,.T.);
#810=ORIENTED_EDGE('',*,*,#574,.T.);
#811=ORIENTED_EDGE('',*,*,#575,.T.);
#812=ORIENTED_EDGE('',*,*,#548,.T.);
#813=ORIENTED_EDGE('',*,*,#576,.T.);
#814=ORIENTED_EDGE('',*,*,#572,.T.);
#815=ORIENTED_EDGE('',*,*,#575,.F.);
#816=ORIENTED_EDGE('',*,*,#577,.T.);
#817=ORIENTED_EDGE('',*,*,#578,.T.);
#818=ORIENTED_EDGE('',*,*,#561,.T.);
#819=ORIENTED_EDGE('',*,*,#576,.F.);
#820=ORIENTED_EDGE('',*,*,#579,.T.);
#821=ORIENTED_EDGE('',*,*,#573,.F.);
#822=ORIENTED_EDGE('',*,*,#555,.T.);
#823=ORIENTED_EDGE('',*,*,#578,.F.);
#824=ORIENTED_EDGE('',*,*,#580,.T.);
#825=ORIENTED_EDGE('',*,*,#574,.F.);
#826=ORIENTED_EDGE('',*,*,#580,.F.);
#827=ORIENTED_EDGE('',*,*,#579,.F.);
#828=ORIENTED_EDGE('',*,*,#577,.F.);
#829=ORIENTED_EDGE('',*,*,#581,.F.);
#830=ORIENTED_EDGE('',*,*,#582,.F.);
#831=ORIENTED_EDGE('',*,*,#534,.F.);
#832=ORIENTED_EDGE('',*,*,#583,.T.);
#833=ORIENTED_EDGE('',*,*,#584,.T.);
#834=ORIENTED_EDGE('',*,*,#585,.T.);
#835=ORIENTED_EDGE('',*,*,#586,.T.);
#836=ORIENTED_EDGE('',*,*,#587,.T.);
#837=ORIENTED_EDGE('',*,*,#584,.F.);
#838=ORIENTED_EDGE('',*,*,#588,.T.);
#839=ORIENTED_EDGE('',*,*,#546,.F.);
#840=ORIENTED_EDGE('',*,*,#589,.T.);
#841=ORIENTED_EDGE('',*,*,#586,.F.);
#842=ORIENTED_EDGE('',*,*,#590,.T.);
#843=ORIENTED_EDGE('',*,*,#543,.F.);
#844=ORIENTED_EDGE('',*,*,#590,.F.);
#845=ORIENTED_EDGE('',*,*,#588,.F.);
#846=ORIENTED_EDGE('',*,*,#583,.F.);
#847=ORIENTED_EDGE('',*,*,#537,.F.);
#848=ORIENTED_EDGE('',*,*,#540,.F.);
#849=ORIENTED_EDGE('',*,*,#591,.T.);
#850=ORIENTED_EDGE('',*,*,#563,.F.);
#851=ORIENTED_EDGE('',*,*,#592,.T.);
#852=ORIENTED_EDGE('',*,*,#593,.T.);
#853=ORIENTED_EDGE('',*,*,#594,.T.);
#854=ORIENTED_EDGE('',*,*,#595,.T.);
#855=ORIENTED_EDGE('',*,*,#596,.T.);
#856=ORIENTED_EDGE('',*,*,#593,.F.);
#857=ORIENTED_EDGE('',*,*,#597,.T.);
#858=ORIENTED_EDGE('',*,*,#571,.F.);
#859=ORIENTED_EDGE('',*,*,#598,.T.);
#860=ORIENTED_EDGE('',*,*,#595,.F.);
#861=ORIENTED_EDGE('',*,*,#599,.T.);
#862=ORIENTED_EDGE('',*,*,#570,.F.);
#863=ORIENTED_EDGE('',*,*,#599,.F.);
#864=ORIENTED_EDGE('',*,*,#597,.F.);
#865=ORIENTED_EDGE('',*,*,#592,.F.);
#866=ORIENTED_EDGE('',*,*,#565,.F.);
#867=ORIENTED_EDGE('',*,*,#567,.F.);
#868=ORIENTED_EDGE('',*,*,#600,.T.);
#869=ORIENTED_EDGE('',*,*,#598,.F.);
#870=ORIENTED_EDGE('',*,*,#557,.T.);
#871=ORIENTED_EDGE('',*,*,#522,.T.);
#872=ORIENTED_EDGE('',*,*,#601,.T.);
#873=ORIENTED_EDGE('',*,*,#596,.F.);
#874=ORIENTED_EDGE('',*,*,#601,.F.);
#875=ORIENTED_EDGE('',*,*,#521,.F.);
#876=ORIENTED_EDGE('',*,*,#516,.F.);
#877=ORIENTED_EDGE('',*,*,#526,.F.);
#878=ORIENTED_EDGE('',*,*,#602,.F.);
#879=ORIENTED_EDGE('',*,*,#594,.F.);
#880=ORIENTED_EDGE('',*,*,#602,.T.);
#881=ORIENTED_EDGE('',*,*,#525,.T.);
#882=ORIENTED_EDGE('',*,*,#552,.T.);
#883=ORIENTED_EDGE('',*,*,#589,.F.);
#884=ORIENTED_EDGE('',*,*,#553,.T.);
#885=ORIENTED_EDGE('',*,*,#528,.T.);
#886=ORIENTED_EDGE('',*,*,#603,.T.);
#887=ORIENTED_EDGE('',*,*,#587,.F.);
#888=ORIENTED_EDGE('',*,*,#603,.F.);
#889=ORIENTED_EDGE('',*,*,#527,.F.);
#890=ORIENTED_EDGE('',*,*,#510,.F.);
#891=ORIENTED_EDGE('',*,*,#532,.F.);
#892=ORIENTED_EDGE('',*,*,#604,.F.);
#893=ORIENTED_EDGE('',*,*,#585,.F.);
#894=ORIENTED_EDGE('',*,*,#604,.T.);
#895=ORIENTED_EDGE('',*,*,#531,.T.);
#896=ORIENTED_EDGE('',*,*,#556,.T.);
#897=ORIENTED_EDGE('',*,*,#581,.T.);
#898=ORIENTED_EDGE('',*,*,#600,.F.);
#899=ORIENTED_EDGE('',*,*,#582,.T.);
#900=ORIENTED_EDGE('',*,*,#591,.F.);
#901=B_SPLINE_SURFACE_WITH_KNOTS('',3,3,((#1250,#1251,#1252,#1253,#1254,
#1255,#1256,#1257,#1258,#1259,#1260,#1261,#1262,#1263,#1264,#1265),(#1266,
#1267,#1268,#1269,#1270,#1271,#1272,#1273,#1274,#1275,#1276,#1277,#1278,
#1279,#1280,#1281),(#1282,#1283,#1284,#1285,#1286,#1287,#1288,#1289,#1290,
#1291,#1292,#1293,#1294,#1295,#1296,#1297),(#1298,#1299,#1300,#1301,#1302,
#1303,#1304,#1305,#1306,#1307,#1308,#1309,#1310,#1311,#1312,#1313),(#1314,
#1315,#1316,#1317,#1318,#1319,#1320,#1321,#1322,#1323,#1324,#1325,#1326,
#1327,#1328,#1329),(#1330,#1331,#1332,#1333,#1334,#1335,#1336,#1337,#1338,
#1339,#1340,#1341,#1342,#1343,#1344,#1345),(#1346,#1347,#1348,#1349,#1350,
#1351,#1352,#1353,#1354,#1355,#1356,#1357,#1358,#1359,#1360,#1361)),
 .UNSPECIFIED.,.F.,.F.,.F.,(4,1,1,1,4),(4,2,1,2,2,1,1,1,1,1,4),(0.,0.285714285714286,
0.571428571428571,0.857142857142857,1.),(-0.00186948086492688,0.,0.0422637870394686,
0.0780449138136636,0.133616133265072,0.25614123919294,0.345033091417606,
0.405619065058685,0.467808408615305,0.508894246005251,0.545545088061081),
 .UNSPECIFIED.);
#902=B_SPLINE_SURFACE_WITH_KNOTS('',3,3,((#1404,#1405,#1406,#1407),(#1408,
#1409,#1410,#1411),(#1412,#1413,#1414,#1415),(#1416,#1417,#1418,#1419),
(#1420,#1421,#1422,#1423),(#1424,#1425,#1426,#1427),(#1428,#1429,#1430,
#1431),(#1432,#1433,#1434,#1435),(#1436,#1437,#1438,#1439),(#1440,#1441,
#1442,#1443)),.UNSPECIFIED.,.F.,.F.,.F.,(4,1,1,1,1,1,1,4),(4,4),(0.,0.142857142857143,
0.285714285714286,0.428571428571429,0.571428571428571,0.714285714285714,
0.857142857142857,1.),(-0.0864519309336888,0.101026035459009),
 .UNSPECIFIED.);
#903=B_SPLINE_SURFACE_WITH_KNOTS('',3,3,((#1458,#1459,#1460,#1461,#1462,
#1463,#1464,#1465,#1466,#1467),(#1468,#1469,#1470,#1471,#1472,#1473,#1474,
#1475,#1476,#1477),(#1478,#1479,#1480,#1481,#1482,#1483,#1484,#1485,#1486,
#1487),(#1488,#1489,#1490,#1491,#1492,#1493,#1494,#1495,#1496,#1497),(#1498,
#1499,#1500,#1501,#1502,#1503,#1504,#1505,#1506,#1507),(#1508,#1509,#1510,
#1511,#1512,#1513,#1514,#1515,#1516,#1517),(#1518,#1519,#1520,#1521,#1522,
#1523,#1524,#1525,#1526,#1527),(#1528,#1529,#1530,#1531,#1532,#1533,#1534,
#1535,#1536,#1537),(#1538,#1539,#1540,#1541,#1542,#1543,#1544,#1545,#1546,
#1547),(#1548,#1549,#1550,#1551,#1552,#1553,#1554,#1555,#1556,#1557)),
 .UNSPECIFIED.,.F.,.F.,.F.,(4,1,1,1,1,1,1,4),(4,1,1,1,1,1,1,4),(0.,0.142857142857143,
0.285714285714286,0.428571428571429,0.571428571428571,0.714285714285714,
0.857142857142857,1.),(-1.92695074214137,-1.37639338724383,-0.8258360323463,
-0.275278677448767,0.275278677448767,0.8258360323463,1.37639338724383,1.92695074214137),
 .UNSPECIFIED.);
#904=B_SPLINE_SURFACE_WITH_KNOTS('',3,3,((#1572,#1573,#1574,#1575),(#1576,
#1577,#1578,#1579),(#1580,#1581,#1582,#1583),(#1584,#1585,#1586,#1587),
(#1588,#1589,#1590,#1591),(#1592,#1593,#1594,#1595),(#1596,#1597,#1598,
#1599),(#1600,#1601,#1602,#1603),(#1604,#1605,#1606,#1607),(#1608,#1609,
#1610,#1611)),.UNSPECIFIED.,.F.,.F.,.F.,(4,1,1,1,1,1,1,4),(4,4),(0.,0.142857142857143,
0.285714285714286,0.428571428571429,0.571428571428571,0.714285714285714,
0.857142857142857,1.),(-0.101025993996977,0.086451816460701),
 .UNSPECIFIED.);
#905=B_SPLINE_SURFACE_WITH_KNOTS('',3,3,((#1626,#1627,#1628,#1629,#1630,
#1631,#1632,#1633,#1634,#1635,#1636,#1637,#1638,#1639,#1640),(#1641,#1642,
#1643,#1644,#1645,#1646,#1647,#1648,#1649,#1650,#1651,#1652,#1653,#1654,
#1655),(#1656,#1657,#1658,#1659,#1660,#1661,#1662,#1663,#1664,#1665,#1666,
#1667,#1668,#1669,#1670),(#1671,#1672,#1673,#1674,#1675,#1676,#1677,#1678,
#1679,#1680,#1681,#1682,#1683,#1684,#1685),(#1686,#1687,#1688,#1689,#1690,
#1691,#1692,#1693,#1694,#1695,#1696,#1697,#1698,#1699,#1700),(#1701,#1702,
#1703,#1704,#1705,#1706,#1707,#1708,#1709,#1710,#1711,#1712,#1713,#1714,
#1715),(#1716,#1717,#1718,#1719,#1720,#1721,#1722,#1723,#1724,#1725,#1726,
#1727,#1728,#1729,#1730),(#1731,#1732,#1733,#1734,#1735,#1736,#1737,#1738,
#1739,#1740,#1741,#1742,#1743,#1744,#1745),(#1746,#1747,#1748,#1749,#1750,
#1751,#1752,#1753,#1754,#1755,#1756,#1757,#1758,#1759,#1760),(#1761,#1762,
#1763,#1764,#1765,#1766,#1767,#1768,#1769,#1770,#1771,#1772,#1773,#1774,
#1775)),.UNSPECIFIED.,.F.,.F.,.F.,(4,1,1,1,1,1,1,4),(4,1,1,2,1,1,2,1,2,
4),(0.,0.178571428571429,0.285714285714286,0.428571428571429,0.571428571428571,
0.785714285714286,0.857142857142857,1.),(0.,0.0366504421073661,0.0777361248379049,
0.137481197332811,0.199290012367407,0.288182318360628,0.411929589525352,
0.478740067634319,0.545545500154842,0.547414989261966),.UNSPECIFIED.);
#906=B_SPLINE_SURFACE_WITH_KNOTS('',3,3,((#1813,#1814,#1815,#1816,#1817,
#1818,#1819,#1820,#1821,#1822,#1823,#1824,#1825,#1826,#1827,#1828),(#1829,
#1830,#1831,#1832,#1833,#1834,#1835,#1836,#1837,#1838,#1839,#1840,#1841,
#1842,#1843,#1844),(#1845,#1846,#1847,#1848,#1849,#1850,#1851,#1852,#1853,
#1854,#1855,#1856,#1857,#1858,#1859,#1860),(#1861,#1862,#1863,#1864,#1865,
#1866,#1867,#1868,#1869,#1870,#1871,#1872,#1873,#1874,#1875,#1876),(#1877,
#1878,#1879,#1880,#1881,#1882,#1883,#1884,#1885,#1886,#1887,#1888,#1889,
#1890,#1891,#1892),(#1893,#1894,#1895,#1896,#1897,#1898,#1899,#1900,#1901,
#1902,#1903,#1904,#1905,#1906,#1907,#1908),(#1909,#1910,#1911,#1912,#1913,
#1914,#1915,#1916,#1917,#1918,#1919,#1920,#1921,#1922,#1923,#1924)),
 .UNSPECIFIED.,.F.,.F.,.F.,(4,1,1,1,4),(4,2,1,2,2,1,1,1,1,1,4),(0.,0.285714285714286,
0.571428571428571,0.857142857142857,1.),(-0.00186948086786279,0.,0.0422637870378964,
0.0780449138363735,0.133616133263517,0.256141239191393,0.345033091416062,
0.405619065057154,0.467808408613763,0.508894246003695,0.545545088059524),
 .UNSPECIFIED.);
#907=B_SPLINE_SURFACE_WITH_KNOTS('',3,3,((#1967,#1968,#1969,#1970),(#1971,
#1972,#1973,#1974),(#1975,#1976,#1977,#1978),(#1979,#1980,#1981,#1982),
(#1983,#1984,#1985,#1986),(#1987,#1988,#1989,#1990),(#1991,#1992,#1993,
#1994),(#1995,#1996,#1997,#1998),(#1999,#2000,#2001,#2002),(#2003,#2004,
#2005,#2006)),.UNSPECIFIED.,.F.,.F.,.F.,(4,1,1,1,1,1,1,4),(4,4),(0.,0.142857142857143,
0.285714285714286,0.428571428571429,0.571428571428571,0.714285714285714,
0.857142857142857,1.),(-0.08645193093369,0.101026035459011),
 .UNSPECIFIED.);
#908=B_SPLINE_SURFACE_WITH_KNOTS('',3,3,((#2021,#2022,#2023,#2024,#2025,
#2026,#2027,#2028,#2029,#2030),(#2031,#2032,#2033,#2034,#2035,#2036,#2037,
#2038,#2039,#2040),(#2041,#2042,#2043,#2044,#2045,#2046,#2047,#2048,#2049,
#2050),(#2051,#2052,#2053,#2054,#2055,#2056,#2057,#2058,#2059,#2060),(#2061,
#2062,#2063,#2064,#2065,#2066,#2067,#2068,#2069,#2070),(#2071,#2072,#2073,
#2074,#2075,#2076,#2077,#2078,#2079,#2080),(#2081,#2082,#2083,#2084,#2085,
#2086,#2087,#2088,#2089,#2090),(#2091,#2092,#2093,#2094,#2095,#2096,#2097,
#2098,#2099,#2100),(#2101,#2102,#2103,#2104,#2105,#2106,#2107,#2108,#2109,
#2110),(#2111,#2112,#2113,#2114,#2115,#2116,#2117,#2118,#2119,#2120)),
 .UNSPECIFIED.,.F.,.F.,.F.,(4,1,1,1,1,1,1,4),(4,1,1,1,1,1,1,4),(0.,0.142857142857143,
0.285714285714286,0.428571428571429,0.571428571428571,0.714285714285714,
0.857142857142857,1.),(-1.92695074159988,-1.37639338685706,-0.825836032114234,
-0.27527867737141,0.275278677371413,0.825836032114236,1.37639338685706,
1.92695074159988),.UNSPECIFIED.);
#909=B_SPLINE_SURFACE_WITH_KNOTS('',3,3,((#2135,#2136,#2137,#2138),(#2139,
#2140,#2141,#2142),(#2143,#2144,#2145,#2146),(#2147,#2148,#2149,#2150),
(#2151,#2152,#2153,#2154),(#2155,#2156,#2157,#2158),(#2159,#2160,#2161,
#2162),(#2163,#2164,#2165,#2166),(#2167,#2168,#2169,#2170),(#2171,#2172,
#2173,#2174)),.UNSPECIFIED.,.F.,.F.,.F.,(4,1,1,1,1,1,1,4),(4,4),(0.,0.142857142857143,
0.285714285714286,0.428571428571429,0.571428571428571,0.714285714285714,
0.857142857142857,1.),(-0.101025994049548,0.0864518165310942),
 .UNSPECIFIED.);
#910=B_SPLINE_SURFACE_WITH_KNOTS('',3,3,((#2189,#2190,#2191,#2192,#2193,
#2194,#2195,#2196,#2197,#2198,#2199,#2200,#2201,#2202,#2203),(#2204,#2205,
#2206,#2207,#2208,#2209,#2210,#2211,#2212,#2213,#2214,#2215,#2216,#2217,
#2218),(#2219,#2220,#2221,#2222,#2223,#2224,#2225,#2226,#2227,#2228,#2229,
#2230,#2231,#2232,#2233),(#2234,#2235,#2236,#2237,#2238,#2239,#2240,#2241,
#2242,#2243,#2244,#2245,#2246,#2247,#2248),(#2249,#2250,#2251,#2252,#2253,
#2254,#2255,#2256,#2257,#2258,#2259,#2260,#2261,#2262,#2263),(#2264,#2265,
#2266,#2267,#2268,#2269,#2270,#2271,#2272,#2273,#2274,#2275,#2276,#2277,
#2278),(#2279,#2280,#2281,#2282,#2283,#2284,#2285,#2286,#2287,#2288,#2289,
#2290,#2291,#2292,#2293),(#2294,#2295,#2296,#2297,#2298,#2299,#2300,#2301,
#2302,#2303,#2304,#2305,#2306,#2307,#2308),(#2309,#2310,#2311,#2312,#2313,
#2314,#2315,#2316,#2317,#2318,#2319,#2320,#2321,#2322,#2323),(#2324,#2325,
#2326,#2327,#2328,#2329,#2330,#2331,#2332,#2333,#2334,#2335,#2336,#2337,
#2338)),.UNSPECIFIED.,.F.,.F.,.F.,(4,1,1,1,1,1,1,4),(4,1,1,2,1,1,2,1,2,
4),(0.,0.178571428571429,0.285714285714286,0.428571428571429,0.571428571428571,
0.785714285714286,0.857142857142857,1.),(0.,0.0366504421073651,0.0777361248378564,
0.137481197332811,0.199290012367407,0.288182318360637,0.411929589525345,
0.478740066664924,0.545545498216058,0.54741497547928),.UNSPECIFIED.);
#911=B_SPLINE_SURFACE_WITH_KNOTS('',3,3,((#2376,#2377,#2378,#2379,#2380,
#2381,#2382,#2383),(#2384,#2385,#2386,#2387,#2388,#2389,#2390,#2391),(#2392,
#2393,#2394,#2395,#2396,#2397,#2398,#2399),(#2400,#2401,#2402,#2403,#2404,
#2405,#2406,#2407),(#2408,#2409,#2410,#2411,#2412,#2413,#2414,#2415),(#2416,
#2417,#2418,#2419,#2420,#2421,#2422,#2423),(#2424,#2425,#2426,#2427,#2428,
#2429,#2430,#2431),(#2432,#2433,#2434,#2435,#2436,#2437,#2438,#2439),(#2440,
#2441,#2442,#2443,#2444,#2445,#2446,#2447),(#2448,#2449,#2450,#2451,#2452,
#2453,#2454,#2455)),.UNSPECIFIED.,.F.,.F.,.F.,(4,1,1,1,1,1,1,4),(4,1,1,
1,1,4),(0.,0.142857142857143,0.285714285714286,0.428571428571429,0.571428571428571,
0.714285714285714,0.857142857142857,1.),(0.,0.108846951717815,0.326540855153445,
0.544234758589075,0.65308171030689,0.761928662024706),.UNSPECIFIED.);
#912=B_SPLINE_SURFACE_WITH_KNOTS('',3,3,((#2481,#2482,#2483,#2484,#2485),
(#2486,#2487,#2488,#2489,#2490),(#2491,#2492,#2493,#2494,#2495),(#2496,
#2497,#2498,#2499,#2500),(#2501,#2502,#2503,#2504,#2505),(#2506,#2507,#2508,
#2509,#2510),(#2511,#2512,#2513,#2514,#2515),(#2516,#2517,#2518,#2519,#2520),
(#2521,#2522,#2523,#2524,#2525),(#2526,#2527,#2528,#2529,#2530)),
 .UNSPECIFIED.,.F.,.F.,.F.,(4,1,1,1,1,1,1,4),(4,1,4),(0.,0.142857142857143,
0.285714285714286,0.428571428571429,0.571428571428571,0.714285714285714,
0.857142857142857,1.),(-0.35615441480498,-0.0508792021149971,0.35615441480498),
 .UNSPECIFIED.);
#913=B_SPLINE_SURFACE_WITH_KNOTS('',3,3,((#2555,#2556,#2557,#2558,#2559,
#2560,#2561,#2562,#2563,#2564),(#2565,#2566,#2567,#2568,#2569,#2570,#2571,
#2572,#2573,#2574),(#2575,#2576,#2577,#2578,#2579,#2580,#2581,#2582,#2583,
#2584),(#2585,#2586,#2587,#2588,#2589,#2590,#2591,#2592,#2593,#2594),(#2595,
#2596,#2597,#2598,#2599,#2600,#2601,#2602,#2603,#2604),(#2605,#2606,#2607,
#2608,#2609,#2610,#2611,#2612,#2613,#2614),(#2615,#2616,#2617,#2618,#2619,
#2620,#2621,#2622,#2623,#2624),(#2625,#2626,#2627,#2628,#2629,#2630,#2631,
#2632,#2633,#2634),(#2635,#2636,#2637,#2638,#2639,#2640,#2641,#2642,#2643,
#2644),(#2645,#2646,#2647,#2648,#2649,#2650,#2651,#2652,#2653,#2654)),
 .UNSPECIFIED.,.F.,.F.,.F.,(4,1,1,1,1,1,1,4),(4,1,1,1,1,1,1,4),(0.,0.142857142857143,
0.285714285714286,0.428571428571429,0.571428571428571,0.714285714285714,
0.857142857142857,1.),(-1.92695074159988,-1.37639338685706,-0.825836032114235,
-0.275278677371412,0.275278677371411,0.825836032114234,1.37639338685706,
1.92695074159988),.UNSPECIFIED.);
#914=B_SPLINE_SURFACE_WITH_KNOTS('',3,3,((#2667,#2668,#2669,#2670,#2671),
(#2672,#2673,#2674,#2675,#2676),(#2677,#2678,#2679,#2680,#2681),(#2682,
#2683,#2684,#2685,#2686),(#2687,#2688,#2689,#2690,#2691),(#2692,#2693,#2694,
#2695,#2696),(#2697,#2698,#2699,#2700,#2701),(#2702,#2703,#2704,#2705,#2706),
(#2707,#2708,#2709,#2710,#2711),(#2712,#2713,#2714,#2715,#2716)),
 .UNSPECIFIED.,.F.,.F.,.F.,(4,1,1,1,1,1,1,4),(4,1,4),(0.,0.142857142857143,
0.285714285714286,0.428571428571429,0.571428571428571,0.714285714285714,
0.857142857142857,1.),(-0.356154414734589,0.0508792021049413,0.356154414734589),
 .UNSPECIFIED.);
#915=B_SPLINE_SURFACE_WITH_KNOTS('',3,3,((#2730,#2731,#2732,#2733,#2734,
#2735,#2736,#2737,#2738,#2739),(#2740,#2741,#2742,#2743,#2744,#2745,#2746,
#2747,#2748,#2749),(#2750,#2751,#2752,#2753,#2754,#2755,#2756,#2757,#2758,
#2759),(#2760,#2761,#2762,#2763,#2764,#2765,#2766,#2767,#2768,#2769),(#2770,
#2771,#2772,#2773,#2774,#2775,#2776,#2777,#2778,#2779),(#2780,#2781,#2782,
#2783,#2784,#2785,#2786,#2787,#2788,#2789),(#2790,#2791,#2792,#2793,#2794,
#2795,#2796,#2797,#2798,#2799),(#2800,#2801,#2802,#2803,#2804,#2805,#2806,
#2807,#2808,#2809),(#2810,#2811,#2812,#2813,#2814,#2815,#2816,#2817,#2818,
#2819),(#2820,#2821,#2822,#2823,#2824,#2825,#2826,#2827,#2828,#2829)),
 .UNSPECIFIED.,.F.,.F.,.F.,(4,1,1,1,1,1,1,4),(4,1,1,1,1,1,1,4),(0.,0.142857142857143,
0.285714285714286,0.428571428571429,0.571428571428571,0.714285714285714,
0.857142857142857,1.),(-1.9269507425085,-1.37639338755852,-0.825836032608535,
-0.275278677658555,0.275278677291426,0.825836032241406,1.37639338719139,
1.92695074214137),.UNSPECIFIED.);
#916=B_SPLINE_SURFACE_WITH_KNOTS('',3,3,((#2836,#2837,#2838,#2839,#2840,
#2841,#2842,#2843),(#2844,#2845,#2846,#2847,#2848,#2849,#2850,#2851),(#2852,
#2853,#2854,#2855,#2856,#2857,#2858,#2859),(#2860,#2861,#2862,#2863,#2864,
#2865,#2866,#2867),(#2868,#2869,#2870,#2871,#2872,#2873,#2874,#2875),(#2876,
#2877,#2878,#2879,#2880,#2881,#2882,#2883),(#2884,#2885,#2886,#2887,#2888,
#2889,#2890,#2891),(#2892,#2893,#2894,#2895,#2896,#2897,#2898,#2899),(#2900,
#2901,#2902,#2903,#2904,#2905,#2906,#2907),(#2908,#2909,#2910,#2911,#2912,
#2913,#2914,#2915)),.UNSPECIFIED.,.F.,.F.,.F.,(4,1,1,1,1,1,1,4),(4,1,1,
1,1,4),(0.,0.142857142857143,0.285714285714286,0.428571428571429,0.571428571428571,
0.714285714285714,0.857142857142857,1.),(0.,0.108846951717814,0.326540855153443,
0.544234758589072,0.653081710306886,0.761928662024701),.UNSPECIFIED.);
#917=B_SPLINE_SURFACE_WITH_KNOTS('',3,3,((#2941,#2942,#2943,#2944),(#2945,
#2946,#2947,#2948),(#2949,#2950,#2951,#2952),(#2953,#2954,#2955,#2956),
(#2957,#2958,#2959,#2960),(#2961,#2962,#2963,#2964),(#2965,#2966,#2967,
#2968),(#2969,#2970,#2971,#2972),(#2973,#2974,#2975,#2976),(#2977,#2978,
#2979,#2980)),.UNSPECIFIED.,.F.,.F.,.F.,(4,1,1,1,1,1,1,4),(4,4),(0.,0.142857142857143,
0.285714285714286,0.428571428571429,0.571428571428571,0.714285714285714,
0.857142857142857,1.),(0.161430135920616,0.190570779118215),
 .UNSPECIFIED.);
#918=B_SPLINE_SURFACE_WITH_KNOTS('',3,3,((#2995,#2996,#2997,#2998,#2999,
#3000,#3001,#3002,#3003,#3004),(#3005,#3006,#3007,#3008,#3009,#3010,#3011,
#3012,#3013,#3014),(#3015,#3016,#3017,#3018,#3019,#3020,#3021,#3022,#3023,
#3024),(#3025,#3026,#3027,#3028,#3029,#3030,#3031,#3032,#3033,#3034),(#3035,
#3036,#3037,#3038,#3039,#3040,#3041,#3042,#3043,#3044),(#3045,#3046,#3047,
#3048,#3049,#3050,#3051,#3052,#3053,#3054),(#3055,#3056,#3057,#3058,#3059,
#3060,#3061,#3062,#3063,#3064),(#3065,#3066,#3067,#3068,#3069,#3070,#3071,
#3072,#3073,#3074),(#3075,#3076,#3077,#3078,#3079,#3080,#3081,#3082,#3083,
#3084),(#3085,#3086,#3087,#3088,#3089,#3090,#3091,#3092,#3093,#3094)),
 .UNSPECIFIED.,.F.,.F.,.F.,(4,1,1,1,1,1,1,4),(4,1,1,1,1,1,1,4),(0.,0.142857142857143,
0.285714285714286,0.428571428571429,0.571428571428571,0.714285714285714,
0.857142857142857,1.),(0.,0.108848433646051,0.217696867292101,0.326545300938152,
0.544242168230253,0.653090601876303,0.707514818699328,0.761939035522354),
 .UNSPECIFIED.);
#919=B_SPLINE_SURFACE_WITH_KNOTS('',3,3,((#3113,#3114,#3115,#3116),(#3117,
#3118,#3119,#3120),(#3121,#3122,#3123,#3124),(#3125,#3126,#3127,#3128),
(#3129,#3130,#3131,#3132),(#3133,#3134,#3135,#3136),(#3137,#3138,#3139,
#3140),(#3141,#3142,#3143,#3144),(#3145,#3146,#3147,#3148),(#3149,#3150,
#3151,#3152)),.UNSPECIFIED.,.F.,.F.,.F.,(4,1,1,1,1,1,1,4),(4,4),(0.,0.142857142857143,
0.285714285714286,0.428571428571429,0.571428571428571,0.714285714285714,
0.857142857142857,1.),(0.161430135920613,0.190570779118214),
 .UNSPECIFIED.);
#920=B_SPLINE_SURFACE_WITH_KNOTS('',3,3,((#3167,#3168,#3169,#3170,#3171,
#3172,#3173,#3174,#3175,#3176),(#3177,#3178,#3179,#3180,#3181,#3182,#3183,
#3184,#3185,#3186),(#3187,#3188,#3189,#3190,#3191,#3192,#3193,#3194,#3195,
#3196),(#3197,#3198,#3199,#3200,#3201,#3202,#3203,#3204,#3205,#3206),(#3207,
#3208,#3209,#3210,#3211,#3212,#3213,#3214,#3215,#3216),(#3217,#3218,#3219,
#3220,#3221,#3222,#3223,#3224,#3225,#3226),(#3227,#3228,#3229,#3230,#3231,
#3232,#3233,#3234,#3235,#3236),(#3237,#3238,#3239,#3240,#3241,#3242,#3243,
#3244,#3245,#3246),(#3247,#3248,#3249,#3250,#3251,#3252,#3253,#3254,#3255,
#3256),(#3257,#3258,#3259,#3260,#3261,#3262,#3263,#3264,#3265,#3266)),
 .UNSPECIFIED.,.F.,.F.,.F.,(4,1,1,1,1,1,1,4),(4,1,1,1,1,1,1,4),(0.,0.142857142857143,
0.285714285714286,0.428571428571429,0.571428571428571,0.714285714285714,
0.857142857142857,1.),(0.,0.10884843364605,0.2176968672921,0.32654530093815,
0.544242168230251,0.653090601876301,0.707514818699326,0.761939035522351),
 .UNSPECIFIED.);
#921=B_SPLINE_SURFACE_WITH_KNOTS('',3,3,((#3285,#3286,#3287,#3288),(#3289,
#3290,#3291,#3292),(#3293,#3294,#3295,#3296),(#3297,#3298,#3299,#3300),
(#3301,#3302,#3303,#3304),(#3305,#3306,#3307,#3308),(#3309,#3310,#3311,
#3312),(#3313,#3314,#3315,#3316),(#3317,#3318,#3319,#3320),(#3321,#3322,
#3323,#3324)),.UNSPECIFIED.,.F.,.F.,.F.,(4,1,1,1,1,1,1,4),(4,4),(0.,0.142857142857143,
0.285714285714286,0.428571428571429,0.571428571428571,0.857142857142857,
0.892857142857143,1.),(-0.25,-0.15),.UNSPECIFIED.);
#922=B_SPLINE_SURFACE_WITH_KNOTS('',3,3,((#3351,#3352,#3353,#3354),(#3355,
#3356,#3357,#3358),(#3359,#3360,#3361,#3362),(#3363,#3364,#3365,#3366),
(#3367,#3368,#3369,#3370),(#3371,#3372,#3373,#3374),(#3375,#3376,#3377,
#3378),(#3379,#3380,#3381,#3382),(#3383,#3384,#3385,#3386),(#3387,#3388,
#3389,#3390)),.UNSPECIFIED.,.F.,.F.,.F.,(4,1,1,1,1,1,1,4),(4,4),(0.,0.142857142857143,
0.285714285714286,0.428571428571429,0.571428571428571,0.857142857142857,
0.892857142857143,1.),(-0.25,-0.15),.UNSPECIFIED.);
#923=B_SPLINE_SURFACE_WITH_KNOTS('',3,3,((#3417,#3418,#3419,#3420),(#3421,
#3422,#3423,#3424),(#3425,#3426,#3427,#3428),(#3429,#3430,#3431,#3432),
(#3433,#3434,#3435,#3436),(#3437,#3438,#3439,#3440),(#3441,#3442,#3443,
#3444),(#3445,#3446,#3447,#3448),(#3449,#3450,#3451,#3452),(#3453,#3454,
#3455,#3456)),.UNSPECIFIED.,.F.,.F.,.F.,(4,1,1,1,1,1,1,4),(4,4),(0.,0.142857142857143,
0.285714285714286,0.428571428571429,0.571428571428571,0.857142857142857,
0.892857142857143,1.),(-0.25,-0.15),.UNSPECIFIED.);
#924=B_SPLINE_SURFACE_WITH_KNOTS('',3,3,((#3483,#3484,#3485,#3486),(#3487,
#3488,#3489,#3490),(#3491,#3492,#3493,#3494),(#3495,#3496,#3497,#3498),
(#3499,#3500,#3501,#3502),(#3503,#3504,#3505,#3506),(#3507,#3508,#3509,
#3510),(#3511,#3512,#3513,#3514),(#3515,#3516,#3517,#3518),(#3519,#3520,
#3521,#3522)),.UNSPECIFIED.,.F.,.F.,.F.,(4,1,1,1,1,1,1,4),(4,4),(0.,0.142857142857143,
0.285714285714286,0.428571428571429,0.571428571428571,0.857142857142857,
0.892857142857143,1.),(-0.25,-0.15),.UNSPECIFIED.);
#925=B_SPLINE_SURFACE_WITH_KNOTS('',3,3,((#3551,#3552,#3553,#3554,#3555,
#3556,#3557,#3558,#3559,#3560,#3561,#3562,#3563,#3564,#3565,#3566),(#3567,
#3568,#3569,#3570,#3571,#3572,#3573,#3574,#3575,#3576,#3577,#3578,#3579,
#3580,#3581,#3582),(#3583,#3584,#3585,#3586,#3587,#3588,#3589,#3590,#3591,
#3592,#3593,#3594,#3595,#3596,#3597,#3598),(#3599,#3600,#3601,#3602,#3603,
#3604,#3605,#3606,#3607,#3608,#3609,#3610,#3611,#3612,#3613,#3614),(#3615,
#3616,#3617,#3618,#3619,#3620,#3621,#3622,#3623,#3624,#3625,#3626,#3627,
#3628,#3629,#3630),(#3631,#3632,#3633,#3634,#3635,#3636,#3637,#3638,#3639,
#3640,#3641,#3642,#3643,#3644,#3645,#3646),(#3647,#3648,#3649,#3650,#3651,
#3652,#3653,#3654,#3655,#3656,#3657,#3658,#3659,#3660,#3661,#3662)),
 .UNSPECIFIED.,.F.,.F.,.F.,(4,1,1,1,4),(4,2,1,2,2,1,1,1,1,1,4),(0.,0.285714285714286,
0.571428571428571,0.857142857142857,1.),(-0.00186948910318281,0.,0.042263904939491,
0.078044844221374,0.133615910633436,0.256141309113447,0.345033596882368,
0.405620475448055,0.467809375319395,0.508895058050721,0.54554550015857),
 .UNSPECIFIED.);
#926=B_SPLINE_SURFACE_WITH_KNOTS('',3,3,((#3705,#3706,#3707,#3708),(#3709,
#3710,#3711,#3712),(#3713,#3714,#3715,#3716),(#3717,#3718,#3719,#3720),
(#3721,#3722,#3723,#3724),(#3725,#3726,#3727,#3728),(#3729,#3730,#3731,
#3732),(#3733,#3734,#3735,#3736),(#3737,#3738,#3739,#3740),(#3741,#3742,
#3743,#3744)),.UNSPECIFIED.,.F.,.F.,.F.,(4,1,1,1,1,1,1,4),(4,4),(0.,0.142857142857143,
0.285714285714286,0.428571428571429,0.571428571428571,0.714285714285714,
0.857142857142857,1.),(-0.101025993995484,0.0864518164451981),
 .UNSPECIFIED.);
#927=B_SPLINE_SURFACE_WITH_KNOTS('',3,3,((#3759,#3760,#3761,#3762,#3763,
#3764,#3765,#3766,#3767,#3768),(#3769,#3770,#3771,#3772,#3773,#3774,#3775,
#3776,#3777,#3778),(#3779,#3780,#3781,#3782,#3783,#3784,#3785,#3786,#3787,
#3788),(#3789,#3790,#3791,#3792,#3793,#3794,#3795,#3796,#3797,#3798),(#3799,
#3800,#3801,#3802,#3803,#3804,#3805,#3806,#3807,#3808),(#3809,#3810,#3811,
#3812,#3813,#3814,#3815,#3816,#3817,#3818),(#3819,#3820,#3821,#3822,#3823,
#3824,#3825,#3826,#3827,#3828),(#3829,#3830,#3831,#3832,#3833,#3834,#3835,
#3836,#3837,#3838),(#3839,#3840,#3841,#3842,#3843,#3844,#3845,#3846,#3847,
#3848),(#3849,#3850,#3851,#3852,#3853,#3854,#3855,#3856,#3857,#3858)),
 .UNSPECIFIED.,.F.,.F.,.F.,(4,1,1,1,1,1,1,4),(4,1,1,1,1,1,1,4),(0.,0.142857142857143,
0.285714285714286,0.428571428571429,0.571428571428571,0.714285714285714,
0.857142857142857,1.),(-1.92695074287562,-1.3763933878732,-0.825836032870769,
-0.275278677868342,0.275278677134085,0.825836032136513,1.37639338713894,
1.92695074214137),.UNSPECIFIED.);
#928=B_SPLINE_SURFACE_WITH_KNOTS('',3,3,((#3873,#3874,#3875,#3876),(#3877,
#3878,#3879,#3880),(#3881,#3882,#3883,#3884),(#3885,#3886,#3887,#3888),
(#3889,#3890,#3891,#3892),(#3893,#3894,#3895,#3896),(#3897,#3898,#3899,
#3900),(#3901,#3902,#3903,#3904),(#3905,#3906,#3907,#3908),(#3909,#3910,
#3911,#3912)),.UNSPECIFIED.,.F.,.F.,.F.,(4,1,1,1,1,1,1,4),(4,4),(0.,0.142857142857143,
0.285714285714286,0.428571428571429,0.571428571428571,0.714285714285714,
0.857142857142857,1.),(-0.0864519309491801,0.101026035442692),
 .UNSPECIFIED.);
#929=B_SPLINE_SURFACE_WITH_KNOTS('',3,3,((#3927,#3928,#3929,#3930,#3931,
#3932,#3933,#3934,#3935,#3936,#3937,#3938,#3939,#3940,#3941),(#3942,#3943,
#3944,#3945,#3946,#3947,#3948,#3949,#3950,#3951,#3952,#3953,#3954,#3955,
#3956),(#3957,#3958,#3959,#3960,#3961,#3962,#3963,#3964,#3965,#3966,#3967,
#3968,#3969,#3970,#3971),(#3972,#3973,#3974,#3975,#3976,#3977,#3978,#3979,
#3980,#3981,#3982,#3983,#3984,#3985,#3986),(#3987,#3988,#3989,#3990,#3991,
#3992,#3993,#3994,#3995,#3996,#3997,#3998,#3999,#4000,#4001),(#4002,#4003,
#4004,#4005,#4006,#4007,#4008,#4009,#4010,#4011,#4012,#4013,#4014,#4015,
#4016),(#4017,#4018,#4019,#4020,#4021,#4022,#4023,#4024,#4025,#4026,#4027,
#4028,#4029,#4030,#4031),(#4032,#4033,#4034,#4035,#4036,#4037,#4038,#4039,
#4040,#4041,#4042,#4043,#4044,#4045,#4046),(#4047,#4048,#4049,#4050,#4051,
#4052,#4053,#4054,#4055,#4056,#4057,#4058,#4059,#4060,#4061),(#4062,#4063,
#4064,#4065,#4066,#4067,#4068,#4069,#4070,#4071,#4072,#4073,#4074,#4075,
#4076)),.UNSPECIFIED.,.F.,.F.,.F.,(4,1,1,1,1,1,1,4),(4,1,1,2,1,1,2,1,2,
4),(0.,0.178571428571429,0.285714285714286,0.428571428571429,0.571428571428571,
0.785714285714286,0.857142857142857,1.),(0.,0.036650842055343,0.0777366794445337,
0.137481044673096,0.19928953026998,0.288181400727818,0.411928954796229,
0.478739544223827,0.545545088062889,0.547414568924798),.UNSPECIFIED.);
#930=B_SPLINE_SURFACE_WITH_KNOTS('',3,3,((#4165,#4166,#4167,#4168,#4169,
#4170,#4171,#4172,#4173,#4174,#4175,#4176,#4177,#4178,#4179,#4180),(#4181,
#4182,#4183,#4184,#4185,#4186,#4187,#4188,#4189,#4190,#4191,#4192,#4193,
#4194,#4195,#4196),(#4197,#4198,#4199,#4200,#4201,#4202,#4203,#4204,#4205,
#4206,#4207,#4208,#4209,#4210,#4211,#4212),(#4213,#4214,#4215,#4216,#4217,
#4218,#4219,#4220,#4221,#4222,#4223,#4224,#4225,#4226,#4227,#4228),(#4229,
#4230,#4231,#4232,#4233,#4234,#4235,#4236,#4237,#4238,#4239,#4240,#4241,
#4242,#4243,#4244),(#4245,#4246,#4247,#4248,#4249,#4250,#4251,#4252,#4253,
#4254,#4255,#4256,#4257,#4258,#4259,#4260),(#4261,#4262,#4263,#4264,#4265,
#4266,#4267,#4268,#4269,#4270,#4271,#4272,#4273,#4274,#4275,#4276)),
 .UNSPECIFIED.,.F.,.F.,.F.,(4,1,1,1,4),(4,2,1,2,2,1,1,1,1,1,4),(0.,0.285714285714286,
0.571428571428571,0.857142857142857,1.),(-0.00186948911212978,0.,0.0422639049321473,
0.0780448442254398,0.133615910626079,0.256141309106107,0.345033596875035,
0.40562047544075,0.467809375312066,0.50889505804336,0.545545500151211),
 .UNSPECIFIED.);
#931=B_SPLINE_SURFACE_WITH_KNOTS('',3,3,((#4301,#4302,#4303,#4304),(#4305,
#4306,#4307,#4308),(#4309,#4310,#4311,#4312),(#4313,#4314,#4315,#4316),
(#4317,#4318,#4319,#4320),(#4321,#4322,#4323,#4324),(#4325,#4326,#4327,
#4328),(#4329,#4330,#4331,#4332),(#4333,#4334,#4335,#4336),(#4337,#4338,
#4339,#4340)),.UNSPECIFIED.,.F.,.F.,.F.,(4,1,1,1,1,1,1,4),(4,4),(0.,0.142857142857143,
0.285714285714286,0.428571428571429,0.571428571428571,0.714285714285714,
0.857142857142857,1.),(-0.101025994065877,0.0864518165155917),
 .UNSPECIFIED.);
#932=B_SPLINE_SURFACE_WITH_KNOTS('',3,3,((#4353,#4354,#4355,#4356,#4357,
#4358,#4359,#4360,#4361,#4362),(#4363,#4364,#4365,#4366,#4367,#4368,#4369,
#4370,#4371,#4372),(#4373,#4374,#4375,#4376,#4377,#4378,#4379,#4380,#4381,
#4382),(#4383,#4384,#4385,#4386,#4387,#4388,#4389,#4390,#4391,#4392),(#4393,
#4394,#4395,#4396,#4397,#4398,#4399,#4400,#4401,#4402),(#4403,#4404,#4405,
#4406,#4407,#4408,#4409,#4410,#4411,#4412),(#4413,#4414,#4415,#4416,#4417,
#4418,#4419,#4420,#4421,#4422),(#4423,#4424,#4425,#4426,#4427,#4428,#4429,
#4430,#4431,#4432),(#4433,#4434,#4435,#4436,#4437,#4438,#4439,#4440,#4441,
#4442),(#4443,#4444,#4445,#4446,#4447,#4448,#4449,#4450,#4451,#4452)),
 .UNSPECIFIED.,.F.,.F.,.F.,(4,1,1,1,1,1,1,4),(4,1,1,1,1,1,1,4),(0.,0.142857142857143,
0.285714285714286,0.428571428571429,0.571428571428571,0.714285714285714,
0.857142857142857,1.),(-1.92695074159988,-1.37639338685706,-0.825836032114235,
-0.275278677371412,0.275278677371411,0.825836032114234,1.37639338685706,
1.92695074159988),.UNSPECIFIED.);
#933=B_SPLINE_SURFACE_WITH_KNOTS('',3,3,((#4466,#4467,#4468,#4469),(#4470,
#4471,#4472,#4473),(#4474,#4475,#4476,#4477),(#4478,#4479,#4480,#4481),
(#4482,#4483,#4484,#4485),(#4486,#4487,#4488,#4489),(#4490,#4491,#4492,
#4493),(#4494,#4495,#4496,#4497),(#4498,#4499,#4500,#4501),(#4502,#4503,
#4504,#4505)),.UNSPECIFIED.,.F.,.F.,.F.,(4,1,1,1,1,1,1,4),(4,4),(0.,0.142857142857143,
0.285714285714286,0.428571428571429,0.571428571428571,0.714285714285714,
0.857142857142857,1.),(-0.0864519309491817,0.101026035442693),
 .UNSPECIFIED.);
#934=B_SPLINE_SURFACE_WITH_KNOTS('',3,3,((#4518,#4519,#4520,#4521,#4522,
#4523,#4524,#4525,#4526,#4527,#4528,#4529,#4530,#4531,#4532),(#4533,#4534,
#4535,#4536,#4537,#4538,#4539,#4540,#4541,#4542,#4543,#4544,#4545,#4546,
#4547),(#4548,#4549,#4550,#4551,#4552,#4553,#4554,#4555,#4556,#4557,#4558,
#4559,#4560,#4561,#4562),(#4563,#4564,#4565,#4566,#4567,#4568,#4569,#4570,
#4571,#4572,#4573,#4574,#4575,#4576,#4577),(#4578,#4579,#4580,#4581,#4582,
#4583,#4584,#4585,#4586,#4587,#4588,#4589,#4590,#4591,#4592),(#4593,#4594,
#4595,#4596,#4597,#4598,#4599,#4600,#4601,#4602,#4603,#4604,#4605,#4606,
#4607),(#4608,#4609,#4610,#4611,#4612,#4613,#4614,#4615,#4616,#4617,#4618,
#4619,#4620,#4621,#4622),(#4623,#4624,#4625,#4626,#4627,#4628,#4629,#4630,
#4631,#4632,#4633,#4634,#4635,#4636,#4637),(#4638,#4639,#4640,#4641,#4642,
#4643,#4644,#4645,#4646,#4647,#4648,#4649,#4650,#4651,#4652),(#4653,#4654,
#4655,#4656,#4657,#4658,#4659,#4660,#4661,#4662,#4663,#4664,#4665,#4666,
#4667)),.UNSPECIFIED.,.F.,.F.,.F.,(4,1,1,1,1,1,1,4),(4,1,1,2,1,1,2,1,2,
4),(0.,0.142857142857143,0.285714285714286,0.464285714285714,0.571428571428571,
0.714285714285714,0.857142857142857,1.),(0.,0.0366508420553424,0.0777366794445845,
0.137481044673095,0.199289530269979,0.288181400727807,0.411928954796225,
0.478739544225726,0.54554508806669,0.547414568924083),.UNSPECIFIED.);
#935=B_SPLINE_SURFACE_WITH_KNOTS('',3,3,((#4685,#4686,#4687,#4688,#4689),
(#4690,#4691,#4692,#4693,#4694),(#4695,#4696,#4697,#4698,#4699),(#4700,
#4701,#4702,#4703,#4704),(#4705,#4706,#4707,#4708,#4709),(#4710,#4711,#4712,
#4713,#4714),(#4715,#4716,#4717,#4718,#4719),(#4720,#4721,#4722,#4723,#4724),
(#4725,#4726,#4727,#4728,#4729),(#4730,#4731,#4732,#4733,#4734)),
 .UNSPECIFIED.,.F.,.F.,.F.,(4,1,1,1,1,1,1,4),(4,1,4),(0.,0.142857142857143,
0.285714285714286,0.428571428571429,0.571428571428571,0.714285714285714,
0.857142857142857,1.),(-0.35615441480498,0.050879202114997,0.35615441480498),
 .UNSPECIFIED.);
#936=B_SPLINE_SURFACE_WITH_KNOTS('',3,3,((#4758,#4759,#4760,#4761,#4762,
#4763,#4764,#4765,#4766,#4767),(#4768,#4769,#4770,#4771,#4772,#4773,#4774,
#4775,#4776,#4777),(#4778,#4779,#4780,#4781,#4782,#4783,#4784,#4785,#4786,
#4787),(#4788,#4789,#4790,#4791,#4792,#4793,#4794,#4795,#4796,#4797),(#4798,
#4799,#4800,#4801,#4802,#4803,#4804,#4805,#4806,#4807),(#4808,#4809,#4810,
#4811,#4812,#4813,#4814,#4815,#4816,#4817),(#4818,#4819,#4820,#4821,#4822,
#4823,#4824,#4825,#4826,#4827),(#4828,#4829,#4830,#4831,#4832,#4833,#4834,
#4835,#4836,#4837),(#4838,#4839,#4840,#4841,#4842,#4843,#4844,#4845,#4846,
#4847),(#4848,#4849,#4850,#4851,#4852,#4853,#4854,#4855,#4856,#4857)),
 .UNSPECIFIED.,.F.,.F.,.F.,(4,1,1,1,1,1,1,4),(4,1,1,1,1,1,1,4),(0.,0.142857142857143,
0.285714285714286,0.428571428571429,0.571428571428571,0.714285714285714,
0.857142857142857,1.),(-1.92695074159988,-1.37639338685706,-0.825836032114235,
-0.275278677371412,0.275278677371411,0.825836032114234,1.37639338685706,
1.92695074159988),.UNSPECIFIED.);
#937=B_SPLINE_SURFACE_WITH_KNOTS('',3,3,((#4870,#4871,#4872,#4873,#4874),
(#4875,#4876,#4877,#4878,#4879),(#4880,#4881,#4882,#4883,#4884),(#4885,
#4886,#4887,#4888,#4889),(#4890,#4891,#4892,#4893,#4894),(#4895,#4896,#4897,
#4898,#4899),(#4900,#4901,#4902,#4903,#4904),(#4905,#4906,#4907,#4908,#4909),
(#4910,#4911,#4912,#4913,#4914),(#4915,#4916,#4917,#4918,#4919)),
 .UNSPECIFIED.,.F.,.F.,.F.,(4,1,1,1,1,1,1,4),(4,1,4),(0.,0.142857142857143,
0.285714285714286,0.428571428571429,0.571428571428571,0.714285714285714,
0.857142857142857,1.),(-0.356154414734589,0.0508792021049413,0.356154414734589),
 .UNSPECIFIED.);
#938=B_SPLINE_SURFACE_WITH_KNOTS('',3,3,((#4932,#4933,#4934,#4935,#4936,
#4937,#4938,#4939,#4940,#4941),(#4942,#4943,#4944,#4945,#4946,#4947,#4948,
#4949,#4950,#4951),(#4952,#4953,#4954,#4955,#4956,#4957,#4958,#4959,#4960,
#4961),(#4962,#4963,#4964,#4965,#4966,#4967,#4968,#4969,#4970,#4971),(#4972,
#4973,#4974,#4975,#4976,#4977,#4978,#4979,#4980,#4981),(#4982,#4983,#4984,
#4985,#4986,#4987,#4988,#4989,#4990,#4991),(#4992,#4993,#4994,#4995,#4996,
#4997,#4998,#4999,#5000,#5001),(#5002,#5003,#5004,#5005,#5006,#5007,#5008,
#5009,#5010,#5011),(#5012,#5013,#5014,#5015,#5016,#5017,#5018,#5019,#5020,
#5021),(#5022,#5023,#5024,#5025,#5026,#5027,#5028,#5029,#5030,#5031)),
 .UNSPECIFIED.,.F.,.F.,.F.,(4,1,1,1,1,1,1,4),(4,1,1,1,1,1,1,4),(0.,0.142857142857143,
0.285714285714286,0.428571428571429,0.571428571428571,0.714285714285714,
0.857142857142857,1.),(-1.9269507425085,-1.37639338755852,-0.825836032608535,
-0.275278677658555,0.275278677291425,0.825836032241406,1.37639338719139,
1.92695074214137),.UNSPECIFIED.);
#939=B_SPLINE_SURFACE_WITH_KNOTS('',3,3,((#5038,#5039,#5040,#5041,#5042,
#5043,#5044,#5045),(#5046,#5047,#5048,#5049,#5050,#5051,#5052,#5053),(#5054,
#5055,#5056,#5057,#5058,#5059,#5060,#5061),(#5062,#5063,#5064,#5065,#5066,
#5067,#5068,#5069),(#5070,#5071,#5072,#5073,#5074,#5075,#5076,#5077),(#5078,
#5079,#5080,#5081,#5082,#5083,#5084,#5085),(#5086,#5087,#5088,#5089,#5090,
#5091,#5092,#5093),(#5094,#5095,#5096,#5097,#5098,#5099,#5100,#5101),(#5102,
#5103,#5104,#5105,#5106,#5107,#5108,#5109),(#5110,#5111,#5112,#5113,#5114,
#5115,#5116,#5117)),.UNSPECIFIED.,.F.,.F.,.F.,(4,1,1,1,1,1,1,4),(4,1,1,
1,1,4),(0.,0.142857142857143,0.285714285714286,0.428571428571429,0.571428571428571,
0.714285714285714,0.857142857142857,1.),(-1.9151347174784E-13,0.108848433645886,
0.326545300938042,0.544242168230198,0.653090601876276,0.761939035522354),
 .UNSPECIFIED.);
#940=B_SPLINE_SURFACE_WITH_KNOTS('',3,3,((#5143,#5144,#5145,#5146),(#5147,
#5148,#5149,#5150),(#5151,#5152,#5153,#5154),(#5155,#5156,#5157,#5158),
(#5159,#5160,#5161,#5162),(#5163,#5164,#5165,#5166),(#5167,#5168,#5169,
#5170),(#5171,#5172,#5173,#5174),(#5175,#5176,#5177,#5178),(#5179,#5180,
#5181,#5182)),.UNSPECIFIED.,.F.,.F.,.F.,(4,1,1,1,1,1,1,4),(4,4),(0.,0.142857142857143,
0.285714285714286,0.428571428571429,0.571428571428571,0.714285714285714,
0.857142857142857,1.),(0.161431231300808,0.190571874498409),
 .UNSPECIFIED.);
#941=B_SPLINE_SURFACE_WITH_KNOTS('',3,3,((#5197,#5198,#5199,#5200,#5201,
#5202,#5203,#5204,#5205),(#5206,#5207,#5208,#5209,#5210,#5211,#5212,#5213,
#5214),(#5215,#5216,#5217,#5218,#5219,#5220,#5221,#5222,#5223),(#5224,#5225,
#5226,#5227,#5228,#5229,#5230,#5231,#5232),(#5233,#5234,#5235,#5236,#5237,
#5238,#5239,#5240,#5241),(#5242,#5243,#5244,#5245,#5246,#5247,#5248,#5249,
#5250),(#5251,#5252,#5253,#5254,#5255,#5256,#5257,#5258,#5259),(#5260,#5261,
#5262,#5263,#5264,#5265,#5266,#5267,#5268),(#5269,#5270,#5271,#5272,#5273,
#5274,#5275,#5276,#5277),(#5278,#5279,#5280,#5281,#5282,#5283,#5284,#5285,
#5286)),.UNSPECIFIED.,.F.,.F.,.F.,(4,1,1,1,1,1,1,4),(4,1,1,1,1,1,4),(0.,
0.142857142857143,0.285714285714286,0.428571428571429,0.571428571428571,
0.714285714285714,0.857142857142857,1.),(0.,0.108846951717815,0.326540855153445,
0.544234758589074,0.653081710306889,0.707505186165797,0.761928662024704),
 .UNSPECIFIED.);
#942=B_SPLINE_SURFACE_WITH_KNOTS('',3,3,((#5304,#5305,#5306,#5307,#5308,
#5309,#5310,#5311,#5312,#5313),(#5314,#5315,#5316,#5317,#5318,#5319,#5320,
#5321,#5322,#5323),(#5324,#5325,#5326,#5327,#5328,#5329,#5330,#5331,#5332,
#5333),(#5334,#5335,#5336,#5337,#5338,#5339,#5340,#5341,#5342,#5343),(#5344,
#5345,#5346,#5347,#5348,#5349,#5350,#5351,#5352,#5353),(#5354,#5355,#5356,
#5357,#5358,#5359,#5360,#5361,#5362,#5363),(#5364,#5365,#5366,#5367,#5368,
#5369,#5370,#5371,#5372,#5373),(#5374,#5375,#5376,#5377,#5378,#5379,#5380,
#5381,#5382,#5383),(#5384,#5385,#5386,#5387,#5388,#5389,#5390,#5391,#5392,
#5393),(#5394,#5395,#5396,#5397,#5398,#5399,#5400,#5401,#5402,#5403)),
 .UNSPECIFIED.,.F.,.F.,.F.,(4,1,1,1,1,1,1,4),(4,1,1,1,1,1,1,4),(0.,0.142857142857143,
0.285714285714286,0.428571428571429,0.571428571428571,0.714285714285714,
0.857142857142857,1.),(-9.57012247226885E-14,0.0544242168229364,0.108848433645969,
0.217696867292033,0.326545300938097,0.544242168230226,0.65309060187629,
0.761939035522354),.UNSPECIFIED.);
#943=B_SPLINE_SURFACE_WITH_KNOTS('',3,3,((#5431,#5432,#5433,#5434),(#5435,
#5436,#5437,#5438),(#5439,#5440,#5441,#5442),(#5443,#5444,#5445,#5446),
(#5447,#5448,#5449,#5450),(#5451,#5452,#5453,#5454),(#5455,#5456,#5457,
#5458),(#5459,#5460,#5461,#5462),(#5463,#5464,#5465,#5466),(#5467,#5468,
#5469,#5470)),.UNSPECIFIED.,.F.,.F.,.F.,(4,1,1,1,1,1,1,4),(4,4),(0.,0.142857142857143,
0.285714285714286,0.428571428571429,0.571428571428571,0.714285714285714,
0.857142857142857,1.),(0.161431231300809,0.19057187449841),
 .UNSPECIFIED.);
#944=B_SPLINE_SURFACE_WITH_KNOTS('',3,3,((#5485,#5486,#5487,#5488,#5489,
#5490,#5491,#5492),(#5493,#5494,#5495,#5496,#5497,#5498,#5499,#5500),(#5501,
#5502,#5503,#5504,#5505,#5506,#5507,#5508),(#5509,#5510,#5511,#5512,#5513,
#5514,#5515,#5516),(#5517,#5518,#5519,#5520,#5521,#5522,#5523,#5524),(#5525,
#5526,#5527,#5528,#5529,#5530,#5531,#5532),(#5533,#5534,#5535,#5536,#5537,
#5538,#5539,#5540),(#5541,#5542,#5543,#5544,#5545,#5546,#5547,#5548),(#5549,
#5550,#5551,#5552,#5553,#5554,#5555,#5556),(#5557,#5558,#5559,#5560,#5561,
#5562,#5563,#5564)),.UNSPECIFIED.,.F.,.F.,.F.,(4,1,1,1,1,1,1,4),(4,1,1,
1,1,4),(0.,0.142857142857143,0.285714285714286,0.428571428571429,0.571428571428571,
0.714285714285714,0.857142857142857,1.),(5.55111512312584E-17,0.108846951717815,
0.21769390343563,0.43538780687126,0.65308171030689,0.761928662024705),
 .UNSPECIFIED.);
#945=B_SPLINE_SURFACE_WITH_KNOTS('',3,3,((#5581,#5582,#5583,#5584),(#5585,
#5586,#5587,#5588),(#5589,#5590,#5591,#5592),(#5593,#5594,#5595,#5596),
(#5597,#5598,#5599,#5600),(#5601,#5602,#5603,#5604),(#5605,#5606,#5607,
#5608),(#5609,#5610,#5611,#5612),(#5613,#5614,#5615,#5616),(#5617,#5618,
#5619,#5620)),.UNSPECIFIED.,.F.,.F.,.F.,(4,1,1,1,1,1,1,4),(4,4),(0.,0.142857142857143,
0.285714285714286,0.428571428571429,0.571428571428571,0.857142857142857,
0.892857142857143,1.),(-0.25,-0.15),.UNSPECIFIED.);
#946=B_SPLINE_SURFACE_WITH_KNOTS('',3,3,((#5624,#5625,#5626,#5627),(#5628,
#5629,#5630,#5631),(#5632,#5633,#5634,#5635),(#5636,#5637,#5638,#5639),
(#5640,#5641,#5642,#5643),(#5644,#5645,#5646,#5647),(#5648,#5649,#5650,
#5651),(#5652,#5653,#5654,#5655),(#5656,#5657,#5658,#5659),(#5660,#5661,
#5662,#5663)),.UNSPECIFIED.,.F.,.F.,.F.,(4,1,1,1,1,1,1,4),(4,4),(0.,0.142857142857143,
0.285714285714286,0.428571428571429,0.571428571428571,0.857142857142857,
0.892857142857143,1.),(-0.25,-0.15),.UNSPECIFIED.);
#947=B_SPLINE_SURFACE_WITH_KNOTS('',3,3,((#5664,#5665,#5666,#5667),(#5668,
#5669,#5670,#5671),(#5672,#5673,#5674,#5675),(#5676,#5677,#5678,#5679),
(#5680,#5681,#5682,#5683),(#5684,#5685,#5686,#5687),(#5688,#5689,#5690,
#5691),(#5692,#5693,#5694,#5695),(#5696,#5697,#5698,#5699),(#5700,#5701,
#5702,#5703)),.UNSPECIFIED.,.F.,.F.,.F.,(4,1,1,1,1,1,1,4),(4,4),(0.,0.142857142857143,
0.285714285714286,0.428571428571429,0.571428571428571,0.857142857142857,
0.892857142857143,1.),(-0.25,-0.15),.UNSPECIFIED.);
#948=B_SPLINE_SURFACE_WITH_KNOTS('',3,3,((#5707,#5708,#5709,#5710),(#5711,
#5712,#5713,#5714),(#5715,#5716,#5717,#5718),(#5719,#5720,#5721,#5722),
(#5723,#5724,#5725,#5726),(#5727,#5728,#5729,#5730),(#5731,#5732,#5733,
#5734),(#5735,#5736,#5737,#5738),(#5739,#5740,#5741,#5742),(#5743,#5744,
#5745,#5746)),.UNSPECIFIED.,.F.,.F.,.F.,(4,1,1,1,1,1,1,4),(4,4),(0.,0.142857142857143,
0.285714285714286,0.428571428571429,0.571428571428571,0.857142857142857,
0.892857142857143,1.),(-0.25,-0.15),.UNSPECIFIED.);
#949=ADVANCED_FACE('',(#157),#901,.F.);
#950=ADVANCED_FACE('',(#158),#902,.F.);
#951=ADVANCED_FACE('',(#159),#903,.F.);
#952=ADVANCED_FACE('',(#160),#904,.F.);
#953=ADVANCED_FACE('',(#161),#905,.F.);
#954=ADVANCED_FACE('',(#162),#99,.T.);
#955=ADVANCED_FACE('',(#163),#906,.F.);
#956=ADVANCED_FACE('',(#164),#907,.F.);
#957=ADVANCED_FACE('',(#165),#908,.F.);
#958=ADVANCED_FACE('',(#166),#909,.F.);
#959=ADVANCED_FACE('',(#167),#910,.F.);
#960=ADVANCED_FACE('',(#168),#100,.T.);
#961=ADVANCED_FACE('',(#169),#911,.T.);
#962=ADVANCED_FACE('',(#170),#912,.F.);
#963=ADVANCED_FACE('',(#171),#913,.F.);
#964=ADVANCED_FACE('',(#172),#914,.F.);
#965=ADVANCED_FACE('',(#173),#915,.F.);
#966=ADVANCED_FACE('',(#174,#15,#16),#27,.T.);
#967=ADVANCED_FACE('',(#175),#916,.T.);
#968=ADVANCED_FACE('',(#176),#917,.T.);
#969=ADVANCED_FACE('',(#177),#918,.T.);
#970=ADVANCED_FACE('',(#178,#17),#28,.F.);
#971=ADVANCED_FACE('',(#179),#919,.T.);
#972=ADVANCED_FACE('',(#180),#920,.T.);
#973=ADVANCED_FACE('',(#181,#18),#29,.F.);
#974=ADVANCED_FACE('',(#182),#921,.F.);
#975=ADVANCED_FACE('',(#183),#922,.F.);
#976=ADVANCED_FACE('',(#184),#923,.F.);
#977=ADVANCED_FACE('',(#185),#924,.F.);
#978=ADVANCED_FACE('',(#186,#19),#101,.F.);
#979=ADVANCED_FACE('',(#187,#20),#102,.F.);
#980=ADVANCED_FACE('',(#188),#925,.F.);
#981=ADVANCED_FACE('',(#189),#926,.F.);
#982=ADVANCED_FACE('',(#190),#927,.F.);
#983=ADVANCED_FACE('',(#191),#928,.F.);
#984=ADVANCED_FACE('',(#192),#929,.F.);
#985=ADVANCED_FACE('',(#193),#103,.F.);
#986=ADVANCED_FACE('',(#194),#104,.T.);
#987=ADVANCED_FACE('',(#195),#105,.F.);
#988=ADVANCED_FACE('',(#196),#930,.F.);
#989=ADVANCED_FACE('',(#197),#931,.F.);
#990=ADVANCED_FACE('',(#198),#932,.F.);
#991=ADVANCED_FACE('',(#199),#933,.F.);
#992=ADVANCED_FACE('',(#200),#934,.F.);
#993=ADVANCED_FACE('',(#201),#106,.T.);
#994=ADVANCED_FACE('',(#202),#935,.F.);
#995=ADVANCED_FACE('',(#203),#936,.F.);
#996=ADVANCED_FACE('',(#204),#937,.F.);
#997=ADVANCED_FACE('',(#205),#938,.F.);
#998=ADVANCED_FACE('',(#206,#21,#22),#30,.F.);
#999=ADVANCED_FACE('',(#207),#939,.T.);
#1000=ADVANCED_FACE('',(#208),#940,.T.);
#1001=ADVANCED_FACE('',(#209),#941,.T.);
#1002=ADVANCED_FACE('',(#210,#23),#31,.T.);
#1003=ADVANCED_FACE('',(#211),#942,.T.);
#1004=ADVANCED_FACE('',(#212),#943,.T.);
#1005=ADVANCED_FACE('',(#213),#944,.T.);
#1006=ADVANCED_FACE('',(#214,#24),#32,.T.);
#1007=ADVANCED_FACE('',(#215),#945,.F.);
#1008=ADVANCED_FACE('',(#216),#33,.T.);
#1009=ADVANCED_FACE('',(#217),#946,.F.);
#1010=ADVANCED_FACE('',(#218),#947,.F.);
#1011=ADVANCED_FACE('',(#219),#34,.T.);
#1012=ADVANCED_FACE('',(#220),#948,.F.);
#1013=ADVANCED_FACE('',(#221,#25),#107,.F.);
#1014=ADVANCED_FACE('',(#222,#26),#108,.F.);
#1015=CLOSED_SHELL('',(#949,#950,#951,#952,#953,#954,#955,#956,#957,#958,
#959,#960,#961,#962,#963,#964,#965,#966,#967,#968,#969,#970,#971,#972,#973,
#974,#975,#976,#977,#978,#979,#980,#981,#982,#983,#984,#985,#986,#987,#988,
#989,#990,#991,#992,#993,#994,#995,#996,#997,#998,#999,#1000,#1001,#1002,
#1003,#1004,#1005,#1006,#1007,#1008,#1009,#1010,#1011,#1012,#1013,#1014));
#1016=AXIS2_PLACEMENT_3D('placement',#1249,#1083,#1084);
#1017=AXIS2_PLACEMENT_3D('',#1456,#1085,#1086);
#1018=AXIS2_PLACEMENT_3D('',#1457,#1087,#1088);
#1019=AXIS2_PLACEMENT_3D('',#1570,#1089,#1090);
#1020=AXIS2_PLACEMENT_3D('',#1571,#1091,#1092);
#1021=AXIS2_PLACEMENT_3D('',#1624,#1093,#1094);
#1022=AXIS2_PLACEMENT_3D('',#1625,#1095,#1096);
#1023=AXIS2_PLACEMENT_3D('',#1807,#1097,#1098);
#1024=AXIS2_PLACEMENT_3D('',#1811,#1100,#1101);
#1025=AXIS2_PLACEMENT_3D('',#2019,#1103,#1104);
#1026=AXIS2_PLACEMENT_3D('',#2020,#1105,#1106);
#1027=AXIS2_PLACEMENT_3D('',#2133,#1107,#1108);
#1028=AXIS2_PLACEMENT_3D('',#2134,#1109,#1110);
#1029=AXIS2_PLACEMENT_3D('',#2187,#1111,#1112);
#1030=AXIS2_PLACEMENT_3D('',#2188,#1113,#1114);
#1031=AXIS2_PLACEMENT_3D('',#2370,#1115,#1116);
#1032=AXIS2_PLACEMENT_3D('',#2374,#1118,#1119);
#1033=AXIS2_PLACEMENT_3D('',#2542,#1121,#1122);
#1034=AXIS2_PLACEMENT_3D('',#2554,#1123,#1124);
#1035=AXIS2_PLACEMENT_3D('',#2666,#1125,#1126);
#1036=AXIS2_PLACEMENT_3D('',#2728,#1127,#1128);
#1037=AXIS2_PLACEMENT_3D('',#2729,#1129,#1130);
#1038=AXIS2_PLACEMENT_3D('',#2830,#1131,#1132);
#1039=AXIS2_PLACEMENT_3D('',#2831,#1133,#1134);
#1040=AXIS2_PLACEMENT_3D('',#2833,#1135,#1136);
#1041=AXIS2_PLACEMENT_3D('',#2835,#1137,#1138);
#1042=AXIS2_PLACEMENT_3D('',#3110,#1141,#1142);
#1043=AXIS2_PLACEMENT_3D('',#3112,#1143,#1144);
#1044=AXIS2_PLACEMENT_3D('',#3282,#1147,#1148);
#1045=AXIS2_PLACEMENT_3D('',#3284,#1149,#1150);
#1046=AXIS2_PLACEMENT_3D('',#3549,#1159,#1160);
#1047=AXIS2_PLACEMENT_3D('',#3550,#1161,#1162);
#1048=AXIS2_PLACEMENT_3D('',#3757,#1163,#1164);
#1049=AXIS2_PLACEMENT_3D('',#3758,#1165,#1166);
#1050=AXIS2_PLACEMENT_3D('',#3871,#1167,#1168);
#1051=AXIS2_PLACEMENT_3D('',#3872,#1169,#1170);
#1052=AXIS2_PLACEMENT_3D('',#3925,#1171,#1172);
#1053=AXIS2_PLACEMENT_3D('',#3926,#1173,#1174);
#1054=AXIS2_PLACEMENT_3D('',#4108,#1175,#1176);
#1055=AXIS2_PLACEMENT_3D('',#4112,#1178,#1179);
#1056=AXIS2_PLACEMENT_3D('',#4116,#1181,#1182);
#1057=AXIS2_PLACEMENT_3D('',#4136,#1185,#1186);
#1058=AXIS2_PLACEMENT_3D('',#4139,#1188,#1189);
#1059=AXIS2_PLACEMENT_3D('',#4140,#1190,#1191);
#1060=AXIS2_PLACEMENT_3D('',#4161,#1194,#1195);
#1061=AXIS2_PLACEMENT_3D('',#4164,#1197,#1198);
#1062=AXIS2_PLACEMENT_3D('',#4352,#1199,#1200);
#1063=AXIS2_PLACEMENT_3D('',#4464,#1201,#1202);
#1064=AXIS2_PLACEMENT_3D('',#4465,#1203,#1204);
#1065=AXIS2_PLACEMENT_3D('',#4517,#1205,#1206);
#1066=AXIS2_PLACEMENT_3D('',#4683,#1207,#1208);
#1067=AXIS2_PLACEMENT_3D('',#4684,#1209,#1210);
#1068=AXIS2_PLACEMENT_3D('',#4747,#1211,#1212);
#1069=AXIS2_PLACEMENT_3D('',#4869,#1213,#1214);
#1070=AXIS2_PLACEMENT_3D('',#4931,#1215,#1216);
#1071=AXIS2_PLACEMENT_3D('',#5032,#1217,#1218);
#1072=AXIS2_PLACEMENT_3D('',#5033,#1219,#1220);
#1073=AXIS2_PLACEMENT_3D('',#5035,#1221,#1222);
#1074=AXIS2_PLACEMENT_3D('',#5037,#1223,#1224);
#1075=AXIS2_PLACEMENT_3D('',#5301,#1227,#1228);
#1076=AXIS2_PLACEMENT_3D('',#5303,#1229,#1230);
#1077=AXIS2_PLACEMENT_3D('',#5578,#1233,#1234);
#1078=AXIS2_PLACEMENT_3D('',#5580,#1235,#1236);
#1079=AXIS2_PLACEMENT_3D('',#5622,#1238,#1239);
#1080=AXIS2_PLACEMENT_3D('',#5705,#1242,#1243);
#1081=AXIS2_PLACEMENT_3D('',#5747,#1245,#1246);
#1082=AXIS2_PLACEMENT_3D('',#5748,#1247,#1248);
#1083=DIRECTION('axis',(0.,0.,1.));
#1084=DIRECTION('refdir',(1.,0.,0.));
#1085=DIRECTION('center_axis',(0.,0.,-1.));
#1086=DIRECTION('ref_axis',(-0.993374960721237,0.114918177030791,0.));
#1087=DIRECTION('center_axis',(0.,0.,1.));
#1088=DIRECTION('ref_axis',(-0.993374960721237,0.114918177030791,0.));
#1089=DIRECTION('center_axis',(0.,0.,1.));
#1090=DIRECTION('ref_axis',(-0.3618960558965,-0.932218453328702,0.));
#1091=DIRECTION('center_axis',(0.,0.,-1.));
#1092=DIRECTION('ref_axis',(-0.3618960558965,-0.932218453328702,0.));
#1093=DIRECTION('center_axis',(0.,0.,-1.));
#1094=DIRECTION('ref_axis',(0.810711786040727,-0.585445471393071,0.));
#1095=DIRECTION('center_axis',(0.,0.,1.));
#1096=DIRECTION('ref_axis',(0.810711786040727,-0.585445471393071,0.));
#1097=DIRECTION('center_axis',(0.,0.,1.));
#1098=DIRECTION('ref_axis',(1.,0.,0.));
#1099=DIRECTION('',(0.,0.,1.));
#1100=DIRECTION('center_axis',(0.,0.,1.));
#1101=DIRECTION('ref_axis',(-0.3618960558965,-0.932218453328702,0.));
#1102=DIRECTION('',(0.,0.,1.));
#1103=DIRECTION('center_axis',(0.,0.,-1.));
#1104=DIRECTION('ref_axis',(0.993374960721238,-0.114918177030788,0.));
#1105=DIRECTION('center_axis',(0.,0.,1.));
#1106=DIRECTION('ref_axis',(0.993374960721238,-0.114918177030788,0.));
#1107=DIRECTION('center_axis',(0.,0.,1.));
#1108=DIRECTION('ref_axis',(0.36189605539171,0.932218453524666,0.));
#1109=DIRECTION('center_axis',(0.,0.,-1.));
#1110=DIRECTION('ref_axis',(0.36189605539171,0.932218453524666,0.));
#1111=DIRECTION('center_axis',(0.,0.,-1.));
#1112=DIRECTION('ref_axis',(-0.810711785999517,0.585445471450137,0.));
#1113=DIRECTION('center_axis',(0.,0.,1.));
#1114=DIRECTION('ref_axis',(-0.810711785999517,0.585445471450137,0.));
#1115=DIRECTION('center_axis',(0.,0.,1.));
#1116=DIRECTION('ref_axis',(1.,0.,0.));
#1117=DIRECTION('',(0.,0.,1.));
#1118=DIRECTION('center_axis',(0.,0.,1.));
#1119=DIRECTION('ref_axis',(0.36189605539171,0.932218453524666,0.));
#1120=DIRECTION('',(0.,0.,1.));
#1121=DIRECTION('center_axis',(0.,0.,-1.));
#1122=DIRECTION('ref_axis',(-0.932218453524665,0.361896055391713,0.));
#1123=DIRECTION('center_axis',(0.,0.,1.));
#1124=DIRECTION('ref_axis',(-0.932218453524665,0.361896055391713,0.));
#1125=DIRECTION('center_axis',(0.,0.,-1.));
#1126=DIRECTION('ref_axis',(0.36189605539171,0.932218453524666,0.));
#1127=DIRECTION('center_axis',(0.,0.,1.));
#1128=DIRECTION('ref_axis',(0.932218453550141,-0.36189605532609,0.));
#1129=DIRECTION('center_axis',(0.,0.,-1.));
#1130=DIRECTION('ref_axis',(0.932218453550141,-0.36189605532609,0.));
#1131=DIRECTION('center_axis',(0.,0.,-1.));
#1132=DIRECTION('ref_axis',(-0.3618960558965,-0.932218453328702,0.));
#1133=DIRECTION('center_axis',(0.,0.,1.));
#1134=DIRECTION('ref_axis',(1.,0.,0.));
#1135=DIRECTION('center_axis',(0.,0.,-1.));
#1136=DIRECTION('ref_axis',(1.,0.,0.));
#1137=DIRECTION('center_axis',(0.,0.,-1.));
#1138=DIRECTION('ref_axis',(1.,0.,0.));
#1139=DIRECTION('',(0.932222454468555,-0.361885749076449,0.));
#1140=DIRECTION('',(-0.932222454468555,0.361885749076449,0.));
#1141=DIRECTION('center_axis',(0.,0.,1.));
#1142=DIRECTION('ref_axis',(1.,0.,0.));
#1143=DIRECTION('center_axis',(0.,0.,-1.));
#1144=DIRECTION('ref_axis',(1.,0.,0.));
#1145=DIRECTION('',(-0.932222454468554,0.361885749076453,0.));
#1146=DIRECTION('',(0.932222454468554,-0.361885749076453,0.));
#1147=DIRECTION('center_axis',(0.,0.,1.));
#1148=DIRECTION('ref_axis',(1.,0.,0.));
#1149=DIRECTION('center_axis',(0.,0.,-1.));
#1150=DIRECTION('ref_axis',(1.,0.,0.));
#1151=DIRECTION('',(0.,0.,-1.));
#1152=DIRECTION('',(0.,0.,1.));
#1153=DIRECTION('',(0.,0.,-1.));
#1154=DIRECTION('',(0.,0.,1.));
#1155=DIRECTION('',(0.,0.,-1.));
#1156=DIRECTION('',(0.,0.,1.));
#1157=DIRECTION('',(0.,0.,-1.));
#1158=DIRECTION('',(0.,0.,1.));
#1159=DIRECTION('center_axis',(0.,0.,1.));
#1160=DIRECTION('ref_axis',(1.,0.,0.));
#1161=DIRECTION('center_axis',(0.,0.,1.));
#1162=DIRECTION('ref_axis',(1.,0.,0.));
#1163=DIRECTION('center_axis',(0.,0.,1.));
#1164=DIRECTION('ref_axis',(0.810711786050286,-0.585445471379833,0.));
#1165=DIRECTION('center_axis',(0.,0.,-1.));
#1166=DIRECTION('ref_axis',(0.810711786050286,-0.585445471379833,0.));
#1167=DIRECTION('center_axis',(0.,0.,-1.));
#1168=DIRECTION('ref_axis',(-0.3618960558965,-0.932218453328702,0.));
#1169=DIRECTION('center_axis',(0.,0.,1.));
#1170=DIRECTION('ref_axis',(-0.3618960558965,-0.932218453328702,0.));
#1171=DIRECTION('center_axis',(0.,0.,1.));
#1172=DIRECTION('ref_axis',(-0.993374960723112,0.114918177014581,0.));
#1173=DIRECTION('center_axis',(0.,0.,-1.));
#1174=DIRECTION('ref_axis',(-0.993374960723112,0.114918177014581,0.));
#1175=DIRECTION('center_axis',(0.,0.,1.));
#1176=DIRECTION('ref_axis',(-0.747533485805143,0.664224124524255,0.));
#1177=DIRECTION('',(0.,0.,-1.));
#1178=DIRECTION('center_axis',(0.,0.,1.));
#1179=DIRECTION('ref_axis',(-0.932218453524665,0.361896055391713,0.));
#1180=DIRECTION('',(0.,0.,-1.));
#1181=DIRECTION('center_axis',(0.,0.,-1.));
#1182=DIRECTION('ref_axis',(-0.810711786009076,0.5854454714369,0.));
#1183=DIRECTION('',(0.,0.,-1.));
#1184=DIRECTION('',(0.,0.,1.));
#1185=DIRECTION('center_axis',(0.,0.,1.));
#1186=DIRECTION('ref_axis',(1.,0.,0.));
#1187=DIRECTION('',(0.,0.,-1.));
#1188=DIRECTION('center_axis',(0.,0.,-1.));
#1189=DIRECTION('ref_axis',(-0.3618960558965,-0.932218453328702,0.));
#1190=DIRECTION('center_axis',(0.,0.,1.));
#1191=DIRECTION('ref_axis',(0.67926407172834,-0.733893943876795,0.));
#1192=DIRECTION('',(0.,0.,-1.));
#1193=DIRECTION('',(0.,0.,1.));
#1194=DIRECTION('center_axis',(0.,0.,-1.));
#1195=DIRECTION('ref_axis',(0.993374960723113,-0.114918177014579,0.));
#1196=DIRECTION('',(0.,0.,-1.));
#1197=DIRECTION('center_axis',(0.,0.,1.));
#1198=DIRECTION('ref_axis',(0.932218453550141,-0.36189605532609,0.));
#1199=DIRECTION('center_axis',(0.,0.,1.));
#1200=DIRECTION('ref_axis',(-0.810711786009076,0.5854454714369,0.));
#1201=DIRECTION('center_axis',(0.,0.,-1.));
#1202=DIRECTION('ref_axis',(0.36189605539171,0.932218453524666,0.));
#1203=DIRECTION('center_axis',(0.,0.,1.));
#1204=DIRECTION('ref_axis',(0.36189605539171,0.932218453524666,0.));
#1205=DIRECTION('center_axis',(0.,0.,1.));
#1206=DIRECTION('ref_axis',(0.993374960723113,-0.114918177014579,0.));
#1207=DIRECTION('center_axis',(0.,0.,1.));
#1208=DIRECTION('ref_axis',(1.,0.,0.));
#1209=DIRECTION('center_axis',(0.,0.,-1.));
#1210=DIRECTION('ref_axis',(0.36189605539171,0.932218453524666,0.));
#1211=DIRECTION('center_axis',(0.,0.,-1.));
#1212=DIRECTION('ref_axis',(-0.932218453524665,0.361896055391713,0.));
#1213=DIRECTION('center_axis',(0.,0.,1.));
#1214=DIRECTION('ref_axis',(0.36189605539171,0.932218453524666,0.));
#1215=DIRECTION('center_axis',(0.,0.,-1.));
#1216=DIRECTION('ref_axis',(0.932218453550141,-0.36189605532609,0.));
#1217=DIRECTION('center_axis',(0.,0.,1.));
#1218=DIRECTION('ref_axis',(-0.3618960558965,-0.932218453328702,0.));
#1219=DIRECTION('center_axis',(0.,0.,1.));
#1220=DIRECTION('ref_axis',(1.,0.,0.));
#1221=DIRECTION('center_axis',(0.,0.,-1.));
#1222=DIRECTION('ref_axis',(1.,0.,0.));
#1223=DIRECTION('center_axis',(0.,0.,-1.));
#1224=DIRECTION('ref_axis',(1.,0.,0.));
#1225=DIRECTION('',(-0.932222454468555,0.361885749076449,0.));
#1226=DIRECTION('',(0.932222454468555,-0.361885749076449,0.));
#1227=DIRECTION('center_axis',(0.,0.,1.));
#1228=DIRECTION('ref_axis',(1.,0.,0.));
#1229=DIRECTION('center_axis',(0.,0.,-1.));
#1230=DIRECTION('ref_axis',(1.,0.,0.));
#1231=DIRECTION('',(0.932222454468554,-0.361885749076453,0.));
#1232=DIRECTION('',(-0.932222454468554,0.361885749076453,0.));
#1233=DIRECTION('center_axis',(0.,0.,1.));
#1234=DIRECTION('ref_axis',(1.,0.,0.));
#1235=DIRECTION('center_axis',(0.,0.,-1.));
#1236=DIRECTION('ref_axis',(1.,0.,0.));
#1237=DIRECTION('',(0.,0.,-1.));
#1238=DIRECTION('center_axis',(0.361885749076453,0.932222454468554,0.));
#1239=DIRECTION('ref_axis',(0.932222454468554,-0.361885749076453,0.));
#1240=DIRECTION('',(0.,0.,1.));
#1241=DIRECTION('',(0.,0.,-1.));
#1242=DIRECTION('center_axis',(-0.361885749076449,-0.932222454468555,0.));
#1243=DIRECTION('ref_axis',(-0.932222454468555,0.361885749076449,0.));
#1244=DIRECTION('',(0.,0.,1.));
#1245=DIRECTION('center_axis',(0.,0.,1.));
#1246=DIRECTION('ref_axis',(1.,0.,0.));
#1247=DIRECTION('center_axis',(0.,0.,1.));
#1248=DIRECTION('ref_axis',(1.,0.,0.));
#1249=CARTESIAN_POINT('',(0.,0.,0.));
#1250=CARTESIAN_POINT('Ctrl Pts',(-8.15555277964336,56.1710773411522,1.));
#1251=CARTESIAN_POINT('Ctrl Pts',(-8.157002334266,56.1661350118563,1.00326915428885));
#1252=CARTESIAN_POINT('Ctrl Pts',(-8.15844639587172,56.161208586353,1.00656583765234));
#1253=CARTESIAN_POINT('Ctrl Pts',(-8.19239916953982,56.0453126720869,1.08513784832026));
#1254=CARTESIAN_POINT('Ctrl Pts',(-8.24725045244717,55.8554591481175,1.24938221525641));
#1255=CARTESIAN_POINT('Ctrl Pts',(-8.29310832329401,55.6934776517113,1.4459413246328));
#1256=CARTESIAN_POINT('Ctrl Pts',(-8.34233515993078,55.5182762781629,1.6859596998776));
#1257=CARTESIAN_POINT('Ctrl Pts',(-8.36850438321611,55.4239116968205,1.84170541737678));
#1258=CARTESIAN_POINT('Ctrl Pts',(-8.45360643560137,55.1136632524672,2.33491674536945));
#1259=CARTESIAN_POINT('Ctrl Pts',(-8.5653572905356,54.6973985165185,2.89435552867372));
#1260=CARTESIAN_POINT('Ctrl Pts',(-8.73624805503444,54.0194621244283,3.45730868366146));
#1261=CARTESIAN_POINT('Ctrl Pts',(-8.87878964318421,53.4216699036161,3.78350830809163));
#1262=CARTESIAN_POINT('Ctrl Pts',(-8.99186621664021,52.9229056262022,3.93824702273428));
#1263=CARTESIAN_POINT('Ctrl Pts',(-9.08831563669743,52.4766325555916,3.99685103120739));
#1264=CARTESIAN_POINT('Ctrl Pts',(-9.13996513309645,52.2284154053336,3.99999999999999));
#1265=CARTESIAN_POINT('Ctrl Pts',(-9.16371834769787,52.112207027101,3.99999999999999));
#1266=CARTESIAN_POINT('Ctrl Pts',(-8.15555277964336,56.1710773411522,1.));
#1267=CARTESIAN_POINT('Ctrl Pts',(-8.15700315294841,56.1661319701298,1.00326716990081));
#1268=CARTESIAN_POINT('Ctrl Pts',(-8.15844643584184,56.1612087180623,1.00656307514784));
#1269=CARTESIAN_POINT('Ctrl Pts',(-8.19245608275681,56.0451148588306,1.08482525938436));
#1270=CARTESIAN_POINT('Ctrl Pts',(-8.24821304154675,55.8521777812396,1.24441588145764));
#1271=CARTESIAN_POINT('Ctrl Pts',(-8.2973111513382,55.6786399214066,1.43249241586959));
#1272=CARTESIAN_POINT('Ctrl Pts',(-8.3516786795491,55.4848416167385,1.66091081320067));
#1273=CARTESIAN_POINT('Ctrl Pts',(-8.38217335354608,55.3745830176176,1.80843464855848));
#1274=CARTESIAN_POINT('Ctrl Pts',(-8.47701856929272,55.0272220246406,2.27150491979685));
#1275=CARTESIAN_POINT('Ctrl Pts',(-8.59254632093621,54.5930867880292,2.7919131113261));
#1276=CARTESIAN_POINT('Ctrl Pts',(-8.76058705853188,53.9200342916283,3.30557177503668));
#1277=CARTESIAN_POINT('Ctrl Pts',(-8.89618272017037,53.34634690795,3.59461567857001));
#1278=CARTESIAN_POINT('Ctrl Pts',(-9.00155447229212,52.8786954835976,3.72726546808891));
#1279=CARTESIAN_POINT('Ctrl Pts',(-9.09127637747569,52.4623580937024,3.77486259024358));
#1280=CARTESIAN_POINT('Ctrl Pts',(-9.14013444181206,52.2275684566895,3.77573708760188));
#1281=CARTESIAN_POINT('Ctrl Pts',(-9.16371834769787,52.112207027101,3.77560052474358));
#1282=CARTESIAN_POINT('Ctrl Pts',(-8.15555277964336,56.1710773411522,1.));
#1283=CARTESIAN_POINT('Ctrl Pts',(-8.15699800223648,56.1661364516701,1.00327005179946));
#1284=CARTESIAN_POINT('Ctrl Pts',(-8.1584534153109,56.1611983060973,1.00655001975497));
#1285=CARTESIAN_POINT('Ctrl Pts',(-8.19247462785042,56.0448469959605,1.08436704391255));
#1286=CARTESIAN_POINT('Ctrl Pts',(-8.25019003802047,55.8456746184975,1.23453418062184));
#1287=CARTESIAN_POINT('Ctrl Pts',(-8.30579172100044,55.6491282156307,1.40549398483635));
#1288=CARTESIAN_POINT('Ctrl Pts',(-8.37063492409059,55.4181971763414,1.61109004369979));
#1289=CARTESIAN_POINT('Ctrl Pts',(-8.41079499335425,55.2769472615757,1.74132125807713));
#1290=CARTESIAN_POINT('Ctrl Pts',(-8.52475795709827,54.8533040479615,2.14535503265312));
#1291=CARTESIAN_POINT('Ctrl Pts',(-8.65135644888153,54.3857809211412,2.58612663696674));
#1292=CARTESIAN_POINT('Ctrl Pts',(-8.8170046484312,53.7240450829601,3.00264846985994));
#1293=CARTESIAN_POINT('Ctrl Pts',(-8.94198987139348,53.1995336197639,3.21910717674548));
#1294=CARTESIAN_POINT('Ctrl Pts',(-9.03437245520456,52.7959453901245,3.30894585839415));
#1295=CARTESIAN_POINT('Ctrl Pts',(-9.11216882156052,52.4370372843058,3.3360408251857));
#1296=CARTESIAN_POINT('Ctrl Pts',(-9.15602485859662,52.231387755126,3.3326179808238));
#1297=CARTESIAN_POINT('Ctrl Pts',(-9.17930945389941,52.1153938790054,3.33248564127644));
#1298=CARTESIAN_POINT('Ctrl Pts',(-8.15555277964336,56.1710773411522,1.));
#1299=CARTESIAN_POINT('Ctrl Pts',(-8.15699983219,56.166136516541,1.00326886871727));
#1300=CARTESIAN_POINT('Ctrl Pts',(-8.15845371059174,56.1611892569647,1.00653651717531));
#1301=CARTESIAN_POINT('Ctrl Pts',(-8.19265400664745,56.0443697298526,1.08354024769209));
#1302=CARTESIAN_POINT('Ctrl Pts',(-8.25275612329576,55.8357393958852,1.21966176754811));
#1303=CARTESIAN_POINT('Ctrl Pts',(-8.32106465958471,55.6054877043688,1.36508670616165));
#1304=CARTESIAN_POINT('Ctrl Pts',(-8.41139418726699,55.3214935283784,1.53611851497124));
#1305=CARTESIAN_POINT('Ctrl Pts',(-8.47981570664117,55.1376285490171,1.64137474027605));
#1306=CARTESIAN_POINT('Ctrl Pts',(-8.68500535979624,54.6193850161151,1.95686714425032));
#1307=CARTESIAN_POINT('Ctrl Pts',(-8.90914983785407,54.1239870798423,2.28144584135568));
#1308=CARTESIAN_POINT('Ctrl Pts',(-9.17715413027521,53.5067348625988,2.56077505069849));
#1309=CARTESIAN_POINT('Ctrl Pts',(-9.36282652358789,53.0695821705929,2.67529937005183));
#1310=CARTESIAN_POINT('Ctrl Pts',(-9.4855023802977,52.7652443097661,2.70705166818831));
#1311=CARTESIAN_POINT('Ctrl Pts',(-9.57776653697193,52.4936654451337,2.70791607187225));
#1312=CARTESIAN_POINT('Ctrl Pts',(-9.62520894991232,52.327305333081,2.70097124059267));
#1313=CARTESIAN_POINT('Ctrl Pts',(-9.6487841333146,52.2113554007105,2.70242692311958));
#1314=CARTESIAN_POINT('Ctrl Pts',(-8.15555277964336,56.1710773411522,1.));
#1315=CARTESIAN_POINT('Ctrl Pts',(-8.1570004676655,56.166136295804,1.00326917151143));
#1316=CARTESIAN_POINT('Ctrl Pts',(-8.15845447063537,56.161181917087,1.00652379343847));
#1317=CARTESIAN_POINT('Ctrl Pts',(-8.19281755015823,56.043981671904,1.08288870284464));
#1318=CARTESIAN_POINT('Ctrl Pts',(-8.25462917618646,55.8274423302116,1.20726127975628));
#1319=CARTESIAN_POINT('Ctrl Pts',(-8.33646006907057,55.5699684377146,1.33150646736012));
#1320=CARTESIAN_POINT('Ctrl Pts',(-8.45706688170827,55.2461197473689,1.47499271408155));
#1321=CARTESIAN_POINT('Ctrl Pts',(-8.55993210194448,55.0327053501532,1.5611407399183));
#1322=CARTESIAN_POINT('Ctrl Pts',(-8.88368300414202,54.4727096766613,1.81972021581145));
#1323=CARTESIAN_POINT('Ctrl Pts',(-9.22795862536861,54.0106620216233,2.09086179188945));
#1324=CARTESIAN_POINT('Ctrl Pts',(-9.60457013781388,53.4651342811396,2.34322682070624));
#1325=CARTESIAN_POINT('Ctrl Pts',(-9.85447249615228,53.09370468786,2.45282880737477));
#1326=CARTESIAN_POINT('Ctrl Pts',(-10.0113958984332,52.8367230106562,2.49010976243585));
#1327=CARTESIAN_POINT('Ctrl Pts',(-10.1235277094091,52.5957545651865,2.49863469670716));
#1328=CARTESIAN_POINT('Ctrl Pts',(-10.1772670065311,52.4421219940858,2.49497636327561));
#1329=CARTESIAN_POINT('Ctrl Pts',(-10.2013568885205,52.3243023279194,2.49555563408737));
#1330=CARTESIAN_POINT('Ctrl Pts',(-8.15555277964336,56.1710773411522,1.));
#1331=CARTESIAN_POINT('Ctrl Pts',(-8.15700054960011,56.1661365861056,1.00327001024626));
#1332=CARTESIAN_POINT('Ctrl Pts',(-8.15845513431354,56.1611770626825,1.00651542842882));
#1333=CARTESIAN_POINT('Ctrl Pts',(-8.19291576030612,56.0437565717531,1.08251367445346));
#1334=CARTESIAN_POINT('Ctrl Pts',(-8.25568896660773,55.8224561047362,1.19981518465759));
#1335=CARTESIAN_POINT('Ctrl Pts',(-8.34631052530561,55.5488768975915,1.31139904971395));
#1336=CARTESIAN_POINT('Ctrl Pts',(-8.48704073457793,55.2023765932275,1.43886275291106));
#1337=CARTESIAN_POINT('Ctrl Pts',(-8.6130864707396,54.9733575166144,1.51435398155427));
#1338=CARTESIAN_POINT('Ctrl Pts',(-9.01447239685708,54.4008301621357,1.74596394015689));
#1339=CARTESIAN_POINT('Ctrl Pts',(-9.43201239325437,53.9781123653113,2.00283171301203));
#1340=CARTESIAN_POINT('Ctrl Pts',(-9.86524265484764,53.4855180293103,2.27467338368997));
#1341=CARTESIAN_POINT('Ctrl Pts',(-10.1463728631411,53.1474869651543,2.41244957850752));
#1342=CARTESIAN_POINT('Ctrl Pts',(-10.3196991126418,52.903436196933,2.47393813345457));
#1343=CARTESIAN_POINT('Ctrl Pts',(-10.4418375441171,52.6636434680346,2.49874728064588));
#1344=CARTESIAN_POINT('Ctrl Pts',(-10.49906331268,52.5095867292696,2.50009659565431));
#1345=CARTESIAN_POINT('Ctrl Pts',(-10.5234052936241,52.3901296374027,2.5));
#1346=CARTESIAN_POINT('Ctrl Pts',(-8.15555277964336,56.1710773411522,1.));
#1347=CARTESIAN_POINT('Ctrl Pts',(-8.157002334266,56.1661350118563,1.00326915428885));
#1348=CARTESIAN_POINT('Ctrl Pts',(-8.15845356474822,56.1611771255861,1.00651389340565));
#1349=CARTESIAN_POINT('Ctrl Pts',(-8.19297282565849,56.04366168477,1.08235992006671));
#1350=CARTESIAN_POINT('Ctrl Pts',(-8.25602276126799,55.8207777711511,1.19732108227535));
#1351=CARTESIAN_POINT('Ctrl Pts',(-8.34957164181358,55.54181419735,1.30471355821522));
#1352=CARTESIAN_POINT('Ctrl Pts',(-8.49700854836808,55.1877388254889,1.42675083955263));
#1353=CARTESIAN_POINT('Ctrl Pts',(-8.630728955125,54.9534101240253,1.49885465305528));
#1354=CARTESIAN_POINT('Ctrl Pts',(-9.05858670021204,54.3772456327197,1.72123199356903));
#1355=CARTESIAN_POINT('Ctrl Pts',(-9.50038302176896,53.9669414859703,1.97330554717044));
#1356=CARTESIAN_POINT('Ctrl Pts',(-9.9532951284904,53.4921391549812,2.25122252420024));
#1357=CARTESIAN_POINT('Ctrl Pts',(-10.2453714445818,53.1651860149745,2.39763991862354));
#1358=CARTESIAN_POINT('Ctrl Pts',(-10.4246010574065,52.9255076373612,2.46670492969388));
#1359=CARTESIAN_POINT('Ctrl Pts',(-10.550420845661,52.6867179019089,2.49682137291381));
#1360=CARTESIAN_POINT('Ctrl Pts',(-10.6088663378575,52.5322935262843,2.5));
#1361=CARTESIAN_POINT('Ctrl Pts',(-10.633332148897,52.4125988967062,2.5));
#1362=CARTESIAN_POINT('',(-9.16371834769787,52.112207027101,3.99999999999999));
#1363=CARTESIAN_POINT('',(-10.6333321488969,52.4125988967044,2.5));
#1364=CARTESIAN_POINT('Ctrl Pts',(-9.16371834769787,52.112207027101,3.99999999999999));
#1365=CARTESIAN_POINT('Ctrl Pts',(-9.16371834769787,52.112207027101,3.77560052474358));
#1366=CARTESIAN_POINT('Ctrl Pts',(-9.17930945389941,52.1153938790054,3.33248564127644));
#1367=CARTESIAN_POINT('Ctrl Pts',(-9.6487841333146,52.2113554007105,2.70242692311958));
#1368=CARTESIAN_POINT('Ctrl Pts',(-10.2013568885205,52.3243023279194,2.49555563408737));
#1369=CARTESIAN_POINT('Ctrl Pts',(-10.5234052936241,52.3901296374027,2.5));
#1370=CARTESIAN_POINT('Ctrl Pts',(-10.633332148897,52.4125988967062,2.5));
#1371=CARTESIAN_POINT('',(-8.15555277964335,56.1710773411522,1.));
#1372=CARTESIAN_POINT('Ctrl Pts',(-10.633332148897,52.4125988967062,2.5));
#1373=CARTESIAN_POINT('Ctrl Pts',(-10.6088663378575,52.5322935262843,2.5));
#1374=CARTESIAN_POINT('Ctrl Pts',(-10.550420845661,52.6867179019089,2.49682137291381));
#1375=CARTESIAN_POINT('Ctrl Pts',(-10.4246010574065,52.9255076373612,2.46670492969388));
#1376=CARTESIAN_POINT('Ctrl Pts',(-10.2453714445818,53.1651860149745,2.39763991862354));
#1377=CARTESIAN_POINT('Ctrl Pts',(-9.9532951284904,53.4921391549812,2.25122252420024));
#1378=CARTESIAN_POINT('Ctrl Pts',(-9.50038302176896,53.9669414859703,1.97330554717044));
#1379=CARTESIAN_POINT('Ctrl Pts',(-9.05858670021204,54.3772456327197,1.72123199356903));
#1380=CARTESIAN_POINT('Ctrl Pts',(-8.630728955125,54.9534101240253,1.49885465305528));
#1381=CARTESIAN_POINT('Ctrl Pts',(-8.49700854836808,55.1877388254889,1.42675083955263));
#1382=CARTESIAN_POINT('Ctrl Pts',(-8.34957164181358,55.54181419735,1.30471355821522));
#1383=CARTESIAN_POINT('Ctrl Pts',(-8.25602276126799,55.8207777711511,1.19732108227535));
#1384=CARTESIAN_POINT('Ctrl Pts',(-8.19297282565849,56.04366168477,1.08235992006671));
#1385=CARTESIAN_POINT('Ctrl Pts',(-8.15845356474822,56.1611771255861,1.00651389340565));
#1386=CARTESIAN_POINT('Ctrl Pts',(-8.157002334266,56.1661350118563,1.00326915428885));
#1387=CARTESIAN_POINT('Ctrl Pts',(-8.15555277964336,56.1710773411522,1.));
#1388=CARTESIAN_POINT('Ctrl Pts',(-8.15555277964336,56.1710773411522,1.));
#1389=CARTESIAN_POINT('Ctrl Pts',(-8.157002334266,56.1661350118563,1.00326915428885));
#1390=CARTESIAN_POINT('Ctrl Pts',(-8.15844639587172,56.161208586353,1.00656583765234));
#1391=CARTESIAN_POINT('Ctrl Pts',(-8.19239916953982,56.0453126720869,1.08513784832026));
#1392=CARTESIAN_POINT('Ctrl Pts',(-8.24725045244717,55.8554591481175,1.24938221525641));
#1393=CARTESIAN_POINT('Ctrl Pts',(-8.29310832329401,55.6934776517113,1.4459413246328));
#1394=CARTESIAN_POINT('Ctrl Pts',(-8.34233515993078,55.5182762781629,1.6859596998776));
#1395=CARTESIAN_POINT('Ctrl Pts',(-8.36850438321611,55.4239116968205,1.84170541737678));
#1396=CARTESIAN_POINT('Ctrl Pts',(-8.45360643560137,55.1136632524672,2.33491674536945));
#1397=CARTESIAN_POINT('Ctrl Pts',(-8.5653572905356,54.6973985165185,2.89435552867372));
#1398=CARTESIAN_POINT('Ctrl Pts',(-8.73624805503444,54.0194621244283,3.45730868366146));
#1399=CARTESIAN_POINT('Ctrl Pts',(-8.87878964318421,53.4216699036161,3.78350830809163));
#1400=CARTESIAN_POINT('Ctrl Pts',(-8.99186621664021,52.9229056262022,3.93824702273428));
#1401=CARTESIAN_POINT('Ctrl Pts',(-9.08831563669743,52.4766325555916,3.99685103120739));
#1402=CARTESIAN_POINT('Ctrl Pts',(-9.13996513309645,52.2284154053336,3.99999999999999));
#1403=CARTESIAN_POINT('Ctrl Pts',(-9.16371834769787,52.112207027101,3.99999999999999));
#1404=CARTESIAN_POINT('Ctrl Pts',(-9.16371834769804,52.1122070271001,4.));
#1405=CARTESIAN_POINT('Ctrl Pts',(-9.78946120141467,49.0508713956394,4.));
#1406=CARTESIAN_POINT('Ctrl Pts',(-10.1273871301443,45.9307709902448,4.));
#1407=CARTESIAN_POINT('Ctrl Pts',(-10.1715885706379,42.8064508721892,4.));
#1408=CARTESIAN_POINT('Ctrl Pts',(-9.16371834769804,52.1122070271001,3.88780026237179));
#1409=CARTESIAN_POINT('Ctrl Pts',(-9.78945922727326,49.0508810537751,3.88780026237179));
#1410=CARTESIAN_POINT('Ctrl Pts',(-10.1273872695944,45.9307611334007,3.88780026237179));
#1411=CARTESIAN_POINT('Ctrl Pts',(-10.1715885706379,42.8064508721892,3.88780026237179));
#1412=CARTESIAN_POINT('Ctrl Pts',(-9.16495873872725,52.1124605653971,3.66571445475091));
#1413=CARTESIAN_POINT('Ctrl Pts',(-9.79071576040697,49.0510556196964,3.66571445475091));
#1414=CARTESIAN_POINT('Ctrl Pts',(-10.1286520404069,45.9308596400947,3.66571445475091));
#1415=CARTESIAN_POINT('Ctrl Pts',(-10.172854481702,42.8064687817152,3.66571445475091));
#1416=CARTESIAN_POINT('Ctrl Pts',(-9.23710939050149,52.1272082965098,3.33525251528352));
#1417=CARTESIAN_POINT('Ctrl Pts',(-9.86379046137421,49.0612826044628,3.33525251528352));
#1418=CARTESIAN_POINT('Ctrl Pts',(-10.2022218597544,45.9365151524541,3.33525251528352));
#1419=CARTESIAN_POINT('Ctrl Pts',(-10.2464895743565,42.8075105370551,3.33525251528352));
#1420=CARTESIAN_POINT('Ctrl Pts',(-9.41005776089065,52.1625592739462,3.01986599317138));
#1421=CARTESIAN_POINT('Ctrl Pts',(-10.0389460153511,49.0858353287157,3.01986599317138));
#1422=CARTESIAN_POINT('Ctrl Pts',(-10.378572590167,45.9500327054913,3.01986599317137));
#1423=CARTESIAN_POINT('Ctrl Pts',(-10.4229962165681,42.8100076716468,3.01986599317137));
#1424=CARTESIAN_POINT('Ctrl Pts',(-9.67308574210204,52.2163226959896,2.75124196675995));
#1425=CARTESIAN_POINT('Ctrl Pts',(-10.3053347608469,49.1231568091663,2.75124196675995));
#1426=CARTESIAN_POINT('Ctrl Pts',(-10.6467747589751,45.9706106858704,2.75124196675994));
#1427=CARTESIAN_POINT('Ctrl Pts',(-10.6914357842081,42.8138054308798,2.75124196675994));
#1428=CARTESIAN_POINT('Ctrl Pts',(-9.98195813561431,52.2794568035224,2.57516419349547));
#1429=CARTESIAN_POINT('Ctrl Pts',(-10.6181537857638,49.1669827244096,2.57516419349547));
#1430=CARTESIAN_POINT('Ctrl Pts',(-10.9617231668339,45.9947758174473,2.57516419349547));
#1431=CARTESIAN_POINT('Ctrl Pts',(-11.0066629755834,42.8182651198409,2.57516419349547));
#1432=CARTESIAN_POINT('Ctrl Pts',(-10.3059149393116,52.3456741933255,2.50100933980198));
#1433=CARTESIAN_POINT('Ctrl Pts',(-10.946247091921,49.2129630115519,2.50100933980198));
#1434=CARTESIAN_POINT('Ctrl Pts',(-11.2920529221508,46.0201067689308,2.50100933980198));
#1435=CARTESIAN_POINT('Ctrl Pts',(-11.3372849265942,42.8229426067633,2.50100933980198));
#1436=CARTESIAN_POINT('Ctrl Pts',(-10.5234052936243,52.3901296374018,2.50000000000001));
#1437=CARTESIAN_POINT('Ctrl Pts',(-11.1665173313889,49.2438183618732,2.50000000000001));
#1438=CARTESIAN_POINT('Ctrl Pts',(-11.5138215968268,46.0371269325956,2.5));
#1439=CARTESIAN_POINT('Ctrl Pts',(-11.5592499677609,42.8260828658238,2.5));
#1440=CARTESIAN_POINT('Ctrl Pts',(-10.6333321488972,52.4125988967054,2.50000000000001));
#1441=CARTESIAN_POINT('Ctrl Pts',(-11.2778472882253,49.2594231963008,2.50000000000001));
#1442=CARTESIAN_POINT('Ctrl Pts',(-11.6259109948169,46.0457197787444,2.5));
#1443=CARTESIAN_POINT('Ctrl Pts',(-11.6714384785253,42.8276700571471,2.5));
#1444=CARTESIAN_POINT('',(-10.1715885706379,42.8064508721892,4.));
#1445=CARTESIAN_POINT('',(-11.6714384785253,42.8276700571471,2.5));
#1446=CARTESIAN_POINT('Ctrl Pts',(-10.1715885706379,42.8064508721892,4.));
#1447=CARTESIAN_POINT('Ctrl Pts',(-10.1715885706379,42.8064508721892,3.88780026237179));
#1448=CARTESIAN_POINT('Ctrl Pts',(-10.172854481702,42.8064687817152,3.66571445475091));
#1449=CARTESIAN_POINT('Ctrl Pts',(-10.2464895743565,42.8075105370551,3.33525251528352));
#1450=CARTESIAN_POINT('Ctrl Pts',(-10.4229962165681,42.8100076716468,3.01986599317137));
#1451=CARTESIAN_POINT('Ctrl Pts',(-10.6914357842081,42.8138054308798,2.75124196675994));
#1452=CARTESIAN_POINT('Ctrl Pts',(-11.0066629755834,42.8182651198409,2.57516419349547));
#1453=CARTESIAN_POINT('Ctrl Pts',(-11.3372849265942,42.8229426067633,2.50100933980198));
#1454=CARTESIAN_POINT('Ctrl Pts',(-11.5592499677609,42.8260828658238,2.5));
#1455=CARTESIAN_POINT('Ctrl Pts',(-11.6714384785253,42.8276700571471,2.5));
#1456=CARTESIAN_POINT('Origin',(39.8234083589414,42.0991447069245,2.5));
#1457=CARTESIAN_POINT('Origin',(39.8234083589414,42.0991447069245,4.));
#1458=CARTESIAN_POINT('Ctrl Pts',(-20.4086055969121,46.2195213003427,2.5));
#1459=CARTESIAN_POINT('Ctrl Pts',(-21.0180947260837,45.5335878699324,2.5));
#1460=CARTESIAN_POINT('Ctrl Pts',(-21.8485798954131,43.8190777862936,2.5));
#1461=CARTESIAN_POINT('Ctrl Pts',(-21.567135089646,40.9727708536918,2.5));
#1462=CARTESIAN_POINT('Ctrl Pts',(-19.834788790498,38.6982317896321,2.5));
#1463=CARTESIAN_POINT('Ctrl Pts',(-17.1702987176795,37.6610202820366,2.5));
#1464=CARTESIAN_POINT('Ctrl Pts',(-14.3574507563488,38.1761238764703,2.5));
#1465=CARTESIAN_POINT('Ctrl Pts',(-12.2275047163247,40.0827800300898,2.5));
#1466=CARTESIAN_POINT('Ctrl Pts',(-11.684418898907,41.9101662815585,2.5));
#1467=CARTESIAN_POINT('Ctrl Pts',(-11.6714384785253,42.8276700571471,2.5));
#1468=CARTESIAN_POINT('Ctrl Pts',(-20.4924786578071,46.2940470729314,2.5));
#1469=CARTESIAN_POINT('Ctrl Pts',(-21.115634446045,45.592732862312,2.5));
#1470=CARTESIAN_POINT('Ctrl Pts',(-21.9647535701765,43.8397277686106,2.5));
#1471=CARTESIAN_POINT('Ctrl Pts',(-21.6769801750801,40.9295752143801,2.5));
#1472=CARTESIAN_POINT('Ctrl Pts',(-19.9057754910633,38.6039926907705,2.5));
#1473=CARTESIAN_POINT('Ctrl Pts',(-17.1815021400417,37.5435227631338,2.5));
#1474=CARTESIAN_POINT('Ctrl Pts',(-14.3055398102505,38.0701736473441,2.5));
#1475=CARTESIAN_POINT('Ctrl Pts',(-12.1278201690831,40.0196014958813,2.5));
#1476=CARTESIAN_POINT('Ctrl Pts',(-11.5725214499046,41.8880057761383,2.5));
#1477=CARTESIAN_POINT('Ctrl Pts',(-11.5592499677608,42.8260828658238,2.5));
#1478=CARTESIAN_POINT('Ctrl Pts',(-20.6584955437706,46.4415620981041,2.50126720664585));
#1479=CARTESIAN_POINT('Ctrl Pts',(-21.3087282714551,45.7097748616821,2.50126720664585));
#1480=CARTESIAN_POINT('Ctrl Pts',(-22.1947363002632,43.8806266803128,2.50126720664585));
#1481=CARTESIAN_POINT('Ctrl Pts',(-21.8944683806928,40.8440363640897,2.50126720664585));
#1482=CARTESIAN_POINT('Ctrl Pts',(-20.0463099764817,38.4174265421056,2.50126720664585));
#1483=CARTESIAN_POINT('Ctrl Pts',(-17.2036834580647,37.3108782788172,2.50126720664585));
#1484=CARTESIAN_POINT('Ctrl Pts',(-14.2027792838802,37.8604144371853,2.50126720664585));
#1485=CARTESIAN_POINT('Ctrl Pts',(-11.9304421943116,39.8945374680568,2.50126720664585));
#1486=CARTESIAN_POINT('Ctrl Pts',(-11.3510341156206,41.8441034324668,2.50126720664585));
#1487=CARTESIAN_POINT('Ctrl Pts',(-11.3371859701045,42.8229412067725,2.50126720664585));
#1488=CARTESIAN_POINT('Ctrl Pts',(-20.9055266290329,46.6610626419757,2.57490908964367));
#1489=CARTESIAN_POINT('Ctrl Pts',(-21.5960477318058,45.8839339187127,2.57490908964367));
#1490=CARTESIAN_POINT('Ctrl Pts',(-22.5369456347583,43.9414820289918,2.57490908964367));
#1491=CARTESIAN_POINT('Ctrl Pts',(-22.218083763373,40.7167582777578,2.57490908964367));
#1492=CARTESIAN_POINT('Ctrl Pts',(-20.2554218378069,38.1398205707093,2.57490908964367));
#1493=CARTESIAN_POINT('Ctrl Pts',(-17.23668860443,36.96471118286,2.57490908964367));
#1494=CARTESIAN_POINT('Ctrl Pts',(-14.0498735070292,37.5482983333927,2.57490908964367));
#1495=CARTESIAN_POINT('Ctrl Pts',(-11.6367506833027,39.7084443995315,2.57490908964367));
#1496=CARTESIAN_POINT('Ctrl Pts',(-11.02146364736,41.7787799612449,2.57490908964367));
#1497=CARTESIAN_POINT('Ctrl Pts',(-11.0067574717001,42.8182664567284,2.57490908964367));
#1498=CARTESIAN_POINT('Ctrl Pts',(-21.1412886244779,46.8705499871391,2.75143388738189));
#1499=CARTESIAN_POINT('Ctrl Pts',(-21.8702540307452,46.0501551386682,2.75143388738189));
#1500=CARTESIAN_POINT('Ctrl Pts',(-22.8635365733121,43.9995552497121,2.75143388738189));
#1501=CARTESIAN_POINT('Ctrl Pts',(-22.5269211239583,40.5952956801748,2.75143388738189));
#1502=CARTESIAN_POINT('Ctrl Pts',(-20.4549884036974,37.8748859949015,2.75143388738189));
#1503=CARTESIAN_POINT('Ctrl Pts',(-17.268186787596,36.6343531152523,2.75143388738189));
#1504=CARTESIAN_POINT('Ctrl Pts',(-13.9039451717874,37.2504309002097,2.75143388738189));
#1505=CARTESIAN_POINT('Ctrl Pts',(-11.3564724564245,39.5308428681894,2.75143388738189));
#1506=CARTESIAN_POINT('Ctrl Pts',(-10.7069274272219,41.7164457446159,2.75143388738189));
#1507=CARTESIAN_POINT('Ctrl Pts',(-10.6914024950054,42.8138049599195,2.75143388738189));
#1508=CARTESIAN_POINT('Ctrl Pts',(-21.342093836238,47.0489763303129,3.0198997632507));
#1509=CARTESIAN_POINT('Ctrl Pts',(-22.1037932870684,46.1917418166146,3.0198997632507));
#1510=CARTESIAN_POINT('Ctrl Pts',(-23.1416912683589,44.0490080788638,3.0198997632507));
#1511=CARTESIAN_POINT('Ctrl Pts',(-22.7899418366174,40.4918576452736,3.0198997632507));
#1512=CARTESIAN_POINT('Ctrl Pts',(-20.6249551701826,37.6492459157392,3.0198997632507));
#1513=CARTESIAN_POINT('Ctrl Pts',(-17.2950125247305,36.3530062434873,3.0198997632507));
#1514=CARTESIAN_POINT('Ctrl Pts',(-13.7796573759334,36.9967458245183,3.0198997632507));
#1515=CARTESIAN_POINT('Ctrl Pts',(-11.1177769121591,39.3795783590855,3.0198997632507));
#1516=CARTESIAN_POINT('Ctrl Pts',(-10.4390277485366,41.6633690663451,3.0198997632507));
#1517=CARTESIAN_POINT('Ctrl Pts',(-10.4228056723698,42.8100049759153,3.0198997632507));
#1518=CARTESIAN_POINT('Ctrl Pts',(-21.4737174967167,47.1659311055825,3.33515807594045));
#1519=CARTESIAN_POINT('Ctrl Pts',(-22.2569132552429,46.2845041405784,3.33515807594045));
#1520=CARTESIAN_POINT('Ctrl Pts',(-23.3240638518052,44.0814621107949,3.33515807594046));
#1521=CARTESIAN_POINT('Ctrl Pts',(-22.9624448670838,40.4239963274317,3.33515807594045));
#1522=CARTESIAN_POINT('Ctrl Pts',(-20.7364035065518,37.5012950449924,3.33515807594046));
#1523=CARTESIAN_POINT('Ctrl Pts',(-17.3126047990353,36.1684763918973,3.33515807594045));
#1524=CARTESIAN_POINT('Ctrl Pts',(-13.6981753444715,36.8303928236305,3.33515807594045));
#1525=CARTESIAN_POINT('Ctrl Pts',(-10.9612163890958,39.2804126585666,3.33515807594045));
#1526=CARTESIAN_POINT('Ctrl Pts',(-10.2634259015965,41.6285184601504,3.33515807594045));
#1527=CARTESIAN_POINT('Ctrl Pts',(-10.2467460139656,42.8075141650444,3.33515807594045));
#1528=CARTESIAN_POINT('Ctrl Pts',(-21.5291509681122,47.2151867573848,3.66581312748432));
#1529=CARTESIAN_POINT('Ctrl Pts',(-22.3213489589686,46.3236284679517,3.66581312748432));
#1530=CARTESIAN_POINT('Ctrl Pts',(-23.4008089404692,44.0950806015879,3.66581312748432));
#1531=CARTESIAN_POINT('Ctrl Pts',(-23.034968797393,40.3954930205726,3.66581312748432));
#1532=CARTESIAN_POINT('Ctrl Pts',(-20.7832906605539,37.4390473841135,3.66581312748432));
#1533=CARTESIAN_POINT('Ctrl Pts',(-17.3200028531148,36.0909057853938,3.66581312748432));
#1534=CARTESIAN_POINT('Ctrl Pts',(-13.6638769430015,36.7604196763302,3.66581312748432));
#1535=CARTESIAN_POINT('Ctrl Pts',(-10.8954094012241,39.2386680269208,3.66581312748432));
#1536=CARTESIAN_POINT('Ctrl Pts',(-10.1894698758362,41.6139178039742,3.66581312748432));
#1537=CARTESIAN_POINT('Ctrl Pts',(-10.1725982657374,42.8064651568899,3.66581312748432));
#1538=CARTESIAN_POINT('Ctrl Pts',(-21.5299058245408,47.2158574883434,3.88780026237179));
#1539=CARTESIAN_POINT('Ctrl Pts',(-22.3222617292775,46.3241214789077,3.88780026237179));
#1540=CARTESIAN_POINT('Ctrl Pts',(-23.4018965346401,44.0953004068709,3.88780026237179));
#1541=CARTESIAN_POINT('Ctrl Pts',(-23.0360436781457,40.3950518030196,3.88780026237179));
#1542=CARTESIAN_POINT('Ctrl Pts',(-20.7839634190402,37.4381567350832,3.88780026237179));
#1543=CARTESIAN_POINT('Ctrl Pts',(-17.3201111883067,36.0897494038808,3.88780026237179));
#1544=CARTESIAN_POINT('Ctrl Pts',(-13.6633975104255,36.7594067788564,3.88780026237179));
#1545=CARTESIAN_POINT('Ctrl Pts',(-10.8944240913673,39.2380863165462,3.88780026237179));
#1546=CARTESIAN_POINT('Ctrl Pts',(-10.1884635438624,41.6136658012003,3.88780026237179));
#1547=CARTESIAN_POINT('Ctrl Pts',(-10.1715885706379,42.8064508721892,3.88780026237179));
#1548=CARTESIAN_POINT('Ctrl Pts',(-21.5299058245408,47.2158574883434,4.));
#1549=CARTESIAN_POINT('Ctrl Pts',(-22.3222416924638,46.32414402881,4.));
#1550=CARTESIAN_POINT('Ctrl Pts',(-23.4018724125921,44.0952809200796,4.));
#1551=CARTESIAN_POINT('Ctrl Pts',(-23.0359941650949,40.3950819076973,4.));
#1552=CARTESIAN_POINT('Ctrl Pts',(-20.7839439762024,37.4381811244196,4.));
#1553=CARTESIAN_POINT('Ctrl Pts',(-17.3201068815384,36.0898061645455,4.));
#1554=CARTESIAN_POINT('Ctrl Pts',(-13.6634045318085,36.7594408373093,4.));
#1555=CARTESIAN_POINT('Ctrl Pts',(-10.8944746797772,39.2380938370147,4.));
#1556=CARTESIAN_POINT('Ctrl Pts',(-10.1884631171341,41.613695963924,4.));
#1557=CARTESIAN_POINT('Ctrl Pts',(-10.1715885706379,42.8064508721892,4.));
#1558=CARTESIAN_POINT('',(-21.5299058245408,47.2158574883434,4.));
#1559=CARTESIAN_POINT('',(-20.4086055969121,46.2195213003427,2.5));
#1560=CARTESIAN_POINT('Ctrl Pts',(-21.5299058245408,47.2158574883434,4.));
#1561=CARTESIAN_POINT('Ctrl Pts',(-21.5299058245408,47.2158574883434,3.88780026237179));
#1562=CARTESIAN_POINT('Ctrl Pts',(-21.5291509681122,47.2151867573848,3.66581312748432));
#1563=CARTESIAN_POINT('Ctrl Pts',(-21.4737174967167,47.1659311055825,3.33515807594045));
#1564=CARTESIAN_POINT('Ctrl Pts',(-21.342093836238,47.0489763303129,3.0198997632507));
#1565=CARTESIAN_POINT('Ctrl Pts',(-21.1412886244779,46.8705499871391,2.75143388738189));
#1566=CARTESIAN_POINT('Ctrl Pts',(-20.9055266290329,46.6610626419757,2.57490908964367));
#1567=CARTESIAN_POINT('Ctrl Pts',(-20.6584955437706,46.4415620981041,2.50126720664585));
#1568=CARTESIAN_POINT('Ctrl Pts',(-20.4924786578071,46.2940470729314,2.5));
#1569=CARTESIAN_POINT('Ctrl Pts',(-20.4086055969121,46.2195213003427,2.5));
#1570=CARTESIAN_POINT('Origin',(-16.6709381714831,42.8984006736736,2.5));
#1571=CARTESIAN_POINT('Origin',(-16.6709381714831,42.8984006736736,4.));
#1572=CARTESIAN_POINT('Ctrl Pts',(-21.5299058251327,47.2158574876773,4.));
#1573=CARTESIAN_POINT('Ctrl Pts',(-19.454451083437,49.5516231739749,4.));
#1574=CARTESIAN_POINT('Ctrl Pts',(-17.5986301791447,52.0824595410685,4.));
#1575=CARTESIAN_POINT('Ctrl Pts',(-15.9948862019893,54.7641230139618,4.));
#1576=CARTESIAN_POINT('Ctrl Pts',(-21.5299058251327,47.2158574876773,3.88780026237179));
#1577=CARTESIAN_POINT('Ctrl Pts',(-19.4544576312403,49.5516158049227,3.88780026237179));
#1578=CARTESIAN_POINT('Ctrl Pts',(-17.5986251195305,52.0824680013855,3.88780026237179));
#1579=CARTESIAN_POINT('Ctrl Pts',(-15.9948862019893,54.7641230139618,3.88780026237179));
#1580=CARTESIAN_POINT('Ctrl Pts',(-21.5289583285945,47.2150155855145,3.66571394096373));
#1581=CARTESIAN_POINT('Ctrl Pts',(-19.453456594806,49.5508341578208,3.66571394096373));
#1582=CARTESIAN_POINT('Ctrl Pts',(-17.597578681876,52.081748269234,3.66571394096373));
#1583=CARTESIAN_POINT('Ctrl Pts',(-15.9937983930227,54.7634724598949,3.66571394096373));
#1584=CARTESIAN_POINT('Ctrl Pts',(-21.4739086610448,47.1661009644054,3.33525246886157));
#1585=CARTESIAN_POINT('Ctrl Pts',(-19.3953420544132,49.5053688168508,3.33525246886157));
#1586=CARTESIAN_POINT('Ctrl Pts',(-17.5367451311273,52.0399909209238,3.33525246886157));
#1587=CARTESIAN_POINT('Ctrl Pts',(-15.930596555814,54.7256751871225,3.33525246886157));
#1588=CARTESIAN_POINT('Ctrl Pts',(-21.3419503713992,47.0488488532208,3.01986593185985));
#1589=CARTESIAN_POINT('Ctrl Pts',(-19.2560630105382,49.3963556550315,3.01986593185985));
#1590=CARTESIAN_POINT('Ctrl Pts',(-17.3909023516637,51.9399289141934,3.01986593185985));
#1591=CARTESIAN_POINT('Ctrl Pts',(-15.7790968881188,54.6350722154733,3.01986593185985));
#1592=CARTESIAN_POINT('Ctrl Pts',(-21.1412632424448,46.87052743347,2.75124231089553));
#1593=CARTESIAN_POINT('Ctrl Pts',(-19.0442289477779,49.2305792573273,2.75124231089553));
#1594=CARTESIAN_POINT('Ctrl Pts',(-17.169109411265,51.7877337244843,2.75124231089552));
#1595=CARTESIAN_POINT('Ctrl Pts',(-15.5486904966071,54.4972798092224,2.75124231089552));
#1596=CARTESIAN_POINT('Ctrl Pts',(-20.9055971755957,46.6611253265858,2.57516515652734));
#1597=CARTESIAN_POINT('Ctrl Pts',(-18.7954727516308,49.0359090904991,2.57516515652734));
#1598=CARTESIAN_POINT('Ctrl Pts',(-16.9086591329252,51.609011114031,2.57516515652734));
#1599=CARTESIAN_POINT('Ctrl Pts',(-15.2781252224544,54.3354707555377,2.57516515652734));
#1600=CARTESIAN_POINT('Ctrl Pts',(-20.6584214503518,46.4414962627635,2.50100991020032));
#1601=CARTESIAN_POINT('Ctrl Pts',(-18.534577135551,48.8317207152114,2.50100991020032));
#1602=CARTESIAN_POINT('Ctrl Pts',(-16.6354813881388,51.42157223107,2.50100991020031));
#1603=CARTESIAN_POINT('Ctrl Pts',(-14.9943458529478,54.1657591346399,2.50100991020031));
#1604=CARTESIAN_POINT('Ctrl Pts',(-20.4924786572873,46.2940470735164,2.5));
#1605=CARTESIAN_POINT('Ctrl Pts',(-18.3594140600772,48.6946482491165,2.5));
#1606=CARTESIAN_POINT('Ctrl Pts',(-16.4520892259858,51.2957220072656,2.5));
#1607=CARTESIAN_POINT('Ctrl Pts',(-14.8038290004392,54.0518222973575,2.5));
#1608=CARTESIAN_POINT('Ctrl Pts',(-20.4086055963025,46.2195213010288,2.5));
#1609=CARTESIAN_POINT('Ctrl Pts',(-18.2708872123559,48.6253599579153,2.5));
#1610=CARTESIAN_POINT('Ctrl Pts',(-16.3593916809348,51.2321214160217,2.5));
#1611=CARTESIAN_POINT('Ctrl Pts',(-14.7075353844647,53.9942347931018,2.5));
#1612=CARTESIAN_POINT('',(-15.9948862019893,54.7641230139618,4.));
#1613=CARTESIAN_POINT('',(-14.7075353843969,53.9942347930612,2.49999999999999));
#1614=CARTESIAN_POINT('Ctrl Pts',(-15.9948862019893,54.7641230139618,4.));
#1615=CARTESIAN_POINT('Ctrl Pts',(-15.9948862019893,54.7641230139618,3.88780026237179));
#1616=CARTESIAN_POINT('Ctrl Pts',(-15.9937983930227,54.7634724598949,3.66571394096373));
#1617=CARTESIAN_POINT('Ctrl Pts',(-15.930596555814,54.7256751871225,3.33525246886157));
#1618=CARTESIAN_POINT('Ctrl Pts',(-15.7790968881188,54.6350722154733,3.01986593185985));
#1619=CARTESIAN_POINT('Ctrl Pts',(-15.5486904966071,54.4972798092224,2.75124231089552));
#1620=CARTESIAN_POINT('Ctrl Pts',(-15.2781252224544,54.3354707555377,2.57516515652734));
#1621=CARTESIAN_POINT('Ctrl Pts',(-14.9943458529478,54.1657591346399,2.50100991020031));
#1622=CARTESIAN_POINT('Ctrl Pts',(-14.8038290004392,54.0518222973575,2.5));
#1623=CARTESIAN_POINT('Ctrl Pts',(-14.7075353844647,53.9942347931018,2.5));
#1624=CARTESIAN_POINT('Origin',(-58.9065801194737,80.4270637092941,2.5));
#1625=CARTESIAN_POINT('Origin',(-58.9065801194737,80.4270637092941,4.));
#1626=CARTESIAN_POINT('Ctrl Pts',(-15.9948862019694,54.764123013995,3.99999999999999));
#1627=CARTESIAN_POINT('Ctrl Pts',(-15.9340086536032,54.8659180012864,3.99999999999999));
#1628=CARTESIAN_POINT('Ctrl Pts',(-15.8045890007107,55.0840728592171,3.99669336847694));
#1629=CARTESIAN_POINT('Ctrl Pts',(-15.578925230322,55.4712007860604,3.93970291359488));
#1630=CARTESIAN_POINT('Ctrl Pts',(-15.4224427293833,55.7458455733343,3.84488562209217));
#1631=CARTESIAN_POINT('Ctrl Pts',(-15.2429151047428,56.0648099139135,3.69702631258259));
#1632=CARTESIAN_POINT('Ctrl Pts',(-15.0294738983242,56.4492352546355,3.46643375942412));
#1633=CARTESIAN_POINT('Ctrl Pts',(-14.6946315260318,57.0712497023748,2.90062706571691));
#1634=CARTESIAN_POINT('Ctrl Pts',(-14.4949096941592,57.4563686765185,2.33796541736995));
#1635=CARTESIAN_POINT('Ctrl Pts',(-14.3381484377317,57.7628177246361,1.81055092453883));
#1636=CARTESIAN_POINT('Ctrl Pts',(-14.2315560813302,57.9727426980849,1.43530260186569));
#1637=CARTESIAN_POINT('Ctrl Pts',(-14.0874897054574,58.2621626635292,1.12874005692894));
#1638=CARTESIAN_POINT('Ctrl Pts',(-14.0048455016687,58.4308311000765,1.00656735416838));
#1639=CARTESIAN_POINT('Ctrl Pts',(-14.0025864791142,58.4354429942429,1.00326916247188));
#1640=CARTESIAN_POINT('Ctrl Pts',(-14.0003215796145,58.4400688270611,1.));
#1641=CARTESIAN_POINT('Ctrl Pts',(-15.9948862019694,54.764123013995,3.85975032796473));
#1642=CARTESIAN_POINT('Ctrl Pts',(-15.9340094170181,54.8659167247599,3.85975516975175));
#1643=CARTESIAN_POINT('Ctrl Pts',(-15.809246457566,55.0762398155445,3.85799248474386));
#1644=CARTESIAN_POINT('Ctrl Pts',(-15.5926968826236,55.4473595536809,3.80762627291585));
#1645=CARTESIAN_POINT('Ctrl Pts',(-15.442263294531,55.7108970943301,3.72134636888211));
#1646=CARTESIAN_POINT('Ctrl Pts',(-15.2682974444275,56.0192264055832,3.5850933471761));
#1647=CARTESIAN_POINT('Ctrl Pts',(-15.0599773664413,56.393309461787,3.37102436777121));
#1648=CARTESIAN_POINT('Ctrl Pts',(-14.7258740537884,57.0117486995823,2.83619308922433));
#1649=CARTESIAN_POINT('Ctrl Pts',(-14.5206298872164,57.4063110894497,2.29836687448083));
#1650=CARTESIAN_POINT('Ctrl Pts',(-14.3517723195109,57.7358011893584,1.79085483641633));
#1651=CARTESIAN_POINT('Ctrl Pts',(-14.233756842379,57.9680560433111,1.42789318817147));
#1652=CARTESIAN_POINT('Ctrl Pts',(-14.0875662583056,58.2619891756291,1.12846294592689));
#1653=CARTESIAN_POINT('Ctrl Pts',(-14.0048462135793,58.4308298528196,1.0065646194652));
#1654=CARTESIAN_POINT('Ctrl Pts',(-14.0025864791142,58.4354429942429,1.00326916247188));
#1655=CARTESIAN_POINT('Ctrl Pts',(-14.0003215796145,58.4400688270611,1.));
#1656=CARTESIAN_POINT('Ctrl Pts',(-15.9925634615594,54.7627339206279,3.63776976963139));
#1657=CARTESIAN_POINT('Ctrl Pts',(-15.9316827640704,54.8645341736523,3.63774677285739));
#1658=CARTESIAN_POINT('Ctrl Pts',(-15.8143585799232,55.0624909913507,3.63827283806316));
#1659=CARTESIAN_POINT('Ctrl Pts',(-15.612574223588,55.4083492156683,3.5980859066222));
#1660=CARTESIAN_POINT('Ctrl Pts',(-15.4720381602051,55.6543070467561,3.52509161824631));
#1661=CARTESIAN_POINT('Ctrl Pts',(-15.307336055122,55.9458170277681,3.40701582661257));
#1662=CARTESIAN_POINT('Ctrl Pts',(-15.1077007055173,56.3035190669945,3.21892878737434));
#1663=CARTESIAN_POINT('Ctrl Pts',(-14.7756808263097,56.9163684372455,2.73319678246908));
#1664=CARTESIAN_POINT('Ctrl Pts',(-14.561761530352,57.326131722276,2.23507034937264));
#1665=CARTESIAN_POINT('Ctrl Pts',(-14.3736842567662,57.6926340395283,1.75940135659742));
#1666=CARTESIAN_POINT('Ctrl Pts',(-14.2374255584676,57.9606546904803,1.41608889315814));
#1667=CARTESIAN_POINT('Ctrl Pts',(-14.087706527151,58.2617222127902,1.12802639412879));
#1668=CARTESIAN_POINT('Ctrl Pts',(-14.0048471273896,58.4308277245358,1.00656015632213));
#1669=CARTESIAN_POINT('Ctrl Pts',(-14.0025864791142,58.4354429942429,1.00326916247188));
#1670=CARTESIAN_POINT('Ctrl Pts',(-14.0003215796145,58.4400688270611,0.999999999999999));
#1671=CARTESIAN_POINT('Ctrl Pts',(-15.9173873166253,54.7177755241392,3.30856179410056));
#1672=CARTESIAN_POINT('Ctrl Pts',(-15.8564003017232,54.8197535533718,3.30810014746133));
#1673=CARTESIAN_POINT('Ctrl Pts',(-15.7517293000891,55.0008013084109,3.31158038384575));
#1674=CARTESIAN_POINT('Ctrl Pts',(-15.5765813409151,55.3125186262599,3.28582635261534));
#1675=CARTESIAN_POINT('Ctrl Pts',(-15.455734104206,55.5354736524431,3.23227188307468));
#1676=CARTESIAN_POINT('Ctrl Pts',(-15.3112920798818,55.805875951993,3.14093174547983));
#1677=CARTESIAN_POINT('Ctrl Pts',(-15.1335385484606,56.1444556588343,2.991288403239));
#1678=CARTESIAN_POINT('Ctrl Pts',(-14.8224807089841,56.75848198409,2.57837786332749));
#1679=CARTESIAN_POINT('Ctrl Pts',(-14.609232003735,57.1984940995743,2.14005939317798));
#1680=CARTESIAN_POINT('Ctrl Pts',(-14.4028784013811,57.6259950414613,1.71217854714708));
#1681=CARTESIAN_POINT('Ctrl Pts',(-14.2436702909918,57.9499121587002,1.39835545490388));
#1682=CARTESIAN_POINT('Ctrl Pts',(-14.0878490330409,58.2612867218256,1.12736914293502));
#1683=CARTESIAN_POINT('Ctrl Pts',(-14.0048496007635,58.4308250950509,1.00655348988816));
#1684=CARTESIAN_POINT('Ctrl Pts',(-14.0025864791142,58.4354429942429,1.00326916247188));
#1685=CARTESIAN_POINT('Ctrl Pts',(-14.0003215796145,58.4400688270611,0.999999999999999));
#1686=CARTESIAN_POINT('Ctrl Pts',(-15.7790820287419,54.635063329006,3.02008571804932));
#1687=CARTESIAN_POINT('Ctrl Pts',(-15.7178987500257,54.7373695362452,3.01897399005926));
#1688=CARTESIAN_POINT('Ctrl Pts',(-15.6257784629176,54.9049461110506,3.02456581076054));
#1689=CARTESIAN_POINT('Ctrl Pts',(-15.4783882775564,55.189846962929,3.01053649457532));
#1690=CARTESIAN_POINT('Ctrl Pts',(-15.3795443732915,55.3953997787306,2.97339758713307));
#1691=CARTESIAN_POINT('Ctrl Pts',(-15.2591982047359,55.6507354705447,2.90483883041042));
#1692=CARTESIAN_POINT('Ctrl Pts',(-15.1095358726867,55.9771116453184,2.78823216222554));
#1693=CARTESIAN_POINT('Ctrl Pts',(-14.8350827459964,56.6006879988183,2.43851787151168));
#1694=CARTESIAN_POINT('Ctrl Pts',(-14.6371195517233,57.074586800104,2.05366154498979));
#1695=CARTESIAN_POINT('Ctrl Pts',(-14.4256843794672,57.5630315695958,1.66896121177765));
#1696=CARTESIAN_POINT('Ctrl Pts',(-14.250329640003,57.940483197226,1.38207151038569));
#1697=CARTESIAN_POINT('Ctrl Pts',(-14.0879241798357,58.260863928625,1.12676883497185));
#1698=CARTESIAN_POINT('Ctrl Pts',(-14.004852828229,58.4308230943909,1.00654734228732));
#1699=CARTESIAN_POINT('Ctrl Pts',(-14.0025864791142,58.4354429942429,1.00326916247188));
#1700=CARTESIAN_POINT('Ctrl Pts',(-14.0003215796145,58.4400688270611,0.999999999999998));
#1701=CARTESIAN_POINT('Ctrl Pts',(-15.5096667708141,54.4739420318626,2.70544705321638));
#1702=CARTESIAN_POINT('Ctrl Pts',(-15.448101217764,54.5768874503054,2.70357315702392));
#1703=CARTESIAN_POINT('Ctrl Pts',(-15.371581598392,54.7317276067047,2.71038231095811));
#1704=CARTESIAN_POINT('Ctrl Pts',(-15.2605415189586,54.9915806396361,2.70631498739676));
#1705=CARTESIAN_POINT('Ctrl Pts',(-15.1927219131428,55.18149161223,2.68459036542615));
#1706=CARTESIAN_POINT('Ctrl Pts',(-15.1083979008022,55.4243479331097,2.63810669101021));
#1707=CARTESIAN_POINT('Ctrl Pts',(-15.0036473873948,55.7423890466713,2.5543463661816));
#1708=CARTESIAN_POINT('Ctrl Pts',(-14.7996485107445,56.3863208139095,2.27056556820295));
#1709=CARTESIAN_POINT('Ctrl Pts',(-14.6456505714331,56.9082334367142,1.94686946885469));
#1710=CARTESIAN_POINT('Ctrl Pts',(-14.4477935897978,57.4799770429081,1.61428552204284));
#1711=CARTESIAN_POINT('Ctrl Pts',(-14.2603129604004,57.9290091003945,1.36122861545305));
#1712=CARTESIAN_POINT('Ctrl Pts',(-14.0879229505774,58.2602929903634,1.12601066704879));
#1713=CARTESIAN_POINT('Ctrl Pts',(-14.0048585845765,58.4308211039231,1.00653941386833));
#1714=CARTESIAN_POINT('Ctrl Pts',(-14.0025864791142,58.4354429942429,1.00326916247188));
#1715=CARTESIAN_POINT('Ctrl Pts',(-14.0003215796145,58.4400688270611,0.999999999999998));
#1716=CARTESIAN_POINT('Ctrl Pts',(-15.2304920573873,54.306984182842,2.55562510318494));
#1717=CARTESIAN_POINT('Ctrl Pts',(-15.1685298765046,54.4105928133598,2.55419258051502));
#1718=CARTESIAN_POINT('Ctrl Pts',(-15.1008394740135,54.5612600438468,2.55936896112091));
#1719=CARTESIAN_POINT('Ctrl Pts',(-15.0125207128419,54.8124834743217,2.55322478443547));
#1720=CARTESIAN_POINT('Ctrl Pts',(-14.9669636116961,54.9964400179787,2.53211530976007));
#1721=CARTESIAN_POINT('Ctrl Pts',(-14.9110792616004,55.2345242668173,2.48860064546681));
#1722=CARTESIAN_POINT('Ctrl Pts',(-14.8455361427585,55.5491763510167,2.4115163680925));
#1723=CARTESIAN_POINT('Ctrl Pts',(-14.715799532377,56.2063091461544,2.15108101867007));
#1724=CARTESIAN_POINT('Ctrl Pts',(-14.6242190995373,56.7629704180387,1.86297209607682));
#1725=CARTESIAN_POINT('Ctrl Pts',(-14.4592944306935,57.4063910006969,1.56836804014969));
#1726=CARTESIAN_POINT('Ctrl Pts',(-14.2703837708105,57.919432906957,1.3432270724591));
#1727=CARTESIAN_POINT('Ctrl Pts',(-14.0878336943934,58.2597956280943,1.12538952045281));
#1728=CARTESIAN_POINT('Ctrl Pts',(-14.0048650343921,58.4308195443274,1.0065321899525));
#1729=CARTESIAN_POINT('Ctrl Pts',(-14.0025864791142,58.4354429942429,1.00326916247188));
#1730=CARTESIAN_POINT('Ctrl Pts',(-14.0003215796145,58.4400688270611,0.999999999999997));
#1731=CARTESIAN_POINT('Ctrl Pts',(-14.9469405067436,54.1374088069032,2.50151330566909));
#1732=CARTESIAN_POINT('Ctrl Pts',(-14.8845765261872,54.241689297471,2.50108925325488));
#1733=CARTESIAN_POINT('Ctrl Pts',(-14.8213210736709,54.3930070895308,2.50242458833503));
#1734=CARTESIAN_POINT('Ctrl Pts',(-14.7467362961057,54.6444056141338,2.48568121516106));
#1735=CARTESIAN_POINT('Ctrl Pts',(-14.7176522877269,54.8269958902198,2.45532243224416));
#1736=CARTESIAN_POINT('Ctrl Pts',(-14.6851235833309,55.0632579262351,2.40212449310459));
#1737=CARTESIAN_POINT('Ctrl Pts',(-14.6549062161835,55.3750901357655,2.31470650570447));
#1738=CARTESIAN_POINT('Ctrl Pts',(-14.6021263740749,56.0369962044997,2.05070192136108));
#1739=CARTESIAN_POINT('Ctrl Pts',(-14.586056548335,56.6193158289615,1.78490129307467));
#1740=CARTESIAN_POINT('Ctrl Pts',(-14.4663470241986,57.3316811850709,1.52288372767025));
#1741=CARTESIAN_POINT('Ctrl Pts',(-14.2813109360601,57.9098072658716,1.32485581244577));
#1742=CARTESIAN_POINT('Ctrl Pts',(-14.0876784065334,58.2592934522061,1.12475733094553));
#1743=CARTESIAN_POINT('Ctrl Pts',(-14.0048725738632,58.4308180332352,1.00652505748972));
#1744=CARTESIAN_POINT('Ctrl Pts',(-14.0025864791142,58.4354429942429,1.00326916247188));
#1745=CARTESIAN_POINT('Ctrl Pts',(-14.0003215796145,58.4400688270611,0.999999999999997));
#1746=CARTESIAN_POINT('Ctrl Pts',(-14.8038290004188,54.0518222973917,2.49999999999999));
#1747=CARTESIAN_POINT('Ctrl Pts',(-14.7412612669659,54.1564434886621,2.49998220938954));
#1748=CARTESIAN_POINT('Ctrl Pts',(-14.6791603543532,54.3092874634823,2.49865839810736));
#1749=CARTESIAN_POINT('Ctrl Pts',(-14.6093771983671,54.5629779200162,2.47442557038061));
#1750=CARTESIAN_POINT('Ctrl Pts',(-14.5871567071106,54.7460694541543,2.43699549369871));
#1751=CARTESIAN_POINT('Ctrl Pts',(-14.5651289171968,54.9822421635295,2.37588143941852));
#1752=CARTESIAN_POINT('Ctrl Pts',(-14.5516058009319,55.2929473351852,2.279130294368));
#1753=CARTESIAN_POINT('Ctrl Pts',(-14.5381140824133,55.9552443276341,2.00633359581137));
#1754=CARTESIAN_POINT('Ctrl Pts',(-14.5627771527196,56.5480385827256,1.74790895785668));
#1755=CARTESIAN_POINT('Ctrl Pts',(-14.4688127797369,57.2941224685374,1.50055386174239));
#1756=CARTESIAN_POINT('Ctrl Pts',(-14.2871184779846,57.9050572105061,1.31575998349216));
#1757=CARTESIAN_POINT('Ctrl Pts',(-14.0875895652935,58.2590490409173,1.1244682296482));
#1758=CARTESIAN_POINT('Ctrl Pts',(-14.0048765679854,58.4308171920282,1.00652112425865));
#1759=CARTESIAN_POINT('Ctrl Pts',(-14.0025864791142,58.4354429942429,1.00326916247188));
#1760=CARTESIAN_POINT('Ctrl Pts',(-14.0003215796145,58.4400688270611,0.999999999999997));
#1761=CARTESIAN_POINT('Ctrl Pts',(-14.7075353844443,53.994234793136,2.49999999999999));
#1762=CARTESIAN_POINT('Ctrl Pts',(-14.6448315096272,54.0990836300462,2.49999999999999));
#1763=CARTESIAN_POINT('Ctrl Pts',(-14.5834648781509,54.2530855753351,2.49677266521247));
#1764=CARTESIAN_POINT('Ctrl Pts',(-14.5168100145664,54.5085453271495,2.46734659716447));
#1765=CARTESIAN_POINT('Ctrl Pts',(-14.4991459079657,54.6921506029873,2.42520261625177));
#1766=CARTESIAN_POINT('Ctrl Pts',(-14.4840722816711,54.9284250229545,2.35872431126652));
#1767=CARTESIAN_POINT('Ctrl Pts',(-14.481591730379,55.2385462741709,2.25567991732227));
#1768=CARTESIAN_POINT('Ctrl Pts',(-14.4945346332947,55.9009665551732,1.97650453801749));
#1769=CARTESIAN_POINT('Ctrl Pts',(-14.5465842267012,56.5005523157717,1.72308754549224));
#1770=CARTESIAN_POINT('Ctrl Pts',(-14.470234822845,57.2689919136051,1.48545793527413));
#1771=CARTESIAN_POINT('Ctrl Pts',(-14.2910254485033,57.9018564550963,1.30952556186054));
#1772=CARTESIAN_POINT('Ctrl Pts',(-14.0875158879812,58.2588784707279,1.12425360116836));
#1773=CARTESIAN_POINT('Ctrl Pts',(-14.0048794462699,58.4308167333347,1.00651878080496));
#1774=CARTESIAN_POINT('Ctrl Pts',(-14.0025864791142,58.4354429942429,1.00326916247188));
#1775=CARTESIAN_POINT('Ctrl Pts',(-14.0003215796145,58.4400688270611,0.999999999999997));
#1776=CARTESIAN_POINT('',(-14.0003215796145,58.4400688270611,1.));
#1777=CARTESIAN_POINT('Ctrl Pts',(-15.9948862019694,54.764123013995,3.99999999999999));
#1778=CARTESIAN_POINT('Ctrl Pts',(-15.9340086536032,54.8659180012864,3.99999999999999));
#1779=CARTESIAN_POINT('Ctrl Pts',(-15.8045890007107,55.0840728592171,3.99669336847694));
#1780=CARTESIAN_POINT('Ctrl Pts',(-15.578925230322,55.4712007860604,3.93970291359488));
#1781=CARTESIAN_POINT('Ctrl Pts',(-15.4224427293833,55.7458455733343,3.84488562209217));
#1782=CARTESIAN_POINT('Ctrl Pts',(-15.2429151047428,56.0648099139135,3.69702631258259));
#1783=CARTESIAN_POINT('Ctrl Pts',(-15.0294738983242,56.4492352546355,3.46643375942412));
#1784=CARTESIAN_POINT('Ctrl Pts',(-14.6946315260318,57.0712497023748,2.90062706571691));
#1785=CARTESIAN_POINT('Ctrl Pts',(-14.4949096941592,57.4563686765185,2.33796541736995));
#1786=CARTESIAN_POINT('Ctrl Pts',(-14.3381484377317,57.7628177246361,1.81055092453883));
#1787=CARTESIAN_POINT('Ctrl Pts',(-14.2315560813302,57.9727426980849,1.43530260186569));
#1788=CARTESIAN_POINT('Ctrl Pts',(-14.0874897054574,58.2621626635292,1.12874005692894));
#1789=CARTESIAN_POINT('Ctrl Pts',(-14.0048455016687,58.4308311000765,1.00656735416838));
#1790=CARTESIAN_POINT('Ctrl Pts',(-14.0025864791142,58.4354429942429,1.00326916247188));
#1791=CARTESIAN_POINT('Ctrl Pts',(-14.0003215796145,58.4400688270611,1.));
#1792=CARTESIAN_POINT('Ctrl Pts',(-14.0003215796145,58.4400688270611,0.999999999999997));
#1793=CARTESIAN_POINT('Ctrl Pts',(-14.0025864791142,58.4354429942429,1.00326916247188));
#1794=CARTESIAN_POINT('Ctrl Pts',(-14.0048794462699,58.4308167333347,1.00651878080496));
#1795=CARTESIAN_POINT('Ctrl Pts',(-14.0875158879812,58.2588784707279,1.12425360116836));
#1796=CARTESIAN_POINT('Ctrl Pts',(-14.2910254485033,57.9018564550963,1.30952556186054));
#1797=CARTESIAN_POINT('Ctrl Pts',(-14.470234822845,57.2689919136051,1.48545793527413));
#1798=CARTESIAN_POINT('Ctrl Pts',(-14.5465842267012,56.5005523157717,1.72308754549224));
#1799=CARTESIAN_POINT('Ctrl Pts',(-14.4945346332947,55.9009665551732,1.97650453801749));
#1800=CARTESIAN_POINT('Ctrl Pts',(-14.481591730379,55.2385462741709,2.25567991732227));
#1801=CARTESIAN_POINT('Ctrl Pts',(-14.4840722816711,54.9284250229545,2.35872431126652));
#1802=CARTESIAN_POINT('Ctrl Pts',(-14.4991459079657,54.6921506029873,2.42520261625177));
#1803=CARTESIAN_POINT('Ctrl Pts',(-14.5168100145664,54.5085453271495,2.46734659716447));
#1804=CARTESIAN_POINT('Ctrl Pts',(-14.5834648781509,54.2530855753351,2.49677266521247));
#1805=CARTESIAN_POINT('Ctrl Pts',(-14.6448315096272,54.0990836300462,2.49999999999999));
#1806=CARTESIAN_POINT('Ctrl Pts',(-14.7075353844443,53.994234793136,2.49999999999999));
#1807=CARTESIAN_POINT('Origin',(-16.6709381714831,42.8984006736736,2.5));
#1808=CARTESIAN_POINT('',(-10.1715885706379,42.8064508721892,5.));
#1809=CARTESIAN_POINT('',(-10.1715885706379,42.8064508721892,2.5));
#1810=CARTESIAN_POINT('',(-21.5299058245408,47.2158574883434,5.));
#1811=CARTESIAN_POINT('Origin',(-16.6709381714831,42.8984006736736,5.));
#1812=CARTESIAN_POINT('',(-21.5299058245408,47.2158574883434,2.5));
#1813=CARTESIAN_POINT('Ctrl Pts',(-10.9276189808895,66.3551310750666,1.));
#1814=CARTESIAN_POINT('Ctrl Pts',(-10.9261694262529,66.36007340441,1.00326915424864));
#1815=CARTESIAN_POINT('Ctrl Pts',(-10.9247253661771,66.3649998244666,1.00656584382304));
#1816=CARTESIAN_POINT('Ctrl Pts',(-10.8907724977673,66.4808960760794,1.08513747379779));
#1817=CARTESIAN_POINT('Ctrl Pts',(-10.8359207032502,66.6707514217322,1.24937994143306));
#1818=CARTESIAN_POINT('Ctrl Pts',(-10.7900625537813,66.832733909076,1.44593813227688));
#1819=CARTESIAN_POINT('Ctrl Pts',(-10.7408351982084,67.0079371188809,1.68595473045925));
#1820=CARTESIAN_POINT('Ctrl Pts',(-10.714665527585,67.1023032998541,1.84169912806308));
#1821=CARTESIAN_POINT('Ctrl Pts',(-10.6295604764546,67.4125623959505,2.33489984430039));
#1822=CARTESIAN_POINT('Ctrl Pts',(-10.5178076944601,67.8288341098111,2.89433442855977));
#1823=CARTESIAN_POINT('Ctrl Pts',(-10.3469195077536,68.5067613343131,3.4572932837636));
#1824=CARTESIAN_POINT('Ctrl Pts',(-10.2043791078318,69.1045492679927,3.78349489055333));
#1825=CARTESIAN_POINT('Ctrl Pts',(-10.0913043691795,69.6033070232286,3.93824146136872));
#1826=CARTESIAN_POINT('Ctrl Pts',(-9.99485586579993,70.0495767640127,3.99684919213409));
#1827=CARTESIAN_POINT('Ctrl Pts',(-9.94320662743636,70.2977930108853,3.99999999999999));
#1828=CARTESIAN_POINT('Ctrl Pts',(-9.91945341283494,70.4140013891179,3.99999999999999));
#1829=CARTESIAN_POINT('Ctrl Pts',(-10.9276189808895,66.3551310750666,1.));
#1830=CARTESIAN_POINT('Ctrl Pts',(-10.9261686075705,66.3600764461365,1.00326716986058));
#1831=CARTESIAN_POINT('Ctrl Pts',(-10.924725326207,66.3649996927574,1.00656308131859));
#1832=CARTESIAN_POINT('Ctrl Pts',(-10.8907155845502,66.481093889336,1.08482488486144));
#1833=CARTESIAN_POINT('Ctrl Pts',(-10.8349581141502,66.6740327886116,1.2444136076324));
#1834=CARTESIAN_POINT('Ctrl Pts',(-10.7858597257351,66.847571639388,1.43248922350839));
#1835=CARTESIAN_POINT('Ctrl Pts',(-10.7314916785863,67.0413717803192,1.66090584377498));
#1836=CARTESIAN_POINT('Ctrl Pts',(-10.7009965572538,67.1516319790619,1.80842835924068));
#1837=CARTESIAN_POINT('Ctrl Pts',(-10.6061483427632,67.4990036237771,2.27148801872777));
#1838=CARTESIAN_POINT('Ctrl Pts',(-10.4906186640595,67.9331458383003,2.79189201121215));
#1839=CARTESIAN_POINT('Ctrl Pts',(-10.3225805042562,68.6061891671131,3.3055563751388));
#1840=CARTESIAN_POINT('Ctrl Pts',(-10.1869860308457,69.1798722636587,3.5946022610317));
#1841=CARTESIAN_POINT('Ctrl Pts',(-10.0816161135276,69.6475171658332,3.72725990672334));
#1842=CARTESIAN_POINT('Ctrl Pts',(-9.99189512502167,70.0638512259019,3.77486075117029));
#1843=CARTESIAN_POINT('Ctrl Pts',(-9.94303731872075,70.2986399595294,3.77573708760189));
#1844=CARTESIAN_POINT('Ctrl Pts',(-9.91945341283494,70.4140013891179,3.77560052474358));
#1845=CARTESIAN_POINT('Ctrl Pts',(-10.9276189808895,66.3551310750667,1.));
#1846=CARTESIAN_POINT('Ctrl Pts',(-10.92617389126,66.3600719303118,1.00327004893442));
#1847=CARTESIAN_POINT('Ctrl Pts',(-10.9247182098762,66.3650101470786,1.00655002536157));
#1848=CARTESIAN_POINT('Ctrl Pts',(-10.8906992424778,66.4813611365997,1.0843668605596));
#1849=CARTESIAN_POINT('Ctrl Pts',(-10.8329799461457,66.6805330319287,1.23453397606505));
#1850=CARTESIAN_POINT('Ctrl Pts',(-10.7773768301091,66.8770769136364,1.40549257712109));
#1851=CARTESIAN_POINT('Ctrl Pts',(-10.7125349607324,67.1080120082317,1.61108919849279));
#1852=CARTESIAN_POINT('Ctrl Pts',(-10.6723399784127,67.2492335722848,1.74132081944059));
#1853=CARTESIAN_POINT('Ctrl Pts',(-10.5584589008736,67.6729604728923,2.14534383320492));
#1854=CARTESIAN_POINT('Ctrl Pts',(-10.431792354105,68.1404297841329,2.58611483978172));
#1855=CARTESIAN_POINT('Ctrl Pts',(-10.2661504786516,68.8021825804582,3.00263718468413));
#1856=CARTESIAN_POINT('Ctrl Pts',(-10.1411536689714,69.3266774772038,3.21908414534939));
#1857=CARTESIAN_POINT('Ctrl Pts',(-10.0487476658436,69.7302822798025,3.30894091578666));
#1858=CARTESIAN_POINT('Ctrl Pts',(-9.97096605959495,70.0891575003924,3.33601555994575));
#1859=CARTESIAN_POINT('Ctrl Pts',(-9.92708530515536,70.2948511314216,3.33261886121206));
#1860=CARTESIAN_POINT('Ctrl Pts',(-9.90381943396636,70.4108057739584,3.33246609185613));
#1861=CARTESIAN_POINT('Ctrl Pts',(-10.9276189808895,66.3551310750666,1.));
#1862=CARTESIAN_POINT('Ctrl Pts',(-10.9261720406644,66.3600718454618,1.00326887073663));
#1863=CARTESIAN_POINT('Ctrl Pts',(-10.9247179347682,66.3650192216024,1.00653651482449));
#1864=CARTESIAN_POINT('Ctrl Pts',(-10.8905196426436,66.4818378621801,1.08354031790088));
#1865=CARTESIAN_POINT('Ctrl Pts',(-10.8304148113655,66.6904667190631,1.21966247482384));
#1866=CARTESIAN_POINT('Ctrl Pts',(-10.762104566612,66.9207147275104,1.36508655512901));
#1867=CARTESIAN_POINT('Ctrl Pts',(-10.6717780147614,67.2047131049636,1.53611949311667));
#1868=CARTESIAN_POINT('Ctrl Pts',(-10.6033244715148,67.388547895547,1.64137651918258));
#1869=CARTESIAN_POINT('Ctrl Pts',(-10.3982163412012,67.9068772206914,1.95686154993826));
#1870=CARTESIAN_POINT('Ctrl Pts',(-10.174013950873,68.402217157306,2.28144119309717));
#1871=CARTESIAN_POINT('Ctrl Pts',(-9.906015483474,69.0194836230429,2.56076994971293));
#1872=CARTESIAN_POINT('Ctrl Pts',(-9.72033274700035,69.4566209205641,2.6752822492389));
#1873=CARTESIAN_POINT('Ctrl Pts',(-9.59763573461233,69.7609792009033,2.70705211066778));
#1874=CARTESIAN_POINT('Ctrl Pts',(-9.50538275487818,70.032529796607,2.7078944542545));
#1875=CARTESIAN_POINT('Ctrl Pts',(-9.45792029244797,70.1989368625717,2.70097688217959));
#1876=CARTESIAN_POINT('Ctrl Pts',(-9.43436001926567,70.3148473723901,2.70241082001486));
#1877=CARTESIAN_POINT('Ctrl Pts',(-10.9276189808895,66.3551310750667,1.));
#1878=CARTESIAN_POINT('Ctrl Pts',(-10.926171373368,66.3600720793868,1.0032691738977));
#1879=CARTESIAN_POINT('Ctrl Pts',(-10.9247172052124,66.3650265534381,1.00652378732862));
#1880=CARTESIAN_POINT('Ctrl Pts',(-10.8903556772112,66.4822256694343,1.08288898419382));
#1881=CARTESIAN_POINT('Ctrl Pts',(-10.8285426853487,66.6987615219274,1.20726294754258));
#1882=CARTESIAN_POINT('Ctrl Pts',(-10.7467109755839,66.9562320760935,1.33150773143815));
#1883=CARTESIAN_POINT('Ctrl Pts',(-10.626106744725,67.2800825016952,1.47499553807974));
#1884=CARTESIAN_POINT('Ctrl Pts',(-10.5232201663262,67.4934742000832,1.56114432412193));
#1885=CARTESIAN_POINT('Ctrl Pts',(-10.1995332129545,68.0535351660128,1.81972150381931));
#1886=CARTESIAN_POINT('Ctrl Pts',(-9.85522236507247,68.5155376120975,2.0908647237234));
#1887=CARTESIAN_POINT('Ctrl Pts',(-9.47860987829579,69.061065463259,2.34322746588009));
#1888=CARTESIAN_POINT('Ctrl Pts',(-9.22869886094926,69.4324838341784,2.45282073528964));
#1889=CARTESIAN_POINT('Ctrl Pts',(-9.07175731806671,69.6894850218483,2.49011276217926));
#1890=CARTESIAN_POINT('Ctrl Pts',(-8.95963125942063,69.9304402985475,2.4986217974078));
#1891=CARTESIAN_POINT('Ctrl Pts',(-8.90587830551062,70.0841111511351,2.49498258565304));
#1892=CARTESIAN_POINT('Ctrl Pts',(-8.88179818064997,70.2019026765531,2.49554649160821));
#1893=CARTESIAN_POINT('Ctrl Pts',(-10.9276189808895,66.3551310750666,1.));
#1894=CARTESIAN_POINT('Ctrl Pts',(-10.9261712109188,66.3600718301608,1.00327001020604));
#1895=CARTESIAN_POINT('Ctrl Pts',(-10.9247166216848,66.3650313697497,1.00651542233429));
#1896=CARTESIAN_POINT('Ctrl Pts',(-10.8902562671639,66.4824508587338,1.08251403596769));
#1897=CARTESIAN_POINT('Ctrl Pts',(-10.8274842096838,66.7037460789951,1.19981717098357));
#1898=CARTESIAN_POINT('Ctrl Pts',(-10.736863258395,66.9773237831936,1.31140142738699));
#1899=CARTESIAN_POINT('Ctrl Pts',(-10.5961342537131,67.3238219579854,1.43886595986963));
#1900=CARTESIAN_POINT('Ctrl Pts',(-10.4700894474053,67.5528386755571,1.51435774475079));
#1901=CARTESIAN_POINT('Ctrl Pts',(-10.0687213147826,68.1253789313381,1.745970455702));
#1902=CARTESIAN_POINT('Ctrl Pts',(-9.6511897009837,68.5480907208758,2.00283906202092));
#1903=CARTESIAN_POINT('Ctrl Pts',(-9.21794723106557,69.0406579223311,2.27467618747346));
#1904=CARTESIAN_POINT('Ctrl Pts',(-8.9368130385969,69.3786869227435,2.41245104570075));
#1905=CARTESIAN_POINT('Ctrl Pts',(-8.76347726708401,69.6227464941252,2.47393802552596));
#1906=CARTESIAN_POINT('Ctrl Pts',(-8.6413354079645,69.8625542493559,2.49874699608866));
#1907=CARTESIAN_POINT('Ctrl Pts',(-8.58410844785277,70.0166216869493,2.50009659565431));
#1908=CARTESIAN_POINT('Ctrl Pts',(-8.55976646690868,70.1360787788162,2.5));
#1909=CARTESIAN_POINT('Ctrl Pts',(-10.9276189808895,66.3551310750666,1.));
#1910=CARTESIAN_POINT('Ctrl Pts',(-10.9261694262529,66.36007340441,1.00326915424864));
#1911=CARTESIAN_POINT('Ctrl Pts',(-10.9247181912501,66.3650313068461,1.00651388731114));
#1912=CARTESIAN_POINT('Ctrl Pts',(-10.8901992018116,66.4825457457171,1.0823602815807));
#1913=CARTESIAN_POINT('Ctrl Pts',(-10.8271504150232,66.7054244125809,1.19732306860042));
#1914=CARTESIAN_POINT('Ctrl Pts',(-10.7336021418853,66.9843864834386,1.30471593588562));
#1915=CARTESIAN_POINT('Ctrl Pts',(-10.5861664399163,67.3384597257287,1.42675404650811));
#1916=CARTESIAN_POINT('Ctrl Pts',(-10.4524469630162,67.5727860681467,1.49885841625056));
#1917=CARTESIAN_POINT('Ctrl Pts',(-10.0246070114277,68.1489634607541,1.72123850911413));
#1918=CARTESIAN_POINT('Ctrl Pts',(-9.58281907246911,68.5592616002167,1.97331289617934));
#1919=CARTESIAN_POINT('Ctrl Pts',(-9.12989475742281,69.0340367966602,2.25122532798373));
#1920=CARTESIAN_POINT('Ctrl Pts',(-8.83781445715619,69.3609878729234,2.39764138581677));
#1921=CARTESIAN_POINT('Ctrl Pts',(-8.65857532231939,69.600675053697,2.46670482176527));
#1922=CARTESIAN_POINT('Ctrl Pts',(-8.53275210642062,69.8394798154816,2.49682108835659));
#1923=CARTESIAN_POINT('Ctrl Pts',(-8.47430542267531,69.9939148899345,2.5));
#1924=CARTESIAN_POINT('Ctrl Pts',(-8.44983961163578,70.1136095195126,2.5));
#1925=CARTESIAN_POINT('',(-9.91945341283494,70.4140013891179,3.99999999999999));
#1926=CARTESIAN_POINT('',(-8.44983961163586,70.1136095195144,2.5));
#1927=CARTESIAN_POINT('Ctrl Pts',(-9.91945341283494,70.4140013891179,3.99999999999999));
#1928=CARTESIAN_POINT('Ctrl Pts',(-9.91945341283494,70.4140013891179,3.77560052474358));
#1929=CARTESIAN_POINT('Ctrl Pts',(-9.90381943396636,70.4108057739584,3.33246609185613));
#1930=CARTESIAN_POINT('Ctrl Pts',(-9.43436001926567,70.3148473723901,2.70241082001486));
#1931=CARTESIAN_POINT('Ctrl Pts',(-8.88179818064997,70.2019026765531,2.49554649160821));
#1932=CARTESIAN_POINT('Ctrl Pts',(-8.55976646690868,70.1360787788162,2.5));
#1933=CARTESIAN_POINT('Ctrl Pts',(-8.44983961163578,70.1136095195126,2.5));
#1934=CARTESIAN_POINT('',(-10.9276189808895,66.3551310750666,1.));
#1935=CARTESIAN_POINT('Ctrl Pts',(-8.44983961163578,70.1136095195126,2.5));
#1936=CARTESIAN_POINT('Ctrl Pts',(-8.47430542267531,69.9939148899345,2.5));
#1937=CARTESIAN_POINT('Ctrl Pts',(-8.53275210642062,69.8394798154816,2.49682108835659));
#1938=CARTESIAN_POINT('Ctrl Pts',(-8.65857532231939,69.600675053697,2.46670482176527));
#1939=CARTESIAN_POINT('Ctrl Pts',(-8.83781445715619,69.3609878729234,2.39764138581677));
#1940=CARTESIAN_POINT('Ctrl Pts',(-9.12989475742281,69.0340367966602,2.25122532798373));
#1941=CARTESIAN_POINT('Ctrl Pts',(-9.58281907246911,68.5592616002167,1.97331289617934));
#1942=CARTESIAN_POINT('Ctrl Pts',(-10.0246070114277,68.1489634607541,1.72123850911413));
#1943=CARTESIAN_POINT('Ctrl Pts',(-10.4524469630162,67.5727860681467,1.49885841625056));
#1944=CARTESIAN_POINT('Ctrl Pts',(-10.5861664399163,67.3384597257287,1.42675404650811));
#1945=CARTESIAN_POINT('Ctrl Pts',(-10.7336021418853,66.9843864834386,1.30471593588562));
#1946=CARTESIAN_POINT('Ctrl Pts',(-10.8271504150232,66.7054244125809,1.19732306860042));
#1947=CARTESIAN_POINT('Ctrl Pts',(-10.8901992018116,66.4825457457171,1.0823602815807));
#1948=CARTESIAN_POINT('Ctrl Pts',(-10.9247181912501,66.3650313068461,1.00651388731114));
#1949=CARTESIAN_POINT('Ctrl Pts',(-10.9261694262529,66.36007340441,1.00326915424864));
#1950=CARTESIAN_POINT('Ctrl Pts',(-10.9276189808895,66.3551310750666,1.));
#1951=CARTESIAN_POINT('Ctrl Pts',(-10.9276189808895,66.3551310750666,1.));
#1952=CARTESIAN_POINT('Ctrl Pts',(-10.9261694262529,66.36007340441,1.00326915424864));
#1953=CARTESIAN_POINT('Ctrl Pts',(-10.9247253661771,66.3649998244666,1.00656584382304));
#1954=CARTESIAN_POINT('Ctrl Pts',(-10.8907724977673,66.4808960760794,1.08513747379779));
#1955=CARTESIAN_POINT('Ctrl Pts',(-10.8359207032502,66.6707514217322,1.24937994143306));
#1956=CARTESIAN_POINT('Ctrl Pts',(-10.7900625537813,66.832733909076,1.44593813227688));
#1957=CARTESIAN_POINT('Ctrl Pts',(-10.7408351982084,67.0079371188809,1.68595473045925));
#1958=CARTESIAN_POINT('Ctrl Pts',(-10.714665527585,67.1023032998541,1.84169912806308));
#1959=CARTESIAN_POINT('Ctrl Pts',(-10.6295604764546,67.4125623959505,2.33489984430039));
#1960=CARTESIAN_POINT('Ctrl Pts',(-10.5178076944601,67.8288341098111,2.89433442855977));
#1961=CARTESIAN_POINT('Ctrl Pts',(-10.3469195077536,68.5067613343131,3.4572932837636));
#1962=CARTESIAN_POINT('Ctrl Pts',(-10.2043791078318,69.1045492679927,3.78349489055333));
#1963=CARTESIAN_POINT('Ctrl Pts',(-10.0913043691795,69.6033070232286,3.93824146136872));
#1964=CARTESIAN_POINT('Ctrl Pts',(-9.99485586579993,70.0495767640127,3.99684919213409));
#1965=CARTESIAN_POINT('Ctrl Pts',(-9.94320662743636,70.2977930108853,3.99999999999999));
#1966=CARTESIAN_POINT('Ctrl Pts',(-9.91945341283494,70.4140013891179,3.99999999999999));
#1967=CARTESIAN_POINT('Ctrl Pts',(-9.91945341283476,70.4140013891187,4.));
#1968=CARTESIAN_POINT('Ctrl Pts',(-9.29371055911814,73.4753370205795,4.));
#1969=CARTESIAN_POINT('Ctrl Pts',(-8.95578463038851,76.5954374259741,4.));
#1970=CARTESIAN_POINT('Ctrl Pts',(-8.91158318989491,79.7197575440297,4.));
#1971=CARTESIAN_POINT('Ctrl Pts',(-9.91945341283476,70.4140013891187,3.88780026237179));
#1972=CARTESIAN_POINT('Ctrl Pts',(-9.29371258525236,73.4753271080781,3.88780026237179));
#1973=CARTESIAN_POINT('Ctrl Pts',(-8.95578448726573,76.5954475424171,3.88780026237179));
#1974=CARTESIAN_POINT('Ctrl Pts',(-8.91158318989491,79.7197575440297,3.88780026237179));
#1975=CARTESIAN_POINT('Ctrl Pts',(-9.91832619736117,70.4137709841216,3.66576984539567));
#1976=CARTESIAN_POINT('Ctrl Pts',(-9.29256924873975,73.4751755723975,3.66576984539567));
#1977=CARTESIAN_POINT('Ctrl Pts',(-8.95463521901564,76.5953507750007,3.66576984539567));
#1978=CARTESIAN_POINT('Ctrl Pts',(-8.91043278288127,79.7197412686017,3.66576984539567));
#1979=CARTESIAN_POINT('Ctrl Pts',(-9.84609349686218,70.3990064820928,3.33527520225236));
#1980=CARTESIAN_POINT('Ctrl Pts',(-9.21941250500688,73.4649317875611,3.33527520225236));
#1981=CARTESIAN_POINT('Ctrl Pts',(-8.88098166243683,76.5896941077254,3.33527520225235));
#1982=CARTESIAN_POINT('Ctrl Pts',(-8.83671395341637,79.7186983285922,3.33527520225235));
#1983=CARTESIAN_POINT('Ctrl Pts',(-9.67310249332733,70.3636467903599,3.01986340747308));
#1984=CARTESIAN_POINT('Ctrl Pts',(-9.04421400285812,73.4403718902215,3.01986340747308));
#1985=CARTESIAN_POINT('Ctrl Pts',(-8.70458744398922,76.5761743662057,3.01986340747308));
#1986=CARTESIAN_POINT('Ctrl Pts',(-8.66016380091686,79.7162005784369,3.01986340747308));
#1987=CARTESIAN_POINT('Ctrl Pts',(-9.41010211658375,70.3098890107226,2.75124404385905));
#1988=CARTESIAN_POINT('Ctrl Pts',(-8.77785317286594,73.4030545304894,2.75124404385905));
#1989=CARTESIAN_POINT('Ctrl Pts',(-8.43641342561727,76.5555983373919,2.75124404385905));
#1990=CARTESIAN_POINT('Ctrl Pts',(-8.39175240568409,79.7124032177742,2.75124404385905));
#1991=CARTESIAN_POINT('Ctrl Pts',(-9.10121645086096,70.2467521903245,2.57516672530619));
#1992=CARTESIAN_POINT('Ctrl Pts',(-8.46502076518743,73.3592264432322,2.57516672530619));
#1993=CARTESIAN_POINT('Ctrl Pts',(-8.12145148029222,76.5314324622038,2.57516672530619));
#1994=CARTESIAN_POINT('Ctrl Pts',(-8.0765116690334,79.7079433371807,2.57516672530619));
#1995=CARTESIAN_POINT('Ctrl Pts',(-8.77726393863282,70.180535677706,2.50101122143028));
#1996=CARTESIAN_POINT('Ctrl Pts',(-8.13693181620941,73.3132467118002,2.50101122143028));
#1997=CARTESIAN_POINT('Ctrl Pts',(-7.79112610009629,76.5061019007714,2.50101122143028));
#1998=CARTESIAN_POINT('Ctrl Pts',(-7.74589409778523,79.7032659122212,2.50101122143028));
#1999=CARTESIAN_POINT('Ctrl Pts',(-8.5597664669085,70.136078778817,2.50000000000001));
#2000=CARTESIAN_POINT('Ctrl Pts',(-7.9166544121218,73.2823901376233,2.50000000000001));
#2001=CARTESIAN_POINT('Ctrl Pts',(-7.56935016490844,76.4890813986323,2.5));
#2002=CARTESIAN_POINT('Ctrl Pts',(-7.52392179277198,79.7001255503951,2.5));
#2003=CARTESIAN_POINT('Ctrl Pts',(-8.4498396116356,70.1136095195134,2.50000000000001));
#2004=CARTESIAN_POINT('Ctrl Pts',(-7.80532447230748,73.266785219918,2.50000000000001));
#2005=CARTESIAN_POINT('Ctrl Pts',(-7.45726076571595,76.4804886374745,2.5));
#2006=CARTESIAN_POINT('Ctrl Pts',(-7.41173328200754,79.6985383590718,2.5));
#2007=CARTESIAN_POINT('',(-8.91158318989491,79.7197575440297,4.));
#2008=CARTESIAN_POINT('',(-7.41173328200754,79.6985383590718,2.5));
#2009=CARTESIAN_POINT('Ctrl Pts',(-8.91158318989491,79.7197575440297,4.));
#2010=CARTESIAN_POINT('Ctrl Pts',(-8.91158318989491,79.7197575440297,3.88780026237179));
#2011=CARTESIAN_POINT('Ctrl Pts',(-8.91043278288127,79.7197412686017,3.66576984539567));
#2012=CARTESIAN_POINT('Ctrl Pts',(-8.83671395341637,79.7186983285922,3.33527520225235));
#2013=CARTESIAN_POINT('Ctrl Pts',(-8.66016380091686,79.7162005784369,3.01986340747308));
#2014=CARTESIAN_POINT('Ctrl Pts',(-8.39175240568409,79.7124032177742,2.75124404385905));
#2015=CARTESIAN_POINT('Ctrl Pts',(-8.0765116690334,79.7079433371807,2.57516672530619));
#2016=CARTESIAN_POINT('Ctrl Pts',(-7.74589409778523,79.7032659122212,2.50101122143028));
#2017=CARTESIAN_POINT('Ctrl Pts',(-7.52392179277198,79.7001255503951,2.5));
#2018=CARTESIAN_POINT('Ctrl Pts',(-7.41173328200754,79.6985383590718,2.5));
#2019=CARTESIAN_POINT('Origin',(-58.9065801194737,80.4270637092941,2.5));
#2020=CARTESIAN_POINT('Origin',(-58.9065801194737,80.4270637092941,4.));
#2021=CARTESIAN_POINT('Ctrl Pts',(1.32543383997604,76.3066871199241,2.5));
#2022=CARTESIAN_POINT('Ctrl Pts',(1.93492296823344,76.9926205508017,2.5));
#2023=CARTESIAN_POINT('Ctrl Pts',(2.76530101014172,78.707503536902,2.5));
#2024=CARTESIAN_POINT('Ctrl Pts',(2.48311903177168,81.5524638233056,2.5));
#2025=CARTESIAN_POINT('Ctrl Pts',(0.753030502228282,83.8303232438186,2.5));
#2026=CARTESIAN_POINT('Ctrl Pts',(-1.91314516837817,84.8625649135807,2.5));
#2027=CARTESIAN_POINT('Ctrl Pts',(-4.72665938709409,84.3527093472684,2.5));
#2028=CARTESIAN_POINT('Ctrl Pts',(-6.85478269386833,82.4418225931682,2.5));
#2029=CARTESIAN_POINT('Ctrl Pts',(-7.3987528616295,80.6160421344026,2.5));
#2030=CARTESIAN_POINT('Ctrl Pts',(-7.41173328200754,79.6985383590718,2.5));
#2031=CARTESIAN_POINT('Ctrl Pts',(1.40930690095168,76.2321613474261,2.5));
#2032=CARTESIAN_POINT('Ctrl Pts',(2.03246243730407,76.9334752760973,2.5));
#2033=CARTESIAN_POINT('Ctrl Pts',(2.88146383506692,78.6868634952157,2.5));
#2034=CARTESIAN_POINT('Ctrl Pts',(2.59294897813496,81.5956334504101,2.5));
#2035=CARTESIAN_POINT('Ctrl Pts',(0.824037563328772,83.9246014011636,2.5));
#2036=CARTESIAN_POINT('Ctrl Pts',(-1.901948033884,84.9800099318001,2.5));
#2037=CARTESIAN_POINT('Ctrl Pts',(-4.7785861523665,84.4587031945165,2.5));
#2038=CARTESIAN_POINT('Ctrl Pts',(-6.95445528026535,82.5049644813105,2.5));
#2039=CARTESIAN_POINT('Ctrl Pts',(-7.51065031597651,80.6382022620442,2.5));
#2040=CARTESIAN_POINT('Ctrl Pts',(-7.52392179277197,79.7001255503951,2.5));
#2041=CARTESIAN_POINT('Ctrl Pts',(1.5752820554581,76.0846834032427,2.50115060927122));
#2042=CARTESIAN_POINT('Ctrl Pts',(2.2255148451636,76.8164707110607,2.50115060927122));
#2043=CARTESIAN_POINT('Ctrl Pts',(3.11140205959682,78.645982950601,2.50115060927122));
#2044=CARTESIAN_POINT('Ctrl Pts',(2.81035745790358,81.6811226669941,2.50115060927122));
#2045=CARTESIAN_POINT('Ctrl Pts',(0.964619350103433,84.1112490154884,2.50115060927122));
#2046=CARTESIAN_POINT('Ctrl Pts',(-1.87978269663567,85.2124913750744,2.50115060927122));
#2047=CARTESIAN_POINT('Ctrl Pts',(-4.88137101440736,84.6685556496806,2.50115060927122));
#2048=CARTESIAN_POINT('Ctrl Pts',(-7.15175242114785,82.6299290409193,2.50115060927122));
#2049=CARTESIAN_POINT('Ctrl Pts',(-7.73208182341122,80.6821042885915,2.50115060927122));
#2050=CARTESIAN_POINT('Ctrl Pts',(-7.74592997026512,79.7032664197285,2.50115060927122));
#2051=CARTESIAN_POINT('Ctrl Pts',(1.82233783867235,75.8651609143773,2.57487678763547));
#2052=CARTESIAN_POINT('Ctrl Pts',(2.51285840159471,76.6422890317748,2.57487678763547));
#2053=CARTESIAN_POINT('Ctrl Pts',(3.45363388379973,78.5851505172978,2.57487678763547));
#2054=CARTESIAN_POINT('Ctrl Pts',(3.13393744128745,81.8083425917085,2.57487678763547));
#2055=CARTESIAN_POINT('Ctrl Pts',(1.173842324802,84.3890337342359,2.57487678763547));
#2056=CARTESIAN_POINT('Ctrl Pts',(-1.84679321824911,85.5585057641879,2.57487678763547));
#2057=CARTESIAN_POINT('Ctrl Pts',(-5.03435307084305,84.980870283494,2.57487678763547));
#2058=CARTESIAN_POINT('Ctrl Pts',(-7.44540217767367,82.8159328950036,2.57487678763547));
#2059=CARTESIAN_POINT('Ctrl Pts',(-8.06168534012349,80.7474273212236,2.57487678763547));
#2060=CARTESIAN_POINT('Ctrl Pts',(-8.07639150430403,79.7079416371455,2.57487678763547));
#2061=CARTESIAN_POINT('Ctrl Pts',(2.05811872170376,75.6556567870239,2.75144470506452));
#2062=CARTESIAN_POINT('Ctrl Pts',(2.78708495898399,76.4760525725258,2.75144470506452));
#2063=CARTESIAN_POINT('Ctrl Pts',(3.78024035681939,78.527098126071,2.75144470506452));
#2064=CARTESIAN_POINT('Ctrl Pts',(3.44274304652392,81.9297500833835,2.75144470506452));
#2065=CARTESIAN_POINT('Ctrl Pts',(1.37350990916465,84.6541325227431,2.75144470506452));
#2066=CARTESIAN_POINT('Ctrl Pts',(-1.8153100737367,85.8887215536537,2.75144470506452));
#2067=CARTESIAN_POINT('Ctrl Pts',(-5.18035054586508,85.2789209439627,2.75144470506452));
#2068=CARTESIAN_POINT('Ctrl Pts',(-7.72564465422601,82.993446600333,2.75144470506452));
#2069=CARTESIAN_POINT('Ctrl Pts',(-8.3762467947756,80.8097639589929,2.75144470506452));
#2070=CARTESIAN_POINT('Ctrl Pts',(-8.39177174470924,79.7124034913737,2.75144470506452));
#2071=CARTESIAN_POINT('Ctrl Pts',(2.25892066189535,75.4772333512057,3.01988286466739));
#2072=CARTESIAN_POINT('Ctrl Pts',(3.02062001076168,76.3344677520209,3.01988286466739));
#2073=CARTESIAN_POINT('Ctrl Pts',(4.05837574866525,78.477667917645,3.01988286466739));
#2074=CARTESIAN_POINT('Ctrl Pts',(3.70571776704989,82.0331295532927,3.01988286466739));
#2075=CARTESIAN_POINT('Ctrl Pts',(1.54353780784162,84.8798805759989,3.01988286466739));
#2076=CARTESIAN_POINT('Ctrl Pts',(-1.78849961276857,86.1699291948048,3.01988286466739));
#2077=CARTESIAN_POINT('Ctrl Pts',(-5.30468119271792,85.5327266525916,3.01988286466739));
#2078=CARTESIAN_POINT('Ctrl Pts',(-7.96429671637358,83.1446216826291,3.01988286466739));
#2079=CARTESIAN_POINT('Ctrl Pts',(-8.64414211702505,80.8628391709384,3.01988286466739));
#2080=CARTESIAN_POINT('Ctrl Pts',(-8.6603641910401,79.716203413464,3.01988286466739));
#2081=CARTESIAN_POINT('Ctrl Pts',(2.39054428569807,75.3602786087798,3.33515506803286));
#2082=CARTESIAN_POINT('Ctrl Pts',(3.1737400639961,76.2417055979581,3.33515506803286));
#2083=CARTESIAN_POINT('Ctrl Pts',(4.24077026593139,78.445222725759,3.33515506803286));
#2084=CARTESIAN_POINT('Ctrl Pts',(3.87817741456047,82.1009686515781,3.33515506803287));
#2085=CARTESIAN_POINT('Ctrl Pts',(1.6550709549934,85.0279559931248,3.33515506803286));
#2086=CARTESIAN_POINT('Ctrl Pts',(-1.77091649826359,86.3543447353503,3.33515506803286));
#2087=CARTESIAN_POINT('Ctrl Pts',(-5.38621248329053,85.6992189632231,3.33515506803286));
#2088=CARTESIAN_POINT('Ctrl Pts',(-8.12079959725596,83.2437324830988,3.33515506803286));
#2089=CARTESIAN_POINT('Ctrl Pts',(-8.81974391214477,80.8976899597332,3.33515506803286));
#2090=CARTESIAN_POINT('Ctrl Pts',(-8.83642380021706,79.7186942236384,3.33515506803286));
#2091=CARTESIAN_POINT('Ctrl Pts',(2.44597806181951,75.3110226863194,3.66580573942409));
#2092=CARTESIAN_POINT('Ctrl Pts',(3.23817604279171,76.2025809665732,3.66580573942409));
#2093=CARTESIAN_POINT('Ctrl Pts',(4.31748522816538,78.431614476485,3.66580573942409));
#2094=CARTESIAN_POINT('Ctrl Pts',(3.95070471683647,82.1294441411807,3.66580573942409));
#2095=CARTESIAN_POINT('Ctrl Pts',(1.70193986129545,85.0901915848376,3.66580573942409));
#2096=CARTESIAN_POINT('Ctrl Pts',(-1.76352290815882,86.4319017151882,3.66580573942409));
#2097=CARTESIAN_POINT('Ctrl Pts',(-5.42050670915801,85.7691786359005,3.66580573942409));
#2098=CARTESIAN_POINT('Ctrl Pts',(-8.18662381977527,83.2854516629583,3.66580573942409));
#2099=CARTESIAN_POINT('Ctrl Pts',(-8.89370034606609,80.9122905770484,3.66580573942409));
#2100=CARTESIAN_POINT('Ctrl Pts',(-8.91057195597496,79.7197432375584,3.66580573942409));
#2101=CARTESIAN_POINT('Ctrl Pts',(2.44673406868376,75.3103509331377,3.88780026237179));
#2102=CARTESIAN_POINT('Ctrl Pts',(3.23908997547341,76.2020869468288,3.88780026237179));
#2103=CARTESIAN_POINT('Ctrl Pts',(4.31860106499031,78.4313902486387,3.88780026237179));
#2104=CARTESIAN_POINT('Ctrl Pts',(3.95176588647612,82.1298979828781,3.88780026237179));
#2105=CARTESIAN_POINT('Ctrl Pts',(1.70265039605492,85.091127669904,3.88780026237179));
#2106=CARTESIAN_POINT('Ctrl Pts',(-1.76341409137864,86.4330353260799,3.88780026237179));
#2107=CARTESIAN_POINT('Ctrl Pts',(-5.42100398226505,85.7702422571007,3.88780026237179));
#2108=CARTESIAN_POINT('Ctrl Pts',(-8.18758175930245,83.286035558999,3.88780026237179));
#2109=CARTESIAN_POINT('Ctrl Pts',(-8.8947082166061,80.9125426195629,3.88780026237179));
#2110=CARTESIAN_POINT('Ctrl Pts',(-8.91158318989489,79.7197575440297,3.88780026237179));
#2111=CARTESIAN_POINT('Ctrl Pts',(2.44673406868376,75.3103509331377,4.));
#2112=CARTESIAN_POINT('Ctrl Pts',(3.23906993541839,76.2020643932786,4.));
#2113=CARTESIAN_POINT('Ctrl Pts',(4.31856138989914,78.4314122752089,4.));
#2114=CARTESIAN_POINT('Ctrl Pts',(3.95172481801808,82.1298606475337,4.));
#2115=CARTESIAN_POINT('Ctrl Pts',(1.70260972961167,85.0910778942006,4.));
#2116=CARTESIAN_POINT('Ctrl Pts',(-1.76341864217672,86.4329920648913,4.));
#2117=CARTESIAN_POINT('Ctrl Pts',(-5.42098712650741,85.7701798286853,4.));
#2118=CARTESIAN_POINT('Ctrl Pts',(-8.18754742531392,83.2860270483551,4.));
#2119=CARTESIAN_POINT('Ctrl Pts',(-8.89470864340344,80.9125124519598,4.));
#2120=CARTESIAN_POINT('Ctrl Pts',(-8.91158318989489,79.7197575440297,4.));
#2121=CARTESIAN_POINT('',(2.44673406868375,75.3103509331377,4.));
#2122=CARTESIAN_POINT('',(1.32543383997604,76.3066871199241,2.5));
#2123=CARTESIAN_POINT('Ctrl Pts',(2.44673406868376,75.3103509331377,4.));
#2124=CARTESIAN_POINT('Ctrl Pts',(2.44673406868376,75.3103509331377,3.88780026237179));
#2125=CARTESIAN_POINT('Ctrl Pts',(2.44597806181951,75.3110226863194,3.66580573942409));
#2126=CARTESIAN_POINT('Ctrl Pts',(2.39054428569807,75.3602786087798,3.33515506803286));
#2127=CARTESIAN_POINT('Ctrl Pts',(2.25892066189535,75.4772333512057,3.01988286466739));
#2128=CARTESIAN_POINT('Ctrl Pts',(2.05811872170376,75.6556567870239,2.75144470506452));
#2129=CARTESIAN_POINT('Ctrl Pts',(1.82233783867235,75.8651609143773,2.57487678763547));
#2130=CARTESIAN_POINT('Ctrl Pts',(1.5752820554581,76.0846834032427,2.50115060927122));
#2131=CARTESIAN_POINT('Ctrl Pts',(1.40930690095168,76.2321613474261,2.5));
#2132=CARTESIAN_POINT('Ctrl Pts',(1.32543383997604,76.3066871199241,2.5));
#2133=CARTESIAN_POINT('Origin',(-2.41223358904967,79.6278077425453,2.5));
#2134=CARTESIAN_POINT('Origin',(-2.41223358904967,79.6278077425453,4.));
#2135=CARTESIAN_POINT('Ctrl Pts',(2.44673406868375,75.3103509331377,4.));
#2136=CARTESIAN_POINT('Ctrl Pts',(0.371279325339534,72.9745852455633,4.));
#2137=CARTESIAN_POINT('Ctrl Pts',(-1.48454158033627,70.4437488769093,4.));
#2138=CARTESIAN_POINT('Ctrl Pts',(-3.08828555854354,67.762085402257,4.));
#2139=CARTESIAN_POINT('Ctrl Pts',(2.44673406868375,75.3103509331377,3.88780026237179));
#2140=CARTESIAN_POINT('Ctrl Pts',(0.371286045591889,72.9745928086936,3.88780026237179));
#2141=CARTESIAN_POINT('Ctrl Pts',(-1.4845467732051,70.4437401937735,3.88780026237179));
#2142=CARTESIAN_POINT('Ctrl Pts',(-3.08828555854354,67.762085402257,3.88780026237179));
#2143=CARTESIAN_POINT('Ctrl Pts',(2.44587432544929,75.3111148617216,3.66576974272536));
#2144=CARTESIAN_POINT('Ctrl Pts',(0.370372832331013,72.9752965608495,3.66576974272536));
#2145=CARTESIAN_POINT('Ctrl Pts',(-1.48549251637493,70.4443995839566,3.66576974272536));
#2146=CARTESIAN_POINT('Ctrl Pts',(-3.08927261903582,67.762675704633,3.66576974272536));
#2147=CARTESIAN_POINT('Ctrl Pts',(2.3907614124591,75.3600856798535,3.3352749109751));
#2148=CARTESIAN_POINT('Ctrl Pts',(0.312195066260338,73.0208181210847,3.3352749109751));
#2149=CARTESIAN_POINT('Ctrl Pts',(-1.54639869370387,70.4862003312512,3.33527491097509));
#2150=CARTESIAN_POINT('Ctrl Pts',(-3.15254706755337,67.8005164019254,3.33527491097509));
#2151=CARTESIAN_POINT('Ctrl Pts',(2.25877140520256,75.4773659738881,3.01986315208899));
#2152=CARTESIAN_POINT('Ctrl Pts',(0.17288325989423,73.1298582898232,3.01986315208899));
#2153=CARTESIAN_POINT('Ctrl Pts',(-1.69227708037953,70.5862854654742,3.01986315208898));
#2154=CARTESIAN_POINT('Ctrl Pts',(-3.304083149859,67.8911411509948,3.01986315208898));
#2155=CARTESIAN_POINT('Ctrl Pts',(2.05810447410543,75.6556694467892,2.75124359752119));
#2156=CARTESIAN_POINT('Ctrl Pts',(-0.0389295733784825,73.295617901702,2.75124359752119));
#2157=CARTESIAN_POINT('Ctrl Pts',(-1.91404762905709,70.7384654543309,2.75124359752118));
#2158=CARTESIAN_POINT('Ctrl Pts',(-3.53446635248775,68.0289196893491,2.75124359752118));
#2159=CARTESIAN_POINT('Ctrl Pts',(1.82242759666865,75.86508115952,2.57516583600696));
#2160=CARTESIAN_POINT('Ctrl Pts',(-0.2876969467979,73.4902972617049,2.57516583600696));
#2161=CARTESIAN_POINT('Ctrl Pts',(-2.17451003558468,70.9171959611702,2.57516583600695));
#2162=CARTESIAN_POINT('Ctrl Pts',(-3.80504403817103,68.1907361656347,2.57516583600695));
#2163=CARTESIAN_POINT('Ctrl Pts',(1.57525521444302,76.0847072529432,2.50101067884391));
#2164=CARTESIAN_POINT('Ctrl Pts',(-0.548589001924471,73.6944829118664,2.50101067884391));
#2165=CARTESIAN_POINT('Ctrl Pts',(-2.44768411072838,71.1046322672302,2.50101067884391));
#2166=CARTESIAN_POINT('Ctrl Pts',(-4.08881956963094,68.3604454912242,2.5010106788439));
#2167=CARTESIAN_POINT('Ctrl Pts',(1.40930690095168,76.2321613474261,2.50000000000002));
#2168=CARTESIAN_POINT('Ctrl Pts',(-0.723757754411282,73.8315601069739,2.50000000000002));
#2169=CARTESIAN_POINT('Ctrl Pts',(-2.63108248983928,71.2304864837103,2.50000000000001));
#2170=CARTESIAN_POINT('Ctrl Pts',(-4.27934276009359,68.4743861188613,2.50000000000001));
#2171=CARTESIAN_POINT('Ctrl Pts',(1.32543383997604,76.3066871199241,2.50000000000002));
#2172=CARTESIAN_POINT('Ctrl Pts',(-0.812284545668497,73.9008484617224,2.50000000000002));
#2173=CARTESIAN_POINT('Ctrl Pts',(-2.72378007851457,71.2940870020088,2.50000000000001));
#2174=CARTESIAN_POINT('Ctrl Pts',(-4.37563637606806,68.531973623117,2.50000000000001));
#2175=CARTESIAN_POINT('',(-3.08828555854354,67.762085402257,4.));
#2176=CARTESIAN_POINT('',(-4.37563637613597,68.5319736231576,2.49999999999999));
#2177=CARTESIAN_POINT('Ctrl Pts',(-3.08828555854354,67.762085402257,4.));
#2178=CARTESIAN_POINT('Ctrl Pts',(-3.08828555854354,67.762085402257,3.88780026237179));
#2179=CARTESIAN_POINT('Ctrl Pts',(-3.08927261903582,67.762675704633,3.66576974272536));
#2180=CARTESIAN_POINT('Ctrl Pts',(-3.15254706755337,67.8005164019254,3.33527491097509));
#2181=CARTESIAN_POINT('Ctrl Pts',(-3.304083149859,67.8911411509948,3.01986315208898));
#2182=CARTESIAN_POINT('Ctrl Pts',(-3.53446635248775,68.0289196893491,2.75124359752118));
#2183=CARTESIAN_POINT('Ctrl Pts',(-3.80504403817103,68.1907361656347,2.57516583600695));
#2184=CARTESIAN_POINT('Ctrl Pts',(-4.08881956963094,68.3604454912242,2.5010106788439));
#2185=CARTESIAN_POINT('Ctrl Pts',(-4.27934276009359,68.4743861188613,2.50000000000001));
#2186=CARTESIAN_POINT('Ctrl Pts',(-4.37563637606806,68.531973623117,2.50000000000001));
#2187=CARTESIAN_POINT('Origin',(39.8234083589414,42.0991447069245,2.5));
#2188=CARTESIAN_POINT('Origin',(39.8234083589414,42.0991447069245,4.));
#2189=CARTESIAN_POINT('Ctrl Pts',(-3.0882855585634,67.7620854022238,4.));
#2190=CARTESIAN_POINT('Ctrl Pts',(-3.1491631069296,67.6602904149324,4.));
#2191=CARTESIAN_POINT('Ctrl Pts',(-3.27858275161674,67.4421355733244,3.99669331366989));
#2192=CARTESIAN_POINT('Ctrl Pts',(-3.50424651421491,67.0550076618515,3.93970281684489));
#2193=CARTESIAN_POINT('Ctrl Pts',(-3.66072899991946,66.7803629045675,3.84488545794587));
#2194=CARTESIAN_POINT('Ctrl Pts',(-3.84025661402632,66.4613985849434,3.69702610087272));
#2195=CARTESIAN_POINT('Ctrl Pts',(-4.05369780758882,66.0769732689643,3.46643352621399));
#2196=CARTESIAN_POINT('Ctrl Pts',(-4.38854012987044,65.4549589182904,2.90062677056922));
#2197=CARTESIAN_POINT('Ctrl Pts',(-4.588261983224,65.0698399016114,2.3379651845065));
#2198=CARTESIAN_POINT('Ctrl Pts',(-4.74502328619711,64.7633907618848,1.81055081697783));
#2199=CARTESIAN_POINT('Ctrl Pts',(-4.85161565334268,64.5534657674227,1.43530252695584));
#2200=CARTESIAN_POINT('Ctrl Pts',(-4.99568204434316,64.2640457738462,1.12874005072675));
#2201=CARTESIAN_POINT('Ctrl Pts',(-5.07832623751273,64.0953773597293,1.00656738642411));
#2202=CARTESIAN_POINT('Ctrl Pts',(-5.08058523927597,64.090765508011,1.00326922521436));
#2203=CARTESIAN_POINT('Ctrl Pts',(-5.08285011148039,64.0861397309777,1.));
#2204=CARTESIAN_POINT('Ctrl Pts',(-3.0882855585634,67.7620854022238,3.85975032796474));
#2205=CARTESIAN_POINT('Ctrl Pts',(-3.14916234351473,67.660291691459,3.85975516975176));
#2206=CARTESIAN_POINT('Ctrl Pts',(-3.27392532618928,67.449968584533,3.85799242484163));
#2207=CARTESIAN_POINT('Ctrl Pts',(-3.49047491573253,67.0788488429125,3.80762616768418));
#2208=CARTESIAN_POINT('Ctrl Pts',(-3.64090852463718,66.8153113072865,3.72134618996504));
#2209=CARTESIAN_POINT('Ctrl Pts',(-3.8148743844424,66.5069820075391,3.58509311761205));
#2210=CARTESIAN_POINT('Ctrl Pts',(-4.02319447302381,66.1328989675442,3.3710241102282));
#2211=CARTESIAN_POINT('Ctrl Pts',(-4.3572977542141,65.5144598393335,2.8361927681706));
#2212=CARTESIAN_POINT('Ctrl Pts',(-4.56254188470579,65.1198974496378,2.29836663597469));
#2213=CARTESIAN_POINT('Ctrl Pts',(-4.73139946846331,64.7904072728991,1.79085472399596));
#2214=CARTESIAN_POINT('Ctrl Pts',(-4.84941493948977,64.5581524045536,1.42789311291422));
#2215=CARTESIAN_POINT('Ctrl Pts',(-4.99560549890185,64.2642192584074,1.1284629401695));
#2216=CARTESIAN_POINT('Ctrl Pts',(-5.07832552548743,64.095378607068,1.00656465165148));
#2217=CARTESIAN_POINT('Ctrl Pts',(-5.08058523927089,64.0907655080214,1.00326922519562));
#2218=CARTESIAN_POINT('Ctrl Pts',(-5.08285011148039,64.0861397309777,1.));
#2219=CARTESIAN_POINT('Ctrl Pts',(-3.09060857923053,67.7634746631961,3.63776963401046));
#2220=CARTESIAN_POINT('Ctrl Pts',(-3.15148927671953,67.6616744101717,3.63774663723646));
#2221=CARTESIAN_POINT('Ctrl Pts',(-3.26881349610936,67.4637175196978,3.63827264911531));
#2222=CARTESIAN_POINT('Ctrl Pts',(-3.47059786795004,67.1178592571311,3.59808568107213));
#2223=CARTESIAN_POINT('Ctrl Pts',(-3.61113394315051,66.8719013765063,3.52509133905957));
#2224=CARTESIAN_POINT('Ctrl Pts',(-3.77583604485266,66.580391378739,3.40701551364616));
#2225=CARTESIAN_POINT('Ctrl Pts',(-3.97547137897051,66.2226893179402,3.21892846776232));
#2226=CARTESIAN_POINT('Ctrl Pts',(-4.30749116523338,65.6098400231824,2.73319644650252));
#2227=CARTESIAN_POINT('Ctrl Pts',(-4.52141032898983,65.2000767598318,2.23507013246371));
#2228=CARTESIAN_POINT('Ctrl Pts',(-4.709487580474,64.8335743765617,1.75940126133471));
#2229=CARTESIAN_POINT('Ctrl Pts',(-4.84574625591156,64.5655537188461,1.41608883664153));
#2230=CARTESIAN_POINT('Ctrl Pts',(-4.99546523555032,64.2644862144418,1.12802639194112));
#2231=CARTESIAN_POINT('Ctrl Pts',(-5.07832461157513,64.0953807355013,1.0065601883606));
#2232=CARTESIAN_POINT('Ctrl Pts',(-5.08058523926277,64.090765508038,1.00326922516565));
#2233=CARTESIAN_POINT('Ctrl Pts',(-5.08285011148039,64.0861397309777,1.));
#2234=CARTESIAN_POINT('Ctrl Pts',(-3.16578465879996,67.8084330205941,3.30856170721886));
#2235=CARTESIAN_POINT('Ctrl Pts',(-3.22677167370203,67.7064549913615,3.30810006057964));
#2236=CARTESIAN_POINT('Ctrl Pts',(-3.3314427632077,67.5254070932028,3.31158023768308));
#2237=CARTESIAN_POINT('Ctrl Pts',(-3.50659076871805,67.2136896964702,3.28582616905106));
#2238=CARTESIAN_POINT('Ctrl Pts',(-3.6274380615839,66.9907345640313,3.2322716467689));
#2239=CARTESIAN_POINT('Ctrl Pts',(-3.77188010241756,66.7203322234625,3.14093147995543));
#2240=CARTESIAN_POINT('Ctrl Pts',(-3.9496336413355,66.3817524709245,2.99128812983237));
#2241=CARTESIAN_POINT('Ctrl Pts',(-4.26069139027573,65.7677262273967,2.57837758978176));
#2242=CARTESIAN_POINT('Ctrl Pts',(-4.47393990979026,65.3277142366221,2.1400592427239));
#2243=CARTESIAN_POINT('Ctrl Pts',(-4.68029347592283,64.9002132780704,1.71217849311271));
#2244=CARTESIAN_POINT('Ctrl Pts',(-4.83950155163166,64.5762961766244,1.39835543496606));
#2245=CARTESIAN_POINT('Ctrl Pts',(-4.99532273366848,64.2649216921899,1.12736914739889));
#2246=CARTESIAN_POINT('Ctrl Pts',(-5.0783221381118,64.0953833652536,1.00655352168799));
#2247=CARTESIAN_POINT('Ctrl Pts',(-5.08058523925058,64.0907655080629,1.00326922512068));
#2248=CARTESIAN_POINT('Ctrl Pts',(-5.08285011148039,64.0861397309777,0.999999999999999));
#2249=CARTESIAN_POINT('Ctrl Pts',(-3.30409008419856,67.8911452979669,3.02008557298737));
#2250=CARTESIAN_POINT('Ctrl Pts',(-3.36527336291478,67.7888390907278,3.01897384499731));
#2251=CARTESIAN_POINT('Ctrl Pts',(-3.4573937741943,67.621262306479,3.0245656046065));
#2252=CARTESIAN_POINT('Ctrl Pts',(-3.60478402224965,67.3363613347862,3.01053625362776));
#2253=CARTESIAN_POINT('Ctrl Pts',(-3.7036279976618,67.1308083506912,2.9733973016735));
#2254=CARTESIAN_POINT('Ctrl Pts',(-3.8239741815402,66.8754725867493,2.90483852540678));
#2255=CARTESIAN_POINT('Ctrl Pts',(-3.97363651280915,66.5490963296436,2.78823185782812));
#2256=CARTESIAN_POINT('Ctrl Pts',(-4.2480894950639,65.9255200327805,2.43851759925105));
#2257=CARTESIAN_POINT('Ctrl Pts',(-4.44605240827677,65.4516214154658,2.05366142756157));
#2258=CARTESIAN_POINT('Ctrl Pts',(-4.65748752815826,64.9631766665949,1.66896117981946));
#2259=CARTESIAN_POINT('Ctrl Pts',(-4.83284221750008,64.5857250704074,1.38207151375708));
#2260=CARTESIAN_POINT('Ctrl Pts',(-4.99524758785559,64.2653444728577,1.12676884394731));
#2261=CARTESIAN_POINT('Ctrl Pts',(-5.07831891060722,64.0953853661676,1.00654737388928));
#2262=CARTESIAN_POINT('Ctrl Pts',(-5.08058523923941,64.0907655080857,1.00326922507946));
#2263=CARTESIAN_POINT('Ctrl Pts',(-5.08285011148039,64.0861397309777,0.999999999999999));
#2264=CARTESIAN_POINT('Ctrl Pts',(-3.57350522743059,68.0522665265176,2.70544700319416));
#2265=CARTESIAN_POINT('Ctrl Pts',(-3.63507078048071,67.9493211080749,2.7035731070017));
#2266=CARTESIAN_POINT('Ctrl Pts',(-3.71159057404549,67.7944806737938,2.71038219397312));
#2267=CARTESIAN_POINT('Ctrl Pts',(-3.82263074061325,67.534627478314,2.70631483375597));
#2268=CARTESIAN_POINT('Ctrl Pts',(-3.89045044558583,67.3447162744145,2.68459016440228));
#2269=CARTESIAN_POINT('Ctrl Pts',(-3.97477447758235,67.1018598507584,2.63810647165764));
#2270=CARTESIAN_POINT('Ctrl Pts',(-4.07952499734686,66.7838186231925,2.5543461397192));
#2271=CARTESIAN_POINT('Ctrl Pts',(-4.28352368019895,66.1398869018905,2.2705653801499));
#2272=CARTESIAN_POINT('Ctrl Pts',(-4.4375212977865,65.617974575902,1.94686942978089));
#2273=CARTESIAN_POINT('Ctrl Pts',(-4.63537827118593,65.0462310590676,1.61428553721171));
#2274=CARTESIAN_POINT('Ctrl Pts',(-4.82285885267322,64.5971990606188,1.36122865967252));
#2275=CARTESIAN_POINT('Ctrl Pts',(-4.99524880711543,64.2659153914841,1.12601068334233));
#2276=CARTESIAN_POINT('Ctrl Pts',(-5.07831315436893,64.0953873570108,1.00653944519885));
#2277=CARTESIAN_POINT('Ctrl Pts',(-5.0805852392252,64.0907655081148,1.003269225027));
#2278=CARTESIAN_POINT('Ctrl Pts',(-5.08285011148039,64.0861397309777,0.999999999999999));
#2279=CARTESIAN_POINT('Ctrl Pts',(-3.85267982241099,68.2192243047025,2.55562516099985));
#2280=CARTESIAN_POINT('Ctrl Pts',(-3.9146420032937,68.1156156741847,2.55419263832993));
#2281=CARTESIAN_POINT('Ctrl Pts',(-3.98233255830402,67.9649481527586,2.55936898142788));
#2282=CARTESIAN_POINT('Ctrl Pts',(-4.07065137474529,67.713724555664,2.55322479325565));
#2283=CARTESIAN_POINT('Ctrl Pts',(-4.11620851112194,67.5297677724062,2.53211531830467));
#2284=CARTESIAN_POINT('Ctrl Pts',(-4.17209283011203,67.2916834164485,2.48860066791544));
#2285=CARTESIAN_POINT('Ctrl Pts',(-4.23763590680981,66.9770312084823,2.41151641712274));
#2286=CARTESIAN_POINT('Ctrl Pts',(-4.36737221464633,66.3198984374249,2.15108115818038));
#2287=CARTESIAN_POINT('Ctrl Pts',(-4.45895242660172,65.7632374860354,1.86297228330458));
#2288=CARTESIAN_POINT('Ctrl Pts',(-4.62387723586093,65.1198170187646,1.56836820143486));
#2289=CARTESIAN_POINT('Ctrl Pts',(-4.81278789445846,64.6067751815853,1.34322722537812));
#2290=CARTESIAN_POINT('Ctrl Pts',(-4.99533803675337,64.2664127396327,1.12538955378023));
#2291=CARTESIAN_POINT('Ctrl Pts',(-5.07830670489127,64.095388916894,1.00653222091335));
#2292=CARTESIAN_POINT('Ctrl Pts',(-5.08058523921301,64.0907655081397,1.00326922498203));
#2293=CARTESIAN_POINT('Ctrl Pts',(-5.08285011148039,64.0861397309777,0.999999999999998));
#2294=CARTESIAN_POINT('Ctrl Pts',(-4.13623135486489,68.388799669763,2.50151334483133));
#2295=CARTESIAN_POINT('Ctrl Pts',(-4.19859533542135,68.2845191791953,2.50108929241713));
#2296=CARTESIAN_POINT('Ctrl Pts',(-4.26185095572517,68.1332010673005,2.50242460346702));
#2297=CARTESIAN_POINT('Ctrl Pts',(-4.33643579570116,67.8818023522562,2.48568122165944));
#2298=CARTESIAN_POINT('Ctrl Pts',(-4.36551984169935,67.6992117993704,2.45532243398369));
#2299=CARTESIAN_POINT('Ctrl Pts',(-4.39804850500734,67.4629496367284,2.40212450060945));
#2300=CARTESIAN_POINT('Ctrl Pts',(-4.4282658272302,67.1511172785255,2.31470652397725));
#2301=CARTESIAN_POINT('Ctrl Pts',(-4.48104527486956,66.489211230551,2.05070200904704));
#2302=CARTESIAN_POINT('Ctrl Pts',(-4.49711481189682,65.9068919833767,1.78490145671065));
#2303=CARTESIAN_POINT('Ctrl Pts',(-4.61682456146555,65.1945267688973,1.52288386838887));
#2304=CARTESIAN_POINT('Ctrl Pts',(-4.80186065322302,64.6164007658171,1.32485595485337));
#2305=CARTESIAN_POINT('Ctrl Pts',(-4.99549330794846,64.2669149036859,1.12475736325859));
#2306=CARTESIAN_POINT('Ctrl Pts',(-5.07829916563743,64.0953904282439,1.00652508831548));
#2307=CARTESIAN_POINT('Ctrl Pts',(-5.08058523920083,64.0907655081646,1.00326922493706));
#2308=CARTESIAN_POINT('Ctrl Pts',(-5.08285011148039,64.0861397309777,0.999999999999998));
#2309=CARTESIAN_POINT('Ctrl Pts',(-4.279342760114,68.4743861188272,2.50000000000002));
#2310=CARTESIAN_POINT('Ctrl Pts',(-4.34191049356691,68.3697649275567,2.49998220938956));
#2311=CARTESIAN_POINT('Ctrl Pts',(-4.40401151785583,68.2169206583386,2.49865841290322));
#2312=CARTESIAN_POINT('Ctrl Pts',(-4.47379468352708,67.9632300331643,2.47442560970704));
#2313=CARTESIAN_POINT('Ctrl Pts',(-4.4960151199821,67.7801382525297,2.4369955927422));
#2314=CARTESIAN_POINT('Ctrl Pts',(-4.51804280714771,67.5439654317464,2.37588158808197));
#2315=CARTESIAN_POINT('Ctrl Pts',(-4.53156581696178,67.2332601216287,2.27913050927033));
#2316=CARTESIAN_POINT('Ctrl Pts',(-4.54505705051669,66.570963135606,2.0063339602598));
#2317=CARTESIAN_POINT('Ctrl Pts',(-4.52039385170073,65.9781692219364,1.74790931456056));
#2318=CARTESIAN_POINT('Ctrl Pts',(-4.6143585986448,65.2320854665112,1.50055413214555));
#2319=CARTESIAN_POINT('Ctrl Pts',(-4.79605296022609,64.6211507981564,1.31576022083669));
#2320=CARTESIAN_POINT('Ctrl Pts',(-4.99558212348837,64.2671593099504,1.12446827632652));
#2321=CARTESIAN_POINT('Ctrl Pts',(-5.07829517185154,64.0953912695677,1.00652115482572));
#2322=CARTESIAN_POINT('Ctrl Pts',(-5.08058523919473,64.090765508177,1.00326922491458));
#2323=CARTESIAN_POINT('Ctrl Pts',(-5.08285011148039,64.0861397309777,0.999999999999997));
#2324=CARTESIAN_POINT('Ctrl Pts',(-4.37563637608852,68.5319736230828,2.50000000000002));
#2325=CARTESIAN_POINT('Ctrl Pts',(-4.43834025090565,68.4271247861727,2.50000000000002));
#2326=CARTESIAN_POINT('Ctrl Pts',(-4.49970701544257,68.273122529798,2.49677267276335));
#2327=CARTESIAN_POINT('Ctrl Pts',(-4.56636190688781,68.0176625939658,2.4673466187366));
#2328=CARTESIAN_POINT('Ctrl Pts',(-4.58402598627537,67.8340570487979,2.42520267214563));
#2329=CARTESIAN_POINT('Ctrl Pts',(-4.59909952327178,67.59778250572,2.35872439697545));
#2330=CARTESIAN_POINT('Ctrl Pts',(-4.6015799851349,67.2876611035799,2.25568004156891));
#2331=CARTESIAN_POINT('Ctrl Pts',(-4.58863657949623,66.6252408365641,1.97650477302944));
#2332=CARTESIAN_POINT('Ctrl Pts',(-4.53658678384108,66.0256554541983,1.72308781824491));
#2333=CARTESIAN_POINT('Ctrl Pts',(-4.61293656577115,65.2572159993163,1.48545814713565));
#2334=CARTESIAN_POINT('Ctrl Pts',(-4.79214598764012,64.6243515354762,1.30952575849929));
#2335=CARTESIAN_POINT('Ctrl Pts',(-4.99565579835931,64.2673298762533,1.1242536418797));
#2336=CARTESIAN_POINT('Ctrl Pts',(-5.07829229360211,64.0953917283469,1.00651881140015));
#2337=CARTESIAN_POINT('Ctrl Pts',(-5.08058523919067,64.0907655081852,1.00326922489959));
#2338=CARTESIAN_POINT('Ctrl Pts',(-5.08285011148039,64.0861397309777,0.999999999999997));
#2339=CARTESIAN_POINT('',(-5.08285018091831,64.0861395891577,1.));
#2340=CARTESIAN_POINT('Ctrl Pts',(-3.0882855585634,67.7620854022238,4.));
#2341=CARTESIAN_POINT('Ctrl Pts',(-3.1491631069296,67.6602904149324,4.));
#2342=CARTESIAN_POINT('Ctrl Pts',(-3.27858275161674,67.4421355733244,3.99669331366989));
#2343=CARTESIAN_POINT('Ctrl Pts',(-3.50424651421491,67.0550076618515,3.93970281684489));
#2344=CARTESIAN_POINT('Ctrl Pts',(-3.66072899991946,66.7803629045675,3.84488545794587));
#2345=CARTESIAN_POINT('Ctrl Pts',(-3.84025661402632,66.4613985849434,3.69702610087272));
#2346=CARTESIAN_POINT('Ctrl Pts',(-4.05369780758882,66.0769732689643,3.46643352621399));
#2347=CARTESIAN_POINT('Ctrl Pts',(-4.38854012987044,65.4549589182904,2.90062677056922));
#2348=CARTESIAN_POINT('Ctrl Pts',(-4.588261983224,65.0698399016114,2.3379651845065));
#2349=CARTESIAN_POINT('Ctrl Pts',(-4.74502328619711,64.7633907618848,1.81055081697783));
#2350=CARTESIAN_POINT('Ctrl Pts',(-4.85161565334268,64.5534657674227,1.43530252695584));
#2351=CARTESIAN_POINT('Ctrl Pts',(-4.99568204434316,64.2640457738462,1.12874005072675));
#2352=CARTESIAN_POINT('Ctrl Pts',(-5.07832623751273,64.0953773597293,1.00656738642411));
#2353=CARTESIAN_POINT('Ctrl Pts',(-5.08058523927597,64.090765508011,1.00326922521436));
#2354=CARTESIAN_POINT('Ctrl Pts',(-5.08285011148039,64.0861397309777,1.));
#2355=CARTESIAN_POINT('Ctrl Pts',(-5.08285011148039,64.0861397309777,0.999999999999997));
#2356=CARTESIAN_POINT('Ctrl Pts',(-5.08058523919067,64.0907655081852,1.00326922489959));
#2357=CARTESIAN_POINT('Ctrl Pts',(-5.07829229360211,64.0953917283469,1.00651881140015));
#2358=CARTESIAN_POINT('Ctrl Pts',(-4.99565579835931,64.2673298762533,1.1242536418797));
#2359=CARTESIAN_POINT('Ctrl Pts',(-4.79214598764012,64.6243515354762,1.30952575849929));
#2360=CARTESIAN_POINT('Ctrl Pts',(-4.61293656577115,65.2572159993163,1.48545814713565));
#2361=CARTESIAN_POINT('Ctrl Pts',(-4.53658678384108,66.0256554541983,1.72308781824491));
#2362=CARTESIAN_POINT('Ctrl Pts',(-4.58863657949623,66.6252408365641,1.97650477302944));
#2363=CARTESIAN_POINT('Ctrl Pts',(-4.6015799851349,67.2876611035799,2.25568004156891));
#2364=CARTESIAN_POINT('Ctrl Pts',(-4.59909952327178,67.59778250572,2.35872439697545));
#2365=CARTESIAN_POINT('Ctrl Pts',(-4.58402598627537,67.8340570487979,2.42520267214563));
#2366=CARTESIAN_POINT('Ctrl Pts',(-4.56636190688781,68.0176625939658,2.4673466187366));
#2367=CARTESIAN_POINT('Ctrl Pts',(-4.49970701544257,68.273122529798,2.49677267276335));
#2368=CARTESIAN_POINT('Ctrl Pts',(-4.43834025090565,68.4271247861727,2.50000000000002));
#2369=CARTESIAN_POINT('Ctrl Pts',(-4.37563637608852,68.5319736230828,2.50000000000002));
#2370=CARTESIAN_POINT('Origin',(-2.41223358904967,79.6278077425453,2.5));
#2371=CARTESIAN_POINT('',(-8.91158318989491,79.7197575440297,5.));
#2372=CARTESIAN_POINT('',(-8.91158318989491,79.7197575440297,2.5));
#2373=CARTESIAN_POINT('',(2.44673406868375,75.3103509331377,5.));
#2374=CARTESIAN_POINT('Origin',(-2.41223358904967,79.6278077425453,5.));
#2375=CARTESIAN_POINT('',(2.44673406868375,75.3103509331377,2.5));
#2376=CARTESIAN_POINT('Ctrl Pts',(-10.9276189808895,66.3551310750666,1.));
#2377=CARTESIAN_POINT('Ctrl Pts',(-10.8223483986204,66.714056412972,1.));
#2378=CARTESIAN_POINT('Ctrl Pts',(-10.598563450874,67.4007193543757,1.));
#2379=CARTESIAN_POINT('Ctrl Pts',(-9.84321486402116,68.2497773080176,1.));
#2380=CARTESIAN_POINT('Ctrl Pts',(-8.6603611945232,68.6667014041022,1.));
#2381=CARTESIAN_POINT('Ctrl Pts',(-7.77157667943369,68.593438930985,1.));
#2382=CARTESIAN_POINT('Ctrl Pts',(-7.30145597365106,68.4387830159423,1.));
#2383=CARTESIAN_POINT('Ctrl Pts',(-6.96322406534506,68.3074824804186,1.));
#2384=CARTESIAN_POINT('Ctrl Pts',(-10.9276189808895,66.3551310750666,1.11219973762821));
#2385=CARTESIAN_POINT('Ctrl Pts',(-10.8223480577579,66.7140575751601,1.11219973762821));
#2386=CARTESIAN_POINT('Ctrl Pts',(-10.5985302209032,67.4007071852286,1.11219973762821));
#2387=CARTESIAN_POINT('Ctrl Pts',(-9.84319544650197,68.2497298052285,1.11219973762821));
#2388=CARTESIAN_POINT('Ctrl Pts',(-8.66032983799188,68.6666676824355,1.11219973762821));
#2389=CARTESIAN_POINT('Ctrl Pts',(-7.77158642812052,68.5934166178995,1.11219973762821));
#2390=CARTESIAN_POINT('Ctrl Pts',(-7.30145597365106,68.4387830159423,1.11219973762821));
#2391=CARTESIAN_POINT('Ctrl Pts',(-6.96322406534506,68.3074824804186,1.11219973762821));
#2392=CARTESIAN_POINT('Ctrl Pts',(-10.9287226335602,66.3554547695707,1.33423024885706));
#2393=CARTESIAN_POINT('Ctrl Pts',(-10.8234544225189,66.7143720226559,1.33423024885706));
#2394=CARTESIAN_POINT('Ctrl Pts',(-10.5995843423839,67.4013124605925,1.33423024885706));
#2395=CARTESIAN_POINT('Ctrl Pts',(-9.84385616554168,68.2507852416812,1.33423024885706));
#2396=CARTESIAN_POINT('Ctrl Pts',(-8.66054812634255,68.6678579746327,1.33423024885706));
#2397=CARTESIAN_POINT('Ctrl Pts',(-7.77132938284931,68.5945768906399,1.33423024885706));
#2398=CARTESIAN_POINT('Ctrl Pts',(-7.30103975353709,68.4398552044361,1.33423024885706));
#2399=CARTESIAN_POINT('Ctrl Pts',(-6.96280784523109,68.3085546689125,1.33423024885706));
#2400=CARTESIAN_POINT('Ctrl Pts',(-10.999468892196,66.3762042097842,1.66472506435296));
#2401=CARTESIAN_POINT('Ctrl Pts',(-10.8943561356976,66.734591432797,1.66472506435296));
#2402=CARTESIAN_POINT('Ctrl Pts',(-10.6653622021043,67.439455031148,1.66472506435296));
#2403=CARTESIAN_POINT('Ctrl Pts',(-9.88516160234372,68.3158771184717,1.66472506435296));
#2404=CARTESIAN_POINT('Ctrl Pts',(-8.67284858077246,68.7423381033119,1.66472506435296));
#2405=CARTESIAN_POINT('Ctrl Pts',(-7.75537840357012,68.6677484124826,1.66472506435296));
#2406=CARTESIAN_POINT('Ctrl Pts',(-7.27435924379572,68.5085845488246,1.66472506435296));
#2407=CARTESIAN_POINT('Ctrl Pts',(-6.93612733548972,68.377284013301,1.66472506435296));
#2408=CARTESIAN_POINT('Ctrl Pts',(-11.1688992924762,66.4258970985494,1.98013682674153));
#2409=CARTESIAN_POINT('Ctrl Pts',(-11.0641579100384,66.783018103049,1.98013682674153));
#2410=CARTESIAN_POINT('Ctrl Pts',(-10.8228036499116,67.5307697702004,1.98013682674153));
#2411=CARTESIAN_POINT('Ctrl Pts',(-9.98403144021447,68.4716369955612,1.98013682674153));
#2412=CARTESIAN_POINT('Ctrl Pts',(-8.70222193128522,68.9206193043657,1.98013682674153));
#2413=CARTESIAN_POINT('Ctrl Pts',(-7.71720380026811,68.8429265680787,1.98013682674153));
#2414=CARTESIAN_POINT('Ctrl Pts',(-7.21046202106862,68.6731846358863,1.98013682674153));
#2415=CARTESIAN_POINT('Ctrl Pts',(-6.87223011276262,68.5418841003627,1.98013682674153));
#2416=CARTESIAN_POINT('Ctrl Pts',(-11.4264874710022,66.5014461185693,2.24875636454937));
#2417=CARTESIAN_POINT('Ctrl Pts',(-11.3223114276139,66.856639571183,2.24875636454937));
#2418=CARTESIAN_POINT('Ctrl Pts',(-11.0622361804666,67.669623400421,2.24875636454937));
#2419=CARTESIAN_POINT('Ctrl Pts',(-10.1343867968959,68.7085436613175,2.24875636454937));
#2420=CARTESIAN_POINT('Ctrl Pts',(-8.7469461351466,69.1917359542925,2.24875636454937));
#2421=CARTESIAN_POINT('Ctrl Pts',(-7.65914530276917,69.1093010945795,2.24875636454937));
#2422=CARTESIAN_POINT('Ctrl Pts',(-7.11331788880006,68.9234291996796,2.24875636454937));
#2423=CARTESIAN_POINT('Ctrl Pts',(-6.77508598049406,68.7921286641559,2.24875636454937));
#2424=CARTESIAN_POINT('Ctrl Pts',(-11.7290165418193,66.5901760244157,2.4248340873994));
#2425=CARTESIAN_POINT('Ctrl Pts',(-11.6255044705743,66.9431056306559,2.4248340873994));
#2426=CARTESIAN_POINT('Ctrl Pts',(-11.3434419775564,67.8327025277402,2.4248340873994));
#2427=CARTESIAN_POINT('Ctrl Pts',(-10.3109743236956,68.9867828911581,2.4248340873994));
#2428=CARTESIAN_POINT('Ctrl Pts',(-8.79947323735417,69.5101537347567,2.4248340873994));
#2429=CARTESIAN_POINT('Ctrl Pts',(-7.59095746937428,69.4221494187644,2.4248340873994));
#2430=CARTESIAN_POINT('Ctrl Pts',(-6.99922521483216,69.2173334300469,2.4248340873994));
#2431=CARTESIAN_POINT('Ctrl Pts',(-6.66099330652616,69.0860328945233,2.4248340873994));
#2432=CARTESIAN_POINT('Ctrl Pts',(-12.0463019767986,66.683233880628,2.4989892745491));
#2433=CARTESIAN_POINT('Ctrl Pts',(-11.9434857906166,67.0337908317922,2.4989892745491));
#2434=CARTESIAN_POINT('Ctrl Pts',(-11.6383179057954,68.003719211497,2.4989892745491));
#2435=CARTESIAN_POINT('Ctrl Pts',(-10.4961482342697,69.2785277287344,2.4989892745491));
#2436=CARTESIAN_POINT('Ctrl Pts',(-8.85451888491922,69.8440560404979,2.4989892745491));
#2437=CARTESIAN_POINT('Ctrl Pts',(-7.51945720009491,69.7502264544808,2.4989892745491));
#2438=CARTESIAN_POINT('Ctrl Pts',(-6.87956747883318,69.52557333348,2.4989892745491));
#2439=CARTESIAN_POINT('Ctrl Pts',(-6.54133557052717,69.3942727979564,2.4989892745491));
#2440=CARTESIAN_POINT('Ctrl Pts',(-12.2593232780185,66.7457117111038,2.5));
#2441=CARTESIAN_POINT('Ctrl Pts',(-12.1569747681301,67.0946740964541,2.5));
#2442=CARTESIAN_POINT('Ctrl Pts',(-11.8363393947441,68.1185542947587,2.5));
#2443=CARTESIAN_POINT('Ctrl Pts',(-10.6204982498389,69.4744666466063,2.5));
#2444=CARTESIAN_POINT('Ctrl Pts',(-8.89151887965322,70.0682800053966,2.5));
#2445=CARTESIAN_POINT('Ctrl Pts',(-7.47143946332824,69.9705237405037,2.5));
#2446=CARTESIAN_POINT('Ctrl Pts',(-6.79923083613414,69.7325215828426,2.5));
#2447=CARTESIAN_POINT('Ctrl Pts',(-6.46099892782814,69.601221047319,2.5));
#2448=CARTESIAN_POINT('Ctrl Pts',(-12.366987815047,66.7772890540934,2.5));
#2449=CARTESIAN_POINT('Ctrl Pts',(-12.264875350246,67.1254466318616,2.5));
#2450=CARTESIAN_POINT('Ctrl Pts',(-11.9363909598012,68.1765822199911,2.49999999999999));
#2451=CARTESIAN_POINT('Ctrl Pts',(-10.6833282415724,69.5734519801014,2.49999999999999));
#2452=CARTESIAN_POINT('Ctrl Pts',(-8.91018927562821,70.1815742703299,2.49999999999999));
#2453=CARTESIAN_POINT('Ctrl Pts',(-7.44717982781409,70.0818443190189,2.49999999999999));
#2454=CARTESIAN_POINT('Ctrl Pts',(-6.75862735003638,69.8371166976451,2.49999999999999));
#2455=CARTESIAN_POINT('Ctrl Pts',(-6.42039544173038,69.7058161621215,2.49999999999999));
#2456=CARTESIAN_POINT('',(-6.42039544173038,69.7058161621215,2.49999999999999));
#2457=CARTESIAN_POINT('Ctrl Pts',(-8.44980300751515,70.1127667801082,2.49999999999999));
#2458=CARTESIAN_POINT('Ctrl Pts',(-8.11756841685533,70.1271971385228,2.49999999999999));
#2459=CARTESIAN_POINT('Ctrl Pts',(-7.4183806946833,70.0716084349342,2.49999999999999));
#2460=CARTESIAN_POINT('Ctrl Pts',(-6.75862735003638,69.8371166976451,2.49999999999999));
#2461=CARTESIAN_POINT('Ctrl Pts',(-6.42039544173038,69.7058161621215,2.49999999999999));
#2462=CARTESIAN_POINT('',(-6.96322406534506,68.3074824804186,1.));
#2463=CARTESIAN_POINT('Ctrl Pts',(-6.42039544173038,69.7058161621215,2.49999999999999));
#2464=CARTESIAN_POINT('Ctrl Pts',(-6.46099892782814,69.601221047319,2.5));
#2465=CARTESIAN_POINT('Ctrl Pts',(-6.54133557052717,69.3942727979564,2.4989892745491));
#2466=CARTESIAN_POINT('Ctrl Pts',(-6.66099330652616,69.0860328945233,2.4248340873994));
#2467=CARTESIAN_POINT('Ctrl Pts',(-6.77508598049406,68.7921286641559,2.24875636454937));
#2468=CARTESIAN_POINT('Ctrl Pts',(-6.87223011276262,68.5418841003627,1.98013682674153));
#2469=CARTESIAN_POINT('Ctrl Pts',(-6.93612733548972,68.377284013301,1.66472506435296));
#2470=CARTESIAN_POINT('Ctrl Pts',(-6.96280784523109,68.3085546689125,1.33423024885706));
#2471=CARTESIAN_POINT('Ctrl Pts',(-6.96322406534506,68.3074824804186,1.11219973762821));
#2472=CARTESIAN_POINT('Ctrl Pts',(-6.96322406534506,68.3074824804186,1.));
#2473=CARTESIAN_POINT('Ctrl Pts',(-6.96322406534506,68.3074824804186,1.));
#2474=CARTESIAN_POINT('Ctrl Pts',(-7.30145597365106,68.4387830159423,1.));
#2475=CARTESIAN_POINT('Ctrl Pts',(-7.77157667943369,68.593438930985,1.));
#2476=CARTESIAN_POINT('Ctrl Pts',(-8.6603611945232,68.6667014041022,1.));
#2477=CARTESIAN_POINT('Ctrl Pts',(-9.84321486402116,68.2497773080176,1.));
#2478=CARTESIAN_POINT('Ctrl Pts',(-10.598563450874,67.4007193543757,1.));
#2479=CARTESIAN_POINT('Ctrl Pts',(-10.8223483986204,66.714056412972,1.));
#2480=CARTESIAN_POINT('Ctrl Pts',(-10.9276189808895,66.3551310750666,1.));
#2481=CARTESIAN_POINT('Ctrl Pts',(-10.1715885706379,42.8064508721892,5.));
#2482=CARTESIAN_POINT('Ctrl Pts',(-10.0996142239586,47.8938619792266,5.));
#2483=CARTESIAN_POINT('Ctrl Pts',(-8.10876604525204,59.7401692183908,5.));
#2484=CARTESIAN_POINT('Ctrl Pts',(-2.05929172882651,70.2391632915365,5.));
#2485=CARTESIAN_POINT('Ctrl Pts',(2.44673406868376,75.3103509331377,5.));
#2486=CARTESIAN_POINT('Ctrl Pts',(-10.1715885706379,42.8064508721892,5.11219973762821));
#2487=CARTESIAN_POINT('Ctrl Pts',(-10.0996144570091,47.8938455063613,5.11219973762821));
#2488=CARTESIAN_POINT('Ctrl Pts',(-8.10876383570147,59.7401577444817,5.11219973762821));
#2489=CARTESIAN_POINT('Ctrl Pts',(-2.05927713846718,70.2391797118708,5.11219973762821));
#2490=CARTESIAN_POINT('Ctrl Pts',(2.44673406868376,75.3103509331377,5.11219973762821));
#2491=CARTESIAN_POINT('Ctrl Pts',(-10.1727386610783,42.8064671431385,5.33423023375469));
#2492=CARTESIAN_POINT('Ctrl Pts',(-10.1007626931714,47.8939928444934,5.33423023375469));
#2493=CARTESIAN_POINT('Ctrl Pts',(-8.10986835540659,59.7405733369821,5.33423023375469));
#2494=CARTESIAN_POINT('Ctrl Pts',(-2.06025304454662,70.2398130569161,5.33423023375469));
#2495=CARTESIAN_POINT('Ctrl Pts',(2.44587425153335,75.3111149273999,5.33423023375469));
#2496=CARTESIAN_POINT('Ctrl Pts',(-10.2464575965024,42.8075100846471,5.66472502047066));
#2497=CARTESIAN_POINT('Ctrl Pts',(-10.1743753430699,47.9025484372189,5.66472502047066));
#2498=CARTESIAN_POINT('Ctrl Pts',(-8.18054709776011,59.7665932431433,5.66472502047066));
#2499=CARTESIAN_POINT('Ctrl Pts',(-2.12202004337676,70.2812951585475,5.66472502047066));
#2500=CARTESIAN_POINT('Ctrl Pts',(2.39076136409278,75.3600857228296,5.66472502047066));
#2501=CARTESIAN_POINT('Ctrl Pts',(-10.4230073922452,42.8100078297551,5.98013678887172));
#2502=CARTESIAN_POINT('Ctrl Pts',(-10.3506712273704,47.9229935754141,5.98013678887172));
#2503=CARTESIAN_POINT('Ctrl Pts',(-8.34980992795612,59.8288773019404,5.98013678887172));
#2504=CARTESIAN_POINT('Ctrl Pts',(-2.26990651394954,70.3806853674298,5.98013678887172));
#2505=CARTESIAN_POINT('Ctrl Pts',(2.25877127274857,75.4773660915807,5.98013678887172));
#2506=CARTESIAN_POINT('Ctrl Pts',(-10.6914191395031,42.8138051953981,6.24875629714358));
#2507=CARTESIAN_POINT('Ctrl Pts',(-10.6186964477576,47.9541120795729,6.24875629714358));
#2508=CARTESIAN_POINT('Ctrl Pts',(-8.60714792246211,59.9235935065928,6.24875629714358));
#2509=CARTESIAN_POINT('Ctrl Pts',(-2.49477226247396,70.5317547535987,6.24875629714358));
#2510=CARTESIAN_POINT('Ctrl Pts',(2.05810442468235,75.6556694907044,6.24875629714358));
#2511=CARTESIAN_POINT('Ctrl Pts',(-11.0066601695066,42.8182650801418,6.42483395176048));
#2512=CARTESIAN_POINT('Ctrl Pts',(-10.9334835146482,47.9906597440536,6.42483395176048));
#2513=CARTESIAN_POINT('Ctrl Pts',(-8.90938317990086,60.0348346481082,6.42483395176048));
#2514=CARTESIAN_POINT('Ctrl Pts',(-2.75886988435303,70.709180951164,6.42483395176048));
#2515=CARTESIAN_POINT('Ctrl Pts',(1.82242761650166,75.8650811418973,6.42483395176048));
#2516=CARTESIAN_POINT('Ctrl Pts',(-11.3372776845946,42.8229425043068,6.49898919195516));
#2517=CARTESIAN_POINT('Ctrl Pts',(-11.2636252475025,48.0289672035277,6.49898919195516));
#2518=CARTESIAN_POINT('Ctrl Pts',(-9.22635747101175,60.1514858475696,6.49898919195516));
#2519=CARTESIAN_POINT('Ctrl Pts',(-3.03582910181892,70.8952842657389,6.49898919195517));
#2520=CARTESIAN_POINT('Ctrl Pts',(1.57525522056164,76.0847072475065,6.49898919195517));
#2521=CARTESIAN_POINT('Ctrl Pts',(-11.5592499677608,42.8260828658238,6.49999999999998));
#2522=CARTESIAN_POINT('Ctrl Pts',(-11.4852777766124,48.0547089558521,6.49999999999998));
#2523=CARTESIAN_POINT('Ctrl Pts',(-9.43917290636391,60.2298196984166,6.49999999999998));
#2524=CARTESIAN_POINT('Ctrl Pts',(-3.22179594320643,71.0202090494045,6.49999999999999));
#2525=CARTESIAN_POINT('Ctrl Pts',(1.40930690095169,76.2321613474261,6.49999999999999));
#2526=CARTESIAN_POINT('Ctrl Pts',(-11.6714384785253,42.8276700571471,6.49999999999998));
#2527=CARTESIAN_POINT('Ctrl Pts',(-11.5973049014455,48.0677034973957,6.49999999999998));
#2528=CARTESIAN_POINT('Ctrl Pts',(-9.54673127737781,60.2693999537348,6.49999999999998));
#2529=CARTESIAN_POINT('Ctrl Pts',(-3.31577273145952,71.0833638490749,6.49999999999999));
#2530=CARTESIAN_POINT('Ctrl Pts',(1.32543383997605,76.3066871199241,6.49999999999999));
#2531=CARTESIAN_POINT('',(-11.6714384785253,42.8276700571471,6.5));
#2532=CARTESIAN_POINT('Ctrl Pts',(-11.6714384785253,42.8276700571471,6.49999999999998));
#2533=CARTESIAN_POINT('Ctrl Pts',(-11.5592499677608,42.8260828658238,6.49999999999998));
#2534=CARTESIAN_POINT('Ctrl Pts',(-11.3372776845946,42.8229425043068,6.49898919195516));
#2535=CARTESIAN_POINT('Ctrl Pts',(-11.0066601695066,42.8182650801418,6.42483395176048));
#2536=CARTESIAN_POINT('Ctrl Pts',(-10.6914191395031,42.8138051953981,6.24875629714358));
#2537=CARTESIAN_POINT('Ctrl Pts',(-10.4230073922452,42.8100078297551,5.98013678887172));
#2538=CARTESIAN_POINT('Ctrl Pts',(-10.2464575965024,42.8075100846471,5.66472502047066));
#2539=CARTESIAN_POINT('Ctrl Pts',(-10.1727386610783,42.8064671431385,5.33423023375469));
#2540=CARTESIAN_POINT('Ctrl Pts',(-10.1715885706379,42.8064508721892,5.11219973762821));
#2541=CARTESIAN_POINT('Ctrl Pts',(-10.1715885706379,42.8064508721892,5.));
#2542=CARTESIAN_POINT('Origin',(39.8234083589414,42.0991447069245,5.));
#2543=CARTESIAN_POINT('',(1.32543383997604,76.3066871199241,6.5));
#2544=CARTESIAN_POINT('Ctrl Pts',(2.44673406868376,75.3103509331377,5.));
#2545=CARTESIAN_POINT('Ctrl Pts',(2.44673406868376,75.3103509331377,5.11219973762821));
#2546=CARTESIAN_POINT('Ctrl Pts',(2.44587425153335,75.3111149273999,5.33423023375469));
#2547=CARTESIAN_POINT('Ctrl Pts',(2.39076136409278,75.3600857228296,5.66472502047066));
#2548=CARTESIAN_POINT('Ctrl Pts',(2.25877127274857,75.4773660915807,5.98013678887172));
#2549=CARTESIAN_POINT('Ctrl Pts',(2.05810442468235,75.6556694907044,6.24875629714358));
#2550=CARTESIAN_POINT('Ctrl Pts',(1.82242761650166,75.8650811418973,6.42483395176048));
#2551=CARTESIAN_POINT('Ctrl Pts',(1.57525522056164,76.0847072475065,6.49898919195517));
#2552=CARTESIAN_POINT('Ctrl Pts',(1.40930690095169,76.2321613474261,6.49999999999999));
#2553=CARTESIAN_POINT('Ctrl Pts',(1.32543383997605,76.3066871199241,6.49999999999999));
#2554=CARTESIAN_POINT('Origin',(39.8234083589414,42.0991447069245,6.5));
#2555=CARTESIAN_POINT('Ctrl Pts',(2.44673406868374,75.3103509331377,5.));
#2556=CARTESIAN_POINT('Ctrl Pts',(3.23906993541837,76.2020643932786,5.));
#2557=CARTESIAN_POINT('Ctrl Pts',(4.31855688586653,78.4314145405226,5.));
#2558=CARTESIAN_POINT('Ctrl Pts',(3.95172793361257,82.129862889695,5.));
#2559=CARTESIAN_POINT('Ctrl Pts',(1.70261376126102,85.0910819249107,5.));
#2560=CARTESIAN_POINT('Ctrl Pts',(-1.76341625841861,86.432991345808,5.));
#2561=CARTESIAN_POINT('Ctrl Pts',(-5.42098628695747,85.7701830068408,5.));
#2562=CARTESIAN_POINT('Ctrl Pts',(-8.18754349672142,83.2860275965761,5.));
#2563=CARTESIAN_POINT('Ctrl Pts',(-8.89470864340344,80.9125124519598,5.));
#2564=CARTESIAN_POINT('Ctrl Pts',(-8.9115831898949,79.7197575440297,5.));
#2565=CARTESIAN_POINT('Ctrl Pts',(2.44673406868374,75.3103509331377,5.11219973762821));
#2566=CARTESIAN_POINT('Ctrl Pts',(3.23908967047048,76.2020866035714,5.11219973762821));
#2567=CARTESIAN_POINT('Ctrl Pts',(4.31859637542851,78.4313930216573,5.1121997376282));
#2568=CARTESIAN_POINT('Ctrl Pts',(3.95176877591691,82.1299000282543,5.11219973762821));
#2569=CARTESIAN_POINT('Ctrl Pts',(1.70265415568622,85.0911314927031,5.11219973762821));
#2570=CARTESIAN_POINT('Ctrl Pts',(-1.7634116568183,86.4330346268334,5.11219973762821));
#2571=CARTESIAN_POINT('Ctrl Pts',(-5.42100290834748,85.770244979811,5.11219973762821));
#2572=CARTESIAN_POINT('Ctrl Pts',(-8.18757750742665,83.2860363859965,5.11219973762821));
#2573=CARTESIAN_POINT('Ctrl Pts',(-8.89470822310182,80.9125421604221,5.11219973762821));
#2574=CARTESIAN_POINT('Ctrl Pts',(-8.9115831898949,79.7197575440297,5.11219973762821));
#2575=CARTESIAN_POINT('Ctrl Pts',(2.44587391097773,75.3111152300021,5.33423011801758));
#2576=CARTESIAN_POINT('Ctrl Pts',(3.2380724898282,76.2026741831222,5.33423011801758));
#2577=CARTESIAN_POINT('Ctrl Pts',(4.31737132246668,78.431623087647,5.33423011801758));
#2578=CARTESIAN_POINT('Ctrl Pts',(3.95060751196494,82.1294255628276,5.33423011801758));
#2579=CARTESIAN_POINT('Ctrl Pts',(1.70189142104565,85.0901222626768,5.33423011801758));
#2580=CARTESIAN_POINT('Ctrl Pts',(-1.76353042144254,86.4317931845713,5.33423011801758));
#2581=CARTESIAN_POINT('Ctrl Pts',(-5.42045616895263,85.7691049970543,5.33423011801758));
#2582=CARTESIAN_POINT('Ctrl Pts',(-8.18652625108631,83.2853813260611,5.33423011801758));
#2583=CARTESIAN_POINT('Ctrl Pts',(-8.89356102128571,80.912289506151,5.33423011801758));
#2584=CARTESIAN_POINT('Ctrl Pts',(-8.91043264392772,79.7197412666359,5.33423011801758));
#2585=CARTESIAN_POINT('Ctrl Pts',(2.39076113629293,75.3600859252422,5.66472469843838));
#2586=CARTESIAN_POINT('Ctrl Pts',(3.17395930384438,76.2415156033426,5.66472469843838));
#2587=CARTESIAN_POINT('Ctrl Pts',(4.24100070475076,78.445207720691,5.66472469843838));
#2588=CARTESIAN_POINT('Ctrl Pts',(3.87839673141082,82.1010209088098,5.66472469843838));
#2589=CARTESIAN_POINT('Ctrl Pts',(1.6551914904833,85.0281216124951,5.66472469843838));
#2590=CARTESIAN_POINT('Ctrl Pts',(-1.77089273659087,86.3545761985506,5.66472469843838));
#2591=CARTESIAN_POINT('Ctrl Pts',(-5.38631818650432,85.6993932588838,5.66472469843838));
#2592=CARTESIAN_POINT('Ctrl Pts',(-8.12099686565697,83.243882070225,5.66472469843838));
#2593=CARTESIAN_POINT('Ctrl Pts',(-8.82003392036886,80.8976976600549,5.66472469843838));
#2594=CARTESIAN_POINT('Ctrl Pts',(-8.8367138593256,79.718698327261,5.66472469843838));
#2595=CARTESIAN_POINT('Ctrl Pts',(2.25877066236106,75.4773666339431,5.98013650284535));
#2596=CARTESIAN_POINT('Ctrl Pts',(3.02046724347282,76.3345979198621,5.98013650284535));
#2597=CARTESIAN_POINT('Ctrl Pts',(4.05820682000734,78.4776832850354,5.98013650284535));
#2598=CARTESIAN_POINT('Ctrl Pts',(3.7055689848798,82.0330950944702,5.98013650284535));
#2599=CARTESIAN_POINT('Ctrl Pts',(1.54345887306346,84.8797699897008,5.98013650284535));
#2600=CARTESIAN_POINT('Ctrl Pts',(-1.78851235592128,86.1697656386601,5.98013650284535));
#2601=CARTESIAN_POINT('Ctrl Pts',(-5.30460576148425,85.5326079467682,5.98013650284535));
#2602=CARTESIAN_POINT('Ctrl Pts',(-7.96415193050615,83.1445187238232,5.98013650284535));
#2603=CARTESIAN_POINT('Ctrl Pts',(-8.64394153676442,80.8628321659058,5.98013650284535));
#2604=CARTESIAN_POINT('Ctrl Pts',(-8.66016355183402,79.716200574913,5.98013650284535));
#2605=CARTESIAN_POINT('Ctrl Pts',(2.05810419170721,75.6556696977154,6.24875580468675));
#2606=CARTESIAN_POINT('Ctrl Pts',(2.78706912100906,76.4760640111875,6.24875580468675));
#2607=CARTESIAN_POINT('Ctrl Pts',(3.78021822206777,78.5271026357327,6.24875580468675));
#2608=CARTESIAN_POINT('Ctrl Pts',(3.44272909110062,81.9297466727989,6.24875580468676));
#2609=CARTESIAN_POINT('Ctrl Pts',(1.37350349650309,84.6541225764383,6.24875580468676));
#2610=CARTESIAN_POINT('Ctrl Pts',(-1.81530956970865,85.8887028904396,6.24875580468676));
#2611=CARTESIAN_POINT('Ctrl Pts',(-5.1803416708416,85.27890884805,6.24875580468676));
#2612=CARTESIAN_POINT('Ctrl Pts',(-7.7256256048289,82.9934366504098,6.24875580468676));
#2613=CARTESIAN_POINT('Ctrl Pts',(-8.37622738732509,80.8097617150459,6.24875580468676));
#2614=CARTESIAN_POINT('Ctrl Pts',(-8.39175230940244,79.712403216412,6.24875580468676));
#2615=CARTESIAN_POINT('Ctrl Pts',(1.82242769793333,75.8650810695408,6.4248329786975));
#2616=CARTESIAN_POINT('Ctrl Pts',(2.51295037735956,76.6422115689016,6.4248329786975));
#2617=CARTESIAN_POINT('Ctrl Pts',(3.45372941109228,78.5851440613782,6.4248329786975));
#2618=CARTESIAN_POINT('Ctrl Pts',(3.13403196290104,81.8083672807042,6.4248329786975));
#2619=CARTESIAN_POINT('Ctrl Pts',(1.17389632756925,84.3891068761346,6.42483297869751));
#2620=CARTESIAN_POINT('Ctrl Pts',(-1.84678204719676,85.5586035959932,6.4248329786975));
#2621=CARTESIAN_POINT('Ctrl Pts',(-5.0343974261894,84.9809473528687,6.4248329786975));
#2622=CARTESIAN_POINT('Ctrl Pts',(-7.44548398412248,82.8159955033234,6.4248329786975));
#2623=CARTESIAN_POINT('Ctrl Pts',(-8.06180549069292,80.7474322078076,6.4248329786975));
#2624=CARTESIAN_POINT('Ctrl Pts',(-8.07651169994911,79.707943337618,6.4248329786975));
#2625=CARTESIAN_POINT('Ctrl Pts',(1.57525524249965,76.0847072280133,6.49898859727591));
#2626=CARTESIAN_POINT('Ctrl Pts',(2.22548799749757,76.8164944967705,6.49898859727591));
#2627=CARTESIAN_POINT('Ctrl Pts',(3.11136993747106,78.6459866971229,6.49898859727591));
#2628=CARTESIAN_POINT('Ctrl Pts',(2.81033390869548,81.6811188954712,6.49898859727592));
#2629=CARTESIAN_POINT('Ctrl Pts',(0.964608860802007,84.111233118523,6.49898859727591));
#2630=CARTESIAN_POINT('Ctrl Pts',(-1.8797832987857,85.2124628047362,6.49898859727591));
#2631=CARTESIAN_POINT('Ctrl Pts',(-4.88135737759183,84.6685380273396,6.49898859727591));
#2632=CARTESIAN_POINT('Ctrl Pts',(-7.15172482036662,82.6299112716123,6.49898859727591));
#2633=CARTESIAN_POINT('Ctrl Pts',(-7.73204595916774,80.6821037289427,6.49898859727591));
#2634=CARTESIAN_POINT('Ctrl Pts',(-7.74589410528247,79.7032659123272,6.49898859727591));
#2635=CARTESIAN_POINT('Ctrl Pts',(1.40930690095167,76.2321613474261,6.5));
#2636=CARTESIAN_POINT('Ctrl Pts',(2.03246242218421,76.9334752590811,6.5));
#2637=CARTESIAN_POINT('Ctrl Pts',(2.88146003994873,78.6868652016281,6.5));
#2638=CARTESIAN_POINT('Ctrl Pts',(2.59295118508546,81.5956349878479,6.5));
#2639=CARTESIAN_POINT('Ctrl Pts',(0.824040518739242,83.9246042409776,6.5));
#2640=CARTESIAN_POINT('Ctrl Pts',(-1.90194622645734,84.9800089723603,6.5));
#2641=CARTESIAN_POINT('Ctrl Pts',(-4.77858546754092,84.4587053835311,6.5));
#2642=CARTESIAN_POINT('Ctrl Pts',(-6.95445205842101,82.5049646885934,6.5));
#2643=CARTESIAN_POINT('Ctrl Pts',(-7.51065031629851,80.6382022392833,6.5));
#2644=CARTESIAN_POINT('Ctrl Pts',(-7.52392179277197,79.7001255503951,6.5));
#2645=CARTESIAN_POINT('Ctrl Pts',(1.32543383997604,76.3066871199241,6.50000000000001));
#2646=CARTESIAN_POINT('Ctrl Pts',(1.93492296823344,76.9926205508017,6.50000000000001));
#2647=CARTESIAN_POINT('Ctrl Pts',(2.76529754550125,78.7075052794509,6.5));
#2648=CARTESIAN_POINT('Ctrl Pts',(2.48312142838282,81.5524655480451,6.5));
#2649=CARTESIAN_POINT('Ctrl Pts',(0.753033603497009,83.8303263443648,6.5));
#2650=CARTESIAN_POINT('Ctrl Pts',(-1.91314333471809,84.8625643604397,6.5));
#2651=CARTESIAN_POINT('Ctrl Pts',(-4.72665874128644,84.3527117920034,6.5));
#2652=CARTESIAN_POINT('Ctrl Pts',(-6.85477967187409,82.4418230148766,6.5));
#2653=CARTESIAN_POINT('Ctrl Pts',(-7.3987528616295,80.6160421344026,6.5));
#2654=CARTESIAN_POINT('Ctrl Pts',(-7.41173328200754,79.6985383590718,6.5));
#2655=CARTESIAN_POINT('',(-7.41173328200754,79.6985383590718,6.5));
#2656=CARTESIAN_POINT('Ctrl Pts',(-8.9115831898949,79.7197575440297,5.));
#2657=CARTESIAN_POINT('Ctrl Pts',(-8.9115831898949,79.7197575440297,5.11219973762821));
#2658=CARTESIAN_POINT('Ctrl Pts',(-8.91043264392772,79.7197412666359,5.33423011801758));
#2659=CARTESIAN_POINT('Ctrl Pts',(-8.8367138593256,79.718698327261,5.66472469843838));
#2660=CARTESIAN_POINT('Ctrl Pts',(-8.66016355183402,79.716200574913,5.98013650284535));
#2661=CARTESIAN_POINT('Ctrl Pts',(-8.39175230940244,79.712403216412,6.24875580468676));
#2662=CARTESIAN_POINT('Ctrl Pts',(-8.07651169994911,79.707943337618,6.4248329786975));
#2663=CARTESIAN_POINT('Ctrl Pts',(-7.74589410528247,79.7032659123272,6.49898859727591));
#2664=CARTESIAN_POINT('Ctrl Pts',(-7.52392179277197,79.7001255503951,6.5));
#2665=CARTESIAN_POINT('Ctrl Pts',(-7.41173328200754,79.6985383590718,6.5));
#2666=CARTESIAN_POINT('Origin',(-2.41223358904967,79.6278077425453,6.5));
#2667=CARTESIAN_POINT('Ctrl Pts',(-8.91158318989491,79.7197575440297,5.));
#2668=CARTESIAN_POINT('Ctrl Pts',(-9.0075489854484,72.9365427359871,5.));
#2669=CARTESIAN_POINT('Ctrl Pts',(-11.6267466136349,61.1058861957751,5.));
#2670=CARTESIAN_POINT('Ctrl Pts',(-18.1503864776116,51.0192482192683,5.));
#2671=CARTESIAN_POINT('Ctrl Pts',(-21.5299058245408,47.2158574883434,5.));
#2672=CARTESIAN_POINT('Ctrl Pts',(-8.91158318989491,79.7197575440297,5.11219973762821));
#2673=CARTESIAN_POINT('Ctrl Pts',(-9.0075486747144,72.9365646998075,5.11219973762821));
#2674=CARTESIAN_POINT('Ctrl Pts',(-11.6267566192643,61.10587913006,5.11219973762821));
#2675=CARTESIAN_POINT('Ctrl Pts',(-18.150397420381,51.0192359040176,5.11219973762821));
#2676=CARTESIAN_POINT('Ctrl Pts',(-21.5299058245408,47.2158574883434,5.11219973762821));
#2677=CARTESIAN_POINT('Ctrl Pts',(-8.9104327245989,79.7197412677771,5.33423013939533));
#2678=CARTESIAN_POINT('Ctrl Pts',(-9.00640068178915,72.9363736673113,5.33423013939533));
#2679=CARTESIAN_POINT('Ctrl Pts',(-11.6256601320517,61.1054405227157,5.33423013939533));
#2680=CARTESIAN_POINT('Ctrl Pts',(-18.1494502562886,51.0185696476551,5.33423013939533));
#2681=CARTESIAN_POINT('Ctrl Pts',(-21.5290457271451,47.2150932450682,5.33423013939533));
#2682=CARTESIAN_POINT('Ctrl Pts',(-8.83671391407226,79.7186983280355,5.66472475620869));
#2683=CARTESIAN_POINT('Ctrl Pts',(-8.93282358529655,72.9253138592825,5.66472475620869));
#2684=CARTESIAN_POINT('Ctrl Pts',(-11.555938126407,61.0769557669699,5.66472475620868));
#2685=CARTESIAN_POINT('Ctrl Pts',(-18.0893468786751,50.9752154555497,5.66472475620869));
#2686=CARTESIAN_POINT('Ctrl Pts',(-21.4739329330721,47.1661225326145,5.66472475620869));
#2687=CARTESIAN_POINT('Ctrl Pts',(-8.66016369644583,79.7162005769589,5.9801365551702));
#2688=CARTESIAN_POINT('Ctrl Pts',(-8.75661191625986,72.898886250761,5.9801365551702));
#2689=CARTESIAN_POINT('Ctrl Pts',(-11.3889871010222,61.0087180248259,5.9801365551702));
#2690=CARTESIAN_POINT('Ctrl Pts',(-17.9454341874935,50.8713524264645,5.9801365551702));
#2691=CARTESIAN_POINT('Ctrl Pts',(-21.3419425263076,47.0488418836287,5.9801365551702));
#2692=CARTESIAN_POINT('Ctrl Pts',(-8.39175236543027,79.7124032172047,6.24875589274657));
#2693=CARTESIAN_POINT('Ctrl Pts',(-8.48871595440513,72.8586607063263,6.24875589274657));
#2694=CARTESIAN_POINT('Ctrl Pts',(-11.1351479638762,60.9049906301323,6.24875589274657));
#2695=CARTESIAN_POINT('Ctrl Pts',(-17.7266184752513,50.7134748135895,6.24875589274657));
#2696=CARTESIAN_POINT('Ctrl Pts',(-21.1412759894025,46.8705387610391,6.24875589274657));
#2697=CARTESIAN_POINT('Ctrl Pts',(-8.0765116822468,79.7079433373676,6.42483315045384));
#2698=CARTESIAN_POINT('Ctrl Pts',(-8.17408055537213,72.8114171201816,6.42483315045384));
#2699=CARTESIAN_POINT('Ctrl Pts',(-10.837021889209,60.7831660438343,6.42483315045384));
#2700=CARTESIAN_POINT('Ctrl Pts',(-17.4696263160604,50.5280524830381,6.42483315045385));
#2701=CARTESIAN_POINT('Ctrl Pts',(-20.9055994404779,46.6611273402686,6.42483315045385));
#2702=CARTESIAN_POINT('Ctrl Pts',(-7.74589410108496,79.7032659122679,6.49898870251652));
#2703=CARTESIAN_POINT('Ctrl Pts',(-7.84409735052174,72.7618996480119,6.49898870251652));
#2704=CARTESIAN_POINT('Ctrl Pts',(-10.5243676660762,60.6553892280351,6.49898870251652));
#2705=CARTESIAN_POINT('Ctrl Pts',(-17.2001137545557,50.3335684268453,6.49898870251652));
#2706=CARTESIAN_POINT('Ctrl Pts',(-20.6584269951096,46.4415011908021,6.49898870251652));
#2707=CARTESIAN_POINT('Ctrl Pts',(-7.52392179277198,79.7001255503951,6.5));
#2708=CARTESIAN_POINT('Ctrl Pts',(-7.62255138095038,72.7286240984019,6.5));
#2709=CARTESIAN_POINT('Ctrl Pts',(-10.3144419776535,60.5696112545917,6.49999999999999));
#2710=CARTESIAN_POINT('Ctrl Pts',(-17.0191515247972,50.2030112974336,6.5));
#2711=CARTESIAN_POINT('Ctrl Pts',(-20.492478656679,46.294047074201,6.5));
#2712=CARTESIAN_POINT('Ctrl Pts',(-7.41173328200754,79.6985383590718,6.5));
#2713=CARTESIAN_POINT('Ctrl Pts',(-7.51057805142764,72.7118271067879,6.5));
#2714=CARTESIAN_POINT('Ctrl Pts',(-10.2083516084597,60.5262508703695,6.49999999999999));
#2715=CARTESIAN_POINT('Ctrl Pts',(-16.9277006683557,50.1370137545675,6.5));
#2716=CARTESIAN_POINT('Ctrl Pts',(-20.4086055956928,46.2195213017149,6.5));
#2717=CARTESIAN_POINT('',(-20.4086055956928,46.2195213017149,6.5));
#2718=CARTESIAN_POINT('Ctrl Pts',(-21.5299058245408,47.2158574883434,5.));
#2719=CARTESIAN_POINT('Ctrl Pts',(-21.5299058245408,47.2158574883434,5.11219973762821));
#2720=CARTESIAN_POINT('Ctrl Pts',(-21.5290457271451,47.2150932450682,5.33423013939533));
#2721=CARTESIAN_POINT('Ctrl Pts',(-21.4739329330721,47.1661225326145,5.66472475620869));
#2722=CARTESIAN_POINT('Ctrl Pts',(-21.3419425263076,47.0488418836287,5.9801365551702));
#2723=CARTESIAN_POINT('Ctrl Pts',(-21.1412759894025,46.8705387610391,6.24875589274657));
#2724=CARTESIAN_POINT('Ctrl Pts',(-20.9055994404779,46.6611273402686,6.42483315045385));
#2725=CARTESIAN_POINT('Ctrl Pts',(-20.6584269951096,46.4415011908021,6.49898870251652));
#2726=CARTESIAN_POINT('Ctrl Pts',(-20.492478656679,46.294047074201,6.5));
#2727=CARTESIAN_POINT('Ctrl Pts',(-20.4086055956928,46.2195213017149,6.5));
#2728=CARTESIAN_POINT('Origin',(-58.9065801194737,80.4270637092941,6.5));
#2729=CARTESIAN_POINT('Origin',(-58.9065801194737,80.4270637092941,5.));
#2730=CARTESIAN_POINT('Ctrl Pts',(-21.5299058229558,47.2158574901273,5.));
#2731=CARTESIAN_POINT('Ctrl Pts',(-22.3222416912816,46.3241440307998,5.));
#2732=CARTESIAN_POINT('Ctrl Pts',(-23.4040554058878,44.0944277252988,5.));
#2733=CARTESIAN_POINT('Ctrl Pts',(-23.0328337811177,40.3967437957867,5.));
#2734=CARTESIAN_POINT('Ctrl Pts',(-20.7857894247706,37.4352129639381,5.));
#2735=CARTESIAN_POINT('Ctrl Pts',(-17.3194684850166,36.0932420956057,5.));
#2736=CARTESIAN_POINT('Ctrl Pts',(-13.6621975477409,36.756081632784,5.));
#2737=CARTESIAN_POINT('Ctrl Pts',(-10.8955187966435,39.240193873332,5.));
#2738=CARTESIAN_POINT('Ctrl Pts',(-10.1884631171357,41.6136959638103,5.));
#2739=CARTESIAN_POINT('Ctrl Pts',(-10.1715885706379,42.8064508721892,5.));
#2740=CARTESIAN_POINT('Ctrl Pts',(-21.5299058229558,47.2158574901273,5.11219973762821));
#2741=CARTESIAN_POINT('Ctrl Pts',(-22.3222609199107,46.3241223904475,5.11219973762821));
#2742=CARTESIAN_POINT('Ctrl Pts',(-23.4040965720816,44.0944550134704,5.11219973762821));
#2743=CARTESIAN_POINT('Ctrl Pts',(-23.0328613240826,40.396723892317,5.1121997376282));
#2744=CARTESIAN_POINT('Ctrl Pts',(-20.7858235065335,37.4351694139313,5.11219973762821));
#2745=CARTESIAN_POINT('Ctrl Pts',(-17.3194706147765,36.093211500129,5.11219973762821));
#2746=CARTESIAN_POINT('Ctrl Pts',(-13.6621818985032,36.756027706545,5.11219973762821));
#2747=CARTESIAN_POINT('Ctrl Pts',(-10.8954888075383,39.2401916088968,5.11219973762821));
#2748=CARTESIAN_POINT('Ctrl Pts',(-10.188463526652,41.6136670176996,5.11219973762821));
#2749=CARTESIAN_POINT('Ctrl Pts',(-10.1715885706379,42.8064508721892,5.11219973762821));
#2750=CARTESIAN_POINT('Ctrl Pts',(-21.5289583705637,47.2150156271881,5.33428603843408));
#2751=CARTESIAN_POINT('Ctrl Pts',(-22.3211562393991,46.3234574757395,5.33428603843408));
#2752=CARTESIAN_POINT('Ctrl Pts',(-23.4027778334009,44.0942179250834,5.33428603843408));
#2753=CARTESIAN_POINT('Ctrl Pts',(-23.0316169043743,40.3972145175628,5.33428603843408));
#2754=CARTESIAN_POINT('Ctrl Pts',(-20.7850163106525,37.4362408669211,5.33428603843408));
#2755=CARTESIAN_POINT('Ctrl Pts',(-17.3193438551513,36.094542785303,5.33428603843408));
#2756=CARTESIAN_POINT('Ctrl Pts',(-13.6627707962109,36.7572330569415,5.33428603843408));
#2757=CARTESIAN_POINT('Ctrl Pts',(-10.8966192172842,39.2409052458803,5.33428603843408));
#2758=CARTESIAN_POINT('Ctrl Pts',(-10.1897274893724,41.6139216327874,5.33428603843408));
#2759=CARTESIAN_POINT('Ctrl Pts',(-10.1728558818793,42.8064688015243,5.33428603843408));
#2760=CARTESIAN_POINT('Ctrl Pts',(-21.4739086815983,47.166100986895,5.66474752938215));
#2761=CARTESIAN_POINT('Ctrl Pts',(-22.2571060810733,46.2846721757802,5.66474752938215));
#2762=CARTESIAN_POINT('Ctrl Pts',(-23.3264442270241,44.0806339024969,5.66474752938216));
#2763=CARTESIAN_POINT('Ctrl Pts',(-22.9595058440454,40.4255815762487,5.66474752938216));
#2764=CARTESIAN_POINT('Ctrl Pts',(-20.7383550877464,37.4981897406919,5.66474752938215));
#2765=CARTESIAN_POINT('Ctrl Pts',(-17.3119937042141,36.1716795567668,5.66474752938216));
#2766=CARTESIAN_POINT('Ctrl Pts',(-13.6968776187658,36.8268889390705,5.66474752938215));
#2767=CARTESIAN_POINT('Ctrl Pts',(-10.962088807972,39.2823537018161,5.66474752938215));
#2768=CARTESIAN_POINT('Ctrl Pts',(-10.2631702057616,41.6285123724491,5.66474752938215));
#2769=CARTESIAN_POINT('Ctrl Pts',(-10.2464902831899,42.8075105470833,5.66474752938215));
#2770=CARTESIAN_POINT('Ctrl Pts',(-21.3419504109178,47.0488488921904,5.98013406594657));
#2771=CARTESIAN_POINT('Ctrl Pts',(-22.1036492923438,46.1916150199472,5.98013406594657));
#2772=CARTESIAN_POINT('Ctrl Pts',(-23.1436301193677,44.0481802361196,5.98013406594657));
#2773=CARTESIAN_POINT('Ctrl Pts',(-22.7867594496722,40.4935005972178,5.98013406594657));
#2774=CARTESIAN_POINT('Ctrl Pts',(-20.626639821953,37.6465130980336,5.98013406594657));
#2775=CARTESIAN_POINT('Ctrl Pts',(-17.2943832858149,36.3564608504654,5.98013406594657));
#2776=CARTESIAN_POINT('Ctrl Pts',(-13.7785721664757,36.9936454117833,5.98013406594657));
#2777=CARTESIAN_POINT('Ctrl Pts',(-11.1189053920984,39.3816998035857,5.98013406594657));
#2778=CARTESIAN_POINT('Ctrl Pts',(-10.4392195799101,41.6633726380941,5.98013406594657));
#2779=CARTESIAN_POINT('Ctrl Pts',(-10.4229975158766,42.8100076900288,5.98013406594657));
#2780=CARTESIAN_POINT('Ctrl Pts',(-21.1412632612885,46.870527453504,6.24875770327753));
#2781=CARTESIAN_POINT('Ctrl Pts',(-21.8702274612721,46.0501339632198,6.24875770327753));
#2782=CARTESIAN_POINT('Ctrl Pts',(-22.865516161132,43.998768236539,6.24875770327754));
#2783=CARTESIAN_POINT('Ctrl Pts',(-22.5239844255459,40.5968347083591,6.24875770327754));
#2784=CARTESIAN_POINT('Ctrl Pts',(-20.4566700215265,37.8721770381169,6.24875770327754));
#2785=CARTESIAN_POINT('Ctrl Pts',(-17.2675963820656,36.6375451848321,6.24875770327754));
#2786=CARTESIAN_POINT('Ctrl Pts',(-13.9028480112998,37.2473641352611,6.24875770327754));
#2787=CARTESIAN_POINT('Ctrl Pts',(-11.3574587067944,39.5327937113866,6.24875770327754));
#2788=CARTESIAN_POINT('Ctrl Pts',(-10.7069613253476,41.7164480409055,6.24875770327754));
#2789=CARTESIAN_POINT('Ctrl Pts',(-10.6914364188281,42.8138054398581,6.24875770327754));
#2790=CARTESIAN_POINT('Ctrl Pts',(-20.9055971787963,46.6611253320565,6.42483488254133));
#2791=CARTESIAN_POINT('Ctrl Pts',(-21.596120205622,45.8839944439938,6.42483488254133));
#2792=CARTESIAN_POINT('Ctrl Pts',(-22.5389260165812,43.9407425503145,6.42483488254133));
#2793=CARTESIAN_POINT('Ctrl Pts',(-22.2154074169045,40.718180531413,6.42483488254133));
#2794=CARTESIAN_POINT('Ctrl Pts',(-20.257073468887,38.1371754658502,6.42483488254133));
#2795=CARTESIAN_POINT('Ctrl Pts',(-17.23614052495,36.9676228946103,6.42483488254133));
#2796=CARTESIAN_POINT('Ctrl Pts',(-14.0487854095018,37.5453077033084,6.42483488254133));
#2797=CARTESIAN_POINT('Ctrl Pts',(-11.6375923869301,39.7102227715368,6.42483488254133));
#2798=CARTESIAN_POINT('Ctrl Pts',(-11.0213693191999,41.7787757301812,6.42483488254133));
#2799=CARTESIAN_POINT('Ctrl Pts',(-11.0066631025691,42.8182651216374,6.42483488254133));
#2800=CARTESIAN_POINT('Ctrl Pts',(-20.6584214542657,46.4414962681723,6.49899011300968));
#2801=CARTESIAN_POINT('Ctrl Pts',(-21.3086539165509,45.709709330978,6.49899011300968));
#2802=CARTESIAN_POINT('Ctrl Pts',(-22.1964456157119,43.8799227370048,6.49899011300969));
#2803=CARTESIAN_POINT('Ctrl Pts',(-21.8918000336982,40.8454237234612,6.49899011300968));
#2804=CARTESIAN_POINT('Ctrl Pts',(-20.0477785444849,38.4150526113689,6.49899011300969));
#2805=CARTESIAN_POINT('Ctrl Pts',(-17.2031515068155,37.313776597346,6.49899011300969));
#2806=CARTESIAN_POINT('Ctrl Pts',(-14.2018274001399,37.8577238645842,6.49899011300968));
#2807=CARTESIAN_POINT('Ctrl Pts',(-11.9313637388216,39.8963139483596,6.49899011300969));
#2808=CARTESIAN_POINT('Ctrl Pts',(-11.3511332102603,41.8441052344192,6.49899011300968));
#2809=CARTESIAN_POINT('Ctrl Pts',(-11.3372850704021,42.8229426087978,6.49899011300968));
#2810=CARTESIAN_POINT('Ctrl Pts',(-20.4924786565604,46.2940470743345,6.49999999999999));
#2811=CARTESIAN_POINT('Ctrl Pts',(-21.1156343448439,45.5927329767246,6.49999999999999));
#2812=CARTESIAN_POINT('Ctrl Pts',(-21.9664606633429,43.8390520198597,6.5));
#2813=CARTESIAN_POINT('Ctrl Pts',(-21.674505055491,40.9308775920641,6.49999999999999));
#2814=CARTESIAN_POINT('Ctrl Pts',(-19.9072185269143,38.6016692155429,6.5));
#2815=CARTESIAN_POINT('Ctrl Pts',(-17.181001102363,37.546212534896,6.5));
#2816=CARTESIAN_POINT('Ctrl Pts',(-14.3045953560325,38.0675432576536,6.5));
#2817=CARTESIAN_POINT('Ctrl Pts',(-12.1286316271717,40.0212505312193,6.5));
#2818=CARTESIAN_POINT('Ctrl Pts',(-11.5725214477704,41.8880059269938,6.5));
#2819=CARTESIAN_POINT('Ctrl Pts',(-11.5592499677608,42.8260828658238,6.5));
#2820=CARTESIAN_POINT('Ctrl Pts',(-20.4086055956929,46.2195213017149,6.49999999999999));
#2821=CARTESIAN_POINT('Ctrl Pts',(-21.0180947251743,45.533587871463,6.49999999999999));
#2822=CARTESIAN_POINT('Ctrl Pts',(-21.8502591210252,43.8184214826161,6.5));
#2823=CARTESIAN_POINT('Ctrl Pts',(-21.5647040250482,40.9740492291452,6.49999999999999));
#2824=CARTESIAN_POINT('Ctrl Pts',(-19.8362083663197,38.6959485892617,6.5));
#2825=CARTESIAN_POINT('Ctrl Pts',(-17.169807643432,37.6636633059291,6.5));
#2826=CARTESIAN_POINT('Ctrl Pts',(-14.356522307066,38.1735398729893,6.5));
#2827=CARTESIAN_POINT('Ctrl Pts',(-12.2283078831449,40.0843954426416,6.5));
#2828=CARTESIAN_POINT('Ctrl Pts',(-11.6844188989082,41.9101662814711,6.5));
#2829=CARTESIAN_POINT('Ctrl Pts',(-11.6714384785253,42.8276700571471,6.5));
#2830=CARTESIAN_POINT('Origin',(-16.6709381714831,42.8984006736736,6.5));
#2831=CARTESIAN_POINT('Origin',(-9.5415858802664,61.2631042081095,6.5));
#2832=CARTESIAN_POINT('',(-5.91223358904967,79.6278077425453,6.5));
#2833=CARTESIAN_POINT('Origin',(-2.41223358904967,79.6278077425453,6.5));
#2834=CARTESIAN_POINT('',(-20.1709381714831,42.8984006736736,6.5));
#2835=CARTESIAN_POINT('Origin',(-16.6709381714831,42.8984006736736,6.5));
#2836=CARTESIAN_POINT('Ctrl Pts',(-8.15555277964336,56.1710773411522,1.));
#2837=CARTESIAN_POINT('Ctrl Pts',(-8.26082336191237,55.8121520032469,1.));
#2838=CARTESIAN_POINT('Ctrl Pts',(-8.48462516766368,55.1255683525798,1.));
#2839=CARTESIAN_POINT('Ctrl Pts',(-9.24005288134722,54.2765103957386,1.));
#2840=CARTESIAN_POINT('Ctrl Pts',(-10.4229113139439,53.8595450435303,1.));
#2841=CARTESIAN_POINT('Ctrl Pts',(-11.311680410836,53.9328005450768,1.));
#2842=CARTESIAN_POINT('Ctrl Pts',(-11.7817157868818,54.0874254002765,1.));
#2843=CARTESIAN_POINT('Ctrl Pts',(-12.1199476951878,54.2187259358002,1.));
#2844=CARTESIAN_POINT('Ctrl Pts',(-8.15555277964336,56.1710773411522,1.11219973762821));
#2845=CARTESIAN_POINT('Ctrl Pts',(-8.26082369402805,55.8121508708818,1.11219973762821));
#2846=CARTESIAN_POINT('Ctrl Pts',(-8.48465708388785,55.1255797051261,1.11219973762821));
#2847=CARTESIAN_POINT('Ctrl Pts',(-9.24007106262177,54.2765555871226,1.11219973762821));
#2848=CARTESIAN_POINT('Ctrl Pts',(-10.4229414185913,53.8595771549302,1.11219973762821));
#2849=CARTESIAN_POINT('Ctrl Pts',(-11.3116706792911,53.9328217429427,1.11219973762821));
#2850=CARTESIAN_POINT('Ctrl Pts',(-11.7817157868818,54.0874254002765,1.11219973762821));
#2851=CARTESIAN_POINT('Ctrl Pts',(-12.1199476951878,54.2187259358002,1.11219973762821));
#2852=CARTESIAN_POINT('Ctrl Pts',(-8.1543374645547,56.1707208967513,1.33428571197668));
#2853=CARTESIAN_POINT('Ctrl Pts',(-8.25960566330512,55.8118036855724,1.33428571197668));
#2854=CARTESIAN_POINT('Ctrl Pts',(-8.48352276289414,55.124922873483,1.33428571197668));
#2855=CARTESIAN_POINT('Ctrl Pts',(-9.23935895476306,54.2754312177723,1.33428571197668));
#2856=CARTESIAN_POINT('Ctrl Pts',(-10.4227259494392,53.8582933164721,1.33428571197668));
#2857=CARTESIAN_POINT('Ctrl Pts',(-11.3119459544195,53.9315618629631,1.33428571197668));
#2858=CARTESIAN_POINT('Ctrl Pts',(-11.7821741182011,54.0862447327631,1.33428571197667));
#2859=CARTESIAN_POINT('Ctrl Pts',(-12.1204060265071,54.2175452682867,1.33428571197667));
#2860=CARTESIAN_POINT('Ctrl Pts',(-8.08367191359963,56.1499951276016,1.66474750036316));
#2861=CARTESIAN_POINT('Ctrl Pts',(-8.18878465680467,55.7916079499131,1.66474750036316));
#2862=CARTESIAN_POINT('Ctrl Pts',(-8.41780187520517,55.0868144844835,1.66474750036317));
#2863=CARTESIAN_POINT('Ctrl Pts',(-9.19808680325015,54.2103868019482,1.66474750036316));
#2864=CARTESIAN_POINT('Ctrl Pts',(-10.4104191502723,53.7838800442578,1.66474750036316));
#2865=CARTESIAN_POINT('Ctrl Pts',(-11.3278803538056,53.8584612552353,1.66474750036316));
#2866=CARTESIAN_POINT('Ctrl Pts',(-11.8088241906854,54.0175937951496,1.66474750036316));
#2867=CARTESIAN_POINT('Ctrl Pts',(-12.1470560989914,54.1488943306732,1.66474750036316));
#2868=CARTESIAN_POINT('Ctrl Pts',(-7.91428266836504,56.1003143093568,1.98013402820119));
#2869=CARTESIAN_POINT('Ctrl Pts',(-8.01902409050733,55.7431931694828,1.98013402820119));
#2870=CARTESIAN_POINT('Ctrl Pts',(-8.26039158537363,54.9955114952771,1.98013402820119));
#2871=CARTESIAN_POINT('Ctrl Pts',(-9.09922712768085,54.0546505953128,1.98013402820119));
#2872=CARTESIAN_POINT('Ctrl Pts',(-10.3810382231822,53.6056343990787,1.98013402820119));
#2873=CARTESIAN_POINT('Ctrl Pts',(-11.3660374758534,53.6833189442566,1.98013402820119));
#2874=CARTESIAN_POINT('Ctrl Pts',(-11.8727058926257,53.853033689839,1.98013402820119));
#2875=CARTESIAN_POINT('Ctrl Pts',(-12.2109378009317,53.9843342253626,1.98013402820119));
#2876=CARTESIAN_POINT('Ctrl Pts',(-7.65666807375814,56.0247575416637,2.24875792365449));
#2877=CARTESIAN_POINT('Ctrl Pts',(-7.76084410452441,55.6695641320854,2.24875792365449));
#2878=CARTESIAN_POINT('Ctrl Pts',(-8.02093072332584,54.8566310013774,2.24875792365449));
#2879=CARTESIAN_POINT('Ctrl Pts',(-8.94884031729475,53.8177089709108,2.24875792365449));
#2880=CARTESIAN_POINT('Ctrl Pts',(-10.3362936868501,53.334485820901,2.24875792365448));
#2881=CARTESIAN_POINT('Ctrl Pts',(-11.4240881334404,53.4169120699961,2.24875792365448));
#2882=CARTESIAN_POINT('Ctrl Pts',(-11.9698599871809,53.6027634630643,2.24875792365448));
#2883=CARTESIAN_POINT('Ctrl Pts',(-12.3080918954869,53.7340639985879,2.24875792365448));
#2884=CARTESIAN_POINT('Ctrl Pts',(-7.35415250423338,55.9360315956629,2.42483549651767));
#2885=CARTESIAN_POINT('Ctrl Pts',(-7.45766458145467,55.5831019690461,2.42483549651767));
#2886=CARTESIAN_POINT('Ctrl Pts',(-7.73973134167816,54.6935437229821,2.42483549651767));
#2887=CARTESIAN_POINT('Ctrl Pts',(-8.77224087371885,53.5394672305811,2.42483549651767));
#2888=CARTESIAN_POINT('Ctrl Pts',(-10.2837488362835,53.0160756977207,2.42483549651767));
#2889=CARTESIAN_POINT('Ctrl Pts',(-11.4922572430018,53.104070671716,2.42483549651766));
#2890=CARTESIAN_POINT('Ctrl Pts',(-12.0839475694115,53.3088723490792,2.42483549651766));
#2891=CARTESIAN_POINT('Ctrl Pts',(-12.4221794777175,53.4401728846028,2.42483549651766));
#2892=CARTESIAN_POINT('Ctrl Pts',(-7.03686279452068,55.8429724856977,2.49899047698824));
#2893=CARTESIAN_POINT('Ctrl Pts',(-7.1396789756244,55.4924155518481,2.49899047698824));
#2894=CARTESIAN_POINT('Ctrl Pts',(-7.44484530033616,54.5225081718845,2.49899047698824));
#2895=CARTESIAN_POINT('Ctrl Pts',(-8.58704319351365,53.2477025944513,2.49899047698824));
#2896=CARTESIAN_POINT('Ctrl Pts',(-10.2286816324995,52.6821619148659,2.49899047698824));
#2897=CARTESIAN_POINT('Ctrl Pts',(-11.5637414069717,52.7759816942379,2.49899047698824));
#2898=CARTESIAN_POINT('Ctrl Pts',(-12.2036069175391,53.0006282927817,2.49899047698824));
#2899=CARTESIAN_POINT('Ctrl Pts',(-12.5418388258451,53.1319288283053,2.49899047698824));
#2900=CARTESIAN_POINT('Ctrl Pts',(-6.8238484825143,55.780496705115,2.5));
#2901=CARTESIAN_POINT('Ctrl Pts',(-6.9261969952664,55.4315343100009,2.5));
#2902=CARTESIAN_POINT('Ctrl Pts',(-7.24682623292344,54.4076662328704,2.5));
#2903=CARTESIAN_POINT('Ctrl Pts',(-8.46268367154679,53.05176013823,2.49999999999999));
#2904=CARTESIAN_POINT('Ctrl Pts',(-10.1916689393086,52.4579410649454,2.49999999999999));
#2905=CARTESIAN_POINT('Ctrl Pts',(-11.6117466214848,52.5556869507992,2.49999999999999));
#2906=CARTESIAN_POINT('Ctrl Pts',(-12.2839409243987,52.7936868333762,2.49999999999999));
#2907=CARTESIAN_POINT('Ctrl Pts',(-12.6221728327047,52.9249873688998,2.49999999999999));
#2908=CARTESIAN_POINT('Ctrl Pts',(-6.71618394548584,55.7489193621254,2.5));
#2909=CARTESIAN_POINT('Ctrl Pts',(-6.81829641028677,55.4007617843572,2.5));
#2910=CARTESIAN_POINT('Ctrl Pts',(-7.14677223928119,54.3496324726051,2.5));
#2911=CARTESIAN_POINT('Ctrl Pts',(-8.39984613572786,52.952768813002,2.49999999999999));
#2912=CARTESIAN_POINT('Ctrl Pts',(-10.1729911516176,52.3446440089341,2.49999999999999));
#2913=CARTESIAN_POINT('Ctrl Pts',(-11.636000469427,52.4443635269516,2.49999999999999));
#2914=CARTESIAN_POINT('Ctrl Pts',(-12.3245444104964,52.6890917185737,2.49999999999999));
#2915=CARTESIAN_POINT('Ctrl Pts',(-12.6627763188024,52.8203922540973,2.49999999999999));
#2916=CARTESIAN_POINT('',(-12.6627763188024,52.8203922540973,2.49999999999999));
#2917=CARTESIAN_POINT('Ctrl Pts',(-10.6333690377605,52.4134480455238,2.49999999999999));
#2918=CARTESIAN_POINT('Ctrl Pts',(-10.9656065437559,52.3990150700336,2.49999999999999));
#2919=CARTESIAN_POINT('Ctrl Pts',(-11.6647967066033,52.4545985324891,2.49999999999999));
#2920=CARTESIAN_POINT('Ctrl Pts',(-12.3245444104964,52.6890917185737,2.49999999999999));
#2921=CARTESIAN_POINT('Ctrl Pts',(-12.6627763188024,52.8203922540973,2.49999999999999));
#2922=CARTESIAN_POINT('',(-12.1199476951878,54.2187259358002,1.));
#2923=CARTESIAN_POINT('Ctrl Pts',(-12.6627763188024,52.8203922540973,2.49999999999999));
#2924=CARTESIAN_POINT('Ctrl Pts',(-12.6221728327047,52.9249873688998,2.49999999999999));
#2925=CARTESIAN_POINT('Ctrl Pts',(-12.5418388258451,53.1319288283053,2.49899047698824));
#2926=CARTESIAN_POINT('Ctrl Pts',(-12.4221794777175,53.4401728846028,2.42483549651766));
#2927=CARTESIAN_POINT('Ctrl Pts',(-12.3080918954869,53.7340639985879,2.24875792365448));
#2928=CARTESIAN_POINT('Ctrl Pts',(-12.2109378009317,53.9843342253626,1.98013402820119));
#2929=CARTESIAN_POINT('Ctrl Pts',(-12.1470560989914,54.1488943306732,1.66474750036316));
#2930=CARTESIAN_POINT('Ctrl Pts',(-12.1204060265071,54.2175452682867,1.33428571197667));
#2931=CARTESIAN_POINT('Ctrl Pts',(-12.1199476951878,54.2187259358002,1.11219973762821));
#2932=CARTESIAN_POINT('Ctrl Pts',(-12.1199476951878,54.2187259358002,1.));
#2933=CARTESIAN_POINT('Ctrl Pts',(-12.1199476951878,54.2187259358002,1.));
#2934=CARTESIAN_POINT('Ctrl Pts',(-11.7817157868818,54.0874254002765,1.));
#2935=CARTESIAN_POINT('Ctrl Pts',(-11.311680410836,53.9328005450768,1.));
#2936=CARTESIAN_POINT('Ctrl Pts',(-10.4229113139439,53.8595450435303,1.));
#2937=CARTESIAN_POINT('Ctrl Pts',(-9.24005288134722,54.2765103957386,1.));
#2938=CARTESIAN_POINT('Ctrl Pts',(-8.48462516766368,55.1255683525798,1.));
#2939=CARTESIAN_POINT('Ctrl Pts',(-8.26082336191237,55.8121520032469,1.));
#2940=CARTESIAN_POINT('Ctrl Pts',(-8.15555277964336,56.1710773411522,1.));
#2941=CARTESIAN_POINT('Ctrl Pts',(-12.934431938067,52.9258480890187,2.5));
#2942=CARTESIAN_POINT('Ctrl Pts',(-12.8438800649788,52.8906961440449,2.5));
#2943=CARTESIAN_POINT('Ctrl Pts',(-12.7533281918906,52.8555441990711,2.5));
#2944=CARTESIAN_POINT('Ctrl Pts',(-12.6627763188024,52.8203922540974,2.5));
#2945=CARTESIAN_POINT('Ctrl Pts',(-12.8938284519692,53.0304432038212,2.5));
#2946=CARTESIAN_POINT('Ctrl Pts',(-12.803276578881,52.9952912588474,2.5));
#2947=CARTESIAN_POINT('Ctrl Pts',(-12.7127247057929,52.9601393138736,2.5));
#2948=CARTESIAN_POINT('Ctrl Pts',(-12.6221728327047,52.9249873688998,2.5));
#2949=CARTESIAN_POINT('Ctrl Pts',(-12.8134586948384,53.237476756396,2.49873342948908));
#2950=CARTESIAN_POINT('Ctrl Pts',(-12.7229068217502,53.2023248114223,2.49873342948908));
#2951=CARTESIAN_POINT('Ctrl Pts',(-12.6323549486621,53.1671728664485,2.49873342948908));
#2952=CARTESIAN_POINT('Ctrl Pts',(-12.5418030755739,53.1320209214747,2.49873342948908));
#2953=CARTESIAN_POINT('Ctrl Pts',(-12.6938692902205,53.5455406372918,2.42509123329521));
#2954=CARTESIAN_POINT('Ctrl Pts',(-12.6033174171323,53.510388692318,2.42509123329521));
#2955=CARTESIAN_POINT('Ctrl Pts',(-12.5127655440441,53.4752367473443,2.42509123329521));
#2956=CARTESIAN_POINT('Ctrl Pts',(-12.4222136709559,53.4400848023705,2.42509123329521));
#2957=CARTESIAN_POINT('Ctrl Pts',(-12.5797354000952,53.8395510410235,2.24856670430068));
#2958=CARTESIAN_POINT('Ctrl Pts',(-12.489183527007,53.8043990960497,2.24856670430068));
#2959=CARTESIAN_POINT('Ctrl Pts',(-12.3986316539188,53.7692471510759,2.24856670430068));
#2960=CARTESIAN_POINT('Ctrl Pts',(-12.3080797808306,53.7340952061021,2.24856670430068));
#2961=CARTESIAN_POINT('Ctrl Pts',(-12.4825242467249,54.0899682520572,1.98010052644638));
#2962=CARTESIAN_POINT('Ctrl Pts',(-12.3919723736367,54.0548163070834,1.98010052644638));
#2963=CARTESIAN_POINT('Ctrl Pts',(-12.3014205005485,54.0196643621097,1.98010052644638));
#2964=CARTESIAN_POINT('Ctrl Pts',(-12.2108686274603,53.9845124171359,1.98010052644638));
#2965=CARTESIAN_POINT('Ctrl Pts',(-12.4188042919335,54.2541116945825,1.66484198321723));
#2966=CARTESIAN_POINT('Ctrl Pts',(-12.3282524188453,54.2189597496087,1.66484198321723));
#2967=CARTESIAN_POINT('Ctrl Pts',(-12.2377005457571,54.183807804635,1.66484198321723));
#2968=CARTESIAN_POINT('Ctrl Pts',(-12.1471486726689,54.1486558596612,1.66484198321723));
#2969=CARTESIAN_POINT('Ctrl Pts',(-12.3919686552214,54.3232406480901,1.33418693883975));
#2970=CARTESIAN_POINT('Ctrl Pts',(-12.3014167821332,54.2880887031164,1.33418693883975));
#2971=CARTESIAN_POINT('Ctrl Pts',(-12.210864909045,54.2529367581426,1.33418693883975));
#2972=CARTESIAN_POINT('Ctrl Pts',(-12.1203130359568,54.2177848131688,1.33418693883975));
#2973=CARTESIAN_POINT('Ctrl Pts',(-12.3916033144523,54.3241817707215,1.11219973762821));
#2974=CARTESIAN_POINT('Ctrl Pts',(-12.3010514413641,54.2890298257477,1.11219973762821));
#2975=CARTESIAN_POINT('Ctrl Pts',(-12.2104995682759,54.253877880774,1.11219973762821));
#2976=CARTESIAN_POINT('Ctrl Pts',(-12.1199476951877,54.2187259358002,1.11219973762821));
#2977=CARTESIAN_POINT('Ctrl Pts',(-12.3916033144523,54.3241817707215,1.));
#2978=CARTESIAN_POINT('Ctrl Pts',(-12.3010514413641,54.2890298257477,1.));
#2979=CARTESIAN_POINT('Ctrl Pts',(-12.2104995682759,54.253877880774,1.));
#2980=CARTESIAN_POINT('Ctrl Pts',(-12.1199476951877,54.2187259358002,1.));
#2981=CARTESIAN_POINT('',(-12.934431938067,52.9258480890187,2.5));
#2982=CARTESIAN_POINT('',(-12.3916033144523,54.3241817707215,1.));
#2983=CARTESIAN_POINT('Ctrl Pts',(-12.934431938067,52.9258480890187,2.5));
#2984=CARTESIAN_POINT('Ctrl Pts',(-12.8938284519692,53.0304432038212,2.5));
#2985=CARTESIAN_POINT('Ctrl Pts',(-12.8134586948384,53.237476756396,2.49873342948908));
#2986=CARTESIAN_POINT('Ctrl Pts',(-12.6938692902205,53.5455406372918,2.42509123329521));
#2987=CARTESIAN_POINT('Ctrl Pts',(-12.5797354000952,53.8395510410235,2.24856670430068));
#2988=CARTESIAN_POINT('Ctrl Pts',(-12.4825242467249,54.0899682520572,1.98010052644638));
#2989=CARTESIAN_POINT('Ctrl Pts',(-12.4188042919335,54.2541116945825,1.66484198321723));
#2990=CARTESIAN_POINT('Ctrl Pts',(-12.3919686552214,54.3232406480901,1.33418693883975));
#2991=CARTESIAN_POINT('Ctrl Pts',(-12.3916033144523,54.3241817707215,1.11219973762821));
#2992=CARTESIAN_POINT('Ctrl Pts',(-12.3916033144523,54.3241817707215,1.));
#2993=CARTESIAN_POINT('',(-13.8964912897834,54.908374427333,1.));
#2994=CARTESIAN_POINT('',(-14.4393199133981,53.5100407456301,2.5));
#2995=CARTESIAN_POINT('Ctrl Pts',(-12.3916033144523,54.3241817707215,1.));
#2996=CARTESIAN_POINT('Ctrl Pts',(-12.7298398277143,54.4554840938742,1.));
#2997=CARTESIAN_POINT('Ctrl Pts',(-13.1801752015255,54.6552595052398,1.));
#2998=CARTESIAN_POINT('Ctrl Pts',(-13.7104560471549,55.0734196714463,1.));
#2999=CARTESIAN_POINT('Ctrl Pts',(-14.2584352280256,55.8283689962837,1.));
#3000=CARTESIAN_POINT('Ctrl Pts',(-14.5062064635895,56.7932587064942,1.));
#3001=CARTESIAN_POINT('Ctrl Pts',(-14.3794000047309,57.5439600582199,1.));
#3002=CARTESIAN_POINT('Ctrl Pts',(-14.210817076029,58.0084044502906,1.));
#3003=CARTESIAN_POINT('Ctrl Pts',(-14.0825638460583,58.2720971465468,1.));
#3004=CARTESIAN_POINT('Ctrl Pts',(-14.0003215796145,58.4400688270611,1.));
#3005=CARTESIAN_POINT('Ctrl Pts',(-12.3916033144523,54.3241817707215,1.11219973762821));
#3006=CARTESIAN_POINT('Ctrl Pts',(-12.7298398277143,54.4554840938742,1.11219973762821));
#3007=CARTESIAN_POINT('Ctrl Pts',(-13.1801721578317,54.6552887270328,1.11219973762821));
#3008=CARTESIAN_POINT('Ctrl Pts',(-13.7104238673925,55.0734335319005,1.11219973762821));
#3009=CARTESIAN_POINT('Ctrl Pts',(-14.258389989571,55.8283797869042,1.11219973762821));
#3010=CARTESIAN_POINT('Ctrl Pts',(-14.5061698298734,56.7932830399805,1.11219973762821));
#3011=CARTESIAN_POINT('Ctrl Pts',(-14.3793827283251,57.5439688361286,1.11219973762821));
#3012=CARTESIAN_POINT('Ctrl Pts',(-14.2108111320091,58.0083991777504,1.11219973762821));
#3013=CARTESIAN_POINT('Ctrl Pts',(-14.0825641055225,58.2720966166169,1.11219973762821));
#3014=CARTESIAN_POINT('Ctrl Pts',(-14.0003215796145,58.4400688270611,1.11219973762821));
#3015=CARTESIAN_POINT('Ctrl Pts',(-12.3920621122025,54.3229999016761,1.33428616348642));
#3016=CARTESIAN_POINT('Ctrl Pts',(-12.7302986254645,54.4543022248288,1.33428616348642));
#3017=CARTESIAN_POINT('Ctrl Pts',(-13.1808183937514,54.6541745589882,1.33428616348642));
#3018=CARTESIAN_POINT('Ctrl Pts',(-13.7113562551598,55.0725459635326,1.33428616348642));
#3019=CARTESIAN_POINT('Ctrl Pts',(-14.2595832288596,55.8278563106691,1.33428616348642));
#3020=CARTESIAN_POINT('Ctrl Pts',(-14.5074753395749,56.7931691144209,1.33428616348642));
#3021=CARTESIAN_POINT('Ctrl Pts',(-14.380620310011,57.5442936236178,1.33428616348642));
#3022=CARTESIAN_POINT('Ctrl Pts',(-14.2119741772487,58.0089085844816,1.33428616348642));
#3023=CARTESIAN_POINT('Ctrl Pts',(-14.0837006245465,58.272658450757,1.33428616348642));
#3024=CARTESIAN_POINT('Ctrl Pts',(-14.0014602202181,58.4406263280852,1.33428616348642));
#3025=CARTESIAN_POINT('Ctrl Pts',(-12.4187119562096,54.2543495526229,1.66474753989997));
#3026=CARTESIAN_POINT('Ctrl Pts',(-12.7569484694716,54.3856518757755,1.66474753989997));
#3027=CARTESIAN_POINT('Ctrl Pts',(-13.2183348739789,54.5896578001347,1.66474753989997));
#3028=CARTESIAN_POINT('Ctrl Pts',(-13.76529372258,55.0210858212515,1.66474753989997));
#3029=CARTESIAN_POINT('Ctrl Pts',(-14.3285827201691,55.7975237922245,1.66474753989997));
#3030=CARTESIAN_POINT('Ctrl Pts',(-14.5830554132426,56.786719058229,1.66474753989997));
#3031=CARTESIAN_POINT('Ctrl Pts',(-14.4523879086327,57.5632197191628,1.66474753989997));
#3032=CARTESIAN_POINT('Ctrl Pts',(-14.2794902175584,58.0384618312898,1.66474753989997));
#3033=CARTESIAN_POINT('Ctrl Pts',(-14.1497185461331,58.3052896462254,1.66474753989997));
#3034=CARTESIAN_POINT('Ctrl Pts',(-14.0675995908943,58.4730094758213,1.66474753989997));
#3035=CARTESIAN_POINT('Ctrl Pts',(-12.4825938558333,54.0897889380774,1.98013407890648));
#3036=CARTESIAN_POINT('Ctrl Pts',(-12.8208303690952,54.2210912612301,1.98013407890648));
#3037=CARTESIAN_POINT('Ctrl Pts',(-13.3082529206053,54.4351217875654,1.98013407890648));
#3038=CARTESIAN_POINT('Ctrl Pts',(-13.8944585446345,54.8977866072511,1.98013407890648));
#3039=CARTESIAN_POINT('Ctrl Pts',(-14.4938006133919,55.7248570648684,1.98013407890648));
#3040=CARTESIAN_POINT('Ctrl Pts',(-14.7640816813303,56.7713543650137,1.98013407890648));
#3041=CARTESIAN_POINT('Ctrl Pts',(-14.6243522249054,57.6086220068568,1.98013407890647));
#3042=CARTESIAN_POINT('Ctrl Pts',(-14.4413081953675,58.109282492121,1.98013407890647));
#3043=CARTESIAN_POINT('Ctrl Pts',(-14.3079700427501,58.3835072399762,1.98013407890647));
#3044=CARTESIAN_POINT('Ctrl Pts',(-14.2261411807655,58.5506345828434,1.98013407890647));
#3045=CARTESIAN_POINT('Ctrl Pts',(-12.5797477289702,53.8395192816789,2.2487576167513));
#3046=CARTESIAN_POINT('Ctrl Pts',(-12.9179842422322,53.9708216048316,2.2487576167513));
#3047=CARTESIAN_POINT('Ctrl Pts',(-13.4450096636395,54.2000386841667,2.2487576167513));
#3048=CARTESIAN_POINT('Ctrl Pts',(-14.0909622303842,54.7102406726386,2.2487576167513));
#3049=CARTESIAN_POINT('Ctrl Pts',(-14.7451615607736,55.6143210443914,2.2487576167513));
#3050=CARTESIAN_POINT('Ctrl Pts',(-15.0394671315123,56.7479378780563,2.2487576167513));
#3051=CARTESIAN_POINT('Ctrl Pts',(-14.8859167067031,57.6776536376693,2.2487576167513));
#3052=CARTESIAN_POINT('Ctrl Pts',(-14.6874187977915,58.2169997660537,2.2487576167513));
#3053=CARTESIAN_POINT('Ctrl Pts',(-14.5486440415888,58.5024644223685,2.24875761675129));
#3054=CARTESIAN_POINT('Ctrl Pts',(-14.4672568895975,58.6686896163397,2.24875761675129));
#3055=CARTESIAN_POINT('Ctrl Pts',(-12.6938351422884,53.5456286028147,2.42483464479529));
#3056=CARTESIAN_POINT('Ctrl Pts',(-13.0320716555503,53.6769309259673,2.42483464479529));
#3057=CARTESIAN_POINT('Ctrl Pts',(-13.6056027249255,53.9239800489807,2.42483464479529));
#3058=CARTESIAN_POINT('Ctrl Pts',(-14.3217173546926,54.4900055195844,2.42483464479529));
#3059=CARTESIAN_POINT('Ctrl Pts',(-15.0403360080893,55.4845184863906,2.42483464479529));
#3060=CARTESIAN_POINT('Ctrl Pts',(-15.3628530268025,56.7204387681222,2.42483464479529));
#3061=CARTESIAN_POINT('Ctrl Pts',(-15.1930717216638,57.7587167713859,2.42483464479529));
#3062=CARTESIAN_POINT('Ctrl Pts',(-14.9764258140621,58.343492004155,2.42483464479529));
#3063=CARTESIAN_POINT('Ctrl Pts',(-14.831266564285,58.6421554030741,2.42483464479529));
#3064=CARTESIAN_POINT('Ctrl Pts',(-14.7503981236296,58.8073211805366,2.42483464479529));
#3065=CARTESIAN_POINT('Ctrl Pts',(-12.8134944950452,53.2373845345922,2.49898997167848));
#3066=CARTESIAN_POINT('Ctrl Pts',(-13.1517310083071,53.3686868577448,2.49898997167848));
#3067=CARTESIAN_POINT('Ctrl Pts',(-13.7740345856067,53.6344815478384,2.49898997167848));
#3068=CARTESIAN_POINT('Ctrl Pts',(-14.5636954429129,54.2590344707421,2.49898997167848));
#3069=CARTESIAN_POINT('Ctrl Pts',(-15.3498605620306,55.3483922119421,2.49898997167848));
#3070=CARTESIAN_POINT('Ctrl Pts',(-15.7019794037666,56.6916321140699,2.49898997167848));
#3071=CARTESIAN_POINT('Ctrl Pts',(-15.5152027478136,57.8437517674406,2.49898997167848));
#3072=CARTESIAN_POINT('Ctrl Pts',(-15.2795390360117,58.4761543334903,2.49898997167848));
#3073=CARTESIAN_POINT('Ctrl Pts',(-15.1276925268968,58.7886680083796,2.49898997167848));
#3074=CARTESIAN_POINT('Ctrl Pts',(-15.047367752598,58.9527234011761,2.49898997167848));
#3075=CARTESIAN_POINT('Ctrl Pts',(-12.8938284519693,53.0304432038212,2.49999999999999));
#3076=CARTESIAN_POINT('Ctrl Pts',(-13.2320649652312,53.1617455269738,2.49999999999999));
#3077=CARTESIAN_POINT('Ctrl Pts',(-13.8871165813566,53.4400833871897,2.49999999999999));
#3078=CARTESIAN_POINT('Ctrl Pts',(-14.7261947440124,54.1039509901057,2.49999999999999));
#3079=CARTESIAN_POINT('Ctrl Pts',(-15.5577262155356,55.2569876740311,2.49999999999999));
#3080=CARTESIAN_POINT('Ctrl Pts',(-15.9297061028669,56.6722578291601,2.49999999999999));
#3081=CARTESIAN_POINT('Ctrl Pts',(-15.7314918573459,57.9008279275564,2.49999999999999));
#3082=CARTESIAN_POINT('Ctrl Pts',(-15.483044241345,58.5652254457399,2.49999999999999));
#3083=CARTESIAN_POINT('Ctrl Pts',(-15.3266993373589,58.8870307998291,2.49999999999999));
#3084=CARTESIAN_POINT('Ctrl Pts',(-15.2467399272896,59.0503399723877,2.49999999999999));
#3085=CARTESIAN_POINT('Ctrl Pts',(-12.934431938067,52.9258480890187,2.49999999999999));
#3086=CARTESIAN_POINT('Ctrl Pts',(-13.2726684513289,53.0571504121713,2.49999999999999));
#3087=CARTESIAN_POINT('Ctrl Pts',(-13.9442690284047,53.3418568176382,2.49999999999999));
#3088=CARTESIAN_POINT('Ctrl Pts',(-14.8082956403793,54.0255802411251,2.49999999999999));
#3089=CARTESIAN_POINT('Ctrl Pts',(-15.6627439212078,55.2107993802865,2.49999999999999));
#3090=CARTESIAN_POINT('Ctrl Pts',(-16.0447707315211,56.6624893996496,2.49999999999999));
#3091=CARTESIAN_POINT('Ctrl Pts',(-15.840794624315,57.9296847928823,2.49999999999999));
#3092=CARTESIAN_POINT('Ctrl Pts',(-15.5858967634758,58.6102397869492,2.49999999999999));
#3093=CARTESIAN_POINT('Ctrl Pts',(-15.4272843342608,58.9367461434292,2.49999999999999));
#3094=CARTESIAN_POINT('Ctrl Pts',(-15.3475093358103,59.0996786735281,2.49999999999999));
#3095=CARTESIAN_POINT('Ctrl Pts',(-14.0003215796145,58.4400688270611,1.));
#3096=CARTESIAN_POINT('Ctrl Pts',(-14.0825638460583,58.2720971465468,1.));
#3097=CARTESIAN_POINT('Ctrl Pts',(-14.210817076029,58.0084044502906,1.));
#3098=CARTESIAN_POINT('Ctrl Pts',(-14.3794000047309,57.5439600582199,1.));
#3099=CARTESIAN_POINT('Ctrl Pts',(-14.5062064635895,56.7932587064942,1.));
#3100=CARTESIAN_POINT('Ctrl Pts',(-14.2584352280256,55.8283689962837,1.));
#3101=CARTESIAN_POINT('Ctrl Pts',(-13.7104560471549,55.0734196714463,1.));
#3102=CARTESIAN_POINT('Ctrl Pts',(-13.1801752015255,54.6552595052398,1.));
#3103=CARTESIAN_POINT('Ctrl Pts',(-12.7298398277143,54.4554840938742,1.));
#3104=CARTESIAN_POINT('Ctrl Pts',(-12.3916033144523,54.3241817707215,1.));
#3105=CARTESIAN_POINT('Ctrl Pts',(-12.934431938067,52.9258480890187,2.49999999999999));
#3106=CARTESIAN_POINT('Ctrl Pts',(-13.2726684513289,53.0571504121713,2.49999999999999));
#3107=CARTESIAN_POINT('Ctrl Pts',(-13.9161055456094,53.3299176915776,2.49999999999999));
#3108=CARTESIAN_POINT('Ctrl Pts',(-14.4718082260861,53.7597441974995,2.49999999999999));
#3109=CARTESIAN_POINT('Ctrl Pts',(-14.7072138859607,53.9945571003127,2.49999999999999));
#3110=CARTESIAN_POINT('Origin',(-9.5415858802664,61.2631042081095,2.5));
#3111=CARTESIAN_POINT('',(-20.1709381714831,42.8984006736736,2.5));
#3112=CARTESIAN_POINT('Origin',(-16.6709381714831,42.8984006736736,2.5));
#3113=CARTESIAN_POINT('Ctrl Pts',(-6.14873982246578,69.6003603272001,2.5));
#3114=CARTESIAN_POINT('Ctrl Pts',(-6.23929169555398,69.6355122721739,2.5));
#3115=CARTESIAN_POINT('Ctrl Pts',(-6.32984356864218,69.6706642171477,2.5));
#3116=CARTESIAN_POINT('Ctrl Pts',(-6.42039544173038,69.7058161621215,2.5));
#3117=CARTESIAN_POINT('Ctrl Pts',(-6.18934330856355,69.4957652123976,2.5));
#3118=CARTESIAN_POINT('Ctrl Pts',(-6.27989518165175,69.5309171573714,2.5));
#3119=CARTESIAN_POINT('Ctrl Pts',(-6.37044705473994,69.5660691023452,2.5));
#3120=CARTESIAN_POINT('Ctrl Pts',(-6.46099892782814,69.601221047319,2.5));
#3121=CARTESIAN_POINT('Ctrl Pts',(-6.26971324875919,69.2887311882453,2.49873198275375));
#3122=CARTESIAN_POINT('Ctrl Pts',(-6.36026512184739,69.3238831332191,2.49873198275375));
#3123=CARTESIAN_POINT('Ctrl Pts',(-6.45081699493559,69.3590350781929,2.49873198275375));
#3124=CARTESIAN_POINT('Ctrl Pts',(-6.54136886802378,69.3941870231667,2.49873198275375));
#3125=CARTESIAN_POINT('Ctrl Pts',(-6.38930248615014,68.9806677381284,2.42509049329592));
#3126=CARTESIAN_POINT('Ctrl Pts',(-6.47985435923834,69.0158196831022,2.42509049329592));
#3127=CARTESIAN_POINT('Ctrl Pts',(-6.57040623232654,69.050971628076,2.42509049329592));
#3128=CARTESIAN_POINT('Ctrl Pts',(-6.66095810541473,69.0861235730498,2.42509049329592));
#3129=CARTESIAN_POINT('Ctrl Pts',(-6.50343638051514,68.6866573234754,2.24856535008945));
#3130=CARTESIAN_POINT('Ctrl Pts',(-6.59398825360333,68.7218092684492,2.24856535008945));
#3131=CARTESIAN_POINT('Ctrl Pts',(-6.68454012669153,68.756961213423,2.24856535008945));
#3132=CARTESIAN_POINT('Ctrl Pts',(-6.77509199977973,68.7921131583967,2.24856535008945));
#3133=CARTESIAN_POINT('Ctrl Pts',(-6.60064738869776,68.436240486447,1.98009985900039));
#3134=CARTESIAN_POINT('Ctrl Pts',(-6.69119926178595,68.4713924314208,1.98009985900039));
#3135=CARTESIAN_POINT('Ctrl Pts',(-6.78175113487415,68.5065443763946,1.98009985900039));
#3136=CARTESIAN_POINT('Ctrl Pts',(-6.87230300796235,68.5416963213684,1.98009985900039));
#3137=CARTESIAN_POINT('Ctrl Pts',(-6.66436712244776,68.2720976133273,1.6648418394805));
#3138=CARTESIAN_POINT('Ctrl Pts',(-6.75491899553595,68.3072495583011,1.6648418394805));
#3139=CARTESIAN_POINT('Ctrl Pts',(-6.84547086862415,68.3424015032749,1.6648418394805));
#3140=CARTESIAN_POINT('Ctrl Pts',(-6.93602274171235,68.3775534482486,1.6648418394805));
#3141=CARTESIAN_POINT('Ctrl Pts',(-6.6912028998223,68.2029682974713,1.33418678178375));
#3142=CARTESIAN_POINT('Ctrl Pts',(-6.78175477291049,68.2381202424451,1.33418678178375));
#3143=CARTESIAN_POINT('Ctrl Pts',(-6.87230664599869,68.2732721874189,1.33418678178375));
#3144=CARTESIAN_POINT('Ctrl Pts',(-6.96285851908689,68.3084241323927,1.33418678178375));
#3145=CARTESIAN_POINT('Ctrl Pts',(-6.69156844608046,68.2020266454973,1.11219973762821));
#3146=CARTESIAN_POINT('Ctrl Pts',(-6.78212031916866,68.2371785904711,1.11219973762821));
#3147=CARTESIAN_POINT('Ctrl Pts',(-6.87267219225686,68.2723305354449,1.11219973762821));
#3148=CARTESIAN_POINT('Ctrl Pts',(-6.96322406534505,68.3074824804186,1.11219973762821));
#3149=CARTESIAN_POINT('Ctrl Pts',(-6.69156844608046,68.2020266454973,1.));
#3150=CARTESIAN_POINT('Ctrl Pts',(-6.78212031916866,68.2371785904711,1.));
#3151=CARTESIAN_POINT('Ctrl Pts',(-6.87267219225686,68.2723305354449,1.));
#3152=CARTESIAN_POINT('Ctrl Pts',(-6.96322406534505,68.3074824804186,1.));
#3153=CARTESIAN_POINT('',(-6.14873982246578,69.6003603272001,2.5));
#3154=CARTESIAN_POINT('',(-6.69156844608047,68.2020266454973,1.));
#3155=CARTESIAN_POINT('Ctrl Pts',(-6.14873982246578,69.6003603272001,2.5));
#3156=CARTESIAN_POINT('Ctrl Pts',(-6.18934330856355,69.4957652123976,2.5));
#3157=CARTESIAN_POINT('Ctrl Pts',(-6.26971324875919,69.2887311882453,2.49873198275375));
#3158=CARTESIAN_POINT('Ctrl Pts',(-6.38930248615014,68.9806677381284,2.42509049329592));
#3159=CARTESIAN_POINT('Ctrl Pts',(-6.50343638051514,68.6866573234754,2.24856535008945));
#3160=CARTESIAN_POINT('Ctrl Pts',(-6.60064738869776,68.436240486447,1.98009985900039));
#3161=CARTESIAN_POINT('Ctrl Pts',(-6.66436712244776,68.2720976133273,1.6648418394805));
#3162=CARTESIAN_POINT('Ctrl Pts',(-6.6912028998223,68.2029682974713,1.33418678178375));
#3163=CARTESIAN_POINT('Ctrl Pts',(-6.69156844608046,68.2020266454973,1.11219973762821));
#3164=CARTESIAN_POINT('Ctrl Pts',(-6.69156844608046,68.2020266454973,1.));
#3165=CARTESIAN_POINT('',(-5.1866804707494,67.6178339888859,1.));
#3166=CARTESIAN_POINT('',(-4.64385184713472,69.0161676705887,2.5));
#3167=CARTESIAN_POINT('Ctrl Pts',(-6.69156844608046,68.2020266454973,1.));
#3168=CARTESIAN_POINT('Ctrl Pts',(-6.35333193281853,68.0707243223446,1.));
#3169=CARTESIAN_POINT('Ctrl Pts',(-5.90298907713981,67.8709443407744,0.999999999999999));
#3170=CARTESIAN_POINT('Ctrl Pts',(-5.37270828816261,67.4527842447711,1.));
#3171=CARTESIAN_POINT('Ctrl Pts',(-4.82472843033784,66.6978354028329,1.));
#3172=CARTESIAN_POINT('Ctrl Pts',(-4.5769616181902,65.7329489275604,1.));
#3173=CARTESIAN_POINT('Ctrl Pts',(-4.70376996004588,64.9822481571079,1.));
#3174=CARTESIAN_POINT('Ctrl Pts',(-4.87235380069816,64.5178040235864,1.));
#3175=CARTESIAN_POINT('Ctrl Pts',(-5.00060791447451,64.2541112696721,1.));
#3176=CARTESIAN_POINT('Ctrl Pts',(-5.08285018091831,64.0861395891577,1.));
#3177=CARTESIAN_POINT('Ctrl Pts',(-6.69156844608046,68.2020266454973,1.11219973762821));
#3178=CARTESIAN_POINT('Ctrl Pts',(-6.35333193281853,68.0707243223446,1.11219973762821));
#3179=CARTESIAN_POINT('Ctrl Pts',(-5.90299217841747,67.8709150777678,1.11219973762821));
#3180=CARTESIAN_POINT('Ctrl Pts',(-5.37274054138488,67.4527703438911,1.11219973762821));
#3181=CARTESIAN_POINT('Ctrl Pts',(-4.82477377608407,66.6978245598752,1.11219973762821));
#3182=CARTESIAN_POINT('Ctrl Pts',(-4.57699832953193,65.7329245559186,1.11219973762821));
#3183=CARTESIAN_POINT('Ctrl Pts',(-4.70378726742099,64.9822393646416,1.11219973762821));
#3184=CARTESIAN_POINT('Ctrl Pts',(-4.87235976212418,64.5178092886179,1.11219973762821));
#3185=CARTESIAN_POINT('Ctrl Pts',(-5.00060765501031,64.254111799602,1.11219973762821));
#3186=CARTESIAN_POINT('Ctrl Pts',(-5.08285018091831,64.0861395891577,1.11219973762821));
#3187=CARTESIAN_POINT('Ctrl Pts',(-6.69110958632296,68.2032086742743,1.33428622293216));
#3188=CARTESIAN_POINT('Ctrl Pts',(-6.35287307306103,68.0719063511216,1.33428622293216));
#3189=CARTESIAN_POINT('Ctrl Pts',(-5.90234585667631,67.8720293720747,1.33428622293216));
#3190=CARTESIAN_POINT('Ctrl Pts',(-5.37180805895555,67.4536580247785,1.33428622293216));
#3191=CARTESIAN_POINT('Ctrl Pts',(-4.82358041683469,66.698348103581,1.33428622293216));
#3192=CARTESIAN_POINT('Ctrl Pts',(-4.57569267571568,65.7330384748341,1.33428622293217));
#3193=CARTESIAN_POINT('Ctrl Pts',(-4.7025495347686,64.9819145254604,1.33428622293217));
#3194=CARTESIAN_POINT('Ctrl Pts',(-4.87119656455195,64.5172998196752,1.33428622293217));
#3195=CARTESIAN_POINT('Ctrl Pts',(-4.99947098209708,64.2535498901146,1.33428622293217));
#3196=CARTESIAN_POINT('Ctrl Pts',(-5.0817113864255,64.0855820127864,1.33428622293217));
#3197=CARTESIAN_POINT('Ctrl Pts',(-6.66445977226008,68.2718589461909,1.66474754477841));
#3198=CARTESIAN_POINT('Ctrl Pts',(-6.32622325899815,68.1405566230382,1.66474754477841));
#3199=CARTESIAN_POINT('Ctrl Pts',(-5.86482970238505,67.9365462559608,1.66474754477841));
#3200=CARTESIAN_POINT('Ctrl Pts',(-5.3178708914633,67.5051182986317,1.66474754477841));
#3201=CARTESIAN_POINT('Ctrl Pts',(-4.75458120620509,66.7286807390362,1.66474754477841));
#3202=CARTESIAN_POINT('Ctrl Pts',(-4.50011272312607,65.7394885581418,1.66474754477842));
#3203=CARTESIAN_POINT('Ctrl Pts',(-4.63078205634389,64.9629884671543,1.66474754477842));
#3204=CARTESIAN_POINT('Ctrl Pts',(-4.80368061609515,64.4877465991012,1.66474754477842));
#3205=CARTESIAN_POINT('Ctrl Pts',(-4.93345313482587,64.2209187310325,1.66474754477842));
#3206=CARTESIAN_POINT('Ctrl Pts',(-5.01557209006465,64.0531989014365,1.66474754477842));
#3207=CARTESIAN_POINT('Ctrl Pts',(-6.60057784612183,68.4364196290383,1.98013408476595));
#3208=CARTESIAN_POINT('Ctrl Pts',(-6.2623413328599,68.3051173058856,1.98013408476595));
#3209=CARTESIAN_POINT('Ctrl Pts',(-5.77491253270566,68.0910825920217,1.98013408476595));
#3210=CARTESIAN_POINT('Ctrl Pts',(-5.18870693681868,67.6284178332921,1.98013408476595));
#3211=CARTESIAN_POINT('Ctrl Pts',(-4.58936423565035,66.8013476321993,1.98013408476595));
#3212=CARTESIAN_POINT('Ctrl Pts',(-4.31908683814343,65.7548531465521,1.98013408476596));
#3213=CARTESIAN_POINT('Ctrl Pts',(-4.45881791635156,64.9175861259299,1.98013408476597));
#3214=CARTESIAN_POINT('Ctrl Pts',(-4.64186268885637,64.4169258714255,1.98013408476597));
#3215=CARTESIAN_POINT('Ctrl Pts',(-4.77520157240505,64.1427011050628,1.98013408476597));
#3216=CARTESIAN_POINT('Ctrl Pts',(-4.85703043438965,63.9755737621956,1.98013408476597));
#3217=CARTESIAN_POINT('Ctrl Pts',(-6.50342400241756,68.6866892096177,2.24875757519761));
#3218=CARTESIAN_POINT('Ctrl Pts',(-6.16518748915563,68.5553868864651,2.24875757519761));
#3219=CARTESIAN_POINT('Ctrl Pts',(-5.63815710106757,68.3261661378971,2.24875757519762));
#3220=CARTESIAN_POINT('Ctrl Pts',(-4.99220452305255,67.815964219833,2.24875757519762));
#3221=CARTESIAN_POINT('Ctrl Pts',(-4.33800459911344,66.9118839447938,2.24875757519762));
#3222=CARTESIAN_POINT('Ctrl Pts',(-4.04370196614358,65.7782695644197,2.24875757519763));
#3223=CARTESIAN_POINT('Ctrl Pts',(-4.19725380653582,64.8485545035212,2.24875757519764));
#3224=CARTESIAN_POINT('Ctrl Pts',(-4.39575229748916,64.3092085819562,2.24875757519764));
#3225=CARTESIAN_POINT('Ctrl Pts',(-4.53452764661226,64.0237439584352,2.24875757519764));
#3226=CARTESIAN_POINT('Ctrl Pts',(-4.61591479860354,63.857518764464,2.24875757519764));
#3227=CARTESIAN_POINT('Ctrl Pts',(-6.38933661150803,68.9805798307572,2.42483453126555));
#3228=CARTESIAN_POINT('Ctrl Pts',(-6.0511000982461,68.8492775076045,2.42483453126555));
#3229=CARTESIAN_POINT('Ctrl Pts',(-5.47756556041185,68.6022253179266,2.42483453126555));
#3230=CARTESIAN_POINT('Ctrl Pts',(-4.76145087103019,68.0361999261149,2.42483453126555));
#3231=CARTESIAN_POINT('Ctrl Pts',(-4.04283166394649,67.0416868599719,2.42483453126556));
#3232=CARTESIAN_POINT('Ctrl Pts',(-3.72031671928322,65.8057685928752,2.42483453126557));
#3233=CARTESIAN_POINT('Ctrl Pts',(-3.89009919780217,64.7674913698947,2.42483453126558));
#3234=CARTESIAN_POINT('Ctrl Pts',(-4.10674549866925,64.1827163136328,2.42483453126558));
#3235=CARTESIAN_POINT('Ctrl Pts',(-4.25190517952943,63.8840530049591,2.42483453126558));
#3236=CARTESIAN_POINT('Ctrl Pts',(-4.33277362018488,63.7188872274965,2.42483453126558));
#3237=CARTESIAN_POINT('Ctrl Pts',(-6.26967725836674,69.2888238999701,2.49898990411304));
#3238=CARTESIAN_POINT('Ctrl Pts',(-5.93144074510481,69.1575215768175,2.49898990411304));
#3239=CARTESIAN_POINT('Ctrl Pts',(-5.30913534628794,68.8917243759635,2.49898990411304));
#3240=CARTESIAN_POINT('Ctrl Pts',(-4.51947439932914,68.2671715365366,2.49898990411304));
#3241=CARTESIAN_POINT('Ctrl Pts',(-3.73330880967041,67.1778134553465,2.49898990411305));
#3242=CARTESIAN_POINT('Ctrl Pts',(-3.38119108329253,65.8345751013753,2.49898990411306));
#3243=CARTESIAN_POINT('Ctrl Pts',(-3.56796858582121,64.6824563320488,2.49898990411306));
#3244=CARTESIAN_POINT('Ctrl Pts',(-3.80363247216089,64.0500539173667,2.49898990411307));
#3245=CARTESIAN_POINT('Ctrl Pts',(-3.9554792159634,63.7375403991864,2.49898990411307));
#3246=CARTESIAN_POINT('Ctrl Pts',(-4.03580399026225,63.5734850063898,2.49898990411307));
#3247=CARTESIAN_POINT('Ctrl Pts',(-6.18934330856355,69.4957652123976,2.5));
#3248=CARTESIAN_POINT('Ctrl Pts',(-5.85110679530162,69.364462889245,2.5));
#3249=CARTESIAN_POINT('Ctrl Pts',(-5.19605438364145,69.0861229553239,2.5));
#3250=CARTESIAN_POINT('Ctrl Pts',(-4.35697608924296,68.4222554395279,2.5));
#3251=CARTESIAN_POINT('Ctrl Pts',(-3.52544415711551,67.2692182765281,2.50000000000001));
#3252=CARTESIAN_POINT('Ctrl Pts',(-3.15346478686363,65.8539493444782,2.50000000000002));
#3253=CARTESIAN_POINT('Ctrl Pts',(-3.35167972770593,64.6253801710642,2.50000000000003));
#3254=CARTESIAN_POINT('Ctrl Pts',(-3.60012739108042,63.9609827784161,2.50000000000003));
#3255=CARTESIAN_POINT('Ctrl Pts',(-3.7564724231739,63.6391776163897,2.50000000000003));
#3256=CARTESIAN_POINT('Ctrl Pts',(-3.83643183324324,63.4758684438311,2.50000000000003));
#3257=CARTESIAN_POINT('Ctrl Pts',(-6.14873982246578,69.6003603272001,2.5));
#3258=CARTESIAN_POINT('Ctrl Pts',(-5.81050330920385,69.4690580040475,2.5));
#3259=CARTESIAN_POINT('Ctrl Pts',(-5.13890251065016,69.1843497027441,2.5));
#3260=CARTESIAN_POINT('Ctrl Pts',(-4.27487576093381,68.5006263682031,2.5));
#3261=CARTESIAN_POINT('Ctrl Pts',(-3.42042705666576,67.3154066652677,2.50000000000001));
#3262=CARTESIAN_POINT('Ctrl Pts',(-3.03840043036452,65.8637177145774,2.50000000000002));
#3263=CARTESIAN_POINT('Ctrl Pts',(-3.2423771097404,64.5965232878375,2.50000000000003));
#3264=CARTESIAN_POINT('Ctrl Pts',(-3.49727494016754,63.9159684126511,2.50000000000003));
#3265=CARTESIAN_POINT('Ctrl Pts',(-3.65588742627202,63.5894622727896,2.50000000000003));
#3266=CARTESIAN_POINT('Ctrl Pts',(-3.73566242472251,63.4265297426907,2.50000000000003));
#3267=CARTESIAN_POINT('Ctrl Pts',(-5.08285018091831,64.0861395891577,1.));
#3268=CARTESIAN_POINT('Ctrl Pts',(-5.00060791447451,64.2541112696721,1.));
#3269=CARTESIAN_POINT('Ctrl Pts',(-4.87235380069816,64.5178040235864,1.));
#3270=CARTESIAN_POINT('Ctrl Pts',(-4.70376996004588,64.9822481571079,1.));
#3271=CARTESIAN_POINT('Ctrl Pts',(-4.5769616181902,65.7329489275604,1.));
#3272=CARTESIAN_POINT('Ctrl Pts',(-4.82472843033784,66.6978354028329,1.));
#3273=CARTESIAN_POINT('Ctrl Pts',(-5.37270828816261,67.4527842447711,1.));
#3274=CARTESIAN_POINT('Ctrl Pts',(-5.90298907713981,67.8709443407744,0.999999999999999));
#3275=CARTESIAN_POINT('Ctrl Pts',(-6.35333193281853,68.0707243223446,1.));
#3276=CARTESIAN_POINT('Ctrl Pts',(-6.69156844608046,68.2020266454973,1.));
#3277=CARTESIAN_POINT('Ctrl Pts',(-6.14873982246578,69.6003603272001,2.5));
#3278=CARTESIAN_POINT('Ctrl Pts',(-5.81050330920385,69.4690580040475,2.5));
#3279=CARTESIAN_POINT('Ctrl Pts',(-5.16706649301168,69.1962891161477,2.5));
#3280=CARTESIAN_POINT('Ctrl Pts',(-4.61136407592586,68.766463035673,2.5));
#3281=CARTESIAN_POINT('Ctrl Pts',(-4.3759586293707,68.5316505589181,2.5));
#3282=CARTESIAN_POINT('Origin',(-9.5415858802664,61.2631042081095,2.5));
#3283=CARTESIAN_POINT('',(-5.91223358904967,79.6278077425453,2.5));
#3284=CARTESIAN_POINT('Origin',(-2.41223358904967,79.6278077425453,2.5));
#3285=CARTESIAN_POINT('Ctrl Pts',(-10.9276189808895,66.3551310750666,-1.66533453693773E-15));
#3286=CARTESIAN_POINT('Ctrl Pts',(-10.9276189808895,66.3551310750666,0.333333333333332));
#3287=CARTESIAN_POINT('Ctrl Pts',(-10.9276189808895,66.3551310750666,0.666666666666667));
#3288=CARTESIAN_POINT('Ctrl Pts',(-10.9276189808895,66.3551310750666,1.));
#3289=CARTESIAN_POINT('Ctrl Pts',(-10.8610469493762,66.5821117603723,-1.66533453693773E-15));
#3290=CARTESIAN_POINT('Ctrl Pts',(-10.8610469493762,66.5821117603723,0.333333333333333));
#3291=CARTESIAN_POINT('Ctrl Pts',(-10.8610469493762,66.5821117603723,0.666666666666667));
#3292=CARTESIAN_POINT('Ctrl Pts',(-10.8610469493762,66.5821117603723,1.));
#3293=CARTESIAN_POINT('Ctrl Pts',(-10.7303725359514,67.0297390191794,-1.66533453693773E-15));
#3294=CARTESIAN_POINT('Ctrl Pts',(-10.7303725359514,67.0297390191794,0.333333333333332));
#3295=CARTESIAN_POINT('Ctrl Pts',(-10.7303725359514,67.0297390191794,0.666666666666667));
#3296=CARTESIAN_POINT('Ctrl Pts',(-10.7303725359514,67.0297390191794,1.));
#3297=CARTESIAN_POINT('Ctrl Pts',(-10.3797550755427,67.648986770901,-1.66533453693774E-15));
#3298=CARTESIAN_POINT('Ctrl Pts',(-10.3797550755427,67.648986770901,0.333333333333333));
#3299=CARTESIAN_POINT('Ctrl Pts',(-10.3797550755427,67.648986770901,0.666666666666667));
#3300=CARTESIAN_POINT('Ctrl Pts',(-10.3797550755427,67.648986770901,1.));
#3301=CARTESIAN_POINT('Ctrl Pts',(-9.81797213574065,68.1641556549885,-1.66533453693773E-15));
#3302=CARTESIAN_POINT('Ctrl Pts',(-9.81797213574065,68.1641556549885,0.333333333333332));
#3303=CARTESIAN_POINT('Ctrl Pts',(-9.81797213574065,68.1641556549885,0.666666666666667));
#3304=CARTESIAN_POINT('Ctrl Pts',(-9.81797213574065,68.1641556549885,1.));
#3305=CARTESIAN_POINT('Ctrl Pts',(-8.8384981883709,68.6458285050046,-1.66533453693773E-15));
#3306=CARTESIAN_POINT('Ctrl Pts',(-8.8384981883709,68.6458285050046,0.333333333333333));
#3307=CARTESIAN_POINT('Ctrl Pts',(-8.8384981883709,68.6458285050046,0.666666666666666));
#3308=CARTESIAN_POINT('Ctrl Pts',(-8.8384981883709,68.6458285050046,1.));
#3309=CARTESIAN_POINT('Ctrl Pts',(-8.01848164700856,68.6501928823928,-1.66533453693773E-15));
#3310=CARTESIAN_POINT('Ctrl Pts',(-8.01848164700856,68.6501928823928,0.333333333333332));
#3311=CARTESIAN_POINT('Ctrl Pts',(-8.01848164700856,68.6501928823928,0.666666666666668));
#3312=CARTESIAN_POINT('Ctrl Pts',(-8.01848164700856,68.6501928823928,1.));
#3313=CARTESIAN_POINT('Ctrl Pts',(-7.34892185678557,68.4539763676557,-1.66533453693773E-15));
#3314=CARTESIAN_POINT('Ctrl Pts',(-7.34892185678557,68.4539763676557,0.333333333333333));
#3315=CARTESIAN_POINT('Ctrl Pts',(-7.34892185678557,68.4539763676557,0.666666666666666));
#3316=CARTESIAN_POINT('Ctrl Pts',(-7.34892185678557,68.4539763676557,1.));
#3317=CARTESIAN_POINT('Ctrl Pts',(-7.12860631301507,68.3716833353703,-1.66533453693773E-15));
#3318=CARTESIAN_POINT('Ctrl Pts',(-7.12860631301507,68.3716833353703,0.333333333333332));
#3319=CARTESIAN_POINT('Ctrl Pts',(-7.12860631301507,68.3716833353703,0.666666666666667));
#3320=CARTESIAN_POINT('Ctrl Pts',(-7.12860631301507,68.3716833353703,1.));
#3321=CARTESIAN_POINT('Ctrl Pts',(-6.96322406534506,68.3074824804186,-1.66533453693773E-15));
#3322=CARTESIAN_POINT('Ctrl Pts',(-6.96322406534506,68.3074824804186,0.333333333333332));
#3323=CARTESIAN_POINT('Ctrl Pts',(-6.96322406534506,68.3074824804186,0.666666666666667));
#3324=CARTESIAN_POINT('Ctrl Pts',(-6.96322406534506,68.3074824804186,1.));
#3325=CARTESIAN_POINT('',(-6.96322406534505,68.3074824804186,0.));
#3326=CARTESIAN_POINT('',(-6.96322406534506,68.3074824804186,2.5));
#3327=CARTESIAN_POINT('',(-10.9276189808895,66.3551310750666,0.));
#3328=CARTESIAN_POINT('Ctrl Pts',(-10.9276189808895,66.3551310750666,1.28220341099708E-44));
#3329=CARTESIAN_POINT('Ctrl Pts',(-10.8610469493762,66.5821117603723,6.93334779979386E-31));
#3330=CARTESIAN_POINT('Ctrl Pts',(-10.7957097426638,66.8059253897758,-3.46667389989703E-31));
#3331=CARTESIAN_POINT('Ctrl Pts',(-10.7046048959061,67.0210401630979,-3.46667389989702E-31));
#3332=CARTESIAN_POINT('Ctrl Pts',(-10.6135000491485,67.2361549364199,1.00148357108134E-31));
#3333=CARTESIAN_POINT('Ctrl Pts',(-10.4966275623456,67.4425708536605,1.14015052707724E-30));
#3334=CARTESIAN_POINT('Ctrl Pts',(-10.3445608289772,67.631640292962,7.93483137087536E-31));
#3335=CARTESIAN_POINT('Ctrl Pts',(-10.1924940956087,67.8207097322635,1.46370675773433E-31));
#3336=CARTESIAN_POINT('Ctrl Pts',(-10.0052331156747,67.992432693626,-1.3404472412935E-30));
#3337=CARTESIAN_POINT('Ctrl Pts',(-9.78916838228644,68.1385032805592,-1.09392820841194E-30));
#3338=CARTESIAN_POINT('Ctrl Pts',(-9.57310364889821,68.2845738674925,-7.39557098644697E-31));
#3339=CARTESIAN_POINT('Ctrl Pts',(-9.32823516205578,68.4049920799965,9.93779851303801E-31));
#3340=CARTESIAN_POINT('Ctrl Pts',(-9.08088524350827,68.4857185167826,1.6871146312832E-30));
#3341=CARTESIAN_POINT('Ctrl Pts',(-8.58618540641326,68.6471713903548,1.33274352151597E-30));
#3342=CARTESIAN_POINT('Ctrl Pts',(-8.08155984249797,68.6498571610552,-3.4204515812317E-30));
#3343=CARTESIAN_POINT('Ctrl Pts',(-7.62871416341228,68.5338791268444,-5.46964104205962E-31));
#3344=CARTESIAN_POINT('Ctrl Pts',(-7.57210845352657,68.519381872568,1.00148357108132E-31));
#3345=CARTESIAN_POINT('Ctrl Pts',(-7.51631180434132,68.50303049634,4.46815747097832E-31));
#3346=CARTESIAN_POINT('Ctrl Pts',(-7.46069459596673,68.4856236496511,2.00296714216267E-31));
#3347=CARTESIAN_POINT('Ctrl Pts',(-7.29384297084295,68.4334031095843,2.46519032881566E-31));
#3348=CARTESIAN_POINT('Ctrl Pts',(-7.12860631301507,68.3716833353703,-3.22015486701543E-30));
#3349=CARTESIAN_POINT('Ctrl Pts',(-6.96322406534506,68.3074824804186,-1.00148357108131E-31));
#3350=CARTESIAN_POINT('',(-10.9276189808895,66.3551310750666,2.5));
#3351=CARTESIAN_POINT('Ctrl Pts',(-6.69156844608046,68.2020266454973,-1.66533453693773E-15));
#3352=CARTESIAN_POINT('Ctrl Pts',(-6.69156844608046,68.2020266454973,0.333333333333332));
#3353=CARTESIAN_POINT('Ctrl Pts',(-6.69156844608046,68.2020266454973,0.666666666666666));
#3354=CARTESIAN_POINT('Ctrl Pts',(-6.69156844608046,68.2020266454973,1.));
#3355=CARTESIAN_POINT('Ctrl Pts',(-6.47105582972805,68.1164243592973,-1.66533453693773E-15));
#3356=CARTESIAN_POINT('Ctrl Pts',(-6.47105582972805,68.1164243592973,0.333333333333332));
#3357=CARTESIAN_POINT('Ctrl Pts',(-6.47105582972805,68.1164243592973,0.666666666666666));
#3358=CARTESIAN_POINT('Ctrl Pts',(-6.47105582972805,68.1164243592973,1.));
#3359=CARTESIAN_POINT('Ctrl Pts',(-6.03717940048297,67.9451623947266,-1.66533453693773E-15));
#3360=CARTESIAN_POINT('Ctrl Pts',(-6.03717940048297,67.9451623947266,0.333333333333332));
#3361=CARTESIAN_POINT('Ctrl Pts',(-6.03717940048297,67.9451623947266,0.666666666666666));
#3362=CARTESIAN_POINT('Ctrl Pts',(-6.03717940048297,67.9451623947266,1.));
#3363=CARTESIAN_POINT('Ctrl Pts',(-5.449933495156,67.5373498907439,-1.66533453693773E-15));
#3364=CARTESIAN_POINT('Ctrl Pts',(-5.449933495156,67.5373498907439,0.333333333333333));
#3365=CARTESIAN_POINT('Ctrl Pts',(-5.449933495156,67.5373498907439,0.666666666666665));
#3366=CARTESIAN_POINT('Ctrl Pts',(-5.449933495156,67.5373498907439,1.));
#3367=CARTESIAN_POINT('Ctrl Pts',(-4.98164532955209,66.9313411579788,-1.66533453693773E-15));
#3368=CARTESIAN_POINT('Ctrl Pts',(-4.98164532955209,66.9313411579788,0.333333333333332));
#3369=CARTESIAN_POINT('Ctrl Pts',(-4.98164532955209,66.9313411579788,0.666666666666666));
#3370=CARTESIAN_POINT('Ctrl Pts',(-4.98164532955209,66.9313411579788,1.));
#3371=CARTESIAN_POINT('Ctrl Pts',(-4.57842164791295,65.9166200985832,-1.66533453693773E-15));
#3372=CARTESIAN_POINT('Ctrl Pts',(-4.57842164791295,65.9166200985832,0.333333333333332));
#3373=CARTESIAN_POINT('Ctrl Pts',(-4.57842164791295,65.9166200985832,0.666666666666666));
#3374=CARTESIAN_POINT('Ctrl Pts',(-4.57842164791295,65.9166200985832,1.));
#3375=CARTESIAN_POINT('Ctrl Pts',(-4.6463349687945,65.104974535907,-1.66533453693773E-15));
#3376=CARTESIAN_POINT('Ctrl Pts',(-4.6463349687945,65.104974535907,0.333333333333332));
#3377=CARTESIAN_POINT('Ctrl Pts',(-4.6463349687945,65.104974535907,0.666666666666667));
#3378=CARTESIAN_POINT('Ctrl Pts',(-4.6463349687945,65.104974535907,1.));
#3379=CARTESIAN_POINT('Ctrl Pts',(-4.90316741222501,64.4574608559497,-1.66533453693773E-15));
#3380=CARTESIAN_POINT('Ctrl Pts',(-4.90316741222501,64.4574608559497,0.333333333333332));
#3381=CARTESIAN_POINT('Ctrl Pts',(-4.90316741222501,64.4574608559497,0.666666666666666));
#3382=CARTESIAN_POINT('Ctrl Pts',(-4.90316741222501,64.4574608559497,1.));
#3383=CARTESIAN_POINT('Ctrl Pts',(-5.00483645558964,64.2454748934151,-1.66533453693773E-15));
#3384=CARTESIAN_POINT('Ctrl Pts',(-5.00483645558964,64.2454748934151,0.333333333333332));
#3385=CARTESIAN_POINT('Ctrl Pts',(-5.00483645558964,64.2454748934151,0.666666666666667));
#3386=CARTESIAN_POINT('Ctrl Pts',(-5.00483645558964,64.2454748934151,1.));
#3387=CARTESIAN_POINT('Ctrl Pts',(-5.08285018091831,64.0861395891577,-1.66533453693773E-15));
#3388=CARTESIAN_POINT('Ctrl Pts',(-5.08285018091831,64.0861395891577,0.333333333333332));
#3389=CARTESIAN_POINT('Ctrl Pts',(-5.08285018091831,64.0861395891577,0.666666666666666));
#3390=CARTESIAN_POINT('Ctrl Pts',(-5.08285018091831,64.0861395891577,1.));
#3391=CARTESIAN_POINT('',(-5.08285018091827,64.0861395891577,0.));
#3392=CARTESIAN_POINT('',(-5.08285018091827,64.0861395891577,2.5));
#3393=CARTESIAN_POINT('',(-6.69156844608046,68.2020266454973,0.));
#3394=CARTESIAN_POINT('Ctrl Pts',(-6.69156844608046,68.2020266454973,9.10081210375068E-45));
#3395=CARTESIAN_POINT('Ctrl Pts',(-6.47105582972805,68.1164243592973,1.0400021699691E-30));
#3396=CARTESIAN_POINT('Ctrl Pts',(-6.25411761510551,68.0307933770119,2.46519032881566E-31));
#3397=CARTESIAN_POINT('Ctrl Pts',(-6.04777419023974,67.9200091352055,4.93038065763131E-31));
#3398=CARTESIAN_POINT('Ctrl Pts',(-5.84143076537398,67.809224893399,4.93038065763132E-31));
#3399=CARTESIAN_POINT('Ctrl Pts',(-5.64568213026499,67.6732873920715,1.53304023573223E-30));
#3400=CARTESIAN_POINT('Ctrl Pts',(-5.46975978510984,67.5043171859468,1.53304023573223E-30));
#3401=CARTESIAN_POINT('Ctrl Pts',(-5.2938374399547,67.3353469798222,1.1324468072997E-30));
#3402=CARTESIAN_POINT('Ctrl Pts',(-5.13774138475339,67.1333440689005,-2.54222752659105E-31));
#3403=CARTESIAN_POINT('Ctrl Pts',(-5.00929039694785,66.9055024810152,-2.54222752659105E-31));
#3404=CARTESIAN_POINT('Ctrl Pts',(-4.88083940914231,66.6776608931299,-5.93186422871266E-31));
#3405=CARTESIAN_POINT('Ctrl Pts',(-4.78003348873252,66.423980628281,4.46815747097836E-31));
#3406=CARTESIAN_POINT('Ctrl Pts',(-4.71979501060103,66.171614752979,5.46964104205972E-31));
#3407=CARTESIAN_POINT('Ctrl Pts',(-4.59931805433804,65.6668830023751,1.0862244886344E-30));
#3408=CARTESIAN_POINT('Ctrl Pts',(-4.64111086718823,65.167408809959,-9.937798513038E-31));
#3409=CARTESIAN_POINT('Ctrl Pts',(-4.79795151657484,64.7281998671233,6.39408741536564E-31));
#3410=CARTESIAN_POINT('Ctrl Pts',(-4.81755659774817,64.6732987492688,0.));
#3411=CARTESIAN_POINT('Ctrl Pts',(-4.83895930136738,64.6193392759391,2.46519032881565E-31));
#3412=CARTESIAN_POINT('Ctrl Pts',(-4.86136564429208,64.5656205482833,0.));
#3413=CARTESIAN_POINT('Ctrl Pts',(-4.92858467306616,64.4044643653161,4.93038065763128E-31));
#3414=CARTESIAN_POINT('Ctrl Pts',(-5.00483645558964,64.2454748934151,-2.42667172992784E-30));
#3415=CARTESIAN_POINT('Ctrl Pts',(-5.0828501809183,64.0861395891577,-7.31850018282141E-44));
#3416=CARTESIAN_POINT('',(-6.69156844608047,68.2020266454973,2.5));
#3417=CARTESIAN_POINT('Ctrl Pts',(-8.15555277964336,56.1710773411522,-2.22044604925031E-15));
#3418=CARTESIAN_POINT('Ctrl Pts',(-8.15555277964336,56.1710773411522,0.333333333333332));
#3419=CARTESIAN_POINT('Ctrl Pts',(-8.15555277964336,56.1710773411522,0.666666666666667));
#3420=CARTESIAN_POINT('Ctrl Pts',(-8.15555277964336,56.1710773411522,1.));
#3421=CARTESIAN_POINT('Ctrl Pts',(-8.22212481115662,55.9440966558466,-2.22044604925031E-15));
#3422=CARTESIAN_POINT('Ctrl Pts',(-8.22212481115662,55.9440966558466,0.333333333333333));
#3423=CARTESIAN_POINT('Ctrl Pts',(-8.22212481115662,55.9440966558466,0.666666666666666));
#3424=CARTESIAN_POINT('Ctrl Pts',(-8.22212481115662,55.9440966558466,1.));
#3425=CARTESIAN_POINT('Ctrl Pts',(-8.35280737259857,55.4964570136212,-2.22044604925031E-15));
#3426=CARTESIAN_POINT('Ctrl Pts',(-8.35280737259857,55.4964570136212,0.333333333333332));
#3427=CARTESIAN_POINT('Ctrl Pts',(-8.35280737259857,55.4964570136212,0.666666666666667));
#3428=CARTESIAN_POINT('Ctrl Pts',(-8.35280737259857,55.4964570136212,1.));
#3429=CARTESIAN_POINT('Ctrl Pts',(-8.70344519518224,54.8771941276042,-2.22044604925031E-15));
#3430=CARTESIAN_POINT('Ctrl Pts',(-8.70344519518224,54.8771941276042,0.333333333333333));
#3431=CARTESIAN_POINT('Ctrl Pts',(-8.70344519518224,54.8771941276042,0.666666666666666));
#3432=CARTESIAN_POINT('Ctrl Pts',(-8.70344519518224,54.8771941276042,1.));
#3433=CARTESIAN_POINT('Ctrl Pts',(-9.26523746411545,54.3620164372895,-2.22044604925031E-15));
#3434=CARTESIAN_POINT('Ctrl Pts',(-9.26523746411545,54.3620164372895,0.333333333333332));
#3435=CARTESIAN_POINT('Ctrl Pts',(-9.26523746411545,54.3620164372895,0.666666666666668));
#3436=CARTESIAN_POINT('Ctrl Pts',(-9.26523746411545,54.3620164372895,1.));
#3437=CARTESIAN_POINT('Ctrl Pts',(-10.2447241375196,53.8803320025033,-2.22044604925031E-15));
#3438=CARTESIAN_POINT('Ctrl Pts',(-10.2447241375196,53.8803320025033,0.333333333333333));
#3439=CARTESIAN_POINT('Ctrl Pts',(-10.2447241375196,53.8803320025033,0.666666666666666));
#3440=CARTESIAN_POINT('Ctrl Pts',(-10.2447241375196,53.8803320025033,1.));
#3441=CARTESIAN_POINT('Ctrl Pts',(-11.0647245700787,53.8759827442328,-2.22044604925031E-15));
#3442=CARTESIAN_POINT('Ctrl Pts',(-11.0647245700787,53.8759827442328,0.333333333333331));
#3443=CARTESIAN_POINT('Ctrl Pts',(-11.0647245700787,53.8759827442328,0.666666666666667));
#3444=CARTESIAN_POINT('Ctrl Pts',(-11.0647245700787,53.8759827442328,1.));
#3445=CARTESIAN_POINT('Ctrl Pts',(-11.7342704946352,54.0722124540757,-2.22044604925031E-15));
#3446=CARTESIAN_POINT('Ctrl Pts',(-11.7342704946352,54.0722124540757,0.333333333333332));
#3447=CARTESIAN_POINT('Ctrl Pts',(-11.7342704946352,54.0722124540757,0.666666666666666));
#3448=CARTESIAN_POINT('Ctrl Pts',(-11.7342704946352,54.0722124540757,1.));
#3449=CARTESIAN_POINT('Ctrl Pts',(-11.9545654475177,54.1545250808485,-2.22044604925031E-15));
#3450=CARTESIAN_POINT('Ctrl Pts',(-11.9545654475177,54.1545250808485,0.333333333333332));
#3451=CARTESIAN_POINT('Ctrl Pts',(-11.9545654475177,54.1545250808485,0.666666666666667));
#3452=CARTESIAN_POINT('Ctrl Pts',(-11.9545654475177,54.1545250808485,1.));
#3453=CARTESIAN_POINT('Ctrl Pts',(-12.1199476951878,54.2187259358002,-2.22044604925031E-15));
#3454=CARTESIAN_POINT('Ctrl Pts',(-12.1199476951878,54.2187259358002,0.333333333333332));
#3455=CARTESIAN_POINT('Ctrl Pts',(-12.1199476951878,54.2187259358002,0.666666666666667));
#3456=CARTESIAN_POINT('Ctrl Pts',(-12.1199476951878,54.2187259358002,1.));
#3457=CARTESIAN_POINT('',(-12.1199476951877,54.2187259358002,0.));
#3458=CARTESIAN_POINT('',(-12.1199476951877,54.2187259358002,2.5));
#3459=CARTESIAN_POINT('',(-8.15555277964334,56.1710773411522,0.));
#3460=CARTESIAN_POINT('Ctrl Pts',(-8.15555277964336,56.1710773411522,-4.93038065763132E-31));
#3461=CARTESIAN_POINT('Ctrl Pts',(-8.22212481115662,55.9440966558466,2.74252424080739E-30));
#3462=CARTESIAN_POINT('Ctrl Pts',(-8.2874660918776,55.7202768347339,-9.55261252416062E-31));
#3463=CARTESIAN_POINT('Ctrl Pts',(-8.37857636933536,55.5051564431747,-9.55261252416062E-31));
#3464=CARTESIAN_POINT('Ctrl Pts',(-8.46968664679313,55.2900360516155,-1.69481835106076E-30));
#3465=CARTESIAN_POINT('Ctrl Pts',(-8.58656592098768,55.0836150896099,5.85482703093705E-31));
#3466=CARTESIAN_POINT('Ctrl Pts',(-8.73863760290716,54.8945416602212,1.04770588974664E-30));
#3467=CARTESIAN_POINT('Ctrl Pts',(-8.89070928482665,54.7054682308326,5.23852944873332E-31));
#3468=CARTESIAN_POINT('Ctrl Pts',(-9.07797337447105,54.5337423340611,-2.24948617504426E-30));
#3469=CARTESIAN_POINT('Ctrl Pts',(-9.29404125346877,54.387668831327,-2.71170936169719E-30));
#3470=CARTESIAN_POINT('Ctrl Pts',(-9.5101091324665,54.2415953285929,-2.43437544970546E-30));
#3471=CARTESIAN_POINT('Ctrl Pts',(-9.75498080081755,54.1211742198964,-5.8548270309374E-31));
#3472=CARTESIAN_POINT('Ctrl Pts',(-10.0023311881858,54.0404474029941,3.38963670212126E-31));
#3473=CARTESIAN_POINT('Ctrl Pts',(-10.4970319629224,53.8789937691893,9.24446373305866E-31));
#3474=CARTESIAN_POINT('Ctrl Pts',(-11.001647613728,53.8763173025613,-4.098378921656E-30));
#3475=CARTESIAN_POINT('Ctrl Pts',(-11.4544839746658,53.9923041898799,6.16297582203902E-32));
#3476=CARTESIAN_POINT('Ctrl Pts',(-11.511088519783,54.0068025507947,-3.08148791102009E-32));
#3477=CARTESIAN_POINT('Ctrl Pts',(-11.5668840134961,54.023155026615,4.31408307542729E-31));
#3478=CARTESIAN_POINT('Ctrl Pts',(-11.622499068336,54.0405639226535,8.93631494195663E-31));
#3479=CARTESIAN_POINT('Ctrl Pts',(-11.7893442328558,54.0927906107689,4.93038065763146E-31));
#3480=CARTESIAN_POINT('Ctrl Pts',(-11.9545654475177,54.1545250808485,-4.0983789216558E-30));
#3481=CARTESIAN_POINT('Ctrl Pts',(-12.1199476951877,54.2187259358002,6.1629758220141E-32));
#3482=CARTESIAN_POINT('',(-8.15555277964335,56.1710773411522,2.5));
#3483=CARTESIAN_POINT('Ctrl Pts',(-12.3916033144523,54.3241817707215,-1.66533453693774E-15));
#3484=CARTESIAN_POINT('Ctrl Pts',(-12.3916033144523,54.3241817707215,0.333333333333332));
#3485=CARTESIAN_POINT('Ctrl Pts',(-12.3916033144523,54.3241817707215,0.666666666666666));
#3486=CARTESIAN_POINT('Ctrl Pts',(-12.3916033144523,54.3241817707215,1.));
#3487=CARTESIAN_POINT('Ctrl Pts',(-12.6121159308047,54.4097840569215,-1.66533453693774E-15));
#3488=CARTESIAN_POINT('Ctrl Pts',(-12.6121159308047,54.4097840569215,0.333333333333332));
#3489=CARTESIAN_POINT('Ctrl Pts',(-12.6121159308047,54.4097840569215,0.666666666666666));
#3490=CARTESIAN_POINT('Ctrl Pts',(-12.6121159308047,54.4097840569215,1.));
#3491=CARTESIAN_POINT('Ctrl Pts',(-13.0459946601925,54.5810476961484,-1.66533453693774E-15));
#3492=CARTESIAN_POINT('Ctrl Pts',(-13.0459946601925,54.5810476961484,0.333333333333332));
#3493=CARTESIAN_POINT('Ctrl Pts',(-13.0459946601925,54.5810476961484,0.666666666666666));
#3494=CARTESIAN_POINT('Ctrl Pts',(-13.0459946601925,54.5810476961484,1.));
#3495=CARTESIAN_POINT('Ctrl Pts',(-13.6332439508876,54.9888645852826,-1.66533453693774E-15));
#3496=CARTESIAN_POINT('Ctrl Pts',(-13.6332439508876,54.9888645852826,0.333333333333333));
#3497=CARTESIAN_POINT('Ctrl Pts',(-13.6332439508876,54.9888645852826,0.666666666666666));
#3498=CARTESIAN_POINT('Ctrl Pts',(-13.6332439508876,54.9888645852826,1.));
#3499=CARTESIAN_POINT('Ctrl Pts',(-14.1015352334754,55.5948765617929,-1.66533453693774E-15));
#3500=CARTESIAN_POINT('Ctrl Pts',(-14.1015352334754,55.5948765617929,0.333333333333332));
#3501=CARTESIAN_POINT('Ctrl Pts',(-14.1015352334754,55.5948765617929,0.666666666666666));
#3502=CARTESIAN_POINT('Ctrl Pts',(-14.1015352334754,55.5948765617929,1.));
#3503=CARTESIAN_POINT('Ctrl Pts',(-14.504760245883,56.6095994837346,-1.66533453693774E-15));
#3504=CARTESIAN_POINT('Ctrl Pts',(-14.504760245883,56.6095994837346,0.333333333333332));
#3505=CARTESIAN_POINT('Ctrl Pts',(-14.504760245883,56.6095994837346,0.666666666666666));
#3506=CARTESIAN_POINT('Ctrl Pts',(-14.504760245883,56.6095994837346,1.));
#3507=CARTESIAN_POINT('Ctrl Pts',(-14.4368436497903,57.421241549971,-1.66533453693773E-15));
#3508=CARTESIAN_POINT('Ctrl Pts',(-14.4368436497903,57.421241549971,0.333333333333332));
#3509=CARTESIAN_POINT('Ctrl Pts',(-14.4368436497903,57.421241549971,0.666666666666666));
#3510=CARTESIAN_POINT('Ctrl Pts',(-14.4368436497903,57.421241549971,1.));
#3511=CARTESIAN_POINT('Ctrl Pts',(-14.1800084275504,58.0687521072997,-1.66533453693774E-15));
#3512=CARTESIAN_POINT('Ctrl Pts',(-14.1800084275504,58.0687521072997,0.333333333333332));
#3513=CARTESIAN_POINT('Ctrl Pts',(-14.1800084275504,58.0687521072997,0.666666666666666));
#3514=CARTESIAN_POINT('Ctrl Pts',(-14.1800084275504,58.0687521072997,1.));
#3515=CARTESIAN_POINT('Ctrl Pts',(-14.0783353049432,58.2807335228037,-1.66533453693773E-15));
#3516=CARTESIAN_POINT('Ctrl Pts',(-14.0783353049432,58.2807335228037,0.333333333333332));
#3517=CARTESIAN_POINT('Ctrl Pts',(-14.0783353049432,58.2807335228037,0.666666666666667));
#3518=CARTESIAN_POINT('Ctrl Pts',(-14.0783353049432,58.2807335228037,1.));
#3519=CARTESIAN_POINT('Ctrl Pts',(-14.0003215796145,58.4400688270611,-1.66533453693773E-15));
#3520=CARTESIAN_POINT('Ctrl Pts',(-14.0003215796145,58.4400688270611,0.333333333333332));
#3521=CARTESIAN_POINT('Ctrl Pts',(-14.0003215796145,58.4400688270611,0.666666666666666));
#3522=CARTESIAN_POINT('Ctrl Pts',(-14.0003215796145,58.4400688270611,1.));
#3523=CARTESIAN_POINT('',(-14.0003215796145,58.4400688270612,0.));
#3524=CARTESIAN_POINT('',(-14.0003215796145,58.4400688270612,2.5));
#3525=CARTESIAN_POINT('',(-12.3916033144523,54.3241817707215,0.));
#3526=CARTESIAN_POINT('Ctrl Pts',(-12.3916033144523,54.3241817707215,-4.93038065763092E-31));
#3527=CARTESIAN_POINT('Ctrl Pts',(-12.6121159308047,54.4097840569215,5.46964104205941E-31));
#3528=CARTESIAN_POINT('Ctrl Pts',(-12.8290552954986,54.495415876535,-4.93038065763132E-31));
#3529=CARTESIAN_POINT('Ctrl Pts',(-13.0353998596281,54.606201267864,-4.93038065763132E-31));
#3530=CARTESIAN_POINT('Ctrl Pts',(-13.2417444237576,54.7169866591931,-4.93038065763132E-31));
#3531=CARTESIAN_POINT('Ctrl Pts',(-13.4374941873226,54.8529256222379,5.46964104205968E-31));
#3532=CARTESIAN_POINT('Ctrl Pts',(-13.6134176162031,55.0218970998453,5.46964104205968E-31));
#3533=CARTESIAN_POINT('Ctrl Pts',(-13.7893410450836,55.1908685774527,1.46370675773432E-31));
#3534=CARTESIAN_POINT('Ctrl Pts',(-13.9454381392795,55.3928725696228,-9.93779851303805E-31));
#3535=CARTESIAN_POINT('Ctrl Pts',(-14.0738898129284,55.6207149309506,-1.24029888418537E-30));
#3536=CARTESIAN_POINT('Ctrl Pts',(-14.2023414865773,55.8485572922784,-1.57926255439753E-30));
#3537=CARTESIAN_POINT('Ctrl Pts',(-14.3031477396792,56.1022380227638,-5.39260384428428E-31));
#3538=CARTESIAN_POINT('Ctrl Pts',(-14.3633861036863,56.3546038498809,-1.92592994438728E-31));
#3539=CARTESIAN_POINT('Ctrl Pts',(-14.4838628317006,56.8593355041151,3.46667389989698E-31));
#3540=CARTESIAN_POINT('Ctrl Pts',(-14.4420680033359,57.3588075448759,-1.24029888418537E-30));
#3541=CARTESIAN_POINT('Ctrl Pts',(-14.2852254833014,57.7980143981923,1.46370675773428E-31));
#3542=CARTESIAN_POINT('Ctrl Pts',(-14.265620168297,57.8529152548568,-4.93038065763132E-31));
#3543=CARTESIAN_POINT('Ctrl Pts',(-14.2442172331104,57.9068744679676,-2.46519032881567E-31));
#3544=CARTESIAN_POINT('Ctrl Pts',(-14.2218104615574,57.9605927162696,-2.46519032881566E-31));
#3545=CARTESIAN_POINT('Ctrl Pts',(-14.1545901468986,58.1217474611757,0.));
#3546=CARTESIAN_POINT('Ctrl Pts',(-14.0783353049432,58.2807335228037,-2.4266717299279E-30));
#3547=CARTESIAN_POINT('Ctrl Pts',(-14.0003215796145,58.4400688270611,-2.62743462060903E-45));
#3548=CARTESIAN_POINT('',(-12.3916033144523,54.3241817707215,2.5));
#3549=CARTESIAN_POINT('Origin',(-2.41223358904967,79.6278077425453,2.5));
#3550=CARTESIAN_POINT('Origin',(-16.6709381714831,42.8984006736736,2.5));
#3551=CARTESIAN_POINT('Ctrl Pts',(-14.0003215796145,58.4400688270611,-1.));
#3552=CARTESIAN_POINT('Ctrl Pts',(-14.0025864790994,58.4354429942731,-1.00326916257814));
#3553=CARTESIAN_POINT('Ctrl Pts',(-14.0048446998405,58.430832610038,-1.00656585973257));
#3554=CARTESIAN_POINT('Ctrl Pts',(-14.0579844827076,58.3223845039212,-1.08513763511891));
#3555=CARTESIAN_POINT('Ctrl Pts',(-14.145601856051,58.1452493857223,-1.24938004212241));
#3556=CARTESIAN_POINT('Ctrl Pts',(-14.2210504846078,57.9947542727033,-1.44593797838215));
#3557=CARTESIAN_POINT('Ctrl Pts',(-14.3029325820983,57.8322287161215,-1.68595375429973));
#3558=CARTESIAN_POINT('Ctrl Pts',(-14.3472894239619,57.7449235067033,-1.84169792603883));
#3559=CARTESIAN_POINT('Ctrl Pts',(-14.4938176160426,57.4585114301154,-2.33490096618102));
#3560=CARTESIAN_POINT('Ctrl Pts',(-14.6922090831376,57.0758737203377,-2.89433846091901));
#3561=CARTESIAN_POINT('Ctrl Pts',(-15.0235055510717,56.4602114204609,-3.45729893717154));
#3562=CARTESIAN_POINT('Ctrl Pts',(-15.3216508112679,55.9228263810173,-3.78349981144612));
#3563=CARTESIAN_POINT('Ctrl Pts',(-15.5747239562381,55.4784146034102,-3.93824371276925));
#3564=CARTESIAN_POINT('Ctrl Pts',(-15.8046503168485,55.0839650370929,-3.99684958571953));
#3565=CARTESIAN_POINT('Ctrl Pts',(-15.9340086536007,54.8659180012908,-4.));
#3566=CARTESIAN_POINT('Ctrl Pts',(-15.9948862019677,54.764123013998,-3.99999999999999));
#3567=CARTESIAN_POINT('Ctrl Pts',(-14.0003215796145,58.4400688270611,-1.));
#3568=CARTESIAN_POINT('Ctrl Pts',(-14.0025879272512,58.4354401968172,-1.00326717821569));
#3569=CARTESIAN_POINT('Ctrl Pts',(-14.004844581433,58.4308326803577,-1.00656309717546));
#3570=CARTESIAN_POINT('Ctrl Pts',(-14.0580759488433,58.3222001029141,-1.08482504559676));
#3571=CARTESIAN_POINT('Ctrl Pts',(-14.1471054420365,58.142178057711,-1.24441371437344));
#3572=CARTESIAN_POINT('Ctrl Pts',(-14.2279600019997,57.9809673783298,-1.43248909906218));
#3573=CARTESIAN_POINT('Ctrl Pts',(-14.318595840441,57.8012476515933,-1.66090495747859));
#3574=CARTESIAN_POINT('Ctrl Pts',(-14.3704844499503,57.6992931178777,-1.80842728464082));
#3575=CARTESIAN_POINT('Ctrl Pts',(-14.5348627371855,57.3789154010578,-2.27148923698663));
#3576=CARTESIAN_POINT('Ctrl Pts',(-14.7425243520094,56.9805399002764,-2.79189599797537));
#3577=CARTESIAN_POINT('Ctrl Pts',(-15.0726288642037,56.3704054844462,-3.30556188744531));
#3578=CARTESIAN_POINT('Ctrl Pts',(-15.3596362597793,55.8554980946211,-3.5946069921113));
#3579=CARTESIAN_POINT('Ctrl Pts',(-15.5974031620471,55.4392482675712,-3.72726203585492));
#3580=CARTESIAN_POINT('Ctrl Pts',(-15.8120964309715,55.0714320846683,-3.77486113377258));
#3581=CARTESIAN_POINT('Ctrl Pts',(-15.9344551435977,54.8651786843941,-3.77573708669268));
#3582=CARTESIAN_POINT('Ctrl Pts',(-15.9948862019677,54.764123013998,-3.77560052474358));
#3583=CARTESIAN_POINT('Ctrl Pts',(-14.0003215796145,58.4400688270612,-1.));
#3584=CARTESIAN_POINT('Ctrl Pts',(-14.0025887451633,58.4354470417788,-1.00327005854904));
#3585=CARTESIAN_POINT('Ctrl Pts',(-14.0048464179521,58.4308202174838,-1.00655004036173));
#3586=CARTESIAN_POINT('Ctrl Pts',(-14.058243565531,58.321991076355,-1.08436699681664));
#3587=CARTESIAN_POINT('Ctrl Pts',(-14.1500321250228,58.1360460063209,-1.23453351539219));
#3588=CARTESIAN_POINT('Ctrl Pts',(-14.2416093089103,57.9534667960408,-1.40549217101252));
#3589=CARTESIAN_POINT('Ctrl Pts',(-14.3495693220439,57.7392729831517,-1.61108730257979));
#3590=CARTESIAN_POINT('Ctrl Pts',(-14.4152103311774,57.6079231688906,-1.74131815152908));
#3591=CARTESIAN_POINT('Ctrl Pts',(-14.6170101352761,57.218347917994,-2.1453447670459));
#3592=CARTESIAN_POINT('Ctrl Pts',(-14.838979809806,56.7878625921917,-2.58611693361757));
#3593=CARTESIAN_POINT('Ctrl Pts',(-15.1632231070632,56.1876868793922,-3.00264191504134));
#3594=CARTESIAN_POINT('Ctrl Pts',(-15.4248712994399,55.7162335257697,-3.21909407494977));
#3595=CARTESIAN_POINT('Ctrl Pts',(-15.6289984450191,55.3560099718721,-3.30894282405773));
#3596=CARTESIAN_POINT('Ctrl Pts',(-15.8137403833983,55.0386409569517,-3.33602682949538));
#3597=CARTESIAN_POINT('Ctrl Pts',(-15.9201365793266,54.8572413353885,-3.33261842313156));
#3598=CARTESIAN_POINT('Ctrl Pts',(-15.981208491528,54.7559431860813,-3.33247512641308));
#3599=CARTESIAN_POINT('Ctrl Pts',(-14.0003215796145,58.4400688270611,-1.));
#3600=CARTESIAN_POINT('Ctrl Pts',(-14.002587335236,58.4354458554523,-1.00326887811745));
#3601=CARTESIAN_POINT('Ctrl Pts',(-14.0048523237874,58.4308133352422,-1.00653653259048));
#3602=CARTESIAN_POINT('Ctrl Pts',(-14.0584328720908,58.3215180059947,-1.08354038312837));
#3603=CARTESIAN_POINT('Ctrl Pts',(-14.1548413268069,58.1269832566746,-1.21966189147902));
#3604=CARTESIAN_POINT('Ctrl Pts',(-14.2597814398214,57.9109543958716,-1.36508601833623));
#3605=CARTESIAN_POINT('Ctrl Pts',(-14.3847349342548,57.6404014055061,-1.53611756256194));
#3606=CARTESIAN_POINT('Ctrl Pts',(-14.4582714463295,57.4585321175215,-1.64137385395891));
#3607=CARTESIAN_POINT('Ctrl Pts',(-14.656572169823,56.9375813863161,-1.95686175410791));
#3608=CARTESIAN_POINT('Ctrl Pts',(-14.8253571292495,56.4207121519918,-2.28144169784664));
#3609=CARTESIAN_POINT('Ctrl Pts',(-15.0440381008585,55.7843070222795,-2.56077226425721));
#3610=CARTESIAN_POINT('Ctrl Pts',(-15.2019517831804,55.3363822218774,-2.67528948331848));
#3611=CARTESIAN_POINT('Ctrl Pts',(-15.3167552748921,55.0289698100048,-2.70705129495731));
#3612=CARTESIAN_POINT('Ctrl Pts',(-15.4318964963912,54.7662884068493,-2.70790399005369));
#3613=CARTESIAN_POINT('Ctrl Pts',(-15.509139596023,54.6114663975554,-2.70097423873408));
#3614=CARTESIAN_POINT('Ctrl Pts',(-15.5699657889062,54.5100033005795,-2.70241826885632));
#3615=CARTESIAN_POINT('Ctrl Pts',(-14.0003215796145,58.4400688270612,-1.));
#3616=CARTESIAN_POINT('Ctrl Pts',(-14.0025870073844,58.4354452470369,-1.00326918112206));
#3617=CARTESIAN_POINT('Ctrl Pts',(-14.0048567251241,58.4308074178159,-1.00652380574771));
#3618=CARTESIAN_POINT('Ctrl Pts',(-14.0585736999733,58.3211212837669,-1.082889010083));
#3619=CARTESIAN_POINT('Ctrl Pts',(-14.1590564237571,58.1195975147171,-1.20726228620638));
#3620=CARTESIAN_POINT('Ctrl Pts',(-14.2723842664808,57.8743535038447,-1.33150706998116));
#3621=CARTESIAN_POINT('Ctrl Pts',(-14.4018812805512,57.553957794574,-1.47499363934807));
#3622=CARTESIAN_POINT('Ctrl Pts',(-14.4699411564157,57.3270400565106,-1.56114192186382));
#3623=CARTESIAN_POINT('Ctrl Pts',(-14.608894969043,56.6952785111001,-1.81972060635905));
#3624=CARTESIAN_POINT('Ctrl Pts',(-14.6665265042044,56.121972270672,-2.09086401800903));
#3625=CARTESIAN_POINT('Ctrl Pts',(-14.7566441467363,55.4652272375905,-2.34322845074158));
#3626=CARTESIAN_POINT('Ctrl Pts',(-14.8228082401708,55.0224706990013,-2.4528249863353));
#3627=CARTESIAN_POINT('Ctrl Pts',(-14.8803829665446,54.7269020362646,-2.49011135741011));
#3628=CARTESIAN_POINT('Ctrl Pts',(-14.9602109373338,54.4733982666473,-2.49862753973404));
#3629=CARTESIAN_POINT('Ctrl Pts',(-15.0242188958205,54.3237261345957,-2.49497971005594));
#3630=CARTESIAN_POINT('Ctrl Pts',(-15.0859288026094,54.2205294686319,-2.49555073196333));
#3631=CARTESIAN_POINT('Ctrl Pts',(-14.0003215796145,58.4400688270611,-1.));
#3632=CARTESIAN_POINT('Ctrl Pts',(-14.0025867340282,58.4354453604284,-1.00327001853207));
#3633=CARTESIAN_POINT('Ctrl Pts',(-14.0048595290403,58.4308034304847,-1.00651543993628));
#3634=CARTESIAN_POINT('Ctrl Pts',(-14.0586526304417,58.3208884647658,-1.08251407061962));
#3635=CARTESIAN_POINT('Ctrl Pts',(-14.1616383457042,58.1152037948813,-1.19981665126785));
#3636=CARTESIAN_POINT('Ctrl Pts',(-14.2793460924777,57.8521416880817,-1.31140066251075));
#3637=CARTESIAN_POINT('Ctrl Pts',(-14.4092726497762,57.5014511800364,-1.43886454420095));
#3638=CARTESIAN_POINT('Ctrl Pts',(-14.4707691643271,57.2473757018003,-1.51435607272803));
#3639=CARTESIAN_POINT('Ctrl Pts',(-14.560843051911,56.5539863211452,-1.74596870735828));
#3640=CARTESIAN_POINT('Ctrl Pts',(-14.537895344254,55.9602753695711,-2.00283817669192));
#3641=CARTESIAN_POINT('Ctrl Pts',(-14.5504931648261,55.304402915388,-2.27467738084495));
#3642=CARTESIAN_POINT('Ctrl Pts',(-14.5710788952925,54.8652238802682,-2.41245204646481));
#3643=CARTESIAN_POINT('Ctrl Pts',(-14.6078217245773,54.5681379121099,-2.47393867406403));
#3644=CARTESIAN_POINT('Ctrl Pts',(-14.6794778440612,54.3087348500262,-2.49874711741495));
#3645=CARTESIAN_POINT('Ctrl Pts',(-14.7411940040968,54.1564122675226,-2.50009659420844));
#3646=CARTESIAN_POINT('Ctrl Pts',(-14.803829000417,54.0518222973947,-2.5));
#3647=CARTESIAN_POINT('Ctrl Pts',(-14.0003215796145,58.4400688270611,-1.));
#3648=CARTESIAN_POINT('Ctrl Pts',(-14.0025864790994,58.4354429942731,-1.00326916257814));
#3649=CARTESIAN_POINT('Ctrl Pts',(-14.0048606449647,58.4308045360389,-1.00651390489628));
#3650=CARTESIAN_POINT('Ctrl Pts',(-14.0586745368106,58.3207799271884,-1.08236031584375));
#3651=CARTESIAN_POINT('Ctrl Pts',(-14.1625244051224,58.1137398667907,-1.19732255213077));
#3652=CARTESIAN_POINT('Ctrl Pts',(-14.2817046092207,57.8447286256161,-1.30471518540202));
#3653=CARTESIAN_POINT('Ctrl Pts',(-14.4117923619807,57.483922096477,-1.42675267101829));
#3654=CARTESIAN_POINT('Ctrl Pts',(-14.4712071222807,57.2207494166251,-1.49885679184329));
#3655=CARTESIAN_POINT('Ctrl Pts',(-14.5441972057422,56.5068140812095,-1.7212367844331));
#3656=CARTESIAN_POINT('Ctrl Pts',(-14.4949709160122,55.9058987251413,-1.97331200266488));
#3657=CARTESIAN_POINT('Ctrl Pts',(-14.4810375107431,55.2498779087826,-2.25122643611129));
#3658=CARTESIAN_POINT('Ctrl Pts',(-14.4860696397236,54.8114893576082,-2.39764235054883));
#3659=CARTESIAN_POINT('Ctrl Pts',(-14.5155052177146,54.5136472614701,-2.466705483703));
#3660=CARTESIAN_POINT('Ctrl Pts',(-14.5837675220118,54.2525005339037,-2.49682121586245));
#3661=CARTESIAN_POINT('Ctrl Pts',(-14.6448315096255,54.0990836300496,-2.50000000000001));
#3662=CARTESIAN_POINT('Ctrl Pts',(-14.7075353844425,53.9942347931391,-2.50000000000001));
#3663=CARTESIAN_POINT('',(-15.9948862019677,54.764123013998,-3.99999999999999));
#3664=CARTESIAN_POINT('',(-14.7075353844438,53.9942347931378,-2.5));
#3665=CARTESIAN_POINT('Ctrl Pts',(-15.9948862019677,54.764123013998,-3.99999999999999));
#3666=CARTESIAN_POINT('Ctrl Pts',(-15.9948862019677,54.764123013998,-3.77560052474358));
#3667=CARTESIAN_POINT('Ctrl Pts',(-15.981208491528,54.7559431860813,-3.33247512641308));
#3668=CARTESIAN_POINT('Ctrl Pts',(-15.5699657889062,54.5100033005795,-2.70241826885632));
#3669=CARTESIAN_POINT('Ctrl Pts',(-15.0859288026094,54.2205294686319,-2.49555073196333));
#3670=CARTESIAN_POINT('Ctrl Pts',(-14.803829000417,54.0518222973947,-2.5));
#3671=CARTESIAN_POINT('Ctrl Pts',(-14.7075353844425,53.9942347931391,-2.50000000000001));
#3672=CARTESIAN_POINT('',(-14.0003215796145,58.4400688270611,-1.));
#3673=CARTESIAN_POINT('Ctrl Pts',(-14.7075353844425,53.9942347931391,-2.50000000000001));
#3674=CARTESIAN_POINT('Ctrl Pts',(-14.6448315096255,54.0990836300496,-2.50000000000001));
#3675=CARTESIAN_POINT('Ctrl Pts',(-14.5837675220118,54.2525005339037,-2.49682121586245));
#3676=CARTESIAN_POINT('Ctrl Pts',(-14.5155052177146,54.5136472614701,-2.466705483703));
#3677=CARTESIAN_POINT('Ctrl Pts',(-14.4860696397236,54.8114893576082,-2.39764235054883));
#3678=CARTESIAN_POINT('Ctrl Pts',(-14.4810375107431,55.2498779087826,-2.25122643611129));
#3679=CARTESIAN_POINT('Ctrl Pts',(-14.4949709160122,55.9058987251413,-1.97331200266488));
#3680=CARTESIAN_POINT('Ctrl Pts',(-14.5441972057422,56.5068140812095,-1.7212367844331));
#3681=CARTESIAN_POINT('Ctrl Pts',(-14.4712071222807,57.2207494166251,-1.49885679184329));
#3682=CARTESIAN_POINT('Ctrl Pts',(-14.4117923619807,57.483922096477,-1.42675267101829));
#3683=CARTESIAN_POINT('Ctrl Pts',(-14.2817046092207,57.8447286256161,-1.30471518540202));
#3684=CARTESIAN_POINT('Ctrl Pts',(-14.1625244051224,58.1137398667907,-1.19732255213077));
#3685=CARTESIAN_POINT('Ctrl Pts',(-14.0586745368106,58.3207799271884,-1.08236031584375));
#3686=CARTESIAN_POINT('Ctrl Pts',(-14.0048606449647,58.4308045360389,-1.00651390489628));
#3687=CARTESIAN_POINT('Ctrl Pts',(-14.0025864790994,58.4354429942731,-1.00326916257814));
#3688=CARTESIAN_POINT('Ctrl Pts',(-14.0003215796145,58.4400688270611,-1.));
#3689=CARTESIAN_POINT('Ctrl Pts',(-14.0003215796145,58.4400688270611,-1.));
#3690=CARTESIAN_POINT('Ctrl Pts',(-14.0025864790994,58.4354429942731,-1.00326916257814));
#3691=CARTESIAN_POINT('Ctrl Pts',(-14.0048446998405,58.430832610038,-1.00656585973257));
#3692=CARTESIAN_POINT('Ctrl Pts',(-14.0579844827076,58.3223845039212,-1.08513763511891));
#3693=CARTESIAN_POINT('Ctrl Pts',(-14.145601856051,58.1452493857223,-1.24938004212241));
#3694=CARTESIAN_POINT('Ctrl Pts',(-14.2210504846078,57.9947542727033,-1.44593797838215));
#3695=CARTESIAN_POINT('Ctrl Pts',(-14.3029325820983,57.8322287161215,-1.68595375429973));
#3696=CARTESIAN_POINT('Ctrl Pts',(-14.3472894239619,57.7449235067033,-1.84169792603883));
#3697=CARTESIAN_POINT('Ctrl Pts',(-14.4938176160426,57.4585114301154,-2.33490096618102));
#3698=CARTESIAN_POINT('Ctrl Pts',(-14.6922090831376,57.0758737203377,-2.89433846091901));
#3699=CARTESIAN_POINT('Ctrl Pts',(-15.0235055510717,56.4602114204609,-3.45729893717154));
#3700=CARTESIAN_POINT('Ctrl Pts',(-15.3216508112679,55.9228263810173,-3.78349981144612));
#3701=CARTESIAN_POINT('Ctrl Pts',(-15.5747239562381,55.4784146034102,-3.93824371276925));
#3702=CARTESIAN_POINT('Ctrl Pts',(-15.8046503168485,55.0839650370929,-3.99684958571953));
#3703=CARTESIAN_POINT('Ctrl Pts',(-15.9340086536007,54.8659180012908,-4.));
#3704=CARTESIAN_POINT('Ctrl Pts',(-15.9948862019677,54.764123013998,-3.99999999999999));
#3705=CARTESIAN_POINT('Ctrl Pts',(-20.4086055956929,46.2195213017149,-2.5));
#3706=CARTESIAN_POINT('Ctrl Pts',(-18.2708872119829,48.6253599584214,-2.5));
#3707=CARTESIAN_POINT('Ctrl Pts',(-16.3593916807609,51.2321214163072,-2.5));
#3708=CARTESIAN_POINT('Ctrl Pts',(-14.7075353844429,53.9942347931383,-2.5));
#3709=CARTESIAN_POINT('Ctrl Pts',(-20.492478656679,46.294047074201,-2.5));
#3710=CARTESIAN_POINT('Ctrl Pts',(-18.3594140938498,48.6946482111942,-2.5));
#3711=CARTESIAN_POINT('Ctrl Pts',(-16.452089199428,51.2957220516684,-2.5));
#3712=CARTESIAN_POINT('Ctrl Pts',(-14.8038290004174,54.0518222973939,-2.5));
#3713=CARTESIAN_POINT('Ctrl Pts',(-20.6584956186916,46.4415621665837,-2.50126749711705));
#3714=CARTESIAN_POINT('Ctrl Pts',(-18.5346513946132,48.8317865170162,-2.50126749711705));
#3715=CARTESIAN_POINT('Ctrl Pts',(-16.6355664704867,51.4216232728993,-2.50126749711705));
#3716=CARTESIAN_POINT('Ctrl Pts',(-14.994431005368,54.1658100593046,-2.50126749711705));
#3717=CARTESIAN_POINT('Ctrl Pts',(-20.9055266348873,46.661062648545,-2.5749092383755));
#3718=CARTESIAN_POINT('Ctrl Pts',(-18.7954015560899,49.0358471495073,-2.5749092383755));
#3719=CARTESIAN_POINT('Ctrl Pts',(-16.9085786527184,51.6089618348557,-2.5749092383755));
#3720=CARTESIAN_POINT('Ctrl Pts',(-15.2780442362155,54.3354223225173,-2.5749092383755));
#3721=CARTESIAN_POINT('Ctrl Pts',(-21.1412886322977,46.8705499949385,-2.75143415951536));
#3722=CARTESIAN_POINT('Ctrl Pts',(-19.0442547487573,49.230601356189,-2.75143415951536));
#3723=CARTESIAN_POINT('Ctrl Pts',(-17.1691382440487,51.7877516888372,-2.75143415951536));
#3724=CARTESIAN_POINT('Ctrl Pts',(-15.5487196470459,54.4972972424207,-2.75143415951536));
#3725=CARTESIAN_POINT('Ctrl Pts',(-21.3420937840719,47.0489762843718,-3.0198998974967));
#3726=CARTESIAN_POINT('Ctrl Pts',(-19.2562066174694,49.3964828676436,-3.0198998974967));
#3727=CARTESIAN_POINT('Ctrl Pts',(-17.3910668525503,51.9400276331672,-3.0198998974967));
#3728=CARTESIAN_POINT('Ctrl Pts',(-15.7792615390826,54.635170683504,-3.0198998974967));
#3729=CARTESIAN_POINT('Ctrl Pts',(-21.4737173530638,47.1659309780622,-3.33515810505309));
#3730=CARTESIAN_POINT('Ctrl Pts',(-19.3951501880161,49.5051994590463,-3.33515810505309));
#3731=CARTESIAN_POINT('Ctrl Pts',(-17.5365259250071,52.0398588471359,-3.33515810505309));
#3732=CARTESIAN_POINT('Ctrl Pts',(-15.9303769181648,54.725543834911,-3.33515810505309));
#3733=CARTESIAN_POINT('Ctrl Pts',(-21.5291508828483,47.2151866816248,-3.66581315918851));
#3734=CARTESIAN_POINT('Ctrl Pts',(-19.4536491909779,49.5510052068396,-3.66581315918851));
#3735=CARTESIAN_POINT('Ctrl Pts',(-17.5977997193125,52.0818805321312,-3.66581315918851));
#3736=CARTESIAN_POINT('Ctrl Pts',(-15.9940194628201,54.7636046686857,-3.66581315918851));
#3737=CARTESIAN_POINT('Ctrl Pts',(-21.5299058245408,47.2158574883434,-3.88780026237179));
#3738=CARTESIAN_POINT('Ctrl Pts',(-19.4544579060842,49.5516154956908,-3.88780026237179));
#3739=CARTESIAN_POINT('Ctrl Pts',(-17.5986249067048,52.0824683572521,-3.88780026237179));
#3740=CARTESIAN_POINT('Ctrl Pts',(-15.9948862019681,54.7641230139972,-3.88780026237179));
#3741=CARTESIAN_POINT('Ctrl Pts',(-21.5299058245408,47.2158574883434,-4.));
#3742=CARTESIAN_POINT('Ctrl Pts',(-19.4544510830749,49.5516231744662,-4.));
#3743=CARTESIAN_POINT('Ctrl Pts',(-17.5986301789759,52.0824595413457,-4.));
#3744=CARTESIAN_POINT('Ctrl Pts',(-15.9948862019681,54.7641230139972,-4.));
#3745=CARTESIAN_POINT('',(-21.5299058245408,47.2158574883434,-4.));
#3746=CARTESIAN_POINT('',(-20.4086055956929,46.2195213017149,-2.5));
#3747=CARTESIAN_POINT('Ctrl Pts',(-21.5299058245408,47.2158574883434,-4.));
#3748=CARTESIAN_POINT('Ctrl Pts',(-21.5299058245408,47.2158574883434,-3.88780026237179));
#3749=CARTESIAN_POINT('Ctrl Pts',(-21.5291508828483,47.2151866816248,-3.66581315918851));
#3750=CARTESIAN_POINT('Ctrl Pts',(-21.4737173530638,47.1659309780622,-3.33515810505309));
#3751=CARTESIAN_POINT('Ctrl Pts',(-21.3420937840719,47.0489762843718,-3.0198998974967));
#3752=CARTESIAN_POINT('Ctrl Pts',(-21.1412886322977,46.8705499949385,-2.75143415951536));
#3753=CARTESIAN_POINT('Ctrl Pts',(-20.9055266348873,46.661062648545,-2.5749092383755));
#3754=CARTESIAN_POINT('Ctrl Pts',(-20.6584956186916,46.4415621665837,-2.50126749711705));
#3755=CARTESIAN_POINT('Ctrl Pts',(-20.492478656679,46.294047074201,-2.5));
#3756=CARTESIAN_POINT('Ctrl Pts',(-20.4086055956929,46.2195213017149,-2.5));
#3757=CARTESIAN_POINT('Origin',(-58.9065801194737,80.4270637092941,-2.5));
#3758=CARTESIAN_POINT('Origin',(-58.9065801194737,80.4270637092941,-4.));
#3759=CARTESIAN_POINT('Ctrl Pts',(-21.5299058213707,47.2158574919111,-4.));
#3760=CARTESIAN_POINT('Ctrl Pts',(-22.3222416900994,46.3241440327896,-4.));
#3761=CARTESIAN_POINT('Ctrl Pts',(-23.4018435994038,44.0952452009432,-4.));
#3762=CARTESIAN_POINT('Ctrl Pts',(-23.0360135973854,40.3950948927221,-4.));
#3763=CARTESIAN_POINT('Ctrl Pts',(-20.7837883430264,37.4379817652517,-4.));
#3764=CARTESIAN_POINT('Ctrl Pts',(-17.3201753601115,36.0898408903554,-4.));
#3765=CARTESIAN_POINT('Ctrl Pts',(-13.66217084301,36.7578200304564,-4.));
#3766=CARTESIAN_POINT('Ctrl Pts',(-10.8958600049614,39.2399006686686,-4.));
#3767=CARTESIAN_POINT('Ctrl Pts',(-10.1884631171373,41.6136959636967,-4.));
#3768=CARTESIAN_POINT('Ctrl Pts',(-10.1715885706379,42.8064508721892,-4.));
#3769=CARTESIAN_POINT('Ctrl Pts',(-21.5299058213707,47.2158574919111,-3.88780026237179));
#3770=CARTESIAN_POINT('Ctrl Pts',(-22.3222609187285,46.3241223924373,-3.88780026237179));
#3771=CARTESIAN_POINT('Ctrl Pts',(-23.4018669112719,44.0952635339788,-3.88780026237179));
#3772=CARTESIAN_POINT('Ctrl Pts',(-23.0360605858096,40.3950665849533,-3.88780026237179));
#3773=CARTESIAN_POINT('Ctrl Pts',(-20.7838076386457,37.4379565673446,-3.88780026237179));
#3774=CARTESIAN_POINT('Ctrl Pts',(-17.320177248292,36.0897887799552,-3.88780026237179));
#3775=CARTESIAN_POINT('Ctrl Pts',(-13.6621667906846,36.7577750765593,-3.88780026237179));
#3776=CARTESIAN_POINT('Ctrl Pts',(-10.8958209369374,39.2398965265294,-3.88780026237179));
#3777=CARTESIAN_POINT('Ctrl Pts',(-10.1884635266536,41.613667017586,-3.88780026237179));
#3778=CARTESIAN_POINT('Ctrl Pts',(-10.1715885706379,42.8064508721892,-3.88780026237179));
#3779=CARTESIAN_POINT('Ctrl Pts',(-21.528958541971,47.2150157826845,-3.66571404245547));
#3780=CARTESIAN_POINT('Ctrl Pts',(-22.3211564112092,46.3234576314417,-3.66571404245547));
#3781=CARTESIAN_POINT('Ctrl Pts',(-23.4005513443557,44.0950275734015,-3.66571404245547));
#3782=CARTESIAN_POINT('Ctrl Pts',(-23.034812942785,40.3955586774077,-3.66571404245547));
#3783=CARTESIAN_POINT('Ctrl Pts',(-20.7830030504866,37.4390247172844,-3.66571404245547));
#3784=CARTESIAN_POINT('Ctrl Pts',(-17.320050405478,36.0911236171719,-3.66571404245547));
#3785=CARTESIAN_POINT('Ctrl Pts',(-13.6627539458377,36.7589786613761,-3.66571404245547));
#3786=CARTESIAN_POINT('Ctrl Pts',(-10.8969524209269,39.2406103631151,-3.66571404245547));
#3787=CARTESIAN_POINT('Ctrl Pts',(-10.18972725798,41.6139216294001,-3.66571404245547));
#3788=CARTESIAN_POINT('Ctrl Pts',(-10.1728556504853,42.8064687982506,-3.66571404245547));
#3789=CARTESIAN_POINT('Ctrl Pts',(-21.4739087685613,47.1661010673219,-3.33525247760145));
#3790=CARTESIAN_POINT('Ctrl Pts',(-22.2571061684345,46.2846722564106,-3.33525247760144));
#3791=CARTESIAN_POINT('Ctrl Pts',(-23.3242647003285,44.0814453180164,-3.33525247760145));
#3792=CARTESIAN_POINT('Ctrl Pts',(-22.9626418148055,40.4239547981902,-3.33525247760144));
#3793=CARTESIAN_POINT('Ctrl Pts',(-20.7363826638743,37.5009196813299,-3.33525247760145));
#3794=CARTESIAN_POINT('Ctrl Pts',(-17.3126925337909,36.1683255189977,-3.33525247760145));
#3795=CARTESIAN_POINT('Ctrl Pts',(-13.6968468281033,36.8286038651921,-3.33525247760144));
#3796=CARTESIAN_POINT('Ctrl Pts',(-10.9624294073167,39.2820645156575,-3.33525247760144));
#3797=CARTESIAN_POINT('Ctrl Pts',(-10.2631700873458,41.6285123706615,-3.33525247760145));
#3798=CARTESIAN_POINT('Ctrl Pts',(-10.2464901647726,42.8075105454079,-3.33525247760145));
#3799=CARTESIAN_POINT('Ctrl Pts',(-21.3419505713901,47.0488490378476,-3.01986594288593));
#3800=CARTESIAN_POINT('Ctrl Pts',(-22.1036494532034,46.1916151658023,-3.01986594288593));
#3801=CARTESIAN_POINT('Ctrl Pts',(-23.1414926569335,44.0489603839765,-3.01986594288593));
#3802=CARTESIAN_POINT('Ctrl Pts',(-22.7898288336651,40.4919100638482,-3.01986594288593));
#3803=CARTESIAN_POINT('Ctrl Pts',(-20.6247068112349,37.6491863724682,-3.01986594288593));
#3804=CARTESIAN_POINT('Ctrl Pts',(-17.2950626821714,36.3531773115199,-3.01986594288593));
#3805=CARTESIAN_POINT('Ctrl Pts',(-13.7785538084047,36.9953221532582,-3.01986594288593));
#3806=CARTESIAN_POINT('Ctrl Pts',(-11.1192274630229,39.3814166249066,-3.01986594288593));
#3807=CARTESIAN_POINT('Ctrl Pts',(-10.4392193632259,41.6633726349192,-3.01986594288593));
#3808=CARTESIAN_POINT('Ctrl Pts',(-10.4229972991909,42.8100076869632,-3.01986594288593));
#3809=CARTESIAN_POINT('Ctrl Pts',(-21.1412633397062,46.8705275261193,-2.75124224138439));
#3810=CARTESIAN_POINT('Ctrl Pts',(-21.8702275400604,46.0501340360246,-2.75124224138439));
#3811=CARTESIAN_POINT('Ctrl Pts',(-22.8634785785391,43.9995189389167,-2.75124224138439));
#3812=CARTESIAN_POINT('Ctrl Pts',(-22.5269130075873,40.5953163609098,-2.75124224138439));
#3813=CARTESIAN_POINT('Ctrl Pts',(-20.4548267465958,37.8747271642413,-2.75124224138439));
#3814=CARTESIAN_POINT('Ctrl Pts',(-17.2682466898016,36.6344125953066,-2.75124224138439));
#3815=CARTESIAN_POINT('Ctrl Pts',(-13.9028252024302,37.2489648151503,-2.75124224138439));
#3816=CARTESIAN_POINT('Ctrl Pts',(-11.3577711408836,39.5325236087281,-2.75124224138439));
#3817=CARTESIAN_POINT('Ctrl Pts',(-10.7069612185071,41.7164480392894,-2.75124224138439));
#3818=CARTESIAN_POINT('Ctrl Pts',(-10.6914363119861,42.8138054383465,-2.75124224138439));
#3819=CARTESIAN_POINT('Ctrl Pts',(-20.9055971946727,46.6611253489457,-2.57516496443991));
#3820=CARTESIAN_POINT('Ctrl Pts',(-21.5961202218495,45.8839944610625,-2.57516496443991));
#3821=CARTESIAN_POINT('Ctrl Pts',(-22.5370066663796,43.941459131353,-2.57516496443991));
#3822=CARTESIAN_POINT('Ctrl Pts',(-22.2181697023307,40.716747367695,-2.57516496443991));
#3823=CARTESIAN_POINT('Ctrl Pts',(-20.2553363418535,38.1395800197036,-2.57516496443991));
#3824=CARTESIAN_POINT('Ctrl Pts',(-17.2367566902453,36.9646686209649,-2.57516496443991));
#3825=CARTESIAN_POINT('Ctrl Pts',(-14.0487567672869,37.5468185803887,-2.57516496443991));
#3826=CARTESIAN_POINT('Ctrl Pts',(-11.6378939350944,39.7099680947678,-2.57516496443991));
#3827=CARTESIAN_POINT('Ctrl Pts',(-11.0213692961173,41.7787757297556,-2.57516496443991));
#3828=CARTESIAN_POINT('Ctrl Pts',(-11.006663079485,42.8182651213108,-2.57516496443991));
#3829=CARTESIAN_POINT('Ctrl Pts',(-20.6584214717922,46.4414962863653,-2.50100979614112));
#3830=CARTESIAN_POINT('Ctrl Pts',(-21.308653934408,45.70970934934,-2.50100979614112));
#3831=CARTESIAN_POINT('Ctrl Pts',(-22.1946243270127,43.8805904830582,-2.50100979614112));
#3832=CARTESIAN_POINT('Ctrl Pts',(-21.8944163064425,40.84406763485,-2.50100979614111));
#3833=CARTESIAN_POINT('Ctrl Pts',(-20.0461312426121,38.4173311728248,-2.50100979614112));
#3834=CARTESIAN_POINT('Ctrl Pts',(-17.2037315179692,37.3109779229154,-2.50100979614112));
#3835=CARTESIAN_POINT('Ctrl Pts',(-14.2018095044109,37.8591535720405,-2.50100979614112));
#3836=CARTESIAN_POINT('Ctrl Pts',(-11.9316405780202,39.8960726655865,-2.50100979614111));
#3837=CARTESIAN_POINT('Ctrl Pts',(-11.3511331850782,41.8441052339697,-2.50100979614112));
#3838=CARTESIAN_POINT('Ctrl Pts',(-11.3372850452187,42.8229426084415,-2.50100979614112));
#3839=CARTESIAN_POINT('Ctrl Pts',(-20.4924786553138,46.2940470757374,-2.5));
#3840=CARTESIAN_POINT('Ctrl Pts',(-21.1156343439141,45.5927329782896,-2.5));
#3841=CARTESIAN_POINT('Ctrl Pts',(-21.9647307005322,43.8396997761255,-2.5));
#3842=CARTESIAN_POINT('Ctrl Pts',(-21.6769954944583,40.9295852641889,-2.5));
#3843=CARTESIAN_POINT('Ctrl Pts',(-19.9056526467556,38.6038369826704,-2.5));
#3844=CARTESIAN_POINT('Ctrl Pts',(-17.1815571841323,37.5435490886075,-2.5));
#3845=CARTESIAN_POINT('Ctrl Pts',(-14.3045681136614,38.0689056667305,-2.5));
#3846=CARTESIAN_POINT('Ctrl Pts',(-12.1289048694651,40.0210209382508,-2.5));
#3847=CARTESIAN_POINT('Ctrl Pts',(-11.5725214477716,41.8880059269044,-2.5));
#3848=CARTESIAN_POINT('Ctrl Pts',(-11.5592499677608,42.8260828658238,-2.5));
#3849=CARTESIAN_POINT('Ctrl Pts',(-20.4086055944736,46.2195213030871,-2.50000000000001));
#3850=CARTESIAN_POINT('Ctrl Pts',(-21.0180947242649,45.5335878729936,-2.5));
#3851=CARTESIAN_POINT('Ctrl Pts',(-21.8485577314221,43.8190503100348,-2.50000000000001));
#3852=CARTESIAN_POINT('Ctrl Pts',(-21.5671500375618,40.9727808421725,-2.5));
#3853=CARTESIAN_POINT('Ctrl Pts',(-19.8346690726703,38.698078436426,-2.5));
#3854=CARTESIAN_POINT('Ctrl Pts',(-17.170351393505,37.6610469941981,-2.50000000000001));
#3855=CARTESIAN_POINT('Ctrl Pts',(-14.3565017649654,38.174877101968,-2.5));
#3856=CARTESIAN_POINT('Ctrl Pts',(-12.2285703510818,40.0841699005929,-2.5));
#3857=CARTESIAN_POINT('Ctrl Pts',(-11.6844188989094,41.9101662813837,-2.5));
#3858=CARTESIAN_POINT('Ctrl Pts',(-11.6714384785253,42.8276700571471,-2.5));
#3859=CARTESIAN_POINT('',(-10.1715885706379,42.8064508721892,-4.));
#3860=CARTESIAN_POINT('',(-11.6714384785253,42.8276700571471,-2.5));
#3861=CARTESIAN_POINT('Ctrl Pts',(-10.1715885706379,42.8064508721892,-4.));
#3862=CARTESIAN_POINT('Ctrl Pts',(-10.1715885706379,42.8064508721892,-3.88780026237179));
#3863=CARTESIAN_POINT('Ctrl Pts',(-10.1728556504853,42.8064687982506,-3.66571404245547));
#3864=CARTESIAN_POINT('Ctrl Pts',(-10.2464901647726,42.8075105454079,-3.33525247760145));
#3865=CARTESIAN_POINT('Ctrl Pts',(-10.4229972991909,42.8100076869632,-3.01986594288593));
#3866=CARTESIAN_POINT('Ctrl Pts',(-10.6914363119861,42.8138054383465,-2.75124224138439));
#3867=CARTESIAN_POINT('Ctrl Pts',(-11.006663079485,42.8182651213108,-2.57516496443991));
#3868=CARTESIAN_POINT('Ctrl Pts',(-11.3372850452187,42.8229426084415,-2.50100979614112));
#3869=CARTESIAN_POINT('Ctrl Pts',(-11.5592499677608,42.8260828658238,-2.5));
#3870=CARTESIAN_POINT('Ctrl Pts',(-11.6714384785253,42.8276700571471,-2.5));
#3871=CARTESIAN_POINT('Origin',(-16.6709381714831,42.8984006736736,-2.5));
#3872=CARTESIAN_POINT('Origin',(-16.6709381714831,42.8984006736736,-4.));
#3873=CARTESIAN_POINT('Ctrl Pts',(-10.6333321489057,52.4125988966637,-2.5));
#3874=CARTESIAN_POINT('Ctrl Pts',(-11.2778472882284,49.2594231962725,-2.5));
#3875=CARTESIAN_POINT('Ctrl Pts',(-11.6259109948171,46.0457197787302,-2.5));
#3876=CARTESIAN_POINT('Ctrl Pts',(-11.6714384785253,42.8276700571471,-2.5));
#3877=CARTESIAN_POINT('Ctrl Pts',(-10.5234052936328,52.3901296373602,-2.5));
#3878=CARTESIAN_POINT('Ctrl Pts',(-11.1665173210974,49.2438184122091,-2.5));
#3879=CARTESIAN_POINT('Ctrl Pts',(-11.5138215975542,46.0371268811811,-2.5));
#3880=CARTESIAN_POINT('Ctrl Pts',(-11.5592499677609,42.8260828658238,-2.5));
#3881=CARTESIAN_POINT('Ctrl Pts',(-10.3058183816794,52.3456544567177,-2.50126603774562));
#3882=CARTESIAN_POINT('Ctrl Pts',(-10.9461505070017,49.212943408428,-2.50126603774562));
#3883=CARTESIAN_POINT('Ctrl Pts',(-11.2919543798426,46.0201052385417,-2.50126603774562));
#3884=CARTESIAN_POINT('Ctrl Pts',(-11.3371863823587,42.8229412126048,-2.50126603774562));
#3885=CARTESIAN_POINT('Ctrl Pts',(-9.98205076367109,52.2794757368313,-2.57490849916852));
#3886=CARTESIAN_POINT('Ctrl Pts',(-10.6182466113155,49.1670006914969,-2.57490849916852));
#3887=CARTESIAN_POINT('Ctrl Pts',(-10.961817686678,45.9947781409682,-2.57490849916852));
#3888=CARTESIAN_POINT('Ctrl Pts',(-11.0067575093784,42.8182664572614,-2.57490849916852));
#3889=CARTESIAN_POINT('Ctrl Pts',(-9.67305317326556,52.2163160388145,-2.75143280465072));
#3890=CARTESIAN_POINT('Ctrl Pts',(-10.3053020681218,49.1231507580814,-2.75143280465072));
#3891=CARTESIAN_POINT('Ctrl Pts',(-10.646741528804,45.9706095970609,-2.75143280465072));
#3892=CARTESIAN_POINT('Ctrl Pts',(-10.6914025452858,42.8138049606308,-2.75143280465072));
#3893=CARTESIAN_POINT('Ctrl Pts',(-9.40987078890024,52.1625210564717,-3.0198992354199));
#3894=CARTESIAN_POINT('Ctrl Pts',(-10.0387589848567,49.0857973974487,-3.0198992354199));
#3895=CARTESIAN_POINT('Ctrl Pts',(-10.3783817755042,45.9500297137785,-3.0198992354199));
#3896=CARTESIAN_POINT('Ctrl Pts',(-10.4228053977728,42.8100049720304,-3.0198992354199));
#3897=CARTESIAN_POINT('Ctrl Pts',(-9.23735990511762,52.1272595021339,-3.33515797202837));
#3898=CARTESIAN_POINT('Ctrl Pts',(-9.86404114441509,49.0613329860859,-3.33515797202837));
#3899=CARTESIAN_POINT('Ctrl Pts',(-10.2024775165988,45.9365196104912,-3.33515797202837));
#3900=CARTESIAN_POINT('Ctrl Pts',(-10.2467452430983,42.8075141541385,-3.33515797202837));
#3901=CARTESIAN_POINT('Ctrl Pts',(-9.16470724084171,52.1124091587065,-3.6658130088479));
#3902=CARTESIAN_POINT('Ctrl Pts',(-9.79046424994729,49.0510042745097,-3.6658130088479));
#3903=CARTESIAN_POINT('Ctrl Pts',(-10.1283953690369,45.9308559460442,-3.6658130088479));
#3904=CARTESIAN_POINT('Ctrl Pts',(-10.1725978094439,42.8064651504345,-3.6658130088479));
#3905=CARTESIAN_POINT('Ctrl Pts',(-9.16371834770631,52.1122070270597,-3.88780026237179));
#3906=CARTESIAN_POINT('Ctrl Pts',(-9.78945914430255,49.0508814596817,-3.88780026237179));
#3907=CARTESIAN_POINT('Ctrl Pts',(-10.1273872754557,45.9307607191011,-3.88780026237179));
#3908=CARTESIAN_POINT('Ctrl Pts',(-10.1715885706379,42.8064508721892,-3.88780026237179));
#3909=CARTESIAN_POINT('Ctrl Pts',(-9.16371834770631,52.1122070270597,-4.));
#3910=CARTESIAN_POINT('Ctrl Pts',(-9.78946120141765,49.0508713956119,-4.));
#3911=CARTESIAN_POINT('Ctrl Pts',(-10.1273871301445,45.930770990231,-4.));
#3912=CARTESIAN_POINT('Ctrl Pts',(-10.1715885706379,42.8064508721892,-4.));
#3913=CARTESIAN_POINT('',(-9.16371834770631,52.1122070270597,-4.));
#3914=CARTESIAN_POINT('',(-10.6333321489832,52.4125988966795,-2.49999999999999));
#3915=CARTESIAN_POINT('Ctrl Pts',(-9.16371834770631,52.1122070270597,-4.));
#3916=CARTESIAN_POINT('Ctrl Pts',(-9.16371834770631,52.1122070270597,-3.88780026237179));
#3917=CARTESIAN_POINT('Ctrl Pts',(-9.16470724084171,52.1124091587065,-3.6658130088479));
#3918=CARTESIAN_POINT('Ctrl Pts',(-9.23735990511762,52.1272595021339,-3.33515797202837));
#3919=CARTESIAN_POINT('Ctrl Pts',(-9.40987078890024,52.1625210564717,-3.0198992354199));
#3920=CARTESIAN_POINT('Ctrl Pts',(-9.67305317326556,52.2163160388145,-2.75143280465072));
#3921=CARTESIAN_POINT('Ctrl Pts',(-9.98205076367109,52.2794757368313,-2.57490849916852));
#3922=CARTESIAN_POINT('Ctrl Pts',(-10.3058183816794,52.3456544567177,-2.50126603774562));
#3923=CARTESIAN_POINT('Ctrl Pts',(-10.5234052936328,52.3901296373602,-2.5));
#3924=CARTESIAN_POINT('Ctrl Pts',(-10.6333321489057,52.4125988966637,-2.5));
#3925=CARTESIAN_POINT('Origin',(39.8234083589414,42.0991447069245,-2.5));
#3926=CARTESIAN_POINT('Origin',(39.8234083589414,42.0991447069245,-4.));
#3927=CARTESIAN_POINT('Ctrl Pts',(-9.16371834769858,52.1122070270975,-4.));
#3928=CARTESIAN_POINT('Ctrl Pts',(-9.13996513309748,52.2284154053286,-4.));
#3929=CARTESIAN_POINT('Ctrl Pts',(-9.08828815227824,52.4767534759453,-3.9966955579075));
#3930=CARTESIAN_POINT('Ctrl Pts',(-8.99363419534465,52.914740832507,-3.9397060807544));
#3931=CARTESIAN_POINT('Ctrl Pts',(-8.92381632481904,53.2230291211251,-3.84489167730895));
#3932=CARTESIAN_POINT('Ctrl Pts',(-8.8411037837008,53.5795756358624,-3.69703538830354));
#3933=CARTESIAN_POINT('Ctrl Pts',(-8.73925271638345,54.0073200818543,-3.46644469235844));
#3934=CARTESIAN_POINT('Ctrl Pts',(-8.56669314010201,54.6923377489843,-2.90064155443391));
#3935=CARTESIAN_POINT('Ctrl Pts',(-8.45424854342124,55.111336777488,-2.33797828055581));
#3936=CARTESIAN_POINT('Ctrl Pts',(-8.36317793616349,55.4432839900343,-1.81055775770553));
#3937=CARTESIAN_POINT('Ctrl Pts',(-8.30020682029991,55.6701421234701,-1.4353076244534));
#3938=CARTESIAN_POINT('Ctrl Pts',(-8.2112562580919,55.9809565516998,-1.12874094791743));
#3939=CARTESIAN_POINT('Ctrl Pts',(-8.15844682267176,56.1612069313019,-1.0065673308099));
#3940=CARTESIAN_POINT('Ctrl Pts',(-8.15700233425388,56.1661350118976,-1.00326915438549));
#3941=CARTESIAN_POINT('Ctrl Pts',(-8.15555277964333,56.1710773411522,-1.));
#3942=CARTESIAN_POINT('Ctrl Pts',(-9.16371834769858,52.1122070270975,-3.85975032796474));
#3943=CARTESIAN_POINT('Ctrl Pts',(-9.13996543096685,52.2284139480557,-3.85975516968466));
#3944=CARTESIAN_POINT('Ctrl Pts',(-9.09013584948537,52.4678276183793,-3.85799489466019));
#3945=CARTESIAN_POINT('Ctrl Pts',(-8.99955614651203,52.8878490438239,-3.80762981496558));
#3946=CARTESIAN_POINT('Ctrl Pts',(-8.93276780859559,53.1838563436068,-3.72135301500981));
#3947=CARTESIAN_POINT('Ctrl Pts',(-8.85312576100846,53.5288000166889,-3.58510304715204));
#3948=CARTESIAN_POINT('Ctrl Pts',(-8.75447277922622,53.9454548674791,-3.37103613965489));
#3949=CARTESIAN_POINT('Ctrl Pts',(-8.58377909616861,54.627335087941,-2.83620855924652));
#3950=CARTESIAN_POINT('Ctrl Pts',(-8.46903909656133,55.0570330517825,-2.29837983732521));
#3951=CARTESIAN_POINT('Ctrl Pts',(-8.37135033523736,55.4141489582695,-1.7908617831234));
#3952=CARTESIAN_POINT('Ctrl Pts',(-8.30174383388896,55.6651961679596,-1.42789816648362));
#3953=CARTESIAN_POINT('Ctrl Pts',(-8.21131668016026,55.9807765453871,-1.12846380723844));
#3954=CARTESIAN_POINT('Ctrl Pts',(-8.15844714054648,56.161205534436,-1.00656459654056));
#3955=CARTESIAN_POINT('Ctrl Pts',(-8.15700233425388,56.1661350118976,-1.00326915438549));
#3956=CARTESIAN_POINT('Ctrl Pts',(-8.15555277964333,56.1710773411522,-1.));
#3957=CARTESIAN_POINT('Ctrl Pts',(-9.16636206574926,52.1127474081196,-3.63777312367174));
#3958=CARTESIAN_POINT('Ctrl Pts',(-9.14260762242276,52.2289617976712,-3.63775012721642));
#3959=CARTESIAN_POINT('Ctrl Pts',(-9.09563276137618,52.4542268152225,-3.63827843221807));
#3960=CARTESIAN_POINT('Ctrl Pts',(-9.01120096280856,52.8456399002957,-3.59809237300836));
#3961=CARTESIAN_POINT('Ctrl Pts',(-8.94897065306583,53.1219926311021,-3.52510045071297));
#3962=CARTESIAN_POINT('Ctrl Pts',(-8.87384083348324,53.4482715438582,-3.40702698101106));
#3963=CARTESIAN_POINT('Ctrl Pts',(-8.77983216493646,53.8469757271826,-3.21894124539084));
#3964=CARTESIAN_POINT('Ctrl Pts',(-8.61137437009963,54.5233251292074,-2.73321145843311));
#3965=CARTESIAN_POINT('Ctrl Pts',(-8.49278142804688,54.9700988881008,-2.23508156609731));
#3966=CARTESIAN_POINT('Ctrl Pts',(-8.38430493679675,55.3675013642963,-1.75940708946129));
#3967=CARTESIAN_POINT('Ctrl Pts',(-8.30403072413798,55.6572559142554,-1.41609276605045));
#3968=CARTESIAN_POINT('Ctrl Pts',(-8.21139338784192,55.9804845205117,-1.12802705395372));
#3969=CARTESIAN_POINT('Ctrl Pts',(-8.15844790072842,56.1612033515865,-1.00656013608958));
#3970=CARTESIAN_POINT('Ctrl Pts',(-8.15700233425388,56.1661350118976,-1.00326915438549));
#3971=CARTESIAN_POINT('Ctrl Pts',(-8.15555277964333,56.1710773411522,-1.));
#3972=CARTESIAN_POINT('Ctrl Pts',(-9.25218349441151,52.1302894721551,-3.30856393661925));
#3973=CARTESIAN_POINT('Ctrl Pts',(-9.22838756813446,52.246706809665,-3.3081022963774));
#3974=CARTESIAN_POINT('Ctrl Pts',(-9.18348343582715,52.4509503609477,-3.31158503355877));
#3975=CARTESIAN_POINT('Ctrl Pts',(-9.10242859478625,52.799190712989,-3.28583195347866));
#3976=CARTESIAN_POINT('Ctrl Pts',(-9.04118781256384,53.0452783851909,-3.23227966574865));
#3977=CARTESIAN_POINT('Ctrl Pts',(-8.96534702757192,53.3423072257395,-3.1409413984047));
#3978=CARTESIAN_POINT('Ctrl Pts',(-8.86809083977234,53.7121321589457,-2.99129918983895));
#3979=CARTESIAN_POINT('Ctrl Pts',(-8.68336737981189,54.3752067333966,-2.57839014709066));
#3980=CARTESIAN_POINT('Ctrl Pts',(-8.543868634127,54.8438584222992,-2.140067728467));
#3981=CARTESIAN_POINT('Ctrl Pts',(-8.4077227395246,55.2986149686005,-1.71218246963491));
#3982=CARTESIAN_POINT('Ctrl Pts',(-8.30667121501634,55.6451103449663,-1.39835773911406));
#3983=CARTESIAN_POINT('Ctrl Pts',(-8.21158227635199,55.9800664290398,-1.12736951072002));
#3984=CARTESIAN_POINT('Ctrl Pts',(-8.15844784638985,56.1611997487771,-1.00655347356081));
#3985=CARTESIAN_POINT('Ctrl Pts',(-8.15700233425388,56.1661350118976,-1.00326915438549));
#3986=CARTESIAN_POINT('Ctrl Pts',(-8.15555277964333,56.1710773411522,-1.));
#3987=CARTESIAN_POINT('Ctrl Pts',(-9.41006618190435,52.1625609952148,-3.02008929846828));
#3988=CARTESIAN_POINT('Ctrl Pts',(-9.38619367737109,52.2793529782247,-3.01897758588426));
#3989=CARTESIAN_POINT('Ctrl Pts',(-9.34111647428971,52.4651821651824,-3.02457206976341));
#3990=CARTESIAN_POINT('Ctrl Pts',(-9.25766925916608,52.7748994308905,-3.0105437175762));
#3991=CARTESIAN_POINT('Ctrl Pts',(-9.19193167977194,52.9932945610718,-2.97340665802857));
#3992=CARTESIAN_POINT('Ctrl Pts',(-9.10847349530313,53.2629442431475,-2.90484923725106));
#3993=CARTESIAN_POINT('Ctrl Pts',(-8.99871954975821,53.6048072085648,-2.78824330947469));
#3994=CARTESIAN_POINT('Ctrl Pts',(-8.78053743211051,54.2502325987983,-2.43852935462954));
#3995=CARTESIAN_POINT('Ctrl Pts',(-8.60689297301324,54.7335856122936,-2.05366793064098));
#3996=CARTESIAN_POINT('Ctrl Pts',(-8.43337600209475,55.2367524765452,-1.66896386346892));
#3997=CARTESIAN_POINT('Ctrl Pts',(-8.30812001548884,55.6336551821419,-1.38207259001836));
#3998=CARTESIAN_POINT('Ctrl Pts',(-8.21181244808491,55.979703275803,-1.12676897513432));
#3999=CARTESIAN_POINT('Ctrl Pts',(-8.15844680937484,56.1611960997201,-1.00654732901626));
#4000=CARTESIAN_POINT('Ctrl Pts',(-8.15700233425388,56.1661350118976,-1.00326915438549));
#4001=CARTESIAN_POINT('Ctrl Pts',(-8.15555277964333,56.1710773411522,-0.999999999999999));
#4002=CARTESIAN_POINT('Ctrl Pts',(-9.71762846494435,52.2254273136632,-2.70544826979745));
#4003=CARTESIAN_POINT('Ctrl Pts',(-9.69360680453124,52.3429490152899,-2.70357439957295));
#4004=CARTESIAN_POINT('Ctrl Pts',(-9.64560951319299,52.5088478047147,-2.71038645279251));
#4005=CARTESIAN_POINT('Ctrl Pts',(-9.55223489909277,52.7755495895896,-2.706320238604));
#4006=CARTESIAN_POINT('Ctrl Pts',(-9.47415477409403,52.9614644275353,-2.68459743206351));
#4007=CARTESIAN_POINT('Ctrl Pts',(-9.37253134980168,53.1975974141886,-2.63811478876585));
#4008=CARTESIAN_POINT('Ctrl Pts',(-9.23525474987894,53.5030040335219,-2.55435524146982));
#4009=CARTESIAN_POINT('Ctrl Pts',(-8.95134021538426,54.1159163117053,-2.27057418640051));
#4010=CARTESIAN_POINT('Ctrl Pts',(-8.7128486782598,54.6050465717536,-1.94687266239701));
#4011=CARTESIAN_POINT('Ctrl Pts',(-8.47310276324827,55.1605320890498,-1.61428621210501));
#4012=CARTESIAN_POINT('Ctrl Pts',(-8.30849789035186,55.6184480952914,-1.36122798005588));
#4013=CARTESIAN_POINT('Ctrl Pts',(-8.2121994137628,55.9792823949198,-1.12601049537591));
#4014=CARTESIAN_POINT('Ctrl Pts',(-8.15844389282369,56.1611907507969,-1.00653940476643));
#4015=CARTESIAN_POINT('Ctrl Pts',(-8.15700233425388,56.1661350118976,-1.00326915438549));
#4016=CARTESIAN_POINT('Ctrl Pts',(-8.15555277964333,56.1710773411522,-1.));
#4017=CARTESIAN_POINT('Ctrl Pts',(-10.0363320414128,52.2905709337811,-2.55562363324397));
#4018=CARTESIAN_POINT('Ctrl Pts',(-10.0121556246687,52.4088497532356,-2.55419113042557));
#4019=CARTESIAN_POINT('Ctrl Pts',(-9.96045854664838,52.5657113723026,-2.55936909320935));
#4020=CARTESIAN_POINT('Ctrl Pts',(-9.85613813105323,52.8107139110054,-2.55322497173931));
#4021=CARTESIAN_POINT('Ctrl Pts',(-9.76564706189626,52.9772144489982,-2.5321152609935));
#4022=CARTESIAN_POINT('Ctrl Pts',(-9.64625532323093,53.190637674991,-2.48860018104226));
#4023=CARTESIAN_POINT('Ctrl Pts',(-9.48233013720951,53.4670896607828,-2.41151507365813));
#4024=CARTESIAN_POINT('Ctrl Pts',(-9.13470223127322,54.0396403089368,-2.1510768510528));
#4025=CARTESIAN_POINT('Ctrl Pts',(-8.82669339820375,54.5123002335523,-1.86296610690611));
#4026=CARTESIAN_POINT('Ctrl Pts',(-8.51427359681969,55.0984636455901,-1.56836273019387));
#4027=CARTESIAN_POINT('Ctrl Pts',(-8.30753286018281,55.6045867312265,-1.34322194219558));
#4028=CARTESIAN_POINT('Ctrl Pts',(-8.21260206734247,55.9789758457251,-1.12538864035646));
#4029=CARTESIAN_POINT('Ctrl Pts',(-8.15844016898429,56.1611852437026,-1.00653219013309));
#4030=CARTESIAN_POINT('Ctrl Pts',(-8.15700233425388,56.1661350118976,-1.00326915438549));
#4031=CARTESIAN_POINT('Ctrl Pts',(-8.15555277964333,56.1710773411522,-1.));
#4032=CARTESIAN_POINT('Ctrl Pts',(-10.3600292864284,52.3567352692935,-2.50151230839588));
#4033=CARTESIAN_POINT('Ctrl Pts',(-10.3356960954033,52.4757810790378,-2.50108826185809));
#4034=CARTESIAN_POINT('Ctrl Pts',(-10.2802871332996,52.6301290661339,-2.50242455168608));
#4035=CARTESIAN_POINT('Ctrl Pts',(-10.1657125779329,52.8659930806045,-2.48568115187281));
#4036=CARTESIAN_POINT('Ctrl Pts',(-10.0639863389272,53.0203691336633,-2.45532244350783));
#4037=CARTESIAN_POINT('Ctrl Pts',(-9.92858728451364,53.2166884724494,-2.40212455341299));
#4038=CARTESIAN_POINT('Ctrl Pts',(-9.74049321152655,53.4672232146929,-2.31470646622837));
#4039=CARTESIAN_POINT('Ctrl Pts',(-9.33284845602254,53.991373982848,-2.05069970925946));
#4040=CARTESIAN_POINT('Ctrl Pts',(-8.95179608542543,54.4320257354807,-1.78489602956889));
#4041=CARTESIAN_POINT('Ctrl Pts',(-8.55948212868608,55.0385646098165,-1.52287906915931));
#4042=CARTESIAN_POINT('Ctrl Pts',(-8.30596672074767,55.5901095822013,-1.32485095579212));
#4043=CARTESIAN_POINT('Ctrl Pts',(-8.21305637007356,55.9787101012071,-1.12475646534925));
#4044=CARTESIAN_POINT('Ctrl Pts',(-8.15843561247855,56.1611790396888,-1.00652505755747));
#4045=CARTESIAN_POINT('Ctrl Pts',(-8.15700233425388,56.1661350118976,-1.00326915438549));
#4046=CARTESIAN_POINT('Ctrl Pts',(-8.15555277964333,56.1710773411522,-1.));
#4047=CARTESIAN_POINT('Ctrl Pts',(-10.5234052936249,52.3901296373992,-2.49999999999999));
#4048=CARTESIAN_POINT('Ctrl Pts',(-10.4989926022518,52.5095643884575,-2.49998220963607));
#4049=CARTESIAN_POINT('Ctrl Pts',(-10.4417028183441,52.664262164211,-2.49865773318663));
#4050=CARTESIAN_POINT('Ctrl Pts',(-10.3220390266956,52.8985801063912,-2.47442354872226));
#4051=CARTESIAN_POINT('Ctrl Pts',(-10.2149110573789,53.0486986622689,-2.43699098199784));
#4052=CARTESIAN_POINT('Ctrl Pts',(-10.0718236246277,53.2378690602135,-2.37587526292403));
#4053=CARTESIAN_POINT('Ctrl Pts',(-9.8721705141165,53.4763099697659,-2.27912179034367));
#4054=CARTESIAN_POINT('Ctrl Pts',(-9.43526833069484,53.9742423280731,-2.00631949159806));
#4055=CARTESIAN_POINT('Ctrl Pts',(-9.01708157788519,54.395135757856,-1.74789538727222));
#4056=CARTESIAN_POINT('Ctrl Pts',(-8.58301111637634,55.0091852630105,-1.50054361620766));
#4057=CARTESIAN_POINT('Ctrl Pts',(-8.30489057403341,55.5826885137274,-1.31575103230686));
#4058=CARTESIAN_POINT('Ctrl Pts',(-8.21328776093735,55.9785902159873,-1.12446674328205));
#4059=CARTESIAN_POINT('Ctrl Pts',(-8.15843322016587,56.1611757164962,-1.00652113241317));
#4060=CARTESIAN_POINT('Ctrl Pts',(-8.15700233425388,56.1661350118976,-1.00326915438549));
#4061=CARTESIAN_POINT('Ctrl Pts',(-8.15555277964333,56.1710773411522,-1.));
#4062=CARTESIAN_POINT('Ctrl Pts',(-10.6333321488978,52.4125988967027,-2.49999999999999));
#4063=CARTESIAN_POINT('Ctrl Pts',(-10.6088663378586,52.5322935262807,-2.49999999999999));
#4064=CARTESIAN_POINT('Ctrl Pts',(-10.5502530923747,52.687349394774,-2.49677228561777));
#4065=CARTESIAN_POINT('Ctrl Pts',(-10.4270865210312,52.9208614294593,-2.46734533146258));
#4066=CARTESIAN_POINT('Ctrl Pts',(-10.3162488560315,53.0682833592882,-2.42519997313483));
#4067=CARTESIAN_POINT('Ctrl Pts',(-10.1679601795126,53.2528359459902,-2.35872088888079));
#4068=CARTESIAN_POINT('Ctrl Pts',(-9.96055086783219,53.4833943092513,-2.25567534655074));
#4069=CARTESIAN_POINT('Ctrl Pts',(-9.50405536236766,53.9635820318138,-1.9764958375282));
#4070=CARTESIAN_POINT('Ctrl Pts',(-9.06107439277082,54.3710126752167,-1.72307742501946));
#4071=CARTESIAN_POINT('Ctrl Pts',(-8.59891839828193,54.989676843541,-1.48545008223255));
#4072=CARTESIAN_POINT('Ctrl Pts',(-8.30416725790457,55.5776894069549,-1.30951826237282));
#4073=CARTESIAN_POINT('Ctrl Pts',(-8.21345741664324,55.9785139915314,-1.12425235637577));
#4074=CARTESIAN_POINT('Ctrl Pts',(-8.15843140272307,56.1611734364163,-1.0065187858445));
#4075=CARTESIAN_POINT('Ctrl Pts',(-8.15700233425388,56.1661350118976,-1.00326915438549));
#4076=CARTESIAN_POINT('Ctrl Pts',(-8.15555277964333,56.1710773411522,-1.));
#4077=CARTESIAN_POINT('',(-8.15555277964335,56.1710773411522,-1.));
#4078=CARTESIAN_POINT('Ctrl Pts',(-9.16371834769858,52.1122070270975,-4.));
#4079=CARTESIAN_POINT('Ctrl Pts',(-9.13996513309748,52.2284154053286,-4.));
#4080=CARTESIAN_POINT('Ctrl Pts',(-9.08828815227824,52.4767534759453,-3.9966955579075));
#4081=CARTESIAN_POINT('Ctrl Pts',(-8.99363419534465,52.914740832507,-3.9397060807544));
#4082=CARTESIAN_POINT('Ctrl Pts',(-8.92381632481904,53.2230291211251,-3.84489167730895));
#4083=CARTESIAN_POINT('Ctrl Pts',(-8.8411037837008,53.5795756358624,-3.69703538830354));
#4084=CARTESIAN_POINT('Ctrl Pts',(-8.73925271638345,54.0073200818543,-3.46644469235844));
#4085=CARTESIAN_POINT('Ctrl Pts',(-8.56669314010201,54.6923377489843,-2.90064155443391));
#4086=CARTESIAN_POINT('Ctrl Pts',(-8.45424854342124,55.111336777488,-2.33797828055581));
#4087=CARTESIAN_POINT('Ctrl Pts',(-8.36317793616349,55.4432839900343,-1.81055775770553));
#4088=CARTESIAN_POINT('Ctrl Pts',(-8.30020682029991,55.6701421234701,-1.4353076244534));
#4089=CARTESIAN_POINT('Ctrl Pts',(-8.2112562580919,55.9809565516998,-1.12874094791743));
#4090=CARTESIAN_POINT('Ctrl Pts',(-8.15844682267176,56.1612069313019,-1.0065673308099));
#4091=CARTESIAN_POINT('Ctrl Pts',(-8.15700233425388,56.1661350118976,-1.00326915438549));
#4092=CARTESIAN_POINT('Ctrl Pts',(-8.15555277964333,56.1710773411522,-1.));
#4093=CARTESIAN_POINT('Ctrl Pts',(-8.15555277964333,56.1710773411522,-1.));
#4094=CARTESIAN_POINT('Ctrl Pts',(-8.15700233425388,56.1661350118976,-1.00326915438549));
#4095=CARTESIAN_POINT('Ctrl Pts',(-8.15843140272307,56.1611734364163,-1.0065187858445));
#4096=CARTESIAN_POINT('Ctrl Pts',(-8.21345741664324,55.9785139915314,-1.12425235637577));
#4097=CARTESIAN_POINT('Ctrl Pts',(-8.30416725790457,55.5776894069549,-1.30951826237282));
#4098=CARTESIAN_POINT('Ctrl Pts',(-8.59891839828193,54.989676843541,-1.48545008223255));
#4099=CARTESIAN_POINT('Ctrl Pts',(-9.06107439277082,54.3710126752167,-1.72307742501946));
#4100=CARTESIAN_POINT('Ctrl Pts',(-9.50405536236766,53.9635820318138,-1.9764958375282));
#4101=CARTESIAN_POINT('Ctrl Pts',(-9.96055086783219,53.4833943092513,-2.25567534655074));
#4102=CARTESIAN_POINT('Ctrl Pts',(-10.1679601795126,53.2528359459902,-2.35872088888079));
#4103=CARTESIAN_POINT('Ctrl Pts',(-10.3162488560315,53.0682833592882,-2.42519997313483));
#4104=CARTESIAN_POINT('Ctrl Pts',(-10.4270865210312,52.9208614294593,-2.46734533146258));
#4105=CARTESIAN_POINT('Ctrl Pts',(-10.5502530923747,52.687349394774,-2.49677228561777));
#4106=CARTESIAN_POINT('Ctrl Pts',(-10.6088663378586,52.5322935262807,-2.49999999999999));
#4107=CARTESIAN_POINT('Ctrl Pts',(-10.6333321488978,52.4125988967027,-2.49999999999999));
#4108=CARTESIAN_POINT('Origin',(39.8234083589414,42.0991447069245,-2.5));
#4109=CARTESIAN_POINT('',(-10.1715885706379,42.8064508721892,-5.));
#4110=CARTESIAN_POINT('',(-10.1715885706379,42.8064508721892,-2.5));
#4111=CARTESIAN_POINT('',(2.44673406868375,75.3103509331377,-5.));
#4112=CARTESIAN_POINT('Origin',(39.8234083589414,42.0991447069245,-5.));
#4113=CARTESIAN_POINT('',(2.44673406868375,75.3103509331377,-4.));
#4114=CARTESIAN_POINT('',(2.44673406868375,75.3103509331377,-2.5));
#4115=CARTESIAN_POINT('',(-3.08828555856517,67.7620854022209,-3.99999999999999));
#4116=CARTESIAN_POINT('Origin',(39.8234083589414,42.0991447069245,-4.));
#4117=CARTESIAN_POINT('',(-5.08285018091827,64.0861395891577,-1.));
#4118=CARTESIAN_POINT('Ctrl Pts',(-5.08285018091827,64.0861395891577,-1.));
#4119=CARTESIAN_POINT('Ctrl Pts',(-5.08058528137817,64.0907654220584,-1.00326916236035));
#4120=CARTESIAN_POINT('Ctrl Pts',(-5.07832706069655,64.0953758061753,-1.00656585978799));
#4121=CARTESIAN_POINT('Ctrl Pts',(-5.02518727474696,64.2038239183935,-1.08513762811204));
#4122=CARTESIAN_POINT('Ctrl Pts',(-4.93756988321193,64.3809590726996,-1.24937999433703));
#4123=CARTESIAN_POINT('Ctrl Pts',(-4.86212124504696,64.5314542047917,-1.44593791168081));
#4124=CARTESIAN_POINT('Ctrl Pts',(-4.78023912970031,64.6939797969439,-1.68595365049226));
#4125=CARTESIAN_POINT('Ctrl Pts',(-4.73588227215263,64.7812850374,-1.84169779437157));
#4126=CARTESIAN_POINT('Ctrl Pts',(-4.58935397800859,65.067697316818,-2.33490061681794));
#4127=CARTESIAN_POINT('Ctrl Pts',(-4.3909624428721,65.4503351601953,-2.89433802316223));
#4128=CARTESIAN_POINT('Ctrl Pts',(-4.05966606300025,66.0659972851974,-3.45729861745238));
#4129=CARTESIAN_POINT('Ctrl Pts',(-3.76152084461257,66.6033822423671,-3.78349953408528));
#4130=CARTESIAN_POINT('Ctrl Pts',(-3.50844776294804,67.047793894235,-3.9382435978556));
#4131=CARTESIAN_POINT('Ctrl Pts',(-3.27852143493329,67.442243396675,-3.99684954797922));
#4132=CARTESIAN_POINT('Ctrl Pts',(-3.14916310693217,67.6602904149281,-3.99999999999999));
#4133=CARTESIAN_POINT('Ctrl Pts',(-3.08828555856517,67.7620854022209,-3.99999999999999));
#4134=CARTESIAN_POINT('',(-5.08285018091827,64.0861395891577,-2.5));
#4135=CARTESIAN_POINT('',(-8.15555277964335,56.1710773411522,-2.5));
#4136=CARTESIAN_POINT('Origin',(-16.6709381714831,42.8984006736736,-2.5));
#4137=CARTESIAN_POINT('',(-21.5299058245408,47.2158574883434,-5.));
#4138=CARTESIAN_POINT('',(-21.5299058245408,47.2158574883434,-2.5));
#4139=CARTESIAN_POINT('Origin',(-16.6709381714831,42.8984006736736,-5.));
#4140=CARTESIAN_POINT('Origin',(-58.9065801194737,80.4270637092941,-2.5));
#4141=CARTESIAN_POINT('',(-14.0003215796145,58.4400688270612,-2.5));
#4142=CARTESIAN_POINT('',(-10.9276189808894,66.3551310750666,-1.));
#4143=CARTESIAN_POINT('',(-10.9276189808895,66.3551310750666,-2.5));
#4144=CARTESIAN_POINT('',(-9.91945341282652,70.4140013891592,-4.));
#4145=CARTESIAN_POINT('Ctrl Pts',(-9.91945341283423,70.4140013891213,-4.));
#4146=CARTESIAN_POINT('Ctrl Pts',(-9.94320662743533,70.2977930108902,-4.));
#4147=CARTESIAN_POINT('Ctrl Pts',(-9.99488336913293,70.0494557879312,-3.99669288106123));
#4148=CARTESIAN_POINT('Ctrl Pts',(-10.0895371027814,69.6114692334157,-3.93970136222354));
#4149=CARTESIAN_POINT('Ctrl Pts',(-10.1593545383561,69.3031825126776,-3.84488368695126));
#4150=CARTESIAN_POINT('Ctrl Pts',(-10.2420667711584,68.9466370907852,-3.69702508220202));
#4151=CARTESIAN_POINT('Ctrl Pts',(-10.3439174903096,68.5188939475394,-3.46643338341687));
#4152=CARTESIAN_POINT('Ctrl Pts',(-10.5164756598881,67.8338814681465,-2.90062724673655));
#4153=CARTESIAN_POINT('Ctrl Pts',(-10.6289208788681,67.4148802177565,-2.3379669746778));
#4154=CARTESIAN_POINT('Ctrl Pts',(-10.7199928734689,67.0829280033972,-1.81055253055885));
#4155=CARTESIAN_POINT('Ctrl Pts',(-10.7829643168269,66.8560686749782,-1.43530361386603));
#4156=CARTESIAN_POINT('Ctrl Pts',(-10.8719154032423,66.5452522498926,-1.12874034916788));
#4157=CARTESIAN_POINT('Ctrl Pts',(-10.9247249391722,66.365001479817,-1.00656733856569));
#4158=CARTESIAN_POINT('Ctrl Pts',(-10.9261694262932,66.3600734042725,-1.00326915449452));
#4159=CARTESIAN_POINT('Ctrl Pts',(-10.9276189808895,66.3551310750666,-1.));
#4160=CARTESIAN_POINT('',(-8.91158318989491,79.7197575440297,-4.));
#4161=CARTESIAN_POINT('Origin',(-58.9065801194737,80.4270637092941,-4.));
#4162=CARTESIAN_POINT('',(-8.91158318989491,79.7197575440297,-5.));
#4163=CARTESIAN_POINT('',(-8.91158318989491,79.7197575440297,-2.5));
#4164=CARTESIAN_POINT('Origin',(-58.9065801194737,80.4270637092941,-5.));
#4165=CARTESIAN_POINT('Ctrl Pts',(-5.08285018091827,64.0861395891577,-1.));
#4166=CARTESIAN_POINT('Ctrl Pts',(-5.08058528137817,64.0907654220584,-1.00326916236035));
#4167=CARTESIAN_POINT('Ctrl Pts',(-5.07832706069655,64.0953758061753,-1.00656585978799));
#4168=CARTESIAN_POINT('Ctrl Pts',(-5.02518727474696,64.2038239183935,-1.08513762811204));
#4169=CARTESIAN_POINT('Ctrl Pts',(-4.93756988321193,64.3809590726996,-1.24937999433703));
#4170=CARTESIAN_POINT('Ctrl Pts',(-4.86212124504696,64.5314542047917,-1.44593791168081));
#4171=CARTESIAN_POINT('Ctrl Pts',(-4.78023912970031,64.6939797969439,-1.68595365049226));
#4172=CARTESIAN_POINT('Ctrl Pts',(-4.73588227215263,64.7812850374,-1.84169779437157));
#4173=CARTESIAN_POINT('Ctrl Pts',(-4.58935397800859,65.067697316818,-2.33490061681794));
#4174=CARTESIAN_POINT('Ctrl Pts',(-4.3909624428721,65.4503351601953,-2.89433802316223));
#4175=CARTESIAN_POINT('Ctrl Pts',(-4.05966606300025,66.0659972851974,-3.45729861745238));
#4176=CARTESIAN_POINT('Ctrl Pts',(-3.76152084461257,66.6033822423671,-3.78349953408528));
#4177=CARTESIAN_POINT('Ctrl Pts',(-3.50844776294804,67.047793894235,-3.9382435978556));
#4178=CARTESIAN_POINT('Ctrl Pts',(-3.27852143493329,67.442243396675,-3.99684954797922));
#4179=CARTESIAN_POINT('Ctrl Pts',(-3.14916310693217,67.6602904149281,-3.99999999999999));
#4180=CARTESIAN_POINT('Ctrl Pts',(-3.08828555856517,67.7620854022209,-3.99999999999999));
#4181=CARTESIAN_POINT('Ctrl Pts',(-5.08285018091827,64.0861395891577,-1.));
#4182=CARTESIAN_POINT('Ctrl Pts',(-5.0805838332265,64.0907682195142,-1.00326717799786));
#4183=CARTESIAN_POINT('Ctrl Pts',(-5.07832717910405,64.0953757358557,-1.00656309723106));
#4184=CARTESIAN_POINT('Ctrl Pts',(-5.02509580861084,64.2040083194014,-1.08482503858856));
#4185=CARTESIAN_POINT('Ctrl Pts',(-4.9360662972256,64.3840304007125,-1.24441366658652));
#4186=CARTESIAN_POINT('Ctrl Pts',(-4.85521172765353,64.5452410991684,-1.43248903235831));
#4187=CARTESIAN_POINT('Ctrl Pts',(-4.76457587135448,64.7249608614781,-1.66090485366769));
#4188=CARTESIAN_POINT('Ctrl Pts',(-4.71268724616312,64.8269154262277,-1.80842715297162));
#4189=CARTESIAN_POINT('Ctrl Pts',(-4.54830885686567,65.1472933458756,-2.27148888762354));
#4190=CARTESIAN_POINT('Ctrl Pts',(-4.34064717400032,65.5456689802566,-2.79189556021858));
#4191=CARTESIAN_POINT('Ctrl Pts',(-4.0105427498683,66.1558032212121,-3.30556156772613));
#4192=CARTESIAN_POINT('Ctrl Pts',(-3.72353539610115,66.6707105287633,-3.59460671475043));
#4193=CARTESIAN_POINT('Ctrl Pts',(-3.48576855713909,67.086960230074,-3.72726192094127));
#4194=CARTESIAN_POINT('Ctrl Pts',(-3.27107532081031,67.4547763490996,-3.77486109603228));
#4195=CARTESIAN_POINT('Ctrl Pts',(-3.14871661693517,67.6610297318247,-3.77573708669267));
#4196=CARTESIAN_POINT('Ctrl Pts',(-3.08828555856517,67.7620854022209,-3.77560052474358));
#4197=CARTESIAN_POINT('Ctrl Pts',(-5.08285018091827,64.0861395891577,-0.999999999999999));
#4198=CARTESIAN_POINT('Ctrl Pts',(-5.08058301368122,64.0907613720465,-1.00327005826994));
#4199=CARTESIAN_POINT('Ctrl Pts',(-5.07832534416824,64.0953882014143,-1.00655004040858));
#4200=CARTESIAN_POINT('Ctrl Pts',(-5.02492816515567,64.2042173042019,-1.08436699377977));
#4201=CARTESIAN_POINT('Ctrl Pts',(-4.93313967329792,64.3901624256156,-1.23453351174147));
#4202=CARTESIAN_POINT('Ctrl Pts',(-4.84156254921883,64.5727416164894,-1.40549214204465));
#4203=CARTESIAN_POINT('Ctrl Pts',(-4.73360245446936,64.7869354751703,-1.6110872868874));
#4204=CARTESIAN_POINT('Ctrl Pts',(-4.66796242281947,64.9182853470358,-1.74131814542435));
#4205=CARTESIAN_POINT('Ctrl Pts',(-4.46616008171267,65.3078607327909,-2.14534453510947));
#4206=CARTESIAN_POINT('Ctrl Pts',(-4.24419229283389,65.7383461941124,-2.58611669174672));
#4207=CARTESIAN_POINT('Ctrl Pts',(-3.91994863020258,66.3385221019585,-3.0026416825282));
#4208=CARTESIAN_POINT('Ctrl Pts',(-3.65830086521432,66.8099753625336,-3.21909358599689));
#4209=CARTESIAN_POINT('Ctrl Pts',(-3.45417385329375,67.1701995241559,-3.30894272283135));
#4210=CARTESIAN_POINT('Ctrl Pts',(-3.2694321658728,67.4875677872304,-3.33602628162472));
#4211=CARTESIAN_POINT('Ctrl Pts',(-3.16303572307461,67.6689684758615,-3.33261844253367));
#4212=CARTESIAN_POINT('Ctrl Pts',(-3.10196408666517,67.7702657191317,-3.33247470064424));
#4213=CARTESIAN_POINT('Ctrl Pts',(-5.08285018091827,64.0861395891577,-1.));
#4214=CARTESIAN_POINT('Ctrl Pts',(-5.08058442423281,64.0907625583559,-1.00326887794443));
#4215=CARTESIAN_POINT('Ctrl Pts',(-5.07831943764006,64.0953950837627,-1.00653653246772));
#4216=CARTESIAN_POINT('Ctrl Pts',(-5.02473886987066,64.2046903693889,-1.08354038543844));
#4217=CARTESIAN_POINT('Ctrl Pts',(-4.92833047744333,64.3992251381442,-1.21966190680735));
#4218=CARTESIAN_POINT('Ctrl Pts',(-4.82339044532163,64.6152539653769,-1.36508601562327));
#4219=CARTESIAN_POINT('Ctrl Pts',(-4.6984368403815,64.8858069805384,-1.53611758490311));
#4220=CARTESIAN_POINT('Ctrl Pts',(-4.62490128554312,65.0676762549402,-1.64137389418061));
#4221=CARTESIAN_POINT('Ctrl Pts',(-4.42659800684673,65.5886271623505,-1.95686163865319));
#4222=CARTESIAN_POINT('Ctrl Pts',(-4.25781483085427,66.1054963200686,-2.28144160535996));
#4223=CARTESIAN_POINT('Ctrl Pts',(-4.03913353429673,66.7419016106582,-2.56077216264488));
#4224=CARTESIAN_POINT('Ctrl Pts',(-3.88122024123646,67.1898263181721,-2.6752891198202));
#4225=CARTESIAN_POINT('Ctrl Pts',(-3.76641679067012,67.4972393621851,-2.70705130969967));
#4226=CARTESIAN_POINT('Ctrl Pts',(-3.65127581268349,67.7599201361306,-2.70790352126966));
#4227=CARTESIAN_POINT('Ctrl Pts',(-3.57403235190359,67.9147431867298,-2.70097436154584));
#4228=CARTESIAN_POINT('Ctrl Pts',(-3.51320649863009,68.0162054308088,-2.70241791808306));
#4229=CARTESIAN_POINT('Ctrl Pts',(-5.08285018091827,64.0861395891577,-0.999999999999999));
#4230=CARTESIAN_POINT('Ctrl Pts',(-5.08058475240238,64.0907631674514,-1.00326918095701));
#4231=CARTESIAN_POINT('Ctrl Pts',(-5.07831503593434,64.0954010006068,-1.00652380554737));
#4232=CARTESIAN_POINT('Ctrl Pts',(-5.02459805225593,64.2050870940709,-1.08288901676389));
#4233=CARTESIAN_POINT('Ctrl Pts',(-4.92411539745938,64.4066108317324,-1.20726232124131));
#4234=CARTESIAN_POINT('Ctrl Pts',(-4.81078761593982,64.6518548019372,-1.33150709654008));
#4235=CARTESIAN_POINT('Ctrl Pts',(-4.68129053358537,64.9722505029479,-1.47499369955782));
#4236=CARTESIAN_POINT('Ctrl Pts',(-4.61323133281384,65.1991681918062,-1.56114199863021));
#4237=CARTESIAN_POINT('Ctrl Pts',(-4.47427555804186,65.8309298443385,-1.81972063337689));
#4238=CARTESIAN_POINT('Ctrl Pts',(-4.41664525378103,66.4042358845801,-2.09086408192939));
#4239=CARTESIAN_POINT('Ctrl Pts',(-4.32652759373871,67.0609809534412,-2.34322846852721));
#4240=CARTESIAN_POINT('Ctrl Pts',(-4.26036379972853,67.5037374409892,-2.45282481487372));
#4241=CARTESIAN_POINT('Ctrl Pts',(-4.2027890785274,67.7993066726799,-2.49011142575363));
#4242=CARTESIAN_POINT('Ctrl Pts',(-4.12296121929296,68.0528101310944,-2.49862726010798));
#4243=CARTESIAN_POINT('Ctrl Pts',(-4.0589529268282,68.2024830679181,-2.4949798453849));
#4244=CARTESIAN_POINT('Ctrl Pts',(-3.9972432766217,68.3056791381815,-2.49555053271003));
#4245=CARTESIAN_POINT('Ctrl Pts',(-5.08285018091827,64.0861395891577,-1.));
#4246=CARTESIAN_POINT('Ctrl Pts',(-5.08058502644939,64.0907630559033,-1.0032700183143));
#4247=CARTESIAN_POINT('Ctrl Pts',(-5.07831223129065,64.0954049861459,-1.00651543973976));
#4248=CARTESIAN_POINT('Ctrl Pts',(-5.02451913967988,64.2053199322761,-1.08251407885016));
#4249=CARTESIAN_POINT('Ctrl Pts',(-4.92153347826126,64.4110045062169,-1.19981669213458));
#4250=CARTESIAN_POINT('Ctrl Pts',(-4.80382574279313,64.6740665810924,-1.31140071187095));
#4251=CARTESIAN_POINT('Ctrl Pts',(-4.67389919619543,65.0247570393053,-1.43886461060531));
#4252=CARTESIAN_POINT('Ctrl Pts',(-4.612402699486,65.2788324679445,-1.51435615074996));
#4253=CARTESIAN_POINT('Ctrl Pts',(-4.52232837076174,65.9722217925852,-1.74596884183201));
#4254=CARTESIAN_POINT('Ctrl Pts',(-4.54527603387184,66.5659325352071,-2.00283832892887));
#4255=CARTESIAN_POINT('Ctrl Pts',(-4.53267876851908,67.2218047534589,-2.27467743981376));
#4256=CARTESIAN_POINT('Ctrl Pts',(-4.51209312614798,67.6609838158413,-2.41245207770513));
#4257=CARTESIAN_POINT('Ctrl Pts',(-4.47535031819292,67.9580700524967,-2.47393867250817));
#4258=CARTESIAN_POINT('Ctrl Pts',(-4.40369404447341,68.217473389405,-2.49874711183274));
#4259=CARTESIAN_POINT('Ctrl Pts',(-4.341977756436,68.3697961486963,-2.50009659420843));
#4260=CARTESIAN_POINT('Ctrl Pts',(-4.27934276011583,68.4743861188241,-2.5));
#4261=CARTESIAN_POINT('Ctrl Pts',(-5.08285018091827,64.0861395891577,-1.));
#4262=CARTESIAN_POINT('Ctrl Pts',(-5.08058528137817,64.0907654220584,-1.00326916236035));
#4263=CARTESIAN_POINT('Ctrl Pts',(-5.07831111536624,64.0954038805917,-1.00651390469986));
#4264=CARTESIAN_POINT('Ctrl Pts',(-5.02449723331073,64.205428469854,-1.08236032407361));
#4265=CARTESIAN_POINT('Ctrl Pts',(-4.92064741884288,64.4124684343084,-1.19732259299674));
#4266=CARTESIAN_POINT('Ctrl Pts',(-4.80146722604966,64.6814796435597,-1.30471523476096));
#4267=CARTESIAN_POINT('Ctrl Pts',(-4.67137948399165,65.0422861228684,-1.42675273742122));
#4268=CARTESIAN_POINT('Ctrl Pts',(-4.61196474153352,65.305458753121,-1.49885686986464));
#4269=CARTESIAN_POINT('Ctrl Pts',(-4.53897421693055,66.0193940325209,-1.72123691890683));
#4270=CARTESIAN_POINT('Ctrl Pts',(-4.58820046211366,66.6203091796368,-1.97331215490184));
#4271=CARTESIAN_POINT('Ctrl Pts',(-4.60213442260207,67.2763297600643,-2.2512264950801));
#4272=CARTESIAN_POINT('Ctrl Pts',(-4.59710238171685,67.7147183385013,-2.39764238178915));
#4273=CARTESIAN_POINT('Ctrl Pts',(-4.56766682505562,68.0125607031364,-2.46670548214713));
#4274=CARTESIAN_POINT('Ctrl Pts',(-4.49940436652288,68.2737077055275,-2.49682121028023));
#4275=CARTESIAN_POINT('Ctrl Pts',(-4.4383402509073,68.4271247861692,-2.5));
#4276=CARTESIAN_POINT('Ctrl Pts',(-4.37563637609035,68.5319736230797,-2.5));
#4277=CARTESIAN_POINT('',(-4.37563637608907,68.531973623081,-2.5));
#4278=CARTESIAN_POINT('Ctrl Pts',(-3.08828555856517,67.7620854022209,-3.99999999999999));
#4279=CARTESIAN_POINT('Ctrl Pts',(-3.08828555856517,67.7620854022209,-3.77560052474358));
#4280=CARTESIAN_POINT('Ctrl Pts',(-3.10196408666517,67.7702657191317,-3.33247470064424));
#4281=CARTESIAN_POINT('Ctrl Pts',(-3.51320649863009,68.0162054308088,-2.70241791808306));
#4282=CARTESIAN_POINT('Ctrl Pts',(-3.9972432766217,68.3056791381815,-2.49555053271003));
#4283=CARTESIAN_POINT('Ctrl Pts',(-4.27934276011583,68.4743861188241,-2.5));
#4284=CARTESIAN_POINT('Ctrl Pts',(-4.37563637609035,68.5319736230797,-2.5));
#4285=CARTESIAN_POINT('Ctrl Pts',(-4.37563637609035,68.5319736230797,-2.5));
#4286=CARTESIAN_POINT('Ctrl Pts',(-4.4383402509073,68.4271247861692,-2.5));
#4287=CARTESIAN_POINT('Ctrl Pts',(-4.49940436652288,68.2737077055275,-2.49682121028023));
#4288=CARTESIAN_POINT('Ctrl Pts',(-4.56766682505562,68.0125607031364,-2.46670548214713));
#4289=CARTESIAN_POINT('Ctrl Pts',(-4.59710238171685,67.7147183385013,-2.39764238178915));
#4290=CARTESIAN_POINT('Ctrl Pts',(-4.60213442260207,67.2763297600643,-2.2512264950801));
#4291=CARTESIAN_POINT('Ctrl Pts',(-4.58820046211366,66.6203091796368,-1.97331215490184));
#4292=CARTESIAN_POINT('Ctrl Pts',(-4.53897421693055,66.0193940325209,-1.72123691890683));
#4293=CARTESIAN_POINT('Ctrl Pts',(-4.61196474153352,65.305458753121,-1.49885686986464));
#4294=CARTESIAN_POINT('Ctrl Pts',(-4.67137948399165,65.0422861228684,-1.42675273742122));
#4295=CARTESIAN_POINT('Ctrl Pts',(-4.80146722604966,64.6814796435597,-1.30471523476096));
#4296=CARTESIAN_POINT('Ctrl Pts',(-4.92064741884288,64.4124684343084,-1.19732259299674));
#4297=CARTESIAN_POINT('Ctrl Pts',(-5.02449723331073,64.205428469854,-1.08236032407361));
#4298=CARTESIAN_POINT('Ctrl Pts',(-5.07831111536624,64.0954038805917,-1.00651390469986));
#4299=CARTESIAN_POINT('Ctrl Pts',(-5.08058528137817,64.0907654220584,-1.00326916236035));
#4300=CARTESIAN_POINT('Ctrl Pts',(-5.08285018091827,64.0861395891577,-1.));
#4301=CARTESIAN_POINT('Ctrl Pts',(1.32543383997604,76.3066871199241,-2.5));
#4302=CARTESIAN_POINT('Ctrl Pts',(-0.812284545677924,73.9008484617118,-2.5));
#4303=CARTESIAN_POINT('Ctrl Pts',(-2.72378007853142,71.2940870019858,-2.5));
#4304=CARTESIAN_POINT('Ctrl Pts',(-4.3756363760899,68.5319736230805,-2.5));
#4305=CARTESIAN_POINT('Ctrl Pts',(1.40930690095168,76.2321613474261,-2.5));
#4306=CARTESIAN_POINT('Ctrl Pts',(-0.723757749272024,73.8315601127578,-2.5));
#4307=CARTESIAN_POINT('Ctrl Pts',(-2.63108249383457,71.2304864770349,-2.5));
#4308=CARTESIAN_POINT('Ctrl Pts',(-4.27934276011538,68.4743861188249,-2.5));
#4309=CARTESIAN_POINT('Ctrl Pts',(1.5752821492581,76.0846833198963,-2.50115010665179));
#4310=CARTESIAN_POINT('Ctrl Pts',(-0.548562055299991,73.6944589921101,-2.50115010665179));
#4311=CARTESIAN_POINT('Ctrl Pts',(-2.44765319635219,71.1046137584089,-2.50115010665179));
#4312=CARTESIAN_POINT('Ctrl Pts',(-4.08878864612713,68.3604269976602,-2.50115010665179));
#4313=CARTESIAN_POINT('Ctrl Pts',(1.82233810287696,75.8651606796172,-2.57487645341315));
#4314=CARTESIAN_POINT('Ctrl Pts',(-0.287787161318554,73.4903759706768,-2.57487645341315));
#4315=CARTESIAN_POINT('Ctrl Pts',(-2.17461222539415,70.9172583390938,-2.57487645341315));
#4316=CARTESIAN_POINT('Ctrl Pts',(-3.80514678489943,68.1907976123141,-2.57487645341315));
#4317=CARTESIAN_POINT('Ctrl Pts',(2.05811895446103,75.6556565802064,-2.75144380425814));
#4318=CARTESIAN_POINT('Ctrl Pts',(-0.0389146476345198,73.2956055363697,
-2.75144380425814));
#4319=CARTESIAN_POINT('Ctrl Pts',(-1.91403134852514,70.7384549365598,-2.75144380425814));
#4320=CARTESIAN_POINT('Ctrl Pts',(-3.53444972779337,68.0289097470562,-2.75144380425814));
#4321=CARTESIAN_POINT('Ctrl Pts',(2.25892106644252,75.4772329917435,-3.0198825229344));
#4322=CARTESIAN_POINT('Ctrl Pts',(0.173033863610946,73.1297263683642,-3.0198825229344));
#4323=CARTESIAN_POINT('Ctrl Pts',(-1.69210598446873,70.5861814898076,-3.0198825229344));
#4324=CARTESIAN_POINT('Ctrl Pts',(-3.30391132567597,67.8910383930868,-3.0198825229344));
#4325=CARTESIAN_POINT('Ctrl Pts',(2.39054508928003,75.3602778947536,-3.3351551922021));
#4326=CARTESIAN_POINT('Ctrl Pts',(0.311977929474761,73.0210094203328,-3.3351551922021));
#4327=CARTESIAN_POINT('Ctrl Pts',(-1.54664642298365,70.4863499106325,-3.3351551922021));
#4328=CARTESIAN_POINT('Ctrl Pts',(-3.1527954255204,67.8006649300568,-3.3351551922021));
#4329=CARTESIAN_POINT('Ctrl Pts',(2.44597855240454,75.311022250408,-3.66580577430869));
#4330=CARTESIAN_POINT('Ctrl Pts',(0.370476855685421,72.9752037203987,-3.66580577430869));
#4331=CARTESIAN_POINT('Ctrl Pts',(-1.48537269740372,70.4443282844407,-3.66580577430869));
#4332=CARTESIAN_POINT('Ctrl Pts',(-3.08915295738871,67.7626041420463,-3.66580577430869));
#4333=CARTESIAN_POINT('Ctrl Pts',(2.44673406868375,75.3103509331377,-3.88780026237179));
#4334=CARTESIAN_POINT('Ctrl Pts',(0.371286149443453,72.9745929255707,-3.88780026237179));
#4335=CARTESIAN_POINT('Ctrl Pts',(-1.48454685347662,70.4437400595544,-3.88780026237179));
#4336=CARTESIAN_POINT('Ctrl Pts',(-3.08828555856474,67.7620854022216,-3.88780026237179));
#4337=CARTESIAN_POINT('Ctrl Pts',(2.44673406868375,75.3103509331377,-4.));
#4338=CARTESIAN_POINT('Ctrl Pts',(0.371279325330386,72.974585245553,-4.));
#4339=CARTESIAN_POINT('Ctrl Pts',(-1.48454158035262,70.443748876887,-4.));
#4340=CARTESIAN_POINT('Ctrl Pts',(-3.08828555856474,67.7620854022216,-4.));
#4341=CARTESIAN_POINT('',(1.32543383997604,76.3066871199241,-2.5));
#4342=CARTESIAN_POINT('Ctrl Pts',(2.44673406868375,75.3103509331377,-4.));
#4343=CARTESIAN_POINT('Ctrl Pts',(2.44673406868375,75.3103509331377,-3.88780026237179));
#4344=CARTESIAN_POINT('Ctrl Pts',(2.44597855240454,75.311022250408,-3.66580577430869));
#4345=CARTESIAN_POINT('Ctrl Pts',(2.39054508928003,75.3602778947536,-3.3351551922021));
#4346=CARTESIAN_POINT('Ctrl Pts',(2.25892106644252,75.4772329917435,-3.0198825229344));
#4347=CARTESIAN_POINT('Ctrl Pts',(2.05811895446103,75.6556565802064,-2.75144380425814));
#4348=CARTESIAN_POINT('Ctrl Pts',(1.82233810287696,75.8651606796172,-2.57487645341315));
#4349=CARTESIAN_POINT('Ctrl Pts',(1.5752821492581,76.0846833198963,-2.50115010665179));
#4350=CARTESIAN_POINT('Ctrl Pts',(1.40930690095168,76.2321613474261,-2.5));
#4351=CARTESIAN_POINT('Ctrl Pts',(1.32543383997604,76.3066871199241,-2.5));
#4352=CARTESIAN_POINT('Origin',(39.8234083589414,42.0991447069245,-2.5));
#4353=CARTESIAN_POINT('Ctrl Pts',(2.44673406868375,75.3103509331377,-4.));
#4354=CARTESIAN_POINT('Ctrl Pts',(3.23906993541838,76.2020643932786,-4.));
#4355=CARTESIAN_POINT('Ctrl Pts',(4.32086508492823,78.4318319948349,-4.));
#4356=CARTESIAN_POINT('Ctrl Pts',(3.94958217561096,82.1294819890534,-4.));
#4357=CARTESIAN_POINT('Ctrl Pts',(1.70260451940124,85.091043735259,-4.));
#4358=CARTESIAN_POINT('Ctrl Pts',(-1.76371920383167,86.4329404394994,-4.));
#4359=CARTESIAN_POINT('Ctrl Pts',(-5.42099318789382,85.770170710381,-4.));
#4360=CARTESIAN_POINT('Ctrl Pts',(-8.18760490325809,83.286017586863,-4.));
#4361=CARTESIAN_POINT('Ctrl Pts',(-8.89470864340344,80.9125124519598,-4.));
#4362=CARTESIAN_POINT('Ctrl Pts',(-8.9115831898949,79.7197575440297,-4.));
#4363=CARTESIAN_POINT('Ctrl Pts',(2.44673406868375,75.3103509331377,-3.88780026237179));
#4364=CARTESIAN_POINT('Ctrl Pts',(3.23908967047048,76.2020866035714,-3.88780026237179));
#4365=CARTESIAN_POINT('Ctrl Pts',(4.3209128912877,78.4318061094461,-3.88780026237179));
#4366=CARTESIAN_POINT('Ctrl Pts',(3.94961679600424,82.1295067359942,-3.88780026237179));
#4367=CARTESIAN_POINT('Ctrl Pts',(1.70264414688129,85.0910954845711,-3.88780026237179));
#4368=CARTESIAN_POINT('Ctrl Pts',(-1.76371549990162,86.4329810867389,-3.88780026237179));
#4369=CARTESIAN_POINT('Ctrl Pts',(-5.42100990272305,85.770232829011,-3.88780026237179));
#4370=CARTESIAN_POINT('Ctrl Pts',(-8.18763885825487,83.2860255590005,-3.88780026237179));
#4371=CARTESIAN_POINT('Ctrl Pts',(-8.89470822310182,80.9125421604221,-3.88780026237179));
#4372=CARTESIAN_POINT('Ctrl Pts',(-8.9115831898949,79.7197575440297,-3.88780026237179));
#4373=CARTESIAN_POINT('Ctrl Pts',(2.44587394972444,75.3111151955735,-3.66576986820469));
#4374=CARTESIAN_POINT('Ctrl Pts',(3.2380725285749,76.2026741486937,-3.66576986820469));
#4375=CARTESIAN_POINT('Ctrl Pts',(4.3196804051236,78.4320398085247,-3.66576986820469));
#4376=CARTESIAN_POINT('Ctrl Pts',(3.94846123546427,82.1290428735145,-3.66576986820469));
#4377=CARTESIAN_POINT('Ctrl Pts',(1.7018820853252,85.0900844356629,-3.66576986820469));
#4378=CARTESIAN_POINT('Ctrl Pts',(-1.76383344457148,86.4317419314644,-3.66576986820469));
#4379=CARTESIAN_POINT('Ctrl Pts',(-5.42046310139528,85.7690927538237,-3.66576986820469));
#4380=CARTESIAN_POINT('Ctrl Pts',(-8.18658767353749,83.2853712215279,-3.66576986820469));
#4381=CARTESIAN_POINT('Ctrl Pts',(-8.89356107311326,80.9122895068842,-3.66576986820469));
#4382=CARTESIAN_POINT('Ctrl Pts',(-8.91043269575526,79.7197412673691,-3.66576986820469));
#4383=CARTESIAN_POINT('Ctrl Pts',(2.39076116261672,75.3600859018521,-3.33527526441024));
#4384=CARTESIAN_POINT('Ctrl Pts',(3.17395933016817,76.2415155799525,-3.33527526441024));
#4385=CARTESIAN_POINT('Ctrl Pts',(4.24327796734308,78.4456226613344,-3.33527526441024));
#4386=CARTESIAN_POINT('Ctrl Pts',(3.87627899009655,82.1006509200148,-3.33527526441025));
#4387=CARTESIAN_POINT('Ctrl Pts',(1.65518277204125,85.0280827340021,-3.33527526441024));
#4388=CARTESIAN_POINT('Ctrl Pts',(-1.77119171749099,86.354527291608,-3.33527526441024));
#4389=CARTESIAN_POINT('Ctrl Pts',(-5.38632497147664,85.6993810472461,-3.33527526441024));
#4390=CARTESIAN_POINT('Ctrl Pts',(-8.1210576180165,83.2438726236556,-3.33527526441024));
#4391=CARTESIAN_POINT('Ctrl Pts',(-8.82003395557952,80.897697660553,-3.33527526441024));
#4392=CARTESIAN_POINT('Ctrl Pts',(-8.83671389453625,79.7186983277591,-3.33527526441024));
#4393=CARTESIAN_POINT('Ctrl Pts',(2.25877073181963,75.4773665722254,-3.019863463456));
#4394=CARTESIAN_POINT('Ctrl Pts',(3.02046731293138,76.3345978581444,-3.019863463456));
#4395=CARTESIAN_POINT('Ctrl Pts',(4.06043055517416,78.4780820907145,-3.019863463456));
#4396=CARTESIAN_POINT('Ctrl Pts',(3.70350274510013,82.0327218620256,-3.019863463456));
#4397=CARTESIAN_POINT('Ctrl Pts',(1.54344958609683,84.8797345736043,-3.019863463456));
#4398=CARTESIAN_POINT('Ctrl Pts',(-1.78880408857601,86.1697152690169,-3.019863463456));
#4399=CARTESIAN_POINT('Ctrl Pts',(-5.30461248233061,85.5325962614538,-3.019863463456));
#4400=CARTESIAN_POINT('Ctrl Pts',(-7.96421099280924,83.1445086815537,-3.019863463456));
#4401=CARTESIAN_POINT('Ctrl Pts',(-8.64394162967211,80.8628321672202,-3.019863463456));
#4402=CARTESIAN_POINT('Ctrl Pts',(-8.6601636447417,79.7162005762274,-3.019863463456));
#4403=CARTESIAN_POINT('Ctrl Pts',(2.05810421864858,75.6556696737766,-2.75124413869717));
#4404=CARTESIAN_POINT('Ctrl Pts',(2.78706914795042,76.4760639872487,-2.75124413869717));
#4405=CARTESIAN_POINT('Ctrl Pts',(3.7823425320942,78.5274863335609,-2.75124413869717));
#4406=CARTESIAN_POINT('Ctrl Pts',(3.44075446000551,81.9293952048049,-2.75124413869717));
#4407=CARTESIAN_POINT('Ctrl Pts',(1.37349494339561,84.6540876432915,-2.75124413869717));
#4408=CARTESIAN_POINT('Ctrl Pts',(-1.81558835757991,85.8886558631625,-2.75124413869717));
#4409=CARTESIAN_POINT('Ctrl Pts',(-5.18034804063799,85.2788975675499,-2.75124413869717));
#4410=CARTESIAN_POINT('Ctrl Pts',(-7.7256821197331,82.9934273911501,-2.75124413869717));
#4411=CARTESIAN_POINT('Ctrl Pts',(-8.37622742336181,80.8097617155557,-2.75124413869717));
#4412=CARTESIAN_POINT('Ctrl Pts',(-8.39175234543916,79.7124032169218,-2.75124413869717));
#4413=CARTESIAN_POINT('Ctrl Pts',(1.82242768948931,75.8650810770438,-2.57516691098481));
#4414=CARTESIAN_POINT('Ctrl Pts',(2.51295036891554,76.6422115764046,-2.57516691098481));
#4415=CARTESIAN_POINT('Ctrl Pts',(3.45573698550407,78.5855100036514,-2.57516691098481));
#4416=CARTESIAN_POINT('Ctrl Pts',(3.13216492200287,81.8080413465772,-2.57516691098482));
#4417=CARTESIAN_POINT('Ctrl Pts',(1.17388864191377,84.3890725260242,-2.57516691098482));
#4418=CARTESIAN_POINT('Ctrl Pts',(-1.84704563266907,85.5585605028428,-2.57516691098482));
#4419=CARTESIAN_POINT('Ctrl Pts',(-5.03440339093223,84.9809365591153,-2.57516691098482));
#4420=CARTESIAN_POINT('Ctrl Pts',(-7.44553752025281,82.8159871715487,-2.57516691098482));
#4421=CARTESIAN_POINT('Ctrl Pts',(-8.06180547939821,80.7474322076478,-2.57516691098482));
#4422=CARTESIAN_POINT('Ctrl Pts',(-8.07651168865439,79.7079433374583,-2.57516691098482));
#4423=CARTESIAN_POINT('Ctrl Pts',(1.57525524052042,76.084707229772,-2.50101133511554));
#4424=CARTESIAN_POINT('Ctrl Pts',(2.22548799551834,76.8164944985293,-2.50101133511554));
#4425=CARTESIAN_POINT('Ctrl Pts',(3.11326670733208,78.6463279354632,-2.50101133511555));
#4426=CARTESIAN_POINT('Ctrl Pts',(2.80857108595752,81.6808024974994,-2.50101133511555));
#4427=CARTESIAN_POINT('Ctrl Pts',(0.964601039487352,84.1112024482662,-2.50101133511555));
#4428=CARTESIAN_POINT('Ctrl Pts',(-1.88003218593369,85.2124202161605,-2.50101133511555));
#4429=CARTESIAN_POINT('Ctrl Pts',(-4.88136306861274,84.6685279796431,-2.50101133511555));
#4430=CARTESIAN_POINT('Ctrl Pts',(-7.15177519441119,82.6299028043414,-2.50101133511555));
#4431=CARTESIAN_POINT('Ctrl Pts',(-7.73204595652032,80.6821037289053,-2.50101133511555));
#4432=CARTESIAN_POINT('Ctrl Pts',(-7.74589410263504,79.7032659122898,-2.50101133511555));
#4433=CARTESIAN_POINT('Ctrl Pts',(1.40930690095167,76.2321613474261,-2.49999999999998));
#4434=CARTESIAN_POINT('Ctrl Pts',(2.03246242218421,76.9334752590811,-2.49999999999998));
#4435=CARTESIAN_POINT('Ctrl Pts',(2.8832709910551,78.6871958518694,-2.5));
#4436=CARTESIAN_POINT('Ctrl Pts',(2.59126687685989,81.5953420123351,-2.5));
#4437=CARTESIAN_POINT('Ctrl Pts',(0.824033658570428,83.9245730432132,-2.5));
#4438=CARTESIAN_POINT('Ctrl Pts',(-1.90218401257424,84.9799703377221,-2.5));
#4439=CARTESIAN_POINT('Ctrl Pts',(-4.77859084530736,84.4586956348807,-2.5));
#4440=CARTESIAN_POINT('Ctrl Pts',(-6.95450038385813,82.5049572513244,-2.5));
#4441=CARTESIAN_POINT('Ctrl Pts',(-7.51065031629851,80.6382022392833,-2.5));
#4442=CARTESIAN_POINT('Ctrl Pts',(-7.52392179277197,79.7001255503951,-2.5));
#4443=CARTESIAN_POINT('Ctrl Pts',(1.32543383997603,76.3066871199241,-2.49999999999998));
#4444=CARTESIAN_POINT('Ctrl Pts',(1.93492296823344,76.9926205508017,-2.49999999999998));
#4445=CARTESIAN_POINT('Ctrl Pts',(2.76707308324102,78.7078263981526,-2.5));
#4446=CARTESIAN_POINT('Ctrl Pts',(2.48147084530466,81.5521725475516,-2.5));
#4447=CARTESIAN_POINT('Ctrl Pts',(0.753026494374104,83.8302969677097,-2.5));
#4448=CARTESIAN_POINT('Ctrl Pts',(-1.91337636965121,84.8625252017408,-2.5));
#4449=CARTESIAN_POINT('Ctrl Pts',(-4.72666404969902,84.3527023331881,-2.5));
#4450=CARTESIAN_POINT('Ctrl Pts',(-6.85482690767153,82.4418153150974,-2.5));
#4451=CARTESIAN_POINT('Ctrl Pts',(-7.39875286162949,80.6160421344026,-2.5));
#4452=CARTESIAN_POINT('Ctrl Pts',(-7.41173328200754,79.6985383590718,-2.5));
#4453=CARTESIAN_POINT('',(-7.41173328200754,79.6985383590718,-2.5));
#4454=CARTESIAN_POINT('Ctrl Pts',(-8.9115831898949,79.7197575440297,-4.));
#4455=CARTESIAN_POINT('Ctrl Pts',(-8.9115831898949,79.7197575440297,-3.88780026237179));
#4456=CARTESIAN_POINT('Ctrl Pts',(-8.91043269575526,79.7197412673691,-3.66576986820469));
#4457=CARTESIAN_POINT('Ctrl Pts',(-8.83671389453625,79.7186983277591,-3.33527526441024));
#4458=CARTESIAN_POINT('Ctrl Pts',(-8.6601636447417,79.7162005762274,-3.019863463456));
#4459=CARTESIAN_POINT('Ctrl Pts',(-8.39175234543916,79.7124032169218,-2.75124413869717));
#4460=CARTESIAN_POINT('Ctrl Pts',(-8.07651168865439,79.7079433374583,-2.57516691098482));
#4461=CARTESIAN_POINT('Ctrl Pts',(-7.74589410263504,79.7032659122898,-2.50101133511555));
#4462=CARTESIAN_POINT('Ctrl Pts',(-7.52392179277197,79.7001255503951,-2.5));
#4463=CARTESIAN_POINT('Ctrl Pts',(-7.41173328200754,79.6985383590718,-2.5));
#4464=CARTESIAN_POINT('Origin',(-2.41223358904967,79.6278077425453,-2.5));
#4465=CARTESIAN_POINT('Origin',(-2.41223358904967,79.6278077425453,-4.));
#4466=CARTESIAN_POINT('Ctrl Pts',(-8.44983961162709,70.1136095195551,-2.5));
#4467=CARTESIAN_POINT('Ctrl Pts',(-7.80532447230441,73.2667852199463,-2.5));
#4468=CARTESIAN_POINT('Ctrl Pts',(-7.45726076571574,76.4804886374887,-2.5));
#4469=CARTESIAN_POINT('Ctrl Pts',(-7.41173328200754,79.6985383590718,-2.5));
#4470=CARTESIAN_POINT('Ctrl Pts',(-8.5597664669,70.1360787788586,-2.5));
#4471=CARTESIAN_POINT('Ctrl Pts',(-7.91665441367104,73.2823901300571,-2.5));
#4472=CARTESIAN_POINT('Ctrl Pts',(-7.56935016479858,76.4890814063971,-2.5));
#4473=CARTESIAN_POINT('Ctrl Pts',(-7.52392179277197,79.7001255503951,-2.5));
#4474=CARTESIAN_POINT('Ctrl Pts',(-8.77729911028278,70.1805428669015,-2.5011505221365));
#4475=CARTESIAN_POINT('Ctrl Pts',(-8.13696699142809,73.3132538835496,-2.5011505221365));
#4476=CARTESIAN_POINT('Ctrl Pts',(-7.79116199513101,76.5061024264069,-2.5011505221365));
#4477=CARTESIAN_POINT('Ctrl Pts',(-7.74592999307186,79.7032664200511,-2.5011505221365));
#4478=CARTESIAN_POINT('Ctrl Pts',(-9.10109876947337,70.2467281360668,-2.57487672874948));
#4479=CARTESIAN_POINT('Ctrl Pts',(-8.46490286651058,73.3592034520367,-2.57487672874948));
#4480=CARTESIAN_POINT('Ctrl Pts',(-8.12133139306366,76.5314296781146,-2.57487672874948));
#4481=CARTESIAN_POINT('Ctrl Pts',(-8.0763915664557,79.7079416380248,-2.57487672874948));
#4482=CARTESIAN_POINT('Ctrl Pts',(-9.41012112058583,70.3098928952194,-2.75144454887375));
#4483=CARTESIAN_POINT('Ctrl Pts',(-8.77787231115929,73.4030577580032,-2.75144454887375));
#4484=CARTESIAN_POINT('Ctrl Pts',(-8.4364328111338,76.555599282284,-2.75144454887375));
#4485=CARTESIAN_POINT('Ctrl Pts',(-8.39177180068655,79.7124034921657,-2.75144454887375));
#4486=CARTESIAN_POINT('Ctrl Pts',(-9.67329893661022,70.3636869437847,-3.01988280441644));
#4487=CARTESIAN_POINT('Ctrl Pts',(-9.04441073030277,73.4404106534483,-3.01988280441644));
#4488=CARTESIAN_POINT('Ctrl Pts',(-8.70478790886855,76.5761786213749,-3.01988280441644));
#4489=CARTESIAN_POINT('Ctrl Pts',(-8.66036428586873,79.7162034148055,-3.01988280441644));
#4490=CARTESIAN_POINT('Ctrl Pts',(-9.84580937489254,70.3989484070613,-3.33515508765583));
#4491=CARTESIAN_POINT('Ctrl Pts',(-9.21912813774557,73.4648749125885,-3.33515508765583));
#4492=CARTESIAN_POINT('Ctrl Pts',(-8.88069171222474,76.5896887806498,-3.33515508765583));
#4493=CARTESIAN_POINT('Ctrl Pts',(-8.83642398587711,79.7186942262651,-3.33515508765583));
#4494=CARTESIAN_POINT('Ctrl Pts',(-9.91846267617982,70.4137988806951,-3.6658057442744));
#4495=CARTESIAN_POINT('Ctrl Pts',(-9.29270566618145,73.4752037692597,-3.6658057442744));
#4496=CARTESIAN_POINT('Ctrl Pts',(-8.95477451011896,76.5953524390993,-3.6658057442744));
#4497=CARTESIAN_POINT('Ctrl Pts',(-8.91057206964885,79.7197432391666,-3.6658057442744));
#4498=CARTESIAN_POINT('Ctrl Pts',(-9.91945341282649,70.4140013891592,-3.88780026237179));
#4499=CARTESIAN_POINT('Ctrl Pts',(-9.29371261656305,73.475326954909,-3.88780026237179));
#4500=CARTESIAN_POINT('Ctrl Pts',(-8.95578448505358,76.5954476987793,-3.88780026237179));
#4501=CARTESIAN_POINT('Ctrl Pts',(-8.91158318989489,79.7197575440297,-3.88780026237179));
#4502=CARTESIAN_POINT('Ctrl Pts',(-9.91945341282649,70.4140013891592,-4.));
#4503=CARTESIAN_POINT('Ctrl Pts',(-9.29371055911515,73.4753370206069,-4.));
#4504=CARTESIAN_POINT('Ctrl Pts',(-8.95578463038829,76.5954374259879,-4.));
#4505=CARTESIAN_POINT('Ctrl Pts',(-8.91158318989489,79.7197575440297,-4.));
#4506=CARTESIAN_POINT('',(-8.4498396115496,70.1136095195393,-2.49999999999999));
#4507=CARTESIAN_POINT('Ctrl Pts',(-9.91945341282649,70.4140013891592,-4.));
#4508=CARTESIAN_POINT('Ctrl Pts',(-9.91945341282649,70.4140013891592,-3.88780026237179));
#4509=CARTESIAN_POINT('Ctrl Pts',(-9.91846267617982,70.4137988806951,-3.6658057442744));
#4510=CARTESIAN_POINT('Ctrl Pts',(-9.84580937489254,70.3989484070613,-3.33515508765583));
#4511=CARTESIAN_POINT('Ctrl Pts',(-9.67329893661022,70.3636869437847,-3.01988280441644));
#4512=CARTESIAN_POINT('Ctrl Pts',(-9.41012112058583,70.3098928952194,-2.75144454887375));
#4513=CARTESIAN_POINT('Ctrl Pts',(-9.10109876947337,70.2467281360668,-2.57487672874948));
#4514=CARTESIAN_POINT('Ctrl Pts',(-8.77729911028278,70.1805428669015,-2.5011505221365));
#4515=CARTESIAN_POINT('Ctrl Pts',(-8.5597664669,70.1360787788586,-2.5));
#4516=CARTESIAN_POINT('Ctrl Pts',(-8.44983961162709,70.1136095195551,-2.5));
#4517=CARTESIAN_POINT('Origin',(-58.9065801194737,80.4270637092941,-2.5));
#4518=CARTESIAN_POINT('Ctrl Pts',(-9.91945341283423,70.4140013891213,-4.));
#4519=CARTESIAN_POINT('Ctrl Pts',(-9.94320662743533,70.2977930108902,-4.));
#4520=CARTESIAN_POINT('Ctrl Pts',(-9.99488336913293,70.0494557879312,-3.99669288106123));
#4521=CARTESIAN_POINT('Ctrl Pts',(-10.0895371027814,69.6114692334157,-3.93970136222354));
#4522=CARTESIAN_POINT('Ctrl Pts',(-10.1593545383561,69.3031825126776,-3.84488368695126));
#4523=CARTESIAN_POINT('Ctrl Pts',(-10.2420667711584,68.9466370907852,-3.69702508220202));
#4524=CARTESIAN_POINT('Ctrl Pts',(-10.3439174903096,68.5188939475394,-3.46643338341687));
#4525=CARTESIAN_POINT('Ctrl Pts',(-10.5164756598881,67.8338814681465,-2.90062724673655));
#4526=CARTESIAN_POINT('Ctrl Pts',(-10.6289208788681,67.4148802177565,-2.3379669746778));
#4527=CARTESIAN_POINT('Ctrl Pts',(-10.7199928734689,67.0829280033972,-1.81055253055885));
#4528=CARTESIAN_POINT('Ctrl Pts',(-10.7829643168269,66.8560686749782,-1.43530361386603));
#4529=CARTESIAN_POINT('Ctrl Pts',(-10.8719154032423,66.5452522498926,-1.12874034916788));
#4530=CARTESIAN_POINT('Ctrl Pts',(-10.9247249391722,66.365001479817,-1.00656733856569));
#4531=CARTESIAN_POINT('Ctrl Pts',(-10.9261694262932,66.3600734042725,-1.00326915449452));
#4532=CARTESIAN_POINT('Ctrl Pts',(-10.9276189808895,66.3551310750666,-1.));
#4533=CARTESIAN_POINT('Ctrl Pts',(-9.91945341283423,70.4140013891213,-3.88780026237179));
#4534=CARTESIAN_POINT('Ctrl Pts',(-9.94320645992828,70.2977938303887,-3.88780374729278));
#4535=CARTESIAN_POINT('Ctrl Pts',(-9.99340358107517,70.0565944518911,-3.88573133464198));
#4536=CARTESIAN_POINT('Ctrl Pts',(-10.0848031244772,69.632981786905,-3.83404014032742));
#4537=CARTESIAN_POINT('Ctrl Pts',(-10.1521965088674,69.3345188236923,-3.74605295612321));
#4538=CARTESIAN_POINT('Ctrl Pts',(-10.2324578510251,68.9872564542113,-3.60748085226745));
#4539=CARTESIAN_POINT('Ctrl Pts',(-10.3317547829217,68.5683851096746,-3.39010965578147));
#4540=CARTESIAN_POINT('Ctrl Pts',(-10.5028314704712,67.8858838134753,-2.84908589031255));
#4541=CARTESIAN_POINT('Ctrl Pts',(-10.6171004210386,67.4583221675732,-2.30629175760708));
#4542=CARTESIAN_POINT('Ctrl Pts',(-10.7134699853348,67.1062366109329,-1.79479817653622));
#4543=CARTESIAN_POINT('Ctrl Pts',(-10.7817499565287,66.8600269814618,-1.42937783279855));
#4544=CARTESIAN_POINT('Ctrl Pts',(-10.8718690622991,66.5453963877432,-1.12851892780104));
#4545=CARTESIAN_POINT('Ctrl Pts',(-10.924724659317,66.3650025957224,-1.00656514734104));
#4546=CARTESIAN_POINT('Ctrl Pts',(-10.9261694262932,66.3600734042725,-1.00326915449452));
#4547=CARTESIAN_POINT('Ctrl Pts',(-10.9276189808895,66.3551310750666,-1.));
#4548=CARTESIAN_POINT('Ctrl Pts',(-9.91818528991016,70.4137421823721,-3.66570834666954));
#4549=CARTESIAN_POINT('Ctrl Pts',(-9.94193920256066,70.2975303890584,-3.6656940512479));
#4550=CARTESIAN_POINT('Ctrl Pts',(-9.98923629543866,70.0704893180085,-3.66593560176846));
#4551=CARTESIAN_POINT('Ctrl Pts',(-10.074365531466,69.6754854206059,-3.62448779887015));
#4552=CARTESIAN_POINT('Ctrl Pts',(-10.1370820991143,69.3966509552205,-3.54982836592556));
#4553=CARTESIAN_POINT('Ctrl Pts',(-10.2126839650851,69.0680118838027,-3.42947985313197));
#4554=CARTESIAN_POINT('Ctrl Pts',(-10.3071432087742,68.6670258116431,-3.238133187929));
#4555=CARTESIAN_POINT('Ctrl Pts',(-10.4756465586137,67.9899252182648,-2.74622330552146));
#4556=CARTESIAN_POINT('Ctrl Pts',(-10.5935490367756,67.5452664101364,-2.24305320518749));
#4557=CARTESIAN_POINT('Ctrl Pts',(-10.700560699813,67.1528862417812,-1.76336832296062));
#4558=CARTESIAN_POINT('Ctrl Pts',(-10.7794546506812,66.8679630075032,-1.41758560692486));
#4559=CARTESIAN_POINT('Ctrl Pts',(-10.8717934447026,66.5456879327249,-1.12808443463455));
#4560=CARTESIAN_POINT('Ctrl Pts',(-10.9247238820258,66.3650047846404,-1.00656065722886));
#4561=CARTESIAN_POINT('Ctrl Pts',(-10.9261694262932,66.3600734042724,-1.00326915449452));
#4562=CARTESIAN_POINT('Ctrl Pts',(-10.9276189808895,66.3551310750665,-1.));
#4563=CARTESIAN_POINT('Ctrl Pts',(-9.84049680316965,70.3978625072086,-3.30790657228305));
#4564=CARTESIAN_POINT('Ctrl Pts',(-9.86428829654691,70.2814668568725,-3.3074837148025));
#4565=CARTESIAN_POINT('Ctrl Pts',(-9.90893932952849,70.0772579443466,-3.31101177904927));
#4566=CARTESIAN_POINT('Ctrl Pts',(-9.98934239535623,69.7290310459265,-3.28535693994894));
#4567=CARTESIAN_POINT('Ctrl Pts',(-10.049922019437,69.4828799671733,-3.23187184717347));
#4568=CARTESIAN_POINT('Ctrl Pts',(-10.1249242991188,69.1857369224396,-3.14061948021201));
#4569=CARTESIAN_POINT('Ctrl Pts',(-10.2210262222041,68.8157112016441,-2.99107868628995));
#4570=CARTESIAN_POINT('Ctrl Pts',(-10.4035120938141,68.152061349069,-2.57834968333985));
#4571=CARTESIAN_POINT('Ctrl Pts',(-10.5412000859448,67.682901983597,-2.14005519055495));
#4572=CARTESIAN_POINT('Ctrl Pts',(-10.6759661296372,67.2277305468567,-1.71219346749922));
#4573=CARTESIAN_POINT('Ctrl Pts',(-10.7764329510104,66.8810665571982,-1.39836931635315));
#4574=CARTESIAN_POINT('Ctrl Pts',(-10.8716021169914,66.5461442156362,-1.12737095825766));
#4575=CARTESIAN_POINT('Ctrl Pts',(-10.9247237222786,66.365008629776,-1.00655345523249));
#4576=CARTESIAN_POINT('Ctrl Pts',(-10.9261694262932,66.3600734042724,-1.00326915449452));
#4577=CARTESIAN_POINT('Ctrl Pts',(-10.9276189808895,66.3551310750665,-0.999999999999999));
#4578=CARTESIAN_POINT('Ctrl Pts',(-9.65374488198642,70.3596900576093,-2.99389018066428));
#4579=CARTESIAN_POINT('Ctrl Pts',(-9.67762692400701,70.2428514141387,-2.99268859685298));
#4580=CARTESIAN_POINT('Ctrl Pts',(-9.7228508895914,70.0586942037916,-2.99844669642519));
#4581=CARTESIAN_POINT('Ctrl Pts',(-9.80688523105554,69.7525354782564,-2.98547003554059));
#4582=CARTESIAN_POINT('Ctrl Pts',(-9.87339028956584,69.5367169859245,-2.94982927038575));
#4583=CARTESIAN_POINT('Ctrl Pts',(-9.95801546080149,69.2696444115376,-2.8833600648298));
#4584=CARTESIAN_POINT('Ctrl Pts',(-10.0695475930346,68.9304396787872,-2.76978515982719));
#4585=CARTESIAN_POINT('Ctrl Pts',(-10.2920149233807,68.2868956417564,-2.42583569524466));
#4586=CARTESIAN_POINT('Ctrl Pts',(-10.4696529582837,67.8024034064939,-2.04584292809791));
#4587=CARTESIAN_POINT('Ctrl Pts',(-10.6472685363143,67.29501044849,-1.66505958065004));
#4588=CARTESIAN_POINT('Ctrl Pts',(-10.7750120970691,66.8936067452512,-1.38061000595083));
#4589=CARTESIAN_POINT('Ctrl Pts',(-10.8713398526075,66.5465363039049,-1.12671739528584));
#4590=CARTESIAN_POINT('Ctrl Pts',(-10.9247250415957,66.3650126769537,-1.00654673078294));
#4591=CARTESIAN_POINT('Ctrl Pts',(-10.9261694262932,66.3600734042724,-1.00326915449452));
#4592=CARTESIAN_POINT('Ctrl Pts',(-10.9276189808895,66.3551310750665,-0.999999999999999));
#4593=CARTESIAN_POINT('Ctrl Pts',(-9.38390627305571,70.3045345302441,-2.73638881850479));
#4594=CARTESIAN_POINT('Ctrl Pts',(-9.40791909227329,70.1870560825943,-2.73465083336579));
#4595=CARTESIAN_POINT('Ctrl Pts',(-9.45578553539913,70.0191528801728,-2.74118516088839));
#4596=CARTESIAN_POINT('Ctrl Pts',(-9.54860779096854,69.748303541907,-2.73566109251134));
#4597=CARTESIAN_POINT('Ctrl Pts',(-9.62591829699285,69.559462702468,-2.71194537817834));
#4598=CARTESIAN_POINT('Ctrl Pts',(-9.72637974459469,69.3205058805641,-2.66276152288396));
#4599=CARTESIAN_POINT('Ctrl Pts',(-9.86187793848247,69.012325903684,-2.57514058792032));
#4600=CARTESIAN_POINT('Ctrl Pts',(-10.1415631434563,68.3979616268952,-2.28431675858222));
#4601=CARTESIAN_POINT('Ctrl Pts',(-10.376345643661,67.9107562341723,-1.95505275984109));
#4602=CARTESIAN_POINT('Ctrl Pts',(-10.6124392385587,67.3599942825108,-1.61826979393118));
#4603=CARTESIAN_POINT('Ctrl Pts',(-10.774806811062,66.9067220755835,-1.36271646605017));
#4604=CARTESIAN_POINT('Ctrl Pts',(-10.8709983414147,66.5468906896315,-1.12606833843368));
#4605=CARTESIAN_POINT('Ctrl Pts',(-10.9247277005404,66.3650173670569,-1.00653991897015));
#4606=CARTESIAN_POINT('Ctrl Pts',(-10.9261694262932,66.3600734042724,-1.00326915449452));
#4607=CARTESIAN_POINT('Ctrl Pts',(-10.9276189808895,66.3551310750665,-0.999999999999999));
#4608=CARTESIAN_POINT('Ctrl Pts',(-9.10122806545204,70.2467545643718,-2.57517275516718));
#4609=CARTESIAN_POINT('Ctrl Pts',(-9.12537798157038,70.128605394516,-2.57360575372049));
#4610=CARTESIAN_POINT('Ctrl Pts',(-9.17644295487786,69.9705730258608,-2.5791712441818));
#4611=CARTESIAN_POINT('Ctrl Pts',(-9.27891207607455,69.722613125454,-2.57383438047887));
#4612=CARTESIAN_POINT('Ctrl Pts',(-9.36734245647633,69.5532464245977,-2.55318943630088));
#4613=CARTESIAN_POINT('Ctrl Pts',(-9.48377870060343,69.3363123158056,-2.50988804211123));
#4614=CARTESIAN_POINT('Ctrl Pts',(-9.64326874912309,69.0551520652033,-2.43265200943303));
#4615=CARTESIAN_POINT('Ctrl Pts',(-9.98022324383465,68.4754050951094,-2.16979907420981));
#4616=CARTESIAN_POINT('Ctrl Pts',(-10.2762502531156,67.9991353380444,-1.87656173186372));
#4617=CARTESIAN_POINT('Ctrl Pts',(-10.5760132998267,67.417514002381,-1.57594375175633));
#4618=CARTESIAN_POINT('Ctrl Pts',(-10.7754323079667,66.9192690905198,-1.34620964202731));
#4619=CARTESIAN_POINT('Ctrl Pts',(-10.8706393470236,66.5471817306139,-1.12548861659357));
#4620=CARTESIAN_POINT('Ctrl Pts',(-10.9247309270905,66.3650222434522,-1.00653344192357));
#4621=CARTESIAN_POINT('Ctrl Pts',(-10.9261694262932,66.3600734042724,-1.00326915449452));
#4622=CARTESIAN_POINT('Ctrl Pts',(-10.9276189808895,66.3551310750665,-0.999999999999999));
#4623=CARTESIAN_POINT('Ctrl Pts',(-8.77707015512098,70.1804960679885,-2.50093375885447));
#4624=CARTESIAN_POINT('Ctrl Pts',(-8.8013772563408,70.061577897977,-2.50033968869142));
#4625=CARTESIAN_POINT('Ctrl Pts',(-8.85617744386861,69.907434052387,-2.50256477794542));
#4626=CARTESIAN_POINT('Ctrl Pts',(-8.96913135398882,69.6712646715222,-2.48843802544296));
#4627=CARTESIAN_POINT('Ctrl Pts',(-9.06913012192742,69.5155807142723,-2.46057501616524));
#4628=CARTESIAN_POINT('Ctrl Pts',(-9.20207243625242,69.3169747815915,-2.41021431620359));
#4629=CARTESIAN_POINT('Ctrl Pts',(-9.38644743137216,69.0624565444939,-2.32616469241168));
#4630=CARTESIAN_POINT('Ctrl Pts',(-9.78458480873062,68.5294839384178,-2.06545201109549));
#4631=CARTESIAN_POINT('Ctrl Pts',(-10.1532658391995,68.0820324036784,-1.79728168508236));
#4632=CARTESIAN_POINT('Ctrl Pts',(-10.5316200759387,67.4778633802221,-1.53040015572714));
#4633=CARTESIAN_POINT('Ctrl Pts',(-10.7768964442024,66.933612084873,-1.3279447264322));
#4634=CARTESIAN_POINT('Ctrl Pts',(-10.8702003019209,66.5474572749395,-1.12486208129239));
#4635=CARTESIAN_POINT('Ctrl Pts',(-10.9247352493667,66.3650282819043,-1.00652624851194));
#4636=CARTESIAN_POINT('Ctrl Pts',(-10.9261694262932,66.3600734042724,-1.00326915449452));
#4637=CARTESIAN_POINT('Ctrl Pts',(-10.9276189808895,66.3551310750665,-0.999999999999999));
#4638=CARTESIAN_POINT('Ctrl Pts',(-8.55976646690796,70.1360787788197,-2.50000000000001));
#4639=CARTESIAN_POINT('Ctrl Pts',(-8.58417897258009,70.0166449362701,-2.49999724130099));
#4640=CARTESIAN_POINT('Ctrl Pts',(-8.64147773148924,69.8618924893001,-2.49869000465819));
#4641=CARTESIAN_POINT('Ctrl Pts',(-8.76112300162174,69.6274776505566,-2.47442068783999));
#4642=CARTESIAN_POINT('Ctrl Pts',(-8.86824992128937,69.4773071300003,-2.43696572442603));
#4643=CARTESIAN_POINT('Ctrl Pts',(-9.01131307021786,69.2880981121991,-2.37579192302025));
#4644=CARTESIAN_POINT('Ctrl Pts',(-9.2109405468291,69.0496405121891,-2.27897488593935));
#4645=CARTESIAN_POINT('Ctrl Pts',(-9.64779695999009,68.5517747747008,-2.00610312868601));
#4646=CARTESIAN_POINT('Ctrl Pts',(-10.0660357593348,68.1310051790579,-1.74776779817571));
#4647=CARTESIAN_POINT('Ctrl Pts',(-10.5001265443825,67.517005968324,-1.50045597796346));
#4648=CARTESIAN_POINT('Ctrl Pts',(-10.7782695813161,66.9435156222805,-1.31569345667069));
#4649=CARTESIAN_POINT('Ctrl Pts',(-10.8698837611499,66.5476170733513,-1.12445869019854));
#4650=CARTESIAN_POINT('Ctrl Pts',(-10.9247385409209,66.365032714907,-1.00652123623652));
#4651=CARTESIAN_POINT('Ctrl Pts',(-10.9261694262932,66.3600734042725,-1.00326915449452));
#4652=CARTESIAN_POINT('Ctrl Pts',(-10.9276189808895,66.3551310750666,-1.));
#4653=CARTESIAN_POINT('Ctrl Pts',(-8.44983961163506,70.1136095195161,-2.50000000000001));
#4654=CARTESIAN_POINT('Ctrl Pts',(-8.4743054226742,69.9939148899382,-2.50000000000001));
#4655=CARTESIAN_POINT('Ctrl Pts',(-8.53292407257813,69.8388432421844,-2.4967726340444));
#4656=CARTESIAN_POINT('Ctrl Pts',(-8.65609566413725,69.6053236331543,-2.46734635453123));
#4657=CARTESIAN_POINT('Ctrl Pts',(-8.7669431229355,69.4578929130064,-2.42520266003491));
#4658=CARTESIAN_POINT('Ctrl Pts',(-8.91523905163736,69.2733389166233,-2.35872503019556));
#4659=CARTESIAN_POINT('Ctrl Pts',(-9.12265651508138,69.042778121782,-2.2556813687822));
#4660=CARTESIAN_POINT('Ctrl Pts',(-9.57916974278887,68.5626078245516,-1.97650731731793));
#4661=CARTESIAN_POINT('Ctrl Pts',(-10.0221458129727,68.1551975920257,-1.72309087030339));
#4662=CARTESIAN_POINT('Ctrl Pts',(-10.4842834865776,67.5365256119489,-1.48546052795388));
#4663=CARTESIAN_POINT('Ctrl Pts',(-10.7790305418901,66.9485138017283,-1.30952776520841));
#4664=CARTESIAN_POINT('Ctrl Pts',(-10.8697195563652,66.5476936132386,-1.12425424237365));
#4665=CARTESIAN_POINT('Ctrl Pts',(-10.9247402880209,66.3650349903886,-1.00651876080724));
#4666=CARTESIAN_POINT('Ctrl Pts',(-10.9261694262932,66.3600734042725,-1.00326915449452));
#4667=CARTESIAN_POINT('Ctrl Pts',(-10.9276189808895,66.3551310750666,-1.));
#4668=CARTESIAN_POINT('Ctrl Pts',(-10.9276189808895,66.3551310750666,-1.));
#4669=CARTESIAN_POINT('Ctrl Pts',(-10.9261694262932,66.3600734042725,-1.00326915449452));
#4670=CARTESIAN_POINT('Ctrl Pts',(-10.9247402880209,66.3650349903886,-1.00651876080724));
#4671=CARTESIAN_POINT('Ctrl Pts',(-10.8697195563652,66.5476936132386,-1.12425424237365));
#4672=CARTESIAN_POINT('Ctrl Pts',(-10.7790305418901,66.9485138017283,-1.30952776520841));
#4673=CARTESIAN_POINT('Ctrl Pts',(-10.4842834865776,67.5365256119489,-1.48546052795388));
#4674=CARTESIAN_POINT('Ctrl Pts',(-10.0221458129727,68.1551975920257,-1.72309087030339));
#4675=CARTESIAN_POINT('Ctrl Pts',(-9.57916974278887,68.5626078245516,-1.97650731731793));
#4676=CARTESIAN_POINT('Ctrl Pts',(-9.12265651508138,69.042778121782,-2.2556813687822));
#4677=CARTESIAN_POINT('Ctrl Pts',(-8.91523905163736,69.2733389166233,-2.35872503019556));
#4678=CARTESIAN_POINT('Ctrl Pts',(-8.7669431229355,69.4578929130064,-2.42520266003491));
#4679=CARTESIAN_POINT('Ctrl Pts',(-8.65609566413725,69.6053236331543,-2.46734635453123));
#4680=CARTESIAN_POINT('Ctrl Pts',(-8.53292407257813,69.8388432421844,-2.4967726340444));
#4681=CARTESIAN_POINT('Ctrl Pts',(-8.4743054226742,69.9939148899382,-2.50000000000001));
#4682=CARTESIAN_POINT('Ctrl Pts',(-8.44983961163506,70.1136095195161,-2.50000000000001));
#4683=CARTESIAN_POINT('Origin',(-2.41223358904967,79.6278077425453,-2.5));
#4684=CARTESIAN_POINT('Origin',(-2.41223358904967,79.6278077425453,-5.));
#4685=CARTESIAN_POINT('Ctrl Pts',(-11.6714384785253,42.8276700571471,-6.5));
#4686=CARTESIAN_POINT('Ctrl Pts',(-11.5725937090856,49.8143813108119,-6.5));
#4687=CARTESIAN_POINT('Ctrl Pts',(-8.87489908600108,61.9999918105469,-6.5));
#4688=CARTESIAN_POINT('Ctrl Pts',(-2.15547108860062,72.3891946667872,-6.5));
#4689=CARTESIAN_POINT('Ctrl Pts',(1.32543383997605,76.3066871199241,-6.5));
#4690=CARTESIAN_POINT('Ctrl Pts',(-11.5592499677608,42.8260828658238,-6.5));
#4691=CARTESIAN_POINT('Ctrl Pts',(-11.460620379801,49.7975843023675,-6.5));
#4692=CARTESIAN_POINT('Ctrl Pts',(-8.76880820050287,61.9566314039477,-6.5));
#4693=CARTESIAN_POINT('Ctrl Pts',(-2.06402022378319,72.3231971333451,-6.5));
#4694=CARTESIAN_POINT('Ctrl Pts',(1.40930690095169,76.2321613474261,-6.5));
#4695=CARTESIAN_POINT('Ctrl Pts',(-11.3372416883185,42.8229419950481,-6.49884979446842));
#4696=CARTESIAN_POINT('Ctrl Pts',(-11.2390384394088,49.7643082220487,-6.49884979446842));
#4697=CARTESIAN_POINT('Ctrl Pts',(-8.55885075949528,61.8708377637171,-6.49884979446842));
#4698=CARTESIAN_POINT('Ctrl Pts',(-1.88303109086445,72.1926161208517,-6.49884979446842));
#4699=CARTESIAN_POINT('Ctrl Pts',(1.57528213167617,76.0846833355188,-6.49884979446842));
#4700=CARTESIAN_POINT('Ctrl Pts',(-11.0067799713764,42.8182667750434,-6.42512348188564));
#4701=CARTESIAN_POINT('Ctrl Pts',(-10.9092110649068,49.7147953491227,-6.42512348188564));
#4702=CARTESIAN_POINT('Ctrl Pts',(-8.24633492399897,61.7431269912597,-6.42512348188564));
#4703=CARTESIAN_POINT('Ctrl Pts',(-1.61363624757804,71.9982342613422,-6.42512348188564));
#4704=CARTESIAN_POINT('Ctrl Pts',(1.82233805163039,75.8651607251526,-6.42512348188564));
#4705=CARTESIAN_POINT('Ctrl Pts',(-10.6913997635211,42.8138049212757,-6.24855601855381));
#4706=CARTESIAN_POINT('Ctrl Pts',(-10.5944361951215,49.6675459778143,-6.24855601855381));
#4707=CARTESIAN_POINT('Ctrl Pts',(-7.94808323130728,61.6212434207045,-6.24855601855381));
#4708=CARTESIAN_POINT('Ctrl Pts',(-1.35653787978702,71.8127213828093,-6.24855601855381));
#4709=CARTESIAN_POINT('Ctrl Pts',(2.0581189103272,75.6556566194217,-6.24855601855381));
#4710=CARTESIAN_POINT('Ctrl Pts',(-10.4228071336956,42.8100049965895,-5.98011741095071));
#4711=CARTESIAN_POINT('Ctrl Pts',(-10.3263589574415,49.6273162438052,-5.98011741095071));
#4712=CARTESIAN_POINT('Ctrl Pts',(-7.69408234182119,61.5174384407993,-5.98011741095071));
#4713=CARTESIAN_POINT('Ctrl Pts',(-1.13758581764718,71.6547242457565,-5.98011741095071));
#4714=CARTESIAN_POINT('Ctrl Pts',(2.25892098770092,75.4772330617097,-5.98011741095071));
#4715=CARTESIAN_POINT('Ctrl Pts',(-10.2467470976568,42.807514180376,-5.66484483432914));
#4716=CARTESIAN_POINT('Ctrl Pts',(-10.150637388794,49.6009013095543,-5.66484483432914));
#4717=CARTESIAN_POINT('Ctrl Pts',(-7.52756798120055,61.449409419819,-5.66484483432914));
#4718=CARTESIAN_POINT('Ctrl Pts',(-0.994042449775733,71.5511836215478,-5.66484483432914));
#4719=CARTESIAN_POINT('Ctrl Pts',(2.39054493062909,75.3602780357236,-5.66484483432914));
#4720=CARTESIAN_POINT('Ctrl Pts',(-10.1725992775399,42.8064651712044,-5.33419423387638));
#4721=CARTESIAN_POINT('Ctrl Pts',(-10.0766313109168,49.5898334384103,-5.33419423387638));
#4722=CARTESIAN_POINT('Ctrl Pts',(-7.45746456736943,61.4207409008979,-5.33419423387638));
#4723=CARTESIAN_POINT('Ctrl Pts',(-0.933617347751328,71.5075455602698,-5.33419423387638));
#4724=CARTESIAN_POINT('Ctrl Pts',(2.44597845582254,75.3110223362263,-5.33419423387638));
#4725=CARTESIAN_POINT('Ctrl Pts',(-10.1715885706379,42.8064508721892,-5.11219973762821));
#4726=CARTESIAN_POINT('Ctrl Pts',(-10.0756230906018,49.5896433783037,-5.11219973762821));
#4727=CARTESIAN_POINT('Ctrl Pts',(-7.45649226432279,61.4203625725851,-5.11219973762821));
#4728=CARTESIAN_POINT('Ctrl Pts',(-0.932774167560221,71.5069727075183,-5.11219973762821));
#4729=CARTESIAN_POINT('Ctrl Pts',(2.44673406868376,75.3103509331377,-5.11219973762821));
#4730=CARTESIAN_POINT('Ctrl Pts',(-10.1715885706379,42.8064508721892,-5.));
#4731=CARTESIAN_POINT('Ctrl Pts',(-10.0756227750654,49.5896656815724,-5.));
#4732=CARTESIAN_POINT('Ctrl Pts',(-7.45650178177948,61.4203554871404,-5.));
#4733=CARTESIAN_POINT('Ctrl Pts',(-0.932785279448935,71.5069602019368,-5.));
#4734=CARTESIAN_POINT('Ctrl Pts',(2.44673406868376,75.3103509331377,-5.));
#4735=CARTESIAN_POINT('',(-11.6714384785253,42.8276700571471,-6.5));
#4736=CARTESIAN_POINT('Ctrl Pts',(-10.1715885706379,42.8064508721892,-5.));
#4737=CARTESIAN_POINT('Ctrl Pts',(-10.1715885706379,42.8064508721892,-5.11219973762821));
#4738=CARTESIAN_POINT('Ctrl Pts',(-10.1725992775399,42.8064651712044,-5.33419423387638));
#4739=CARTESIAN_POINT('Ctrl Pts',(-10.2467470976568,42.807514180376,-5.66484483432914));
#4740=CARTESIAN_POINT('Ctrl Pts',(-10.4228071336956,42.8100049965895,-5.98011741095071));
#4741=CARTESIAN_POINT('Ctrl Pts',(-10.6913997635211,42.8138049212757,-6.24855601855381));
#4742=CARTESIAN_POINT('Ctrl Pts',(-11.0067799713764,42.8182667750434,-6.42512348188564));
#4743=CARTESIAN_POINT('Ctrl Pts',(-11.3372416883185,42.8229419950481,-6.49884979446842));
#4744=CARTESIAN_POINT('Ctrl Pts',(-11.5592499677608,42.8260828658238,-6.5));
#4745=CARTESIAN_POINT('Ctrl Pts',(-11.6714384785253,42.8276700571471,-6.5));
#4746=CARTESIAN_POINT('',(1.32543383997604,76.3066871199241,-6.5));
#4747=CARTESIAN_POINT('Origin',(39.8234083589414,42.0991447069245,-6.5));
#4748=CARTESIAN_POINT('Ctrl Pts',(1.32543383997605,76.3066871199241,-6.5));
#4749=CARTESIAN_POINT('Ctrl Pts',(1.40930690095169,76.2321613474261,-6.5));
#4750=CARTESIAN_POINT('Ctrl Pts',(1.57528213167617,76.0846833355188,-6.49884979446842));
#4751=CARTESIAN_POINT('Ctrl Pts',(1.82233805163039,75.8651607251526,-6.42512348188564));
#4752=CARTESIAN_POINT('Ctrl Pts',(2.0581189103272,75.6556566194217,-6.24855601855381));
#4753=CARTESIAN_POINT('Ctrl Pts',(2.25892098770092,75.4772330617097,-5.98011741095071));
#4754=CARTESIAN_POINT('Ctrl Pts',(2.39054493062909,75.3602780357236,-5.66484483432914));
#4755=CARTESIAN_POINT('Ctrl Pts',(2.44597845582254,75.3110223362263,-5.33419423387638));
#4756=CARTESIAN_POINT('Ctrl Pts',(2.44673406868376,75.3103509331377,-5.11219973762821));
#4757=CARTESIAN_POINT('Ctrl Pts',(2.44673406868376,75.3103509331377,-5.));
#4758=CARTESIAN_POINT('Ctrl Pts',(1.32543383997604,76.3066871199241,-6.5));
#4759=CARTESIAN_POINT('Ctrl Pts',(1.93492296823344,76.9926205508017,-6.5));
#4760=CARTESIAN_POINT('Ctrl Pts',(2.76707193288851,78.7078289710223,-6.5));
#4761=CARTESIAN_POINT('Ctrl Pts',(2.48146674340389,81.5521736290441,-6.5));
#4762=CARTESIAN_POINT('Ctrl Pts',(0.753025584207301,83.8302994002163,-6.5));
#4763=CARTESIAN_POINT('Ctrl Pts',(-1.9133772991198,84.8625241569035,-6.5));
#4764=CARTESIAN_POINT('Ctrl Pts',(-4.72666500077399,84.3527044797317,-6.5));
#4765=CARTESIAN_POINT('Ctrl Pts',(-6.85482462463789,82.4418155898462,-6.5));
#4766=CARTESIAN_POINT('Ctrl Pts',(-7.39875286162949,80.6160421344026,-6.5));
#4767=CARTESIAN_POINT('Ctrl Pts',(-7.41173328200754,79.6985383590718,-6.5));
#4768=CARTESIAN_POINT('Ctrl Pts',(1.40930690095167,76.2321613474261,-6.5));
#4769=CARTESIAN_POINT('Ctrl Pts',(2.03246243730407,76.9334752760973,-6.5));
#4770=CARTESIAN_POINT('Ctrl Pts',(2.88326964970141,78.6871983704046,-6.5));
#4771=CARTESIAN_POINT('Ctrl Pts',(2.59126247277779,81.5953429647337,-6.5));
#4772=CARTESIAN_POINT('Ctrl Pts',(0.824032584959085,83.9245752995487,-6.5));
#4773=CARTESIAN_POINT('Ctrl Pts',(-1.90218502354029,84.9799689464842,-6.5));
#4774=CARTESIAN_POINT('Ctrl Pts',(-4.77859181482007,84.4586976207218,-6.5));
#4775=CARTESIAN_POINT('Ctrl Pts',(-6.95449796919724,82.5049573225199,-6.5));
#4776=CARTESIAN_POINT('Ctrl Pts',(-7.5106503159765,80.6382022620443,-6.5));
#4777=CARTESIAN_POINT('Ctrl Pts',(-7.52392179277197,79.7001255503951,-6.5));
#4778=CARTESIAN_POINT('Ctrl Pts',(1.57528204516782,76.0846834123861,-6.49884933894132));
#4779=CARTESIAN_POINT('Ctrl Pts',(2.22551483487333,76.8164707202041,-6.49884933894132));
#4780=CARTESIAN_POINT('Ctrl Pts',(3.11329215268734,78.6463297855504,-6.49884933894132));
#4781=CARTESIAN_POINT('Ctrl Pts',(2.80859423729289,81.6808120429008,-6.49884933894132));
#4782=CARTESIAN_POINT('Ctrl Pts',(0.964614089747516,84.1112238557369,-6.49884933894132));
#4783=CARTESIAN_POINT('Ctrl Pts',(-1.88003040331712,85.2124477696817,-6.49884933894132));
#4784=CARTESIAN_POINT('Ctrl Pts',(-4.88137701115288,84.6685505477796,-6.49884933894132));
#4785=CARTESIAN_POINT('Ctrl Pts',(-7.15179717570867,82.6299215621394,-6.49884933894132));
#4786=CARTESIAN_POINT('Ctrl Pts',(-7.73208180964696,80.6821042883968,-6.49884933894132));
#4787=CARTESIAN_POINT('Ctrl Pts',(-7.74592995650086,79.7032664195337,-6.49884933894132));
#4788=CARTESIAN_POINT('Ctrl Pts',(1.82233781092475,75.8651609390326,-6.42512317718116));
#4789=CARTESIAN_POINT('Ctrl Pts',(2.5128583738471,76.64228905643,-6.42512317718116));
#4790=CARTESIAN_POINT('Ctrl Pts',(3.45564156977534,78.5855186192797,-6.42512317718116));
#4791=CARTESIAN_POINT('Ctrl Pts',(3.13206466148806,81.8080120697473,-6.42512317718116));
#4792=CARTESIAN_POINT('Ctrl Pts',(1.17383672463353,84.389007183282,-6.42512317718116));
#4793=CARTESIAN_POINT('Ctrl Pts',(-1.84705631031337,85.5584593679339,-6.42512317718116));
#4794=CARTESIAN_POINT('Ctrl Pts',(-5.03435943907532,84.9808649150528,-6.42512317718116));
#4795=CARTESIAN_POINT('Ctrl Pts',(-7.44544970887864,82.8159249411843,-6.42512317718116));
#4796=CARTESIAN_POINT('Ctrl Pts',(-8.06168530300832,80.7474273206985,-6.42512317718116));
#4797=CARTESIAN_POINT('Ctrl Pts',(-8.07639146718887,79.7079416366204,-6.42512317718116));
#4798=CARTESIAN_POINT('Ctrl Pts',(2.05811869653498,75.6556568093877,-6.24855520209965));
#4799=CARTESIAN_POINT('Ctrl Pts',(2.78708493381521,76.4760525948896,-6.24855520209965));
#4800=CARTESIAN_POINT('Ctrl Pts',(3.78235867936273,78.5274872335136,-6.24855520209965));
#4801=CARTESIAN_POINT('Ctrl Pts',(3.44076667633581,81.9294026419298,-6.24855520209965));
#4802=CARTESIAN_POINT('Ctrl Pts',(1.37350401123025,84.6541040856108,-6.24855520209965));
#4803=CARTESIAN_POINT('Ctrl Pts',(-1.81558773089847,85.8886727419221,-6.24855520209965));
#4804=CARTESIAN_POINT('Ctrl Pts',(-5.1803572522631,85.2789151373811,-6.24855520209965));
#4805=CARTESIAN_POINT('Ctrl Pts',(-7.72569479214333,82.9934382068661,-6.24855520209965));
#4806=CARTESIAN_POINT('Ctrl Pts',(-8.37624676110987,80.8097639585166,-6.24855520209965));
#4807=CARTESIAN_POINT('Ctrl Pts',(-8.39177171104352,79.7124034908974,-6.24855520209965));
#4808=CARTESIAN_POINT('Ctrl Pts',(2.25892061960994,75.4772333887785,-5.98011709932382));
#4809=CARTESIAN_POINT('Ctrl Pts',(3.02061996847628,76.3344677895937,-5.98011709932382));
#4810=CARTESIAN_POINT('Ctrl Pts',(4.06058411479079,78.4780767502808,-5.98011709932382));
#4811=CARTESIAN_POINT('Ctrl Pts',(3.70365560973316,82.0327730354854,-5.98011709932382));
#4812=CARTESIAN_POINT('Ctrl Pts',(1.54353168926074,84.8798490403328,-5.98011709932382));
#4813=CARTESIAN_POINT('Ctrl Pts',(-1.78878937573477,86.1698788942188,-5.98011709932382));
#4814=CARTESIAN_POINT('Ctrl Pts',(-5.30468811156937,85.53271994602,-5.98011709932382));
#4815=CARTESIAN_POINT('Ctrl Pts',(-7.96434889992057,83.1446129029813,-5.98011709932382));
#4816=CARTESIAN_POINT('Ctrl Pts',(-8.64414206046414,80.8628391701382,-5.98011709932382));
#4817=CARTESIAN_POINT('Ctrl Pts',(-8.6603641344792,79.7162034126637,-5.98011709932382));
#4818=CARTESIAN_POINT('Ctrl Pts',(2.39054420330389,75.3602786819915,-5.66484494325324));
#4819=CARTESIAN_POINT('Ctrl Pts',(3.17373998160192,76.2417056711698,-5.66484494325324));
#4820=CARTESIAN_POINT('Ctrl Pts',(4.24305619640634,78.445636297319,-5.66484494325324));
#4821=CARTESIAN_POINT('Ctrl Pts',(3.87604803786781,82.1005823454016,-5.66484494325324));
#4822=CARTESIAN_POINT('Ctrl Pts',(1.65506448526613,85.0279290068383,-5.66484494325324));
#4823=CARTESIAN_POINT('Ctrl Pts',(-1.77121554054115,86.3542908004957,-5.66484494325324));
#4824=CARTESIAN_POINT('Ctrl Pts',(-5.3862198232429,85.6992139322868,-5.66484494325324));
#4825=CARTESIAN_POINT('Ctrl Pts',(-8.12085379564461,83.2437234241064,-5.66484494325324));
#4826=CARTESIAN_POINT('Ctrl Pts',(-8.81974380193442,80.897689958174,-5.66484494325324));
#4827=CARTESIAN_POINT('Ctrl Pts',(-8.83642369000671,79.7186942220793,-5.66484494325324));
#4828=CARTESIAN_POINT('Ctrl Pts',(2.44597801132399,75.3110227311874,-5.33419426322136));
#4829=CARTESIAN_POINT('Ctrl Pts',(3.23817599229619,76.2025810114412,-5.33419426322136));
#4830=CARTESIAN_POINT('Ctrl Pts',(4.31978027383805,78.4320404524437,-5.33419426322136));
#4831=CARTESIAN_POINT('Ctrl Pts',(3.94856100504616,82.1290755883074,-5.33419426322136));
#4832=CARTESIAN_POINT('Ctrl Pts',(1.70193351236661,85.0901581603247,-5.33419426322136));
#4833=CARTESIAN_POINT('Ctrl Pts',(-1.7638241491327,86.4318496408231,-5.33419426322136));
#4834=CARTESIAN_POINT('Ctrl Pts',(-5.42051387409741,85.7691714405438,-5.33419426322136));
#4835=CARTESIAN_POINT('Ctrl Pts',(-8.18667802119412,83.2854425278804,-5.33419426322136));
#4836=CARTESIAN_POINT('Ctrl Pts',(-8.89370027852335,80.9122905760929,-5.33419426322136));
#4837=CARTESIAN_POINT('Ctrl Pts',(-8.91057188843222,79.7197432366029,-5.33419426322136));
#4838=CARTESIAN_POINT('Ctrl Pts',(2.44673406868375,75.3103509331377,-5.11219973762821));
#4839=CARTESIAN_POINT('Ctrl Pts',(3.23908997547339,76.2020869468288,-5.11219973762821));
#4840=CARTESIAN_POINT('Ctrl Pts',(4.32091251999645,78.4318092302314,-5.11219973762821));
#4841=CARTESIAN_POINT('Ctrl Pts',(3.94961245044311,82.1295088534123,-5.11219973762821));
#4842=CARTESIAN_POINT('Ctrl Pts',(1.70264390714026,85.0910999628942,-5.1121997376282));
#4843=CARTESIAN_POINT('Ctrl Pts',(-1.76371652976779,86.4329810327286,-5.11219973762821));
#4844=CARTESIAN_POINT('Ctrl Pts',(-5.42101142744202,85.7702370692207,-5.11219973762821));
#4845=CARTESIAN_POINT('Ctrl Pts',(-8.1876366182523,83.2860264514622,-5.1121997376282));
#4846=CARTESIAN_POINT('Ctrl Pts',(-8.8947082166061,80.9125426195629,-5.11219973762821));
#4847=CARTESIAN_POINT('Ctrl Pts',(-8.91158318989489,79.7197575440297,-5.11219973762821));
#4848=CARTESIAN_POINT('Ctrl Pts',(2.44673406868374,75.3103509331377,-5.));
#4849=CARTESIAN_POINT('Ctrl Pts',(3.23906993541837,76.2020643932786,-5.));
#4850=CARTESIAN_POINT('Ctrl Pts',(4.32086358946996,78.4318353395654,-5.));
#4851=CARTESIAN_POINT('Ctrl Pts',(3.94957684313995,82.1294833949937,-5.));
#4852=CARTESIAN_POINT('Ctrl Pts',(1.70260333618439,85.0910468975175,-5.));
#4853=CARTESIAN_POINT('Ctrl Pts',(-1.76372041214084,86.4329390812109,-5.));
#4854=CARTESIAN_POINT('Ctrl Pts',(-5.42099442429128,85.7701735008877,-5.));
#4855=CARTESIAN_POINT('Ctrl Pts',(-8.18760193531435,83.2860179440365,-5.));
#4856=CARTESIAN_POINT('Ctrl Pts',(-8.89470864340344,80.9125124519598,-5.));
#4857=CARTESIAN_POINT('Ctrl Pts',(-8.91158318989489,79.7197575440297,-5.));
#4858=CARTESIAN_POINT('',(-7.41173328200754,79.6985383590718,-6.5));
#4859=CARTESIAN_POINT('Ctrl Pts',(-7.41173328200754,79.6985383590718,-6.5));
#4860=CARTESIAN_POINT('Ctrl Pts',(-7.52392179277197,79.7001255503951,-6.5));
#4861=CARTESIAN_POINT('Ctrl Pts',(-7.74592995650086,79.7032664195337,-6.49884933894132));
#4862=CARTESIAN_POINT('Ctrl Pts',(-8.07639146718887,79.7079416366204,-6.42512317718116));
#4863=CARTESIAN_POINT('Ctrl Pts',(-8.39177171104352,79.7124034908974,-6.24855520209965));
#4864=CARTESIAN_POINT('Ctrl Pts',(-8.6603641344792,79.7162034126637,-5.98011709932382));
#4865=CARTESIAN_POINT('Ctrl Pts',(-8.83642369000671,79.7186942220793,-5.66484494325324));
#4866=CARTESIAN_POINT('Ctrl Pts',(-8.91057188843222,79.7197432366029,-5.33419426322136));
#4867=CARTESIAN_POINT('Ctrl Pts',(-8.91158318989489,79.7197575440297,-5.11219973762821));
#4868=CARTESIAN_POINT('Ctrl Pts',(-8.91158318989489,79.7197575440297,-5.));
#4869=CARTESIAN_POINT('Origin',(-2.41223358904967,79.6278077425453,-6.5));
#4870=CARTESIAN_POINT('Ctrl Pts',(-7.41173328200754,79.6985383590718,-6.5));
#4871=CARTESIAN_POINT('Ctrl Pts',(-7.51057805142764,72.7118271067879,-6.5));
#4872=CARTESIAN_POINT('Ctrl Pts',(-10.2083516084597,60.5262508703696,-6.5));
#4873=CARTESIAN_POINT('Ctrl Pts',(-16.9277006683557,50.1370137545675,-6.5));
#4874=CARTESIAN_POINT('Ctrl Pts',(-20.4086055956928,46.2195213017149,-6.5));
#4875=CARTESIAN_POINT('Ctrl Pts',(-7.52392179277198,79.7001255503951,-6.5));
#4876=CARTESIAN_POINT('Ctrl Pts',(-7.62255138071231,72.7286241152294,-6.5));
#4877=CARTESIAN_POINT('Ctrl Pts',(-10.3144419853193,60.5696112491784,-6.5));
#4878=CARTESIAN_POINT('Ctrl Pts',(-17.0191515331809,50.2030112879984,-6.5));
#4879=CARTESIAN_POINT('Ctrl Pts',(-20.492478656679,46.294047074201,-6.5));
#4880=CARTESIAN_POINT('Ctrl Pts',(-7.74592997786439,79.703266419836,-6.49884941957529));
#4881=CARTESIAN_POINT('Ctrl Pts',(-7.84413322675469,72.7619001942073,-6.49884941957529));
#4882=CARTESIAN_POINT('Ctrl Pts',(-10.5243993945545,60.6554046465528,-6.49884941957529));
#4883=CARTESIAN_POINT('Ctrl Pts',(-17.2001405955783,50.3335922377939,-6.49884941957529));
#4884=CARTESIAN_POINT('Ctrl Pts',(-20.6584538168874,46.4415250234092,-6.49884941957529));
#4885=CARTESIAN_POINT('Ctrl Pts',(-8.0763915249209,79.7079416374371,-6.42512323190248));
#4886=CARTESIAN_POINT('Ctrl Pts',(-8.17396043137119,72.811413064721,-6.42512323190248));
#4887=CARTESIAN_POINT('Ctrl Pts',(-10.8369146111074,60.7831151207951,-6.42512323190248));
#4888=CARTESIAN_POINT('Ctrl Pts',(-17.4695353118797,50.5279739844171,-6.42512323190248));
#4889=CARTESIAN_POINT('Ctrl Pts',(-20.9055096098646,46.6610475208872,-6.42512323190248));
#4890=CARTESIAN_POINT('Ctrl Pts',(-8.39177176333358,79.7124034916372,-6.24855534664477));
#4891=CARTESIAN_POINT('Ctrl Pts',(-8.48873533171395,72.8586624364532,-6.24855534664477));
#4892=CARTESIAN_POINT('Ctrl Pts',(-11.1351657724989,60.9049985050612,-6.24855534664477));
#4893=CARTESIAN_POINT('Ctrl Pts',(-17.7266337025376,50.7134868832174,-6.24855534664477));
#4894=CARTESIAN_POINT('Ctrl Pts',(-21.1412904914359,46.8705516468839,-6.24855534664477));
#4895=CARTESIAN_POINT('Ctrl Pts',(-8.6603642224807,79.7162034139087,-5.9801171553257));
#4896=CARTESIAN_POINT('Ctrl Pts',(-8.75681239871564,72.8988921680404,-5.9801171553257));
#4897=CARTESIAN_POINT('Ctrl Pts',(-11.3891657458561,61.0088032820445,-5.9801171553257));
#4898=CARTESIAN_POINT('Ctrl Pts',(-17.9455856370955,50.8714839068634,-5.9801171553257));
#4899=CARTESIAN_POINT('Ctrl Pts',(-21.3420924412342,47.0489750911875,-5.9801171553257));
#4900=CARTESIAN_POINT('Ctrl Pts',(-8.83642386164958,79.7186942245076,-5.66484492555889));
#4901=CARTESIAN_POINT('Ctrl Pts',(-8.93253357049333,72.925307096672,-5.66484492555889));
#4902=CARTESIAN_POINT('Ctrl Pts',(-11.5556805426044,61.0768318680864,-5.66484492555889));
#4903=CARTESIAN_POINT('Ctrl Pts',(-18.089128708276,50.9750242674176,-5.66484492555889));
#4904=CARTESIAN_POINT('Ctrl Pts',(-21.4737160874756,47.1659298535183,-5.66484492555889));
#4905=CARTESIAN_POINT('Ctrl Pts',(-8.91057199360327,79.7197432380908,-5.33419425902566));
#4906=CARTESIAN_POINT('Ctrl Pts',(-9.00653996020728,72.9363749722256,-5.33419425902566));
#4907=CARTESIAN_POINT('Ctrl Pts',(-11.6257829264585,61.1055006376963,-5.33419425902566));
#4908=CARTESIAN_POINT('Ctrl Pts',(-18.1495540434373,51.0186625358384,-5.33419425902566));
#4909=CARTESIAN_POINT('Ctrl Pts',(-21.5291498458077,47.2151857601579,-5.33419425902566));
#4910=CARTESIAN_POINT('Ctrl Pts',(-8.9115831898949,79.7197575440297,-5.11219973762821));
#4911=CARTESIAN_POINT('Ctrl Pts',(-9.00754866991203,72.9365650392558,-5.11219973762821));
#4912=CARTESIAN_POINT('Ctrl Pts',(-11.6267567739001,61.1058790208602,-5.11219973762821));
#4913=CARTESIAN_POINT('Ctrl Pts',(-18.1503975895003,51.0192357136868,-5.11219973762821));
#4914=CARTESIAN_POINT('Ctrl Pts',(-21.5299058245408,47.2158574883434,-5.11219973762821));
#4915=CARTESIAN_POINT('Ctrl Pts',(-8.9115831898949,79.7197575440297,-5.));
#4916=CARTESIAN_POINT('Ctrl Pts',(-9.00754898544839,72.9365427359871,-5.));
#4917=CARTESIAN_POINT('Ctrl Pts',(-11.6267466136349,61.1058861957751,-5.));
#4918=CARTESIAN_POINT('Ctrl Pts',(-18.1503864776115,51.0192482192683,-5.));
#4919=CARTESIAN_POINT('Ctrl Pts',(-21.5299058245408,47.2158574883434,-5.));
#4920=CARTESIAN_POINT('',(-20.4086055956928,46.2195213017149,-6.5));
#4921=CARTESIAN_POINT('Ctrl Pts',(-20.4086055956928,46.2195213017149,-6.5));
#4922=CARTESIAN_POINT('Ctrl Pts',(-20.492478656679,46.294047074201,-6.5));
#4923=CARTESIAN_POINT('Ctrl Pts',(-20.6584538168874,46.4415250234092,-6.49884941957529));
#4924=CARTESIAN_POINT('Ctrl Pts',(-20.9055096098646,46.6610475208872,-6.42512323190248));
#4925=CARTESIAN_POINT('Ctrl Pts',(-21.1412904914359,46.8705516468839,-6.24855534664477));
#4926=CARTESIAN_POINT('Ctrl Pts',(-21.3420924412342,47.0489750911875,-5.9801171553257));
#4927=CARTESIAN_POINT('Ctrl Pts',(-21.4737160874756,47.1659298535183,-5.66484492555889));
#4928=CARTESIAN_POINT('Ctrl Pts',(-21.5291498458077,47.2151857601579,-5.33419425902566));
#4929=CARTESIAN_POINT('Ctrl Pts',(-21.5299058245408,47.2158574883434,-5.11219973762821));
#4930=CARTESIAN_POINT('Ctrl Pts',(-21.5299058245408,47.2158574883434,-5.));
#4931=CARTESIAN_POINT('Origin',(-58.9065801194737,80.4270637092941,-6.5));
#4932=CARTESIAN_POINT('Ctrl Pts',(-20.4086055956929,46.2195213017149,-6.5));
#4933=CARTESIAN_POINT('Ctrl Pts',(-21.0180947251743,45.533587871463,-6.5));
#4934=CARTESIAN_POINT('Ctrl Pts',(-21.8485773406141,43.819075401891,-6.5));
#4935=CARTESIAN_POINT('Ctrl Pts',(-21.5671381993646,40.9727694358131,-6.5));
#4936=CARTESIAN_POINT('Ctrl Pts',(-19.8347880424435,38.6982340038076,-6.5));
#4937=CARTESIAN_POINT('Ctrl Pts',(-17.1703013987136,37.6610181886926,-6.5));
#4938=CARTESIAN_POINT('Ctrl Pts',(-14.3574553616523,38.1761268566403,-6.5));
#4939=CARTESIAN_POINT('Ctrl Pts',(-12.2275078442252,40.0827780577978,-6.5));
#4940=CARTESIAN_POINT('Ctrl Pts',(-11.6844188989082,41.9101662814711,-6.5));
#4941=CARTESIAN_POINT('Ctrl Pts',(-11.6714384785253,42.8276700571471,-6.5));
#4942=CARTESIAN_POINT('Ctrl Pts',(-20.4924786565604,46.2940470743345,-6.5));
#4943=CARTESIAN_POINT('Ctrl Pts',(-21.1156344451151,45.592732863877,-6.5));
#4944=CARTESIAN_POINT('Ctrl Pts',(-21.9647506849315,43.8397254039402,-6.5));
#4945=CARTESIAN_POINT('Ctrl Pts',(-21.6769831308436,40.9295739519425,-6.5));
#4946=CARTESIAN_POINT('Ctrl Pts',(-19.9057745060551,38.6039952811122,-6.5));
#4947=CARTESIAN_POINT('Ctrl Pts',(-17.1815048295204,37.5435209784229,-6.5));
#4948=CARTESIAN_POINT('Ctrl Pts',(-14.3055446045333,38.0701770084182,-6.5));
#4949=CARTESIAN_POINT('Ctrl Pts',(-12.1278234990386,40.0195997023785,-6.5));
#4950=CARTESIAN_POINT('Ctrl Pts',(-11.5725214499059,41.8880057760489,-6.5));
#4951=CARTESIAN_POINT('Ctrl Pts',(-11.5592499677608,42.8260828658238,-6.5));
#4952=CARTESIAN_POINT('Ctrl Pts',(-20.658495602934,46.4415621532937,-6.49873256195021));
#4953=CARTESIAN_POINT('Ctrl Pts',(-21.3087283309491,45.7097749170408,-6.49873256195021));
#4954=CARTESIAN_POINT('Ctrl Pts',(-22.1947335094475,43.8806241785644,-6.49873256195021));
#4955=CARTESIAN_POINT('Ctrl Pts',(-21.8944716408487,40.8440349290783,-6.4987325619502));
#4956=CARTESIAN_POINT('Ctrl Pts',(-20.0463091095091,38.4174290122562,-6.49873256195021));
#4957=CARTESIAN_POINT('Ctrl Pts',(-17.203686298343,37.3108761672313,-6.49873256195021));
#4958=CARTESIAN_POINT('Ctrl Pts',(-14.2027842060991,37.8604177146045,-6.49873256195021));
#4959=CARTESIAN_POINT('Ctrl Pts',(-11.9304455505404,39.8945354340203,-6.49873256195021));
#4960=CARTESIAN_POINT('Ctrl Pts',(-11.3510340347451,41.8441034312293,-6.49873256195021));
#4961=CARTESIAN_POINT('Ctrl Pts',(-11.3371858892276,42.8229412056283,-6.49873256195021));
#4962=CARTESIAN_POINT('Ctrl Pts',(-20.9055266328717,46.6610626481687,-6.42509079193389));
#4963=CARTESIAN_POINT('Ctrl Pts',(-21.5960477359957,45.8839339250853,-6.42509079193389));
#4964=CARTESIAN_POINT('Ctrl Pts',(-22.5369427650353,43.9414793230735,-6.42509079193389));
#4965=CARTESIAN_POINT('Ctrl Pts',(-22.2180873064406,40.7167566572585,-6.42509079193389));
#4966=CARTESIAN_POINT('Ctrl Pts',(-20.2554210088282,38.1398230522794,-6.42509079193389));
#4967=CARTESIAN_POINT('Ctrl Pts',(-17.2366916459294,36.9647087821785,-6.42509079193389));
#4968=CARTESIAN_POINT('Ctrl Pts',(-14.049878715863,37.5483016833222,-6.42509079193389));
#4969=CARTESIAN_POINT('Ctrl Pts',(-11.6367542140534,39.7084421462793,-6.42509079193389));
#4970=CARTESIAN_POINT('Ctrl Pts',(-11.0214636403789,41.7787799610471,-6.42509079193389));
#4971=CARTESIAN_POINT('Ctrl Pts',(-11.0067574647176,42.8182664566296,-6.42509079193389));
#4972=CARTESIAN_POINT('Ctrl Pts',(-21.1412886296218,46.8705499946468,-6.24856589592309));
#4973=CARTESIAN_POINT('Ctrl Pts',(-21.8702540362597,46.0501551463654,-6.24856589592309));
#4974=CARTESIAN_POINT('Ctrl Pts',(-22.863533527298,43.9995523980143,-6.24856589592309));
#4975=CARTESIAN_POINT('Ctrl Pts',(-22.5269248506823,40.5952939813741,-6.24856589592309));
#4976=CARTESIAN_POINT('Ctrl Pts',(-20.4549875149542,37.8748886349211,-6.24856589592308));
#4977=CARTESIAN_POINT('Ctrl Pts',(-17.2681899951657,36.6343506030842,-6.24856589592309));
#4978=CARTESIAN_POINT('Ctrl Pts',(-13.9039506755977,37.2504344560561,-6.24856589592308));
#4979=CARTESIAN_POINT('Ctrl Pts',(-11.3564761915045,39.5308405032814,-6.24856589592309));
#4980=CARTESIAN_POINT('Ctrl Pts',(-10.7069274183922,41.7164457443864,-6.24856589592309));
#4981=CARTESIAN_POINT('Ctrl Pts',(-10.6914024861743,42.8138049597945,-6.24856589592309));
#4982=CARTESIAN_POINT('Ctrl Pts',(-21.3420937933495,47.0489762952731,-5.98010012990273));
#4983=CARTESIAN_POINT('Ctrl Pts',(-22.1037932445672,46.1917417817728,-5.98010012990273));
#4984=CARTESIAN_POINT('Ctrl Pts',(-23.1416877456709,44.0490051705805,-5.98010012990273));
#4985=CARTESIAN_POINT('Ctrl Pts',(-22.7899454555718,40.4918560768731,-5.98010012990273));
#4986=CARTESIAN_POINT('Ctrl Pts',(-20.624953980596,37.6492490566593,-5.98010012990273));
#4987=CARTESIAN_POINT('Ctrl Pts',(-17.2950158181374,36.3530040315897,-5.98010012990273));
#4988=CARTESIAN_POINT('Ctrl Pts',(-13.7796632426549,36.9967499124702,-5.98010012990273));
#4989=CARTESIAN_POINT('Ctrl Pts',(-11.1177809889021,39.3795761520339,-5.98010012990273));
#4990=CARTESIAN_POINT('Ctrl Pts',(-10.4390278038675,41.6633690670187,-5.98010012990273));
#4991=CARTESIAN_POINT('Ctrl Pts',(-10.4228057276991,42.8100049766981,-5.98010012990273));
#4992=CARTESIAN_POINT('Ctrl Pts',(-21.4737173807699,47.1659310057128,-5.66484190097451));
#4993=CARTESIAN_POINT('Ctrl Pts',(-22.2569131396943,46.2845040409123,-5.66484190097451));
#4994=CARTESIAN_POINT('Ctrl Pts',(-23.3240610289314,44.0814588770733,-5.66484190097451));
#4995=CARTESIAN_POINT('Ctrl Pts',(-22.9624492474287,40.4239941278047,-5.66484190097451));
#4996=CARTESIAN_POINT('Ctrl Pts',(-20.7364029470185,37.5012972835733,-5.66484190097451));
#4997=CARTESIAN_POINT('Ctrl Pts',(-17.3126083456532,36.168473033508,-5.66484190097451));
#4998=CARTESIAN_POINT('Ctrl Pts',(-13.6981811395339,36.8303960806344,-5.66484190097451));
#4999=CARTESIAN_POINT('Ctrl Pts',(-10.961220209497,39.2804097167018,-5.66484190097451));
#5000=CARTESIAN_POINT('Ctrl Pts',(-10.2634260545928,41.6285184622026,-5.66484190097451));
#5001=CARTESIAN_POINT('Ctrl Pts',(-10.2467461669603,42.8075141672089,-5.66484190097451));
#5002=CARTESIAN_POINT('Ctrl Pts',(-21.5291508986185,47.2151866988276,-5.33418684733126));
#5003=CARTESIAN_POINT('Ctrl Pts',(-22.3213488898776,46.3236284096004,-5.33418684733126));
#5004=CARTESIAN_POINT('Ctrl Pts',(-23.400805145153,44.0950776020028,-5.33418684733126));
#5005=CARTESIAN_POINT('Ctrl Pts',(-23.0349724551605,40.395491466005,-5.33418684733126));
#5006=CARTESIAN_POINT('Ctrl Pts',(-20.783289323999,37.4390507957352,-5.33418684733126));
#5007=CARTESIAN_POINT('Ctrl Pts',(-17.3200062566445,36.0909036410682,-5.33418684733126));
#5008=CARTESIAN_POINT('Ctrl Pts',(-13.6638830906127,36.7604240697771,-5.33418684733126));
#5009=CARTESIAN_POINT('Ctrl Pts',(-10.8954137097952,39.23866583199,-5.33418684733126));
#5010=CARTESIAN_POINT('Ctrl Pts',(-10.1894699666727,41.6139178051456,-5.33418684733126));
#5011=CARTESIAN_POINT('Ctrl Pts',(-10.1725983565723,42.806465158175,-5.33418684733126));
#5012=CARTESIAN_POINT('Ctrl Pts',(-21.5299058229558,47.2158574901273,-5.11219973762821));
#5013=CARTESIAN_POINT('Ctrl Pts',(-22.3222617280953,46.3241214808976,-5.11219973762821));
#5014=CARTESIAN_POINT('Ctrl Pts',(-23.4018937475525,44.0952971639114,-5.11219973762821));
#5015=CARTESIAN_POINT('Ctrl Pts',(-23.0360481583565,40.3950495935447,-5.11219973762821));
#5016=CARTESIAN_POINT('Ctrl Pts',(-20.7839628771647,37.4381589749937,-5.11219973762821));
#5017=CARTESIAN_POINT('Ctrl Pts',(-17.3201147747986,36.0897459870494,-5.11219973762821));
#5018=CARTESIAN_POINT('Ctrl Pts',(-13.6634033298354,36.7594100389108,-5.11219973762821));
#5019=CARTESIAN_POINT('Ctrl Pts',(-10.8944278997411,39.2380833163388,-5.11219973762821));
#5020=CARTESIAN_POINT('Ctrl Pts',(-10.188463543864,41.6136658010867,-5.11219973762821));
#5021=CARTESIAN_POINT('Ctrl Pts',(-10.1715885706379,42.8064508721892,-5.11219973762821));
#5022=CARTESIAN_POINT('Ctrl Pts',(-21.5299058229558,47.2158574901273,-5.));
#5023=CARTESIAN_POINT('Ctrl Pts',(-22.3222416912816,46.3241440307998,-5.));
#5024=CARTESIAN_POINT('Ctrl Pts',(-23.4018690913534,44.0952778203563,-5.));
#5025=CARTESIAN_POINT('Ctrl Pts',(-23.035998207729,40.395080064455,-5.));
#5026=CARTESIAN_POINT('Ctrl Pts',(-20.7839430037316,37.4381840028479,-5.));
#5027=CARTESIAN_POINT('Ctrl Pts',(-17.3201103668828,36.0898034431984,-5.));
#5028=CARTESIAN_POINT('Ctrl Pts',(-13.6634105187031,36.7594447115304,-5.));
#5029=CARTESIAN_POINT('Ctrl Pts',(-10.8944787460478,39.238091273035,-5.));
#5030=CARTESIAN_POINT('Ctrl Pts',(-10.1884631171357,41.6136959638103,-5.));
#5031=CARTESIAN_POINT('Ctrl Pts',(-10.1715885706379,42.8064508721892,-5.));
#5032=CARTESIAN_POINT('Origin',(-16.6709381714831,42.8984006736736,-6.5));
#5033=CARTESIAN_POINT('Origin',(-9.5415858802664,61.2631042081095,-6.5));
#5034=CARTESIAN_POINT('',(-5.91223358904967,79.6278077425453,-6.5));
#5035=CARTESIAN_POINT('Origin',(-2.41223358904967,79.6278077425453,-6.5));
#5036=CARTESIAN_POINT('',(-20.1709381714831,42.8984006736736,-6.5));
#5037=CARTESIAN_POINT('Origin',(-16.6709381714831,42.8984006736736,-6.5));
#5038=CARTESIAN_POINT('Ctrl Pts',(-14.0003215796137,58.4400688270629,-1.));
#5039=CARTESIAN_POINT('Ctrl Pts',(-14.1648061125016,58.1041254660334,-1.));
#5040=CARTESIAN_POINT('Ctrl Pts',(-14.4629314873368,57.4463401600182,-1.));
#5041=CARTESIAN_POINT('Ctrl Pts',(-14.4782944303403,56.3099878705469,-0.999999999999999));
#5042=CARTESIAN_POINT('Ctrl Pts',(-13.8865715161673,55.2041363399694,-1.));
#5043=CARTESIAN_POINT('Ctrl Pts',(-13.1811484376018,54.6585243825674,-0.999999999999999));
#5044=CARTESIAN_POINT('Ctrl Pts',(-12.7298398277144,54.4554840938742,-1.));
#5045=CARTESIAN_POINT('Ctrl Pts',(-12.3916033144523,54.3241817707215,-1.));
#5046=CARTESIAN_POINT('Ctrl Pts',(-14.0003215796137,58.4400688270629,-1.11219973762821));
#5047=CARTESIAN_POINT('Ctrl Pts',(-14.16480663143,58.1041244061736,-1.11219973762821));
#5048=CARTESIAN_POINT('Ctrl Pts',(-14.4628998366209,57.446327042913,-1.11219973762821));
#5049=CARTESIAN_POINT('Ctrl Pts',(-14.4782497018984,56.3100091546611,-1.11219973762821));
#5050=CARTESIAN_POINT('Ctrl Pts',(-13.8865270987363,55.2041398863567,-1.11219973762821));
#5051=CARTESIAN_POINT('Ctrl Pts',(-13.1811409745514,54.6585467499399,-1.11219973762821));
#5052=CARTESIAN_POINT('Ctrl Pts',(-12.7298398277144,54.4554840938742,-1.11219973762821));
#5053=CARTESIAN_POINT('Ctrl Pts',(-12.3916033144523,54.3241817707215,-1.11219973762821));
#5054=CARTESIAN_POINT('Ctrl Pts',(-14.0014602202172,58.440626328087,-1.33428616348642));
#5055=CARTESIAN_POINT('Ctrl Pts',(-14.1659410288744,58.1046905734299,-1.33428616348642));
#5056=CARTESIAN_POINT('Ctrl Pts',(-14.4641812920756,57.4466078077137,-1.33428616348642));
#5057=CARTESIAN_POINT('Ctrl Pts',(-14.4795349216838,56.3096595526863,-1.33428616348642));
#5058=CARTESIAN_POINT('Ctrl Pts',(-13.887553071729,55.2033368712534,-1.33428616348642));
#5059=CARTESIAN_POINT('Ctrl Pts',(-13.181788470203,54.657430142043,-1.33428616348642));
#5060=CARTESIAN_POINT('Ctrl Pts',(-12.7302986254646,54.4543022248288,-1.33428616348642));
#5061=CARTESIAN_POINT('Ctrl Pts',(-12.3920621122025,54.3229999016761,-1.33428616348642));
#5062=CARTESIAN_POINT('Ctrl Pts',(-14.0675995908935,58.4730094758231,-1.66474753989997));
#5063=CARTESIAN_POINT('Ctrl Pts',(-14.2318375013713,58.1375698166305,-1.66474753989997));
#5064=CARTESIAN_POINT('Ctrl Pts',(-14.5383984355535,57.462826117498,-1.66474753989997));
#5065=CARTESIAN_POINT('Ctrl Pts',(-14.5538807254664,56.2894989511459,-1.66474753989997));
#5066=CARTESIAN_POINT('Ctrl Pts',(-13.9468423399481,55.1567171344189,-1.66474753989997));
#5067=CARTESIAN_POINT('Ctrl Pts',(-13.2193477113284,54.5927244919699,-1.66474753989997));
#5068=CARTESIAN_POINT('Ctrl Pts',(-12.7569484694717,54.3856518757756,-1.66474753989997));
#5069=CARTESIAN_POINT('Ctrl Pts',(-12.4187119562097,54.2543495526229,-1.66474753989997));
#5070=CARTESIAN_POINT('Ctrl Pts',(-14.2261411807647,58.5506345828453,-1.98013407890648));
#5071=CARTESIAN_POINT('Ctrl Pts',(-14.3897989047342,58.2163798971102,-1.98013407890648));
#5072=CARTESIAN_POINT('Ctrl Pts',(-14.7161774340336,57.5016506704702,-1.98013407890648));
#5073=CARTESIAN_POINT('Ctrl Pts',(-14.7319162010474,56.2412568275591,-1.98013407890648));
#5074=CARTESIAN_POINT('Ctrl Pts',(-14.0887872785781,55.0449798183963,-1.98013407890648));
#5075=CARTESIAN_POINT('Ctrl Pts',(-13.3093507098817,54.4377084720991,-1.98013407890648));
#5076=CARTESIAN_POINT('Ctrl Pts',(-12.8208303690953,54.2210912612301,-1.98013407890648));
#5077=CARTESIAN_POINT('Ctrl Pts',(-12.4825938558333,54.0897889380774,-1.98013407890648));
#5078=CARTESIAN_POINT('Ctrl Pts',(-14.4672568895966,58.6686896163415,-2.2487576167513));
#5079=CARTESIAN_POINT('Ctrl Pts',(-14.6300311935794,58.3362392283985,-2.2487576167513));
#5080=CARTESIAN_POINT('Ctrl Pts',(-14.9866142223764,57.5607230189314,-2.2487576167513));
#5081=CARTESIAN_POINT('Ctrl Pts',(-15.0027695516205,56.1678453506843,-2.2487576167513));
#5082=CARTESIAN_POINT('Ctrl Pts',(-14.3047522220667,54.8750385329163,-2.2487576167513));
#5083=CARTESIAN_POINT('Ctrl Pts',(-13.4462456068975,54.2019092473067,-2.2487576167513));
#5084=CARTESIAN_POINT('Ctrl Pts',(-12.9179842422323,53.9708216048317,-2.2487576167513));
#5085=CARTESIAN_POINT('Ctrl Pts',(-12.5797477289703,53.839519281679,-2.2487576167513));
#5086=CARTESIAN_POINT('Ctrl Pts',(-14.7503981236287,58.8073211805384,-2.42483464479529));
#5087=CARTESIAN_POINT('Ctrl Pts',(-14.9121350049398,58.4769896256129,-2.42483464479529));
#5088=CARTESIAN_POINT('Ctrl Pts',(-15.3041886734114,57.6300921048505,-2.42483464479529));
#5089=CARTESIAN_POINT('Ctrl Pts',(-15.3208338261929,56.0816374725827,-2.42483464479529));
#5090=CARTESIAN_POINT('Ctrl Pts',(-14.5583612392293,54.6754769679783,-2.42483464479529));
#5091=CARTESIAN_POINT('Ctrl Pts',(-13.6070011235931,53.9250100174704,-2.42483464479529));
#5092=CARTESIAN_POINT('Ctrl Pts',(-13.0320716555504,53.6769309259674,-2.42483464479529));
#5093=CARTESIAN_POINT('Ctrl Pts',(-12.6938351422884,53.5456286028147,-2.42483464479529));
#5094=CARTESIAN_POINT('Ctrl Pts',(-15.0473677525972,58.9527234011779,-2.49898997167848));
#5095=CARTESIAN_POINT('Ctrl Pts',(-15.208017301195,58.6246126155846,-2.49898997167848));
#5096=CARTESIAN_POINT('Ctrl Pts',(-15.6372270475401,57.7028299908104,-2.49898997167848));
#5097=CARTESIAN_POINT('Ctrl Pts',(-15.654366872393,55.991250312795,-2.49898997167848));
#5098=CARTESIAN_POINT('Ctrl Pts',(-14.8242915376112,54.4661741457951,-2.49898997167849));
#5099=CARTESIAN_POINT('Ctrl Pts',(-13.7755969281794,53.6346198704206,-2.49898997167849));
#5100=CARTESIAN_POINT('Ctrl Pts',(-13.1517310083072,53.3686868577449,-2.49898997167849));
#5101=CARTESIAN_POINT('Ctrl Pts',(-12.8134944950452,53.2373845345922,-2.49898997167849));
#5102=CARTESIAN_POINT('Ctrl Pts',(-15.2467399272887,59.0503399723895,-2.49999999999999));
#5103=CARTESIAN_POINT('Ctrl Pts',(-15.4066587474275,58.723721627272,-2.49999999999999));
#5104=CARTESIAN_POINT('Ctrl Pts',(-15.8608594103808,57.7516817149057,-2.5));
#5105=CARTESIAN_POINT('Ctrl Pts',(-15.8783500286947,55.9305379792438,-2.49999999999999));
#5106=CARTESIAN_POINT('Ctrl Pts',(-15.0028887771423,54.3256524893462,-2.5));
#5107=CARTESIAN_POINT('Ctrl Pts',(-13.8887953053785,53.4396328958262,-2.5));
#5108=CARTESIAN_POINT('Ctrl Pts',(-13.2320649652313,53.1617455269739,-2.5));
#5109=CARTESIAN_POINT('Ctrl Pts',(-12.8938284519693,53.0304432038212,-2.5));
#5110=CARTESIAN_POINT('Ctrl Pts',(-15.3475093358095,59.0996786735299,-2.49999999999999));
#5111=CARTESIAN_POINT('Ctrl Pts',(-15.5070593327105,58.7738136133318,-2.49999999999999));
#5112=CARTESIAN_POINT('Ctrl Pts',(-15.9738595355612,57.7763600908112,-2.49999999999999));
#5113=CARTESIAN_POINT('Ctrl Pts',(-15.9915145655767,55.8998729025331,-2.49999999999999));
#5114=CARTESIAN_POINT('Ctrl Pts',(-15.0931140504431,54.2546316096048,-2.5));
#5115=CARTESIAN_POINT('Ctrl Pts',(-13.9460022192311,53.3411019632695,-2.5));
#5116=CARTESIAN_POINT('Ctrl Pts',(-13.272668451329,53.0571504121714,-2.5));
#5117=CARTESIAN_POINT('Ctrl Pts',(-12.934431938067,52.9258480890187,-2.5));
#5118=CARTESIAN_POINT('',(-12.934431938067,52.9258480890187,-2.5));
#5119=CARTESIAN_POINT('Ctrl Pts',(-14.7069381176393,53.9948337144136,-2.5));
#5120=CARTESIAN_POINT('Ctrl Pts',(-14.4714450609741,53.7599913922029,-2.5));
#5121=CARTESIAN_POINT('Ctrl Pts',(-13.9178630078438,53.3292353777795,-2.5));
#5122=CARTESIAN_POINT('Ctrl Pts',(-13.272668451329,53.0571504121714,-2.5));
#5123=CARTESIAN_POINT('Ctrl Pts',(-12.934431938067,52.9258480890187,-2.5));
#5124=CARTESIAN_POINT('',(-12.3916033144523,54.3241817707215,-1.));
#5125=CARTESIAN_POINT('Ctrl Pts',(-12.934431938067,52.9258480890187,-2.5));
#5126=CARTESIAN_POINT('Ctrl Pts',(-12.8938284519693,53.0304432038212,-2.5));
#5127=CARTESIAN_POINT('Ctrl Pts',(-12.8134944950452,53.2373845345922,-2.49898997167849));
#5128=CARTESIAN_POINT('Ctrl Pts',(-12.6938351422884,53.5456286028147,-2.42483464479529));
#5129=CARTESIAN_POINT('Ctrl Pts',(-12.5797477289703,53.839519281679,-2.2487576167513));
#5130=CARTESIAN_POINT('Ctrl Pts',(-12.4825938558333,54.0897889380774,-1.98013407890648));
#5131=CARTESIAN_POINT('Ctrl Pts',(-12.4187119562097,54.2543495526229,-1.66474753989997));
#5132=CARTESIAN_POINT('Ctrl Pts',(-12.3920621122025,54.3229999016761,-1.33428616348642));
#5133=CARTESIAN_POINT('Ctrl Pts',(-12.3916033144523,54.3241817707215,-1.11219973762821));
#5134=CARTESIAN_POINT('Ctrl Pts',(-12.3916033144523,54.3241817707215,-1.));
#5135=CARTESIAN_POINT('Ctrl Pts',(-12.3916033144523,54.3241817707215,-1.));
#5136=CARTESIAN_POINT('Ctrl Pts',(-12.7298398277144,54.4554840938742,-1.));
#5137=CARTESIAN_POINT('Ctrl Pts',(-13.1811484376018,54.6585243825674,-0.999999999999999));
#5138=CARTESIAN_POINT('Ctrl Pts',(-13.8865715161673,55.2041363399694,-1.));
#5139=CARTESIAN_POINT('Ctrl Pts',(-14.4782944303403,56.3099878705469,-0.999999999999999));
#5140=CARTESIAN_POINT('Ctrl Pts',(-14.4629314873368,57.4463401600182,-1.));
#5141=CARTESIAN_POINT('Ctrl Pts',(-14.1648061125016,58.1041254660334,-1.));
#5142=CARTESIAN_POINT('Ctrl Pts',(-14.0003215796137,58.4400688270629,-1.));
#5143=CARTESIAN_POINT('Ctrl Pts',(-12.6627763188024,52.8203922540973,-2.5));
#5144=CARTESIAN_POINT('Ctrl Pts',(-12.7533281918906,52.8555441990711,-2.5));
#5145=CARTESIAN_POINT('Ctrl Pts',(-12.8438800649788,52.8906961440449,-2.5));
#5146=CARTESIAN_POINT('Ctrl Pts',(-12.934431938067,52.9258480890187,-2.5));
#5147=CARTESIAN_POINT('Ctrl Pts',(-12.6221728327046,52.9249873688998,-2.5));
#5148=CARTESIAN_POINT('Ctrl Pts',(-12.7127247057929,52.9601393138736,-2.5));
#5149=CARTESIAN_POINT('Ctrl Pts',(-12.8032765788811,52.9952912588474,-2.5));
#5150=CARTESIAN_POINT('Ctrl Pts',(-12.8938284519693,53.0304432038212,-2.5));
#5151=CARTESIAN_POINT('Ctrl Pts',(-12.5418030755739,53.1320209214747,-2.49873342948908));
#5152=CARTESIAN_POINT('Ctrl Pts',(-12.6323549486621,53.1671728664485,-2.49873342948908));
#5153=CARTESIAN_POINT('Ctrl Pts',(-12.7229068217503,53.2023248114223,-2.49873342948908));
#5154=CARTESIAN_POINT('Ctrl Pts',(-12.8134586948385,53.237476756396,-2.49873342948908));
#5155=CARTESIAN_POINT('Ctrl Pts',(-12.4222136709559,53.4400848023705,-2.42509123329521));
#5156=CARTESIAN_POINT('Ctrl Pts',(-12.5127655440441,53.4752367473443,-2.42509123329521));
#5157=CARTESIAN_POINT('Ctrl Pts',(-12.6033174171323,53.5103886923181,-2.42509123329521));
#5158=CARTESIAN_POINT('Ctrl Pts',(-12.6938692902205,53.5455406372918,-2.42509123329521));
#5159=CARTESIAN_POINT('Ctrl Pts',(-12.3080797808306,53.7340952061021,-2.24856670430068));
#5160=CARTESIAN_POINT('Ctrl Pts',(-12.3986316539188,53.7692471510759,-2.24856670430068));
#5161=CARTESIAN_POINT('Ctrl Pts',(-12.489183527007,53.8043990960497,-2.24856670430068));
#5162=CARTESIAN_POINT('Ctrl Pts',(-12.5797354000952,53.8395510410235,-2.24856670430068));
#5163=CARTESIAN_POINT('Ctrl Pts',(-12.2108686274603,53.9845124171359,-1.98010052644638));
#5164=CARTESIAN_POINT('Ctrl Pts',(-12.3014205005485,54.0196643621096,-1.98010052644638));
#5165=CARTESIAN_POINT('Ctrl Pts',(-12.3919723736367,54.0548163070834,-1.98010052644638));
#5166=CARTESIAN_POINT('Ctrl Pts',(-12.4825242467249,54.0899682520572,-1.98010052644638));
#5167=CARTESIAN_POINT('Ctrl Pts',(-12.1471486726689,54.1486558596612,-1.66484198321723));
#5168=CARTESIAN_POINT('Ctrl Pts',(-12.2377005457571,54.1838078046349,-1.66484198321723));
#5169=CARTESIAN_POINT('Ctrl Pts',(-12.3282524188453,54.2189597496087,-1.66484198321723));
#5170=CARTESIAN_POINT('Ctrl Pts',(-12.4188042919335,54.2541116945825,-1.66484198321723));
#5171=CARTESIAN_POINT('Ctrl Pts',(-12.1203130359568,54.2177848131688,-1.33418693883975));
#5172=CARTESIAN_POINT('Ctrl Pts',(-12.210864909045,54.2529367581426,-1.33418693883975));
#5173=CARTESIAN_POINT('Ctrl Pts',(-12.3014167821332,54.2880887031164,-1.33418693883975));
#5174=CARTESIAN_POINT('Ctrl Pts',(-12.3919686552214,54.3232406480901,-1.33418693883975));
#5175=CARTESIAN_POINT('Ctrl Pts',(-12.1199476951877,54.2187259358002,-1.11219973762821));
#5176=CARTESIAN_POINT('Ctrl Pts',(-12.2104995682759,54.253877880774,-1.11219973762821));
#5177=CARTESIAN_POINT('Ctrl Pts',(-12.3010514413641,54.2890298257478,-1.11219973762821));
#5178=CARTESIAN_POINT('Ctrl Pts',(-12.3916033144523,54.3241817707215,-1.11219973762821));
#5179=CARTESIAN_POINT('Ctrl Pts',(-12.1199476951877,54.2187259358002,-1.));
#5180=CARTESIAN_POINT('Ctrl Pts',(-12.2104995682759,54.253877880774,-1.));
#5181=CARTESIAN_POINT('Ctrl Pts',(-12.3010514413641,54.2890298257478,-1.));
#5182=CARTESIAN_POINT('Ctrl Pts',(-12.3916033144523,54.3241817707215,-1.));
#5183=CARTESIAN_POINT('',(-12.6627763188024,52.8203922540973,-2.5));
#5184=CARTESIAN_POINT('',(-12.1199476951877,54.2187259358002,-1.));
#5185=CARTESIAN_POINT('Ctrl Pts',(-12.6627763188024,52.8203922540973,-2.5));
#5186=CARTESIAN_POINT('Ctrl Pts',(-12.6221728327046,52.9249873688998,-2.5));
#5187=CARTESIAN_POINT('Ctrl Pts',(-12.5418030755739,53.1320209214747,-2.49873342948908));
#5188=CARTESIAN_POINT('Ctrl Pts',(-12.4222136709559,53.4400848023705,-2.42509123329521));
#5189=CARTESIAN_POINT('Ctrl Pts',(-12.3080797808306,53.7340952061021,-2.24856670430068));
#5190=CARTESIAN_POINT('Ctrl Pts',(-12.2108686274603,53.9845124171359,-1.98010052644638));
#5191=CARTESIAN_POINT('Ctrl Pts',(-12.1471486726689,54.1486558596612,-1.66484198321723));
#5192=CARTESIAN_POINT('Ctrl Pts',(-12.1203130359568,54.2177848131688,-1.33418693883975));
#5193=CARTESIAN_POINT('Ctrl Pts',(-12.1199476951877,54.2187259358002,-1.11219973762821));
#5194=CARTESIAN_POINT('Ctrl Pts',(-12.1199476951877,54.2187259358002,-1.));
#5195=CARTESIAN_POINT('',(-10.6150495084765,53.6345293151639,-1.));
#5196=CARTESIAN_POINT('',(-11.1578781320912,52.2361956334611,-2.5));
#5197=CARTESIAN_POINT('Ctrl Pts',(-12.1199476951877,54.2187259358002,-1.));
#5198=CARTESIAN_POINT('Ctrl Pts',(-11.7817157868817,54.0874254002766,-1.));
#5199=CARTESIAN_POINT('Ctrl Pts',(-11.0943490442326,53.8504055683348,-1.));
#5200=CARTESIAN_POINT('Ctrl Pts',(-9.94517274304084,53.9315893002722,-1.));
#5201=CARTESIAN_POINT('Ctrl Pts',(-8.89048562394707,54.6147789654484,-1.));
#5202=CARTESIAN_POINT('Ctrl Pts',(-8.48109719504086,55.2538175449956,-1.));
#5203=CARTESIAN_POINT('Ctrl Pts',(-8.29116577210648,55.7105081861329,-1.));
#5204=CARTESIAN_POINT('Ctrl Pts',(-8.20818807077786,55.9916146721996,-1.));
#5205=CARTESIAN_POINT('Ctrl Pts',(-8.15555277964335,56.1710773411522,-1.));
#5206=CARTESIAN_POINT('Ctrl Pts',(-12.1199476951877,54.2187259358002,-1.11219973762821));
#5207=CARTESIAN_POINT('Ctrl Pts',(-11.7817157868817,54.0874254002766,-1.11219973762821));
#5208=CARTESIAN_POINT('Ctrl Pts',(-11.0943391085169,53.85043741836,-1.11219973762821));
#5209=CARTESIAN_POINT('Ctrl Pts',(-9.94518972874716,53.9316347050615,-1.11219973762821));
#5210=CARTESIAN_POINT('Ctrl Pts',(-8.89049140374759,54.614823405377,-1.11219973762821));
#5211=CARTESIAN_POINT('Ctrl Pts',(-8.48110237852134,55.2538365800401,-1.11219973762821));
#5212=CARTESIAN_POINT('Ctrl Pts',(-8.29117279495503,55.7105086856998,-1.11219973762821));
#5213=CARTESIAN_POINT('Ctrl Pts',(-8.2081882368357,55.991614106017,-1.11219973762821));
#5214=CARTESIAN_POINT('Ctrl Pts',(-8.15555277964335,56.1710773411522,-1.11219973762821));
#5215=CARTESIAN_POINT('Ctrl Pts',(-12.1204060265071,54.2175452682867,-1.33428571197668));
#5216=CARTESIAN_POINT('Ctrl Pts',(-11.7821741182011,54.0862447327631,-1.33428571197668));
#5217=CARTESIAN_POINT('Ctrl Pts',(-11.094503812891,53.8491376589092,-1.33428571197668));
#5218=CARTESIAN_POINT('Ctrl Pts',(-9.94474334165554,53.9303823748007,-1.33428571197668));
#5219=CARTESIAN_POINT('Ctrl Pts',(-8.8896095993055,54.6138600538033,-1.33428571197668));
#5220=CARTESIAN_POINT('Ctrl Pts',(-8.47997037062664,55.2532412942118,-1.33428571197668));
#5221=CARTESIAN_POINT('Ctrl Pts',(-8.28997231618194,55.7101003996648,-1.33428571197668));
#5222=CARTESIAN_POINT('Ctrl Pts',(-8.2069715639299,55.9912622911619,-1.33428571197668));
#5223=CARTESIAN_POINT('Ctrl Pts',(-8.1543374645547,56.1707208967513,-1.33428571197668));
#5224=CARTESIAN_POINT('Ctrl Pts',(-12.1470560989914,54.1488943306732,-1.66474750036316));
#5225=CARTESIAN_POINT('Ctrl Pts',(-11.8088241906854,54.0175937951496,-1.66474750036316));
#5226=CARTESIAN_POINT('Ctrl Pts',(-11.1040074752259,53.7737967206753,-1.66474750036316));
#5227=CARTESIAN_POINT('Ctrl Pts',(-9.9189129446758,53.8578991333332,-1.66474750036316));
#5228=CARTESIAN_POINT('Ctrl Pts',(-8.83837890591192,54.5581726189079,-1.66474750036316));
#5229=CARTESIAN_POINT('Ctrl Pts',(-8.41418698596206,55.2187681525285,-1.66474750036316));
#5230=CARTESIAN_POINT('Ctrl Pts',(-8.22022118718815,55.6863639350058,-1.66474750036316));
#5231=CARTESIAN_POINT('Ctrl Pts',(-8.13622828520215,55.9708015387574,-1.66474750036316));
#5232=CARTESIAN_POINT('Ctrl Pts',(-8.08367191359963,56.1499951276016,-1.66474750036316));
#5233=CARTESIAN_POINT('Ctrl Pts',(-12.2109378009317,53.9843342253626,-1.98013402820119));
#5234=CARTESIAN_POINT('Ctrl Pts',(-11.8727058926257,53.853033689839,-1.98013402820119));
#5235=CARTESIAN_POINT('Ctrl Pts',(-11.1267489557686,53.5933263740808,-1.98013402820119));
#5236=CARTESIAN_POINT('Ctrl Pts',(-9.85706327921108,53.6843324936731,-1.98013402820119));
#5237=CARTESIAN_POINT('Ctrl Pts',(-8.71559896848905,54.4248626403264,-1.98013402820119));
#5238=CARTESIAN_POINT('Ctrl Pts',(-8.25652108015704,55.1362094598319,-1.98013402820119));
#5239=CARTESIAN_POINT('Ctrl Pts',(-8.05305165830165,55.6294682898995,-1.98013402820119));
#5240=CARTESIAN_POINT('Ctrl Pts',(-7.96665337943618,55.9217537394198,-1.98013402820119));
#5241=CARTESIAN_POINT('Ctrl Pts',(-7.91428266836504,56.1003143093568,-1.98013402820119));
#5242=CARTESIAN_POINT('Ctrl Pts',(-12.3080918954869,53.7340639985879,-2.24875792365448));
#5243=CARTESIAN_POINT('Ctrl Pts',(-11.9698599871809,53.6027634630643,-2.24875792365448));
#5244=CARTESIAN_POINT('Ctrl Pts',(-11.161355241427,53.3187948997027,-2.24875792365449));
#5245=CARTESIAN_POINT('Ctrl Pts',(-9.7629653276367,53.4202731340472,-2.24875792365449));
#5246=CARTESIAN_POINT('Ctrl Pts',(-8.5288581935134,54.2220293232991,-2.24875792365449));
#5247=CARTESIAN_POINT('Ctrl Pts',(-8.01672539717803,55.010612176851,-2.24875792365449));
#5248=CARTESIAN_POINT('Ctrl Pts',(-7.79879873768313,55.5429378891949,-2.24875792365449));
#5249=CARTESIAN_POINT('Ctrl Pts',(-7.70875608914127,55.8471608368746,-2.24875792365449));
#5250=CARTESIAN_POINT('Ctrl Pts',(-7.65666807375813,56.0247575416637,-2.24875792365449));
#5251=CARTESIAN_POINT('Ctrl Pts',(-12.4221794777175,53.4401728846028,-2.42483549651766));
#5252=CARTESIAN_POINT('Ctrl Pts',(-12.0839475694115,53.3088723490792,-2.42483549651766));
#5253=CARTESIAN_POINT('Ctrl Pts',(-11.2019937492613,52.9964122714457,-2.42483549651767));
#5254=CARTESIAN_POINT('Ctrl Pts',(-9.65246567996642,53.1101871576641,-2.42483549651767));
#5255=CARTESIAN_POINT('Ctrl Pts',(-8.30956910757152,53.9838408418635,-2.42483549651767));
#5256=CARTESIAN_POINT('Ctrl Pts',(-7.73513422084998,54.8631229109283,-2.42483549651767));
#5257=CARTESIAN_POINT('Ctrl Pts',(-7.5002304020626,55.4413256332872,-2.42483549651767));
#5258=CARTESIAN_POINT('Ctrl Pts',(-7.40590854284402,55.7595667823545,-2.42483549651767));
#5259=CARTESIAN_POINT('Ctrl Pts',(-7.35415250423337,55.9360315956629,-2.42483549651767));
#5260=CARTESIAN_POINT('Ctrl Pts',(-12.5418388258451,53.1319288283053,-2.49899047698824));
#5261=CARTESIAN_POINT('Ctrl Pts',(-12.2036069175391,53.0006282927817,-2.49899047698824));
#5262=CARTESIAN_POINT('Ctrl Pts',(-11.2446024853246,52.6583315954378,-2.49899047698824));
#5263=CARTESIAN_POINT('Ctrl Pts',(-9.5365942123829,52.7850233993815,-2.49899047698824));
#5264=CARTESIAN_POINT('Ctrl Pts',(-8.0795788762697,53.7340844768179,-2.49899047698824));
#5265=CARTESIAN_POINT('Ctrl Pts',(-7.43979834555382,54.7084583226643,-2.49899047698824));
#5266=CARTESIAN_POINT('Ctrl Pts',(-7.18709092032016,55.3347516037534,-2.49899047698824));
#5267=CARTESIAN_POINT('Ctrl Pts',(-7.08827088507253,55.6676940187729,-2.49899047698824));
#5268=CARTESIAN_POINT('Ctrl Pts',(-7.03686279452067,55.8429724856977,-2.49899047698824));
#5269=CARTESIAN_POINT('Ctrl Pts',(-12.6221728327047,52.9249873688998,-2.49999999999999));
#5270=CARTESIAN_POINT('Ctrl Pts',(-12.2839409243986,52.7936868333762,-2.49999999999999));
#5271=CARTESIAN_POINT('Ctrl Pts',(-11.2732223031923,52.4313136506547,-2.49999999999999));
#5272=CARTESIAN_POINT('Ctrl Pts',(-9.45877895861578,52.5666579413118,-2.5));
#5273=CARTESIAN_POINT('Ctrl Pts',(-7.92516532633807,53.5663455937582,-2.5));
#5274=CARTESIAN_POINT('Ctrl Pts',(-7.24151546514787,54.6045961519355,-2.5));
#5275=CARTESIAN_POINT('Ctrl Pts',(-6.9768528566602,55.2632017888692,-2.5));
#5276=CARTESIAN_POINT('Ctrl Pts',(-6.87502273889034,55.606015507558,-2.5));
#5277=CARTESIAN_POINT('Ctrl Pts',(-6.82384848251429,55.780496705115,-2.5));
#5278=CARTESIAN_POINT('Ctrl Pts',(-12.6627763188024,52.8203922540974,-2.49999999999999));
#5279=CARTESIAN_POINT('Ctrl Pts',(-12.3245444104964,52.6890917185737,-2.49999999999999));
#5280=CARTESIAN_POINT('Ctrl Pts',(-11.2876779240258,52.316602592091,-2.49999999999999));
#5281=CARTESIAN_POINT('Ctrl Pts',(-9.4194652701537,52.4563334934386,-2.49999999999999));
#5282=CARTESIAN_POINT('Ctrl Pts',(-7.84712526349125,53.4816085545567,-2.5));
#5283=CARTESIAN_POINT('Ctrl Pts',(-7.1413017921488,54.5521195022013,-2.5));
#5284=CARTESIAN_POINT('Ctrl Pts',(-6.870598447664,55.2270386185544,-2.5));
#5285=CARTESIAN_POINT('Ctrl Pts',(-6.76724017788629,55.5748405732413,-2.5));
#5286=CARTESIAN_POINT('Ctrl Pts',(-6.71618394548583,55.7489193621254,-2.5));
#5287=CARTESIAN_POINT('Ctrl Pts',(-8.15555277964335,56.1710773411522,-1.));
#5288=CARTESIAN_POINT('Ctrl Pts',(-8.20818807077786,55.9916146721996,-1.));
#5289=CARTESIAN_POINT('Ctrl Pts',(-8.29116577210648,55.7105081861329,-1.));
#5290=CARTESIAN_POINT('Ctrl Pts',(-8.48109719504086,55.2538175449956,-1.));
#5291=CARTESIAN_POINT('Ctrl Pts',(-8.89048562394707,54.6147789654484,-1.));
#5292=CARTESIAN_POINT('Ctrl Pts',(-9.94517274304084,53.9315893002722,-1.));
#5293=CARTESIAN_POINT('Ctrl Pts',(-11.0943490442326,53.8504055683348,-1.));
#5294=CARTESIAN_POINT('Ctrl Pts',(-11.7817157868817,54.0874254002766,-1.));
#5295=CARTESIAN_POINT('Ctrl Pts',(-12.1199476951877,54.2187259358002,-1.));
#5296=CARTESIAN_POINT('Ctrl Pts',(-12.6627763188024,52.8203922540974,-2.49999999999999));
#5297=CARTESIAN_POINT('Ctrl Pts',(-12.3245444104964,52.6890917185737,-2.49999999999999));
#5298=CARTESIAN_POINT('Ctrl Pts',(-11.6620608590725,52.4510977988174,-2.49999999999999));
#5299=CARTESIAN_POINT('Ctrl Pts',(-10.9652610734062,52.3993903543957,-2.49999999999999));
#5300=CARTESIAN_POINT('Ctrl Pts',(-10.6334343130394,52.414799009307,-2.49999999999999));
#5301=CARTESIAN_POINT('Origin',(-9.5415858802664,61.2631042081095,-2.5));
#5302=CARTESIAN_POINT('',(-20.1709381714831,42.8984006736736,-2.5));
#5303=CARTESIAN_POINT('Origin',(-16.6709381714831,42.8984006736736,-2.5));
#5304=CARTESIAN_POINT('Ctrl Pts',(-5.08285018091872,64.0861395891568,-1.));
#5305=CARTESIAN_POINT('Ctrl Pts',(-5.00060791447483,64.2541112696713,-1.));
#5306=CARTESIAN_POINT('Ctrl Pts',(-4.87269947234131,64.5180574209915,-1.));
#5307=CARTESIAN_POINT('Ctrl Pts',(-4.70294264021343,64.9816417987001,-1.));
#5308=CARTESIAN_POINT('Ctrl Pts',(-4.61543935748221,65.5201149441951,-1.));
#5309=CARTESIAN_POINT('Ctrl Pts',(-4.72492916163291,66.4437956864524,-1.));
#5310=CARTESIAN_POINT('Ctrl Pts',(-5.19692979111764,67.3177178125943,-1.));
#5311=CARTESIAN_POINT('Ctrl Pts',(-5.90249852374251,67.8686827368004,-1.));
#5312=CARTESIAN_POINT('Ctrl Pts',(-6.35333193281849,68.0707243223446,-1.));
#5313=CARTESIAN_POINT('Ctrl Pts',(-6.69156844608045,68.2020266454973,-1.));
#5314=CARTESIAN_POINT('Ctrl Pts',(-5.08285018091872,64.0861395891568,-1.11219973762821));
#5315=CARTESIAN_POINT('Ctrl Pts',(-5.00060765501064,64.2541117996012,-1.11219973762821));
#5316=CARTESIAN_POINT('Ctrl Pts',(-4.87270544999511,64.5180629992958,-1.11219973762821));
#5317=CARTESIAN_POINT('Ctrl Pts',(-4.70295965079521,64.9816335010647,-1.11219973762821));
#5318=CARTESIAN_POINT('Ctrl Pts',(-4.61547105291502,65.5200973284422,-1.11219973762821));
#5319=CARTESIAN_POINT('Ctrl Pts',(-4.72496347622199,66.4437547534194,-1.11219973762821));
#5320=CARTESIAN_POINT('Ctrl Pts',(-5.19697169779496,67.3177082819953,-1.11219973762821));
#5321=CARTESIAN_POINT('Ctrl Pts',(-5.9025032652749,67.868654932783,-1.11219973762821));
#5322=CARTESIAN_POINT('Ctrl Pts',(-6.35333193281849,68.0707243223446,-1.11219973762821));
#5323=CARTESIAN_POINT('Ctrl Pts',(-6.69156844608045,68.2020266454973,-1.11219973762821));
#5324=CARTESIAN_POINT('Ctrl Pts',(-5.08171138642591,64.0855820127855,-1.33428622293216));
#5325=CARTESIAN_POINT('Ctrl Pts',(-4.9994709820974,64.2535498901138,-1.33428622293216));
#5326=CARTESIAN_POINT('Ctrl Pts',(-4.87154179598374,64.5175532054819,-1.33428622293216));
#5327=CARTESIAN_POINT('Ctrl Pts',(-4.70172307800483,64.9813092221883,-1.33428622293216));
#5328=CARTESIAN_POINT('Ctrl Pts',(-4.61418175751996,65.5200837420817,-1.33428622293216));
#5329=CARTESIAN_POINT('Ctrl Pts',(-4.72373469305211,66.4441913961373,-1.33428622293216));
#5330=CARTESIAN_POINT('Ctrl Pts',(-5.1959438426377,67.3185162460881,-1.33428622293216));
#5331=CARTESIAN_POINT('Ctrl Pts',(-5.90185652080061,67.869771281257,-1.33428622293216));
#5332=CARTESIAN_POINT('Ctrl Pts',(-6.35287307306099,68.0719063511216,-1.33428622293216));
#5333=CARTESIAN_POINT('Ctrl Pts',(-6.69110958632295,68.2032086742743,-1.33428622293216));
#5334=CARTESIAN_POINT('Ctrl Pts',(-5.01557209006506,64.0531989014356,-1.66474754477841));
#5335=CARTESIAN_POINT('Ctrl Pts',(-4.9334531348262,64.2209187310318,-1.66474754477841));
#5336=CARTESIAN_POINT('Ctrl Pts',(-4.80399944892068,64.4879832524723,-1.66474754477841));
#5337=CARTESIAN_POINT('Ctrl Pts',(-4.63002093923934,64.9624190786487,-1.66474754477841));
#5338=CARTESIAN_POINT('Ctrl Pts',(-4.53951768208535,65.5191745843788,-1.66474754477841));
#5339=CARTESIAN_POINT('Ctrl Pts',(-4.65260292180925,66.4692718459508,-1.66474754477841));
#5340=CARTESIAN_POINT('Ctrl Pts',(-5.13653339161448,67.3653764923196,-1.66474754477841));
#5341=CARTESIAN_POINT('Ctrl Pts',(-5.86432699628308,67.9344174135125,-1.66474754477841));
#5342=CARTESIAN_POINT('Ctrl Pts',(-6.32622325899811,68.1405566230382,-1.66474754477841));
#5343=CARTESIAN_POINT('Ctrl Pts',(-6.66445977226008,68.2718589461908,-1.66474754477841));
#5344=CARTESIAN_POINT('Ctrl Pts',(-4.85703043439007,63.9755737621947,-1.98013408476595));
#5345=CARTESIAN_POINT('Ctrl Pts',(-4.77520157240539,64.1427011050621,-1.98013408476595));
#5346=CARTESIAN_POINT('Ctrl Pts',(-4.64211830639217,64.4171236602553,-1.98013408476595));
#5347=CARTESIAN_POINT('Ctrl Pts',(-4.45821224500744,64.9171047941049,-1.98013408476595));
#5348=CARTESIAN_POINT('Ctrl Pts',(-4.36066730732247,65.5169252706003,-1.98013408476595));
#5349=CARTESIAN_POINT('Ctrl Pts',(-4.48223019327956,66.5292292512158,-1.98013408476595));
#5350=CARTESIAN_POINT('Ctrl Pts',(-4.99428785057126,67.4776667221758,-1.98013408476595));
#5351=CARTESIAN_POINT('Ctrl Pts',(-5.77438429338183,68.0892693654222,-1.98013408476595));
#5352=CARTESIAN_POINT('Ctrl Pts',(-6.26234133285986,68.3051173058856,-1.98013408476594));
#5353=CARTESIAN_POINT('Ctrl Pts',(-6.60057784612183,68.4364196290383,-1.98013408476594));
#5354=CARTESIAN_POINT('Ctrl Pts',(-4.61591479860395,63.8575187644631,-2.24875757519761));
#5355=CARTESIAN_POINT('Ctrl Pts',(-4.53452764661262,64.0237439584345,-2.24875757519761));
#5356=CARTESIAN_POINT('Ctrl Pts',(-4.39591174211873,64.3093466290006,-2.24875757519761));
#5357=CARTESIAN_POINT('Ctrl Pts',(-4.19688514431255,64.8482060879376,-2.24875757519761));
#5358=CARTESIAN_POINT('Ctrl Pts',(-4.0886011976688,65.5135401571328,-2.24875757519761));
#5359=CARTESIAN_POINT('Ctrl Pts',(-4.22305187030389,66.6204975507007,-2.24875757519761));
#5360=CARTESIAN_POINT('Ctrl Pts',(-4.77787093254243,67.6484609150878,-2.24875757519761));
#5361=CARTESIAN_POINT('Ctrl Pts',(-5.63758670387131,68.3248299523016,-2.24875757519761));
#5362=CARTESIAN_POINT('Ctrl Pts',(-6.16518748915559,68.555386886465,-2.24875757519761));
#5363=CARTESIAN_POINT('Ctrl Pts',(-6.50342400241756,68.6866892096177,-2.24875757519761));
#5364=CARTESIAN_POINT('Ctrl Pts',(-4.3327736201853,63.7188872274957,-2.42483453126555));
#5365=CARTESIAN_POINT('Ctrl Pts',(-4.25190517952981,63.8840530049583,-2.42483453126555));
#5366=CARTESIAN_POINT('Ctrl Pts',(-4.10679200700834,64.1827841904738,-2.42483453126555));
#5367=CARTESIAN_POINT('Ctrl Pts',(-3.89000886931995,64.767299012629,-2.42483453126555));
#5368=CARTESIAN_POINT('Ctrl Pts',(-3.76911341146061,65.5095659112726,-2.42483453126555));
#5369=CARTESIAN_POINT('Ctrl Pts',(-3.91869803235681,66.7276756142985,-2.42483453126555));
#5370=CARTESIAN_POINT('Ctrl Pts',(-4.52373127126585,67.8490243654665,-2.42483453126555));
#5371=CARTESIAN_POINT('Ctrl Pts',(-5.47694557543958,68.6014492468864,-2.42483453126555));
#5372=CARTESIAN_POINT('Ctrl Pts',(-6.05110009824607,68.8492775076045,-2.42483453126555));
#5373=CARTESIAN_POINT('Ctrl Pts',(-6.38933661150804,68.9805798307572,-2.42483453126555));
#5374=CARTESIAN_POINT('Ctrl Pts',(-4.03580399026267,63.5734850063889,-2.49898990411303));
#5375=CARTESIAN_POINT('Ctrl Pts',(-3.95547921596379,63.7375403991855,-2.49898990411303));
#5376=CARTESIAN_POINT('Ctrl Pts',(-3.8035605521416,64.0500486539765,-2.49898990411303));
#5377=CARTESIAN_POINT('Ctrl Pts',(-3.56816975173727,64.6824283768245,-2.49898990411303));
#5378=CARTESIAN_POINT('Ctrl Pts',(-3.43406826796879,65.5053718653249,-2.49898990411303));
#5379=CARTESIAN_POINT('Ctrl Pts',(-3.59952979158756,66.8400284739914,-2.49898990411303));
#5380=CARTESIAN_POINT('Ctrl Pts',(-4.25724071488679,68.0593693143273,-2.49898990411303));
#5381=CARTESIAN_POINT('Ctrl Pts',(-5.30846574472434,68.8915379037183,-2.49898990411303));
#5382=CARTESIAN_POINT('Ctrl Pts',(-5.93144074510477,69.1575215768174,-2.49898990411303));
#5383=CARTESIAN_POINT('Ctrl Pts',(-6.26967725836674,69.2888238999701,-2.49898990411303));
#5384=CARTESIAN_POINT('Ctrl Pts',(-3.83643183324367,63.4758684438302,-2.49999999999999));
#5385=CARTESIAN_POINT('Ctrl Pts',(-3.75647242317432,63.6391776163889,-2.49999999999999));
#5386=CARTESIAN_POINT('Ctrl Pts',(-3.59997594034897,63.9609279641208,-2.49999999999999));
#5387=CARTESIAN_POINT('Ctrl Pts',(-3.35207701421338,64.6254618806823,-2.49999999999999));
#5388=CARTESIAN_POINT('Ctrl Pts',(-3.20908860225708,65.5025813514302,-2.5));
#5389=CARTESIAN_POINT('Ctrl Pts',(-3.38520542580881,66.9155156831629,-2.5));
#5390=CARTESIAN_POINT('Ctrl Pts',(-4.07827094287386,68.2005991499926,-2.49999999999999));
#5391=CARTESIAN_POINT('Ctrl Pts',(-5.19534912699891,69.0863302278003,-2.49999999999999));
#5392=CARTESIAN_POINT('Ctrl Pts',(-5.85110679530157,69.364462889245,-2.49999999999999));
#5393=CARTESIAN_POINT('Ctrl Pts',(-6.18934330856354,69.4957652123976,-2.49999999999999));
#5394=CARTESIAN_POINT('Ctrl Pts',(-3.73566242472294,63.4265297426898,-2.49999999999999));
#5395=CARTESIAN_POINT('Ctrl Pts',(-3.65588742627244,63.5894622727888,-2.49999999999999));
#5396=CARTESIAN_POINT('Ctrl Pts',(-3.49708330793062,63.9158888624808,-2.49999999999999));
#5397=CARTESIAN_POINT('Ctrl Pts',(-3.24287322962834,64.596660913565,-2.49999999999999));
#5398=CARTESIAN_POINT('Ctrl Pts',(-3.09540754085058,65.501153566138,-2.49999999999999));
#5399=CARTESIAN_POINT('Ctrl Pts',(-3.2769124941026,66.9536291116238,-2.49999999999999));
#5400=CARTESIAN_POINT('Ctrl Pts',(-3.98785489881362,68.2719720742513,-2.49999999999999));
#5401=CARTESIAN_POINT('Ctrl Pts',(-5.13818084968259,69.1847574253383,-2.49999999999999));
#5402=CARTESIAN_POINT('Ctrl Pts',(-5.81050330920381,69.4690580040475,-2.49999999999999));
#5403=CARTESIAN_POINT('Ctrl Pts',(-6.14873982246578,69.6003603272001,-2.49999999999999));
#5404=CARTESIAN_POINT('',(-6.14873982246578,69.6003603272001,-2.49999999999999));
#5405=CARTESIAN_POINT('Ctrl Pts',(-4.37599919572778,68.5316097172613,-2.49999999999999));
#5406=CARTESIAN_POINT('Ctrl Pts',(-4.61145507619187,68.7663610379909,-2.49999999999999));
#5407=CARTESIAN_POINT('Ctrl Pts',(-5.16639060751641,69.1966863001867,-2.49999999999999));
#5408=CARTESIAN_POINT('Ctrl Pts',(-5.81050330920381,69.4690580040475,-2.49999999999999));
#5409=CARTESIAN_POINT('Ctrl Pts',(-6.14873982246578,69.6003603272001,-2.49999999999999));
#5410=CARTESIAN_POINT('',(-6.69156844608046,68.2020266454973,-1.));
#5411=CARTESIAN_POINT('Ctrl Pts',(-6.14873982246578,69.6003603272001,-2.49999999999999));
#5412=CARTESIAN_POINT('Ctrl Pts',(-6.18934330856354,69.4957652123976,-2.49999999999999));
#5413=CARTESIAN_POINT('Ctrl Pts',(-6.26967725836674,69.2888238999701,-2.49898990411303));
#5414=CARTESIAN_POINT('Ctrl Pts',(-6.38933661150804,68.9805798307572,-2.42483453126555));
#5415=CARTESIAN_POINT('Ctrl Pts',(-6.50342400241756,68.6866892096177,-2.24875757519761));
#5416=CARTESIAN_POINT('Ctrl Pts',(-6.60057784612183,68.4364196290383,-1.98013408476594));
#5417=CARTESIAN_POINT('Ctrl Pts',(-6.66445977226008,68.2718589461908,-1.66474754477841));
#5418=CARTESIAN_POINT('Ctrl Pts',(-6.69110958632295,68.2032086742743,-1.33428622293216));
#5419=CARTESIAN_POINT('Ctrl Pts',(-6.69156844608045,68.2020266454973,-1.11219973762821));
#5420=CARTESIAN_POINT('Ctrl Pts',(-6.69156844608045,68.2020266454973,-1.));
#5421=CARTESIAN_POINT('Ctrl Pts',(-6.69156844608045,68.2020266454973,-1.));
#5422=CARTESIAN_POINT('Ctrl Pts',(-6.35333193281849,68.0707243223446,-1.));
#5423=CARTESIAN_POINT('Ctrl Pts',(-5.90249852374251,67.8686827368004,-1.));
#5424=CARTESIAN_POINT('Ctrl Pts',(-5.19692979111764,67.3177178125943,-1.));
#5425=CARTESIAN_POINT('Ctrl Pts',(-4.72492916163291,66.4437956864524,-1.));
#5426=CARTESIAN_POINT('Ctrl Pts',(-4.61543935748221,65.5201149441951,-1.));
#5427=CARTESIAN_POINT('Ctrl Pts',(-4.70294264021343,64.9816417987001,-1.));
#5428=CARTESIAN_POINT('Ctrl Pts',(-4.87269947234131,64.5180574209915,-1.));
#5429=CARTESIAN_POINT('Ctrl Pts',(-5.00060791447483,64.2541112696713,-1.));
#5430=CARTESIAN_POINT('Ctrl Pts',(-5.08285018091872,64.0861395891568,-1.));
#5431=CARTESIAN_POINT('Ctrl Pts',(-6.42039544173037,69.7058161621215,-2.5));
#5432=CARTESIAN_POINT('Ctrl Pts',(-6.32984356864218,69.6706642171477,-2.5));
#5433=CARTESIAN_POINT('Ctrl Pts',(-6.23929169555398,69.6355122721739,-2.5));
#5434=CARTESIAN_POINT('Ctrl Pts',(-6.14873982246578,69.6003603272001,-2.5));
#5435=CARTESIAN_POINT('Ctrl Pts',(-6.46099892782814,69.601221047319,-2.5));
#5436=CARTESIAN_POINT('Ctrl Pts',(-6.37044705473994,69.5660691023452,-2.5));
#5437=CARTESIAN_POINT('Ctrl Pts',(-6.27989518165174,69.5309171573714,-2.5));
#5438=CARTESIAN_POINT('Ctrl Pts',(-6.18934330856354,69.4957652123976,-2.5));
#5439=CARTESIAN_POINT('Ctrl Pts',(-6.54136886802378,69.3941870231667,-2.49873198275375));
#5440=CARTESIAN_POINT('Ctrl Pts',(-6.45081699493558,69.3590350781929,-2.49873198275375));
#5441=CARTESIAN_POINT('Ctrl Pts',(-6.36026512184738,69.3238831332191,-2.49873198275375));
#5442=CARTESIAN_POINT('Ctrl Pts',(-6.26971324875919,69.2887311882453,-2.49873198275375));
#5443=CARTESIAN_POINT('Ctrl Pts',(-6.66095810541473,69.0861235730498,-2.42509049329592));
#5444=CARTESIAN_POINT('Ctrl Pts',(-6.57040623232653,69.050971628076,-2.42509049329592));
#5445=CARTESIAN_POINT('Ctrl Pts',(-6.47985435923833,69.0158196831022,-2.42509049329592));
#5446=CARTESIAN_POINT('Ctrl Pts',(-6.38930248615014,68.9806677381284,-2.42509049329592));
#5447=CARTESIAN_POINT('Ctrl Pts',(-6.77509199977973,68.7921131583967,-2.24856535008945));
#5448=CARTESIAN_POINT('Ctrl Pts',(-6.68454012669153,68.756961213423,-2.24856535008945));
#5449=CARTESIAN_POINT('Ctrl Pts',(-6.59398825360333,68.7218092684492,-2.24856535008945));
#5450=CARTESIAN_POINT('Ctrl Pts',(-6.50343638051513,68.6866573234754,-2.24856535008945));
#5451=CARTESIAN_POINT('Ctrl Pts',(-6.87230300796235,68.5416963213684,-1.98009985900039));
#5452=CARTESIAN_POINT('Ctrl Pts',(-6.78175113487415,68.5065443763946,-1.98009985900039));
#5453=CARTESIAN_POINT('Ctrl Pts',(-6.69119926178595,68.4713924314208,-1.98009985900039));
#5454=CARTESIAN_POINT('Ctrl Pts',(-6.60064738869775,68.436240486447,-1.98009985900039));
#5455=CARTESIAN_POINT('Ctrl Pts',(-6.93602274171235,68.3775534482486,-1.6648418394805));
#5456=CARTESIAN_POINT('Ctrl Pts',(-6.84547086862415,68.3424015032749,-1.6648418394805));
#5457=CARTESIAN_POINT('Ctrl Pts',(-6.75491899553595,68.3072495583011,-1.6648418394805));
#5458=CARTESIAN_POINT('Ctrl Pts',(-6.66436712244775,68.2720976133273,-1.6648418394805));
#5459=CARTESIAN_POINT('Ctrl Pts',(-6.96285851908689,68.3084241323927,-1.33418678178375));
#5460=CARTESIAN_POINT('Ctrl Pts',(-6.87230664599869,68.2732721874189,-1.33418678178375));
#5461=CARTESIAN_POINT('Ctrl Pts',(-6.78175477291049,68.2381202424451,-1.33418678178375));
#5462=CARTESIAN_POINT('Ctrl Pts',(-6.69120289982229,68.2029682974713,-1.33418678178375));
#5463=CARTESIAN_POINT('Ctrl Pts',(-6.96322406534505,68.3074824804186,-1.11219973762821));
#5464=CARTESIAN_POINT('Ctrl Pts',(-6.87267219225685,68.2723305354449,-1.11219973762821));
#5465=CARTESIAN_POINT('Ctrl Pts',(-6.78212031916865,68.2371785904711,-1.11219973762821));
#5466=CARTESIAN_POINT('Ctrl Pts',(-6.69156844608045,68.2020266454973,-1.11219973762821));
#5467=CARTESIAN_POINT('Ctrl Pts',(-6.96322406534505,68.3074824804186,-1.));
#5468=CARTESIAN_POINT('Ctrl Pts',(-6.87267219225685,68.2723305354449,-1.));
#5469=CARTESIAN_POINT('Ctrl Pts',(-6.78212031916865,68.2371785904711,-1.));
#5470=CARTESIAN_POINT('Ctrl Pts',(-6.69156844608045,68.2020266454973,-1.));
#5471=CARTESIAN_POINT('',(-6.42039544173037,69.7058161621215,-2.5));
#5472=CARTESIAN_POINT('',(-6.96322406534505,68.3074824804186,-1.));
#5473=CARTESIAN_POINT('Ctrl Pts',(-6.42039544173037,69.7058161621215,-2.5));
#5474=CARTESIAN_POINT('Ctrl Pts',(-6.46099892782814,69.601221047319,-2.5));
#5475=CARTESIAN_POINT('Ctrl Pts',(-6.54136886802378,69.3941870231667,-2.49873198275375));
#5476=CARTESIAN_POINT('Ctrl Pts',(-6.66095810541473,69.0861235730498,-2.42509049329592));
#5477=CARTESIAN_POINT('Ctrl Pts',(-6.77509199977973,68.7921131583967,-2.24856535008945));
#5478=CARTESIAN_POINT('Ctrl Pts',(-6.87230300796235,68.5416963213684,-1.98009985900039));
#5479=CARTESIAN_POINT('Ctrl Pts',(-6.93602274171235,68.3775534482486,-1.6648418394805));
#5480=CARTESIAN_POINT('Ctrl Pts',(-6.96285851908689,68.3084241323927,-1.33418678178375));
#5481=CARTESIAN_POINT('Ctrl Pts',(-6.96322406534505,68.3074824804186,-1.11219973762821));
#5482=CARTESIAN_POINT('Ctrl Pts',(-6.96322406534505,68.3074824804186,-1.));
#5483=CARTESIAN_POINT('',(-8.46812225205627,68.8916791010549,-1.));
#5484=CARTESIAN_POINT('',(-7.92529362844159,70.2900127827577,-2.5));
#5485=CARTESIAN_POINT('Ctrl Pts',(-6.96322406534505,68.3074824804186,-1.));
#5486=CARTESIAN_POINT('Ctrl Pts',(-7.30145597365106,68.4387830159423,-1.));
#5487=CARTESIAN_POINT('Ctrl Pts',(-7.77157667943368,68.593438930985,-1.));
#5488=CARTESIAN_POINT('Ctrl Pts',(-8.66036119452324,68.6667014041022,-1.));
#5489=CARTESIAN_POINT('Ctrl Pts',(-9.84321486402116,68.2497773080176,-1.));
#5490=CARTESIAN_POINT('Ctrl Pts',(-10.598563450874,67.4007193543757,-1.));
#5491=CARTESIAN_POINT('Ctrl Pts',(-10.8223483986204,66.7140564129719,-1.));
#5492=CARTESIAN_POINT('Ctrl Pts',(-10.9276189808894,66.3551310750666,-1.));
#5493=CARTESIAN_POINT('Ctrl Pts',(-6.96322406534505,68.3074824804186,-1.11219973762821));
#5494=CARTESIAN_POINT('Ctrl Pts',(-7.30145597365106,68.4387830159423,-1.11219973762821));
#5495=CARTESIAN_POINT('Ctrl Pts',(-7.77158642812052,68.5934166178995,-1.11219973762821));
#5496=CARTESIAN_POINT('Ctrl Pts',(-8.66032983799193,68.6666676824355,-1.11219973762821));
#5497=CARTESIAN_POINT('Ctrl Pts',(-9.84319544650197,68.2497298052284,-1.11219973762821));
#5498=CARTESIAN_POINT('Ctrl Pts',(-10.5985302209032,67.4007071852286,-1.11219973762821));
#5499=CARTESIAN_POINT('Ctrl Pts',(-10.8223480577579,66.7140575751601,-1.11219973762821));
#5500=CARTESIAN_POINT('Ctrl Pts',(-10.9276189808894,66.3551310750666,-1.11219973762821));
#5501=CARTESIAN_POINT('Ctrl Pts',(-6.96280784523108,68.3085546689125,-1.33423024885706));
#5502=CARTESIAN_POINT('Ctrl Pts',(-7.30103975353709,68.4398552044361,-1.33423024885706));
#5503=CARTESIAN_POINT('Ctrl Pts',(-7.7713293828493,68.5945768906398,-1.33423024885706));
#5504=CARTESIAN_POINT('Ctrl Pts',(-8.66054812634258,68.6678579746326,-1.33423024885706));
#5505=CARTESIAN_POINT('Ctrl Pts',(-9.84385616554168,68.2507852416812,-1.33423024885706));
#5506=CARTESIAN_POINT('Ctrl Pts',(-10.5995843423839,67.4013124605925,-1.33423024885706));
#5507=CARTESIAN_POINT('Ctrl Pts',(-10.8234544225189,66.7143720226558,-1.33423024885706));
#5508=CARTESIAN_POINT('Ctrl Pts',(-10.9287226335601,66.3554547695707,-1.33423024885706));
#5509=CARTESIAN_POINT('Ctrl Pts',(-6.93612733548971,68.377284013301,-1.66472506435296));
#5510=CARTESIAN_POINT('Ctrl Pts',(-7.27435924379572,68.5085845488246,-1.66472506435296));
#5511=CARTESIAN_POINT('Ctrl Pts',(-7.75537840357011,68.6677484124825,-1.66472506435296));
#5512=CARTESIAN_POINT('Ctrl Pts',(-8.6728485807725,68.7423381033118,-1.66472506435296));
#5513=CARTESIAN_POINT('Ctrl Pts',(-9.88516160234372,68.3158771184717,-1.66472506435296));
#5514=CARTESIAN_POINT('Ctrl Pts',(-10.6653622021043,67.4394550311479,-1.66472506435296));
#5515=CARTESIAN_POINT('Ctrl Pts',(-10.8943561356976,66.734591432797,-1.66472506435296));
#5516=CARTESIAN_POINT('Ctrl Pts',(-10.999468892196,66.3762042097842,-1.66472506435296));
#5517=CARTESIAN_POINT('Ctrl Pts',(-6.87223011276262,68.5418841003627,-1.98013682674152));
#5518=CARTESIAN_POINT('Ctrl Pts',(-7.21046202106862,68.6731846358863,-1.98013682674152));
#5519=CARTESIAN_POINT('Ctrl Pts',(-7.71720380026809,68.8429265680787,-1.98013682674152));
#5520=CARTESIAN_POINT('Ctrl Pts',(-8.70222193128526,68.9206193043657,-1.98013682674152));
#5521=CARTESIAN_POINT('Ctrl Pts',(-9.98403144021447,68.4716369955612,-1.98013682674152));
#5522=CARTESIAN_POINT('Ctrl Pts',(-10.8228036499116,67.5307697702004,-1.98013682674152));
#5523=CARTESIAN_POINT('Ctrl Pts',(-11.0641579100384,66.783018103049,-1.98013682674152));
#5524=CARTESIAN_POINT('Ctrl Pts',(-11.1688992924762,66.4258970985494,-1.98013682674152));
#5525=CARTESIAN_POINT('Ctrl Pts',(-6.77508598049406,68.7921286641559,-2.24875636454937));
#5526=CARTESIAN_POINT('Ctrl Pts',(-7.11331788880006,68.9234291996796,-2.24875636454937));
#5527=CARTESIAN_POINT('Ctrl Pts',(-7.65914530276916,69.1093010945795,-2.24875636454937));
#5528=CARTESIAN_POINT('Ctrl Pts',(-8.74694613514665,69.1917359542925,-2.24875636454937));
#5529=CARTESIAN_POINT('Ctrl Pts',(-10.1343867968959,68.7085436613174,-2.24875636454937));
#5530=CARTESIAN_POINT('Ctrl Pts',(-11.0622361804665,67.669623400421,-2.24875636454937));
#5531=CARTESIAN_POINT('Ctrl Pts',(-11.3223114276138,66.856639571183,-2.24875636454937));
#5532=CARTESIAN_POINT('Ctrl Pts',(-11.4264874710021,66.5014461185693,-2.24875636454937));
#5533=CARTESIAN_POINT('Ctrl Pts',(-6.66099330652616,69.0860328945233,-2.4248340873994));
#5534=CARTESIAN_POINT('Ctrl Pts',(-6.99922521483216,69.2173334300469,-2.4248340873994));
#5535=CARTESIAN_POINT('Ctrl Pts',(-7.59095746937427,69.4221494187644,-2.4248340873994));
#5536=CARTESIAN_POINT('Ctrl Pts',(-8.79947323735422,69.5101537347567,-2.4248340873994));
#5537=CARTESIAN_POINT('Ctrl Pts',(-10.3109743236956,68.9867828911581,-2.4248340873994));
#5538=CARTESIAN_POINT('Ctrl Pts',(-11.3434419775564,67.8327025277402,-2.4248340873994));
#5539=CARTESIAN_POINT('Ctrl Pts',(-11.6255044705743,66.9431056306559,-2.4248340873994));
#5540=CARTESIAN_POINT('Ctrl Pts',(-11.7290165418193,66.5901760244157,-2.4248340873994));
#5541=CARTESIAN_POINT('Ctrl Pts',(-6.54133557052717,69.3942727979563,-2.4989892745491));
#5542=CARTESIAN_POINT('Ctrl Pts',(-6.87956747883317,69.52557333348,-2.4989892745491));
#5543=CARTESIAN_POINT('Ctrl Pts',(-7.51945720009489,69.7502264544808,-2.4989892745491));
#5544=CARTESIAN_POINT('Ctrl Pts',(-8.85451888491926,69.8440560404978,-2.4989892745491));
#5545=CARTESIAN_POINT('Ctrl Pts',(-10.4961482342697,69.2785277287344,-2.4989892745491));
#5546=CARTESIAN_POINT('Ctrl Pts',(-11.6383179057954,68.0037192114969,-2.4989892745491));
#5547=CARTESIAN_POINT('Ctrl Pts',(-11.9434857906166,67.0337908317922,-2.4989892745491));
#5548=CARTESIAN_POINT('Ctrl Pts',(-12.0463019767985,66.683233880628,-2.4989892745491));
#5549=CARTESIAN_POINT('Ctrl Pts',(-6.46099892782814,69.601221047319,-2.5));
#5550=CARTESIAN_POINT('Ctrl Pts',(-6.79923083613414,69.7325215828426,-2.5));
#5551=CARTESIAN_POINT('Ctrl Pts',(-7.47143946332823,69.9705237405037,-2.5));
#5552=CARTESIAN_POINT('Ctrl Pts',(-8.89151887965328,70.0682800053965,-2.49999999999999));
#5553=CARTESIAN_POINT('Ctrl Pts',(-10.6204982498389,69.4744666466063,-2.49999999999999));
#5554=CARTESIAN_POINT('Ctrl Pts',(-11.8363393947441,68.1185542947587,-2.49999999999999));
#5555=CARTESIAN_POINT('Ctrl Pts',(-12.1569747681301,67.0946740964541,-2.5));
#5556=CARTESIAN_POINT('Ctrl Pts',(-12.2593232780185,66.7457117111038,-2.5));
#5557=CARTESIAN_POINT('Ctrl Pts',(-6.42039544173037,69.7058161621215,-2.49999999999999));
#5558=CARTESIAN_POINT('Ctrl Pts',(-6.75862735003638,69.8371166976451,-2.49999999999999));
#5559=CARTESIAN_POINT('Ctrl Pts',(-7.44717982781408,70.0818443190188,-2.49999999999999));
#5560=CARTESIAN_POINT('Ctrl Pts',(-8.91018927562827,70.1815742703299,-2.49999999999999));
#5561=CARTESIAN_POINT('Ctrl Pts',(-10.6833282415724,69.5734519801014,-2.49999999999999));
#5562=CARTESIAN_POINT('Ctrl Pts',(-11.9363909598012,68.176582219991,-2.49999999999999));
#5563=CARTESIAN_POINT('Ctrl Pts',(-12.264875350246,67.1254466318616,-2.49999999999999));
#5564=CARTESIAN_POINT('Ctrl Pts',(-12.366987815047,66.7772890540934,-2.49999999999999));
#5565=CARTESIAN_POINT('Ctrl Pts',(-10.9276189808894,66.3551310750666,-1.));
#5566=CARTESIAN_POINT('Ctrl Pts',(-10.8223483986204,66.7140564129719,-1.));
#5567=CARTESIAN_POINT('Ctrl Pts',(-10.598563450874,67.4007193543757,-1.));
#5568=CARTESIAN_POINT('Ctrl Pts',(-9.84321486402116,68.2497773080176,-1.));
#5569=CARTESIAN_POINT('Ctrl Pts',(-8.66036119452324,68.6667014041022,-1.));
#5570=CARTESIAN_POINT('Ctrl Pts',(-7.77157667943368,68.593438930985,-1.));
#5571=CARTESIAN_POINT('Ctrl Pts',(-7.30145597365106,68.4387830159423,-1.));
#5572=CARTESIAN_POINT('Ctrl Pts',(-6.96322406534505,68.3074824804186,-1.));
#5573=CARTESIAN_POINT('Ctrl Pts',(-6.42039544173037,69.7058161621215,-2.49999999999999));
#5574=CARTESIAN_POINT('Ctrl Pts',(-6.75862735003638,69.8371166976451,-2.49999999999999));
#5575=CARTESIAN_POINT('Ctrl Pts',(-7.41838069465569,70.0716084349244,-2.49999999999999));
#5576=CARTESIAN_POINT('Ctrl Pts',(-8.11756841679684,70.1271971385181,-2.49999999999999));
#5577=CARTESIAN_POINT('Ctrl Pts',(-8.44980300742796,70.112766780112,-2.49999999999999));
#5578=CARTESIAN_POINT('Origin',(-9.5415858802664,61.2631042081095,-2.5));
#5579=CARTESIAN_POINT('',(-5.91223358904967,79.6278077425453,-2.5));
#5580=CARTESIAN_POINT('Origin',(-2.41223358904967,79.6278077425453,-2.5));
#5581=CARTESIAN_POINT('Ctrl Pts',(-6.96322406534505,68.3074824804186,1.66533453693773E-15));
#5582=CARTESIAN_POINT('Ctrl Pts',(-6.96322406534505,68.3074824804186,-0.333333333333332));
#5583=CARTESIAN_POINT('Ctrl Pts',(-6.96322406534505,68.3074824804186,-0.666666666666666));
#5584=CARTESIAN_POINT('Ctrl Pts',(-6.96322406534505,68.3074824804186,-1.));
#5585=CARTESIAN_POINT('Ctrl Pts',(-7.18373372890507,68.3930836203542,1.66533453693773E-15));
#5586=CARTESIAN_POINT('Ctrl Pts',(-7.18373372890507,68.3930836203542,-0.333333333333332));
#5587=CARTESIAN_POINT('Ctrl Pts',(-7.18373372890507,68.3930836203542,-0.666666666666666));
#5588=CARTESIAN_POINT('Ctrl Pts',(-7.18373372890507,68.3930836203542,-1.));
#5589=CARTESIAN_POINT('Ctrl Pts',(-7.61951235747458,68.5594200140083,1.66533453693773E-15));
#5590=CARTESIAN_POINT('Ctrl Pts',(-7.61951235747458,68.5594200140083,-0.333333333333332));
#5591=CARTESIAN_POINT('Ctrl Pts',(-7.61951235747458,68.5594200140083,-0.666666666666666));
#5592=CARTESIAN_POINT('Ctrl Pts',(-7.61951235747458,68.5594200140083,-1.));
#5593=CARTESIAN_POINT('Ctrl Pts',(-8.32808707172737,68.6546503389454,1.66533453693773E-15));
#5594=CARTESIAN_POINT('Ctrl Pts',(-8.32808707172737,68.6546503389454,-0.333333333333333));
#5595=CARTESIAN_POINT('Ctrl Pts',(-8.32808707172737,68.6546503389454,-0.666666666666665));
#5596=CARTESIAN_POINT('Ctrl Pts',(-8.32808707172737,68.6546503389454,-1.));
#5597=CARTESIAN_POINT('Ctrl Pts',(-9.08258841840157,68.5233396679683,1.66533453693773E-15));
#5598=CARTESIAN_POINT('Ctrl Pts',(-9.08258841840157,68.5233396679683,-0.333333333333332));
#5599=CARTESIAN_POINT('Ctrl Pts',(-9.08258841840157,68.5233396679683,-0.666666666666666));
#5600=CARTESIAN_POINT('Ctrl Pts',(-9.08258841840157,68.5233396679683,-1.));
#5601=CARTESIAN_POINT('Ctrl Pts',(-10.0648334707641,68.0464779263395,1.66533453693773E-15));
#5602=CARTESIAN_POINT('Ctrl Pts',(-10.0648334707641,68.0464779263395,-0.333333333333332));
#5603=CARTESIAN_POINT('Ctrl Pts',(-10.0648334707641,68.0464779263395,-0.666666666666665));
#5604=CARTESIAN_POINT('Ctrl Pts',(-10.0648334707641,68.0464779263395,-1.));
#5605=CARTESIAN_POINT('Ctrl Pts',(-10.5623469259863,67.4016143440682,1.66533453693773E-15));
#5606=CARTESIAN_POINT('Ctrl Pts',(-10.5623469259863,67.4016143440682,-0.333333333333332));
#5607=CARTESIAN_POINT('Ctrl Pts',(-10.5623469259863,67.4016143440682,-0.666666666666666));
#5608=CARTESIAN_POINT('Ctrl Pts',(-10.5623469259863,67.4016143440682,-1.));
#5609=CARTESIAN_POINT('Ctrl Pts',(-10.8096879367212,66.7504227056312,1.66533453693773E-15));
#5610=CARTESIAN_POINT('Ctrl Pts',(-10.8096879367212,66.7504227056312,-0.333333333333332));
#5611=CARTESIAN_POINT('Ctrl Pts',(-10.8096879367212,66.7504227056312,-0.666666666666666));
#5612=CARTESIAN_POINT('Ctrl Pts',(-10.8096879367212,66.7504227056312,-1.));
#5613=CARTESIAN_POINT('Ctrl Pts',(-10.8776899572545,66.5253665890458,1.66533453693773E-15));
#5614=CARTESIAN_POINT('Ctrl Pts',(-10.8776899572545,66.5253665890458,-0.333333333333332));
#5615=CARTESIAN_POINT('Ctrl Pts',(-10.8776899572545,66.5253665890458,-0.666666666666667));
#5616=CARTESIAN_POINT('Ctrl Pts',(-10.8776899572545,66.5253665890458,-1.));
#5617=CARTESIAN_POINT('Ctrl Pts',(-10.9276189808894,66.3551310750666,1.66533453693773E-15));
#5618=CARTESIAN_POINT('Ctrl Pts',(-10.9276189808894,66.3551310750666,-0.333333333333332));
#5619=CARTESIAN_POINT('Ctrl Pts',(-10.9276189808894,66.3551310750666,-0.666666666666666));
#5620=CARTESIAN_POINT('Ctrl Pts',(-10.9276189808894,66.3551310750666,-1.));
#5621=CARTESIAN_POINT('',(-6.96322406534505,68.3074824804186,-2.5));
#5622=CARTESIAN_POINT('Origin',(-10.1088017419195,69.5285855854863,0.));
#5623=CARTESIAN_POINT('',(-6.69156844608047,68.2020266454973,-2.5));
#5624=CARTESIAN_POINT('Ctrl Pts',(-5.08285018091827,64.0861395891577,2.22044604925031E-15));
#5625=CARTESIAN_POINT('Ctrl Pts',(-5.08285018091827,64.0861395891577,-0.333333333333332));
#5626=CARTESIAN_POINT('Ctrl Pts',(-5.08285018091827,64.0861395891577,-0.666666666666667));
#5627=CARTESIAN_POINT('Ctrl Pts',(-5.08285018091827,64.0861395891577,-1.));
#5628=CARTESIAN_POINT('Ctrl Pts',(-4.97883188048005,64.2985866615009,2.22044604925031E-15));
#5629=CARTESIAN_POINT('Ctrl Pts',(-4.97883188048005,64.2985866615009,-0.333333333333333));
#5630=CARTESIAN_POINT('Ctrl Pts',(-4.97883188048005,64.2985866615009,-0.666666666666666));
#5631=CARTESIAN_POINT('Ctrl Pts',(-4.97883188048005,64.2985866615009,-1.));
#5632=CARTESIAN_POINT('Ctrl Pts',(-4.77324601276358,64.7171427376681,2.22044604925031E-15));
#5633=CARTESIAN_POINT('Ctrl Pts',(-4.77324601276358,64.7171427376681,-0.333333333333332));
#5634=CARTESIAN_POINT('Ctrl Pts',(-4.77324601276358,64.7171427376681,-0.666666666666667));
#5635=CARTESIAN_POINT('Ctrl Pts',(-4.77324601276358,64.7171427376681,-1.));
#5636=CARTESIAN_POINT('Ctrl Pts',(-4.61419942694699,65.410774625364,2.22044604925031E-15));
#5637=CARTESIAN_POINT('Ctrl Pts',(-4.61419942694699,65.410774625364,-0.333333333333333));
#5638=CARTESIAN_POINT('Ctrl Pts',(-4.61419942694699,65.410774625364,-0.666666666666665));
#5639=CARTESIAN_POINT('Ctrl Pts',(-4.61419942694699,65.410774625364,-1.));
#5640=CARTESIAN_POINT('Ctrl Pts',(-4.6812372622489,66.1700683223411,2.22044604925031E-15));
#5641=CARTESIAN_POINT('Ctrl Pts',(-4.6812372622489,66.1700683223411,-0.333333333333332));
#5642=CARTESIAN_POINT('Ctrl Pts',(-4.6812372622489,66.1700683223411,-0.666666666666667));
#5643=CARTESIAN_POINT('Ctrl Pts',(-4.6812372622489,66.1700683223411,-1.));
#5644=CARTESIAN_POINT('Ctrl Pts',(-5.07916823502284,67.1864724877328,2.22044604925031E-15));
#5645=CARTESIAN_POINT('Ctrl Pts',(-5.07916823502284,67.1864724877328,-0.333333333333333));
#5646=CARTESIAN_POINT('Ctrl Pts',(-5.07916823502284,67.1864724877328,-0.666666666666665));
#5647=CARTESIAN_POINT('Ctrl Pts',(-5.07916823502284,67.1864724877328,-1.));
#5648=CARTESIAN_POINT('Ctrl Pts',(-5.68146309421538,67.742978848503,2.22044604925031E-15));
#5649=CARTESIAN_POINT('Ctrl Pts',(-5.68146309421538,67.742978848503,-0.333333333333331));
#5650=CARTESIAN_POINT('Ctrl Pts',(-5.68146309421538,67.742978848503,-0.666666666666667));
#5651=CARTESIAN_POINT('Ctrl Pts',(-5.68146309421538,67.742978848503,-1.));
#5652=CARTESIAN_POINT('Ctrl Pts',(-6.30804732787629,68.049918806925,2.22044604925031E-15));
#5653=CARTESIAN_POINT('Ctrl Pts',(-6.30804732787629,68.049918806925,-0.333333333333332));
#5654=CARTESIAN_POINT('Ctrl Pts',(-6.30804732787629,68.049918806925,-0.666666666666665));
#5655=CARTESIAN_POINT('Ctrl Pts',(-6.30804732787629,68.049918806925,-1.));
#5656=CARTESIAN_POINT('Ctrl Pts',(-6.52618398381615,68.1378249308473,2.22044604925031E-15));
#5657=CARTESIAN_POINT('Ctrl Pts',(-6.52618398381615,68.1378249308473,-0.333333333333332));
#5658=CARTESIAN_POINT('Ctrl Pts',(-6.52618398381615,68.1378249308473,-0.666666666666667));
#5659=CARTESIAN_POINT('Ctrl Pts',(-6.52618398381615,68.1378249308473,-1.));
#5660=CARTESIAN_POINT('Ctrl Pts',(-6.69156844608046,68.2020266454973,2.22044604925031E-15));
#5661=CARTESIAN_POINT('Ctrl Pts',(-6.69156844608046,68.2020266454973,-0.333333333333332));
#5662=CARTESIAN_POINT('Ctrl Pts',(-6.69156844608046,68.2020266454973,-0.666666666666667));
#5663=CARTESIAN_POINT('Ctrl Pts',(-6.69156844608046,68.2020266454973,-1.));
#5664=CARTESIAN_POINT('Ctrl Pts',(-12.1199476951877,54.2187259358002,1.66533453693774E-15));
#5665=CARTESIAN_POINT('Ctrl Pts',(-12.1199476951877,54.2187259358002,-0.333333333333332));
#5666=CARTESIAN_POINT('Ctrl Pts',(-12.1199476951877,54.2187259358002,-0.666666666666666));
#5667=CARTESIAN_POINT('Ctrl Pts',(-12.1199476951877,54.2187259358002,-1.));
#5668=CARTESIAN_POINT('Ctrl Pts',(-11.8994380316277,54.1331247958647,1.66533453693774E-15));
#5669=CARTESIAN_POINT('Ctrl Pts',(-11.8994380316277,54.1331247958647,-0.333333333333332));
#5670=CARTESIAN_POINT('Ctrl Pts',(-11.8994380316277,54.1331247958647,-0.666666666666666));
#5671=CARTESIAN_POINT('Ctrl Pts',(-11.8994380316277,54.1331247958647,-1.));
#5672=CARTESIAN_POINT('Ctrl Pts',(-11.4636456640704,53.966786811792,1.66533453693774E-15));
#5673=CARTESIAN_POINT('Ctrl Pts',(-11.4636456640704,53.966786811792,-0.333333333333332));
#5674=CARTESIAN_POINT('Ctrl Pts',(-11.4636456640704,53.966786811792,-0.666666666666667));
#5675=CARTESIAN_POINT('Ctrl Pts',(-11.4636456640704,53.966786811792,-1.));
#5676=CARTESIAN_POINT('Ctrl Pts',(-10.7550440911608,53.8715611954763,1.66533453693774E-15));
#5677=CARTESIAN_POINT('Ctrl Pts',(-10.7550440911608,53.8715611954763,-0.333333333333333));
#5678=CARTESIAN_POINT('Ctrl Pts',(-10.7550440911608,53.8715611954763,-0.666666666666666));
#5679=CARTESIAN_POINT('Ctrl Pts',(-10.7550440911608,53.8715611954763,-1.));
#5680=CARTESIAN_POINT('Ctrl Pts',(-10.0005207944993,54.0028732819855,1.66533453693774E-15));
#5681=CARTESIAN_POINT('Ctrl Pts',(-10.0005207944993,54.0028732819855,-0.333333333333332));
#5682=CARTESIAN_POINT('Ctrl Pts',(-10.0005207944993,54.0028732819855,-0.666666666666666));
#5683=CARTESIAN_POINT('Ctrl Pts',(-10.0005207944993,54.0028732819855,-1.));
#5684=CARTESIAN_POINT('Ctrl Pts',(-9.01826454068015,54.4797373954715,1.66533453693773E-15));
#5685=CARTESIAN_POINT('Ctrl Pts',(-9.01826454068015,54.4797373954715,-0.333333333333332));
#5686=CARTESIAN_POINT('Ctrl Pts',(-9.01826454068015,54.4797373954715,-0.666666666666666));
#5687=CARTESIAN_POINT('Ctrl Pts',(-9.01826454068015,54.4797373954715,-1.));
#5688=CARTESIAN_POINT('Ctrl Pts',(-8.52077440578869,55.1245991691955,1.66533453693774E-15));
#5689=CARTESIAN_POINT('Ctrl Pts',(-8.52077440578869,55.1245991691955,-0.333333333333332));
#5690=CARTESIAN_POINT('Ctrl Pts',(-8.52077440578869,55.1245991691955,-0.666666666666667));
#5691=CARTESIAN_POINT('Ctrl Pts',(-8.52077440578869,55.1245991691955,-1.));
#5692=CARTESIAN_POINT('Ctrl Pts',(-8.27345392465448,55.7757886827726,1.66533453693773E-15));
#5693=CARTESIAN_POINT('Ctrl Pts',(-8.27345392465448,55.7757886827726,-0.333333333333332));
#5694=CARTESIAN_POINT('Ctrl Pts',(-8.27345392465448,55.7757886827726,-0.666666666666666));
#5695=CARTESIAN_POINT('Ctrl Pts',(-8.27345392465448,55.7757886827726,-1.));
#5696=CARTESIAN_POINT('Ctrl Pts',(-8.2054818032783,56.000841827173,1.66533453693773E-15));
#5697=CARTESIAN_POINT('Ctrl Pts',(-8.2054818032783,56.000841827173,-0.333333333333332));
#5698=CARTESIAN_POINT('Ctrl Pts',(-8.2054818032783,56.000841827173,-0.666666666666667));
#5699=CARTESIAN_POINT('Ctrl Pts',(-8.2054818032783,56.000841827173,-1.));
#5700=CARTESIAN_POINT('Ctrl Pts',(-8.15555277964335,56.1710773411522,1.66533453693773E-15));
#5701=CARTESIAN_POINT('Ctrl Pts',(-8.15555277964335,56.1710773411522,-0.333333333333332));
#5702=CARTESIAN_POINT('Ctrl Pts',(-8.15555277964335,56.1710773411522,-0.666666666666666));
#5703=CARTESIAN_POINT('Ctrl Pts',(-8.15555277964335,56.1710773411522,-1.));
#5704=CARTESIAN_POINT('',(-12.1199476951877,54.2187259358002,-2.5));
#5705=CARTESIAN_POINT('Origin',(-8.9743700186133,52.9976228307326,0.));
#5706=CARTESIAN_POINT('',(-12.3916033144523,54.3241817707215,-2.5));
#5707=CARTESIAN_POINT('Ctrl Pts',(-14.0003215796145,58.4400688270611,2.22044604925031E-15));
#5708=CARTESIAN_POINT('Ctrl Pts',(-14.0003215796145,58.4400688270611,-0.333333333333332));
#5709=CARTESIAN_POINT('Ctrl Pts',(-14.0003215796145,58.4400688270611,-0.666666666666667));
#5710=CARTESIAN_POINT('Ctrl Pts',(-14.0003215796145,58.4400688270611,-1.));
#5711=CARTESIAN_POINT('Ctrl Pts',(-14.1043398800528,58.2276217547179,2.22044604925031E-15));
#5712=CARTESIAN_POINT('Ctrl Pts',(-14.1043398800528,58.2276217547179,-0.333333333333333));
#5713=CARTESIAN_POINT('Ctrl Pts',(-14.1043398800528,58.2276217547179,-0.666666666666666));
#5714=CARTESIAN_POINT('Ctrl Pts',(-14.1043398800528,58.2276217547179,-1.));
#5715=CARTESIAN_POINT('Ctrl Pts',(-14.3099262158523,57.8090626670208,2.22044604925031E-15));
#5716=CARTESIAN_POINT('Ctrl Pts',(-14.3099262158523,57.8090626670208,-0.333333333333332));
#5717=CARTESIAN_POINT('Ctrl Pts',(-14.3099262158523,57.8090626670208,-0.666666666666667));
#5718=CARTESIAN_POINT('Ctrl Pts',(-14.3099262158523,57.8090626670208,-1.));
#5719=CARTESIAN_POINT('Ctrl Pts',(-14.4689718283915,57.1154257155229,2.22044604925031E-15));
#5720=CARTESIAN_POINT('Ctrl Pts',(-14.4689718283915,57.1154257155229,-0.333333333333333));
#5721=CARTESIAN_POINT('Ctrl Pts',(-14.4689718283915,57.1154257155229,-0.666666666666666));
#5722=CARTESIAN_POINT('Ctrl Pts',(-14.4689718283915,57.1154257155229,-1.));
#5723=CARTESIAN_POINT('Ctrl Pts',(-14.4019337998366,56.3561293951718,2.22044604925031E-15));
#5724=CARTESIAN_POINT('Ctrl Pts',(-14.4019337998366,56.3561293951718,-0.333333333333332));
#5725=CARTESIAN_POINT('Ctrl Pts',(-14.4019337998366,56.3561293951718,-0.666666666666667));
#5726=CARTESIAN_POINT('Ctrl Pts',(-14.4019337998366,56.3561293951718,-1.));
#5727=CARTESIAN_POINT('Ctrl Pts',(-14.0040025094103,55.3397217827063,2.22044604925031E-15));
#5728=CARTESIAN_POINT('Ctrl Pts',(-14.0040025094103,55.3397217827063,-0.333333333333333));
#5729=CARTESIAN_POINT('Ctrl Pts',(-14.0040025094103,55.3397217827063,-0.666666666666665));
#5730=CARTESIAN_POINT('Ctrl Pts',(-14.0040025094103,55.3397217827063,-1.));
#5731=CARTESIAN_POINT('Ctrl Pts',(-13.4017079952456,54.7832199371622,2.22044604925031E-15));
#5732=CARTESIAN_POINT('Ctrl Pts',(-13.4017079952456,54.7832199371622,-0.333333333333331));
#5733=CARTESIAN_POINT('Ctrl Pts',(-13.4017079952456,54.7832199371622,-0.666666666666667));
#5734=CARTESIAN_POINT('Ctrl Pts',(-13.4017079952456,54.7832199371622,-1.));
#5735=CARTESIAN_POINT('Ctrl Pts',(-12.7751240309065,54.4762838442756,2.22044604925031E-15));
#5736=CARTESIAN_POINT('Ctrl Pts',(-12.7751240309065,54.4762838442756,-0.333333333333332));
#5737=CARTESIAN_POINT('Ctrl Pts',(-12.7751240309065,54.4762838442756,-0.666666666666666));
#5738=CARTESIAN_POINT('Ctrl Pts',(-12.7751240309065,54.4762838442756,-1.));
#5739=CARTESIAN_POINT('Ctrl Pts',(-12.5569877767167,54.3883834853715,2.22044604925031E-15));
#5740=CARTESIAN_POINT('Ctrl Pts',(-12.5569877767167,54.3883834853715,-0.333333333333332));
#5741=CARTESIAN_POINT('Ctrl Pts',(-12.5569877767167,54.3883834853715,-0.666666666666667));
#5742=CARTESIAN_POINT('Ctrl Pts',(-12.5569877767167,54.3883834853715,-1.));
#5743=CARTESIAN_POINT('Ctrl Pts',(-12.3916033144523,54.3241817707215,2.22044604925031E-15));
#5744=CARTESIAN_POINT('Ctrl Pts',(-12.3916033144523,54.3241817707215,-0.333333333333332));
#5745=CARTESIAN_POINT('Ctrl Pts',(-12.3916033144523,54.3241817707215,-0.666666666666667));
#5746=CARTESIAN_POINT('Ctrl Pts',(-12.3916033144523,54.3241817707215,-1.));
#5747=CARTESIAN_POINT('Origin',(-2.41223358904967,79.6278077425453,-2.5));
#5748=CARTESIAN_POINT('Origin',(-16.6709381714831,42.8984006736736,-2.5));
#5749=UNCERTAINTY_MEASURE_WITH_UNIT(LENGTH_MEASURE(0.01),#5755,
'DISTANCE_ACCURACY_VALUE',
'Maximum model space distance between geometric entities at asserted c
onnectivities');
#5750=UNCERTAINTY_MEASURE_WITH_UNIT(LENGTH_MEASURE(0.01),#5755,
'DISTANCE_ACCURACY_VALUE',
'Maximum model space distance between geometric entities at asserted c
onnectivities');
#5751=(
GEOMETRIC_REPRESENTATION_CONTEXT(3)
GLOBAL_UNCERTAINTY_ASSIGNED_CONTEXT((#5749))
GLOBAL_UNIT_ASSIGNED_CONTEXT((#5755,#5754,#5753))
REPRESENTATION_CONTEXT('','3D')
);
#5752=(
GEOMETRIC_REPRESENTATION_CONTEXT(3)
GLOBAL_UNCERTAINTY_ASSIGNED_CONTEXT((#5750))
GLOBAL_UNIT_ASSIGNED_CONTEXT((#5755,#5754,#5753))
REPRESENTATION_CONTEXT('','3D')
);
#5753=(
NAMED_UNIT(*)
SI_UNIT($,.STERADIAN.)
SOLID_ANGLE_UNIT()
);
#5754=(
NAMED_UNIT(*)
PLANE_ANGLE_UNIT()
SI_UNIT($,.RADIAN.)
);
#5755=(
LENGTH_UNIT()
NAMED_UNIT(*)
SI_UNIT(.MILLI.,.METRE.)
);
#5756=SHAPE_DEFINITION_REPRESENTATION(#5757,#5758);
#5757=PRODUCT_DEFINITION_SHAPE('',$,#5760);
#5758=SHAPE_REPRESENTATION('',(#1016),#5751);
#5759=PRODUCT_DEFINITION_CONTEXT('part definition',#5764,'design');
#5760=PRODUCT_DEFINITION('tibia','tibia',#5761,#5759);
#5761=PRODUCT_DEFINITION_FORMATION('',$,#5766);
#5762=PRODUCT_RELATED_PRODUCT_CATEGORY('tibia','tibia',(#5766));
#5763=APPLICATION_PROTOCOL_DEFINITION('international standard',
'automotive_design',2009,#5764);
#5764=APPLICATION_CONTEXT(
'Core Data for Automotive Mechanical Design Process');
#5765=PRODUCT_CONTEXT('part definition',#5764,'mechanical');
#5766=PRODUCT('tibia','tibia',$,(#5765));
#5767=PRESENTATION_STYLE_ASSIGNMENT((#5768));
#5768=SURFACE_STYLE_USAGE(.BOTH.,#5769);
#5769=SURFACE_SIDE_STYLE('',(#5770));
#5770=SURFACE_STYLE_FILL_AREA(#5771);
#5771=FILL_AREA_STYLE('Steel - Satin',(#5772));
#5772=FILL_AREA_STYLE_COLOUR('Steel - Satin',#5773);
#5773=COLOUR_RGB('Steel - Satin',0.627450980392157,0.627450980392157,0.627450980392157);
ENDSEC;
END-ISO-10303-21;
